RequestID,ArrivalTime,CompletionTime,InputTokens,OutputTokens,Latency,TTFT,TPOT,Success
0,1761011092.477244,1761011102.687428,374,44,20.418929,3.211638,0.40017,True
1,1761011109.720486,1761011130.241393,396,109,41.030324,0.564875,0.37468,True
2,1761011110.629577,1761011120.983415,879,55,20.692032,1.273217,0.359608,True
3,1761011111.30527,1761011114.583349,91,16,6.554555,0.893347,0.377414,True
4,1761011116.033031,1761011119.090836,91,16,6.108026,1.225279,0.325516,True
5,1761011117.708623,1761011133.450911,381,84,31.476836,0.673501,0.371125,True
6,1761011123.444062,1761011149.617959,1313,142,52.332277,2.219463,0.35541,True
7,1761011125.467966,1761011141.920483,388,84,32.903774,0.600452,0.389197,True
8,1761011125.810581,1761011129.369965,242,14,7.109138,0.686339,0.494061,True
9,1761011126.321941,1761011151.887832,209,152,51.126225,0.51158,0.335196,True
10,1761011127.26325,1761011150.20992,394,124,45.883805,0.609742,0.368082,True
11,1761011130.171672,1761011141.153497,394,59,21.942138,0.605167,0.367879,True
12,1761011130.792326,1761011159.10271,1315,174,56.613295,2.26585,0.314147,True
13,1761011134.646501,1761011150.058749,389,90,30.814978,0.764874,0.337642,True
14,1761011137.093451,1761011156.501794,415,106,38.801157,0.662894,0.363222,True
15,1761011138.18717,1761011140.831722,120,12,5.287807,0.318977,0.451712,True
16,1761011139.808282,1761011153.306401,369,74,26.980801,0.693027,0.360106,True
17,1761011144.00865,1761011167.692552,206,162,47.356464,0.522861,0.290892,True
18,1761011144.56223,1761011165.196584,1353,142,41.255336,2.526782,0.274671,True
19,1761011144.661932,1761011166.756341,197,152,44.187716,2.859009,0.2737,True
20,1761011148.700568,1761011174.857644,181,154,52.296618,0.47185,0.338724,True
21,1761011148.854686,1761011158.299649,388,54,18.888699,0.795139,0.341388,True
22,1761011163.633926,1761011191.162203,203,147,55.051149,0.501491,0.373628,True
23,1761011165.104166,1761011189.032722,126,194,47.835639,0.372837,0.245921,True
24,1761011166.318266,1761011182.276748,389,87,31.89579,0.624046,0.363625,True
25,1761011172.117698,1761011174.209011,91,16,4.16502,0.269773,0.259683,True
26,1761011174.37763,1761011200.836391,181,123,52.899964,0.440301,0.429997,True
27,1761011175.095599,1761011225.241952,191,217,100.277253,0.42094,0.462298,True
28,1761011176.229908,1761011217.077087,27,183,81.686785,0.28084,0.447285,True
29,1761011177.942936,1761011230.269764,203,217,104.63605,0.699333,0.481189,True
30,1761011177.962344,1761011194.498732,398,81,33.051275,0.611378,0.405499,True
31,1761011183.313451,1761011207.422879,126,172,48.197303,0.478597,0.279057,True
32,1761011184.441852,1761011227.906512,209,181,86.917892,0.400754,0.480651,True
33,1761011185.947829,1761011230.703973,209,181,89.4966,0.406234,0.494946,True
34,1761011189.047357,1761011233.641369,28,175,89.174843,0.259589,0.511007,True
35,1761011191.535577,1761011213.429897,437,88,43.768326,0.804009,0.493843,True
36,1761011192.041946,1761011208.34774,181,104,32.598163,0.509964,0.311536,True
37,1761011192.787611,1761011213.230284,203,138,40.871747,0.432575,0.295176,True
38,1761011193.355884,1761011219.392633,200,177,52.064086,0.442996,0.293302,True
39,1761011193.760724,1761011198.084488,91,16,8.646287,0.320407,0.555059,True
40,1761011196.131161,1761011350.433882,1087,401,308.587473,1.417582,0.767925,True
41,1761011197.480432,1761011207.025061,382,64,19.081732,0.768783,0.290682,True
42,1761011198.090837,1761011224.019346,412,102,51.83538,0.762705,0.50567,True
43,1761011198.307753,1761011255.422879,194,217,114.229024,0.716052,0.525523,True
44,1761011201.78283,1761011237.901662,203,217,72.216248,0.422942,0.332376,True
45,1761011202.672159,1761011260.187514,200,217,115.009353,0.462515,0.530309,True
46,1761011204.823488,1761011252.758786,64,174,95.850981,0.386331,0.551819,True
47,1761011205.876157,1761011239.966563,458,123,68.176823,0.808785,0.552197,True
48,1761011206.776903,1761011248.225688,1352,158,82.876167,1.848122,0.516102,True
49,1761011206.893147,1761011371.61854,874,404,329.433316,1.947157,0.812621,True
50,1761011207.520151,1761011216.646918,378,58,18.234324,0.783046,0.306163,True
51,1761011209.823518,1761011212.128729,91,16,4.594919,0.286021,0.28726,True
52,1761011213.188549,1761011231.158155,389,89,35.925978,0.82043,0.398927,True
53,1761011217.538949,1761011257.688728,212,183,80.287985,0.443864,0.438704,True
54,1761011218.944756,1761011390.897196,1085,394,343.89296,1.559982,0.871076,True
55,1761011219.502945,1761011256.93567,407,131,74.843968,1.683908,0.56277,True
56,1761011220.131124,1761011236.610011,396,82,32.956419,0.755844,0.397538,True
57,1761011222.016153,1761011577.075322,1029,399,710.112265,1.30715,1.780917,True
58,1761011225.405979,1761011345.509431,962,399,240.201248,1.630785,0.599423,True
59,1761011226.117861,1761011279.558384,203,217,106.879832,2.62604,0.482656,True
60,1761011226.426586,1761011245.924177,898,94,38.991706,2.218151,0.395415,True
61,1761011226.569214,1761011331.2776,181,253,209.409138,0.414338,0.829344,True
62,1761011227.045306,1761011233.484094,320,18,12.862644,0.554796,0.723991,True
63,1761011227.457454,1761011347.91072,1119,414,240.892998,3.244174,0.575421,True
64,1761011227.761982,1761011261.716891,124,157,67.888281,1.342387,0.426576,True
65,1761011228.193557,1761011310.993699,1313,179,165.598908,1.73451,0.920587,True
66,1761011231.448334,1761011584.782413,1096,383,706.652858,1.375335,1.846276,True
67,1761011233.638439,1761011260.386096,400,102,53.483838,0.780099,0.521819,True
68,1761011237.017257,1761011623.670853,1057,424,773.305483,1.495779,1.824609,True
69,1761011238.543705,1761011313.910098,203,162,150.715506,0.402483,0.933621,True
70,1761011239.92154,1761011303.604411,1314,216,127.364505,2.224807,0.582045,True
71,1761011240.961659,1761011272.500896,2,93,63.06084,0.377296,0.681343,True
72,1761011242.366638,1761011628.668504,1065,409,772.590095,1.387645,1.890202,True
73,1761011245.082525,1761011261.230232,372,60,32.287765,0.699924,0.535387,True
74,1761011246.658963,1761011370.521377,1104,394,247.702719,1.96843,0.625278,True
75,1761011247.716236,1761011374.029616,1075,415,252.621265,2.864687,0.603277,True
76,1761011249.345165,1761011621.547753,1225,372,744.393092,1.62987,2.002057,True
77,1761011249.75848,1761011378.822897,1118,426,258.106897,2.773548,0.600784,True
78,1761011251.013711,1761011311.445756,380,102,120.848582,0.672669,1.189861,True
79,1761011251.043385,1761011628.257799,1133,385,754.41028,1.639459,1.960341,True
80,1761011252.630176,1761011331.690229,42,167,158.106394,0.322711,0.950504,True
81,1761011254.3787,1761011370.521199,1140,377,232.266959,1.977232,0.612473,True
82,1761011256.965534,1761011366.416609,126,203,218.89637,0.374469,1.081792,True
83,1761011257.892306,1761011313.636009,431,84,111.467869,0.78275,1.333556,True
84,1761011261.798372,1761011583.442868,1115,421,643.266024,1.9247,1.527003,True
85,1761011262.581049,1761011320.864434,206,179,116.548879,1.545892,0.646084,True
86,1761011262.585284,1761011284.464543,400,91,43.727753,3.387033,0.44823,True
87,1761011262.643196,1761011667.127143,1123,396,808.946406,2.564399,2.041473,True
88,1761011262.71816,1761011655.733595,862,379,786.015318,2.492386,2.072812,True
89,1761011263.203381,1761011695.596884,859,422,864.78448,3.163804,2.046605,True
90,1761011263.226976,1761011679.198084,890,402,831.926211,3.785625,2.065188,True
91,1761011263.324064,1761011581.68601,1192,419,636.718086,2.42496,1.517448,True
92,1761011263.696685,1761011674.355233,899,403,821.306619,3.003395,2.03558,True
93,1761011264.461066,1761011384.897945,163,224,240.868081,2.598857,1.068472,True
94,1761011265.236192,1761011377.109919,181,212,223.731472,1.859893,1.051524,True
95,1761011266.81892,1761011322.148653,416,88,110.638616,1.969564,1.24907,True
96,1761011266.902494,1761011691.982429,1163,426,850.158094,1.566291,1.996687,True
97,1761011267.627044,1761011281.611413,243,14,27.948096,3.188102,1.904615,True
98,1761011268.036286,1761011706.117599,1041,428,876.155174,2.125499,2.046908,True
99,1761011268.154835,1761011316.534006,1350,146,96.740283,2.433929,0.650389,True
100,1761011268.62575,1761011665.704938,1104,396,794.136388,3.312851,2.002085,True
101,1761011268.707526,1761011704.321184,1127,426,871.224876,2.071944,2.045066,True
102,1761011271.774739,1761011595.662996,1114,414,647.762733,1.934007,1.56375,True
103,1761011272.501169,1761011678.926024,1083,396,812.826908,2.137965,2.052377,True
104,1761011272.564183,1761011367.192566,1313,173,189.235602,1.759671,1.089976,True
105,1761011272.882101,1761011674.355226,888,395,802.924323,4.104176,2.027462,True
106,1761011272.943552,1761011315.965385,13,130,86.042428,1.049494,0.65886,True
107,1761011273.162139,1761011326.407597,874,89,106.479469,2.618595,1.180237,True
108,1761011273.451176,1761011673.279018,1065,395,799.654608,2.825362,2.022409,True
109,1761011274.47493,1761011708.959874,1157,426,868.967959,2.25938,2.039314,True
110,1761011274.583612,1761011583.233161,1077,390,617.286222,1.620153,1.582689,True
111,1761011277.224679,1761011691.591251,1149,411,828.727352,1.437463,2.01778,True
112,1761011277.382379,1761011678.453062,996,389,802.136077,2.405221,2.061162,True
113,1761011278.088755,1761011674.286731,990,394,792.384321,2.392387,2.010158,True
114,1761011278.96927,1761011371.568289,197,183,185.190124,1.92519,1.00695,True
115,1761011281.301729,1761011358.177592,197,217,153.750226,0.489763,0.709539,True
116,1761011282.3021,1761011708.354371,1378,407,852.090733,1.873152,2.094132,True
117,1761011283.398633,1761011715.161034,1214,421,863.517061,3.324049,2.048079,True
118,1761011284.163834,1761011671.497782,1016,375,774.645645,1.309523,2.067744,True
119,1761011284.5945,1761011691.019763,1186,398,812.842877,4.446868,2.036262,True
120,1761011285.001441,1761011716.47975,1100,426,862.9548,2.796503,2.023902,True
121,1761011285.649378,1761011391.770615,218,217,212.240916,3.581789,0.966014,True
122,1761011287.300941,1761011645.532978,1232,419,716.449528,2.274946,1.708552,True
123,1761011288.445169,1761011710.998491,975,416,845.084488,2.066936,2.031368,True
124,1761011289.37086,1761011392.70534,209,217,206.651581,1.604152,0.949294,True
125,1761011290.707835,1761011331.816702,181,85,82.202242,0.473795,0.972958,True
126,1761011290.812316,1761011638.013087,1029,388,694.384778,2.3085,1.788311,True
127,1761011291.106154,1761011650.929308,888,418,719.641187,3.431749,1.717529,True
128,1761011291.360184,1761011680.852928,1113,375,778.970613,1.625736,2.078462,True
129,1761011291.433481,1761011746.536594,1035,520,910.193563,4.792364,1.744511,True
130,1761011291.433588,1761011716.079059,1009,425,849.256981,2.227612,1.997711,True
131,1761011291.792848,1761011743.737069,869,450,903.872056,3.056506,2.006271,True
132,1761011291.976025,1761011729.100721,1183,431,874.23255,3.486835,2.02499,True
133,1761011293.376298,1761011698.287333,972,395,809.80687,2.75023,2.048367,True
134,1761011294.406848,1761011642.262979,1097,396,695.706006,3.545357,1.752305,True
135,1761011294.988238,1761011379.023803,206,183,168.068695,2.118655,0.911813,True
136,1761011295.082377,1761011391.720205,181,208,193.257646,2.670413,0.920711,True
137,1761011295.093266,1761011387.125301,1316,200,184.046368,3.326078,0.908142,True
138,1761011295.429791,1761011751.214532,908,456,911.555116,1.626986,1.999842,True
139,1761011296.039158,1761011719.514022,1094,422,846.937459,1.674036,2.007752,True
140,1761011296.096467,1761011659.190786,996,422,726.165569,3.482727,1.716586,True
141,1761011296.444193,1761011331.505183,420,89,70.120592,2.121376,0.772718,True
142,1761011296.948009,1761011685.293119,1112,385,776.683565,2.761412,2.015422,True
143,1761011297.924062,1761011701.089291,1133,396,806.328807,2.206522,2.035753,True
144,1761011298.379274,1761011704.262504,890,403,811.758164,2.016702,2.014282,True
145,1761011298.948528,1761011315.907347,833,36,33.912197,2.568149,0.895544,True
146,1761011299.176301,1761011655.945237,1093,426,713.519774,2.421168,1.673173,True
147,1761011300.223902,1761011370.646941,206,211,140.832258,3.294251,0.654943,True
148,1761011300.943575,1761011688.523174,898,454,775.15666,2.483391,1.705681,True
149,1761011301.373132,1761011379.023494,1312,180,155.286531,3.15353,0.849905,True
150,1761011301.457657,1761011692.320333,1129,396,781.717418,1.510982,1.975206,True
151,1761011301.494126,1761011329.45557,375,67,55.905276,0.865157,0.833941,True
152,1761011303.996055,1761011663.644085,862,425,719.273536,1.564739,1.692709,True
153,1761011305.035972,1761011363.959535,167,179,117.83763,2.423396,0.648395,True
154,1761011305.151403,1761011653.320505,914,414,696.333968,2.264804,1.680555,True
155,1761011306.715697,1761011584.315948,209,217,555.191822,0.580322,2.567646,True
156,1761011307.288241,1761011851.356883,982,594,1088.130996,1.247332,1.832856,True
157,1761011308.433724,1761011362.855357,200,161,108.831335,0.487849,0.677147,True
158,1761011308.552862,1761011375.475494,1313,156,133.84141,1.723778,0.852372,True
159,1761011308.933057,1761011669.671459,999,416,721.472378,1.866178,1.733991,True
160,1761011312.795083,1761011663.514095,1084,397,701.427566,1.943247,1.766375,True
161,1761011312.903793,1761011348.578908,399,106,71.328949,2.520322,0.65532,True
162,1761011313.821417,1761011863.249377,1065,594,1098.841853,1.455321,1.850568,True
163,1761011318.814317,1761011729.100923,1036,446,820.567313,1.884372,1.839737,True
164,1761011320.325694,1761011749.99492,1243,398,859.336155,1.698426,2.160297,True
165,1761011321.333068,1761011679.197782,1128,384,715.720595,1.944451,1.863645,True
166,1761011321.582835,1761011671.364548,1000,375,699.541184,5.443961,1.855875,True
167,1761011322.121407,1761011350.192776,992,56,56.141335,1.342704,0.996339,True
168,1761011322.272608,1761011352.356944,920,87,60.159117,2.570424,0.669636,True
169,1761011322.433627,1761011679.060416,1040,388,713.236933,5.519121,1.828728,True
170,1761011322.478671,1761011356.947358,411,101,68.929992,4.555213,0.643748,True
171,1761011322.507303,1761011367.502201,900,91,89.977129,2.190728,0.975404,True
172,1761011322.773407,1761011714.561189,1018,425,783.56671,2.9535,1.841069,True
173,1761011325.526279,1761011372.115136,395,99,93.176418,0.756073,0.943065,True
174,1761011326.322224,1761011618.946772,209,217,585.226953,0.426227,2.707411,True
175,1761011332.436771,1761011392.385551,181,113,119.888359,0.584474,1.065213,True
176,1761011333.151521,1761011785.546072,1118,414,904.784639,1.522168,2.187076,True
177,1761011333.197495,1761011768.832166,972,392,871.251609,2.136142,2.222802,True
178,1761011334.167963,1761011367.090084,1847,53,65.838533,3.606857,1.196763,True
179,1761011335.055742,1761011383.459112,392,96,96.800927,2.778689,0.989708,True
180,1761011335.576625,1761011636.724485,197,217,602.293437,4.256168,2.768691,True
181,1761011335.789332,1761011784.747107,975,409,897.9071,4.429084,2.189897,True
182,1761011335.95306,1761011763.274214,1025,443,854.632086,1.957529,1.929128,True
183,1761011337.043603,1761011771.041659,1027,388,867.98581,2.031984,2.237607,True
184,1761011337.517319,1761011737.149587,1143,409,799.248661,2.466688,1.952897,True
185,1761011337.60597,1761011770.506006,1028,394,865.797529,2.183559,2.197491,True
186,1761011337.639522,1761011776.871524,874,402,878.445607,1.705374,2.186385,True
187,1761011339.521388,1761011806.805019,997,492,934.551391,2.1397,1.899005,True
188,1761011339.812105,1761011647.104334,72,245,614.582244,0.616988,2.516251,True
189,1761011339.814759,1761011774.832027,851,397,870.016683,1.528094,2.193153,True
190,1761011340.090336,1761011381.767127,408,91,83.337677,1.322824,0.911276,True
191,1761011340.177188,1761011863.187895,1113,531,1046.013543,2.137056,1.969578,True
192,1761011341.160924,1761011392.906405,1313,170,103.479316,3.604855,0.590973,True
193,1761011341.569105,1761011759.688696,1083,426,836.22607,2.083443,1.962689,True
194,1761011342.392222,1761011776.115687,1139,394,867.430635,1.544063,2.203274,True
195,1761011343.835098,1761011804.522964,978,437,921.362884,1.456786,2.109876,True
196,1761011344.635255,1761011381.083948,26,146,72.879469,0.399354,0.499863,True
197,1761011344.913962,1761011371.568466,386,61,53.292782,1.001872,0.871515,True
198,1761011346.854157,1761011789.387871,1074,411,885.04747,1.390398,2.155261,True
199,1761011348.844005,1761011583.442558,209,162,469.178651,0.478141,2.911183,True
200,1761011349.209606,1761011791.538693,1099,455,884.651659,2.131123,1.943878,True
201,1761011352.016086,1761011363.51949,120,12,23.004982,0.404084,2.054627,True
202,1761011352.106551,1761011594.789093,126,173,485.358327,0.46763,2.819132,True
203,1761011352.206732,1761011607.090886,416,140,509.751126,0.809608,3.66145,True
204,1761011352.423504,1761011373.479647,394,83,42.096681,1.008422,0.501076,True
205,1761011352.719455,1761011796.053892,1043,399,886.649722,2.015672,2.222699,True
206,1761011352.719599,1761011796.322741,1099,396,887.164961,1.647297,2.241817,True
207,1761011352.726769,1761011375.381776,857,91,45.262302,2.323785,0.477095,True
208,1761011353.85604,1761011624.719261,209,217,541.715801,1.768919,2.499754,True
209,1761011354.590056,1761011770.640347,1109,365,832.098299,1.551473,2.281722,True
210,1761011355.322853,1761011824.527149,993,441,938.400981,2.138535,2.127869,True
211,1761011355.608382,1761011812.521561,888,418,913.820582,2.142799,2.186278,True
212,1761011358.076959,1761011794.475958,1141,388,872.789129,1.469656,2.251472,True
213,1761011358.509213,1761011775.227715,1067,394,833.423452,1.948253,2.115713,True
214,1761011358.959743,1761011814.012134,1116,423,910.092224,2.932652,2.149667,True
215,1761011359.086726,1761011378.823208,416,79,39.471005,2.189704,0.477965,True
216,1761011359.236952,1761011871.106515,1126,520,1023.733788,1.782776,1.969077,True
217,1761011359.310469,1761011629.950446,203,179,541.27797,1.755532,3.031025,True
218,1761011361.447305,1761011610.684227,379,144,498.47187,1.240495,3.477142,True
219,1761011362.222513,1761011626.955092,56,164,529.451045,0.82501,3.243105,True
220,1761011364.184389,1761011795.506135,1232,410,862.62431,2.241206,2.103626,True
221,1761011364.194745,1761011627.780964,209,162,527.151023,0.484909,3.271218,True
222,1761011364.326869,1761011627.780629,206,162,526.901269,0.746219,3.268044,True
223,1761011367.191607,1761011796.248663,1083,378,858.095456,1.596146,2.271881,True
224,1761011368.53351,1761011644.586648,171,183,552.093416,0.66976,3.0298,True
225,1761011372.845922,1761011840.408376,982,429,935.112665,1.25476,2.181911,True
226,1761011374.294858,1761011577.406162,374,54,406.207622,0.82648,7.648701,True
227,1761011376.116857,1761011836.634797,1019,413,921.026831,1.870783,2.230961,True
228,1761011376.373564,1761011684.490407,126,205,616.217399,2.015954,3.010791,True
229,1761011378.675691,1761011835.69191,1147,396,914.024352,1.699277,2.309684,True
230,1761011380.169324,1761011857.949217,1078,428,955.544841,1.548458,2.234184,True
231,1761011381.49938,1761011854.173972,883,413,945.339345,1.83366,2.290062,True
232,1761011382.315478,1761011710.334343,169,217,656.019545,0.577494,3.034454,True
233,1761011383.208271,1761011860.106346,1094,429,953.784184,1.544278,2.22486,True
234,1761011383.552175,1761011857.267367,1001,427,947.421479,1.824834,2.21971,True
235,1761011384.7395,1761011622.377254,391,93,475.267534,0.649855,5.158888,True
236,1761011385.219256,1761011836.714871,1085,388,902.980468,1.554331,2.329267,True
237,1761011385.601207,1761011839.823116,1064,395,908.434391,1.914274,2.300812,True
238,1761011386.470438,1761011855.334939,1070,411,937.727812,1.835386,2.282664,True
239,1761011387.829676,1761011946.31871,972,575,1116.962472,1.885867,1.942642,True
240,1761011388.491083,1761011839.67764,1099,394,902.352414,2.016693,2.290931,True
241,1761011388.650652,1761011839.941127,980,384,902.564529,3.47398,2.347495,True
242,1761011393.68151,1761011854.505712,1057,393,764.39906,58.795074,1.80001,True
243,1761011394.972267,1761011857.694344,1082,409,770.7544,61.388743,1.738641,True
244,1761011395.370603,1761011856.021509,1072,400,767.388609,56.106289,1.782662,True
245,1761011395.798129,1761011630.69717,385,98,316.719057,64.588419,2.599285,True
246,1761011395.914455,1761011661.787754,78,141,378.877297,53.445125,2.324516,True
247,1761011396.862091,1761011638.146992,412,100,331.575398,58.742329,2.75589,True
248,1761011397.607715,1761011842.597564,1027,388,740.455856,75.417165,1.718446,True
249,1761011398.696712,1761011891.886487,1146,466,839.012406,56.053499,1.683783,True
250,1761011399.460483,1761011864.085531,994,419,783.389305,64.5352,1.719747,True
251,1761011401.705769,1761011640.49765,846,108,336.191944,53.392301,2.642987,True
252,1761011402.650791,1761011871.044805,1140,430,797.263736,58.689073,1.721619,True
253,1761011405.480713,1761011989.530094,1059,649,1034.212932,75.363137,1.479706,True
254,1761011405.718553,1761011714.561474,1354,200,484.252491,55.998967,2.152028,True
255,1761011407.203419,1761011682.171079,167,171,419.450274,78.10229,2.007929,True
256,1761011407.29449,1761011604.35142,1792,50,263.789916,53.337712,4.294943,True
257,1761011407.430139,1761011655.476338,40,134,366.018488,58.634459,2.311158,True
258,1761011409.447282,1761011637.268515,407,104,329.581577,75.309656,2.468659,True
259,1761011409.728474,1761011862.095088,1065,411,779.212546,55.945322,1.764066,True
260,1761011409.755028,1761011746.74532,181,241,548.491234,78.048803,1.960177,True
261,1761011410.188807,1761011657.950538,1314,137,370.880696,53.283891,2.335271,True
262,1761011410.32957,1761011649.499244,181,128,353.956288,58.580962,2.32579,True
263,1761011411.612466,1761011715.365476,163,205,485.668807,75.255717,2.011829,True
264,1761011411.618701,1761011628.797222,2,93,312.510435,55.891828,2.789333,True
265,1761011411.733105,1761011711.123985,1314,203,477.141608,77.995528,1.975971,True
266,1761011412.447791,1761011854.697755,1056,394,764.268411,53.230317,1.809257,True
267,1761011413.193685,1761011877.34289,978,442,809.537584,72.436931,1.67143,True
268,1761011414.049874,1761011947.596753,1217,565,950.023879,75.201889,1.551103,True
269,1761011414.149061,1761011855.388958,1056,398,765.586289,69.928055,1.752288,True
270,1761011416.044241,1761011878.031285,951,445,810.849771,77.941617,1.650694,True
271,1761011417.042758,1761011857.434722,1233,401,769.635435,66.961051,1.756686,True
272,1761011418.97815,1761011684.294041,1317,169,423.330912,72.382883,2.088976,True
273,1761011420.728795,1761011921.921611,1103,520,898.56469,75.147883,1.586545,True
274,1761011420.903036,1761011838.154664,887,375,731.009019,69.873839,1.767741,True
275,1761011422.117442,1761011853.666305,1123,396,762.008961,77.886656,1.731955,True
276,1761011422.454067,1761011839.82285,1095,379,734.301203,66.906096,1.765596,True
277,1761011424.138942,1761011864.869677,1079,419,784.374869,72.329017,1.703459,True
278,1761011427.405868,1761011862.527138,1073,420,779.668175,75.094193,1.681561,True
279,1761011427.653613,1761011862.705245,1147,413,780.003434,69.820455,1.723745,True
280,1761011428.579934,1761011691.650471,212,183,437.87265,77.834004,1.978234,True
281,1761011430.750665,1761011624.082366,411,81,302.715048,66.853197,2.948273,True
282,1761011430.815526,1761011622.844636,380,76,300.219692,72.276218,3.039246,True
283,1761011431.171278,1761011887.062669,990,468,828.635078,75.041613,1.613691,True
284,1761011432.040348,1761011863.006015,1106,414,780.499093,69.767455,1.7209,True
285,1761011432.318436,1761011853.666483,1117,396,761.79837,77.781331,1.731689,True
286,1761011432.769097,1761011855.334932,1147,396,765.114613,66.800236,1.767884,True
287,1761011434.341582,1761011691.844086,127,178,438.111348,72.222954,2.067166,True
288,1761011435.395167,1761011865.240694,1021,428,784.883908,88.98965,1.629729,True
289,1761011435.649968,1761011854.116317,1081,394,762.612424,69.714399,1.763099,True
290,1761011437.499202,1761011851.432585,1104,394,757.223834,77.727388,1.728999,True
291,1761011438.565154,1761011871.811111,1149,429,797.960046,66.746876,1.708442,True
292,1761011439.347449,1761011628.191203,399,86,310.697641,72.168985,2.806219,True
293,1761011440.277072,1761011839.677647,1127,385,733.649868,88.935545,1.678944,True
294,1761011440.890597,1761011624.156781,766,85,302.585893,69.660377,2.772923,True
295,1761011441.098109,1761011853.666661,1073,396,761.582235,77.673571,1.731414,True
296,1761011441.844935,1761011583.979168,91,16,222.186502,66.691833,10.366311,True
297,1761011441.941104,1761011857.948953,922,402,770.104803,72.114712,1.740624,True
298,1761011442.121147,1761011728.174048,1314,220,510.53369,88.881207,1.925354,True
299,1761011442.224353,1761011854.760695,1049,396,763.686154,69.606564,1.757164,True
300,1761011442.378159,1761011854.633646,1048,399,763.411195,91.324696,1.68866,True
301,1761011444.356603,1761011858.438045,1180,404,770.998129,66.638803,1.74779,True
302,1761011444.910356,1761011728.78473,194,217,511.669833,72.061701,2.035223,True
303,1761011445.871351,1761011851.030353,1063,396,756.141649,88.828479,1.6894,True
304,1761011445.989842,1761011723.807412,206,217,501.672773,69.552943,2.000555,True
305,1761011447.367938,1761011844.459574,1083,386,742.954137,91.270477,1.692685,True
306,1761011448.384497,1761011877.228464,1016,436,808.472311,66.585363,1.705487,True
307,1761011449.530654,1761011870.157836,958,427,794.309067,72.007848,1.695543,True
308,1761011450.045053,1761011583.501037,91,16,220.97378,88.773929,8.813323,True
309,1761011450.251316,1761011584.046977,335,18,222.042286,69.498397,8.97317,True
310,1761011451.259799,1761011641.116464,895,114,336.15921,91.21621,2.167637,True
311,1761011452.246017,1761011930.586781,1004,532,915.078064,80.449905,1.571804,True
312,1761011453.434083,1761011733.4739,194,223,520.830701,71.952429,2.021974,True
313,1761011456.153629,1761011864.928418,1001,427,783.718418,88.719173,1.631454,True
314,1761011456.521666,1761011850.704709,954,390,755.248787,82.726926,1.728848,True
315,1761011458.009634,1761011719.987952,203,217,493.793413,91.16172,1.864036,True
316,1761011458.185794,1761011845.2662,980,385,744.328268,80.395721,1.728991,True
317,1761011459.962059,1761011588.01347,91,24,229.801161,71.898842,6.865318,True
318,1761011460.366368,1761011636.575889,428,102,326.905003,88.665554,2.358806,True
319,1761011461.517405,1761011640.916406,878,110,335.565826,82.673685,2.320111,True
320,1761011462.40345,1761011673.682273,212,164,401.076596,91.108938,1.901642,True
321,1761011464.721143,1761011862.341539,982,411,778.37298,80.342749,1.702513,True
322,1761011468.675844,1761011685.958501,445,174,425.585836,71.845878,2.04474,True
323,1761011468.713385,1761011624.59458,394,86,302.836449,88.61218,2.520286,True
324,1761011468.868032,1761011865.41523,1023,421,784.455099,82.619648,1.671037,True
325,1761011469.774542,1761011664.041718,1314,152,381.686052,91.054378,1.924713,True
326,1761011470.511551,1761011866.718395,1009,420,787.018602,80.288716,1.686706,True
327,1761011471.074525,1761011839.616843,1007,375,732.794386,85.679232,1.730254,True
328,1761011472.245293,1761011835.220728,1161,373,723.98049,88.557743,1.708126,True
329,1761011474.126266,1761011870.986312,1067,429,793.705713,81.673827,1.663626,True
330,1761011476.368653,1761011858.991472,1038,409,765.233703,87.87802,1.660185,True
331,1761011478.429549,1761011869.115661,1136,422,781.364502,75.064203,1.677673,True
332,1761011478.869381,1761011543.18175,169,217,128.623223,1.271343,0.589592,True
333,1761011479.352456,1761011584.113922,313,18,209.50915,79.539381,7.645281,True
334,1761011479.744971,1761011953.670439,1116,574,947.849089,91.854623,1.493882,True
335,1761011480.494971,1761011910.805955,1240,501,860.61384,75.308066,1.570612,True
336,1761011480.520191,1761011497.290853,1060,58,33.51924,1.956804,0.553727,True
337,1761011480.607244,1761011678.192567,209,167,395.158694,83.639527,1.876621,True
338,1761011481.027404,1761011640.497857,428,108,318.930704,72.465153,2.303416,True
339,1761011481.927716,1761011615.937514,1093,414,268.003843,2.416424,0.643069,True
340,1761011484.285991,1761011958.80912,1045,585,949.038427,74.608939,1.497311,True
341,1761011485.178393,1761011640.693457,435,111,311.019846,86.417078,2.041843,True
342,1761011486.105239,1761011615.638415,1037,390,259.058887,1.832663,0.66125,True
343,1761011488.306446,1761011629.476188,422,95,282.337734,67.499763,2.28551,True
344,1761011490.966942,1761011551.133205,1313,201,120.331289,2.225023,0.590531,True
345,1761011491.042565,1761011624.453195,1184,394,266.803253,4.158044,0.668308,True
346,1761011491.064847,1761011853.666667,1001,396,725.185854,73.179968,1.650648,True
347,1761011492.025703,1761011850.631943,890,387,717.210224,61.471088,1.698806,True
348,1761011492.849844,1761011536.106605,181,140,86.491859,2.407686,0.604922,True
349,1761011494.24765,1761011855.773845,1119,397,723.040231,64.64542,1.662613,True
350,1761011494.792626,1761011628.257933,407,92,266.911981,76.798823,2.089156,True
351,1761011496.694556,1761011848.859762,1188,388,704.316146,59.105405,1.667211,True
352,1761011497.118301,1761011837.589313,1016,375,680.925946,75.822326,1.617924,True
353,1761011498.306941,1761011633.99597,1095,417,271.364932,1.895325,0.647763,True
354,1761011498.747506,1761011855.017076,1027,395,712.522575,54.742237,1.669493,True
355,1761011499.349946,1761011885.57713,1102,455,772.446296,59.545127,1.570267,True
356,1761011500.734082,1761011865.529159,1026,429,729.568356,70.85525,1.539049,True
357,1761011501.268144,1761011618.947,1996,70,235.354581,67.211784,2.436852,True
358,1761011501.393257,1761011545.323807,1314,139,87.859754,2.333539,0.619755,True
359,1761011501.465,1761011553.959242,181,173,104.983087,2.312963,0.596919,True
360,1761011502.145285,1761011853.982517,1049,397,703.664411,70.798357,1.598147,True
361,1761011502.757631,1761011639.507596,1132,414,273.49849,2.999381,0.654962,True
362,1761011502.792929,1761011629.089017,1088,386,252.578702,3.737361,0.646341,True
363,1761011503.89869,1761011716.812499,125,205,425.805236,49.58788,1.844203,True
364,1761011506.511988,1761011551.86485,206,167,90.698146,0.461998,0.543591,True
365,1761011507.383515,1761011621.820021,376,73,228.866039,51.512475,2.463244,True
366,1761011509.887869,1761011710.068981,127,198,400.354344,61.708562,1.719014,True
367,1761011512.128502,1761011548.513727,404,109,72.758397,0.831723,0.665988,True
368,1761011513.565753,1761011649.407797,1026,409,271.67669,1.904412,0.661207,True
369,1761011514.37552,1761011854.116074,1199,394,679.479052,54.104346,1.591284,True
370,1761011515.791864,1761011583.232867,91,16,134.879453,57.155822,5.181575,True
371,1761011516.273592,1761011869.115954,1013,422,705.672006,49.107383,1.559536,True
372,1761011516.384488,1761011647.92106,990,392,263.051781,1.842,0.668056,True
373,1761011517.783941,1761011578.451082,1314,200,121.326671,2.693379,0.596147,True
374,1761011518.023832,1761011911.145369,1069,499,786.225655,40.866179,1.496706,True
375,1761011518.097131,1761011921.632982,1017,519,807.057652,53.496453,1.454751,True
376,1761011520.494018,1761011575.300863,200,183,109.598078,0.407836,0.599946,True
377,1761011521.257744,1761011579.013913,124,204,115.506741,0.453566,0.566764,True
378,1761011521.849318,1761011649.451724,895,393,255.191218,1.740705,0.646557,True
379,1761011524.290842,1761011641.586267,399,112,234.584023,44.186932,1.715289,True
380,1761011524.685217,1761011551.402934,410,95,53.434033,0.86071,0.559291,True
381,1761011526.960998,1761011652.916716,1107,388,251.910144,1.952905,0.645884,True
382,1761011528.667588,1761011719.987627,212,217,382.631566,44.277097,1.566456,True
383,1761011529.906009,1761011652.788021,1007,385,245.742169,1.798558,0.63527,True
384,1761011532.902778,1761011768.171761,1052,652,470.532542,1.841806,0.719955,True
385,1761011532.923192,1761011851.173425,1143,388,636.490559,32.458925,1.560805,True
386,1761011533.904285,1761011538.152397,307,18,8.495051,1.478472,0.41274,True
387,1761011534.930467,1761011629.881853,392,91,189.89656,23.965589,1.843677,True
388,1761011535.745226,1761011699.327003,129,185,327.149623,35.848259,1.58316,True
389,1761011535.871423,1761011580.091032,129,159,88.429759,0.491455,0.556572,True
390,1761011536.960515,1761011871.57422,936,431,669.213353,31.513109,1.483024,True
391,1761011537.644454,1761011714.414492,128,205,353.537352,35.303382,1.55997,True
392,1761011538.631118,1761011665.350371,1025,388,253.433056,1.858935,0.650062,True
393,1761011540.731431,1761011728.307572,203,217,375.129774,24.644524,1.622617,True
394,1761011542.377648,1761011572.975632,431,97,61.19473,0.76528,0.629473,True
395,1761011542.964953,1761011670.533408,1000,396,255.129188,1.969819,0.64091,True
396,1761011543.393277,1761011910.291131,1045,496,733.782306,15.498885,1.451078,True
397,1761011544.422461,1761011708.078833,165,192,327.304672,27.173734,1.571366,True
398,1761011545.324071,1761011870.986485,1163,429,651.302907,23.145791,1.467657,True
399,1761011546.264386,1761011757.904626,1143,580,423.271009,2.051716,0.727494,True
400,1761011547.734995,1761011846.574113,1012,389,597.655699,25.202579,1.475395,True
401,1761011547.832172,1761011876.365621,1121,433,657.055356,17.548835,1.480339,True
402,1761011548.224837,1761011838.866972,971,373,581.261297,20.480426,1.507475,True
403,1761011548.813763,1761011836.844514,1088,377,576.040927,22.776607,1.471448,True
404,1761011550.554857,1761011909.950138,1028,498,718.778616,17.919951,1.410178,True
405,1761011551.073729,1761011710.801859,127,202,319.449681,21.871989,1.480486,True
406,1761011551.488522,1761011836.63514,1139,371,570.273986,13.889435,1.503742,True
407,1761011551.520718,1761011863.06873,1100,414,623.077304,17.186676,1.467048,True
408,1761011551.627089,1761011696.541227,1019,403,289.814873,1.86446,0.716295,True
409,1761011553.787579,1761011875.968151,1022,443,644.343232,17.803805,1.41751,True
410,1761011553.956592,1761011837.385996,1176,373,566.848572,19.47139,1.471444,True
411,1761011554.057667,1761011855.897301,1007,403,603.665147,18.883932,1.45468,True
412,1761011556.166504,1761011570.239244,382,38,28.123736,0.809617,0.738219,True
413,1761011558.492473,1761011601.717959,396,107,86.437331,0.888351,0.807066,True
414,1761011558.599648,1761011669.598377,401,147,221.990608,14.403226,1.421831,True
415,1761011558.950329,1761011655.807132,882,135,193.711921,14.58952,1.336734,True
416,1761011562.167434,1761011714.59671,1161,429,304.851135,1.961467,0.707686,True
417,1761011562.594361,1761011656.498588,21,139,187.796386,10.977536,1.281296,True
418,1761011563.136553,1761011842.797621,1053,383,559.316532,10.293271,1.437234,True
419,1761011564.274638,1761011611.706844,402,102,94.854871,0.863509,0.930608,True
420,1761011564.335835,1761011722.821437,1037,434,316.961601,2.076887,0.727216,True
421,1761011566.673258,1761011760.048503,945,504,386.742329,1.693445,0.765505,True
422,1761011568.2506,1761011707.315257,1050,403,278.115299,1.943276,0.686995,True
423,1761011569.711638,1761011844.459863,1036,386,549.489735,4.52044,1.415505,True
424,1761011570.101994,1761011862.944796,1062,413,585.667875,4.491067,1.410623,True
425,1761011570.763615,1761011707.532545,1070,398,273.528641,1.921807,0.684148,True
426,1761011572.063954,1761011692.854954,206,181,241.568232,2.631954,1.327424,True
427,1761011572.958236,1761011625.567496,419,130,105.217166,0.763442,0.809719,True
428,1761011573.023846,1761011625.77891,181,132,105.492822,1.127717,0.79668,True
429,1761011573.342296,1761011859.548321,1127,415,572.398327,2.416496,1.376768,True
430,1761011574.51316,1761011854.442223,1043,394,559.851776,2.302765,1.4187,True
431,1761011576.7725,1761011619.573604,413,95,85.601013,0.900608,0.901068,True
432,1761011577.625977,1761011844.18574,934,378,533.111372,1.330429,1.41056,True
433,1761011579.806542,1761011846.648934,1039,379,533.682877,1.483978,1.407934,True
434,1761011583.733599,1761011610.07143,91,24,52.666344,0.311498,2.276298,True
435,1761011584.555559,1761011744.640552,1017,393,320.168506,1.82093,0.812111,True
436,1761011584.589572,1761011770.397049,1007,468,371.597131,2.53229,0.790289,True
437,1761011584.722367,1761011627.839104,375,66,86.212057,0.663811,1.316127,True
438,1761011585.582575,1761011647.533836,10,146,123.881146,1.738685,0.842362,True
439,1761011586.123198,1761011875.615363,994,414,578.978362,1.571386,1.39808,True
440,1761011586.59708,1761011608.106804,298,18,43.018214,1.201579,2.459802,True
441,1761011587.125763,1761011862.277505,1002,388,550.28085,1.994165,1.416761,True
442,1761011587.574404,1761011744.457539,1021,390,313.760258,2.042739,0.80133,True
443,1761011589.501477,1761011754.431757,209,217,329.843619,0.607485,1.524241,True
444,1761011590.090754,1761011645.881909,386,96,111.566401,0.834467,1.165599,True
445,1761011590.233502,1761011755.919999,1092,415,331.354708,1.933874,0.795702,True
446,1761011591.191084,1761011684.623016,403,142,186.859405,0.939009,1.318584,True
447,1761011591.213351,1761011653.106605,415,101,123.785482,0.76077,1.230247,True
448,1761011591.352999,1761011851.432666,1013,363,520.146953,1.785773,1.431937,True
449,1761011591.800976,1761011870.631404,1014,395,557.646777,2.72175,1.408439,True
450,1761011592.202407,1761011744.733562,1034,377,305.052521,1.788223,0.806554,True
451,1761011592.876738,1761011748.652614,1002,396,311.544157,2.898642,0.781381,True
452,1761011594.26258,1761011784.432256,1149,516,380.325851,3.459248,0.73178,True
453,1761011595.323439,1761011876.018659,1112,403,561.388437,1.598741,1.392512,True
454,1761011595.600147,1761011709.349428,1314,159,227.49666,2.717662,1.422652,True
455,1761011596.036169,1761011624.926222,1917,56,57.770629,4.926082,0.96081,True
456,1761011597.363283,1761011891.9426,1043,431,589.156956,2.292135,1.364802,True
457,1761011597.416128,1761011764.885049,1032,421,334.916027,4.204599,0.787408,True
458,1761011597.952505,1761011745.509568,1093,382,295.098514,5.58163,0.759887,True
459,1761011598.051897,1761011765.514792,1173,429,334.924404,6.374273,0.76764,True
460,1761011601.129795,1761011738.414207,203,189,274.559795,0.701032,1.456696,True
461,1761011601.841328,1761011635.879314,390,97,68.07263,3.313951,0.67457,True
462,1761011604.431548,1761011663.776576,409,93,118.685413,0.899231,1.280285,True
463,1761011604.85327,1761011666.991595,402,92,124.254628,1.153905,1.352755,True
464,1761011605.618567,1761011671.000388,1354,225,130.750443,2.39452,0.573018,True
465,1761011607.738269,1761011669.850103,181,213,124.208165,0.72071,0.582488,True
466,1761011607.992836,1761011760.048698,1035,414,304.089461,1.933435,0.731613,True
467,1761011608.514097,1761011899.196764,1033,420,581.353449,1.613065,1.383629,True
468,1761011608.870142,1761011746.745586,206,179,275.734057,1.357047,1.541444,True
469,1761011609.505603,1761011904.03667,888,426,589.054266,2.288793,1.380625,True
470,1761011609.804111,1761011754.104842,209,183,288.599225,0.743118,1.581627,True
471,1761011610.486928,1761011904.211165,1102,433,587.433312,2.303942,1.354466,True
472,1761011611.17389,1761011902.527772,1007,424,582.706356,4.404881,1.367143,True
473,1761011611.392437,1761011738.615637,203,167,254.430584,1.605811,1.523041,True
474,1761011611.718288,1761011767.132676,1173,421,310.827179,2.118654,0.73502,True
475,1761011611.739915,1761011872.337906,1080,371,521.176023,3.82941,1.398234,True
476,1761011612.85531,1761011673.415584,395,92,121.108523,2.779439,1.30032,True
477,1761011612.888371,1761012277.8099,1011,677,1329.833809,3.326311,1.962289,True
478,1761011614.168919,1761011627.915765,91,24,27.486174,2.438226,1.089041,True
479,1761011614.398143,1761011662.209769,209,167,95.622024,0.46108,0.573259,True
480,1761011615.703992,1761011764.972972,1159,399,298.532277,2.025403,0.744992,True
481,1761011616.098117,1761012356.590277,463,739,1480.968108,1.071341,2.00528,True
482,1761011616.835006,1761011890.070649,1094,398,546.454386,1.990469,1.371446,True
483,1761011616.841212,1761011763.675374,130,199,293.641527,2.028043,1.472795,True
484,1761011617.946603,1761011664.158382,203,162,92.417843,0.505951,0.570881,True
485,1761011619.371372,1761011681.344249,206,217,123.924298,0.517889,0.571326,True
486,1761011620.971999,1761011757.586293,1003,373,273.212188,2.003127,0.729057,True
487,1761011622.04685,1761011647.449287,376,88,50.787501,1.78857,0.563206,True
488,1761011623.594063,1761011716.279096,401,125,185.351767,0.925147,1.487311,True
489,1761011624.789346,1761011920.946727,1023,427,592.313814,1.900345,1.385947,True
490,1761011626.034291,1761011788.657326,197,217,325.234182,1.326964,1.49957,True
491,1761011626.208792,1761011637.268695,91,16,22.10655,0.933204,1.411556,True
492,1761011629.396196,1761011772.264701,77,187,285.722471,0.403358,1.533974,True
493,1761011630.343046,1761011902.479552,1056,396,544.271923,1.630061,1.373777,True
494,1761011631.888557,1761011904.94016,1033,397,546.089192,1.609576,1.374949,True
495,1761011631.988201,1761011773.568136,1118,378,283.138439,1.955718,0.745843,True
496,1761011632.191129,1761011756.306164,1269,152,248.218283,1.949128,1.630922,True
497,1761011632.649282,1761011779.891148,1035,401,294.471922,3.093348,0.728446,True
498,1761011632.970901,1761011914.747328,1256,414,563.530731,3.275017,1.356551,True
499,1761011632.981124,1761011937.217604,1211,450,608.450437,2.558807,1.349425,True
500,1761011633.075631,1761011702.084998,396,89,138.000661,2.525372,1.539492,True
501,1761011634.118295,1761011642.398761,91,16,16.548942,2.132696,0.961083,True
502,1761011635.021138,1761011788.009339,1066,421,305.95867,3.275775,0.720674,True
503,1761011635.381158,1761011645.268074,91,24,19.763552,1.036683,0.814212,True
504,1761011635.763251,1761011655.36012,414,79,39.192454,2.541796,0.46988,True
505,1761011636.94369,1761011672.742169,378,52,71.579043,0.726649,1.389263,True
506,1761011637.372284,1761011720.581645,385,112,166.417511,1.124638,1.489125,True
507,1761011640.786245,1761011748.882364,1314,285,216.173506,2.382849,0.752784,True
508,1761011642.48931,1761011715.018774,401,88,145.042843,0.875049,1.657101,True
509,1761011645.084444,1761011670.70175,404,98,51.233458,0.828493,0.519639,True
510,1761011645.105731,1761011658.023307,91,16,25.81251,0.485053,1.688497,True
511,1761011646.222391,1761011706.917381,194,188,121.374526,0.481861,0.646485,True
512,1761011647.681415,1761011922.879107,1111,389,550.392399,1.694983,1.414169,True
513,1761011648.632554,1761011927.001902,1125,395,556.736861,2.2306,1.407376,True
514,1761011649.52763,1761011937.053189,1013,421,575.044393,2.350184,1.363558,True
515,1761011649.917138,1761011728.380628,847,89,156.914506,2.860963,1.750608,True
516,1761011653.320316,1761011740.53074,375,101,174.403847,0.741737,1.736621,True
517,1761011653.523021,1761011926.774865,1046,393,546.499199,1.88313,1.389327,True
518,1761011653.842987,1761011673.325182,395,58,38.953161,0.832916,0.668776,True
519,1761011654.31525,1761011730.425231,402,86,152.206908,1.988099,1.76728,True
520,1761011655.561859,1761011797.604736,1207,386,284.084626,2.127388,0.732356,True
521,1761011655.924631,1761011937.834044,997,415,563.801601,1.823744,1.357434,True
522,1761011656.676892,1761011716.798461,191,162,120.241779,1.411312,0.738077,True
523,1761011657.378453,1761011952.162674,978,430,589.566681,1.693434,1.370334,True
524,1761011657.562479,1761011826.225251,200,217,337.324197,1.715673,1.553743,True
525,1761011658.355143,1761011942.943748,1160,421,569.175493,2.486539,1.349259,True
526,1761011658.522254,1761011848.764099,1216,466,380.463783,2.11689,0.813649,True
527,1761011658.528436,1761011808.265568,912,427,299.44568,2.728759,0.696519,True
528,1761011658.531755,1761011753.89836,181,104,190.689056,1.007986,1.841564,True
529,1761011659.170844,1761011786.60966,206,162,254.866076,0.48451,1.58001,True
530,1761011661.522212,1761011932.748467,1010,396,542.442414,1.586357,1.369256,True
531,1761011662.189792,1761011691.562649,975,68,58.744725,1.751689,0.850642,True
532,1761011663.817407,1761011935.484744,1033,396,543.316723,1.608057,1.371414,True
533,1761011664.437015,1761011788.859227,163,157,248.832262,2.334017,1.580117,True
534,1761011665.200241,1761011693.848272,382,62,57.290178,0.873644,0.924861,True
535,1761011665.245116,1761011953.003428,1082,426,575.495095,1.418545,1.350768,True
536,1761011665.93283,1761011952.225133,1311,415,572.569132,2.749814,1.376375,True
537,1761011666.07934,1761011757.677865,200,217,183.187501,0.575905,0.845424,True
538,1761011666.134937,1761011680.977506,91,16,29.682907,2.554894,1.808534,True
539,1761011666.445666,1761011743.431097,181,85,153.948949,2.280685,1.805575,True
540,1761011666.724132,1761011946.376454,1004,412,559.286939,2.673696,1.35429,True
541,1761011668.637005,1761011780.950254,1315,144,224.62496,2.534754,1.553078,True
542,1761011669.664277,1761011794.005921,203,161,248.672424,2.125359,1.540919,True
543,1761011671.008773,1761011826.099702,960,403,310.165967,1.632684,0.767496,True
544,1761011674.011424,1761011936.319476,1032,387,524.602417,1.40959,1.355422,True
545,1761011674.25884,1761011942.215417,1144,396,535.897833,2.390196,1.350652,True
546,1761011674.302078,1761011780.685848,414,130,212.754735,2.411831,1.630565,True
547,1761011674.303241,1761011710.017219,399,86,71.396727,0.75357,0.831096,True
548,1761011675.621202,1761011759.562037,1113,98,167.864721,2.492127,1.704872,True
549,1761011675.845577,1761011728.293362,181,107,104.873748,0.46197,0.985017,True
550,1761011676.683876,1761011768.084422,161,193,182.793597,0.467513,0.949615,True
551,1761011677.474349,1761011840.601746,1001,398,326.243069,1.808641,0.817215,True
552,1761011678.143553,1761011720.975355,371,54,85.661133,0.657447,1.603843,True
553,1761011678.672171,1761011935.648172,1176,385,513.94647,1.904813,1.333442,True
554,1761011679.38374,1761011856.827467,1061,429,354.866046,1.863063,0.824773,True
555,1761011680.290268,1761011760.294466,886,95,160.006496,1.613348,1.685033,True
556,1761011681.150187,1761011962.147558,1137,428,561.993085,2.278268,1.310808,True
557,1761011681.366946,1761011840.457842,1245,389,318.160411,2.143209,0.814477,True
558,1761011681.487447,1761011737.263722,401,103,111.54272,2.721357,1.066876,True
559,1761011682.051755,1761011756.020886,405,83,147.929834,1.70841,1.783188,True
560,1761011682.899188,1761011764.744278,1319,169,163.688634,2.982132,0.956586,True
561,1761011684.447276,1761011857.968951,1052,429,347.03176,3.297174,0.803118,True
562,1761011685.221372,1761011699.562762,91,24,28.667146,2.5607,1.135063,True
563,1761011685.495985,1761011840.601918,1062,393,310.190066,3.18797,0.783169,True
564,1761011685.504763,1761011730.425421,2042,52,89.815181,2.882235,1.704568,True
565,1761011688.185849,1761011698.767127,328,18,21.152878,1.181306,1.174798,True
566,1761011688.380849,1761011744.457894,8,122,112.144957,1.022574,0.918367,True
567,1761011689.048367,1761011811.918443,1313,156,245.727419,1.844918,1.573435,True
568,1761011689.514237,1761011855.320075,1129,414,331.598464,1.998694,0.798062,True
569,1761011689.554504,1761011780.540204,405,110,181.947889,1.960903,1.651257,True
570,1761011690.135862,1761011742.081303,393,105,103.889691,2.165885,0.978114,True
571,1761011691.380268,1761011768.884142,167,187,154.992079,1.041557,0.827691,True
572,1761011691.450366,1761011865.367868,1040,456,347.813782,2.25127,0.759478,True
573,1761011692.373298,1761011851.552972,1113,399,318.357908,3.326154,0.791537,True
574,1761011692.511373,1761011963.272887,1042,411,541.508549,2.955394,1.313544,True
575,1761011692.594187,1761011966.765854,1180,414,548.329327,2.872877,1.320718,True
576,1761011692.720503,1761011971.459508,1069,426,557.471139,4.123097,1.301995,True
577,1761011693.214778,1761011856.086058,209,217,325.72602,3.836517,1.490229,True
578,1761011696.035354,1761011970.526875,1065,426,548.975568,3.224132,1.284121,True
579,1761011696.05119,1761011767.088668,128,173,142.057417,0.391213,0.823641,True
580,1761011696.093065,1761011967.360161,1037,415,542.51687,2.069915,1.305427,True
581,1761011697.086485,1761011957.610101,966,403,521.039675,3.444185,1.287551,True
582,1761011697.146134,1761011742.970158,380,99,91.636434,0.818053,0.926718,True
583,1761011697.76779,1761011955.946007,1087,396,516.340589,3.197313,1.299097,True
584,1761011697.987808,1761011829.677651,218,179,263.372958,1.62658,1.470485,True
585,1761011698.143862,1761011759.619456,387,75,122.948464,1.295798,1.643955,True
586,1761011698.530635,1761012208.887444,1000,498,1020.694365,3.479013,2.046711,True
587,1761011702.150942,1761011755.919803,383,114,107.52339,0.778607,0.944644,True
588,1761011702.318838,1761011972.340103,1093,429,540.0314,1.666295,1.257862,True
589,1761011703.912734,1761011954.450592,1262,390,501.067672,1.869799,1.283285,True
590,1761011704.518112,1761011980.630553,1473,450,552.207522,3.363182,1.22237,True
591,1761011707.363092,1761011921.965447,1127,563,429.197455,1.983248,0.760168,True
592,1761011710.699289,1761011992.51319,1076,464,563.612441,1.641743,1.21376,True
593,1761011711.114186,1761011962.200184,1067,393,502.152632,3.17849,1.272893,True
594,1761011711.144215,1761011770.033034,402,73,117.775508,3.157322,1.591919,True
595,1761011711.57986,1761011837.903629,209,179,252.632972,2.766345,1.403745,True
596,1761011712.472958,1761011871.766457,1047,401,318.569543,1.939137,0.791576,True
597,1761011713.816125,1761011790.204537,200,193,152.760867,1.050352,0.790159,True
598,1761011714.855122,1761011872.656596,942,404,315.597604,1.718793,0.778856,True
599,1761011715.549438,1761011885.599862,1072,446,340.087316,2.992325,0.757517,True
600,1761011715.886637,1761011880.360303,1232,419,328.935715,3.539162,0.778461,True
601,1761011716.399549,1761011786.212124,373,91,139.615137,0.954344,1.540675,True
602,1761011717.021142,1761011970.306897,999,395,506.56343,1.901456,1.280868,True
603,1761011717.524415,1761011881.56184,1146,426,328.073582,4.62201,0.761063,True
604,1761011719.413599,1761011961.267433,1049,667,483.694036,1.858729,0.723476,True
605,1761011720.807099,1761011962.597552,1130,375,483.573456,2.873066,1.285295,True
606,1761011720.80723,1761011982.147942,1009,419,522.651654,2.861914,1.243516,True
607,1761011721.765467,1761011931.088088,1317,320,418.635209,4.969289,1.296758,True
608,1761011721.846254,1761011810.589894,921,114,177.474307,5.441318,1.522416,True
609,1761011722.54851,1761011882.615496,1157,429,320.116107,2.043652,0.74316,True
610,1761011722.87133,1761011882.573746,1093,425,319.397443,3.743197,0.744468,True
611,1761011723.015207,1761011975.562321,1035,405,505.088561,4.685855,1.238621,True
612,1761011723.023142,1761011972.278023,1009,395,498.498594,3.711001,1.255806,True
613,1761011723.353115,1761011778.573472,482,73,110.43826,3.448992,1.485962,True
614,1761011724.467968,1761011804.737393,401,104,160.52639,3.576298,1.523787,True
615,1761011724.726399,1761011883.882124,1046,429,318.303909,3.424462,0.7357,True
616,1761011726.167588,1761011872.07422,1230,389,291.803939,4.033814,0.741676,True
617,1761011726.240284,1761011838.867139,161,159,225.24561,1.865761,1.413797,True
618,1761011728.677126,1761011803.162418,26,238,148.965011,3.640672,0.613183,True
619,1761011728.758767,1761011974.746461,1108,399,491.968006,1.539572,1.232232,True
620,1761011729.308987,1761011773.919446,378,124,89.204716,1.66433,0.71171,True
621,1761011729.320863,1761011877.507015,1051,410,296.35889,2.992874,0.717276,True
622,1761011730.333222,1761011768.528398,2,93,76.388862,2.022325,0.808332,True
623,1761011730.998951,1761011965.383742,1001,373,468.763544,1.390276,1.25638,True
624,1761011731.231942,1761011884.445455,1059,429,306.413444,4.47719,0.705459,True
625,1761011731.855844,1761011871.044918,996,385,278.370531,4.611737,0.712914,True
626,1761011731.901573,1761011872.701228,1096,396,281.577698,2.257102,0.707141,True
627,1761011732.252262,1761011805.468912,417,98,146.420498,0.899148,1.50022,True
628,1761011733.521888,1761011973.812279,1139,396,480.571293,1.772371,1.212149,True
629,1761011734.058259,1761011754.639086,310,18,41.154158,2.831502,2.254274,True
630,1761011735.285157,1761012252.291353,1027,482,1034.001466,1.351569,2.146881,True
631,1761011735.664686,1761011973.480537,1007,388,475.626036,2.623179,1.22223,True
632,1761011735.844418,1761011838.414595,161,150,205.126285,1.43174,1.367077,True
633,1761011737.348793,1761011977.351833,1025,394,479.989341,3.05512,1.213573,True
634,1761011737.582641,1761011881.736108,1044,413,288.287454,1.827756,0.695291,True
635,1761011738.069872,1761011772.772377,404,108,69.399231,2.136796,0.628621,True
636,1761011738.220106,1761011989.207131,1036,425,501.961549,1.465434,1.180415,True
637,1761011738.479724,1761011977.838376,1098,396,478.713455,4.835779,1.19969,True
638,1761011739.173223,1761011812.363512,405,105,146.378464,4.443914,1.364755,True
639,1761011739.328373,1761012225.540326,1269,451,972.404387,3.980233,2.152054,True
640,1761011739.729607,1761011756.981997,788,51,34.487025,1.876357,0.652213,True
641,1761011742.399273,1761011977.186759,918,397,469.569449,2.423504,1.179661,True
642,1761011743.122449,1761011793.10218,206,179,99.941576,0.441215,0.558991,True
643,1761011744.582961,1761012412.262521,1068,664,1335.34291,1.877315,2.01126,True
644,1761011746.706923,1761012258.350906,1042,472,1023.27138,1.382233,2.169616,True
645,1761011746.767979,1761011775.277146,417,92,57.001006,0.806329,0.617524,True
646,1761011747.493268,1761011790.549513,409,146,86.0909,0.91829,0.587397,True
647,1761011747.572243,1761011971.020012,1002,373,446.887717,1.960833,1.19604,True
648,1761011749.489964,1761011815.325256,942,104,131.663052,1.459492,1.264112,True
649,1761011750.354363,1761011895.124498,983,414,289.52486,1.893785,0.696443,True
650,1761011751.117225,1761012710.904161,1113,1000,1919.571593,1.551854,1.91994,True
651,1761011751.422847,1761011881.725665,203,217,260.59795,1.665556,1.198761,True
652,1761011751.757976,1761011778.748401,435,83,53.970966,1.417146,0.6409,True
653,1761011752.520955,1761011761.863328,91,16,18.674903,0.961511,1.180893,True
654,1761011752.879197,1761011885.046794,1071,386,264.329675,2.494887,0.68009,True
655,1761011754.370867,1761011886.440143,167,217,264.119949,0.455977,1.220667,True
656,1761011754.37513,1761011859.302848,200,161,209.823553,0.636632,1.307418,True
657,1761011754.911203,1761011782.208638,181,92,54.58526,0.909705,0.589841,True
658,1761011755.630169,1761011831.588708,181,118,151.906299,0.537796,1.293748,True
659,1761011757.620008,1761011952.616055,1201,546,389.990919,2.15262,0.71163,True
660,1761011757.628693,1761011989.206978,1208,400,463.150693,1.865441,1.156103,True
661,1761011758.276383,1761011796.587865,373,57,76.616838,1.953671,1.333271,True
662,1761011759.465182,1761011898.820078,1005,407,278.708269,2.215477,0.681017,True
663,1761011759.820454,1761011881.149794,130,199,242.644365,0.696831,1.221957,True
664,1761011760.734744,1761011897.033777,1008,398,272.588263,2.82371,0.679508,True
665,1761011761.14044,1761011770.905704,91,16,19.514073,0.513625,1.266696,True
666,1761011762.250679,1761011789.312045,392,109,54.113186,2.092829,0.48167,True
667,1761011762.538787,1761011785.000199,394,94,44.914922,2.110949,0.460258,True
668,1761011763.251855,1761012277.460997,988,466,1028.3993,3.014654,2.205128,True
669,1761011763.410397,1761011989.314955,1146,380,451.797381,2.859093,1.184534,True
670,1761011763.800784,1761012250.534309,1091,436,973.448194,4.440443,2.227604,True
671,1761011765.865591,1761011824.320638,379,87,116.893214,2.376406,1.331591,True
672,1761011766.399306,1761011830.084986,411,93,127.348396,1.966945,1.362842,True
673,1761011770.830846,1761011814.643114,396,65,87.611634,0.972257,1.35374,True
674,1761011772.105161,1761012203.502033,1060,396,862.792304,1.907598,2.179455,True
675,1761011772.235495,1761012253.396366,1046,429,962.310866,1.408054,2.2451,True
676,1761011772.294254,1761011829.347096,398,79,114.087271,2.199548,1.434458,True
677,1761011774.911999,1761011840.21716,381,99,130.588261,0.864623,1.323711,True
678,1761011775.733421,1761011929.291984,1117,428,307.105564,1.922522,0.714714,True
679,1761011776.074131,1761011826.282972,383,69,100.407182,0.726579,1.465891,True
680,1761011776.112054,1761011850.704614,403,106,149.166698,1.228317,1.408937,True
681,1761011777.07533,1761011794.940496,377,69,35.718403,1.311867,0.505978,True
682,1761011777.519825,1761011845.137026,403,101,135.212795,0.919741,1.342931,True
683,1761011778.883856,1761012222.663043,1145,396,887.538438,1.523093,2.243077,True
684,1761011779.612949,1761012245.867839,1209,403,932.506432,2.699675,2.312952,True
685,1761011780.186449,1761011946.946412,893,455,333.508308,1.661455,0.73094,True
686,1761011782.758282,1761012248.93268,1036,411,932.340162,1.443992,2.270478,True
687,1761011783.356995,1761011869.142261,203,217,171.563034,0.49561,0.791979,True
688,1761011784.449853,1761011917.034887,200,217,265.15183,0.575393,1.224891,True
689,1761011784.452065,1761011796.58804,299,18,24.235745,0.7425,1.381956,True
690,1761011785.389638,1761011945.770223,1142,436,320.759837,2.041118,0.732687,True
691,1761011786.365991,1761011930.247236,1318,234,287.752463,1.883745,1.226904,True
692,1761011789.208319,1761011792.883094,323,18,7.332019,0.720365,0.388921,True
693,1761011789.819369,1761012263.851466,1023,416,948.060187,1.527531,2.280802,True
694,1761011790.300433,1761012418.974415,1039,593,1257.334222,3.631509,2.117741,True
695,1761011791.190949,1761012262.795976,1024,414,943.190892,2.738635,2.277124,True
696,1761011793.133837,1761011892.853158,206,165,199.418859,1.806665,1.204952,True
697,1761011793.288693,1761011857.267529,371,97,127.95225,1.661202,1.315532,True
698,1761011794.022537,1761011820.109461,373,66,52.156318,0.778409,0.790429,True
699,1761011794.225511,1761011841.971576,385,73,95.485293,1.152527,1.310177,True
700,1761011794.596979,1761011868.321687,203,167,147.431523,0.659502,0.884169,True
701,1761011795.992891,1761011859.225971,398,132,126.443187,0.77214,0.959321,True
702,1761011796.367401,1761012277.671689,1241,421,962.59479,2.579811,2.28575,True
703,1761011796.461725,1761012232.731023,1050,374,872.527065,1.489008,2.335223,True
704,1761011797.767264,1761011850.87604,401,86,106.201999,0.827564,1.239699,True
705,1761011798.139242,1761012251.552844,1436,386,906.815574,2.853136,2.347954,True
706,1761011798.892258,1761011827.142996,389,65,56.479767,0.818838,0.869702,True
707,1761011799.789078,1761011832.766186,386,49,65.942465,1.833354,1.335606,True
708,1761011799.911018,1761012278.61537,1069,426,957.392438,2.597259,2.246577,True
709,1761011800.042634,1761011929.572271,212,217,259.057869,2.572473,1.187432,True
710,1761011800.159827,1761012238.861523,991,373,877.388103,3.355188,2.349551,True
711,1761011800.464708,1761011858.294919,181,112,115.638985,0.428232,1.037935,True
712,1761011802.170854,1761011869.187102,395,142,134.026858,0.900745,0.944157,True
713,1761011805.247861,1761012329.575402,1007,451,1048.654027,1.488579,2.327034,True
714,1761011805.347421,1761011858.9977,395,91,107.290741,0.795883,1.183276,True
715,1761011807.319725,1761011823.488755,324,18,32.324692,0.804738,1.854115,True
716,1761011807.451686,1761011904.149729,200,167,193.376284,1.170979,1.157863,True
717,1761011807.540024,1761011869.234492,397,103,123.371624,1.084097,1.198897,True
718,1761011807.796211,1761011864.175523,452,101,112.75721,1.162512,1.115947,True
719,1761011808.280009,1761011863.434559,391,93,110.306978,1.038592,1.1877,True
720,1761011808.619545,1761011967.046062,1061,429,316.837257,2.253654,0.735008,True
721,1761011809.109378,1761011958.243415,1007,379,298.246019,3.423024,0.779955,True
722,1761011809.889933,1761011863.89977,398,99,107.998017,2.888118,1.07255,True
723,1761011809.963689,1761011960.757399,913,398,301.565851,3.535801,0.750705,True
724,1761011810.452131,1761011963.50724,999,412,306.102115,3.906198,0.73527,True
725,1761011810.658163,1761011861.44456,385,84,101.564228,3.932794,1.176282,True
726,1761011812.04574,1761011962.9188,1161,408,301.728033,3.486119,0.732781,True
727,1761011813.75526,1761011879.344366,396,113,131.176322,0.759586,1.164435,True
728,1761011815.439106,1761011929.683535,200,188,228.487515,0.636793,1.218453,True
729,1761011815.683009,1761012292.071807,1116,401,952.768143,2.429222,2.375847,True
730,1761011815.799354,1761012396.2328,1046,531,1160.864856,1.517237,2.187448,True
731,1761011816.354544,1761012291.066387,1015,397,949.410357,3.985705,2.387436,True
732,1761011816.424974,1761011876.884705,396,95,120.902031,2.906477,1.255272,True
733,1761011816.753341,1761011895.168783,1320,201,156.829729,2.327596,0.772511,True
734,1761011816.765925,1761012277.959403,1040,396,922.369381,2.382516,2.329081,True
735,1761011816.864115,1761011882.088959,416,153,130.440095,2.436025,0.842132,True
736,1761011817.406563,1761011856.356843,384,61,77.894874,2.657232,1.253961,True
737,1761011819.036119,1761012314.896145,1288,418,991.698158,2.709383,2.371676,True
738,1761011819.365973,1761011914.240536,203,162,189.743167,2.873607,1.16068,True
739,1761011819.441182,1761011862.608734,400,82,86.333785,1.410904,1.048431,True
740,1761011820.070314,1761011950.604078,209,217,261.061357,2.216563,1.198356,True
741,1761011820.172365,1761011898.339522,402,134,156.322028,1.638756,1.163032,True
742,1761011820.302978,1761011903.923115,906,146,167.218332,1.885042,1.14023,True
743,1761011820.643194,1761011897.57963,1312,204,153.851147,2.423421,0.745949,True
744,1761011822.562705,1761012263.851285,1042,373,882.558791,1.486042,2.368475,True
745,1761011822.803877,1761011938.564507,128,205,231.515792,1.440689,1.127819,True
746,1761011824.167415,1761011963.795452,1067,398,279.242238,1.880619,0.698644,True
747,1761011824.457411,1761012297.207525,1170,398,945.489223,1.692207,2.377322,True
748,1761011825.915213,1761012301.488263,1129,396,951.142801,1.913133,2.403113,True
749,1761011827.934203,1761011884.142633,401,144,112.39925,0.841779,0.780122,True
750,1761011828.456739,1761011967.29184,1032,401,277.668804,2.173782,0.688738,True
751,1761011828.861309,1761011877.994955,407,122,98.255843,2.456464,0.79173,True
752,1761011829.057579,1761011977.877058,1102,425,297.62958,3.61548,0.693429,True
753,1761011829.77598,1761011971.342214,1088,407,283.121028,3.683682,0.688269,True
754,1761011830.629722,1761011892.741888,385,107,124.218529,0.683295,1.165427,True
755,1761011830.806529,1761012301.560711,967,398,941.485319,1.817013,2.366923,True
756,1761011831.150646,1761011868.824612,395,83,75.336157,3.11464,0.88075,True
757,1761011831.73662,1761012307.892344,1160,392,952.30228,2.661433,2.428749,True
758,1761011832.419419,1761011971.577904,1019,413,278.315498,3.112802,0.667968,True
759,1761011834.668199,1761011894.871417,181,172,120.389036,1.316924,0.696328,True
760,1761011835.193326,1761011854.072681,91,24,37.747041,0.868459,1.603417,True
761,1761011835.512938,1761011881.470964,409,125,91.906333,1.023905,0.732923,True
762,1761011835.59353,1761011871.222073,383,58,71.241351,0.706465,1.237454,True
763,1761011835.871717,1761011960.41345,1363,363,249.06802,4.47998,0.675658,True
764,1761011835.897619,1761012278.467837,1034,550,885.134226,2.274347,1.608124,True
765,1761011835.927132,1761011895.083203,200,174,118.302863,2.319718,0.670423,True
766,1761011838.45246,1761011962.919071,998,373,248.919233,3.796765,0.658931,True
767,1761011838.950192,1761011965.383926,203,217,252.861343,0.532036,1.168191,True
768,1761011840.028296,1761011988.819612,1317,268,297.56933,1.871521,1.107482,True
769,1761011840.200299,1761012329.50714,1001,399,978.611763,2.328434,2.452973,True
770,1761011840.681539,1761011894.700619,167,168,108.032767,2.611102,0.631267,True
771,1761011841.192485,1761012365.712685,1093,429,1049.018331,2.856748,2.444303,True
772,1761011841.575125,1761011855.366509,373,27,27.573506,1.715415,0.994542,True
773,1761011842.924578,1761011955.28277,209,194,224.709089,1.754345,1.155206,True
774,1761011843.79423,1761011894.066406,1314,161,100.537056,2.307822,0.613933,True
775,1761011843.906297,1761011853.237254,91,16,18.652644,2.323383,1.088617,True
776,1761011844.879852,1761012368.664719,1072,446,1047.553468,1.500123,2.350682,True
777,1761011845.923553,1761011886.605957,370,69,81.358918,1.466612,1.174887,True
778,1761011845.946548,1761011871.631559,379,88,51.368784,2.768513,0.558624,True
779,1761011846.044093,1761011884.923136,1129,136,77.746638,1.991851,0.561147,True
780,1761011846.256418,1761011897.535764,372,90,102.540973,0.868934,1.142382,True
781,1761011846.908992,1761011963.254683,1297,368,232.685301,3.767172,0.623755,True
782,1761011846.942374,1761012359.287487,1012,420,1024.688192,1.848843,2.441144,True
783,1761011846.94905,1761011877.166253,377,53,60.424494,0.968765,1.143379,True
784,1761011847.707441,1761012348.495316,1191,411,1001.569351,2.601047,2.436508,True
785,1761011850.95884,1761011903.809102,393,101,105.678548,0.88003,1.047985,True
786,1761011851.66743,1761012362.358294,1208,413,1021.370959,1.926571,2.47438,True
787,1761011853.069705,1761011869.27961,379,62,32.418314,0.759721,0.518993,True
788,1761011855.885633,1761011896.205085,394,70,80.628313,0.934709,1.15498,True
789,1761011856.040563,1761011906.576285,425,96,101.059326,1.108884,1.05211,True
790,1761011856.581857,1761011862.373712,313,18,11.58228,0.769089,0.63607,True
791,1761011856.699296,1761011969.197074,134,202,224.97961,0.669841,1.115969,True
792,1761011856.946664,1761012360.929873,181,418,1007.94433,0.610862,2.415668,True
793,1761011859.290331,1761011989.034063,1027,405,259.486113,1.966698,0.637424,True
794,1761011859.866584,1761012387.153844,1035,431,1054.570343,1.38595,2.449266,True
795,1761011860.296757,1761011911.256792,391,93,101.912346,1.580859,1.09056,True
796,1761011861.006484,1761011929.170362,395,118,136.315632,1.024077,1.156338,True
797,1761011863.830357,1761011898.509188,371,58,69.349639,0.619451,1.205793,True
798,1761011865.198915,1761012366.995182,1098,396,1003.585868,1.455214,2.53704,True
799,1761011865.564021,1761012198.298632,1296,398,665.468033,2.294477,1.670462,True
800,1761011865.91249,1761011961.421194,124,159,191.011489,1.593812,1.198846,True
801,1761011866.547443,1761011926.774544,394,104,120.437535,0.822188,1.161314,True
802,1761011866.877099,1761012367.706573,1230,399,1001.646073,1.93942,2.511826,True
803,1761011868.516163,1761011910.063557,380,74,83.084869,1.089657,1.123222,True
804,1761011869.246002,1761011877.800277,91,16,17.0929,0.775578,1.087821,True
805,1761011871.950929,1761012375.647279,1298,402,1007.380327,1.819278,2.507634,True
806,1761011872.696363,1761012383.324744,1101,405,1021.234942,2.847404,2.520761,True
807,1761011873.449881,1761012444.179699,998,518,1141.453498,1.632609,2.204683,True
808,1761011874.060107,1761011889.706145,378,52,31.286693,0.853307,0.596733,True
809,1761011874.095442,1761012243.032202,1033,394,737.854714,2.091294,1.872172,True
810,1761011874.537681,1761011904.788405,395,90,60.490208,2.337672,0.653399,True
811,1761011878.167424,1761012269.836315,1120,415,783.321029,2.047134,1.887135,True
812,1761011878.549766,1761011914.759181,420,104,72.411424,2.472658,0.679017,True
813,1761011879.594177,1761012386.234315,1138,396,1013.266822,1.488635,2.561464,True
814,1761011881.273481,1761011932.970394,406,89,103.386439,0.832198,1.165389,True
815,1761011881.702151,1761011968.324463,1314,152,173.226906,2.125255,1.133124,True
816,1761011883.745152,1761012414.701641,1057,445,1061.891977,1.537558,2.388186,True
817,1761011887.015555,1761012391.41845,1074,403,1008.78846,1.643898,2.505335,True
818,1761011887.66116,1761012335.792614,1133,432,896.257478,1.95523,2.074947,True
819,1761011887.743603,1761012421.845197,1110,451,1068.195736,3.410981,2.366188,True
820,1761011887.755549,1761011953.342276,1005,111,131.167981,2.210302,1.172343,True
821,1761011887.760093,1761011927.985861,853,106,80.433877,5.232619,0.716202,True
822,1761011888.848775,1761012288.898263,1198,396,800.076906,4.142187,2.015025,True
823,1761011889.103293,1761011927.581892,372,61,76.955806,2.320409,1.243923,True
824,1761011892.529185,1761011945.928442,381,91,106.79691,0.689084,1.178976,True
825,1761011893.182475,1761012396.233108,1112,404,1006.095439,1.671647,2.492367,True
826,1761011893.766196,1761011937.052927,956,75,86.551548,2.372712,1.137552,True
827,1761011893.813582,1761011953.003599,431,99,118.369565,2.7303,1.179993,True
828,1761011895.178021,1761012335.732931,957,414,881.092624,1.717821,2.129237,True
829,1761011895.559861,1761011942.557945,400,85,93.981667,1.452661,1.101536,True
830,1761011897.914036,1761011937.539889,394,93,79.229874,0.85365,0.851915,True
831,1761011900.786019,1761012441.165693,1216,456,1080.755536,1.635879,2.371692,True
832,1761011901.047414,1761011922.180673,1398,44,42.245376,2.423989,0.926079,True
833,1761011901.989555,1761011963.254414,218,179,122.519732,1.924525,0.677501,True
834,1761011902.41299,1761011960.545285,391,93,116.248724,0.652605,1.25648,True
835,1761011902.894071,1761011938.941749,383,83,72.083778,1.635555,0.859125,True
836,1761011903.281631,1761011958.243571,22,147,109.907751,1.285821,0.743986,True
837,1761011904.607287,1761012412.959791,1247,398,1016.688702,1.795467,2.556406,True
838,1761011904.794775,1761011956.451885,1318,139,103.3009,2.366604,0.731408,True
839,1761011905.347223,1761012223.455179,203,193,636.196695,1.572172,3.305336,True
840,1761011906.075576,1761012417.863132,1135,410,1023.573635,2.092397,2.497509,True
841,1761011906.559804,1761012345.867928,1009,393,878.606352,2.381804,2.235267,True
842,1761011906.656446,1761012418.701404,1249,413,1024.08376,3.005997,2.478344,True
843,1761011907.469506,1761011943.821288,391,94,72.690196,3.274573,0.746405,True
844,1761011907.570801,1761011960.45646,163,158,105.756135,3.293282,0.65263,True
845,1761011908.065772,1761011933.747153,404,71,51.361548,3.12011,0.689163,True
846,1761011908.92511,1761011945.196583,871,103,72.531502,1.560851,0.695791,True
847,1761011911.032942,1761012421.009211,978,401,1019.945143,1.330427,2.546537,True
848,1761011912.22252,1761011929.005123,372,28,33.551005,0.787772,1.213453,True
849,1761011913.17471,1761011955.117066,372,67,83.864403,0.715855,1.259826,True
850,1761011914.271745,1761012432.399931,1165,411,1036.234499,1.730448,2.523181,True
851,1761011914.460737,1761012405.369346,1262,373,981.799841,2.463942,2.632623,True
852,1761011915.231666,1761012379.304581,1216,421,928.126304,2.148002,2.20471,True
853,1761011915.430442,1761011922.226053,237,14,13.581833,2.534054,0.849829,True
854,1761011915.554397,1761011930.474029,91,24,29.833816,3.714471,1.135624,True
855,1761011915.573617,1761012413.384452,1196,385,995.611162,2.543349,2.586114,True
856,1761011916.404145,1761012427.066606,1116,411,1021.309711,2.819889,2.484122,True
857,1761011917.422396,1761012385.896748,1102,427,936.93319,2.023544,2.194624,True
858,1761011918.198339,1761011967.936938,414,84,99.46331,1.686731,1.178031,True
859,1761011919.869493,1761011961.421393,392,74,83.10183,0.626028,1.129805,True
860,1761011920.868782,1761011943.911202,386,57,46.077464,0.742528,0.809552,True
861,1761011922.873191,1761012434.617366,1111,415,1023.477032,1.618848,2.468256,True
862,1761011923.130971,1761012422.334351,997,393,998.395324,2.37676,2.540864,True
863,1761011923.174624,1761012375.778751,987,393,905.200701,1.791291,2.304616,True
864,1761011925.914646,1761012229.587931,203,167,607.334874,0.514104,3.655547,True
865,1761011927.025463,1761012285.469735,209,217,716.886487,0.432872,3.316915,True
866,1761011927.225582,1761011972.666303,908,90,90.863932,1.428281,1.004895,True
867,1761011928.292411,1761011966.765493,404,126,76.922943,0.901402,0.608172,True
868,1761011928.97962,1761012419.257979,1296,448,980.534765,2.639096,2.187686,True
869,1761011930.476272,1761011960.497374,396,87,60.0413,1.929885,0.675714,True
870,1761011931.109585,1761012449.117014,1035,411,1036.013236,1.582228,2.523002,True
871,1761011931.43426,1761011980.045203,416,99,97.216027,1.929679,0.97231,True
872,1761011931.98514,1761012205.612312,167,205,547.247854,0.800552,2.678663,True
873,1761011932.535978,1761012457.092114,907,429,1049.10583,1.894086,2.446756,True
874,1761011932.683632,1761011963.75254,429,108,62.122613,0.922394,0.571965,True
875,1761011932.881404,1761011962.450299,1361,98,59.122412,3.125244,0.57729,True
876,1761011933.015324,1761012260.399549,130,173,654.751364,1.815681,3.796138,True
877,1761011933.229745,1761012209.455662,203,217,552.436956,2.823778,2.544505,True
878,1761011933.538737,1761012278.819928,126,203,690.554585,1.377456,3.411768,True
879,1761011933.611653,1761011963.877373,1082,105,60.524894,3.311109,0.550133,True
880,1761011934.379308,1761011954.469656,397,54,40.159221,2.975327,0.701583,True
881,1761011937.095789,1761011958.109609,383,72,42.020077,1.040805,0.577173,True
882,1761011937.421069,1761012245.868233,416,144,616.879584,0.801466,4.308239,True
883,1761011938.127254,1761012449.04044,1072,411,1021.810926,1.565454,2.488404,True
884,1761011938.239599,1761012200.124988,380,112,523.752115,1.77717,4.702477,True
885,1761011938.850966,1761012480.598695,1161,440,1083.482723,3.135991,2.460926,True
886,1761011938.902004,1761012318.442733,197,217,759.067887,1.277423,3.508289,True
887,1761011939.574222,1761011972.169106,368,62,65.182298,0.990412,1.052326,True
888,1761011939.683073,1761012447.362628,1101,402,1015.340756,1.878447,2.527337,True
889,1761011939.688246,1761011978.503788,405,142,77.601916,0.870489,0.544195,True
890,1761011939.885046,1761011968.594006,181,119,57.40863,1.12522,0.476978,True
891,1761011940.226253,1761011958.330662,910,60,36.207771,2.167875,0.576947,True
892,1761011942.768869,1761012451.653989,994,396,1017.768073,1.362938,2.573178,True
893,1761011943.062772,1761012532.354357,1201,497,1178.568087,2.803911,2.370492,True
894,1761011945.87832,1761011968.035331,400,95,44.308784,0.799717,0.462862,True
895,1761011946.084511,1761011992.903338,404,101,93.632279,0.729648,0.929026,True
896,1761011946.959824,1761012408.41067,1001,371,922.895636,3.438633,2.485019,True
897,1761011947.10491,1761012424.256509,1004,412,954.294408,3.292612,2.313873,True
898,1761011947.48052,1761012450.167185,1118,385,1005.354582,1.92616,2.613095,True
899,1761011948.201964,1761011973.878411,391,98,51.343447,2.968283,0.498713,True
900,1761011948.622897,1761011978.596684,374,70,59.946074,1.443465,0.847864,True
901,1761011949.420862,1761012248.868935,395,132,598.883337,0.79389,4.565568,True
902,1761011949.80429,1761012261.64385,1318,151,623.676921,2.256149,4.142805,True
903,1761011951.395921,1761011986.090373,373,126,69.381472,0.857848,0.548189,True
904,1761011951.546079,1761012335.943972,167,217,768.777328,1.113034,3.554001,True
905,1761011954.144269,1761012205.685306,404,96,503.065143,0.691961,5.288139,True
906,1761011955.852462,1761012203.5731,399,91,495.424435,0.871758,5.49503,True
907,1761011956.575662,1761011960.324131,309,18,7.485461,0.780381,0.394416,True
908,1761011957.163124,1761012222.662845,914,100,530.990447,1.42624,5.349133,True
909,1761011958.645841,1761012223.381326,398,99,529.467401,1.845428,5.383898,True
910,1761011958.670724,1761012477.450251,923,416,1037.542175,1.814731,2.495729,True
911,1761011959.542466,1761012208.333771,392,91,497.560495,1.540549,5.511333,True
912,1761011962.745917,1761012317.069654,206,171,708.637849,0.46958,4.165696,True
913,1761011963.795275,1761012482.199701,1231,416,1036.804195,2.914348,2.491301,True
914,1761011963.803677,1761012490.543766,1181,415,1053.47172,1.52021,2.540946,True
915,1761011964.76531,1761012201.820347,374,73,474.087666,2.531801,6.549387,True
916,1761011965.35364,1761012251.552508,396,120,572.379456,0.888206,4.802447,True
917,1761011965.671691,1761012358.71837,181,209,786.091047,1.882793,3.770232,True
918,1761011968.394986,1761012218.64103,1658,82,500.476528,2.857852,6.14344,True
919,1761011968.398271,1761012307.946534,165,158,679.066881,0.51307,4.321999,True
920,1761011969.391668,1761012280.006705,405,133,621.219575,0.692066,4.700966,True
921,1761011971.407327,1761012482.405975,1205,409,1021.987146,2.351582,2.499107,True
922,1761011972.00452,1761012477.310349,1120,397,1010.599526,3.635391,2.542839,True
923,1761011972.921198,1761011989.513321,367,49,33.1671,3.234031,0.623606,True
924,1761011973.739133,1761012259.877403,405,96,572.258864,0.786114,6.015503,True
925,1761011975.76209,1761012249.082083,442,78,546.631969,0.720955,7.089753,True
926,1761011978.101387,1761012500.236171,1009,399,1044.260634,1.564739,2.619839,True
927,1761011979.170148,1761012270.18325,375,94,582.008183,1.298022,6.244195,True
928,1761011980.300351,1761012509.976161,1009,399,1059.343858,1.693465,2.657413,True
929,1761011980.604598,1761012346.090883,1313,162,730.954278,2.34284,4.525537,True
930,1761011980.836882,1761012542.435481,1133,432,1123.190999,2.468335,2.600285,True
931,1761011981.600038,1761012253.538234,385,77,543.854325,2.071521,7.128721,True
932,1761011981.946371,1761012517.759297,1296,405,1071.602576,2.886305,2.645337,True
933,1761011983.259808,1761012546.474265,1199,440,1126.419965,3.066871,2.558891,True
934,1761011983.305838,1761012360.648518,1321,180,754.663381,2.610089,4.201415,True
935,1761011985.823465,1761012269.407898,437,92,567.161854,0.971405,6.221873,True
936,1761011985.989627,1761012264.074399,440,84,556.166917,1.129463,6.687198,True
937,1761011990.047098,1761012264.643888,381,67,549.175466,0.802689,8.308678,True
938,1761011990.473221,1761012303.829883,420,103,626.704171,0.696931,6.137326,True
939,1761011991.622541,1761012558.531908,1060,450,1133.809394,1.908343,2.520938,True
940,1761011992.589555,1761012510.114203,1199,374,1035.046329,0.0,2.774923,True
941,1761011992.676105,1761012312.047258,390,100,638.726731,0.0,6.451785,True
942,1761011994.544993,1761012409.980015,203,217,667.897996,67.808717,2.778191,True
943,1761011994.893849,1761012710.844806,999,575,1269.604737,76.123428,2.079236,True
944,1761011995.829366,1761012568.469729,1231,463,984.833435,51.009041,2.021265,True
945,1761011997.261249,1761012541.506991,1165,409,930.886997,70.673656,2.108366,True
946,1761011997.74579,1761012531.669415,987,393,911.190568,73.247955,2.137609,True
947,1761011997.889497,1761012318.511011,414,101,484.850537,67.754801,4.170957,True
948,1761011998.262683,1761012322.216846,396,102,492.241697,76.069941,4.120512,True
949,1761011998.432763,1761012337.634134,1865,122,523.056439,64.637597,3.788585,True
950,1761011998.444087,1761012285.528485,390,83,418.822963,70.620541,4.246371,True
951,1761011998.453389,1761012552.589546,1083,429,952.923985,73.195036,2.055441,True
952,1761011998.715446,1761012271.618172,373,69,390.960402,67.702225,4.753797,True
953,1761012002.120713,1761012298.416974,401,89,444.537944,76.017629,4.187731,True
954,1761012002.43726,1761012385.107918,203,183,617.897522,64.584815,3.04018,True
955,1761012003.480141,1761012510.034683,1233,377,867.731196,70.568147,2.120114,True
956,1761012005.075015,1761012552.589358,1133,429,952.820258,73.142802,2.055321,True
957,1761012005.739271,1761012533.96129,1199,396,915.543672,67.650399,2.146565,True
958,1761012006.086918,1761012309.465117,1226,95,466.52958,75.965491,4.154937,True
959,1761012006.440692,1761012531.809437,1031,397,911.196634,64.532458,2.138041,True
960,1761012007.518221,1761012386.662852,206,189,620.881937,70.51503,2.927484,True
961,1761012007.605384,1761012637.583938,980,516,1122.702068,73.089417,2.038083,True
962,1761012007.64387,1761012384.821128,167,179,617.155121,67.596284,3.087409,True
963,1761012008.127053,1761012346.94891,405,128,541.387524,89.825387,3.555607,True
964,1761012008.169658,1761012266.261356,376,62,379.991289,64.478257,5.172345,True
965,1761012008.53356,1761012368.807,1313,169,585.062574,70.461231,3.063103,True
966,1761012008.54684,1761012418.07722,1320,239,683.581027,73.035159,2.565319,True
967,1761012008.877391,1761012318.511019,1052,101,484.427183,67.542906,4.168843,True
968,1761012010.264776,1761012771.833497,1060,658,1391.050434,89.77224,1.980637,True
969,1761012010.514491,1761012531.136504,1049,395,909.631805,64.42493,2.145195,True
970,1761012011.070397,1761012314.809353,408,104,476.958825,70.407425,3.947101,True
971,1761012011.661829,1761012209.17522,91,16,265.669967,72.981687,12.845885,True
972,1761012012.278355,1761012418.287955,1313,234,683.871957,67.488517,2.645422,True
973,1761012013.283676,1761012388.893274,206,186,625.062424,89.718309,2.893752,True
974,1761012013.391955,1761012365.640092,128,159,578.534381,64.370446,3.254202,True
975,1761012015.194036,1761012509.34858,1150,375,865.927799,70.352903,2.127206,True
976,1761012015.230581,1761012551.326898,1196,425,949.862569,72.926732,2.068245,True
977,1761012015.59168,1761012320.128742,406,102,487.44416,67.433925,4.158517,True
978,1761012015.612064,1761012301.488014,388,92,450.14095,89.663412,3.961292,True
979,1761012015.862683,1761012531.470797,980,396,910.086619,64.316089,2.141191,True
980,1761012016.49646,1761012364.438092,173,158,575.999888,70.29933,3.221023,True
981,1761012016.594704,1761012299.528457,407,91,446.160286,72.873836,4.147627,True
982,1761012016.774569,1761012542.759611,963,407,932.600773,67.38082,2.131084,True
983,1761012016.898949,1761012264.152932,1808,56,375.364455,89.610292,5.19553,True
984,1761012018.109682,1761012263.851581,379,59,374.740693,64.262629,5.35307,True
985,1761012018.456461,1761012301.349552,413,96,449.713897,70.245076,3.994409,True
986,1761012018.873015,1761012551.326602,1146,425,949.646074,86.822135,2.034962,True
987,1761012020.122351,1761012535.242335,1060,397,917.455793,81.28491,2.111543,True
988,1761012020.18108,1761012409.834455,191,217,666.619127,89.555702,2.67159,True
989,1761012021.036255,1761012301.201675,394,93,449.332148,64.207811,4.186134,True
990,1761012021.423473,1761012542.499015,1204,412,931.904577,70.19039,2.096628,True
991,1761012021.548041,1761012405.369055,197,217,657.622132,86.767761,2.642844,True
992,1761012022.148592,1761012525.452703,1207,386,897.768419,81.230722,2.120877,True
993,1761012022.518633,1761012362.3583,23,149,571.558402,89.501413,3.257142,True
994,1761012022.536978,1761012303.829548,396,95,454.47944,64.154115,4.152397,True
995,1761012022.764677,1761012544.443128,923,418,935.686922,83.836599,2.042807,True
996,1761012023.070175,1761012306.709138,396,96,460.196056,86.714671,3.931383,True
997,1761012023.070295,1761012548.699317,923,417,944.154634,81.177008,2.074465,True
998,1761012023.15428,1761012548.881567,1262,415,944.498171,89.447893,2.065339,True
999,1761012023.25444,1761012551.144501,1102,427,949.003944,78.00725,2.044593,True
1000,1761012023.848835,1761012290.50363,371,85,427.700745,83.783379,4.094254,True
1001,1761012025.516801,1761012509.417948,1186,371,865.507916,86.661976,2.104989,True
1002,1761012026.051463,1761012334.217723,181,111,515.086376,81.123876,3.945114,True
1003,1761012026.059754,1761012514.243567,1008,373,875.115939,89.395169,2.112153,True
1004,1761012026.098267,1761012535.172691,1225,401,916.953444,77.954021,2.097499,True
1005,1761012026.596668,1761012550.341674,1181,426,947.271566,83.73037,2.031862,True
1006,1761012027.022407,1761012373.341172,1311,169,593.248806,86.608904,3.015714,True
1007,1761012028.515981,1761012384.821036,200,179,616.186246,81.071114,3.006265,True
1008,1761012032.718557,1761012536.933466,1060,397,920.389562,89.342218,2.098604,True
1009,1761012034.157021,1761012236.344019,763,30,319.188631,77.900917,8.320266,True
1010,1761012035.615711,1761012383.751694,1353,181,613.984275,83.676843,2.946152,True
1011,1761012038.251835,1761012543.863915,1035,411,934.187754,86.555699,2.067395,True
1012,1761012040.307184,1761012333.865689,394,110,514.170435,81.018368,3.973872,True
1013,1761012041.544568,1761012397.742222,126,203,641.900998,89.288782,2.735704,True
1014,1761012041.591314,1761012556.044662,1264,440,958.484949,77.847777,2.006007,True
1015,1761012042.776515,1761012209.107064,91,16,264.587574,83.623408,12.064278,True
1016,1761012043.105183,1761012260.835909,382,53,368.022875,86.501544,5.413872,True
1017,1761012043.221547,1761012297.207749,395,88,440.74575,80.964435,4.135417,True
1018,1761012044.773338,1761012536.599534,1004,396,919.509441,102.686848,2.067905,True
1019,1761012045.280193,1761012985.215002,181,1000,1816.717713,77.793906,1.740664,True
1020,1761012046.220281,1761012531.943636,1031,397,910.151989,83.569526,2.087329,True
1021,1761012046.658047,1761012292.30085,416,86,430.846384,86.448096,4.051745,True
1022,1761012048.353412,1761012391.487632,171,198,629.199098,80.910734,2.78319,True
1023,1761012049.719686,1761012281.466464,383,76,409.134846,102.63309,4.08669,True
1024,1761012050.170706,1761012568.469543,1133,463,983.120435,77.741066,1.959696,True
1025,1761012051.675952,1761012297.273051,419,93,440.706358,83.516997,3.882493,True
1026,1761012052.071286,1761012533.042009,1083,397,912.223219,86.395391,2.085424,True
1027,1761012053.20475,1761012532.566786,1146,394,911.250462,80.857543,2.112959,True
1028,1761012054.182268,1761012297.048374,385,88,440.191519,102.57974,3.880595,True
1029,1761012056.669489,1761012544.957033,1264,418,935.98791,77.686842,2.058276,True
1030,1761012057.667369,1761012314.455614,402,103,474.964191,83.462963,3.838247,True
1031,1761012058.913096,1761012357.017481,415,142,560.066348,86.341676,3.359749,True
1032,1761012059.873926,1761012269.258436,386,66,384.526604,80.803906,4.672657,True
1033,1761012061.625071,1761012353.387027,1312,134,552.762922,102.526846,3.385234,True
1034,1761012061.899091,1761012532.48719,1009,399,910.94294,91.769526,2.058225,True
1035,1761012061.917481,1761012504.41413,1196,373,854.773702,83.410019,2.073558,True
1036,1761012062.042909,1761012532.354349,1007,395,910.632965,100.245462,2.056821,True
1037,1761012063.002504,1761012532.224899,1024,393,910.353219,80.750857,2.116333,True
1038,1761012064.996961,1761012572.506719,923,468,990.896289,102.473352,1.902405,True
1039,1761012065.52505,1761012941.677351,1318,918,1729.216143,91.716199,1.785714,True
1040,1761012068.568194,1761012300.986648,432,95,447.812584,83.356688,3.87719,True
1041,1761012069.812246,1761012552.589209,1010,429,950.995921,100.192148,1.987859,True
1042,1761012071.082058,1761012283.654272,371,78,413.103766,80.696812,4.316973,True
1043,1761012071.622183,1761012301.117535,403,91,448.010031,102.419738,3.839892,True
1044,1761012073.186286,1761012301.560791,389,94,448.874902,91.66204,3.840999,True
1045,1761012074.111702,1761012569.470367,1072,468,984.673931,97.12591,1.900531,True
1046,1761012075.58322,1761012334.727516,391,116,515.165324,100.138609,3.608928,True
1047,1761012075.921643,1761012329.436379,396,105,504.563024,80.643727,4.076147,True
1048,1761012078.935176,1761012386.453686,209,179,615.026413,100.591729,2.890082,True
1049,1761012079.947675,1761012535.172776,1136,401,910.433477,88.829236,2.054011,True
1050,1761012082.329995,1761012172.891212,206,183,181.100624,1.26195,0.988125,True
1051,1761012082.41377,1761012166.354927,203,162,167.88102,1.637555,1.032568,True
1052,1761012083.502114,1761012301.032087,1025,414,435.04232,1.986424,1.048561,True
1053,1761012084.553262,1761012107.560374,944,40,46.000789,2.549486,1.114136,True
1054,1761012084.98346,1761012420.243454,1227,625,670.512133,3.250889,1.069329,True
1055,1761012086.074872,1761012284.26031,1211,368,396.361504,4.637582,1.067368,True
1056,1761012086.280989,1761012285.29256,1186,377,398.01758,5.275426,1.044527,True
1057,1761012086.524429,1761012159.315147,408,129,145.574041,2.393019,1.118602,True
1058,1761012087.859002,1761012504.414025,1139,373,833.107446,86.399222,2.00728,True
1059,1761012088.604101,1761012348.219886,419,130,519.213247,88.670017,3.337544,True
1060,1761012088.772854,1761012557.293105,1199,441,937.034516,82.757888,1.941538,True
1061,1761012089.403144,1761012377.238689,30,164,575.661729,90.12481,2.978754,True
1062,1761012089.777277,1761012285.196889,1008,373,390.827495,5.174431,1.036702,True
1063,1761012090.23107,1761012287.964033,1150,387,395.444588,3.117739,1.016391,True
1064,1761012090.843843,1761012532.487344,1009,399,883.269255,77.932368,2.02346,True
1065,1761012092.330454,1761012368.612927,1231,526,552.551284,4.459188,1.043985,True
1066,1761012093.15184,1761012543.14337,1027,414,899.964442,81.09832,1.982727,True
1067,1761012093.527325,1761012177.671035,203,181,168.28177,3.707704,0.9143,True
1068,1761012093.939706,1761012316.559124,388,103,445.224062,83.336434,3.547918,True
1069,1761012095.434961,1761012532.566906,1231,394,874.250857,76.092689,2.030937,True
1070,1761012095.451821,1761012332.007421,1029,438,473.089436,3.185187,1.075296,True
1071,1761012095.706979,1761012528.78323,1009,385,866.13062,83.813883,2.037283,True
1072,1761012099.075266,1761012527.430558,1205,391,856.706385,69.707839,2.017945,True
1073,1761012100.688523,1761012306.623954,393,99,411.847833,73.559522,3.451922,True
1074,1761012100.782216,1761012260.466648,369,52,319.345863,76.489857,4.761882,True
1075,1761012101.603322,1761012532.225057,1010,393,861.230845,69.924703,2.018638,True
1076,1761012102.673995,1761012535.122726,1049,395,864.889806,76.854109,2.000091,True
1077,1761012102.899755,1761012146.398421,387,73,86.985861,0.830183,1.196607,True
1078,1761012103.754691,1761012323.990078,1010,397,440.454746,1.772158,1.107784,True
1079,1761012104.517775,1761012556.647418,912,442,904.241062,64.258331,1.904723,True
1080,1761012105.658695,1761012328.766775,981,393,446.194289,1.748518,1.13379,True
1081,1761012106.12865,1761012531.943366,1083,397,851.627645,68.129759,1.97853,True
1082,1761012106.196025,1761012133.471218,1076,51,54.540702,3.093089,1.028952,True
1083,1761012106.373641,1761012388.358358,1195,507,563.967514,3.845538,1.10696,True
1084,1761012107.340394,1761012334.352288,1007,415,454.002377,3.600844,1.087926,True
1085,1761012107.597159,1761012221.166594,167,217,227.137645,7.211265,1.018178,True
1086,1761012108.617944,1761012136.894696,379,60,56.552164,6.190496,0.853588,True
1087,1761012109.025314,1761012334.453603,1230,414,450.855183,3.755148,1.082567,True
1088,1761012109.648235,1761012260.466641,1596,52,301.617573,67.625801,4.588074,True
1089,1761012110.366705,1761012390.305595,1195,507,559.87202,6.177344,1.094258,True
1090,1761012110.582687,1761012132.28746,1201,45,43.408164,3.894952,0.898028,True
1091,1761012113.909776,1761012306.54188,931,92,385.257318,57.621139,3.600398,True
1092,1761012114.126981,1761012549.200188,1264,416,870.126666,76.303674,1.912826,True
1093,1761012114.131215,1761012177.837294,1351,145,127.379077,4.391759,0.854079,True
1094,1761012114.658525,1761012292.071925,386,86,354.811851,54.119488,3.537557,True
1095,1761012116.372007,1761012324.300705,1227,392,415.855824,5.615821,1.049207,True
1096,1761012116.443713,1761012332.265139,1009,399,431.64167,3.573644,1.075548,True
1097,1761012117.520098,1761012322.539315,1007,385,410.036915,5.951556,1.052306,True
1098,1761012118.458464,1761012504.413847,1231,373,771.897985,55.79457,1.925009,True
1099,1761012118.748744,1761012386.38602,130,185,535.272156,58.533485,2.590971,True
1100,1761012119.315191,1761012278.18072,391,76,317.725216,52.215534,3.540129,True
1101,1761012119.316408,1761012158.983672,380,86,79.308818,4.384752,0.88146,True
1102,1761012120.041126,1761012329.655316,407,106,419.210446,70.390468,3.322095,True
1103,1761012120.435253,1761012510.249876,1136,377,779.627647,61.47002,1.909994,True
1104,1761012120.660208,1761012268.607185,956,65,295.871981,53.588021,3.785687,True
1105,1761012121.128498,1761012532.354005,1262,395,822.428852,56.143517,1.944887,True
1106,1761012121.20306,1761012497.10447,181,357,751.786875,50.322832,1.970405,True
1107,1761012121.349591,1761012126.148543,91,16,9.590273,2.427311,0.477531,True
1108,1761012121.520581,1761012536.933362,1086,397,830.813152,68.914232,1.923987,True
1109,1761012122.972735,1761012552.713976,1112,432,859.472658,58.928341,1.857411,True
1110,1761012124.391201,1761012397.25723,200,211,545.715235,49.859888,2.361216,True
1111,1761012125.208007,1761012533.041864,1120,397,815.661749,52.072102,1.928257,True
1112,1761012125.973252,1761012521.49669,1082,385,791.025056,45.549606,1.941342,True
1113,1761012127.165591,1761012335.660706,1156,396,416.978481,2.187854,1.050103,True
1114,1761012127.970529,1761012544.572692,1060,411,833.190423,62.463164,1.879823,True
1115,1761012128.387313,1761012551.454489,1139,428,846.121936,53.51276,1.856228,True
1116,1761012130.76485,1761012397.257488,206,211,532.974911,43.48935,2.330884,True
1117,1761012134.032727,1761012532.022047,1009,394,795.956784,52.524384,1.891685,True
1118,1761012134.166597,1761012278.530185,375,77,288.725135,37.366407,3.307352,True
1119,1761012134.382198,1761012219.02555,1314,161,169.285547,2.317467,1.04355,True
1120,1761012135.10598,1761012184.368331,435,103,98.50492,2.425548,0.941955,True
1121,1761012135.107198,1761012362.358122,409,149,454.460469,55.313747,2.696937,True
1122,1761012137.693076,1761012361.254092,1211,408,447.107614,2.089351,1.093411,True
1123,1761012137.753074,1761012509.556674,1035,375,743.589049,44.143989,1.870174,True
1124,1761012138.298031,1761012461.08669,1227,656,645.567599,3.666074,0.980002,True
1125,1761012140.213067,1761012546.398894,1203,421,812.368781,44.303848,1.828726,True
1126,1761012140.544246,1761012369.428469,1024,429,457.759073,3.215912,1.062017,True
1127,1761012140.722975,1761012394.393996,171,205,507.31946,45.833989,2.262184,True
1128,1761012140.723118,1761012382.981127,200,174,484.471337,30.788835,2.622442,True
1129,1761012141.978695,1761012542.305574,923,404,800.646055,48.458063,1.866471,True
1130,1761012142.034623,1761012384.763101,20,182,485.43436,39.860546,2.461734,True
1131,1761012143.550563,1761012169.559599,383,75,52.004163,0.969213,0.689661,True
1132,1761012143.66714,1761012669.94987,1156,536,1052.558705,40.847702,1.891049,True
1133,1761012144.287195,1761012370.148927,1060,429,451.71208,2.064721,1.050578,True
1134,1761012145.366613,1761012250.949233,181,190,211.155401,1.426873,1.109675,True
1135,1761012145.430648,1761012363.331583,1030,411,435.79636,2.799118,1.056091,True
1136,1761012145.440834,1761012533.042165,1009,397,775.193929,41.123184,1.853714,True
1137,1761012147.170802,1761012370.405604,980,425,446.468059,2.898719,1.046154,True
1138,1761012148.707112,1761012368.45859,1204,411,439.497678,3.413307,1.06362,True
1139,1761012149.160017,1761012314.744837,402,97,331.155581,22.366895,3.216549,True
1140,1761012151.058394,1761012514.243899,1199,373,726.352738,39.373371,1.846719,True
1141,1761012151.541037,1761012368.304867,998,415,433.520068,2.370495,1.041424,True
1142,1761012152.420168,1761012346.66511,415,131,388.487089,29.484924,2.761555,True
1143,1761012152.502085,1761012521.573549,1156,390,738.140505,32.014699,1.815233,True
1144,1761012152.642136,1761012159.234241,311,18,13.176469,1.913473,0.662529,True
1145,1761012152.777678,1761012357.824113,1264,395,410.091567,3.479146,1.032011,True
1146,1761012153.035448,1761012506.22579,1207,368,706.364388,33.52454,1.833351,True
1147,1761012153.723529,1761012178.004905,373,75,48.540951,2.7389,0.618947,True
1148,1761012154.631127,1761012356.142702,436,136,403.000289,16.891761,2.860063,True
1149,1761012156.799129,1761012553.565663,1025,428,793.512694,33.631895,1.77958,True
1150,1761012157.908139,1761012366.349966,439,161,416.867081,23.989963,2.455482,True
1151,1761012158.070024,1761012528.992599,963,393,741.8222,26.436649,1.824963,True
1152,1761012159.030957,1761012252.960442,1130,45,187.848433,27.532112,3.643553,True
1153,1761012159.339539,1761012551.516571,1139,425,784.340272,22.81396,1.796053,True
1154,1761012160.362019,1761012264.15294,383,56,207.572908,30.07485,3.227237,True
1155,1761012161.831,1761012375.708578,912,395,427.739456,1.682085,1.081364,True
1156,1761012163.325093,1761012258.195744,206,179,189.723665,0.686815,1.062005,True
1157,1761012164.143209,1761012584.819431,1179,498,841.335431,17.754695,1.657104,True
1158,1761012168.122436,1761012177.245841,120,12,18.230904,0.341094,1.626346,True
1159,1761012168.39939,1761012210.803097,311,18,84.79025,16.110351,4.039994,True
1160,1761012169.43494,1761012231.157027,1989,88,123.442398,3.41321,1.379646,True
1161,1761012170.07011,1761012529.406155,1086,390,718.670861,16.497047,1.805074,True
1162,1761012171.281962,1761012529.264155,1219,388,715.950527,10.871423,1.82191,True
1163,1761012171.604366,1761012252.568024,392,122,161.92609,1.987619,1.321806,True
1164,1761012172.373553,1761012279.102254,1313,176,213.452078,2.878796,1.203276,True
1165,1761012173.740514,1761012549.828636,1146,418,752.158371,20.894498,1.75363,True
1166,1761012174.949293,1761012401.920788,1036,403,453.927516,2.078118,1.124003,True
1167,1761012176.373182,1761012541.37604,1024,407,729.993079,14.186004,1.763072,True
1168,1761012178.12086,1761012527.217792,1216,392,698.192745,13.007219,1.752393,True
1169,1761012178.857632,1761012329.942677,790,111,302.15995,12.466349,2.633578,True
1170,1761012179.59728,1761012248.479556,1474,94,137.751043,2.453096,1.454817,True
1171,1761012181.954355,1761012269.258245,1733,66,174.594704,8.869064,2.549625,True
1172,1761012182.090307,1761012401.655223,1227,383,439.123882,2.234071,1.143691,True
1173,1761012182.262266,1761012419.875881,1233,423,475.215519,3.763944,1.117184,True
1174,1761012184.781201,1761012536.93319,1031,397,704.291358,9.856789,1.753623,True
1175,1761012184.83767,1761012531.136371,1049,395,692.59134,9.926912,1.732651,True
1176,1761012188.961162,1761012346.091073,181,132,314.25758,5.902648,2.353854,True
1177,1761012189.234962,1761012510.113943,983,373,641.747987,6.3214,1.708136,True
1178,1761012189.564259,1761012419.977965,998,402,460.817564,1.82192,1.144628,True
1179,1761012190.209128,1761012291.066129,406,81,201.705426,4.610185,2.463691,True
1180,1761012190.365039,1761012541.639387,1130,402,702.527137,4.267824,1.741295,True
1181,1761012191.146581,1761012424.733911,181,257,467.168243,4.513894,1.807244,True
1182,1761012193.730144,1761012504.414033,1169,373,621.345072,3.42804,1.661067,True
1183,1761012194.06834,1761012548.825139,1029,418,709.506942,3.428677,1.693233,True
1184,1761012194.294318,1761012423.132747,923,399,457.667346,1.616669,1.145856,True
1185,1761012194.301097,1761012422.364327,1144,395,456.109735,2.558729,1.151145,True
1186,1761012194.441849,1761012514.370692,1134,379,639.835693,2.292876,1.686621,True
1187,1761012194.818657,1761012425.49933,1151,407,461.359937,5.591132,1.122583,True
1188,1761012195.127941,1761012432.033303,1183,429,473.795275,6.299295,1.09228,True
1189,1761012195.160084,1761012420.243607,1017,386,450.152838,3.359138,1.160503,True
1190,1761012195.545283,1761012429.523631,1203,421,467.941242,4.047736,1.104508,True
1191,1761012196.409304,1761012292.009432,380,81,191.184361,1.753957,2.36788,True
1192,1761012198.185979,1761012521.434142,1156,388,646.490261,1.528022,1.666569,True
1193,1761012198.882625,1761012425.908652,1191,409,454.030383,4.391671,1.102056,True
1194,1761012200.103313,1761012544.379947,1156,408,688.552147,1.521787,1.688035,True
1195,1761012200.462922,1761012740.096907,1102,612,1079.265374,2.558753,1.762204,True
1196,1761012200.805136,1761012420.397303,1149,385,439.17688,3.289062,1.135125,True
1197,1761012201.023612,1761012532.630557,1064,394,663.195568,2.347913,1.681546,True
1198,1761012202.155217,1761012535.122718,1182,388,665.918956,2.895129,1.71324,True
1199,1761012203.315227,1761012423.740388,981,400,440.840683,2.559362,1.098449,True
1200,1761012203.646473,1761012253.424057,1339,69,99.553198,3.420491,1.413716,True
1201,1761012206.002022,1761012546.474272,1033,406,680.936041,1.371963,1.677936,True
1202,1761012206.422328,1761012432.759749,1112,431,452.66495,2.562382,1.04675,True
1203,1761012209.088633,1761012538.287793,1051,382,658.387987,1.513284,1.724081,True
1204,1761012209.233139,1761012424.306301,1010,397,430.128692,1.905155,1.081373,True
1205,1761012209.45015,1761012551.897289,1115,413,684.875347,3.989357,1.652636,True
1206,1761012210.775968,1761012549.703548,1025,407,677.839378,2.66512,1.662991,True
1207,1761012211.039102,1761012423.334417,1143,393,424.589302,2.056285,1.07789,True
1208,1761012211.186456,1761012531.610741,1226,379,640.831483,3.915963,1.684962,True
1209,1761012212.899584,1761012556.219439,1024,419,686.62741,2.510033,1.636644,True
1210,1761012213.897139,1761012431.93678,1136,418,436.071621,2.029123,1.040869,True
1211,1761012214.198796,1761012549.009414,1083,399,669.619818,4.372544,1.671476,True
1212,1761012214.40444,1761012322.216648,1989,83,215.605249,3.625343,2.585121,True
1213,1761012214.628271,1761012436.185847,1046,438,443.093651,3.142744,1.006753,True
1214,1761012215.11868,1761012531.136198,1025,375,632.013705,3.070377,1.681667,True
1215,1761012215.449644,1761012333.387098,1317,192,235.865275,3.431863,1.216929,True
1216,1761012215.939959,1761012550.341958,1083,407,668.788918,4.366692,1.636508,True
1217,1761012215.960485,1761012700.746568,1036,538,969.555399,4.697132,1.796757,True
1218,1761012216.502311,1761012548.699404,1035,398,664.379491,3.42759,1.664866,True
1219,1761012218.085064,1761012335.154765,398,94,234.137431,2.639957,2.48922,True
1220,1761012218.895189,1761012652.671232,1179,511,867.537868,3.655118,1.693888,True
1221,1761012219.690291,1761012429.175531,1009,399,418.958884,1.426139,1.049077,True
1222,1761012219.782686,1761012544.957309,1030,396,650.336574,3.472994,1.637629,True
1223,1761012219.794765,1761012329.507223,403,94,219.413467,2.757542,2.329634,True
1224,1761012219.972997,1761012421.688535,1003,372,403.429485,2.873996,1.079664,True
1225,1761012220.089008,1761012365.501744,181,136,290.80847,2.504771,2.135583,True
1226,1761012220.705795,1761012425.859067,1037,390,410.300789,3.184349,1.046572,True
1227,1761012221.508268,1761012425.546123,1070,387,408.055666,5.685254,1.04241,True
1228,1761012221.515523,1761012549.009496,1054,397,654.961124,3.813215,1.644313,True
1229,1761012222.369801,1761012552.026767,1171,402,659.307328,2.259722,1.638523,True
1230,1761012222.899163,1761012278.806376,1474,94,111.802802,3.572117,1.163771,True
1231,1761012225.09657,1761012549.828929,1111,396,649.445742,1.889159,1.639384,True
1232,1761012225.113407,1761012422.256456,983,373,394.280556,3.857638,1.049524,True
1233,1761012226.015897,1761012544.573002,1150,389,637.111714,2.467295,1.635681,True
1234,1761012226.311378,1761012435.337,986,426,418.049842,3.596481,0.975184,True
1235,1761012226.686643,1761012569.766438,1015,446,686.153953,2.829911,1.53556,True
1236,1761012227.451398,1761012557.11438,1010,415,659.311541,3.813859,1.583328,True
1237,1761012228.664969,1761012367.706279,1317,135,278.076214,3.28414,2.050687,True
1238,1761012228.80627,1761012579.758973,1142,458,701.895303,3.488353,1.528243,True
1239,1761012228.806424,1761012541.168001,1082,385,624.693014,2.104538,1.621324,True
1240,1761012232.367278,1761012563.73658,1170,422,662.723975,3.847215,1.565028,True
1241,1761012232.411759,1761012335.076166,1785,91,205.318339,3.804941,2.239038,True
1242,1761012232.604188,1761012275.571083,1896,68,85.932527,3.125427,1.235927,True
1243,1761012235.137002,1761012331.646847,1312,157,193.018192,2.905694,1.21867,True
1244,1761012236.341253,1761012433.339121,1039,397,393.978528,3.499941,0.986057,True
1245,1761012236.370936,1761012553.076882,1172,402,633.38999,1.76321,1.575129,True
1246,1761012239.250453,1761012453.756624,995,452,428.996633,2.399743,0.945891,True
1247,1761012239.255688,1761012553.68556,1020,400,628.83158,3.263069,1.567841,True
1248,1761012239.359107,1761012555.446704,1140,404,632.167259,1.646092,1.564569,True
1249,1761012239.541419,1761012566.769996,1088,421,654.444828,2.985419,1.551094,True
1250,1761012239.793784,1761012433.819627,998,399,388.030977,2.599251,0.968421,True
1251,1761012239.926475,1761012288.929803,420,112,98.005249,2.73127,0.858324,True
1252,1761012240.459145,1761012556.280474,1171,402,631.626883,3.797471,1.565659,True
1253,1761012242.35545,1761012437.12219,1189,415,389.512007,2.346428,0.935183,True
1254,1761012242.850454,1761012552.411665,1119,395,619.103959,2.943907,1.563858,True
1255,1761012242.871307,1761012266.770608,1076,51,47.78099,3.695684,0.881706,True
1256,1761012243.248705,1761012558.291515,1191,409,630.067504,3.764268,1.535057,True
1257,1761012244.555753,1761012552.211111,1009,396,615.296516,3.647839,1.548478,True
1258,1761012244.91319,1761012560.338805,1054,411,630.829113,3.652876,1.529698,True
1259,1761012248.337318,1761012357.101165,1323,205,217.50619,2.361387,1.054631,True
1260,1761012248.62293,1761012555.805951,1046,399,614.353479,1.554929,1.539695,True
1261,1761012253.335847,1761012334.788661,1896,68,162.88925,2.450533,2.394608,True
1262,1761012253.81303,1761012353.529281,402,87,199.419997,4.794982,2.263082,True
1263,1761012254.546108,1761012555.686549,998,387,602.274406,3.740816,1.550605,True
1264,1761012254.910682,1761012447.915309,1170,394,385.991377,1.939706,0.977231,True
1265,1761012255.176523,1761012335.300063,375,67,160.225465,3.426492,2.375742,True
1266,1761012255.413353,1761012563.800368,981,401,616.758031,2.868582,1.534724,True
1267,1761012258.047125,1761012316.925166,373,56,117.741595,1.316372,2.116822,True
1268,1761012258.756304,1761012456.11007,1015,414,394.689813,1.948564,0.950947,True
1269,1761012259.624755,1761012448.771639,1082,385,378.292345,4.56135,0.973258,True
1270,1761012260.040099,1761012451.327195,1140,401,382.564589,2.618758,0.949865,True
1271,1761012261.20855,1761012748.952666,1015,572,975.482422,2.512834,1.703975,True
1272,1761012261.294854,1761012571.11549,991,414,619.623093,1.373557,1.496972,True
1273,1761012263.406366,1761012459.292406,1227,420,391.756513,2.773122,0.928361,True
1274,1761012264.482687,1761012580.911992,1024,429,632.848603,1.427079,1.475284,True
1275,1761012264.886605,1761012580.848291,1149,423,631.917104,2.797836,1.490804,True
1276,1761012266.807397,1761012463.843156,1063,428,394.070391,1.944529,0.918328,True
1277,1761012266.907327,1761012528.732532,1059,525,523.642939,3.451296,0.992732,True
1278,1761012267.304995,1761012481.590637,1085,442,428.561563,6.239561,0.957646,True
1279,1761012267.600724,1761012484.02376,1023,446,432.836579,4.228729,0.963164,True
1280,1761012269.662238,1761012348.716212,1282,66,158.102603,1.884825,2.40335,True
1281,1761012271.105379,1761012358.941188,421,77,175.655692,1.428367,2.292465,True
1282,1761012271.64178,1761012703.994878,1144,498,864.698665,2.476976,1.734852,True
1283,1761012271.694378,1761012355.157231,373,72,166.919257,0.675167,2.341466,True
1284,1761012271.85015,1761012295.888462,324,18,48.074537,2.270793,2.694338,True
1285,1761012272.117467,1761012580.848115,1072,415,617.459116,3.040699,1.484102,True
1286,1761012272.574754,1761012703.233412,1136,500,861.311733,3.014412,1.720035,True
1287,1761012274.054085,1761012579.006653,1141,411,609.897286,2.333182,1.481864,True
1288,1761012275.765172,1761012474.594684,1012,416,397.653577,1.938945,0.953529,True
1289,1761012276.763557,1761012332.21101,405,90,110.877071,1.733591,1.226331,True
1290,1761012278.229591,1761012574.402427,1035,398,592.339308,1.647064,1.48789,True
1291,1761012279.054794,1761012492.054121,1057,439,425.980893,1.920026,0.968175,True
1292,1761012279.455407,1761012333.234416,391,90,107.544152,2.373229,1.181696,True
1293,1761012279.636117,1761012566.480388,1094,376,573.666458,1.617589,1.525464,True
1294,1761012280.018188,1761012637.131857,1050,438,714.213599,3.431121,1.626505,True
1295,1761012280.414868,1761012788.6047,1148,614,1016.366068,2.330781,1.654217,True
1296,1761012281.661437,1761012557.171731,1142,361,550.998721,3.344633,1.521261,True
1297,1761012282.845197,1761012633.623755,1106,434,701.554697,2.558859,1.614309,True
1298,1761012284.21906,1761012580.96368,1226,407,593.476409,4.159882,1.451519,True
1299,1761012284.226846,1761012753.654437,958,554,938.837418,4.540743,1.689506,True
1300,1761012284.674948,1761012571.77154,1082,391,574.187586,3.707086,1.462771,True
1301,1761012284.693057,1761012299.597408,245,14,29.79603,1.053744,2.210945,True
1302,1761012286.451059,1761012571.537829,1018,390,570.172023,3.538448,1.456642,True
1303,1761012287.545755,1761012368.725989,395,85,162.35421,1.597286,1.913773,True
1304,1761012288.85542,1761012389.676983,435,114,201.641594,1.515556,1.771027,True
1305,1761012289.864841,1761012367.065209,379,81,154.384382,1.126598,1.915722,True
1306,1761012291.099062,1761012503.363069,1099,410,424.507993,1.983615,1.033067,True
1307,1761012291.779562,1761012349.34913,1339,72,115.120576,3.60032,1.570708,True
1308,1761012292.004293,1761012468.570322,1317,235,353.130239,1.85634,1.501171,True
1309,1761012293.120708,1761012745.324442,1017,537,904.396889,2.340619,1.682941,True
1310,1761012293.190943,1761012591.783332,1139,674,597.170412,4.345868,0.880869,True
1311,1761012294.224118,1761012520.064019,1033,427,451.666338,4.088454,1.050652,True
1312,1761012294.426365,1761012580.732943,1009,397,572.591049,2.481926,1.43967,True
1313,1761012296.336465,1761012581.846904,1020,400,571.000305,3.045221,1.423446,True
1314,1761012296.337683,1761012495.721275,1008,395,398.728162,3.84389,1.002244,True
1315,1761012296.390983,1761012591.018793,1046,418,589.239676,1.948954,1.408371,True
1316,1761012297.851887,1761012514.649584,1054,419,433.585554,3.125708,1.029808,True
1317,1761012297.899717,1761012588.357803,1202,411,580.898576,3.005475,1.409495,True
1318,1761012300.623106,1761012496.817525,1102,396,392.367091,2.296077,0.987522,True
1319,1761012301.089566,1761012520.855961,1139,429,439.521264,3.778312,1.018091,True
1320,1761012301.445958,1761012413.802798,1785,137,224.712119,2.311575,1.635298,True
1321,1761012303.447121,1761012736.139753,1075,516,865.366139,2.962611,1.67457,True
1322,1761012303.453346,1761012553.326903,1179,511,499.721112,3.42196,0.973136,True
1323,1761012303.714676,1761012668.687335,1065,439,729.930564,2.697238,1.66035,True
1324,1761012304.526571,1761012510.668061,1230,413,412.281785,3.328978,0.992604,True
1325,1761012305.410944,1761012397.548756,1314,164,184.26837,4.688009,1.10172,True
1326,1761012305.580849,1761012368.30244,1029,71,125.426519,2.23488,1.759881,True
1327,1761012306.57069,1761012633.992283,1051,420,654.828777,2.597796,1.556637,True
1328,1761012308.573019,1761012771.694659,990,559,926.228528,3.399388,1.653816,True
1329,1761012308.932342,1761012572.116182,1136,375,526.359517,3.043172,1.399242,True
1330,1761012309.386667,1761012404.12466,1315,183,189.454269,2.977412,1.024598,True
1331,1761012309.859318,1761012637.661206,1139,418,655.587311,3.739151,1.563185,True
1332,1761012311.276683,1761012642.301373,1139,428,662.035189,3.103409,1.543166,True
1333,1761012311.77398,1761012518.907085,1180,414,414.248226,2.60451,0.996716,True
1334,1761012312.653426,1761012555.03155,1034,519,484.73458,3.176547,0.929649,True
1335,1761012313.046272,1761012501.577386,1166,401,377.052391,3.91325,0.932848,True
1336,1761012313.282584,1761012483.360526,181,246,340.149784,1.311098,1.383015,True
1337,1761012313.612081,1761012390.990967,396,136,154.736361,3.572293,1.119734,True
1338,1761012314.270036,1761012479.798397,1314,243,331.047047,2.074703,1.35939,True
1339,1761012316.30044,1761012560.947883,1176,548,489.276926,2.911343,0.889151,True
1340,1761012316.893834,1761012633.83886,1085,409,633.867387,1.41132,1.550137,True
1341,1761012316.974136,1761012372.922327,1282,66,111.890909,2.868695,1.677265,True
1342,1761012318.553736,1761012552.066553,1148,501,467.011794,2.838973,0.928346,True
1343,1761012319.10639,1761012391.131127,390,96,144.041479,3.341954,1.481048,True
1344,1761012319.559864,1761012403.058375,1756,111,166.995783,2.588824,1.494609,True
1345,1761012321.214881,1761012789.242856,1025,591,936.043355,3.943266,1.579831,True
1346,1761012322.432986,1761012667.010256,1136,429,689.14783,2.728258,1.603784,True
1347,1761012324.072184,1761012591.587519,1024,402,535.022348,3.124012,1.32643,True
1348,1761012324.910867,1761012559.474979,1209,522,469.113629,3.796559,0.893123,True
1349,1761012324.916243,1761012518.859272,1057,394,387.861727,3.786235,0.977291,True
1350,1761012324.960996,1761012456.618618,1314,202,263.295451,2.95764,1.295213,True
1351,1761012325.068094,1761012774.038547,969,554,897.926857,1.393226,1.621218,True
1352,1761012325.975592,1761012391.280732,505,92,130.596354,2.394638,1.40881,True
1353,1761012326.177688,1761012390.082018,403,91,127.790935,2.815093,1.38862,True
1354,1761012326.493009,1761012557.040334,1062,509,461.073301,4.161803,0.899432,True
1355,1761012326.770509,1761012407.77973,692,109,161.99605,1.950506,1.481903,True
1356,1761012328.473491,1761012538.43397,1061,448,419.899057,2.952358,0.932767,True
1357,1761012329.691891,1761012586.674496,1041,385,513.963468,1.535244,1.334449,True
1358,1761012330.581727,1761012800.646885,955,602,940.108671,1.945906,1.561003,True
1359,1761012331.518251,1761012411.211852,857,117,159.377684,2.058243,1.356202,True
1360,1761012335.830996,1761012634.189656,1036,394,596.715774,1.669168,1.514114,True
1361,1761012336.112929,1761012397.525201,385,88,122.80686,1.728406,1.391706,True
1362,1761012337.486278,1761012433.662559,1313,148,192.351469,1.739678,1.296679,True
1363,1761012337.80053,1761012634.05834,1035,395,592.498025,2.440243,1.497609,True
1364,1761012338.443226,1761012524.565272,1171,380,372.232533,1.952647,0.976992,True
1365,1761012339.005237,1761012481.643743,1314,218,285.265337,2.730702,1.302003,True
1366,1761012339.15044,1761012584.819249,1003,376,491.328942,2.866783,1.302566,True
1367,1761012339.259839,1761012548.973184,1013,439,419.411338,4.719957,0.946784,True
1368,1761012339.53127,1761012576.773848,1129,526,474.479735,4.45352,0.895288,True
1369,1761012342.306463,1761012702.470023,986,441,720.318187,1.534582,1.633599,True
1370,1761012342.648772,1761012580.963394,1028,366,476.627578,2.296227,1.299538,True
1371,1761012343.196509,1761012535.755599,1160,400,385.108311,2.89646,0.957924,True
1372,1761012344.133488,1761012673.874955,1160,639,659.465654,2.79197,1.029269,True
1373,1761012346.676538,1761012837.979722,1036,650,982.604511,1.469383,1.511764,True
1374,1761012346.780942,1761012549.97875,1007,441,406.378068,2.143376,0.918715,True
1375,1761012348.790745,1761012738.962106,1154,482,780.340644,1.716642,1.618761,True
1376,1761012348.893379,1761012638.05116,1039,385,578.313652,1.952388,1.500941,True
1377,1761012348.978515,1761012779.943995,1082,538,861.909847,2.594025,1.600216,True
1378,1761012349.393979,1761012536.238933,1144,404,373.676297,2.078406,0.922079,True
1379,1761012349.546033,1761012820.779849,979,622,942.449,2.706799,1.513272,True
1380,1761012351.190321,1761012441.309389,181,147,180.22753,1.550283,1.223817,True
1381,1761012353.480532,1761012408.770842,1232,80,110.560464,2.527892,1.367501,True
1382,1761012353.563859,1761012714.10134,1126,446,721.072855,1.527481,1.616956,True
1383,1761012354.073206,1761012536.287693,1024,385,364.407515,1.880318,0.944081,True
1384,1761012359.44883,1761012377.792085,917,33,36.678425,1.642358,1.094877,True
1385,1761012360.344225,1761012683.930785,1226,393,647.170289,1.940822,1.645994,True
1386,1761012360.911656,1761012550.025229,1171,401,378.215671,2.208331,0.940018,True
1387,1761012362.059491,1761012770.108167,1032,502,816.074483,1.571212,1.625755,True
1388,1761012362.33004,1761012423.07926,434,124,121.485003,1.611594,0.974581,True
1389,1761012362.445861,1761012382.116106,311,18,39.329685,1.781034,2.208744,True
1390,1761012363.481284,1761012414.943512,1133,92,102.923214,2.547954,1.103025,True
1391,1761012364.213233,1761012446.117381,401,130,163.795621,0.648267,1.264708,True
1392,1761012364.620996,1761012404.390715,376,81,79.518049,2.175105,0.966787,True
1393,1761012368.496429,1761012684.008801,1176,383,631.009999,1.61551,1.64763,True
1394,1761012369.276678,1761012417.437614,1029,71,96.320375,2.19171,1.344695,True
1395,1761012369.836849,1761012452.138928,1312,132,164.593882,2.337404,1.238599,True
1396,1761012370.513096,1761012413.604159,372,63,86.165767,2.335349,1.352104,True
1397,1761012370.640004,1761012552.253838,1203,385,363.218056,2.093679,0.940428,True
1398,1761012372.599361,1761012822.434636,1015,596,899.65744,1.783194,1.509032,True
1399,1761012372.607418,1761012553.652112,1018,388,362.071267,2.016089,0.930375,True
1400,1761012372.715647,1761012831.016278,1045,605,916.595099,2.042183,1.51416,True
1401,1761012373.030523,1761012733.29116,1112,431,720.502515,2.537445,1.669686,True
1402,1761012373.565695,1761012421.42194,237,79,95.704539,2.465364,1.195374,True
1403,1761012373.687988,1761012731.313477,1162,427,715.242744,3.476329,1.670813,True
1404,1761012375.406153,1761012551.879303,1076,377,352.936735,2.172668,0.932883,True
1405,1761012376.245842,1761012794.79374,1199,534,837.083019,2.571856,1.565687,True
1406,1761012376.578423,1761012555.316531,28,265,357.454227,0.891762,1.350615,True
1407,1761012376.629611,1761012559.699012,1052,412,366.137259,2.930918,0.883714,True
1408,1761012376.935135,1761013025.66538,1180,880,1297.459074,2.301503,1.473444,True
1409,1761012378.06132,1761012709.816503,1083,407,663.504048,2.840488,1.62725,True
1410,1761012378.485718,1761012433.819461,1785,137,110.655345,4.66712,0.779325,True
1411,1761012378.688104,1761012556.181741,1053,394,354.970881,5.171731,0.890074,True
1412,1761012378.911722,1761012392.683308,243,14,27.525434,5.046523,1.729147,True
1413,1761012379.22378,1761012552.768578,1028,374,347.08418,2.122597,0.92483,True
1414,1761012379.350636,1761012714.101515,1101,411,669.479533,2.628956,1.626465,True
1415,1761012380.643562,1761012918.115271,1179,921,1074.933485,5.104823,1.162857,True
1416,1761012382.963448,1761012556.181952,1005,394,346.424249,3.527283,0.872511,True
1417,1761012384.089869,1761012558.215657,1151,404,348.241878,6.055168,0.849099,True
1418,1761012385.041361,1761012448.394523,181,167,126.696625,5.150808,0.732204,True
1419,1761012385.391036,1761012552.626214,1149,379,334.462753,2.911361,0.87712,True
1420,1761012392.501358,1761012751.193289,1070,428,717.371625,1.395927,1.676758,True
1421,1761012392.860542,1761012428.727612,992,97,71.732646,1.935638,0.727052,True
1422,1761012393.98376,1761012862.844408,1035,616,937.716889,1.627493,1.522097,True
1423,1761012395.730589,1761012731.1768,912,395,670.882178,1.449126,1.699069,True
1424,1761012398.077111,1761012497.16727,1353,234,198.177059,2.40759,0.840212,True
1425,1761012398.312244,1761012452.547076,388,88,108.455788,0.886913,1.236424,True
1426,1761012398.787526,1761012734.167033,1044,394,670.752229,1.681591,1.70247,True
1427,1761012398.912421,1761012731.85437,997,393,665.881497,1.907272,1.693812,True
1428,1761012399.061956,1761012789.753622,1109,488,781.374946,3.086568,1.598128,True
1429,1761012399.44496,1761012506.362189,1311,159,213.833012,3.180621,1.333243,True
1430,1761012400.648982,1761012845.711013,1025,589,890.103659,2.273989,1.509914,True
1431,1761012402.441607,1761012451.705517,1232,80,98.50434,2.343196,1.21723,True
1432,1761012402.761858,1761012738.344626,1106,399,671.143837,2.394766,1.680274,True
1433,1761012404.37541,1761012741.552154,1060,396,674.334925,2.30427,1.701343,True
1434,1761012404.672684,1761012426.99895,398,46,44.634793,2.067519,0.945939,True
1435,1761012404.854778,1761012431.206418,1786,67,52.697687,3.04406,0.752328,True
1436,1761012405.459381,1761012411.629923,119,12,12.335441,1.89985,0.94869,True
1437,1761012405.551633,1761012412.338323,247,14,13.56471,1.80653,0.904475,True
1438,1761012406.163727,1761012568.137384,1013,386,323.941476,3.516551,0.832273,True
1439,1761012407.420438,1761012455.655549,407,88,96.463809,0.785109,1.099755,True
1440,1761012409.175653,1761012566.930658,1030,375,315.488432,2.342431,0.837289,True
1441,1761012409.266399,1761012569.738693,1035,391,320.938815,3.813554,0.813142,True
1442,1761012410.216357,1761012431.597303,385,67,42.740439,3.645013,0.592355,True
1443,1761012413.562371,1761012476.37263,380,97,125.61174,0.860185,1.299495,True
1444,1761012413.880019,1761012744.907978,1046,393,662.044276,1.895436,1.684053,True
1445,1761012415.05317,1761012576.135128,1036,390,322.156387,1.894496,0.823295,True
1446,1761012415.518015,1761012841.670462,985,552,852.287276,1.845034,1.543452,True
1447,1761012418.861711,1761012753.729737,1054,397,669.717486,1.66434,1.687003,True
1448,1761012422.21146,1761012463.654999,181,126,82.86933,0.44261,0.659414,True
1449,1761012426.212224,1761012589.626295,1089,412,326.820533,2.053034,0.790189,True
1450,1761012426.771264,1761012488.277512,405,89,122.990799,0.860273,1.387847,True
1451,1761012427.201157,1761012770.445152,1097,393,686.482297,1.891081,1.746406,True
1452,1761012428.679763,1761012796.63188,1168,436,735.889546,2.183876,1.68668,True
1453,1761012429.90163,1761012433.961013,333,18,8.109015,0.749862,0.432891,True
1454,1761012430.409882,1761012782.819434,1053,415,704.804724,1.919203,1.697791,True
1455,1761012431.378994,1761012506.443767,396,107,150.120081,1.797391,1.399271,True
1456,1761012435.656504,1761012801.643193,986,448,731.96314,1.375031,1.634425,True
1457,1761012436.376728,1761012576.074905,1315,198,279.386602,2.570758,1.405157,True
1458,1761012436.689693,1761012496.89748,407,83,120.393246,2.31341,1.439998,True
1459,1761012437.143726,1761012639.434631,1032,398,404.56607,1.943916,1.014162,True
1460,1761012437.579851,1761012775.148208,1064,396,675.120551,2.876325,1.701884,True
1461,1761012438.004059,1761012708.550358,1044,450,541.090853,2.97877,1.198468,True
1462,1761012438.303892,1761012786.277789,1214,406,695.936138,2.659983,1.711793,True
1463,1761012439.558868,1761012667.21558,1033,406,455.294381,3.327201,1.115968,True
1464,1761012439.641016,1761012524.760358,42,154,170.221133,1.548016,1.102439,True
1465,1761012439.937455,1761012786.39743,1025,401,692.90334,2.497617,1.726014,True
1466,1761012442.34063,1761012476.29769,1019,52,67.911761,1.506288,1.302068,True
1467,1761012442.568146,1761012519.915512,450,107,154.674875,1.482606,1.44521,True
1468,1761012443.244977,1761012681.603018,181,263,476.707633,1.066879,1.815423,True
1469,1761012443.528659,1761012707.178342,1025,441,527.28098,1.882919,1.194087,True
1470,1761012444.473493,1761012671.615561,1201,401,454.278558,2.959247,1.128298,True
1471,1761012447.166676,1761012785.220706,1021,398,676.095218,1.661443,1.698826,True
1472,1761012449.078005,1761012543.143671,417,117,188.108341,0.954062,1.613399,True
1473,1761012450.019595,1761012789.315622,1182,396,678.585478,1.559167,1.713991,True
1474,1761012451.382741,1761012805.240495,1027,569,707.713372,1.905333,1.24262,True
1475,1761012452.21758,1761012553.565455,1351,140,202.683008,1.909269,1.444415,True
1476,1761012454.809963,1761012520.112474,409,95,130.603764,0.826897,1.380605,True
1477,1761012457.247775,1761012720.469458,1009,411,526.441265,1.949521,1.279248,True
1478,1761012457.831872,1761012786.007126,1109,377,656.339865,1.685987,1.741101,True
1479,1761012459.469158,1761012519.587071,1155,75,120.217582,1.810796,1.600092,True
1480,1761012461.044382,1761012705.590757,1066,379,489.08885,1.934654,1.288768,True
1481,1761012461.185581,1761012525.99253,431,94,129.604383,2.372578,1.368084,True
1482,1761012461.431275,1761012797.259696,1201,391,671.643011,2.150541,1.716647,True
1483,1761012461.489004,1761012541.907671,387,95,160.835833,2.163031,1.688009,True
1484,1761012461.540745,1761012796.566172,1003,394,670.049044,1.491062,1.701165,True
1485,1761012462.899303,1761012793.335521,1033,396,660.858469,2.142913,1.667634,True
1486,1761012463.668469,1761012710.571898,1018,388,493.796133,1.929854,1.270972,True
1487,1761012464.009794,1761012518.907074,1436,66,109.782444,3.997876,1.627455,True
1488,1761012464.700056,1761012787.577426,983,373,645.740054,1.717452,1.731244,True
1489,1761012466.022097,1761012586.399088,1312,283,240.752461,4.179387,0.838912,True
1490,1761012467.710223,1761012726.318326,1082,406,517.213809,4.048775,1.267074,True
1491,1761012468.069607,1761012756.088381,998,447,576.015797,5.192244,1.279873,True
1492,1761012468.303797,1761012584.08111,1316,168,231.548805,2.049257,1.374249,True
1493,1761012469.825255,1761012572.41599,1314,231,205.159611,4.61123,0.871949,True
1494,1761012472.232651,1761012823.812367,1046,438,703.147963,1.484139,1.605638,True
1495,1761012472.32811,1761012710.368702,1023,388,476.072776,3.949261,1.219957,True
1496,1761012472.700156,1761012874.555673,1227,652,803.709733,4.554238,1.227581,True
1497,1761012473.073938,1761012803.137961,1019,394,660.122325,2.126132,1.674291,True
1498,1761012473.892035,1761012821.529019,936,432,695.27191,2.279527,1.607871,True
1499,1761012475.426878,1761012570.167238,46,138,189.464665,1.253602,1.373803,True
1500,1761012478.002978,1761012548.954667,404,83,141.897006,0.758476,1.721202,True
1501,1761012478.304096,1761012715.621801,1059,388,474.628345,1.971501,1.221336,True
1502,1761012480.96908,1761012550.076896,12,139,138.203926,0.26345,0.999569,True
1503,1761012481.368112,1761012780.528914,1044,471,598.297248,1.912658,1.268903,True
1504,1761012483.020385,1761012802.880838,1134,379,639.715351,1.852412,1.687468,True
1505,1761012483.181842,1761012544.315022,379,65,122.254169,1.752216,1.882843,True
1506,1761012483.246155,1761012569.470545,429,115,172.441906,1.968013,1.495385,True
1507,1761012483.423702,1761012810.580611,1159,397,654.312086,4.528878,1.640867,True
1508,1761012483.815214,1761012842.04126,1223,444,716.450123,4.137332,1.60793,True
1509,1761012484.177414,1761012834.928617,1093,432,701.500479,3.902806,1.618556,True
1510,1761012485.172058,1761012739.904175,1009,397,509.462184,1.944746,1.28161,True
1511,1761012485.46368,1761012524.314574,380,58,77.684282,2.427947,1.320287,True
1512,1761012487.696318,1761012546.398664,1786,67,117.39046,2.774287,1.736609,True
1513,1761012487.965011,1761012762.246611,1102,427,548.555569,1.880471,1.283275,True
1514,1761012489.382289,1761012768.491743,1183,429,558.206829,2.464658,1.298463,True
1515,1761012489.780112,1761012811.453992,1086,393,643.338179,3.41703,1.632452,True
1516,1761012489.980284,1761012818.224535,1038,398,656.48699,3.220918,1.645506,True
1517,1761012491.425953,1761012739.436929,1059,397,496.01204,2.500379,1.246242,True
1518,1761012491.43855,1761012831.529674,1004,419,680.176581,3.092601,1.619818,True
1519,1761012493.737929,1761012524.262066,371,53,61.036307,1.068349,1.15323,True
1520,1761012495.918054,1761012580.277793,396,131,168.711291,0.696693,1.29242,True
1521,1761012497.410412,1761012755.685244,1189,399,516.542025,2.064683,1.292657,True
1522,1761012498.34352,1761012756.351534,1083,403,516.013437,3.033677,1.276069,True
1523,1761012498.561666,1761012847.494605,1152,437,697.850131,1.540642,1.59704,True
1524,1761012498.748196,1761012818.413158,1063,386,639.314102,2.441857,1.654214,True
1525,1761012498.835955,1761012982.095362,1108,622,966.514392,3.615648,1.550562,True
1526,1761012500.51495,1761012755.684955,1017,398,510.331187,2.693832,1.278684,True
1527,1761012501.187129,1761012810.037891,1120,375,617.695786,2.736932,1.644275,True
1528,1761012503.909789,1761012733.558357,1060,365,459.289436,1.862331,1.256668,True
1529,1761012504.397754,1761012758.883122,1009,399,508.9519,4.892715,1.26648,True
1530,1761012504.538162,1761012840.35767,1053,414,671.637822,1.616667,1.622327,True
1531,1761012504.986584,1761012520.165512,304,18,30.350207,4.86533,1.49911,True
1532,1761012505.674738,1761012771.636604,1097,418,531.907972,3.616768,1.266885,True
1533,1761012505.943147,1761012878.558699,1018,476,745.217168,1.552254,1.56561,True
1534,1761012506.236208,1761012556.759708,1143,70,101.045827,2.765525,1.424352,True
1535,1761012509.975945,1761012579.588379,991,108,139.202511,1.361572,1.288233,True
1536,1761012510.350556,1761012546.542645,1155,75,72.370949,2.172277,0.948631,True
1537,1761012511.649808,1761012784.654854,1143,429,545.992029,2.939162,1.268815,True
1538,1761012512.531248,1761012837.106073,1068,401,649.133872,1.634145,1.618749,True
1539,1761012512.817259,1761012894.607189,1036,619,763.561281,3.706973,1.229538,True
1540,1761012513.859176,1761012865.119411,1032,447,702.510783,1.65037,1.571436,True
1541,1761012515.199102,1761012768.556761,1015,399,506.702365,3.192139,1.265101,True
1542,1761012515.659161,1761012698.081239,1312,175,364.834252,1.757682,2.086647,True
1543,1761012516.043631,1761012589.717181,685,120,147.325392,2.839669,1.214166,True
1544,1761012516.641988,1761012579.007167,398,98,124.720769,1.47332,1.270592,True
1545,1761012519.308613,1761012833.420636,1173,385,628.22205,1.84742,1.631184,True
1546,1761012520.164762,1761012867.108181,1073,454,693.879079,5.218146,1.520223,True
1547,1761012520.43593,1761012557.525977,2042,56,74.161721,4.941866,1.258543,True
1548,1761012520.614849,1761012777.919616,1061,408,514.595426,1.91241,1.259663,True
1549,1761012521.91494,1761012590.330101,17,120,136.822362,5.229026,1.105826,True
1550,1761012524.845311,1761012697.665587,1316,170,345.628622,2.256257,2.031789,True
1551,1761012524.900088,1761012558.033552,439,98,66.259482,0.932691,0.673472,True
1552,1761012525.603129,1761012681.467947,390,155,311.713206,2.170119,2.01002,True
1553,1761012526.236361,1761012787.90263,1023,406,523.330492,1.855061,1.287594,True
1554,1761012526.448157,1761012935.814428,1029,519,818.71787,2.192383,1.576304,True
1555,1761012526.648951,1761012667.1559,404,144,280.991601,2.049543,1.950644,True
1556,1761012529.155091,1761012847.43988,1124,408,636.563761,1.64571,1.559995,True
1557,1761012531.389733,1761012799.762505,1044,413,536.73779,2.06728,1.297744,True
1558,1761012531.649302,1761012787.186881,1022,390,511.066748,3.663641,1.304378,True
1559,1761012532.595371,1761012593.00074,393,113,120.789417,1.285418,1.067,True
1560,1761012532.668387,1761012578.604414,406,82,91.849005,1.212379,1.118971,True
1561,1761012533.017001,1761012850.716305,1102,408,635.396404,2.031657,1.556179,True
1562,1761012533.070691,1761012539.542015,238,14,12.921284,2.330626,0.814666,True
1563,1761012534.789318,1761012842.918255,1146,396,616.249927,1.738693,1.555725,True
1564,1761012536.313212,1761012791.027086,1048,396,509.409322,1.91361,1.284799,True
1565,1761012536.406286,1761012851.141275,1040,414,629.468809,1.61469,1.520228,True
1566,1761012537.685851,1761012557.585557,750,44,39.782954,1.408319,0.892433,True
1567,1761012539.445265,1761012837.169461,1037,373,595.434103,1.523582,1.596534,True
1568,1761012539.803111,1761012793.022181,1156,390,506.436501,2.093861,1.296511,True
1569,1761012541.339781,1761012847.571423,1034,479,612.441226,2.396884,1.276243,True
1570,1761012542.207353,1761012567.466923,430,90,50.511436,2.370986,0.540904,True
1571,1761012543.806172,1761012553.931836,1044,35,20.241682,2.045552,0.53518,True
1572,1761012544.644846,1761012866.435492,1009,415,643.566873,1.560755,1.550739,True
1573,1761012545.267913,1761012853.363012,1026,400,616.172367,2.356611,1.538385,True
1574,1761012545.420395,1761012916.088263,1089,465,741.317873,3.00894,1.591183,True
1575,1761012548.598022,1761012707.240024,62,152,317.277338,0.460817,2.098123,True
1576,1761012549.842582,1761012574.573135,382,53,49.455378,0.918034,0.93341,True
1577,1761012549.936348,1761012799.145132,998,373,498.411791,1.79122,1.335002,True
1578,1761012553.674537,1761012900.66698,936,431,693.983344,1.352002,1.610771,True
1579,1761012558.307071,1761012887.156679,1150,404,657.695804,1.745855,1.627667,True
1580,1761012558.846668,1761012889.234157,1099,410,660.752898,2.824909,1.608626,True
1581,1761012560.542282,1761012715.49702,7,136,309.900824,1.514391,2.284344,True
1582,1761012560.823316,1761012850.716494,1033,411,579.784068,1.948712,1.409355,True
1583,1761012561.043556,1761012897.868305,1071,415,673.633029,2.346153,1.621466,True
1584,1761012561.845075,1761012888.546479,1099,414,653.400571,1.726068,1.577904,True
1585,1761012562.463252,1761012569.528431,238,14,14.123916,2.229457,0.914958,True
1586,1761012563.405247,1761012719.219771,685,137,311.60754,1.141556,2.282838,True
1587,1761012563.803466,1761012972.570101,1020,502,817.525106,2.264607,1.627266,True
1588,1761012564.229245,1761012684.00892,1315,144,239.541082,2.378275,1.658481,True
1589,1761012568.143659,1761012711.042243,9,166,285.786993,0.335793,1.730007,True
1590,1761012568.642117,1761012592.393595,421,93,47.494923,0.819198,0.507345,True
1591,1761012569.163198,1761012963.050699,1200,526,787.759358,2.436283,1.495853,True
1592,1761012570.094066,1761012699.183562,394,91,258.169624,0.851048,2.859095,True
1593,1761012572.401557,1761012585.909746,1628,48,26.994792,2.906687,0.512513,True
1594,1761012572.612525,1761012948.336051,1046,442,751.429215,1.376961,1.700799,True
1595,1761012572.620613,1761012698.001181,383,84,250.737738,1.714943,3.000275,True
1596,1761012573.159958,1761012589.050843,376,65,31.774194,3.564824,0.440771,True
1597,1761012573.53427,1761012592.806478,379,87,38.534717,2.506699,0.41893,True
1598,1761012574.077688,1761012901.992217,1046,395,655.806474,1.704056,1.660158,True
1599,1761012574.775682,1761012925.715959,1173,420,701.864079,3.588014,1.66653,True
1600,1761012575.069571,1761012771.509668,1351,186,392.864008,2.518663,2.109975,True
1601,1761012575.739368,1761012580.299702,243,14,9.103025,1.458668,0.588027,True
1602,1761012576.632655,1761012644.507563,410,100,135.743661,1.339421,1.357619,True
1603,1761012580.677768,1761012673.875281,387,52,186.382065,0.660886,3.641592,True
1604,1761012581.583506,1761012946.624303,1034,429,730.069761,1.356876,1.7026,True
1605,1761012584.989963,1761012926.604103,1162,411,683.214097,1.573369,1.662538,True
1606,1761012586.345305,1761012990.831897,1121,506,808.955835,1.667738,1.59859,True
1607,1761012590.64527,1761012648.315192,331,18,115.323692,0.77224,6.738321,True
1608,1761012590.977427,1761012924.141097,1081,388,666.306115,1.853385,1.716932,True
1609,1761012591.660405,1761012788.292289,30,182,393.262527,1.386915,2.165059,True
1610,1761012595.217587,1761012950.52368,1073,408,710.610104,25.758014,1.682683,True
1611,1761012597.589438,1761012943.500945,1191,407,691.800423,25.887184,1.64018,True
1612,1761012597.835752,1761012902.297282,1094,362,608.904673,19.206465,1.633513,True
1613,1761012599.271193,1761013050.125437,459,562,901.696558,19.439669,1.57265,True
1614,1761012599.474627,1761012959.694796,985,426,720.42809,25.551187,1.635004,True
1615,1761012600.060074,1761012727.326832,395,87,254.515241,20.907365,2.716371,True
1616,1761012600.839206,1761012924.018741,1070,392,646.356714,22.647592,1.595164,True
1617,1761012601.772334,1761012699.183748,1786,50,194.820188,23.808056,3.490044,True
1618,1761012601.91877,1761012953.141483,1081,414,702.431285,16.79112,1.660146,True
1619,1761012602.57031,1761012975.877253,1130,459,746.60384,22.456481,1.581108,True
1620,1761012604.466951,1761012791.355907,1320,192,373.767714,16.504548,1.870488,True
1621,1761012604.793614,1761012913.93622,1023,377,618.279339,18.690984,1.59465,True
1622,1761012606.358567,1761012639.828515,238,14,66.922253,19.213669,3.669891,True
1623,1761012608.095986,1761012766.962122,1314,137,317.723716,18.86172,2.197515,True
1624,1761012608.431221,1761012934.248619,1072,398,651.626431,16.596508,1.599572,True
1625,1761012608.860845,1761012731.049349,394,89,244.374346,12.114843,2.639313,True
1626,1761012610.589972,1761012703.920785,373,60,186.652022,12.892738,2.945073,True
1627,1761012611.611868,1761012710.028318,375,66,196.813657,13.960159,2.813131,True
1628,1761012612.410463,1761012995.312702,1142,491,765.798652,14.548177,1.533164,True
1629,1761012612.59859,1761012747.412286,395,116,269.609908,12.425251,2.236388,True
1630,1761012613.459746,1761012934.431611,1044,394,641.925524,14.724998,1.59593,True
1631,1761012614.718935,1761012926.930807,1021,398,624.407768,14.210115,1.537022,True
1632,1761012614.722162,1761012732.942249,406,91,236.407796,10.843245,2.506273,True
1633,1761012615.10912,1761012973.961236,996,446,717.696114,11.848633,1.586174,True
1634,1761012616.171461,1761013099.53778,1010,635,966.720486,14.270236,1.502287,True
1635,1761012617.019874,1761012961.111979,1156,424,688.166054,11.164911,1.600476,True
1636,1761012618.659411,1761012950.585655,1115,413,663.846306,10.27491,1.586338,True
1637,1761012618.836968,1761012941.480942,1116,401,645.269309,11.926455,1.583357,True
1638,1761012618.888135,1761012928.061722,1045,390,618.329923,12.70845,1.556868,True
1639,1761012619.678719,1761012702.668564,1529,56,165.961765,10.760093,2.821849,True
1640,1761012620.319322,1761012926.550305,1163,386,612.445179,7.866424,1.570334,True
1641,1761012623.029747,1761012749.079637,440,117,252.091957,5.903558,2.122314,True
1642,1761012623.636266,1761012736.693703,457,98,226.100553,7.129202,2.257437,True
1643,1761012623.831132,1761012760.98246,1313,135,274.29316,7.76949,1.988983,True
1644,1761012624.008196,1761012908.656023,1044,368,569.293699,6.438752,1.533665,True
1645,1761012627.23564,1761013509.344604,1170,939,1764.202274,4.517341,1.875997,True
1646,1761012627.384801,1761012926.291981,1038,396,597.812389,4.716518,1.501509,True
1647,1761012627.71032,1761012713.763116,2001,74,172.103768,5.730396,2.279087,True
1648,1761012628.658804,1761012739.234919,392,103,221.143416,4.839714,2.120625,True
1649,1761012629.893378,1761012943.251863,966,403,626.702631,2.513375,1.55271,True
1650,1761012632.273855,1761012639.640887,120,12,14.732101,1.642999,1.189918,True
1651,1761012634.39706,1761012941.677545,1201,402,614.552267,2.539684,1.526216,True
1652,1761012634.570062,1761012943.696316,1152,400,618.244879,1.538127,1.545631,True
1653,1761012636.585492,1761012653.521692,238,14,33.849484,0.797931,2.542427,True
1654,1761012639.249685,1761012944.001559,997,393,609.501635,2.861747,1.547551,True
1655,1761012639.375346,1761012946.687326,1025,394,614.602183,2.726007,1.556937,True
1656,1761012639.830789,1761012974.428892,1121,440,669.184044,4.549787,1.513973,True
1657,1761012640.470339,1761012773.514422,1312,141,266.07554,3.401132,1.876246,True
1658,1761012640.769596,1761012755.001607,403,113,228.462176,3.164497,2.011586,True
1659,1761012642.366594,1761012941.73904,1036,388,598.728322,3.371707,1.538389,True
1660,1761012643.905235,1761012734.297863,385,80,180.78304,1.898424,2.264362,True
1661,1761012644.436705,1761012746.19049,444,101,203.489031,1.501716,2.019873,True
1662,1761012644.627696,1761012983.396597,1012,461,677.529424,3.250631,1.465823,True
1663,1761012644.856614,1761013081.360508,1036,590,872.985636,2.267895,1.478298,True
1664,1761012645.002141,1761012928.11453,1036,375,566.208878,3.190016,1.505398,True
1665,1761012646.507721,1761012715.621583,380,61,138.218744,2.490987,2.262129,True
1666,1761012647.101696,1761012712.068598,378,56,129.915288,1.427819,2.336136,True
1667,1761012648.29748,1761012929.438465,1052,378,562.267479,4.301741,1.480015,True
1668,1761012648.487795,1761012966.125656,1039,417,635.273952,1.684847,1.523051,True
1669,1761012648.777823,1761012958.299707,1097,409,619.027414,3.820431,1.50786,True
1670,1761012649.409847,1761012928.114538,1052,373,557.395791,4.040633,1.487514,True
1671,1761012650.445975,1761012950.892935,1036,397,600.881525,5.538767,1.503391,True
1672,1761012650.848387,1761012733.290856,376,74,164.862524,4.118241,2.201976,True
1673,1761012652.230482,1761012952.529056,1043,397,600.580067,3.039428,1.508941,True
1674,1761012652.612761,1761012977.384569,1020,445,649.54171,2.363951,1.457608,True
1675,1761012652.922503,1761012972.088004,1105,429,638.316881,3.445534,1.483344,True
1676,1761012653.647402,1761012966.244557,1095,420,625.18652,5.465897,1.479047,True
1677,1761012654.742396,1761012956.695749,1033,403,603.896192,2.677799,1.495568,True
1678,1761012655.405671,1761012742.420515,1063,93,174.02262,3.708562,1.85124,True
1679,1761012656.702774,1761012956.577402,981,402,599.737095,4.117045,1.485337,True
1680,1761012656.836241,1761012965.219769,999,411,616.7576,4.358041,1.493657,True
1681,1761012657.22644,1761012955.315797,1010,401,596.176485,3.284611,1.48223,True
1682,1761012658.096677,1761012953.820198,1018,396,591.438577,3.452261,1.488573,True
1683,1761012660.497194,1761012925.331464,1145,374,529.646085,3.348627,1.410985,True
1684,1761012660.629631,1761012995.825398,1059,477,670.389384,2.016614,1.404144,True
1685,1761012661.020846,1761012952.528693,1080,395,583.003226,2.005377,1.474614,True
1686,1761012663.527107,1761012800.519567,1321,182,273.970654,2.354334,1.500643,True
1687,1761012663.737695,1761012956.695957,1035,400,585.895197,3.135118,1.460552,True
1688,1761012663.738945,1761012950.585837,1004,394,573.653265,1.369685,1.456192,True
1689,1761012666.585727,1761012970.456379,1165,421,607.726831,1.9687,1.442281,True
1690,1761012667.040875,1761012983.854428,1108,459,633.625117,2.84325,1.377253,True
1691,1761012669.790808,1761012953.820322,978,391,568.049926,1.627254,1.452366,True
1692,1761012669.796786,1761012777.713619,414,137,215.814687,0.864528,1.580516,True
1693,1761012670.352855,1761012755.281766,400,103,169.845508,1.701726,1.648468,True
1694,1761012670.604828,1761012956.577217,998,396,571.926306,2.601915,1.441328,True
1695,1761012670.964947,1761012953.758482,1045,393,565.576883,2.632571,1.436082,True
1696,1761012673.952477,1761012966.3621,1002,407,584.801469,2.624565,1.433933,True
1697,1761012673.954681,1761012788.033527,874,150,228.120982,2.613357,1.513474,True
1698,1761012674.261392,1761012970.158446,1060,415,591.778479,3.699236,1.420481,True
1699,1761012675.13662,1761012751.534792,399,92,152.781583,4.115714,1.633691,True
1700,1761012675.563218,1761012976.923533,1219,429,602.707042,3.273576,1.400545,True
1701,1761012676.507084,1761012933.877626,1100,371,514.729444,2.684057,1.383906,True
1702,1761012678.027377,1761012972.737784,1064,418,589.419387,2.882825,1.406562,True
1703,1761012678.858406,1761012972.798903,1064,414,587.874375,2.410338,1.417588,True
1704,1761012681.994456,1761012973.555747,1003,418,583.106583,1.454715,1.394849,True
1705,1761012683.747103,1761012982.270531,1204,437,597.030676,1.73037,1.365368,True
1706,1761012683.957382,1761012745.929514,1656,82,123.933588,2.454777,1.499738,True
1707,1761012684.039422,1761012984.878689,1179,445,601.668667,5.420681,1.342901,True
1708,1761012684.476254,1761012983.112807,1146,440,597.261547,3.218886,1.353172,True
1709,1761012684.643907,1761012747.411998,420,80,125.533242,4.947263,1.526405,True
1710,1761012685.418647,1761013033.730772,1136,518,696.610677,4.039461,1.339596,True
1711,1761012688.505508,1761012759.07393,402,95,141.120765,1.645641,1.483778,True
1712,1761012689.316336,1761012780.596957,18,128,182.538418,0.927149,1.43001,True
1713,1761012690.889119,1761012837.10567,12,231,292.422354,0.427528,1.269543,True
1714,1761012690.894731,1761012977.038238,1271,423,572.265717,1.973851,1.351403,True
1715,1761012691.843214,1761012749.011602,434,77,114.334378,1.899839,1.479402,True
1716,1761012692.858841,1761012941.115834,1050,362,496.49241,1.729699,1.370534,True
1717,1761012693.354963,1761012974.485981,1069,410,562.246041,2.736732,1.367993,True
1718,1761012694.392849,1761012703.101367,242,14,17.406378,1.749881,1.204346,True
1719,1761012694.943923,1761012995.485867,1116,451,601.072033,2.438285,1.330297,True
1720,1761012695.513006,1761012859.444566,998,411,327.853263,2.355696,0.793897,True
1721,1761012696.374335,1761012843.856275,1103,393,294.962199,3.407916,0.743761,True
1722,1761012698.81471,1761012978.13308,1163,418,558.628911,1.730811,1.335487,True
1723,1761012699.82579,1761012885.312317,1065,474,370.967463,1.895856,0.780278,True
1724,1761012700.779273,1761012741.039097,1063,93,80.506191,2.743637,0.845245,True
1725,1761012702.225625,1761012773.387568,398,95,142.314843,0.807448,1.505398,True
1726,1761012702.869385,1761012760.875031,874,169,116.005625,2.207839,0.677368,True
1727,1761012703.170152,1761012860.54464,1056,417,314.733519,2.783951,0.749879,True
1728,1761012703.611596,1761012759.602323,1116,79,111.962977,1.628763,1.414541,True
1729,1761012704.174119,1761012857.045798,1044,396,305.721353,3.598479,0.764868,True
1730,1761012705.051995,1761013011.402422,1075,466,612.68709,1.712543,1.313924,True
1731,1761012706.484505,1761012771.109866,401,89,129.245098,1.12263,1.455937,True
1732,1761012707.948294,1761013066.609496,1044,524,717.301009,1.661012,1.368337,True
1733,1761012708.468471,1761012760.214324,1312,157,103.482141,1.895618,0.651196,True
1734,1761012711.6768,1761012978.422666,1039,398,533.476117,1.604446,1.339727,True
1735,1761012713.74095,1761012977.675651,1027,390,527.85127,1.677735,1.352631,True
1736,1761012714.089239,1761012746.031101,395,93,63.876216,0.739446,0.686269,True
1737,1761012714.326207,1761012995.825683,1133,423,562.988315,3.962501,1.324706,True
1738,1761012715.105151,1761013100.137798,1156,565,770.059983,3.185593,1.359706,True
1739,1761012715.581614,1761013072.026956,1082,522,712.889243,3.577139,1.361444,True
1740,1761012717.064733,1761012862.295022,1126,375,290.450779,1.9212,0.771469,True
1741,1761012717.451083,1761012842.858901,1314,210,250.803395,2.942376,1.185938,True
1742,1761012717.578861,1761012862.161983,1062,373,289.16484,3.254033,0.768577,True
1743,1761012717.691419,1761012734.027593,238,14,32.670188,3.240367,2.263832,True
1744,1761012719.012725,1761012784.560611,1313,181,131.078105,3.117448,0.710893,True
1745,1761012719.51586,1761012983.512003,1200,406,527.982105,2.907485,1.296481,True
1746,1761012720.294245,1761012803.080409,413,137,165.556005,0.744789,1.211847,True
1747,1761012721.120382,1761012862.470088,1054,374,282.677603,2.849212,0.75021,True
1748,1761012722.176338,1761013134.568868,1059,622,824.780907,1.596648,1.325579,True
1749,1761012722.382759,1761012986.603616,1050,411,528.43965,2.120013,1.283706,True
1750,1761012723.46184,1761012885.668723,1069,419,324.392006,2.352405,0.77043,True
1751,1761012723.96435,1761012886.949453,1085,426,325.958677,2.639797,0.76075,True
1752,1761012724.517316,1761013006.728909,1012,434,564.415677,1.384518,1.300303,True
1753,1761012725.155934,1761012743.001466,1537,51,35.679224,4.074492,0.632095,True
1754,1761012727.120246,1761012779.876028,401,80,105.505707,1.856886,1.31201,True
1755,1761012727.165957,1761013122.99066,1158,589,791.632047,1.628682,1.343543,True
1756,1761012728.126524,1761012870.411162,1028,396,284.557163,3.086939,0.712583,True
1757,1761012728.172477,1761012768.68879,369,57,81.030339,1.213381,1.425303,True
1758,1761012728.81424,1761013064.701514,1133,507,671.753134,1.615743,1.324382,True
1759,1761012730.070116,1761012922.167702,1010,485,384.18371,2.901082,0.787774,True
1760,1761012734.578609,1761013045.970331,1066,465,622.767291,1.425498,1.339099,True
1761,1761012734.845802,1761012911.705424,1036,422,353.697389,1.829608,0.83579,True
1762,1761012735.795639,1761012886.600409,977,407,301.597779,2.483278,0.736735,True
1763,1761012736.328547,1761013005.253738,1097,411,537.84481,1.817707,1.307383,True
1764,1761012736.409632,1761012792.832523,396,88,112.834095,0.831828,1.287382,True
1765,1761012739.565543,1761013089.274037,1096,514,699.412691,1.647855,1.360165,True
1766,1761012742.031295,1761012790.846947,2006,77,97.608033,2.672021,1.249158,True
1767,1761012745.754609,1761013402.286048,1052,667,1313.050751,1.531194,1.969249,True
1768,1761012746.101153,1761013025.55328,1082,428,558.902674,2.578117,1.302868,True
1769,1761012747.74675,1761012918.046714,1073,378,340.579417,1.986819,0.898124,True
1770,1761012747.778653,1761012793.993186,11,141,92.40745,1.954421,0.646093,True
1771,1761012748.355541,1761012920.944223,1093,396,345.163655,4.829673,0.861605,True
1772,1761012748.482617,1761012920.630086,1014,392,344.288735,2.991272,0.872884,True
1773,1761012748.66417,1761012992.943118,1085,375,488.547293,1.528586,1.302189,True
1774,1761012749.872342,1761012924.790475,1174,411,349.814361,5.195982,0.840533,True
1775,1761012751.453312,1761012997.330407,1094,378,491.746261,1.735322,1.299764,True
1776,1761012752.477732,1761012925.558373,1086,410,346.138799,4.42018,0.835498,True
1777,1761012753.445843,1761013024.943725,987,413,542.973265,1.424055,1.31444,True
1778,1761012756.861047,1761012992.325617,1088,363,470.907022,1.543729,1.296584,True
1779,1761012759.259774,1761013110.942187,1102,523,703.343743,1.520405,1.344489,True
1780,1761012759.57455,1761013021.435178,1029,401,523.719474,2.550195,1.302923,True
1781,1761012761.003862,1761013009.494838,981,381,496.96586,3.485877,1.298632,True
1782,1761012761.405987,1761013022.557871,1029,405,522.302201,2.255813,1.287244,True
1783,1761012761.751773,1761012791.500542,374,91,59.487881,0.806332,0.652017,True
1784,1761012762.435384,1761012944.564874,1023,415,364.245338,1.93466,0.875147,True
1785,1761012763.38183,1761012796.692726,956,59,66.605115,2.349246,1.10786,True
1786,1761012764.532851,1761013013.500517,1057,388,497.917875,2.307887,1.280646,True
1787,1761012764.814265,1761013011.639993,1053,385,493.635727,3.098555,1.277441,True
1788,1761012767.45526,1761012940.661005,1041,395,346.395619,1.917098,0.874311,True
1789,1761012770.984715,1761012959.930286,1146,401,377.887193,1.920464,0.939917,True
1790,1761012771.633788,1761013033.683557,1038,401,524.08426,1.475931,1.306521,True
1791,1761012772.166972,1761012967.606264,1051,440,390.860643,2.589621,0.884444,True
1792,1761012772.544273,1761012826.150503,15,134,107.196644,2.252738,0.789052,True
1793,1761012773.272095,1761012956.922835,1006,394,367.291379,3.327976,0.926116,True
1794,1761012774.62585,1761012818.762422,424,102,88.269567,2.240642,0.851772,True
1795,1761012775.520104,1761012961.670186,1029,415,372.284489,3.331614,0.891191,True
1796,1761012775.681647,1761013110.005622,1006,488,668.62591,1.438044,1.369996,True
1797,1761012777.724077,1761013026.838434,1005,386,498.210875,1.558278,1.290007,True
1798,1761012779.582928,1761012818.674593,404,96,78.175662,0.869972,0.813744,True
1799,1761012780.789917,1761013122.274195,1147,509,682.966911,1.635702,1.341203,True
1800,1761012781.160384,1761012858.934828,1314,138,155.526348,3.214286,1.111767,True
1801,1761012782.009589,1761012966.580909,1008,408,369.13065,1.846925,0.902417,True
1802,1761012783.856221,1761012833.231617,397,93,98.738897,1.294756,1.059175,True
1803,1761012784.420842,1761012975.250439,1027,450,381.641068,1.892977,0.845764,True
1804,1761012789.50671,1761012842.174356,424,96,105.32569,0.703518,1.101286,True
1805,1761012791.131691,1761013087.98594,1042,424,593.704043,1.380423,1.400292,True
1806,1761012793.292935,1761013055.915923,1094,385,525.228641,1.427536,1.364065,True
1807,1761012794.466536,1761012842.425611,415,93,95.915034,0.774409,1.034137,True
1808,1761012794.705669,1761013079.34816,1096,411,569.269521,1.409775,1.385024,True
1809,1761012795.506005,1761012860.103366,398,127,129.182904,0.763153,1.019204,True
1810,1761012796.233046,1761013067.382532,1052,564,542.293405,1.876527,0.959888,True
1811,1761012796.973226,1761013071.219308,1089,394,548.470378,1.652876,1.391393,True
1812,1761012797.402622,1761012992.310045,1160,443,389.813264,2.67385,0.875881,True
1813,1761012798.225833,1761012825.644503,1786,50,54.835997,4.865867,1.019799,True
1814,1761012799.430183,1761013064.856583,1090,558,530.847092,4.37289,0.945196,True
1815,1761012800.251096,1761012885.759621,1317,180,171.011711,5.834638,0.922777,True
1816,1761012801.63787,1761013019.237595,1179,511,435.185178,5.456325,0.842606,True
1817,1761012802.760763,1761013059.050436,1116,368,512.559004,1.593323,1.392277,True
1818,1761012803.074848,1761012837.48395,388,55,68.811939,1.913798,1.238854,True
1819,1761012805.44856,1761012858.642351,887,112,106.386128,3.228113,0.929351,True
1820,1761012805.552277,1761012973.925503,1020,385,336.72436,3.960343,0.866573,True
1821,1761012807.333843,1761012862.944901,1313,135,111.22096,5.849012,0.786358,True
1822,1761012807.592899,1761012974.750547,1055,395,334.297258,6.322201,0.832424,True
1823,1761012807.775523,1761012974.977411,1130,391,334.402315,3.503273,0.848459,True
1824,1761012809.91097,1761012980.553343,1062,398,341.275163,5.557961,0.845635,True
1825,1761012811.390587,1761013105.385147,1070,411,587.987822,1.483635,1.430498,True
1826,1761012811.864418,1761012821.092412,238,14,18.434488,1.441293,1.307169,True
1827,1761012812.174845,1761013141.534515,1060,468,658.709781,2.373274,1.405431,True
1828,1761012813.72587,1761013087.281333,1026,379,547.092962,3.431333,1.438258,True
1829,1761012814.007448,1761013090.139407,1073,385,552.257951,1.913069,1.43319,True
1830,1761012814.013685,1761012966.718054,1325,198,305.394803,2.625322,1.536901,True
1831,1761012814.337972,1761012849.66112,387,58,70.630622,2.938993,1.187572,True
1832,1761012814.506078,1761012872.503563,438,93,115.98869,2.657223,1.231864,True
1833,1761012815.004768,1761012865.376404,406,86,100.734846,2.433654,1.156485,True
1834,1761012815.930116,1761012873.68256,388,93,115.490585,1.663532,1.237251,True
1835,1761012819.406524,1761012862.2535,398,107,85.692353,0.765622,0.801196,True
1836,1761012821.687313,1761012918.369225,22,131,193.357696,0.509905,1.483445,True
1837,1761012822.978196,1761012905.621639,417,110,165.274386,0.713756,1.509731,True
1838,1761012823.447242,1761012995.979209,1052,400,345.058178,1.850168,0.86017,True
1839,1761012823.672368,1761013100.251322,1069,388,553.149781,1.370781,1.425786,True
1840,1761012824.177852,1761013125.980613,1019,427,603.604412,4.313889,1.406785,True
1841,1761012824.311858,1761013110.706983,1222,396,572.768452,4.169697,1.439491,True
1842,1761012824.354448,1761012842.982906,902,29,37.235253,1.877176,1.262788,True
1843,1761012825.88611,1761013135.899341,1051,440,620.02465,5.014493,1.400934,True
1844,1761012825.985505,1761012917.765735,2006,175,183.550668,5.260859,1.024654,True
1845,1761012826.105744,1761012994.73352,1135,388,337.238331,5.136775,0.858144,True
1846,1761012827.834336,1761012959.694598,1349,172,263.707942,2.403753,1.528095,True
1847,1761012830.304159,1761013072.223554,1147,525,483.837469,2.962397,0.917701,True
1848,1761012831.149867,1761013100.85189,1095,387,539.383535,1.507232,1.393462,True
1849,1761012832.536926,1761012991.771377,1158,383,318.454902,2.696932,0.826592,True
1850,1761012834.681219,1761013124.092425,1090,414,578.806047,1.480964,1.397882,True
1851,1761012835.974508,1761012905.362911,396,99,138.757955,0.939498,1.406311,True
1852,1761012837.544416,1761013115.010251,1091,397,554.927938,1.639472,1.397193,True
1853,1761012838.705495,1761013018.921781,1083,430,360.423013,1.882538,0.835759,True
1854,1761012843.34019,1761013124.092264,1136,396,561.500113,1.885972,1.416745,True
1855,1761012843.925758,1761013000.325527,1001,375,312.786078,1.783512,0.831558,True
1856,1761012844.562863,1761012969.370062,50,154,249.612296,1.01615,1.624811,True
1857,1761012844.745951,1761013402.899958,1056,499,1116.306086,2.085456,2.237391,True
1858,1761012845.443577,1761013087.995299,1084,534,485.093946,2.130219,0.906123,True
1859,1761012847.095359,1761013025.308301,1062,416,356.418242,2.388712,0.853083,True
1860,1761012847.202424,1761012863.114972,773,41,31.803614,2.796953,0.725167,True
1861,1761012847.811767,1761013113.734195,1070,373,531.826727,1.663473,1.42517,True
1862,1761012848.645643,1761013017.784592,1085,407,338.276374,3.462693,0.824664,True
1863,1761012849.598984,1761012884.24675,388,75,69.293024,2.571978,0.901636,True
1864,1761012851.165843,1761012917.861679,383,80,133.385473,0.756027,1.678854,True
1865,1761012851.597481,1761013527.286416,1027,660,1351.371648,1.649433,2.048137,True
1866,1761012851.941573,1761012911.328488,414,102,118.764303,1.026644,1.165719,True
1867,1761012852.891582,1761013039.208724,1164,444,372.626607,2.04616,0.836525,True
1868,1761012853.810529,1761013028.744052,1069,430,349.851144,3.00441,0.808501,True
1869,1761012854.572467,1761013139.277938,1136,396,569.398808,1.563059,1.437559,True
1870,1761012856.069471,1761012915.896493,1951,67,119.637545,2.741629,1.77115,True
1871,1761012856.859972,1761013429.948874,1044,527,1146.163636,3.747805,2.171893,True
1872,1761012857.268085,1761013463.166596,1094,575,1211.779117,3.776601,2.104534,True
1873,1761012857.41046,1761013184.069037,1086,446,653.315422,2.729264,1.461991,True
1874,1761012860.810135,1761013139.712099,991,394,557.789875,1.725375,1.414922,True
1875,1761012862.864332,1761012909.196116,383,59,92.647874,0.879131,1.58222,True
1876,1761012866.123578,1761013038.483146,976,388,344.703885,1.7232,0.886255,True
1877,1761012867.218908,1761013162.322758,1158,400,590.193768,1.632121,1.475092,True
1878,1761012867.704542,1761013508.14941,1089,1000,1280.888165,1.968654,1.2802,True
1879,1761012867.728628,1761013156.68651,1031,388,577.899635,2.528478,1.486747,True
1880,1761012870.222059,1761013039.971327,1134,394,339.483157,2.085617,0.858518,True
1881,1761012870.543781,1761013042.230934,1314,227,343.358692,1.836768,1.511159,True
1882,1761012870.81829,1761012953.453297,400,90,165.268324,2.252568,1.831638,True
1883,1761012871.430109,1761013136.869535,1025,604,530.861417,2.666215,0.875946,True
1884,1761012871.813762,1761013069.425517,1052,415,395.222373,3.064237,0.947242,True
1885,1761012873.316503,1761013072.409564,1020,420,398.17461,4.791922,0.938861,True
1886,1761012873.34437,1761012963.58767,410,99,180.469046,0.713794,1.834237,True
1887,1761012873.908602,1761013038.344662,998,385,328.860541,2.568776,0.849718,True
1888,1761012874.361654,1761013183.313445,1120,419,617.896118,1.726738,1.474089,True
1889,1761012874.877942,1761013040.549423,1112,394,331.326793,4.811122,0.830829,True
1890,1761012875.102258,1761013480.763731,973,565,1211.306548,3.144006,2.142132,True
1891,1761012875.230084,1761012984.13686,1351,148,217.80802,2.771662,1.462832,True
1892,1761012876.638781,1761012961.383587,16,163,169.47362,5.682563,1.011056,True
1893,1761012876.641024,1761013053.387579,1069,396,353.461121,4.631561,0.883113,True
1894,1761012877.46279,1761013013.114588,1316,193,271.292183,2.810326,1.398343,True
1895,1761012877.7956,1761013107.659462,1025,514,459.712417,4.44077,0.887469,True
1896,1761012877.945011,1761012953.881807,2006,77,151.87141,3.436767,1.953087,True
1897,1761012880.942097,1761012926.099534,378,51,90.31355,1.179165,1.782688,True
1898,1761012881.534225,1761013168.713365,1036,398,574.336502,1.921973,1.44185,True
1899,1761012881.557507,1761013476.669488,1042,558,1190.206575,2.26754,2.132745,True
1900,1761012882.769851,1761013151.260381,1089,372,536.973103,2.642067,1.440245,True
1901,1761012883.971977,1761013166.788051,1146,395,565.624518,2.6749,1.428806,True
1902,1761012884.225105,1761013183.720879,1011,411,598.989617,2.747977,1.454248,True
1903,1761012886.931418,1761013068.655033,981,382,363.439435,1.749561,0.949317,True
1904,1761012888.773887,1761013077.172443,1138,414,376.781625,2.169445,0.907051,True
1905,1761012889.730332,1761013190.009088,1163,418,600.549345,2.33861,1.434558,True
1906,1761012889.733577,1761013190.185141,1087,417,600.880156,1.495261,1.440829,True
1907,1761012890.541299,1761013125.218141,1138,517,469.3382,2.353371,0.905009,True
1908,1761012890.802247,1761013418.263622,1160,468,1054.921263,2.901824,2.252718,True
1909,1761012891.070842,1761012968.208298,21,165,154.257231,1.959965,0.928642,True
1910,1761012891.510856,1761013165.785409,1091,378,548.535104,2.908992,1.447284,True
1911,1761012891.809519,1761013077.222652,1149,407,370.820796,3.013406,0.90593,True
1912,1761012892.618872,1761012932.197904,1378,85,79.140324,3.3662,0.902073,True
1913,1761012892.995372,1761013074.209251,1013,397,362.405233,4.469293,0.903879,True
1914,1761012893.413182,1761013077.403891,1053,408,367.95961,4.84443,0.892175,True
1915,1761012893.941657,1761013182.725203,1049,398,577.565487,1.902156,1.450034,True
1916,1761012894.439451,1761012972.088206,1474,94,155.29566,2.701933,1.640793,True
1917,1761012894.454749,1761012908.531702,243,14,28.140119,1.431234,2.05453,True
1918,1761012894.457958,1761012937.561092,401,95,86.177783,4.04568,0.873746,True
1919,1761012894.869956,1761012977.563051,430,106,165.384127,2.752057,1.548877,True
1920,1761012896.280554,1761013192.234917,1044,415,591.900394,2.688006,1.423218,True
1921,1761012897.762447,1761013184.122169,1179,398,572.706881,2.832497,1.435452,True
1922,1761012898.097592,1761013074.730327,1175,401,353.251907,2.392325,0.877149,True
1923,1761012900.342686,1761013074.209009,1034,395,347.724249,2.000879,0.87747,True
1924,1761012900.571633,1761012920.399145,1951,46,39.633529,5.010732,0.769395,True
1925,1761012901.43934,1761013074.869409,1134,394,346.852829,4.888754,0.870138,True
1926,1761012901.652295,1761012977.152997,415,101,150.989504,1.02933,1.499602,True
1927,1761012901.925889,1761013397.946301,1157,416,992.038437,1.762161,2.386208,True
1928,1761012903.10759,1761012965.749775,983,151,125.272342,5.26808,0.800028,True
1929,1761012903.437388,1761013093.305299,1059,448,379.73457,5.573053,0.83705,True
1930,1761012903.745212,1761013170.396846,969,375,533.28489,1.425936,1.422083,True
1931,1761012905.44516,1761012912.99945,243,14,15.090975,1.360088,1.056222,True
1932,1761012905.49141,1761013173.18838,1011,373,535.384356,1.509305,1.435148,True
1933,1761012905.92433,1761013182.192876,1040,385,552.530826,2.288408,1.432923,True
1934,1761012907.461163,1761013402.352245,1047,419,989.759737,2.288532,2.362371,True
1935,1761012908.09736,1761013075.607485,1135,396,335.010829,2.903053,0.840779,True
1936,1761012908.92585,1761013396.982079,1162,401,976.101779,3.271411,2.432076,True
1937,1761012908.927079,1761013185.69323,1150,395,553.504157,2.437306,1.398647,True
1938,1761012910.62485,1761012971.509576,20,177,121.755822,0.653392,0.688082,True
1939,1761012911.240198,1761012969.316069,379,70,116.145409,2.577012,1.645919,True
1940,1761012911.812777,1761013189.605126,1106,396,555.572739,1.84239,1.401849,True
1941,1761012913.574126,1761012953.415598,414,95,79.675227,0.909677,0.837931,True
1942,1761012913.993354,1761013403.437685,1072,415,978.874529,1.64371,2.360461,True
1943,1761012916.616211,1761012926.550536,238,14,19.866337,0.669434,1.476685,True
1944,1761012916.874384,1761012957.111383,385,87,80.45217,0.737665,0.926913,True
1945,1761012918.458965,1761012935.814247,322,18,34.705237,2.006454,1.923458,True
1946,1761012918.647986,1761013398.907878,1026,396,960.500932,1.810867,2.427063,True
1947,1761012920.1195,1761013402.619522,970,403,964.991908,1.662048,2.396343,True
1948,1761012920.848796,1761012978.470859,1378,85,115.242726,2.90961,1.337299,True
1949,1761012921.714501,1761012987.048663,13,172,130.654487,0.307382,0.762264,True
1950,1761012921.890727,1761013092.804317,1004,388,341.815609,1.884216,0.878376,True
1951,1761012922.250381,1761013183.955995,980,372,523.389019,3.00504,1.402652,True
1952,1761012925.564826,1761013147.239002,1102,530,443.330848,2.043556,0.834191,True
1953,1761012925.959525,1761013106.050662,1005,394,360.172056,3.398698,0.90782,True
1954,1761012926.643745,1761012990.550029,403,94,127.800527,0.912365,1.364389,True
1955,1761012927.811411,1761013439.39466,1169,451,1023.158651,1.5552,2.27023,True
1956,1761012927.996999,1761013402.72446,1140,397,949.448252,2.863762,2.390365,True
1957,1761012928.26857,1761013402.965645,1083,395,949.375906,5.138412,2.396542,True
1958,1761012929.130951,1761013403.852712,1034,398,949.424952,4.276074,2.380728,True
1959,1761012930.318975,1761012978.043406,404,131,95.447064,0.778427,0.72822,True
1960,1761012930.613352,1761013417.387034,1073,422,973.541054,2.953831,2.305433,True
1961,1761012930.783035,1761012950.090974,243,14,38.604299,2.884694,2.747662,True
1962,1761012931.993095,1761013106.377136,1146,389,348.756598,1.980167,0.893754,True
1963,1761012932.662111,1761013109.066427,1017,394,352.790854,3.223431,0.889485,True
1964,1761012934.126414,1761013404.054893,1164,395,939.834217,1.559717,2.381407,True
1965,1761012934.411051,1761013042.170066,1312,156,215.502644,3.059109,1.370603,True
1966,1761012936.05924,1761013406.122734,1096,396,940.10547,2.91925,2.372623,True
1967,1761012937.126843,1761013026.110001,983,151,177.964177,2.496423,1.169785,True
1968,1761012938.464253,1761013415.321498,1050,412,953.703882,2.456772,2.31447,True
1969,1761012939.071718,1761012988.611654,399,87,99.070332,2.333634,1.124845,True
1970,1761012939.352693,1761012982.380734,404,118,86.054816,0.796294,0.728705,True
1971,1761012940.881995,1761012975.379597,1992,91,68.98325,3.631906,0.726126,True
1972,1761012941.205979,1761013412.630475,1163,409,942.840837,1.979113,2.306034,True
1973,1761012941.742146,1761013179.84816,1103,577,476.196259,6.642489,0.815198,True
1974,1761012943.648076,1761013595.735469,1123,651,1304.160687,2.855532,2.002008,True
1975,1761012943.680227,1761013406.936498,1032,396,926.501036,2.824468,2.338422,True
1976,1761012943.892261,1761012960.068877,315,18,32.331199,1.244946,1.828603,True
1977,1761012943.965734,1761012997.131136,1316,151,106.313431,2.868385,0.689634,True
1978,1761012944.339865,1761013412.294951,1014,398,935.9075,4.625643,2.345798,True
1979,1761012945.540716,1761013430.209423,1071,426,969.315205,2.725541,2.274329,True
1980,1761012945.607968,1761013505.825199,1069,523,1120.42384,2.290049,2.142019,True
1981,1761012946.630735,1761012997.377683,421,93,101.475783,2.833031,1.072204,True
1982,1761012947.983592,1761012982.02577,1474,109,68.082919,3.025786,0.602381,True
1983,1761012949.725716,1761013121.243581,1097,393,343.027707,3.213462,0.866873,True
1984,1761012950.717711,1761013429.152109,1086,419,956.846416,1.738515,2.284947,True
1985,1761012953.619236,1761012960.823234,238,14,14.394377,0.619659,1.059594,True
1986,1761012953.633263,1761013410.716054,1088,382,914.157931,1.495181,2.39544,True
1987,1761012954.097565,1761013129.855672,1088,417,351.510615,2.158212,0.839789,True
1988,1761012954.39486,1761012967.695266,724,40,26.596996,2.334489,0.622116,True
1989,1761012956.363567,1761013427.940367,1151,404,943.135815,1.748006,2.33595,True
1990,1761012956.747024,1761013412.827343,1101,385,912.149461,2.820405,2.368044,True
1991,1761012957.626578,1761013179.534076,1090,558,443.813386,1.871246,0.793433,True
1992,1761012959.556494,1761013438.713421,960,413,958.305163,1.489163,2.322369,True
1993,1761012961.172706,1761013430.08563,1094,411,937.81551,1.810248,2.28294,True
1994,1761012963.147719,1761013131.152486,1111,396,335.992067,1.933763,0.845717,True
1995,1761012963.330696,1761013052.175131,1316,140,177.687569,1.71311,1.266003,True
1996,1761012966.624965,1761013415.857093,1094,377,898.447893,1.459695,2.385607,True
1997,1761012967.905698,1761013010.055846,403,86,84.286491,0.81134,0.982061,True
1998,1761012970.14438,1761013065.218485,1316,149,190.126474,1.821975,1.272328,True
1999,1761012975.98632,1761013164.458114,1114,442,376.928162,2.003583,0.850169,True
2000,1761012977.545788,1761013078.684559,1323,213,202.261686,2.641105,0.941607,True
2001,1761012978.060996,1761013107.20183,397,181,258.269652,0.789702,1.430444,True
2002,1761012978.608856,1761013469.555903,1069,419,981.88763,1.83614,2.344621,True
2003,1761012982.164654,1761013086.060102,1316,207,207.773302,2.409693,0.996911,True
2004,1761012982.350511,1761013011.970027,374,76,59.233799,2.418047,0.757543,True
2005,1761012985.047579,1761013463.798557,994,396,957.48707,1.496919,2.420228,True
2006,1761012985.192786,1761013060.886942,1961,96,151.374463,3.24461,1.559262,True
2007,1761012986.754229,1761013448.169313,961,388,922.816609,3.187301,2.376303,True
2008,1761012986.79323,1761013061.934034,397,94,150.260156,2.361482,1.590308,True
2009,1761012986.860307,1761013456.002487,1053,380,938.270299,3.519926,2.46636,True
2010,1761012987.528687,1761013038.06659,1314,111,101.066235,2.267136,0.898174,True
2011,1761012988.472312,1761013174.443271,1131,432,371.926259,3.199114,0.855515,True
2012,1761012990.145473,1761013463.798287,1198,394,947.303151,1.954879,2.405466,True
2013,1761012992.128344,1761013151.935393,1074,377,319.6059,2.01772,0.844649,True
2014,1761012992.565859,1761013087.045331,44,121,188.957667,0.314022,1.57203,True
2015,1761012992.816591,1761012998.865632,738,10,12.086053,1.057217,1.225426,True
2016,1761012993.000345,1761013001.704304,738,10,17.394039,1.916373,1.719741,True
2017,1761012996.021858,1761013009.155386,738,20,26.248898,1.07482,1.324951,True
2018,1761012996.863694,1761013460.889785,1026,418,928.039678,1.607289,2.22166,True
2019,1761012997.316308,1761013481.215888,1040,399,967.785584,2.639756,2.42499,True
2020,1761012999.515834,1761013494.859092,1133,414,990.672941,2.127607,2.393572,True
2021,1761013000.309878,1761013026.555715,808,43,52.482246,3.50771,1.16606,True
2022,1761013000.387208,1761013039.923568,373,78,79.071327,0.836467,1.016037,True
2023,1761013001.005694,1761013063.332361,1138,80,124.645487,2.715543,1.543417,True
2024,1761013001.257448,1761013461.033528,1133,379,919.535973,1.852167,2.427735,True
2025,1761013002.103691,1761013007.175787,120,12,10.13071,1.961548,0.742651,True
2026,1761013002.902662,1761013187.672762,1073,419,369.522409,1.910533,0.879454,True
2027,1761013005.107861,1761013189.323653,1128,428,368.430359,1.988556,0.858178,True
2028,1761013005.88106,1761013066.686253,1020,74,121.591024,3.726373,1.614584,True
2029,1761013006.603779,1761013186.956287,1124,411,360.697248,4.814931,0.868006,True
2030,1761013006.688429,1761013494.671316,1048,396,975.964137,1.621933,2.466689,True
2031,1761013006.691096,1761013179.447936,1013,394,345.495868,2.168176,0.873607,True
2032,1761013010.496498,1761013071.333419,376,69,121.666325,0.707628,1.778804,True
2033,1761013011.554867,1761013498.811937,1148,393,974.512154,1.503271,2.482166,True
2034,1761013012.879133,1761013460.889513,1018,391,896.011252,1.70707,2.293088,True
2035,1761013013.302882,1761013071.463125,1337,79,116.309139,2.390052,1.460501,True
2036,1761013013.931542,1761013046.684911,1099,57,65.5056,3.711243,1.103471,True
2037,1761013014.269469,1761013501.607595,1051,396,974.658568,2.856991,2.460257,True
2038,1761013014.292268,1761013504.770627,1138,398,980.941886,1.790979,2.466375,True
2039,1761013015.307476,1761013481.476034,1148,375,932.319591,3.281437,2.484059,True
2040,1761013016.805407,1761013102.609477,424,114,171.585451,2.263433,1.498425,True
2041,1761013017.188345,1761013071.795389,388,80,109.204545,1.228461,1.366786,True
2042,1761013017.331493,1761013504.076442,1091,397,973.477823,2.801314,2.451203,True
2043,1761013017.565356,1761013089.33488,1484,88,143.52729,3.46377,1.609926,True
2044,1761013020.767244,1761013116.012411,1312,181,190.472778,2.303897,1.045383,True
2045,1761013021.072967,1761013190.032768,1031,403,337.918451,3.781015,0.831188,True
2046,1761013022.319179,1761013506.874693,1089,402,969.093265,1.607925,2.412682,True
2047,1761013026.276849,1761013190.076919,1135,390,327.581339,1.955602,0.837084,True
2048,1761013026.462242,1761013097.953516,391,87,142.980718,0.812309,1.653121,True
2049,1761013026.908484,1761013513.046914,974,406,972.26477,1.76224,2.396303,True
2050,1761013027.463033,1761013511.238051,1013,396,967.528399,2.392954,2.443381,True
2051,1761013028.778722,1761013109.114443,1316,150,160.66575,2.326879,1.062677,True
2052,1761013029.216485,1761013415.912437,1084,429,773.379619,3.856819,1.79795,True
2053,1761013029.501792,1761013510.330261,1162,390,961.646912,1.991052,2.466982,True
2054,1761013030.311318,1761013114.834308,1061,117,169.039314,2.591559,1.434894,True
2055,1761013030.41061,1761013535.46485,1046,427,1010.096935,3.210873,2.363582,True
2056,1761013032.426111,1761013594.994832,1183,501,1125.120749,3.393001,2.243455,True
2057,1761013032.719235,1761013502.372429,1182,372,939.283808,2.259467,2.525672,True
2058,1761013033.024789,1761013511.60186,1167,398,957.148249,3.211748,2.402863,True
2059,1761013033.130216,1761013095.651238,381,76,125.020253,3.161594,1.624782,True
2060,1761013033.689971,1761013519.002521,1198,405,970.613034,3.956491,2.392714,True
2061,1761013033.762259,1761013403.02964,1006,397,738.517355,1.816139,1.860357,True
2062,1761013034.79466,1761013509.408144,1026,385,949.21595,3.185352,2.463621,True
2063,1761013034.944445,1761013410.833107,1022,413,751.760924,2.653369,1.818222,True
2064,1761013035.375079,1761013110.764003,900,102,150.768129,3.521118,1.457891,True
2065,1761013038.356082,1761013107.266201,911,97,137.804764,1.792464,1.416795,True
2066,1761013039.170845,1761013472.03783,1096,398,865.717914,2.709821,2.173824,True
2067,1761013039.630323,1761013100.559659,389,87,121.857084,1.181945,1.403199,True
2068,1761013040.333054,1761013427.556404,1102,420,774.4248,1.990575,1.843518,True
2069,1761013040.987099,1761013407.17031,1010,391,732.36519,3.12996,1.869834,True
2070,1761013041.399977,1761013411.61735,1148,398,740.424579,3.615739,1.855942,True
2071,1761013041.648979,1761013412.220496,1024,396,741.120795,4.116166,1.865835,True
2072,1761013042.18247,1761013411.196009,1023,394,738.009444,4.350741,1.866816,True
2073,1761013042.244282,1761013054.381886,242,14,24.257315,0.698143,1.812244,True
2074,1761013042.51469,1761013516.65703,1144,396,948.268697,1.813896,2.396088,True
2075,1761013044.120498,1761013561.459134,995,449,1034.658731,1.737028,2.305629,True
2076,1761013044.361304,1761013424.077528,1082,411,759.425812,4.035927,1.842414,True
2077,1761013044.695537,1761013098.124123,1020,74,106.843038,2.608987,1.427864,True
2078,1761013045.45333,1761013518.271012,989,392,945.61371,2.19716,2.41283,True
2079,1761013047.110628,1761013073.071029,1717,28,51.912967,4.264085,1.764773,True
2080,1761013048.161082,1761013466.508909,1013,373,836.684015,1.613862,2.244812,True
2081,1761013048.549735,1761013431.783345,1051,427,766.445235,4.493713,1.788619,True
2082,1761013049.429241,1761013087.301463,382,64,75.732808,3.858274,1.140866,True
2083,1761013050.222882,1761013192.11239,1313,204,283.763448,1.840179,1.388785,True
2084,1761013052.078653,1761013093.34951,381,88,82.530079,1.979118,0.925873,True
2085,1761013052.186561,1761013642.290376,1051,538,1180.206471,1.635319,2.194732,True
2086,1761013052.557931,1761013063.903657,243,14,22.669607,1.759552,1.608466,True
2087,1761013052.747383,1761013091.755716,1337,79,77.99927,2.969511,0.96192,True
2088,1761013053.486953,1761013128.867458,401,164,150.75343,4.636951,0.89642,True
2089,1761013054.437274,1761013068.41319,120,12,27.94431,4.484876,2.132676,True
2090,1761013054.510867,1761013415.01644,1130,398,721.003122,5.262844,1.802872,True
2091,1761013054.513067,1761013412.436724,1134,393,715.821777,6.223858,1.810199,True
2092,1761013054.598248,1761013410.292639,1053,385,711.36658,3.518662,1.843354,True
2093,1761013055.074185,1761013409.297408,1015,393,708.435627,3.847052,1.79742,True
2094,1761013055.377582,1761013173.005391,25,165,235.23945,0.403359,1.431927,True
2095,1761013055.79542,1761013581.883553,1168,453,1052.172219,1.630427,2.324208,True
2096,1761013056.690429,1761013534.351954,1023,396,955.315001,2.073099,2.413271,True
2097,1761013057.94188,1761013470.254276,964,476,824.616794,4.425739,1.726718,True
2098,1761013058.100282,1761013093.893391,1360,90,71.568985,5.539638,0.741903,True
2099,1761013058.247063,1761013491.924626,1048,397,867.342116,1.885242,2.185497,True
2100,1761013058.864259,1761013570.899065,996,441,1024.048404,1.958941,2.322931,True
2101,1761013059.024482,1761013093.75984,890,89,69.463054,5.217189,0.730067,True
2102,1761013059.034397,1761013553.438262,1135,415,988.797583,2.841636,2.381536,True
2103,1761013059.308046,1761013122.930806,408,100,127.231773,3.461201,1.250208,True
2104,1761013059.479016,1761013534.971104,1266,397,950.965867,3.153298,2.393466,True
2105,1761013060.726955,1761013116.94153,403,89,112.423812,2.207321,1.25246,True
2106,1761013061.341261,1761013412.630749,1127,398,702.57659,5.292229,1.756384,True
2107,1761013061.634638,1761013092.394049,390,79,61.51345,3.167247,0.748028,True
2108,1761013064.719066,1761013535.161064,1084,390,940.871907,1.828444,2.413993,True
2109,1761013066.189091,1761013550.231941,963,399,968.079947,1.642614,2.428235,True
2110,1761013067.261314,1761013156.748875,404,128,178.961601,1.18845,1.399789,True
2111,1761013067.625769,1761013546.00921,1201,396,956.760374,2.259892,2.416457,True
2112,1761013068.056318,1761013563.016396,1115,418,989.905756,2.985882,2.366714,True
2113,1761013069.399989,1761013425.359058,1025,397,711.902295,1.764022,1.793278,True
2114,1761013072.851207,1761013122.188846,418,113,98.657535,0.876829,0.873042,True
2115,1761013072.943423,1761013562.08635,984,409,978.265023,1.527595,2.393964,True
2116,1761013073.581442,1761013550.359164,1150,394,953.534138,3.187284,2.418185,True
2117,1761013074.474965,1761013544.445598,1011,384,939.922229,1.431921,2.450366,True
2118,1761013076.134619,1761013546.130895,1149,383,939.982428,2.285311,2.454704,True
2119,1761013076.314385,1761013144.646268,408,103,136.662474,2.452362,1.315785,True
2120,1761013076.74734,1761013114.834002,386,67,76.157561,0.637163,1.144248,True
2121,1761013078.884015,1761013466.862624,1196,410,775.948769,2.06483,1.892137,True
2122,1761013079.647371,1761013563.88056,1008,414,968.464712,1.605967,2.341062,True
2123,1761013080.216162,1761013454.782834,985,421,749.119465,2.506099,1.777651,True
2124,1761013080.531983,1761013584.465369,988,432,1007.85523,3.182492,2.331027,True
2125,1761013080.84795,1761013563.880763,1027,414,966.055225,3.229643,2.331297,True
2126,1761013080.849148,1761013553.067774,1042,394,944.407771,2.511314,2.396683,True
2127,1761013081.120091,1761013552.06457,1071,384,941.866319,1.500193,2.455264,True
2128,1761013081.211612,1761013556.033925,1093,401,949.642645,1.796969,2.369614,True
2129,1761013081.914383,1761013558.973476,1171,523,954.116794,3.405771,1.821285,True
2130,1761013082.711083,1761013591.788048,1048,433,1018.140118,2.955358,2.349965,True
2131,1761013082.790093,1761013122.739649,1821,84,79.898048,3.128835,0.92493,True
2132,1761013083.658601,1761013125.3518,388,98,83.368746,3.084496,0.827673,True
2133,1761013083.706523,1761013144.586799,1047,99,121.754426,2.328889,1.218628,True
2134,1761013085.83526,1761013136.427305,21,138,101.182962,0.95626,0.731582,True
2135,1761013087.816402,1761013600.008891,971,444,1024.381943,1.284939,2.309474,True
2136,1761013088.254678,1761013500.704883,1185,434,824.889013,2.118378,1.900163,True
2137,1761013090.865712,1761013563.146618,1231,396,944.543842,1.756142,2.386804,True
2138,1761013091.586934,1761013166.904857,413,113,150.634115,1.898379,1.327998,True
2139,1761013093.076533,1761013517.927027,1255,414,849.683724,2.27859,2.051828,True
2140,1761013094.396168,1761013136.072081,922,104,83.33839,1.61168,0.793463,True
2141,1761013094.783659,1761013453.39835,1080,375,717.215692,3.065765,1.909492,True
2142,1761013095.340048,1761013118.020491,383,48,45.343245,0.737581,0.949057,True
2143,1761013097.024475,1761013107.432857,120,12,20.805208,3.12105,1.607651,True
2144,1761013097.134001,1761013131.105918,376,84,67.926394,3.626911,0.774693,True
2145,1761013097.348058,1761013170.711625,1315,199,146.705534,2.75036,0.727046,True
2146,1761013097.460132,1761013185.462124,36,130,175.99864,0.539917,1.360145,True
2147,1761013098.853356,1761013126.148528,422,67,54.589171,2.551147,0.788455,True
2148,1761013099.130857,1761013126.442005,374,44,54.620541,0.836721,1.250787,True
2149,1761013099.875839,1761013134.786134,1360,94,69.813129,3.611585,0.711845,True
2150,1761013100.567945,1761013483.196104,1076,396,765.252892,3.673239,1.92805,True
2151,1761013100.644981,1761013399.38408,1313,137,597.464309,1.900846,4.379143,True
2152,1761013101.618738,1761013166.194307,890,89,129.143548,2.113485,1.443523,True
2153,1761013101.787615,1761013517.598314,1161,395,831.603712,3.184447,2.102587,True
2154,1761013103.473536,1761013132.081681,382,86,57.194621,1.52,0.654996,True
2155,1761013104.34275,1761013165.417506,397,86,122.126815,1.485163,1.419314,True
2156,1761013104.651297,1761013132.17206,420,88,55.026322,1.204368,0.618643,True
2157,1761013105.125073,1761013585.077235,1062,397,959.898504,1.909187,2.419165,True
2158,1761013105.834337,1761013575.416594,1122,377,939.148988,2.663427,2.490653,True
2159,1761013107.025152,1761013595.980204,1099,420,977.908501,1.866108,2.329457,True
2160,1761013110.406863,1761013496.441098,1048,379,772.051601,2.151053,2.036774,True
2161,1761013112.210927,1761013469.940794,1055,413,715.437903,2.299461,1.730919,True
2162,1761013115.440595,1761013155.265364,1006,44,79.627354,1.434449,1.81844,True
2163,1761013115.914623,1761013151.762855,1670,117,71.68674,2.846259,0.593452,True
2164,1761013116.158689,1761013182.249915,411,81,132.164317,1.456121,1.633852,True
2165,1761013117.962251,1761013158.295586,1757,45,80.646813,2.295889,1.780703,True
2166,1761013118.004282,1761013547.289297,999,419,858.548255,3.567369,2.045409,True
2167,1761013118.43959,1761013123.87219,247,14,10.857825,0.851388,0.769726,True
2168,1761013118.891773,1761013506.38348,1020,388,774.961569,2.294919,1.996555,True
2169,1761013119.265029,1761013397.808879,442,99,557.081147,2.374696,5.66027,True
2170,1761013119.786047,1761013124.949319,324,18,10.321208,2.074532,0.485099,True
2171,1761013120.260313,1761013603.807895,1009,410,967.082597,1.842716,2.36,True
2172,1761013120.360555,1761013397.668382,391,104,554.600105,1.801782,5.366974,True
2173,1761013123.93768,1761013433.585012,1313,157,619.272506,1.801854,3.958145,True
2174,1761013126.193706,1761013346.946543,1317,198,441.50422,2.378274,2.229066,True
2175,1761013126.211266,1761013153.332756,386,99,54.233639,2.513355,0.527758,True
2176,1761013126.449361,1761013613.592671,1043,401,974.276628,1.556619,2.4318,True
2177,1761013127.242348,1761013166.137802,1165,45,77.777246,2.258521,1.716335,True
2178,1761013127.677408,1761013632.590465,1028,414,1009.807843,2.152278,2.439844,True
2179,1761013129.115004,1761013426.1657,1821,143,594.099438,2.865502,4.163619,True
2180,1761013131.732577,1761013139.278139,237,14,15.082172,0.850648,1.094733,True
2181,1761013132.448539,1761013584.587074,1151,434,904.259142,1.972462,2.083803,True
2182,1761013135.494569,1761013439.562513,1484,159,608.128591,2.072548,3.835798,True
2183,1761013136.295669,1761013405.320856,427,93,538.038165,3.247337,5.812944,True
2184,1761013136.772747,1761013632.46117,1207,400,991.353644,2.44115,2.478477,True
2185,1761013137.086339,1761013571.973408,1001,407,869.760809,1.919605,2.13754,True
2186,1761013137.714958,1761013446.243702,50,168,617.051324,1.591687,3.685387,True
2187,1761013138.066631,1761013176.425726,1381,40,76.700166,3.226542,1.883939,True
2188,1761013139.541394,1761013173.903329,396,93,68.72029,0.780478,0.738476,True
2189,1761013141.460976,1761013639.83014,1040,396,996.717858,2.095003,2.518033,True
2190,1761013141.613259,1761013405.245503,394,88,527.26015,1.949798,6.03805,True
2191,1761013142.136405,1761013183.491609,378,48,82.701108,2.033599,1.71633,True
2192,1761013144.474221,1761013672.789031,1307,501,1056.627655,2.321745,2.108612,True
2193,1761013145.529297,1761013649.986266,974,402,1008.905555,2.228226,2.510417,True
2194,1761013145.581844,1761013707.819122,1129,467,1124.466244,1.549089,2.409693,True
2195,1761013146.265475,1761013640.090366,1040,388,987.643233,2.714765,2.545035,True
2196,1761013146.948868,1761013659.242695,1159,405,1024.585734,3.245953,2.528069,True
2197,1761013147.302264,1761013519.181541,946,398,743.740842,1.677151,1.869178,True
2198,1761013148.314103,1761013558.973467,967,419,821.30039,2.828082,1.958068,True
2199,1761013150.880207,1761013548.230757,1109,383,794.699642,1.772162,2.075726,True
2200,1761013151.561978,1761013752.497365,1171,526,1201.852813,2.629922,2.284234,True
2201,1761013151.592614,1761013394.912657,1670,65,486.617773,3.601382,7.547131,True
2202,1761013154.610173,1761013551.656803,1039,399,794.091587,1.969546,1.990256,True
2203,1761013155.755924,1761013650.550845,1184,405,989.57326,2.298136,2.44375,True
2204,1761013156.079651,1761013397.331209,421,99,482.493376,0.824713,4.914986,True
2205,1761013156.142122,1761013543.885538,1046,398,775.479444,4.136947,1.942928,True
2206,1761013156.581076,1761013650.048748,1034,428,986.928746,3.69914,2.302645,True
2207,1761013157.000056,1761013415.19218,373,93,516.372123,1.831622,5.592832,True
2208,1761013157.790951,1761013411.555445,890,115,507.517641,4.085528,4.416071,True
2209,1761013158.744991,1761013181.320793,377,51,45.150102,3.385694,0.835288,True
2210,1761013159.446916,1761013441.087195,426,126,563.269238,0.856713,4.4993,True
2211,1761013159.488789,1761013410.1768,1508,76,501.365225,2.416771,6.652646,True
2212,1761013160.758733,1761013636.574703,1059,410,951.615196,3.198508,2.318867,True
2213,1761013163.641831,1761013670.869306,1196,410,1014.44754,1.663706,2.476244,True
2214,1761013165.192615,1761013660.831464,1072,419,991.270162,1.957183,2.366777,True
2215,1761013165.786691,1761013547.178437,1020,394,762.769783,4.647299,1.929065,True
2216,1761013166.086448,1761013435.865947,26,150,539.549783,4.391217,3.591668,True
2217,1761013166.209566,1761013542.520873,1045,378,752.610701,2.714017,1.989116,True
2218,1761013167.182734,1761013573.11477,1116,446,811.854475,1.467649,1.821094,True
2219,1761013168.029782,1761013681.183038,1084,418,1026.299824,4.793862,2.449655,True
2220,1761013168.043987,1761013504.834163,1338,195,673.558406,2.285245,3.460171,True
2221,1761013168.381895,1761013753.023081,1137,509,1169.266004,4.436672,2.292971,True
2222,1761013169.837464,1761013693.677418,1130,468,1047.663269,2.64735,2.237721,True
2223,1761013170.520748,1761013418.438479,387,82,495.823254,4.382763,6.067167,True
2224,1761013171.599374,1761013666.766934,1087,402,990.32357,3.305168,2.461393,True
2225,1761013174.352485,1761013641.915663,1075,395,935.110297,1.90912,2.368531,True
2226,1761013174.716387,1761013559.357527,1131,396,769.27425,1.647313,1.943359,True
2227,1761013177.930756,1761013454.121711,1353,144,552.375762,2.007071,3.848732,True
2228,1761013178.463949,1761013483.389953,1484,159,609.839408,3.486195,3.837679,True
2229,1761013181.761839,1761013667.32675,1183,384,971.108999,2.045679,2.530191,True
2230,1761013182.199168,1761013455.219063,1318,148,546.030263,3.803729,3.688616,True
2231,1761013186.532478,1761013439.035624,1907,90,505.005185,2.243715,5.649005,True
2232,1761013188.148723,1761013434.972556,401,82,493.629464,1.098363,6.080631,True
2233,1761013189.891837,1761013445.557531,1961,95,511.315621,3.484309,5.402461,True
2234,1761013189.961418,1761013481.800913,403,135,583.677414,3.897742,4.326714,True
2235,1761013189.965128,1761013460.457049,389,100,540.968618,0.759445,5.456658,True
2236,1761013190.005408,1761013446.702635,399,101,513.374066,0.904982,5.124691,True
2237,1761013190.176109,1761013672.602162,953,375,964.844071,1.826183,2.574914,True
2238,1761013190.684872,1761013728.328035,1066,432,1075.276402,0.0,2.494841,True
2239,1761013190.880349,1761013403.515521,298,19,425.262378,0.0,23.625688,True
2240,1761013190.963136,1761013707.75866,1146,414,1033.585026,0.0,2.502627,True
2241,1761013192.210072,1761013910.467985,1178,608,1436.501043,0.0,2.366559,True
2242,1761013193.190434,1761013565.861325,1066,389,745.340318,0.0,1.92098,True
2243,1761013193.190562,1761013671.42942,1248,379,956.454524,0.0,2.530303,True
2244,1761013193.295153,1761013436.28824,387,68,318.308487,84.054174,3.496333,True
2245,1761013193.838764,1761013567.611658,1027,392,580.934744,66.450359,1.315817,True
2246,1761013194.213113,1761013447.664882,858,107,341.020333,55.460608,2.69396,True
2247,1761013194.869632,1761013573.498253,1052,413,592.666358,60.296065,1.292161,True
2248,1761013195.520789,1761013574.538036,1034,417,594.723863,71.557469,1.257612,True
2249,1761013195.759536,1761013683.492975,1038,394,812.611964,86.577795,1.847415,True
2250,1761013196.745147,1761013396.192891,120,12,237.989763,66.396701,15.599369,True
2251,1761013196.895914,1761013469.619315,435,117,384.821059,67.352415,2.736799,True
2252,1761013201.282298,1761013572.30456,1190,403,590.171311,55.396504,1.330286,True
2253,1761013201.646152,1761013429.789849,955,68,305.119797,60.231373,3.655051,True
2254,1761013201.82926,1761013575.635658,1248,423,596.79109,71.493499,1.244781,True
2255,1761013203.400614,1761013456.002093,406,96,357.499926,75.396766,2.969507,True
2256,1761013203.511918,1761013707.161322,1093,411,859.797454,78.516668,1.905563,True
2257,1761013204.246962,1761013437.201987,434,82,319.85726,66.321436,3.130072,True
2258,1761013206.801435,1761013442.009519,368,72,329.449002,83.903573,3.458386,True
2259,1761013207.754682,1761013670.061602,988,375,785.532568,86.469169,1.869153,True
2260,1761013208.202462,1761013442.895094,418,95,331.178228,55.309583,2.934773,True
2261,1761013208.368345,1761013441.283105,1531,70,327.93303,81.192144,3.575955,True
2262,1761013208.56665,1761013572.926239,1135,410,591.197523,60.133842,1.298444,True
2263,1761013210.817944,1761013444.315511,1142,79,333.954296,75.309726,3.315956,True
2264,1761013211.415547,1761013671.42925,1189,378,788.160335,78.429873,1.882574,True
2265,1761013214.103848,1761013446.243711,394,97,337.76816,71.374231,2.774937,True
2266,1761013214.376853,1761013594.738596,1147,498,634.736032,66.224011,1.143887,True
2267,1761013214.820581,1761013728.502296,985,427,902.241203,83.806362,1.921209,True
2268,1761013215.235054,1761013454.687888,1047,99,354.591444,86.372677,2.736926,True
2269,1761013215.357539,1761013709.299143,1128,410,863.791775,81.105241,1.913659,True
2270,1761013215.35978,1761013441.808047,647,74,328.78647,89.544523,3.277287,True
2271,1761013215.96976,1761013567.085529,972,388,579.321326,55.190404,1.354343,True
2272,1761013216.410034,1761013396.611938,242,14,238.352785,60.025887,13.717454,True
2273,1761013216.901655,1761013573.595907,1048,412,592.300121,71.287777,1.26767,True
2274,1761013217.345845,1761013684.221199,1062,394,813.527956,78.321919,1.870753,True
2275,1761013217.607019,1761013445.961478,396,97,336.987269,66.126848,2.821463,True
2276,1761013217.61426,1761013445.847244,431,99,336.738324,55.137259,2.87348,True
2277,1761013219.190845,1761013442.955917,405,92,330.933542,59.972153,2.977598,True
2278,1761013219.684547,1761013683.437501,959,384,811.875387,83.688156,1.901272,True
2279,1761013221.487854,1761013431.53426,387,68,308.046436,71.222949,3.534679,True
2280,1761013221.825056,1761013575.049699,1254,419,595.056762,66.073547,1.26551,True
2281,1761013222.730404,1761013441.086976,396,75,327.109398,86.232454,3.255094,True
2282,1761013225.274104,1761013728.738389,1100,424,902.390563,80.965027,1.941904,True
2283,1761013226.976949,1761013707.098336,1028,408,859.089713,89.404987,1.891117,True
2284,1761013228.248179,1761013684.221024,955,394,813.313025,78.21421,1.87048,True
2285,1761013228.740861,1761013516.915999,19,178,478.682789,83.613308,2.232031,True
2286,1761013229.399417,1761013427.380755,373,60,299.59117,55.030283,4.1451,True
2287,1761013229.880003,1761013567.550807,1023,396,579.909541,59.865291,1.316568,True
2288,1761013229.88623,1761013702.830366,1105,407,850.446697,86.157543,1.882486,True
2289,1761013230.00477,1761013682.761311,1028,379,810.285842,80.889802,1.929619,True
2290,1761013231.810915,1761013445.934946,1907,84,336.611234,89.329542,2.979297,True
2291,1761013231.93236,1761013568.277051,1028,396,581.27536,71.094248,1.291598,True
2292,1761013231.977046,1761013589.108322,1364,480,622.915908,65.94396,1.162781,True
2293,1761013232.219849,1761013709.529957,1034,417,863.738065,78.117601,1.888511,True
2294,1761013233.260184,1761013574.405413,1084,414,593.467595,54.943682,1.303932,True
2295,1761013233.757709,1761013417.386709,378,45,279.407307,59.77842,4.991566,True
2296,1761013234.622138,1761013425.624349,1028,55,295.862549,83.494691,3.932738,True
2297,1761013235.093202,1761013684.097121,1103,396,812.786232,86.06078,1.839811,True
2298,1761013235.934208,1761013504.395161,1314,156,453.360155,80.792953,2.403659,True
2299,1761013236.051646,1761013448.197169,404,91,340.944082,89.233321,2.796786,True
2300,1761013236.616796,1761013677.582679,1002,388,799.69301,78.042259,1.864731,True
2301,1761013237.396536,1761013780.289789,1128,502,1005.084343,83.440481,1.839609,True
2302,1761013239.672261,1761013568.076394,1018,395,580.634975,70.975537,1.293552,True
2303,1761013240.181073,1761013417.206744,840,45,278.875893,65.825907,4.842045,True
2304,1761013242.534491,1761013454.121907,449,119,352.685161,54.836403,2.524142,True
2305,1761013243.373178,1761013460.618737,376,145,365.658174,59.671437,2.124908,True
2306,1761013243.805153,1761013683.190404,1030,393,810.780301,100.081978,1.813006,True
2307,1761013243.854851,1761013445.094149,374,79,334.565459,80.696927,3.254725,True
2308,1761013244.148213,1761013432.250727,1992,66,308.856232,89.136063,3.38031,True
2309,1761013245.937175,1761013566.610411,957,388,577.554936,92.755594,1.252711,True
2310,1761013246.031387,1761013564.40164,1043,377,573.11581,65.750867,1.349375,True
2311,1761013246.862533,1761013457.072209,864,129,358.43603,75.541522,2.210113,True
2312,1761013250.023983,1761013567.346601,1150,395,578.963879,81.866187,1.261669,True
2313,1761013251.507709,1761013432.317049,386,69,308.882203,91.949921,3.190181,True
2314,1761013251.770865,1761013399.796912,325,18,243.820792,92.702036,8.889339,True
2315,1761013252.81595,1761013578.574272,1114,429,601.354786,86.994262,1.201777,True
2316,1761013253.580441,1761013703.36603,1093,398,850.917531,83.280739,1.933594,True
2317,1761013253.779719,1761013563.331921,1052,373,570.829215,75.478232,1.331589,True
2318,1761013254.702746,1761013670.6844,1122,377,785.512594,99.954099,1.823294,True
2319,1761013255.562071,1761013672.724334,1002,373,789.569225,80.568537,1.905916,True
2320,1761013259.806807,1761013571.951296,1071,405,588.003599,81.781118,1.253026,True
2321,1761013259.907117,1761013417.264599,1369,44,278.609469,92.628534,4.325138,True
2322,1761013260.28863,1761013751.909775,1160,468,947.876928,88.98733,1.839164,True
2323,1761013260.553709,1761013444.380745,1868,82,332.797785,91.843798,2.974741,True
2324,1761013262.101119,1761013440.265294,1571,89,324.546377,86.899195,2.700536,True
2325,1761013264.152231,1761013468.711241,719,113,381.416909,97.124079,2.538329,True
2326,1761013264.754958,1761013446.533259,413,102,336.731657,75.228107,2.589144,True
2327,1761013266.226783,1761013578.710531,1066,431,601.065947,81.553056,1.20817,True
2328,1761013267.10041,1761013708.828074,1058,419,861.278753,99.693866,1.821973,True
2329,1761013267.187555,1761013673.338259,1000,375,790.277722,94.269493,1.860985,True
2330,1761013267.439542,1761013435.336099,404,68,314.251118,88.748284,3.365714,True
2331,1761013268.617317,1761013465.930388,1484,159,375.419829,92.368145,1.791466,True
2332,1761013270.373946,1761013454.130183,400,98,351.797498,91.594397,2.682506,True
2333,1761013270.676299,1761013446.777044,429,84,337.070834,96.885057,2.893805,True
2334,1761013273.090403,1761013707.03931,1054,414,857.57285,99.629564,1.835214,True
2335,1761013273.099733,1761013418.613592,691,51,280.700892,86.62792,3.881459,True
2336,1761013273.204197,1761013440.146969,396,90,323.744932,75.121336,2.793524,True
2337,1761013274.403296,1761013455.797978,387,97,355.025433,94.183917,2.717099,True
2338,1761013278.822751,1761013681.490964,1185,384,805.31364,101.664838,1.837203,True
2339,1761013279.997778,1761013906.70697,1130,609,1253.407797,89.82275,1.913791,True
2340,1761013283.776688,1761013499.977509,1313,145,432.391089,91.344961,2.368376,True
2341,1761013284.514718,1761013470.699755,398,123,372.351616,93.358661,2.286828,True
2342,1761013284.607728,1761013728.445022,1121,423,887.658365,87.8531,1.895273,True
2343,1761013284.78051,1761013462.778316,428,101,355.977862,95.709073,2.602688,True
2344,1761013284.913418,1761013683.315015,1077,391,796.784813,84.903072,1.825338,True
2345,1761013285.726053,1761013423.940656,1341,50,276.410358,89.391578,3.81671,True
2346,1761013291.567153,1761013433.638881,384,69,284.140882,86.314543,2.909211,True
2347,1761013291.662664,1761013669.626126,1085,363,755.911384,80.798187,1.864954,True
2348,1761013293.23897,1761013454.387244,404,93,322.282322,87.252712,2.55467,True
2349,1761013293.37134,1761013456.258403,1386,125,325.75824,66.351645,2.091989,True
2350,1761013293.49723,1761013425.490602,382,57,263.976297,76.3235,3.350943,True
2351,1761013294.02408,1761013462.648225,396,104,337.234408,81.095709,2.486783,True
2352,1761013294.108841,1761013500.651374,410,152,413.07539,83.769613,2.180833,True
2353,1761013294.409501,1761013414.981843,993,40,241.12757,78.051249,4.181444,True
2354,1761013295.966122,1761013427.730068,391,57,263.518054,84.527537,3.196259,True
2355,1761013296.76588,1761013670.499092,1190,375,747.449933,73.051716,1.803204,True
2356,1761013298.511004,1761013442.009525,1912,72,286.973849,76.604741,2.962945,True
2357,1761013298.54429,1761013578.618521,1101,430,560.130777,72.035205,1.137752,True
2358,1761013299.002023,1761013463.98656,719,113,329.950003,78.871573,2.241772,True
2359,1761013299.774969,1761013494.480878,1314,144,389.394051,72.684969,2.214749,True
2360,1761013300.144258,1761013695.076929,1024,395,789.853107,80.348468,1.800773,True
2361,1761013301.951029,1761013693.491387,1126,397,783.06215,67.865487,1.806052,True
2362,1761013302.328847,1761013906.493185,976,599,1208.308446,72.789967,1.89886,True
2363,1761013304.055542,1761013723.211887,1110,427,838.296313,73.818911,1.794548,True
2364,1761013304.705853,1761013705.9669,1091,401,802.503937,67.753988,1.836875,True
2365,1761013305.209593,1761013695.691972,1093,396,780.95686,75.285131,1.786511,True
2366,1761013305.391318,1761013697.178978,983,400,783.563217,77.40116,1.76983,True
2367,1761013305.796849,1761013462.178026,1314,152,312.748728,59.087449,1.679876,True
2368,1761013307.006677,1761013744.857603,1015,458,875.687938,81.051052,1.738812,True
2369,1761013307.269125,1761013570.178299,1152,395,525.796134,46.115549,1.217463,True
2370,1761013307.307503,1761013463.986103,12,113,313.348548,70.57087,2.167658,True
2371,1761013307.616194,1761013754.985031,1125,468,894.736004,76.794981,1.75148,True
2372,1761013308.218418,1761013572.926517,1024,410,529.399989,51.504462,1.168449,True
2373,1761013308.417438,1761013447.551604,1571,89,278.262688,72.078387,2.343003,True
2374,1761013308.545246,1761013447.294058,376,91,277.482023,74.245353,2.258185,True
2375,1761013310.053999,1761013709.981043,1049,411,799.846142,78.006923,1.760583,True
2376,1761013311.277678,1761013418.673903,1139,50,214.791098,59.310062,3.173082,True
2377,1761013316.739777,1761013705.18991,977,411,776.883947,73.993085,1.714368,True
2378,1761013318.717978,1761013563.219132,1076,375,488.996187,46.170112,1.184027,True
2379,1761013319.81874,1761013719.572058,1131,413,799.504865,64.592463,1.783768,True
2380,1761013321.31418,1761013739.696917,1008,446,836.743222,59.173505,1.747348,True
2381,1761013321.340849,1761013470.93311,1353,182,299.174847,32.049783,1.475829,True
2382,1761013323.203796,1761013416.675624,730,42,186.941699,36.526022,3.668675,True
2383,1761013323.320992,1761013570.870965,1240,398,495.087472,47.26162,1.128025,True
2384,1761013324.492965,1761013447.779262,398,105,246.564276,40.394183,1.982405,True
2385,1761013326.848719,1761013456.199861,1386,125,258.688588,26.540029,1.872166,True
2386,1761013326.860013,1761013707.161329,1182,411,760.589452,55.932455,1.718676,True
2387,1761013327.891301,1761013453.92741,400,92,252.066512,60.170683,2.108745,True
2388,1761013327.929252,1761013514.425463,1316,256,372.978914,31.794632,1.337978,True
2389,1761013328.043537,1761013453.999762,398,97,251.90166,62.692302,1.970931,True
2390,1761013328.809755,1761013425.894335,650,54,194.1672,55.601414,2.614449,True
2391,1761013328.817757,1761013573.974075,1160,414,490.304482,50.767472,1.064254,True
2392,1761013330.701518,1761013439.096971,1187,84,216.789088,34.188746,2.200004,True
2393,1761013331.782179,1761013705.548781,1094,406,747.515685,60.794897,1.695607,True
2394,1761013332.627314,1761013582.350219,1098,449,499.427786,39.310192,1.027048,True
2395,1761013333.942927,1761013443.728021,398,80,219.558796,48.850619,2.160863,True
2396,1761013334.041837,1761013420.907956,954,54,173.715599,40.586563,2.511869,True
2397,1761013336.188099,1761013446.702843,419,99,221.01437,43.393944,1.812453,True
2398,1761013337.425049,1761013455.867073,400,97,236.882807,50.639007,1.94004,True
2399,1761013338.280657,1761013563.21914,1146,375,449.858988,38.119127,1.100909,True
2400,1761013338.649343,1761013673.15538,1210,385,668.998096,52.084532,1.606546,True
2401,1761013338.669155,1761013440.146758,396,90,202.939359,33.269629,1.906401,True
2402,1761013338.702449,1761013428.850653,435,64,180.284324,35.927958,2.291371,True
2403,1761013340.217542,1761013455.470129,375,96,230.495157,44.189524,1.961112,True
2404,1761013340.865229,1761013444.966833,381,81,208.184677,51.71197,1.955909,True
2405,1761013344.814746,1761013446.702627,384,99,203.765122,34.769333,1.724447,True
2406,1761013349.286011,1761013442.009164,1912,72,185.443575,38.777888,2.065714,True
2407,1761013349.566602,1761013575.7756,1095,423,452.406589,26.836205,1.008461,True
2408,1761013349.765608,1761013725.55624,1201,426,751.579287,33.032165,1.690699,True
2409,1761013349.936946,1761013595.672359,1092,502,491.465373,22.006804,0.937043,True
2410,1761013350.582413,1761013441.137378,1109,91,181.091885,24.04496,1.744966,True
2411,1761013351.768201,1761013445.48085,366,80,187.41872,36.293764,1.912974,True
2412,1761013351.955573,1761013457.286777,1730,104,210.639028,38.774067,1.668592,True
2413,1761013354.320602,1761013482.734912,1357,200,256.81635,25.262467,1.163587,True
2414,1761013355.288664,1761013435.989667,372,79,161.392185,21.115063,1.798425,True
2415,1761013355.73885,1761013574.405581,1025,414,437.326831,25.252897,0.997758,True
2416,1761013356.251239,1761013567.550924,1171,396,422.577543,18.374238,1.0233,True
2417,1761013358.500102,1761013429.814055,371,62,142.611174,25.9038,1.913236,True
2418,1761013358.947943,1761013496.315603,881,141,274.719412,33.630284,1.722065,True
2419,1761013359.142644,1761013459.968059,413,106,201.636139,23.648923,1.695116,True
2420,1761013359.869535,1761013396.493178,120,12,73.239111,19.715385,4.865793,True
2421,1761013364.515296,1761013697.603647,1087,394,666.165611,23.54449,1.635168,True
2422,1761013365.399005,1761013684.09733,1136,396,637.381934,25.334749,1.549487,True
2423,1761013365.725985,1761013427.533687,376,56,123.603632,18.680026,1.907702,True
2424,1761013366.28262,1761013570.072543,1244,396,407.562321,17.437987,0.987657,True
2425,1761013366.360515,1761013576.22718,1184,424,419.727896,14.631459,0.957675,True
2426,1761013367.575182,1761013446.905001,1047,87,158.641898,25.00193,1.553953,True
2427,1761013368.032841,1761013453.808134,1999,97,171.528443,14.754803,1.633059,True
2428,1761013368.342233,1761013562.507281,1085,375,388.316352,13.653366,1.001773,True
2429,1761013368.437615,1761013570.870638,1002,398,404.858273,11.147624,0.991714,True
2430,1761013368.862664,1761013683.739619,1063,385,629.739881,19.195336,1.58996,True
2431,1761013369.185756,1761013505.764657,1315,163,273.135866,21.544071,1.553036,True
2432,1761013369.298353,1761013710.208911,1150,411,681.819199,15.112831,1.626113,True
2433,1761013370.004857,1761013447.23142,1098,88,154.440248,22.575273,1.515689,True
2434,1761013370.646168,1761013727.492753,1158,427,713.681668,22.184903,1.623232,True
2435,1761013370.896086,1761013686.011595,1069,388,630.229626,24.00894,1.566462,True
2436,1761013371.299248,1761013455.005272,429,100,167.402355,19.436587,1.494604,True
2437,1761013373.59554,1761013572.204688,1076,404,397.202596,10.125915,0.960488,True
2438,1761013373.993633,1761013439.451568,385,87,130.901705,11.590992,1.387334,True
2439,1761013374.305983,1761013460.835999,398,146,173.058524,7.695865,1.140432,True
2440,1761013374.511827,1761013672.724071,1035,373,596.406327,19.036748,1.552069,True
2441,1761013376.145297,1761013568.075987,1089,395,383.854701,8.265449,0.953272,True
2442,1761013376.254606,1761013538.495572,1316,203,324.470334,16.325518,1.525469,True
2443,1761013376.726413,1761013436.96324,870,81,120.468138,10.56151,1.373833,True
2444,1761013376.817099,1761013779.279414,1170,502,804.916618,16.016004,1.574652,True
2445,1761013377.419869,1761013564.298542,1190,375,373.755717,8.170852,0.9775,True
2446,1761013378.411944,1761013693.623649,1027,390,630.411237,16.487751,1.578209,True
2447,1761013380.880738,1761013754.189496,1145,478,746.615467,14.652225,1.534514,True
2448,1761013382.045902,1761013580.819524,982,442,397.530746,7.694072,0.883983,True
2449,1761013382.084443,1761013573.406261,1103,411,382.642165,6.169441,0.918226,True
2450,1761013382.62779,1761013398.13308,306,18,30.996285,4.656016,1.549428,True
2451,1761013384.328002,1761013725.614696,1254,419,682.561353,9.223537,1.610856,True
2452,1761013384.948488,1761013441.808232,957,74,113.70506,10.684278,1.411244,True
2453,1761013385.669379,1761013570.926524,1067,395,370.492388,6.003308,0.925099,True
2454,1761013386.255966,1761013776.817056,1176,500,781.111805,10.416899,1.544479,True
2455,1761013386.529845,1761013568.168637,1160,398,363.266302,5.789511,0.900445,True
2456,1761013386.882834,1761013707.579729,1086,405,641.376351,8.014087,1.567728,True
2457,1761013387.39589,1761013707.936367,1113,417,641.071442,8.133146,1.521486,True
2458,1761013389.022603,1761013446.067103,1010,82,114.07441,7.768044,1.312424,True
2459,1761013389.10097,1761013500.095084,7,143,221.986239,6.537997,1.517241,True
2460,1761013391.828732,1761013439.389507,406,80,95.115795,1.383036,1.186491,True
2461,1761013392.564436,1761013445.031926,1109,84,104.92683,4.109611,1.214665,True
2462,1761013393.107959,1761013460.9667,430,102,135.716096,3.748643,1.306608,True
2463,1761013393.964794,1761013429.145326,393,59,70.347048,0.883407,1.197649,True
2464,1761013394.983523,1761013410.176441,309,18,30.367485,0.785166,1.740136,True
2465,1761013397.226338,1761013446.585119,396,84,98.715853,0.850196,1.179104,True
2466,1761013398.046394,1761013580.819247,952,427,365.537824,1.626432,0.854252,True
2467,1761013398.994566,1761013575.41487,1042,403,352.823106,2.544575,0.87134,True
2468,1761013399.294699,1761013568.076174,1074,378,337.548154,3.055866,0.887247,True
2469,1761013400.278037,1761013697.118548,1044,386,593.678882,1.463623,1.538221,True
2470,1761013402.419513,1761013428.968927,368,45,53.097462,0.906467,1.186159,True
2471,1761013402.688542,1761013567.346611,1236,376,329.294242,2.540381,0.871344,True
2472,1761013403.839211,1761013463.247932,772,136,118.795844,2.800471,0.859225,True
2473,1761013407.179744,1761013576.757646,1185,401,339.142094,2.061007,0.842703,True
2474,1761013407.429178,1761013739.398341,1034,417,663.929084,1.412402,1.592588,True
2475,1761013408.299701,1761013454.1803,383,94,91.759403,1.753035,0.96781,True
2476,1761013408.493827,1761013825.554465,1022,494,834.103384,1.873869,1.688092,True
2477,1761013408.635286,1761013723.211682,972,396,629.130397,2.039828,1.587571,True
2478,1761013410.627666,1761013508.415,402,135,195.568523,0.867641,1.452992,True
2479,1761013412.653156,1761013841.281985,1183,501,857.255138,1.740091,1.71103,True
2480,1761013412.993886,1761013753.797153,1025,916,681.605114,1.897431,0.74285,True
2481,1761013414.129281,1761013457.457122,373,88,86.654095,1.670499,0.976823,True
2482,1761013415.007457,1761013448.44707,387,67,66.866683,1.476345,0.990763,True
2483,1761013415.413333,1761013554.495758,1315,188,278.163376,1.949148,1.477081,True
2484,1761013416.265804,1761013531.8023,1315,154,231.05548,2.852393,1.491523,True
2485,1761013416.568244,1761013502.122999,58,111,171.101334,2.555013,1.532239,True
2486,1761013418.267072,1761013472.87294,957,74,109.193915,2.626913,1.459822,True
2487,1761013418.877586,1761013446.022084,647,46,54.277078,1.162543,1.180323,True
2488,1761013419.011463,1761013751.852409,1022,426,665.66845,1.578547,1.562564,True
2489,1761013419.72008,1761013447.888497,382,54,56.329222,1.127118,1.041549,True
2490,1761013419.747988,1761013498.552148,392,104,157.593944,2.790055,1.50295,True
2491,1761013419.858267,1761013739.696551,1155,403,639.658126,2.513915,1.584936,True
2492,1761013420.431428,1761013582.126632,1057,398,323.389179,2.421389,0.808483,True
2493,1761013421.437567,1761013587.51557,1129,416,332.140188,3.451587,0.792021,True
2494,1761013423.57178,1761013448.446675,1358,51,49.731175,3.680456,0.921014,True
2495,1761013425.609941,1761013753.839217,1004,413,656.435678,1.656765,1.589269,True
2496,1761013428.231407,1761013505.267561,391,97,154.070299,0.856839,1.595974,True
2497,1761013429.71599,1761013586.399288,1004,399,313.365041,1.582467,0.783373,True
2498,1761013429.948606,1761013772.259183,989,426,684.606422,1.515677,1.607272,True
2499,1761013430.410738,1761013463.617744,459,90,66.400064,1.806326,0.725772,True
2500,1761013431.135397,1761013498.610748,373,80,134.943114,0.994626,1.69555,True
2501,1761013431.650612,1761013788.091668,1147,448,712.880777,1.869696,1.590629,True
2502,1761013431.865859,1761013502.754045,1280,91,141.774214,3.289318,1.538721,True
2503,1761013431.879852,1761013588.631341,1037,410,313.4876,2.256932,0.760955,True
2504,1761013432.48185,1761013468.260265,869,47,71.534862,3.675703,1.475199,True
2505,1761013434.728631,1761013460.776685,371,69,52.077672,0.893378,0.75271,True
2506,1761013435.474329,1761013755.453227,1094,411,639.956138,3.049483,1.553431,True
2507,1761013435.863254,1761013784.457032,1108,442,697.185213,1.883847,1.576647,True
2508,1761013435.890957,1761013462.770009,394,79,53.748518,0.769787,0.679214,True
2509,1761013436.961608,1761013470.411898,849,100,66.88553,1.651531,0.658929,True
2510,1761013438.275669,1761013504.770345,403,86,132.96697,1.047373,1.551995,True
2511,1761013438.769495,1761013550.732164,1314,152,223.905441,2.245946,1.467944,True
2512,1761013440.750036,1761013586.529967,1063,374,291.538146,2.016825,0.776197,True
2513,1761013442.020825,1761013469.361002,851,85,54.670029,2.283171,0.623653,True
2514,1761013442.038975,1761013500.65076,902,75,117.209155,1.229703,1.56729,True
2515,1761013444.256615,1761013468.299602,385,78,48.074035,0.888979,0.612793,True
2516,1761013448.157236,1761013774.172631,1039,410,652.016604,1.394251,1.590764,True
2517,1761013448.684756,1761013600.35895,1094,411,303.342837,1.902295,0.735221,True
2518,1761013448.890205,1761013600.90935,981,409,304.030782,3.380684,0.736887,True
2519,1761013449.538654,1761013522.981643,1999,97,146.873403,2.514656,1.503737,True
2520,1761013450.898033,1761013473.069802,386,79,44.335749,2.273969,0.539254,True
2521,1761013451.076488,1761013556.502785,1315,144,210.834272,2.66062,1.45576,True
2522,1761013454.522126,1761013531.682177,371,100,154.312467,0.82825,1.550346,True
2523,1761013455.165566,1761013499.149174,405,93,87.945133,0.803591,0.947191,True
2524,1761013455.794069,1761013494.542536,783,45,77.476842,1.104224,1.735741,True
2525,1761013456.728176,1761013770.956029,1054,397,628.43369,1.648987,1.58279,True
2526,1761013457.488846,1761013906.981459,1200,518,898.97681,2.412551,1.734167,True
2527,1761013458.423111,1761013518.515457,430,86,120.179229,1.97265,1.390666,True
2528,1761013460.512712,1761013779.220773,1039,404,637.39795,1.615118,1.577625,True
2529,1761013463.699341,1761013793.521726,1093,411,659.631208,1.542282,1.605095,True
2530,1761013463.904425,1761013687.416201,1014,659,447.001853,1.844331,0.676531,True
2531,1761013464.904002,1761013772.203393,1069,383,614.577318,1.698305,1.604395,True
2532,1761013465.654422,1761013841.004462,1056,430,750.688522,2.482411,1.74407,True
2533,1761013468.393273,1761013518.20451,402,92,99.620739,0.859347,1.08529,True
2534,1761013470.269416,1761013552.252172,1730,107,163.94721,2.348069,1.52452,True
2535,1761013470.336556,1761013574.12265,31,234,207.565011,0.276563,0.88965,True
2536,1761013470.887278,1761013518.967456,386,90,96.13889,0.872728,1.070406,True
2537,1761013471.679668,1761013540.704885,421,92,138.043954,1.581547,1.499587,True
2538,1761013472.154773,1761013583.67221,1351,139,223.033454,2.531027,1.597844,True
2539,1761013474.060925,1761013619.156127,1072,401,290.182801,1.933231,0.720624,True
2540,1761013474.233951,1761013952.089065,1144,550,955.698471,2.049385,1.737066,True
2541,1761013474.569204,1761013621.503256,1045,411,293.852453,3.318509,0.708619,True
2542,1761013474.910085,1761013626.626889,1054,443,303.42601,3.755265,0.677988,True
2543,1761013475.675028,1761013779.165756,983,377,606.975069,2.164594,1.608538,True
2544,1761013476.95429,1761013998.491319,1162,594,1043.072136,2.519552,1.754726,True
2545,1761013479.006655,1761013509.026388,2042,45,60.023863,3.559334,1.283285,True
2546,1761013479.795918,1761013621.666622,1026,408,283.725687,5.461531,0.683696,True
2547,1761013480.145741,1761013632.260969,1041,463,304.212651,6.750044,0.643858,True
2548,1761013481.613886,1761013844.785516,1069,414,726.330505,1.460056,1.755134,True
2549,1761013481.743921,1761013615.541187,1190,375,267.572988,4.38396,0.703714,True
2550,1761013481.994477,1761013553.005265,1280,92,142.009345,4.321884,1.513049,True
2551,1761013482.327854,1761013628.724917,1107,453,292.778406,2.200041,0.642872,True
2552,1761013483.138293,1761013892.379869,1162,449,818.481141,3.182965,1.819862,True
2553,1761013483.900726,1761013555.665368,390,104,143.519264,3.223715,1.362093,True
2554,1761013485.127212,1761013617.101107,1003,381,263.932137,3.548061,0.685221,True
2555,1761013486.130457,1761013626.743927,1074,434,281.20396,4.120172,0.639916,True
2556,1761013486.422479,1761013552.940784,1737,89,133.024619,2.45128,1.483788,True
2557,1761013486.675499,1761013850.472757,1143,426,727.592247,3.266856,1.704295,True
2558,1761013488.334488,1761013828.488773,1079,396,680.305891,3.043771,1.714588,True
2559,1761013488.981077,1761013529.162684,849,100,80.347433,2.879556,0.782504,True
2560,1761013490.874912,1761013619.898239,1045,397,258.040937,3.410499,0.643006,True
2561,1761013490.931464,1761013526.130688,385,89,70.382726,1.726301,0.780187,True
2562,1761013491.482011,1761013584.278834,407,122,185.577004,0.963758,1.525729,True
2563,1761013492.358527,1761013839.339427,1143,396,693.959617,1.612679,1.752777,True
2564,1761013493.263273,1761013526.344537,958,89,66.154513,2.725781,0.720781,True
2565,1761013494.533642,1761013549.409198,1031,74,109.729662,1.589763,1.481368,True
2566,1761013494.892932,1761014058.527622,1127,639,1127.246449,2.748089,1.762537,True
2567,1761013495.207142,1761013911.013414,1101,478,831.606704,3.21952,1.736661,True
2568,1761013496.838632,1761013524.876741,409,78,56.057868,0.823323,0.717332,True
2569,1761013498.337508,1761013905.739665,1054,454,814.798039,1.57091,1.795203,True
2570,1761013499.168721,1761013553.627938,400,82,108.906715,1.413048,1.327082,True
2571,1761013500.586877,1761013552.809511,421,80,104.438596,0.768748,1.312277,True
2572,1761013500.861155,1761013641.198571,1077,468,280.657423,1.88142,0.596951,True
2573,1761013501.271646,1761013624.0053,1023,397,245.453834,3.413672,0.611213,True
2574,1761013502.253258,1761013840.336241,1044,386,676.144069,1.630931,1.751982,True
2575,1761013504.489285,1761013559.85144,403,135,110.718459,1.120124,0.817898,True
2576,1761013507.455524,1761013555.117189,397,66,95.317339,0.65315,1.456372,True
2577,1761013508.791735,1761013640.092589,1117,442,262.586372,2.181944,0.590486,True
2578,1761013509.381458,1761013564.946316,61,136,111.114266,3.448226,0.797526,True
2579,1761013510.835872,1761013670.559421,27,192,319.434935,0.320999,1.670754,True
2580,1761013510.856644,1761013625.436837,1035,388,229.148995,1.975063,0.587013,True
2581,1761013511.484616,1761013881.807272,1129,396,740.634731,1.498525,1.871231,True
2582,1761013512.518457,1761013934.340879,1056,451,843.642585,3.327394,1.867367,True
2583,1761013512.889969,1761013650.80294,1315,166,275.812442,1.756244,1.660947,True
2584,1761013513.619167,1761013593.700764,406,104,160.14764,2.417342,1.531362,True
2585,1761013514.192845,1761013636.76828,12,149,245.132118,1.84247,1.643849,True
2586,1761013514.195064,1761013593.573945,444,99,158.721658,2.333361,1.595799,True
2587,1761013515.264139,1761013558.91616,393,102,87.291792,0.790833,0.856445,True
2588,1761013518.646205,1761013569.491861,375,64,101.679392,1.855709,1.584503,True
2589,1761013518.682468,1761013640.91236,1313,143,244.458068,1.763622,1.709116,True
2590,1761013519.499562,1761013594.3164,402,98,149.627964,1.627624,1.525777,True
2591,1761013519.663023,1761013699.094023,1180,597,358.852487,2.11126,0.598559,True
2592,1761013520.342804,1761013891.871089,1147,394,743.037694,2.125545,1.885273,True
2593,1761013520.520517,1761013882.147692,1117,387,723.242323,2.340774,1.867621,True
2594,1761013521.512966,1761013575.363911,404,145,107.700491,1.181178,0.739717,True
2595,1761013522.70474,1761013871.288173,1091,375,697.15884,1.661217,1.859619,True
2596,1761013523.364987,1761013900.950093,1061,418,755.164141,2.399888,1.80519,True
2597,1761013525.585395,1761013890.218861,1038,387,729.248533,1.63168,1.885018,True
2598,1761013526.194413,1761013646.364915,1052,409,240.31937,1.92629,0.584297,True
2599,1761013527.169956,1761013650.923505,391,155,247.498703,0.84423,1.601652,True
2600,1761013527.735801,1761013667.016601,1313,169,278.553901,2.157242,1.645218,True
2601,1761013529.180182,1761013646.007687,1038,394,233.647723,1.996709,0.589443,True
2602,1761013529.358098,1761013567.295453,1737,92,75.873292,3.584674,0.79438,True
2603,1761013529.556583,1761013901.153515,1001,403,743.179293,1.648525,1.844604,True
2604,1761013529.902693,1761013925.636694,1100,426,791.453602,1.712864,1.858213,True
2605,1761013531.02698,1761013600.008898,400,95,137.956403,1.404782,1.452677,True
2606,1761013531.336588,1761013564.350372,395,78,66.006251,2.399768,0.826058,True
2607,1761013531.792845,1761013926.395721,1066,432,789.196381,1.868221,1.826747,True
2608,1761013532.145087,1761013567.45555,1639,91,70.603211,4.018312,0.739832,True
2609,1761013535.135838,1761013886.858963,1013,375,703.432087,1.461365,1.876927,True
2610,1761013536.169947,1761013646.442219,1104,399,220.535459,2.022693,0.549027,True
2611,1761013536.471372,1761013932.77657,1027,429,792.606992,1.655769,1.848017,True
2612,1761013536.581497,1761013658.096521,1116,426,243.022687,3.593229,0.563363,True
2613,1761013537.478085,1761013901.370721,944,393,727.772956,1.985835,1.851498,True
2614,1761013540.183192,1761013566.712187,453,85,53.046373,0.851377,0.621369,True
2615,1761013540.272841,1761013565.757959,371,79,50.96607,1.359426,0.635983,True
2616,1761013540.43002,1761014162.54142,1039,717,1244.202908,1.874423,1.735096,True
2617,1761013540.433199,1761013946.915738,1072,446,812.929674,1.510254,1.823414,True
2618,1761013542.526143,1761013573.973782,404,104,62.885461,0.966383,0.601156,True
2619,1761013542.697337,1761013940.326118,1101,432,795.240797,1.679981,1.841208,True
2620,1761013543.064881,1761013584.215856,921,45,82.290639,2.56108,1.812035,True
2621,1761013544.298588,1761013691.567193,1017,520,294.535786,1.823045,0.563994,True
2622,1761013545.995163,1761013944.119794,1182,428,796.23641,1.841866,1.860409,True
2623,1761013547.048512,1761013934.209597,1042,424,774.303383,2.236094,1.825218,True
2624,1761013550.477557,1761013933.662613,1048,405,766.355123,1.517169,1.893163,True
2625,1761013553.347541,1761013630.928741,405,92,155.140143,0.895299,1.694998,True
2626,1761013554.601998,1761013699.724842,1023,520,290.227965,1.934717,0.555478,True
2627,1761013555.780934,1761013707.819007,10,173,304.066966,0.521093,1.764802,True
2628,1761013556.463135,1761013641.792447,1412,94,170.640939,1.956275,1.813814,True
2629,1761013556.480312,1761013592.479934,1314,136,71.993556,2.377075,0.515678,True
2630,1761013557.200029,1761013929.847137,1143,396,745.291864,4.147587,1.876315,True
2631,1761013557.702079,1761013600.008521,1417,55,84.598106,2.533259,1.519719,True
2632,1761013559.40651,1761013664.605643,415,119,210.381516,2.558689,1.76121,True
2633,1761013560.145984,1761013576.315221,372,62,32.326723,0.871899,0.515653,True
2634,1761013561.600707,1761013649.47776,398,100,175.742189,1.116832,1.763893,True
2635,1761013563.404319,1761013582.434624,398,76,38.047409,0.774732,0.496969,True
2636,1761013563.463974,1761013933.993369,1047,388,741.056905,1.52511,1.910935,True
2637,1761013564.032075,1761013634.25726,844,78,140.438109,3.251922,1.781639,True
2638,1761013564.060752,1761013967.15216,1096,429,806.164495,2.286894,1.878219,True
2639,1761013565.969425,1761013703.849049,1353,156,275.746043,3.021874,1.759511,True
2640,1761013568.071267,1761013689.264073,1084,429,242.380138,1.946682,0.56176,True
2641,1761013569.331852,1761013947.188233,1064,398,755.696441,1.445723,1.899876,True
2642,1761013569.732776,1761013589.063226,393,82,38.647111,1.028985,0.464421,True
2643,1761013570.685483,1761013601.358642,624,50,61.344296,1.045273,1.230592,True
2644,1761013571.620985,1761013926.727004,1038,379,710.206102,1.479107,1.874939,True
2645,1761013572.565064,1761013630.611727,391,67,116.09155,2.552328,1.720291,True
2646,1761013572.887984,1761013597.545094,1312,39,49.299905,2.161145,1.240494,True
2647,1761013573.685995,1761013643.499449,1639,87,139.620521,3.679087,1.580714,True
2648,1761013575.05205,1761013963.406002,1039,417,776.691404,2.533206,1.860957,True
2649,1761013575.15857,1761014130.118291,1035,605,1109.909131,3.148036,1.832386,True
2650,1761013575.897397,1761013968.893588,1082,419,785.976027,3.769332,1.871308,True
2651,1761013576.521144,1761013685.962926,1156,378,218.882233,2.007743,0.575264,True
2652,1761013578.238424,1761013940.52071,1234,393,724.551573,2.036559,1.843151,True
2653,1761013580.168144,1761013947.456679,1012,394,734.565296,1.598982,1.865054,True
2654,1761013580.859183,1761013645.046876,386,84,128.369017,1.698135,1.526155,True
2655,1761013583.260592,1761013697.070624,1089,396,227.610115,2.006958,0.571147,True
2656,1761013583.263828,1761013668.828899,391,107,171.104358,0.760962,1.607013,True
2657,1761013585.725625,1761013983.2941,1037,425,795.123465,1.416095,1.871951,True
2658,1761013586.643455,1761013666.893084,1412,94,160.488974,2.973024,1.69372,True
2659,1761013587.02302,1761013641.852849,635,66,109.645921,1.007871,1.671355,True
2660,1761013589.085757,1761013636.575052,593,56,94.959526,1.330672,1.702343,True
2661,1761013589.651374,1761013617.771008,919,100,56.223969,1.743511,0.550308,True
2662,1761013592.209836,1761013620.187074,422,110,55.947158,0.894981,0.505066,True
2663,1761013593.012136,1761013618.943329,395,100,51.861086,0.917075,0.514586,True
2664,1761013595.483346,1761014070.855685,1175,521,950.72822,1.816092,1.824831,True
2665,1761013596.197374,1761013971.062116,973,393,749.707675,2.580743,1.905936,True
2666,1761013597.495739,1761013620.023104,1333,86,45.032982,2.263047,0.503176,True
2667,1761013600.726694,1761013718.0623,1021,393,234.649263,1.904188,0.593737,True
2668,1761013601.423548,1761013731.427229,1143,414,260.001038,3.158118,0.621896,True
2669,1761013602.191069,1761013736.514493,1061,427,268.639308,4.086789,0.621015,True
2670,1761013602.88473,1761013615.83613,387,52,25.88692,4.067181,0.427838,True
2671,1761013603.382324,1761013708.420617,401,107,210.072841,0.929497,1.97305,True
2672,1761013604.434527,1761013993.377674,1045,397,777.875643,2.895367,1.957021,True
2673,1761013604.471315,1761014169.583706,1030,631,1130.203253,3.35045,1.788655,True
2674,1761013604.484921,1761013690.893781,1065,86,172.801643,2.84201,1.999525,True
2675,1761013606.255438,1761014020.720692,1117,426,828.911553,4.819352,1.93904,True
2676,1761013606.349238,1761013701.721139,393,93,190.725744,2.579313,2.04507,True
2677,1761013606.682827,1761013972.377883,1109,378,731.388946,4.400244,1.928352,True
2678,1761013606.709628,1761013654.396643,696,43,95.363691,2.222985,2.217636,True
2679,1761013607.286826,1761013625.711476,181,105,36.843798,0.496944,0.349489,True
2680,1761013610.118982,1761013999.835746,1212,406,779.419164,2.591175,1.918094,True
2681,1761013611.089389,1761014019.966466,1070,415,817.747659,2.324324,1.969622,True
2682,1761013612.705741,1761013780.047022,1314,191,334.671783,2.449682,1.748537,True
2683,1761013614.358586,1761013998.491136,1126,403,768.248806,2.797735,1.904107,True
2684,1761013614.646152,1761013666.640406,407,53,103.967817,2.570125,1.949956,True
2685,1761013614.698081,1761014020.451854,1030,429,811.485322,1.838438,1.891698,True
2686,1761013616.27062,1761013707.161147,1999,94,181.774759,3.584066,1.916029,True
2687,1761013618.136521,1761013979.753456,1057,374,723.231353,3.215121,1.930338,True
2688,1761013619.385109,1761013739.934033,404,130,241.08183,2.01955,1.853196,True
2689,1761013620.095372,1761014003.515501,1001,403,766.82134,2.461805,1.901392,True
2690,1761013621.622104,1761014020.779667,1131,426,798.313669,2.583421,1.872306,True
2691,1761013623.319732,1761013707.758885,1722,92,168.865886,3.357221,1.818777,True
2692,1761013624.078057,1761013657.815132,411,101,67.451339,0.903435,0.665479,True
2693,1761013624.91013,1761013739.278558,1349,126,228.72076,3.669708,1.800408,True
2694,1761013625.186559,1761013730.033242,449,117,209.672784,3.452863,1.777758,True
2695,1761013628.759763,1761013668.553787,427,102,79.569922,0.89955,0.778915,True
2696,1761013628.789522,1761013703.609205,1333,86,149.637356,1.759897,1.739735,True
2697,1761013629.227092,1761014025.932963,1131,433,793.403543,2.976122,1.829693,True
2698,1761013630.718184,1761013688.360857,463,164,115.26984,0.914752,0.701565,True
2699,1761013631.13518,1761013825.554787,1317,207,388.815798,2.92869,1.873238,True
2700,1761013632.675431,1761013780.664521,979,388,295.976888,1.66018,0.760508,True
2701,1761013632.914843,1761013668.714911,391,86,71.58669,5.144877,0.781668,True
2702,1761013633.754466,1761013695.14694,381,71,122.766555,1.114372,1.737888,True
2703,1761013633.804302,1761013659.804026,2000,71,51.998151,3.805097,0.688472,True
2704,1761013634.12709,1761013697.603997,1443,76,126.945182,2.255886,1.662524,True
2705,1761013635.754286,1761014006.425671,1171,396,741.335838,2.329676,1.870902,True
2706,1761013636.558628,1761014018.510341,1103,405,763.895448,2.959479,1.883505,True
2707,1761013641.160442,1761013790.040657,1034,402,297.756829,1.811793,0.738018,True
2708,1761013642.006859,1761013723.512167,928,88,162.996601,1.424963,1.857145,True
2709,1761013643.438193,1761014020.779656,973,405,754.666145,1.292568,1.864786,True
2710,1761013643.625479,1761013933.993361,1162,527,580.717123,2.095249,1.100042,True
2711,1761013643.665742,1761013740.637326,1730,107,193.921087,3.347644,1.797863,True
2712,1761013645.239781,1761013681.490754,855,47,72.486934,3.787394,1.493468,True
2713,1761013645.567346,1761013729.6795,401,98,168.214129,2.201395,1.711471,True
2714,1761013645.936001,1761014165.362025,1107,588,1038.838268,2.827496,1.764925,True
2715,1761013646.854547,1761013828.488558,1139,420,363.248736,2.170873,0.861761,True
2716,1761013648.091191,1761014006.425379,1082,607,716.660375,3.0248,1.177616,True
2717,1761013648.558864,1761013676.633319,390,75,56.143266,1.249367,0.741809,True
2718,1761013649.595488,1761013896.887607,1115,477,494.564869,5.055417,1.028381,True
2719,1761013649.954954,1761013792.704321,1140,403,285.481095,3.065888,0.702525,True
2720,1761013650.920073,1761013931.861522,1316,288,561.8695,1.98191,1.950828,True
2721,1761013651.541174,1761014179.760349,1078,615,1056.420353,2.732041,1.716105,True
2722,1761013653.021381,1761014064.869725,1078,459,823.694597,2.723762,1.792513,True
2723,1761013654.764727,1761014118.886408,1050,501,928.225678,2.396773,1.851658,True
2724,1761013655.636308,1761014157.177605,978,550,1003.076877,1.834604,1.823756,True
2725,1761013657.182918,1761014031.776471,1136,411,749.175225,1.804167,1.822856,True
2726,1761013658.941369,1761014023.405089,1144,385,728.912848,1.70396,1.893773,True
2727,1761013660.073688,1761014236.243701,1147,669,1152.322946,2.086472,1.721911,True
2728,1761013661.152323,1761013699.842653,393,122,77.375163,0.86176,0.632342,True
2729,1761013661.405212,1761013939.792837,1045,479,556.756725,2.484369,1.159566,True
2730,1761013662.277259,1761013845.046129,1324,200,365.529719,2.011683,1.826724,True
2731,1761013662.832579,1761013692.305295,1057,89,58.94405,2.934293,0.636475,True
2732,1761013662.93479,1761013686.793951,374,64,47.716851,3.057262,0.708882,True
2733,1761013664.826985,1761013910.669944,1086,451,491.684373,3.641045,1.084541,True
2734,1761013665.267668,1761013839.007921,1031,375,347.478197,2.569268,0.922216,True
2735,1761013666.827805,1761014030.530477,1111,401,727.389551,1.745567,1.81411,True
2736,1761013668.229326,1761013744.561708,392,97,152.663435,1.147629,1.57829,True
2737,1761013670.92431,1761013695.157753,1443,76,48.457421,2.404981,0.614033,True
2738,1761013672.655093,1761013901.505176,1000,414,457.697554,2.416476,1.102375,True
2739,1761013673.519948,1761013765.04372,1722,100,183.032063,2.324111,1.825333,True
2740,1761013674.601884,1761014033.105391,1186,380,717.000829,2.749129,1.884569,True
2741,1761013674.809261,1761013735.199692,181,57,120.763537,2.634944,2.109439,True
2742,1761013676.255928,1761013768.994767,404,102,185.476117,1.709809,1.819468,True
2743,1761013677.319759,1761014056.45304,1089,402,758.260708,1.933346,1.886103,True
2744,1761013678.383141,1761014055.782722,996,400,754.784575,2.174747,1.88624,True
2745,1761013678.384344,1761013910.884328,1104,405,464.966571,2.056171,1.145818,True
2746,1761013678.792272,1761013765.472577,409,95,173.342377,2.323358,1.819351,True
2747,1761013678.902411,1761014228.78116,1030,624,1099.755118,2.026245,1.762005,True
2748,1761013680.092236,1761013704.69746,370,107,49.18914,1.118479,0.453497,True
2749,1761013680.725261,1761014048.471595,1139,393,735.490646,1.977111,1.871208,True
2750,1761013683.611089,1761013930.134647,1103,408,493.033008,2.007689,1.20645,True
2751,1761013683.83804,1761014107.010557,1076,446,846.333818,1.628405,1.898214,True
2752,1761013683.928685,1761014055.107881,1074,396,742.340962,1.906377,1.874518,True
2753,1761013684.659644,1761014039.472009,1149,380,709.622674,3.752376,1.862455,True
2754,1761013684.796752,1761013749.419401,1503,69,129.23092,4.716394,1.831096,True
2755,1761013684.894487,1761014086.314676,1023,432,802.837872,3.517694,1.854571,True
2756,1761013687.335605,1761014070.855393,1109,415,767.020563,4.30953,1.842297,True
2757,1761013687.714463,1761014056.775109,1039,396,738.098714,3.114891,1.860719,True
2758,1761013689.537858,1761013958.505689,1135,417,537.924832,1.983062,1.288322,True
2759,1761013690.777661,1761014062.773656,1009,402,743.979719,2.21113,1.849797,True
2760,1761013690.832572,1761013771.670186,387,100,161.668798,1.283085,1.620058,True
2761,1761013691.572474,1761014061.538407,1076,404,739.921695,1.802807,1.831561,True
2762,1761013692.940117,1761014126.830354,1082,607,867.766159,2.005112,1.428649,True
2763,1761013693.171857,1761014057.821013,1038,394,729.296856,1.73249,1.851309,True
2764,1761013694.491465,1761014039.27533,1131,377,689.555789,2.38482,1.827582,True
2765,1761013694.939068,1761013839.611461,410,142,289.329541,0.63805,2.047457,True
2766,1761013697.280972,1761014096.811288,1086,437,799.048959,2.843853,1.826158,True
2767,1761013697.371843,1761014109.743656,1104,448,824.726083,2.750998,1.83887,True
2768,1761013698.102535,1761013841.881663,181,267,287.537161,0.460537,1.079235,True
2769,1761013698.208495,1761014156.40698,1176,500,916.382638,3.447664,1.829529,True
2770,1761013698.445232,1761014241.964396,1101,629,1087.028025,4.022693,1.724531,True
2771,1761013699.906018,1761013753.661216,422,82,107.502713,0.851867,1.316677,True
2772,1761013702.568791,1761013788.115052,181,202,171.090974,0.483271,0.848795,True
2773,1761013703.392589,1761014081.223745,1112,410,755.6519,1.73176,1.843326,True
2774,1761013704.676248,1761013778.4616,392,147,147.561015,0.783324,1.005327,True
2775,1761013704.997258,1761013772.791496,373,91,135.586986,0.910171,1.496409,True
2776,1761013705.473178,1761014370.765252,1078,956,1330.570527,1.843048,1.391338,True
2777,1761013705.607352,1761013752.439274,381,60,93.651883,1.076789,1.569069,True
2778,1761013705.609532,1761013723.576344,313,18,35.904266,1.180926,2.042549,True
2779,1761013706.115593,1761014017.892154,966,414,623.535107,2.916646,1.502708,True
2780,1761013706.42557,1761013978.480859,1096,384,544.099952,3.514469,1.41145,True
2781,1761013707.65372,1761013755.219192,378,64,95.123143,0.706475,1.498677,True
2782,1761013709.073358,1761013771.670406,410,77,125.183954,0.845078,1.636038,True
2783,1761013709.232634,1761014031.583943,1201,451,644.68235,3.532014,1.424779,True
2784,1761013709.25309,1761013986.432971,1110,394,554.337939,2.841939,1.403298,True
2785,1761013710.0162,1761014109.811408,978,429,799.582865,1.417872,1.864871,True
2786,1761013710.224318,1761014100.512092,1036,414,780.56869,3.369994,1.881837,True
2787,1761013710.233116,1761013759.843728,928,88,99.211745,4.186391,1.092245,True
2788,1761013710.598338,1761013762.356748,390,63,103.498668,2.989905,1.621109,True
2789,1761013711.060366,1761014090.402121,1126,409,758.677188,1.840587,1.854992,True
2790,1761013712.206712,1761013993.573989,1171,396,562.726089,3.228896,1.416449,True
2791,1761013713.387597,1761014060.595492,1031,375,694.393822,2.32446,1.850453,True
2792,1761013713.453243,1761014090.47122,1102,405,754.02239,1.577038,1.862488,True
2793,1761013713.96753,1761014071.375501,1079,398,714.808482,5.546108,1.786555,True
2794,1761013714.814059,1761014086.314338,1140,403,742.982216,3.775905,1.838822,True
2795,1761013714.847088,1761013779.641469,2000,82,129.57461,3.127823,1.561071,True
2796,1761013716.132108,1761013785.815442,442,96,139.365357,4.531559,1.419303,True
2797,1761013716.388414,1761013757.664779,388,67,82.545161,0.836294,1.238013,True
2798,1761013716.565313,1761014099.135855,1120,406,765.135523,3.550261,1.880457,True
2799,1761013718.150252,1761014110.015027,1001,421,783.723992,2.288431,1.860561,True
2800,1761013718.19506,1761014123.673987,1353,436,810.955889,3.725719,1.855702,True
2801,1761013719.331833,1761014073.305959,1085,400,707.935906,3.6363,1.765162,True
2802,1761013719.422449,1761013760.149899,371,67,81.438183,0.843265,1.221135,True
2803,1761013719.558976,1761014022.610221,1017,404,606.087878,2.401302,1.497982,True
2804,1761013719.861439,1761013773.255559,404,91,106.765526,2.651497,1.156823,True
2805,1761013723.569113,1761014025.334689,1109,404,603.528918,2.061508,1.492475,True
2806,1761013723.803981,1761014031.19083,1033,415,614.760297,3.340301,1.47686,True
2807,1761013723.810875,1761014081.303101,1048,396,714.96415,1.623997,1.805924,True
2808,1761013724.150551,1761013821.53189,390,99,194.744699,3.220846,1.954325,True
2809,1761013724.531916,1761014029.363282,1111,413,609.652143,4.346651,1.469188,True
2810,1761013724.73389,1761014084.911639,1096,397,720.343537,2.640272,1.812382,True
2811,1761013726.795608,1761013770.980912,380,80,88.357064,2.619602,1.085284,True
2812,1761013728.372833,1761014033.50207,1100,408,610.256812,2.966804,1.492113,True
2813,1761013730.042639,1761014096.60733,1141,393,733.123975,1.639977,1.866031,True
2814,1761013730.583603,1761013843.452049,404,110,225.724769,1.707659,2.055203,True
2815,1761013731.68805,1761014071.70028,1073,381,680.018664,1.887922,1.784555,True
2816,1761013731.744359,1761014025.266552,1122,396,587.021627,1.935246,1.481231,True
2817,1761013732.455102,1761014025.725333,1065,396,586.534123,3.061289,1.477146,True
2818,1761013732.54011,1761013826.282644,408,91,187.462801,2.592885,2.05411,True
2819,1761013733.501475,1761014160.764852,1115,477,854.520115,1.576662,1.791898,True
2820,1761013735.169716,1761014099.189697,1072,394,728.029522,1.383074,1.848973,True
2821,1761013735.172973,1761014086.370834,1133,385,702.370816,1.84027,1.824298,True
2822,1761013735.863873,1761013837.730387,428,94,203.71327,1.851542,2.170556,True
2823,1761013736.386708,1761014031.391138,1106,396,590.005349,1.972835,1.48869,True
2824,1761013736.441264,1761013882.829855,16,136,292.75898,1.361403,2.158501,True
2825,1761013737.214838,1761014130.18012,1168,428,785.928105,1.826018,1.836305,True
2826,1761013737.867777,1761014052.017196,1068,426,628.296495,2.541989,1.472364,True
2827,1761013739.202803,1761013766.321273,1899,50,54.218116,4.466941,1.01533,True
2828,1761013740.708388,1761014124.556462,1065,500,767.678669,4.813014,1.528789,True
2829,1761013743.757952,1761013766.985859,934,52,46.440046,3.076078,0.850274,True
2830,1761013744.458478,1761014123.862146,1082,398,758.799344,2.859622,1.90413,True
2831,1761013744.502992,1761014170.856202,1037,487,852.702886,2.817377,1.748736,True
2832,1761013744.69748,1761013881.807604,1917,113,274.210922,4.549527,2.407691,True
2833,1761013745.229702,1761014137.292237,1037,407,784.123709,5.346559,1.91817,True
2834,1761013745.41358,1761014056.853992,1124,428,622.858552,3.222239,1.451139,True
2835,1761013747.194645,1761013824.864217,9,161,155.336597,3.526094,0.948816,True
2836,1761013747.591527,1761013778.109413,396,92,61.034502,3.454831,0.632744,True
2837,1761013748.487095,1761014041.570966,1214,417,586.151262,2.19207,1.403748,True
2838,1761013749.184329,1761014025.858948,1100,386,553.340683,3.436648,1.428322,True
2839,1761013749.592832,1761013841.48154,411,79,183.767822,1.784226,2.333123,True
2840,1761013752.715034,1761013773.255345,382,62,41.068786,0.895908,0.658572,True
2841,1761013754.141104,1761013892.448021,407,113,276.594841,0.667667,2.463635,True
2842,1761013755.242857,1761014151.038472,920,418,791.572753,1.3529,1.895012,True
2843,1761013755.676838,1761013895.987062,881,118,280.602169,3.454011,2.368788,True
2844,1761013755.941529,1761014135.272383,1083,395,758.654353,3.194348,1.917411,True
2845,1761013757.371331,1761014273.413582,1099,616,1032.068435,3.677879,1.67218,True
2846,1761013758.931644,1761013868.099705,395,88,218.318331,0.810974,2.500085,True
2847,1761013759.39096,1761013932.90569,1503,153,347.022065,2.907401,2.263912,True
2848,1761013759.705732,1761013848.33377,382,72,177.238844,2.702023,2.458265,True
2849,1761013759.847039,1761013938.407343,1315,240,357.11672,2.401503,1.484164,True
2850,1761013760.262617,1761013910.254317,181,134,299.967891,2.211671,2.238769,True
2851,1761013760.428873,1761013791.591788,384,111,62.316167,3.212366,0.537307,True
2852,1761013761.008861,1761014174.148244,1144,470,826.272675,3.1365,1.755088,True
2853,1761013761.070788,1761014143.467064,1144,407,764.786558,2.513299,1.87752,True
2854,1761013761.126425,1761013841.149102,381,62,160.026615,2.508492,2.582264,True
2855,1761013761.179046,1761013780.290038,961,27,38.205738,3.251009,1.344413,True
2856,1761013761.470256,1761014133.826068,1109,393,744.709929,3.40543,1.891083,True
2857,1761013762.241094,1761013784.103337,398,85,43.722973,0.79297,0.511071,True
2858,1761013763.77927,1761014164.852272,1133,521,802.125954,1.950102,1.5388,True
2859,1761013765.269723,1761014145.111083,1103,406,759.670419,1.517995,1.871981,True
2860,1761013765.727708,1761013972.579648,1313,203,413.687605,2.973439,2.033238,True
2861,1761013765.985729,1761013939.222006,203,165,346.45778,2.815832,2.095378,True
2862,1761013765.989966,1761013940.39151,212,162,348.775012,2.705382,2.149501,True
2863,1761013768.27549,1761014129.260605,1079,441,721.957999,1.992407,1.636285,True
2864,1761013771.077796,1761014112.513129,1125,423,682.860296,1.994546,1.613426,True
2865,1761013772.525275,1761014145.772235,1112,395,746.483307,1.473166,1.890889,True
2866,1761013772.705001,1761014157.114595,1066,407,768.816806,2.653034,1.887103,True
2867,1761013773.43613,1761014132.106219,967,375,717.325465,3.023369,1.909899,True
2868,1761013774.223973,1761013790.929448,400,76,33.404626,0.825185,0.434393,True
2869,1761013774.519441,1761013937.703145,181,145,326.35545,2.238651,2.250811,True
2870,1761013775.616663,1761014169.460982,1057,443,787.680076,2.263762,1.77696,True
2871,1761013776.182396,1761013875.422307,1011,76,198.469252,2.745165,2.609654,True
2872,1761013780.157995,1761014135.336583,1081,371,710.341237,1.678693,1.915304,True
2873,1761013780.631793,1761014158.768795,1048,403,756.251558,2.528537,1.874933,True
2874,1761013785.173721,1761014161.150404,1012,414,751.938729,1.929569,1.816003,True
2875,1761013785.678725,1761014168.184806,1075,412,765.000202,1.599056,1.857424,True
2876,1761013786.467587,1761013950.830225,209,167,328.717196,1.067757,1.973792,True
2877,1761013787.885569,1761013951.685193,42,166,327.584878,0.297351,1.983561,True
2878,1761013788.029671,1761013910.801637,395,118,245.527631,0.933362,2.090549,True
2879,1761013788.219872,1761013870.937645,1137,46,165.424561,1.623027,3.640034,True
2880,1761013789.536826,1761013926.45619,402,100,273.836501,1.15876,2.754321,True
2881,1761013790.35439,1761013925.574926,1917,90,270.424769,2.884792,3.006067,True
2882,1761013790.436864,1761014162.484366,1081,396,744.07958,2.971449,1.876223,True
2883,1761013790.805313,1761013933.993374,418,113,286.357925,2.963927,2.530304,True
2884,1761013792.581231,1761013905.599498,411,84,226.033773,10.199766,2.60041,True
2885,1761013794.916081,1761013948.156224,181,134,306.469624,22.893625,2.13215,True
2886,1761013797.215711,1761014159.555926,1073,381,724.669617,22.640003,1.847446,True
2887,1761013798.838821,1761014167.527834,1124,412,737.363019,14.406584,1.759018,True
2888,1761013799.442863,1761013953.525319,1324,141,308.163455,18.862006,2.066439,True
2889,1761013799.726774,1761013917.182606,399,94,234.909426,14.875372,2.365958,True
2890,1761013800.880458,1761014162.605519,1106,396,723.443937,16.931377,1.788639,True
2891,1761013803.201846,1761013925.906536,380,91,245.403916,16.65586,2.541645,True
2892,1761013803.340234,1761013994.177911,411,188,381.660782,16.682394,1.951756,True
2893,1761013804.274833,1761013928.23993,411,104,247.91935,14.025924,2.27081,True
2894,1761013804.861464,1761014162.864279,1162,398,715.991256,16.025441,1.763138,True
2895,1761013805.791576,1761013887.463678,181,60,163.321467,12.012251,2.564563,True
2896,1761013805.964129,1761014171.340258,1093,414,730.750758,13.895833,1.735726,True
2897,1761013806.694334,1761014299.838104,1176,621,986.285852,13.334478,1.569276,True
2898,1761013809.881828,1761013908.491733,393,91,197.209037,11.122432,2.067629,True
2899,1761013811.941333,1761014165.098388,1109,405,706.306818,8.948662,1.726134,True
2900,1761013813.438246,1761013913.129528,410,92,199.367857,7.50699,2.108361,True
2901,1761013818.449999,1761014164.34441,1006,394,691.781175,3.019384,1.752575,True
2902,1761013820.570947,1761014156.923425,1140,379,672.698449,2.972685,1.771761,True
2903,1761013820.589063,1761014165.228272,1078,405,689.266082,2.126974,1.700839,True
2904,1761013820.599685,1761013926.395406,386,99,211.580017,1.050179,2.148264,True
2905,1761013821.257989,1761013921.769422,396,94,201.004814,2.447982,2.13502,True
2906,1761013821.75308,1761014167.52747,969,411,691.538563,3.041287,1.679262,True
2907,1761013822.993773,1761013842.586978,313,18,39.179631,2.208751,2.174758,True
2908,1761013824.514239,1761014017.703552,169,205,386.363507,0.764933,1.890189,True
2909,1761013826.463574,1761013951.282036,1315,125,249.618762,1.82855,1.998308,True
2910,1761013826.74911,1761013920.389881,1625,82,187.263364,5.029196,2.249805,True
2911,1761013827.118958,1761014171.457623,1149,417,688.665512,5.126718,1.643122,True
2912,1761013827.978842,1761014172.559684,1136,411,689.146031,3.80046,1.671575,True
2913,1761013828.666683,1761013907.03876,398,78,156.739606,5.585388,1.963042,True
2914,1761013831.353825,1761014188.608507,1085,427,714.507304,2.898163,1.670444,True
2915,1761013832.044642,1761014243.645986,1033,508,823.200955,2.472014,1.618795,True
2916,1761013833.01044,1761014197.855236,1018,434,729.68771,3.97741,1.676005,True
2917,1761013833.280405,1761014179.81135,1125,422,693.051759,2.548782,1.64015,True
2918,1761013833.284616,1761013905.798639,374,69,145.003598,2.704885,2.092628,True
2919,1761013833.580399,1761013853.051499,90,20,38.939657,2.45666,1.920158,True
2920,1761013834.860316,1761013916.97947,376,85,164.229152,2.552564,1.924721,True
2921,1761013835.046868,1761013987.686619,209,174,305.277185,2.619194,1.749468,True
2922,1761013835.592034,1761014206.030266,1056,442,740.867844,1.7605,1.67598,True
2923,1761013837.031734,1761014161.150808,1066,377,648.221039,1.901777,1.718934,True
2924,1761013841.560537,1761013942.8112,405,108,202.479442,0.745378,1.885365,True
2925,1761013842.273862,1761013935.831191,393,99,187.112384,0.66611,1.902513,True
2926,1761013842.737378,1761013938.407535,42,100,191.322199,0.630569,1.926178,True
2927,1761013842.768865,1761013926.256983,828,72,166.957703,1.486336,2.330583,True
2928,1761013845.245915,1761014178.484782,1093,405,666.472149,1.600153,1.645723,True
2929,1761013845.917071,1761014180.305869,1095,407,668.767552,3.101591,1.639571,True
2930,1761013846.590574,1761014206.089449,1049,429,718.975719,1.670307,1.675947,True
2931,1761013847.73609,1761014201.751669,920,418,708.0163,3.547832,1.689373,True
2932,1761013848.16958,1761014161.150801,1116,360,625.939225,2.177449,1.737498,True
2933,1761013848.943676,1761013947.516243,403,99,197.123086,2.55296,1.985409,True
2934,1761013849.778695,1761014024.864947,1317,194,350.14948,2.939603,1.799015,True
2935,1761013850.818134,1761014206.269343,1147,424,710.900419,3.462769,1.672429,True
2936,1761013852.120229,1761014171.283904,1139,393,638.32582,2.954182,1.620846,True
2937,1761013853.340542,1761014196.117387,1114,412,685.544969,3.331202,1.659888,True
2938,1761013855.609584,1761014205.655763,1097,420,700.09035,2.520218,1.664845,True
2939,1761013857.387011,1761014200.833192,1162,410,686.890349,2.2861,1.673849,True
2940,1761013858.111849,1761013873.920311,91,16,31.602513,1.64466,1.99719,True
2941,1761013858.221653,1761014172.618733,967,396,628.792693,2.393388,1.585821,True
2942,1761013858.346316,1761013916.979651,374,60,117.243446,2.625588,1.942676,True
2943,1761013858.462841,1761014201.994557,1161,414,687.051258,3.857132,1.654223,True
2944,1761013861.171254,1761014256.191652,1085,491,790.03894,2.615221,1.606987,True
2945,1761013861.171402,1761013945.724172,382,89,169.082724,2.781381,1.889788,True
2946,1761013862.157403,1761013930.134378,1189,74,135.935653,2.401467,1.829235,True
2947,1761013862.365986,1761013935.35631,391,81,145.970313,1.473906,1.806205,True
2948,1761013862.481928,1761014001.413138,206,161,277.856651,2.126221,1.723315,True
2949,1761013862.807317,1761014221.806702,1099,429,717.988949,2.384775,1.671972,True
2950,1761013863.919435,1761014283.927583,944,548,839.998273,1.889336,1.532192,True
2951,1761013866.516757,1761014267.243363,1133,527,801.434966,1.506123,1.520777,True
2952,1761013866.827372,1761014218.264725,990,429,702.863497,3.222046,1.634676,True
2953,1761013867.123322,1761013980.231444,396,135,226.208561,1.60534,1.676143,True
2954,1761013867.441382,1761014172.742955,1097,388,610.601354,2.277977,1.571895,True
2955,1761013868.530551,1761013940.59257,782,84,144.122716,2.288241,1.708849,True
2956,1761013868.98754,1761013947.8618,396,88,157.746236,2.233537,1.787502,True
2957,1761013873.294738,1761013910.942063,1325,45,75.280472,2.05458,1.664225,True
2958,1761013873.65095,1761014197.978633,1212,396,648.637268,2.987097,1.634557,True
2959,1761013874.804978,1761014225.990122,1090,424,702.361581,3.30887,1.652607,True
2960,1761013875.450209,1761014226.726902,1123,430,702.530908,3.461127,1.629533,True
2961,1761013876.824846,1761014201.32697,1056,397,648.985914,3.332948,1.630437,True
2962,1761013877.194733,1761014221.866084,1153,420,689.328812,4.215839,1.635114,True
2963,1761013878.129501,1761013958.302333,954,99,160.330683,2.340991,1.61214,True
2964,1761013878.820092,1761014204.405334,1177,399,651.154659,2.178007,1.630595,True
2965,1761013879.047747,1761013958.505951,405,92,158.901457,2.423746,1.719535,True
2966,1761013879.190316,1761014019.352158,181,162,280.308374,2.330682,1.72657,True
2967,1761013882.099655,1761014017.329755,1119,377,270.442588,2.658253,0.712192,True
2968,1761013882.862575,1761013999.967749,946,129,234.200589,1.524155,1.817785,True
2969,1761013883.504744,1761014206.150518,1184,394,645.275584,3.14872,1.633911,True
2970,1761013883.909989,1761013967.225869,425,91,166.613346,2.742552,1.820787,True
2971,1761013884.468244,1761013940.462441,378,66,111.965522,2.794445,1.679555,True
2972,1761013886.206953,1761014227.877926,1144,424,683.318898,2.456978,1.609603,True
2973,1761013886.973513,1761014227.192093,1249,415,680.426899,3.173637,1.635877,True
2974,1761013887.028604,1761013934.711404,203,181,95.364362,0.495874,0.527047,True
2975,1761013887.292437,1761014020.771759,1037,379,266.953033,2.893176,0.698571,True
2976,1761013887.369983,1761014030.185319,1083,406,285.61309,2.051768,0.700151,True
2977,1761013888.01124,1761013933.933689,386,53,91.826333,2.754338,1.712923,True
2978,1761013888.459213,1761014040.938057,1124,412,304.94195,3.649318,0.733072,True
2979,1761013888.677497,1761013998.095685,181,133,218.830026,1.787024,1.644265,True
2980,1761013892.259797,1761014023.681769,1065,382,262.827931,1.816323,0.68507,True
2981,1761013893.083786,1761014024.07524,1441,150,261.96847,2.052946,1.744399,True
2982,1761013894.720713,1761013976.072907,438,91,162.682357,1.136397,1.794955,True
2983,1761013896.251834,1761013937.22267,181,174,81.93422,0.460846,0.470944,True
2984,1761013896.787054,1761014218.073229,1095,396,642.56443,1.572672,1.622764,True
2985,1761013898.156585,1761014233.152091,1133,420,669.978383,1.964769,1.594305,True
2986,1761013899.573652,1761014049.658537,998,393,300.16849,2.050657,0.760505,True
2987,1761013899.654391,1761013919.081179,382,53,38.845954,2.32671,0.702293,True
2988,1761013900.032365,1761013930.248327,417,110,60.424485,2.729264,0.529314,True
2989,1761013901.409557,1761013982.97398,398,94,163.112353,0.726822,1.746081,True
2990,1761013901.619772,1761014235.770853,1166,421,668.293901,3.289617,1.583344,True
2991,1761013901.663288,1761014227.506435,1027,396,651.678433,1.657338,1.645623,True
2992,1761013901.666951,1761014227.933278,1034,403,652.511317,2.548398,1.616823,True
2993,1761013905.904463,1761013933.63628,1924,105,55.45817,3.327637,0.501255,True
2994,1761013906.477078,1761014241.664439,1054,423,670.358658,1.730372,1.584427,True
2995,1761013907.080679,1761014244.426654,1018,429,674.684308,2.624196,1.570234,True
2996,1761013907.113021,1761014116.146697,992,609,418.059977,3.955185,0.681093,True
2997,1761013907.579679,1761014244.488365,1004,421,673.808976,2.47522,1.598414,True
2998,1761013910.159763,1761013936.976453,2027,121,53.631969,4.316024,0.410966,True
2999,1761013910.516977,1761014233.09927,1157,404,645.157107,2.335694,1.59509,True
3000,1761013910.599509,1761013982.161202,450,84,143.11282,2.252095,1.697117,True
3001,1761013910.868806,1761014001.212964,431,101,180.686393,2.655444,1.780309,True
3002,1761013912.111505,1761013975.877532,1189,74,127.524183,4.735406,1.682038,True
3003,1761013912.162213,1761013957.693746,1642,56,91.052245,4.683812,1.570335,True
3004,1761013912.24169,1761014001.889463,401,101,179.281014,1.435535,1.778455,True
3005,1761013912.780085,1761013928.539608,794,70,31.505448,3.057187,0.412294,True
3006,1761013913.822423,1761014236.124667,1137,402,644.596339,4.569343,1.596077,True
3007,1761013915.696827,1761013981.963869,392,84,132.515851,3.272351,1.557151,True
3008,1761013915.833846,1761014290.345213,1172,511,749.012609,2.977193,1.462815,True
3009,1761013917.019059,1761014242.372298,1161,420,650.696486,3.298278,1.545103,True
3010,1761013917.410754,1761014168.715324,1314,322,502.594917,4.28939,1.552354,True
3011,1761013919.132432,1761013935.111956,862,87,31.947395,1.567268,0.353257,True
3012,1761013919.593595,1761013978.353237,388,78,117.509775,2.235304,1.497071,True
3013,1761013919.710299,1761013957.350698,1496,53,75.278562,3.917039,1.372337,True
3014,1761013920.723454,1761014025.136147,181,124,208.814624,4.229128,1.663297,True
3015,1761013920.811539,1761014231.431638,1073,392,621.21988,3.094127,1.580884,True
3016,1761013920.819839,1761013956.890306,1217,49,72.115068,4.124863,1.416463,True
3017,1761013921.212854,1761014230.415107,1027,396,618.396526,4.036063,1.555343,True
3018,1761013922.59701,1761014028.973405,405,142,212.747359,2.844834,1.48867,True
3019,1761013923.815947,1761013943.448949,874,95,39.264641,1.79533,0.39861,True
3020,1761013924.724114,1761013938.472348,91,24,27.480223,1.104405,1.146775,True
3021,1761013927.735359,1761014342.971769,1111,595,830.470509,1.770176,1.395118,True
3022,1761013928.826669,1761013935.421918,120,12,13.17497,1.229331,1.085967,True
3023,1761013929.760592,1761014103.725112,1316,209,347.919004,1.766749,1.664194,True
3024,1761013931.317122,1761014001.014002,391,88,139.375407,1.108739,1.589272,True
3025,1761013932.715238,1761013970.407476,401,96,75.37026,0.840862,0.78452,True
3026,1761013935.69559,1761014282.625198,1150,470,693.841676,1.807369,1.475553,True
3027,1761013936.023193,1761013976.827925,407,94,81.602029,0.842776,0.868379,True
3028,1761013937.280982,1761014033.425749,387,124,192.271399,0.846543,1.5563,True
3029,1761013937.718628,1761014031.190482,377,119,186.930944,1.236304,1.573683,True
3030,1761013938.593747,1761013962.041981,979,45,46.884935,1.63804,1.028339,True
3031,1761013938.614255,1761014096.296088,1134,399,315.350114,3.420055,0.783744,True
3032,1761013938.872857,1761014023.07564,401,96,168.39099,0.840902,1.763685,True
3033,1761013940.103591,1761013968.435094,1827,35,56.660445,2.514232,1.592536,True
3034,1761013940.950839,1761014233.216331,1180,371,584.529622,3.947267,1.569141,True
3035,1761013941.22928,1761014255.675256,1090,414,628.87851,2.824258,1.51587,True
3036,1761013944.053508,1761014037.71914,412,117,187.308495,1.325775,1.603299,True
3037,1761013944.662109,1761014228.281932,1102,684,567.221895,1.896212,0.82771,True
3038,1761013945.674935,1761013992.804383,387,52,94.244204,0.652736,1.835127,True
3039,1761013945.811733,1761013976.787922,1000,59,61.946493,2.50022,1.024936,True
3040,1761013946.867916,1761014099.377472,1087,397,304.997222,3.315135,0.761823,True
3041,1761013948.809257,1761014291.541261,1140,467,685.462623,1.620818,1.467472,True
3042,1761013949.093752,1761014007.304339,402,102,116.411262,4.047249,1.112515,True
3043,1761013949.152838,1761013987.670589,1633,64,77.017819,3.804214,1.162121,True
3044,1761013951.695602,1761013977.479973,987,29,51.56033,1.63659,1.782991,True
3045,1761013953.242617,1761014258.054551,1123,400,609.610157,1.807695,1.523314,True
3046,1761013953.461767,1761014113.345336,1150,424,319.755606,2.029583,0.751125,True
3047,1761013953.751617,1761014249.533435,1160,385,591.549178,2.857944,1.53305,True
3048,1761013954.051367,1761014103.425702,1116,393,298.741186,3.348905,0.753552,True
3049,1761013955.94721,1761014326.16309,1111,935,740.410085,3.385342,0.789106,True
3050,1761013957.37034,1761014055.928378,380,115,197.102591,0.802039,1.721935,True
3051,1761013957.922845,1761014263.5629,1084,404,611.258135,1.762208,1.512397,True
3052,1761013958.490613,1761014268.083897,1192,413,619.180683,6.188296,1.487846,True
3053,1761013958.633589,1761014019.437922,1609,62,121.59963,4.703866,1.916324,True
3054,1761013958.815969,1761014035.860026,399,95,154.075251,5.859736,1.576761,True
3055,1761013959.007963,1761014016.063543,402,116,114.093385,1.168169,0.981958,True
3056,1761013959.412398,1761014022.610438,1288,68,126.389939,3.926136,1.827818,True
3057,1761013961.915318,1761014112.833316,1103,404,301.818267,1.991833,0.743986,True
3058,1761013962.632382,1761014116.230175,1148,424,307.183926,3.182633,0.718679,True
3059,1761013962.999861,1761014256.020152,1092,389,586.02981,3.086555,1.502431,True
3060,1761013963.499365,1761014018.168079,376,58,109.32465,2.925026,1.86666,True
3061,1761013964.41184,1761014166.563478,1171,530,404.301573,3.377161,0.757891,True
3062,1761013969.020134,1761013980.423049,91,16,22.795692,0.800477,1.466348,True
3063,1761013969.076977,1761014031.312204,394,80,124.468346,0.707,1.566599,True
3064,1761013969.991971,1761014041.571243,398,94,143.147665,0.671755,1.531999,True
3065,1761013970.748617,1761014275.059914,1167,414,608.616415,1.557418,1.469877,True
3066,1761013971.097189,1761014265.695598,1027,396,589.179072,4.578462,1.480002,True
3067,1761013971.709748,1761014057.948312,181,104,172.467247,1.072847,1.664023,True
3068,1761013971.859794,1761014152.518234,1319,209,361.314789,3.82399,1.718706,True
3069,1761013972.216779,1761014048.203563,1319,150,151.963963,2.220729,1.004988,True
3070,1761013972.389312,1761014058.266311,408,105,171.737839,3.414252,1.618496,True
3071,1761013973.289111,1761014144.366575,1139,435,342.147347,3.135474,0.781133,True
3072,1761013976.789249,1761014028.622857,1820,109,103.665748,3.130432,0.930883,True
3073,1761013978.176561,1761014273.753584,1034,403,591.137694,1.379416,1.46706,True
3074,1761013979.363202,1761014116.445288,1122,396,274.162733,2.496749,0.687762,True
3075,1761013980.10085,1761014263.740629,1113,375,567.273639,1.791298,1.511985,True
3076,1761013980.472994,1761014018.583442,181,78,76.203261,1.813461,0.966101,True
3077,1761013980.537625,1761014159.556158,203,217,358.024757,1.759432,1.649377,True
3078,1761013980.639709,1761014029.938896,397,115,98.586886,2.279516,0.844801,True
3079,1761013981.999385,1761014121.886035,1110,408,279.771736,2.256509,0.681856,True
3080,1761013983.000555,1761014280.578489,1149,407,595.145541,1.509775,1.462157,True
3081,1761013983.032281,1761014018.291737,1466,76,70.509461,4.510465,0.879987,True
3082,1761013983.154786,1761014108.561496,212,138,250.801609,1.567908,1.819224,True
3083,1761013983.875102,1761014062.773338,878,102,157.779853,2.283909,1.539564,True
3084,1761013983.927088,1761014118.776399,1058,394,269.683069,2.20097,0.680616,True
3085,1761013984.457083,1761014124.682149,200,159,280.432238,1.700832,1.764123,True
3086,1761013985.313124,1761014399.089019,1092,626,827.550255,2.307947,1.320388,True
3087,1761013986.08885,1761014056.854,399,83,141.51614,1.871122,1.702988,True
3088,1761013986.530486,1761014265.121671,1091,376,557.170185,3.330521,1.476906,True
3089,1761013986.694685,1761014275.746417,984,399,578.093665,2.355575,1.446578,True
3090,1761013986.82326,1761014279.662164,1123,401,585.659953,3.444827,1.455538,True
3091,1761013987.081266,1761014006.673415,1303,36,39.174759,2.667701,1.043059,True
3092,1761013989.262622,1761014006.187195,881,33,33.843271,3.053069,0.962194,True
3093,1761013989.651296,1761014283.476962,1017,409,587.649196,2.9618,1.433057,True
3094,1761013989.651836,1761014138.21838,1096,421,297.111125,2.033344,0.702566,True
3095,1761013989.655347,1761014283.991478,1140,411,588.636114,2.250059,1.43021,True
3096,1761013989.693964,1761014081.158869,376,117,182.927577,1.054406,1.567872,True
3097,1761013989.970272,1761014049.802591,384,69,119.663382,2.642869,1.72089,True
3098,1761013991.325096,1761014121.136329,981,393,259.60056,3.438574,0.653474,True
3099,1761013991.325263,1761014050.530921,386,73,118.368621,1.963135,1.616743,True
3100,1761013991.942223,1761014122.259272,1004,403,260.626503,2.154286,0.642966,True
3101,1761013993.289632,1761014023.309858,455,92,60.032804,2.323862,0.634164,True
3102,1761013993.494359,1761014121.720488,1134,402,256.437397,3.682845,0.630311,True
3103,1761013994.754216,1761014112.652695,1316,139,235.779691,1.714455,1.696125,True
3104,1761013995.432691,1761014291.31292,1144,420,591.748879,2.588689,1.40611,True
3105,1761013996.567904,1761014018.624684,387,73,44.097911,1.423864,0.592695,True
3106,1761013997.165353,1761014274.714016,1042,385,555.089478,2.395484,1.439307,True
3107,1761013999.028864,1761014231.372731,736,300,464.673955,1.705811,1.548388,True
3108,1761014000.801471,1761014070.716408,379,93,139.813162,0.960045,1.509273,True
3109,1761014001.193657,1761014122.245556,1312,138,242.101575,2.25782,1.750684,True
3110,1761014001.491397,1761014297.884737,1169,421,592.777299,3.28968,1.403542,True
3111,1761014002.049169,1761014111.97865,408,129,219.843789,3.499351,1.690191,True
3112,1761014002.138539,1761014142.304274,1019,396,280.330057,1.912034,0.704856,True
3113,1761014002.163988,1761014109.937885,395,126,215.533661,3.38489,1.69719,True
3114,1761014003.028919,1761014327.071574,1191,464,648.071645,3.262933,1.392675,True
3115,1761014003.271311,1761014047.991915,932,102,89.423548,2.411883,0.861502,True
3116,1761014003.945827,1761014291.194189,1021,412,574.478871,4.459334,1.386909,True
3117,1761014004.121093,1761014289.231173,1103,405,570.206044,4.286127,1.400792,True
3118,1761014004.446144,1761014070.661507,405,93,132.414481,1.908565,1.418543,True
3119,1761014004.745144,1761014055.807698,203,152,102.117767,1.396927,0.667025,True
3120,1761014005.034998,1761014307.658379,1148,421,605.245346,4.62103,1.430058,True
3121,1761014005.923697,1761014060.938891,181,165,110.0127,0.698621,0.666549,True
3122,1761014006.156689,1761014306.38736,1069,426,600.459646,4.220947,1.402915,True
3123,1761014007.296849,1761014291.429024,1137,396,568.262766,5.515568,1.424676,True
3124,1761014007.363249,1761014019.905595,1763,45,25.071288,2.989354,0.501862,True
3125,1761014008.914192,1761014066.903524,1008,89,115.971889,3.896107,1.273588,True
3126,1761014009.168579,1761014293.503348,1019,415,568.663444,4.462058,1.362805,True
3127,1761014010.04271,1761014285.333909,1086,398,550.574125,4.696053,1.375008,True
3128,1761014010.776227,1761014018.668291,1371,33,15.774045,2.489748,0.415134,True
3129,1761014013.298217,1761014284.939858,1161,397,543.267606,2.661423,1.365167,True
3130,1761014018.30593,1761014142.245983,416,151,247.868649,0.848622,1.6468,True
3131,1761014019.606089,1761014029.494792,91,24,19.77614,0.428985,0.841181,True
3132,1761014020.671984,1761014301.37017,1151,411,561.394519,1.53493,1.365511,True
3133,1761014020.897553,1761014049.87169,1075,56,57.940678,1.868133,1.019501,True
3134,1761014023.480985,1761014220.585957,1092,499,394.198116,1.876667,0.787794,True
3135,1761014023.486175,1761014174.554012,973,414,302.112112,3.241097,0.723659,True
3136,1761014024.968436,1761014050.707406,394,55,51.476708,2.453192,0.907843,True
3137,1761014026.741605,1761014096.481138,428,79,139.457107,0.830605,1.777263,True
3138,1761014029.3396,1761014112.783554,411,90,166.869737,0.865206,1.865219,True
3139,1761014030.50669,1761014239.653677,1167,549,418.292529,2.004622,0.759649,True
3140,1761014030.825135,1761014172.726995,1102,383,283.796208,3.591011,0.733521,True
3141,1761014031.1689,1761014294.843788,1110,377,527.333603,1.80105,1.397693,True
3142,1761014033.148257,1761014085.777774,400,136,105.241396,2.078952,0.764166,True
3143,1761014033.875638,1761014187.3024,1313,198,306.831393,1.906871,1.54784,True
3144,1761014034.950677,1761014130.375593,387,102,190.848258,1.460578,1.875126,True
3145,1761014035.018779,1761014125.161734,401,94,180.275465,1.860215,1.918444,True
3146,1761014036.003924,1761014185.456773,1160,409,298.888059,2.082651,0.727464,True
3147,1761014036.077732,1761014064.734789,379,92,57.296661,3.019219,0.596455,True
3148,1761014036.142939,1761014177.673518,1056,397,283.047993,2.724241,0.707888,True
3149,1761014036.147317,1761014129.064144,869,98,185.808738,1.495932,1.900132,True
3150,1761014036.471493,1761014308.163425,1107,393,543.372507,2.406071,1.380016,True
3151,1761014037.788299,1761014188.983639,1168,418,302.389278,3.063456,0.717808,True
3152,1761014039.16784,1761014064.567767,388,90,50.784172,2.495814,0.542566,True
3153,1761014039.6404,1761014306.943869,997,375,534.595309,1.401563,1.425652,True
3154,1761014040.16976,1761014189.28612,1019,418,298.21688,2.769879,0.708506,True
3155,1761014041.309792,1761014332.768795,997,420,582.916698,1.446817,1.387756,True
3156,1761014041.455314,1761014337.169793,1053,429,591.411021,2.382401,1.376235,True
3157,1761014042.575586,1761014143.214206,432,108,201.260642,1.782932,1.864278,True
3158,1761014043.146695,1761014067.068022,1925,103,47.841194,3.251959,0.437149,True
3159,1761014043.151114,1761014136.845016,929,99,187.373006,3.839865,1.872787,True
3160,1761014043.178284,1761014129.260882,914,91,172.163021,2.31286,1.887224,True
3161,1761014043.956267,1761014356.637273,1007,449,625.345129,3.03286,1.38909,True
3162,1761014043.969983,1761014142.706252,1820,109,197.460927,4.306242,1.788469,True
3163,1761014044.235932,1761014064.692888,392,86,40.902218,3.029274,0.445564,True
3164,1761014047.823185,1761014435.678785,1076,596,775.703812,1.904896,1.300502,True
3165,1761014048.1735,1761014097.207446,194,181,98.065707,0.552413,0.541741,True
3166,1761014050.472152,1761014331.194733,984,397,561.43564,1.352878,1.41435,True
3167,1761014050.644131,1761014324.323014,1048,397,547.356054,2.408533,1.37613,True
3168,1761014052.935124,1761014167.339496,1316,150,228.790789,1.889713,1.522826,True
3169,1761014053.833819,1761014156.27141,369,118,204.853877,1.810079,1.735417,True
3170,1761014056.974003,1761014220.35761,1176,405,326.760015,2.12521,0.803551,True
3171,1761014058.867606,1761014099.291163,200,138,80.831584,0.719143,0.584762,True
3172,1761014058.954803,1761014326.688195,1064,384,535.461253,1.513943,1.394118,True
3173,1761014060.336999,1761014145.039376,391,91,169.395056,1.009426,1.870951,True
3174,1761014063.14085,1761014090.073879,386,70,53.85453,0.873274,0.767844,True
3175,1761014064.831347,1761014669.926982,1083,1000,1210.169162,1.539375,1.20984,True
3176,1761014066.67746,1761014331.077702,1099,383,528.794708,1.55301,1.380214,True
3177,1761014067.787269,1761014239.995771,986,433,344.405388,1.845955,0.792962,True
3178,1761014068.159568,1761014345.236882,1091,405,554.148989,1.601027,1.367693,True
3179,1761014068.603941,1761014144.196408,411,75,151.1838,1.79978,2.018703,True
3180,1761014068.870552,1761014236.181007,1081,425,334.60339,2.575479,0.783085,True
3181,1761014069.861383,1761014230.566702,1110,393,321.401105,3.558562,0.810823,True
3182,1761014071.48091,1761014343.41249,1016,397,543.841236,1.692965,1.369061,True
3183,1761014072.015697,1761014141.28622,1893,63,138.518558,6.013934,2.137171,True
3184,1761014072.332369,1761014095.381022,377,70,46.075145,4.264559,0.605951,True
3185,1761014072.366391,1761014343.586169,990,393,542.422454,5.666231,1.369276,True
3186,1761014072.497997,1761014228.681707,1169,389,312.349723,3.730551,0.79541,True
3187,1761014072.692495,1761014370.115666,1165,439,594.830766,1.980025,1.353541,True
3188,1761014073.163193,1761014142.434287,181,186,138.534732,3.13114,0.731911,True
3189,1761014073.402288,1761014243.699253,1171,435,340.592496,1.996739,0.780175,True
3190,1761014073.957264,1761014337.881402,1007,391,527.832786,5.095337,1.340352,True
3191,1761014074.691153,1761014095.381414,374,70,41.370191,2.566649,0.56237,True
3192,1761014074.713549,1761014128.986835,1002,48,108.538359,4.697775,2.209374,True
3193,1761014076.974741,1761014343.962021,1107,398,533.97315,3.338196,1.336612,True
3194,1761014077.21144,1761014356.250011,1093,419,558.058861,3.47977,1.326744,True
3195,1761014077.216663,1761014230.438323,999,397,306.414901,1.870507,0.769052,True
3196,1761014077.68914,1761014369.787988,1127,441,584.191922,2.2261,1.32265,True
3197,1761014077.746539,1761014340.918808,1011,397,526.33052,3.28429,1.320824,True
3198,1761014080.075287,1761014361.561152,980,417,562.957919,2.271425,1.347804,True
3199,1761014080.407403,1761014109.443359,181,103,58.064101,0.503616,0.564318,True
3200,1761014080.591072,1761014157.899374,399,89,154.606977,1.973215,1.734475,True
3201,1761014080.648384,1761014109.53231,1409,101,57.750019,3.644753,0.541053,True
3202,1761014080.654562,1761014107.755327,1386,93,54.175051,2.643755,0.560123,True
3203,1761014080.851948,1761014350.688215,1125,414,539.654668,2.716373,1.300093,True
3204,1761014082.310538,1761014356.687571,1159,416,548.738142,2.47156,1.316305,True
3205,1761014083.108161,1761014345.89807,1112,403,525.571066,3.133887,1.299595,True
3206,1761014084.000922,1761014109.056396,391,99,50.095092,1.074897,0.500206,True
3207,1761014085.056157,1761014171.403325,181,124,172.684453,3.134443,1.378455,True
3208,1761014085.234313,1761014361.721944,1107,427,552.965814,2.956241,1.291102,True
3209,1761014085.827384,1761014361.346283,1113,422,551.022184,3.305767,1.300989,True
3210,1761014086.359536,1761014139.047724,1458,53,105.358107,3.911955,1.950888,True
3211,1761014088.297468,1761014163.189059,406,98,149.768265,3.808686,1.504738,True
3212,1761014089.111211,1761014236.895498,1312,205,295.556324,2.886574,1.434656,True
3213,1761014090.316596,1761014169.019896,407,116,157.394937,1.790581,1.353081,True
3214,1761014090.975382,1761014352.563083,1093,398,523.162315,4.042571,1.307606,True
3215,1761014091.105844,1761014141.974859,377,57,101.716877,3.964512,1.745578,True
3216,1761014091.259499,1761014343.585985,1125,386,504.630622,3.754082,1.300978,True
3217,1761014091.999954,1761014152.877563,200,149,121.737495,0.556792,0.818789,True
3218,1761014092.191444,1761014360.577003,1125,414,536.760785,3.162549,1.292005,True
3219,1761014092.910395,1761014174.553805,206,217,163.276705,0.458308,0.753789,True
3220,1761014096.561327,1761014337.992661,1107,375,482.854687,1.511335,1.287014,True
3221,1761014098.263769,1761014152.660539,407,115,108.791716,0.810348,0.947205,True
3222,1761014098.660944,1761014350.74556,1102,401,504.157856,1.721859,1.25609,True
3223,1761014099.301595,1761014163.223713,1316,156,127.836307,2.358494,0.809534,True
3224,1761014099.354214,1761014130.180129,377,35,61.643943,2.881207,1.728316,True
3225,1761014099.432684,1761014272.78463,1111,418,346.686191,3.809392,0.822247,True
3226,1761014100.322835,1761014349.430317,1055,400,498.204808,1.433468,1.245041,True
3227,1761014100.624588,1761014370.598052,1112,429,539.944858,2.911525,1.254751,True
3228,1761014102.489347,1761014238.890036,1314,198,272.77906,2.772668,1.370591,True
3229,1761014102.621863,1761014137.272729,388,83,69.300421,1.45216,0.827418,True
3230,1761014103.733398,1761014225.169166,206,162,242.867534,3.001503,1.489851,True
3231,1761014104.596731,1761014266.472611,1081,391,323.737944,1.897256,0.825233,True
3232,1761014104.875217,1761014450.898057,1023,575,692.033822,1.803828,1.202491,True
3233,1761014106.942939,1761014345.681239,1071,394,477.455146,1.415622,1.211296,True
3234,1761014107.969083,1761014218.26447,410,154,220.581648,1.237168,1.433624,True
3235,1761014109.755249,1761014142.474721,721,71,65.417278,1.275821,0.916307,True
3236,1761014110.148517,1761014468.887184,1086,614,717.473679,1.6361,1.167761,True
3237,1761014112.732219,1761014235.950781,1315,179,246.414769,1.91625,1.373587,True
3238,1761014112.872451,1761014164.219457,379,72,102.679975,2.077156,1.416941,True
3239,1761014113.373922,1761014168.184626,400,89,109.615619,1.913699,1.223885,True
3240,1761014115.093356,1761014356.577135,1054,390,482.953845,1.666855,1.237242,True
3241,1761014116.123377,1761014236.124752,402,163,239.995379,1.344314,1.473155,True
3242,1761014116.512399,1761014360.033118,1112,386,487.029556,2.09328,1.259575,True
3243,1761014116.7948,1761014299.795731,1021,421,365.993872,1.892132,0.866909,True
3244,1761014117.628465,1761014292.065357,1055,398,348.851913,2.862655,0.871509,True
3245,1761014118.740546,1761014128.855245,120,12,20.221026,1.332124,1.717173,True
3246,1761014118.81632,1761014345.839684,981,375,454.025441,1.143531,1.210914,True
3247,1761014120.053101,1761014236.777084,1315,175,233.435464,1.915244,1.330576,True
3248,1761014121.063147,1761014362.919692,1046,397,483.690694,2.468544,1.215207,True
3249,1761014121.976847,1761014169.090989,423,80,94.224126,1.626187,1.172126,True
3250,1761014122.094291,1761014423.986742,1115,654,603.767943,2.023643,0.921507,True
3251,1761014122.485644,1761014173.947726,1269,103,102.922902,4.917228,0.96084,True
3252,1761014122.683265,1761014206.030458,397,115,166.679711,1.534598,1.448641,True
3253,1761014123.579772,1761014173.731155,1409,101,100.292899,2.908834,0.973841,True
3254,1761014124.954105,1761014368.994726,1058,394,488.080082,1.480428,1.238167,True
3255,1761014125.605885,1761014169.766261,399,88,88.319593,2.548442,0.985875,True
3256,1761014126.093142,1761014176.342295,446,94,100.496528,1.136507,1.068387,True
3257,1761014126.294251,1761014370.597879,1137,402,488.601017,2.0894,1.213246,True
3258,1761014126.770138,1761014300.155524,1110,410,346.754957,3.066773,0.840313,True
3259,1761014127.882311,1761014170.598127,388,91,85.417915,2.722366,0.918839,True
3260,1761014129.189367,1761014298.281582,1066,393,338.168835,3.066306,0.854853,True
3261,1761014130.190356,1761014379.745639,1163,428,499.103464,1.785077,1.16468,True
3262,1761014130.615322,1761014417.753151,1088,641,574.260035,3.352862,0.892042,True
3263,1761014130.817554,1761014308.080871,1002,411,354.525179,4.639558,0.85338,True
3264,1761014131.150965,1761014375.007442,1186,414,487.705713,2.348454,1.175199,True
3265,1761014133.097679,1761014362.919397,1087,383,459.62523,1.838141,1.198396,True
3266,1761014133.825796,1761014172.618724,871,79,77.572776,2.555983,0.961754,True
3267,1761014135.109433,1761014158.830781,377,61,47.433229,1.097434,0.772263,True
3268,1761014135.385379,1761014141.454624,91,16,12.12892,0.972251,0.743778,True
3269,1761014135.537605,1761014210.006482,191,162,148.924046,1.168388,0.917737,True
3270,1761014136.971612,1761014249.355344,1312,162,224.76143,1.887126,1.384312,True
3271,1761014138.0497,1761014172.592186,373,81,69.073479,0.798155,0.853442,True
3272,1761014138.706138,1761014309.61069,980,400,341.807726,1.968575,0.851727,True
3273,1761014139.453444,1761014280.694623,212,217,282.474441,0.496848,1.305452,True
3274,1761014139.46401,1761014369.901393,1057,387,460.867386,1.697375,1.18956,True
3275,1761014140.903759,1761014202.599483,390,96,123.386017,0.940555,1.2889,True
3276,1761014141.386683,1761014188.199551,386,119,93.616338,0.825323,0.786365,True
3277,1761014141.939212,1761014297.918285,1081,372,311.946579,2.248151,0.834767,True
3278,1761014142.95537,1761014207.970496,450,90,130.017313,0.917202,1.450563,True
3279,1761014143.918329,1761014157.787173,302,18,27.726914,0.791523,1.584435,True
3280,1761014144.294567,1761014316.777185,1161,405,344.943391,1.960918,0.848967,True
3281,1761014145.312482,1761014299.840625,1045,375,309.042884,2.868982,0.818647,True
3282,1761014145.708704,1761014171.220764,1107,55,51.006127,1.76522,0.911869,True
3283,1761014147.013095,1761014379.638009,1081,397,465.241839,1.934237,1.169969,True
3284,1761014147.752158,1761014230.231658,1318,113,164.937444,2.76785,1.447943,True
3285,1761014148.636843,1761014398.165383,1180,427,499.043361,2.272179,1.16613,True
3286,1761014149.59621,1761014236.715423,1315,127,174.220101,2.849196,1.360087,True
3287,1761014149.600431,1761014169.808657,372,54,40.38483,0.771937,0.747413,True
3288,1761014150.175499,1761014308.91696,1018,375,317.481524,2.13362,0.843176,True
3289,1761014150.387858,1761014283.649355,197,217,266.51668,2.172691,1.223815,True
3290,1761014151.798594,1761014380.811757,1093,407,458.010482,2.212164,1.122656,True
3291,1761014152.86884,1761014202.818268,376,81,99.890374,1.956554,1.224173,True
3292,1761014155.516172,1761014327.597699,1106,429,344.153436,2.004448,0.799414,True
3293,1761014160.634354,1761014209.962584,421,92,98.655199,0.859539,1.074678,True
3294,1761014161.660382,1761014215.973336,422,98,108.603892,0.813112,1.111245,True
3295,1761014161.667612,1761014255.439959,407,140,187.515091,0.735636,1.343737,True
3296,1761014163.096101,1761014217.916449,420,106,109.627032,0.793575,1.036509,True
3297,1761014163.946445,1761014230.041063,1352,144,132.173547,2.265652,0.908447,True
3298,1761014164.870845,1761014173.121755,91,16,16.488159,1.597979,0.992679,True
3299,1761014165.032106,1761014216.514645,1539,94,102.945524,3.96208,1.064338,True
3300,1761014167.168571,1761014279.948409,181,169,225.551722,0.701008,1.338397,True
3301,1761014167.654135,1761014246.536719,72,202,157.747503,1.704408,0.776334,True
3302,1761014168.113355,1761014253.459089,181,120,170.6686,0.467153,1.430264,True
3303,1761014170.696426,1761014331.040964,992,396,320.66762,1.797562,0.807266,True
3304,1761014171.598671,1761014244.488357,388,84,145.772943,0.843825,1.746134,True
3305,1761014172.090261,1761014542.432454,1050,638,740.672667,1.938822,1.159708,True
3306,1761014172.80638,1761014254.912657,392,106,164.201134,1.709411,1.54754,True
3307,1761014174.560122,1761014415.696933,1127,396,482.265702,1.540506,1.217026,True
3308,1761014175.124118,1761014223.236586,1646,44,96.202241,3.180143,2.163305,True
3309,1761014175.311239,1761014221.526947,433,87,92.414309,0.812948,1.065132,True
3310,1761014177.668046,1761014352.203225,1081,397,349.058682,2.200584,0.875904,True
3311,1761014177.669261,1761014220.761708,373,70,86.155095,0.841021,1.236436,True
3312,1761014178.251508,1761014420.799963,1058,407,485.086992,1.446278,1.191233,True
3313,1761014178.512481,1761014352.250636,1098,393,347.454502,5.101727,0.873349,True
3314,1761014179.14003,1761014222.595933,376,83,86.903965,1.44736,1.042154,True
3315,1761014179.290977,1761014246.406466,206,162,134.21946,4.533885,0.8055,True
3316,1761014179.516859,1761014340.724035,1099,386,322.406439,4.104331,0.826759,True
3317,1761014180.106948,1761014227.819784,1646,44,95.407985,2.396073,2.163068,True
3318,1761014180.658839,1761014411.960524,1019,396,462.592123,4.495386,1.159739,True
3319,1761014182.06985,1761014404.283641,980,374,444.417895,1.877677,1.186435,True
3320,1761014182.950009,1761014231.012952,371,58,96.124541,2.671701,1.639524,True
3321,1761014183.308385,1761014415.637911,981,398,464.643182,3.151536,1.162447,True
3322,1761014184.616464,1761014256.788618,404,93,144.321672,1.901509,1.548045,True
3323,1761014184.63409,1761014228.189417,408,87,87.101286,0.775214,1.003792,True
3324,1761014185.08959,1761014235.363161,705,66,100.528729,1.963753,1.516384,True
3325,1761014185.971843,1761014318.42684,203,211,264.895638,1.544551,1.254053,True
3326,1761014186.128225,1761014235.743805,1176,114,99.221499,1.97671,0.860573,True
3327,1761014186.655979,1761014432.629235,1081,408,491.928334,1.885445,1.204037,True
3328,1761014188.035125,1761014587.349865,1092,720,798.621655,2.291482,1.107552,True
3329,1761014188.20699,1761014415.696843,1037,388,454.965423,1.726022,1.171161,True
3330,1761014188.998071,1761014369.661144,1127,408,361.312324,2.066793,0.882667,True
3331,1761014189.028293,1761014222.116934,788,29,66.161581,2.190638,2.284677,True
3332,1761014189.860121,1761014291.248445,175,164,202.775045,1.459503,1.235065,True
3333,1761014190.403461,1761014250.392789,401,93,119.964629,1.216753,1.290738,True
3334,1761014190.594966,1761014447.142273,1000,430,513.076709,2.3728,1.190452,True
3335,1761014190.9871,1761014229.560598,410,85,77.141614,0.919219,0.907409,True
3336,1761014191.507346,1761014236.066219,374,63,89.105579,1.77752,1.408517,True
3337,1761014191.731225,1761014443.795423,1113,423,504.110895,4.200547,1.184622,True
3338,1761014192.325292,1761014280.234527,1318,142,175.797009,2.500956,1.22905,True
3339,1761014192.610321,1761014443.687169,988,431,502.149743,2.527254,1.161913,True
3340,1761014192.729529,1761014367.955244,1022,392,350.439042,1.862846,0.891499,True
3341,1761014193.893803,1761014302.823239,1314,176,217.844828,3.776165,1.22325,True
3342,1761014196.315299,1761014240.641105,1704,107,88.642142,2.893042,0.808954,True
3343,1761014197.247646,1761014427.587143,1107,398,460.657016,1.979379,1.155359,True
3344,1761014198.211829,1761014428.183022,1139,398,459.932678,2.552513,1.152091,True
3345,1761014199.633107,1761014371.486576,1045,396,343.705854,1.878451,0.865386,True
3346,1761014199.768835,1761014378.951226,1051,400,358.343364,6.352484,0.882183,True
3347,1761014199.796971,1761014235.699018,405,87,71.796455,2.404132,0.806887,True
3348,1761014200.672899,1761014371.352376,1064,393,341.357678,3.155962,0.862759,True
3349,1761014200.680974,1761014245.202624,387,117,89.03749,1.81742,0.751897,True
3350,1761014201.425839,1761014403.123168,1049,429,403.387021,4.702426,0.931506,True
3351,1761014202.187471,1761014327.644676,181,205,250.907592,0.569667,1.227147,True
3352,1761014202.486186,1761014434.632475,1071,398,464.288955,1.553414,1.165581,True
3353,1761014203.785252,1761014437.394386,999,396,467.208698,1.687583,1.178534,True
3354,1761014203.905243,1761014406.524879,1069,450,405.223572,4.086884,0.8934,True
3355,1761014206.038693,1761014440.47003,1040,403,468.847208,1.630046,1.162232,True
3356,1761014207.48427,1761014403.447757,961,429,391.925318,2.207861,0.910555,True
3357,1761014209.072711,1761014442.9848,988,401,467.811923,1.395301,1.166042,True
3358,1761014209.785987,1761014451.496105,1039,430,483.406285,3.247779,1.119251,True
3359,1761014209.816144,1761014438.989108,1040,393,458.330081,1.98576,1.164144,True
3360,1761014210.345023,1761014228.944882,1508,49,37.188267,2.554918,0.721528,True
3361,1761014210.516769,1761014218.095694,317,18,15.156504,3.154485,0.706001,True
3362,1761014210.795346,1761014274.600454,393,116,127.591825,4.372428,1.071473,True
3363,1761014210.824467,1761014249.931525,371,63,78.212295,2.271722,1.224848,True
3364,1761014211.089839,1761014273.009542,920,104,123.817928,2.375838,1.179049,True
3365,1761014211.440524,1761014289.400614,1118,141,155.908211,3.730248,1.086985,True
3366,1761014211.99554,1761014249.355161,382,61,74.717027,3.242084,1.191249,True
3367,1761014212.269731,1761014286.887237,410,129,149.232813,3.191984,1.140944,True
3368,1761014212.956436,1761014405.091245,1108,434,384.255984,2.100605,0.882576,True
3369,1761014213.779086,1761014227.3848,325,18,27.210223,2.543337,1.450993,True
3370,1761014214.272545,1761014268.310481,397,100,108.066096,1.802071,1.073374,True
3371,1761014214.54049,1761014264.143936,398,92,99.205709,1.23229,1.076631,True
3372,1761014216.003983,1761014442.985014,1125,399,453.955349,1.883915,1.135858,True
3373,1761014217.495807,1761014453.541063,1168,427,472.079095,2.030481,1.103401,True
3374,1761014217.543962,1761014248.942227,2045,60,62.777778,3.414273,1.006161,True
3375,1761014218.243462,1761014393.325369,1097,403,350.16233,1.932268,0.866244,True
3376,1761014219.145695,1761014309.097397,200,165,179.893761,2.411387,1.08221,True
3377,1761014221.824183,1761014452.142212,997,418,460.634329,1.350182,1.101401,True
3378,1761014222.305446,1761014325.791898,203,181,206.963166,1.978424,1.138804,True
3379,1761014222.318968,1761014239.728638,374,40,34.81519,1.44786,0.855573,True
3380,1761014222.681583,1761014273.526236,181,95,101.672579,1.598995,1.064613,True
3381,1761014223.590139,1761014246.235678,1176,77,45.274809,1.955644,0.569989,True
3382,1761014225.640334,1761014405.276404,1046,396,359.254768,1.870472,0.90477,True
3383,1761014226.454106,1761014379.690491,181,284,306.458996,0.549881,1.080951,True
3384,1761014227.948836,1761014272.949298,373,81,89.985262,0.7651,1.115252,True
3385,1761014231.487837,1761014451.545113,1029,392,440.095539,1.543411,1.121617,True
3386,1761014232.624447,1761014459.657479,1006,411,454.064917,1.888338,1.10287,True
3387,1761014232.913665,1761014426.794079,1013,419,387.73877,1.813945,0.923265,True
3388,1761014236.719709,1761014428.631237,1089,417,383.817309,1.997016,0.917837,True
3389,1761014237.174429,1761014461.375071,1180,402,448.399683,1.608573,1.114192,True
3390,1761014238.001697,1761014289.284736,389,87,102.564601,1.498443,1.175188,True
3391,1761014238.111637,1761014275.503356,422,95,74.778001,1.403873,0.780576,True
3392,1761014238.903245,1761014467.178417,1002,413,456.54271,1.896752,1.10351,True
3393,1761014239.320026,1761014459.092729,991,399,439.533797,2.166865,1.098912,True
3394,1761014240.460945,1761014431.839204,1000,428,382.74685,1.811908,0.892119,True
3395,1761014240.521977,1761014297.230188,181,128,113.404955,2.17966,0.87579,True
3396,1761014242.524704,1761014293.453972,390,94,101.850509,0.808205,1.086476,True
3397,1761014243.206515,1761014306.055228,404,108,125.696303,1.053285,1.164888,True
3398,1761014243.681409,1761014287.757349,1508,84,88.130104,2.488952,1.031821,True
3399,1761014247.27909,1761014280.402461,372,61,66.24067,0.900884,1.088996,True
3400,1761014247.280302,1761014430.862643,1093,397,367.139868,2.019001,0.922022,True
3401,1761014247.998088,1761014431.793624,1006,396,367.581679,3.940661,0.92061,True
3402,1761014248.894329,1761014431.215927,982,399,364.625745,2.040834,0.911017,True
3403,1761014250.110467,1761014306.279684,428,98,112.324274,0.726052,1.150497,True
3404,1761014250.52491,1761014473.456758,1055,411,445.857408,1.663742,1.083399,True
3405,1761014250.834258,1761014299.381839,402,105,97.076434,1.843948,0.915697,True
3406,1761014250.838512,1761014467.497733,1045,397,433.286497,2.390724,1.088121,True
3407,1761014251.914179,1761014345.509609,16,177,187.173007,1.410951,1.055466,True
3408,1761014252.17143,1761014341.418803,203,162,178.473193,1.456644,1.099482,True
3409,1761014253.245828,1761014469.208301,1058,400,431.923519,1.497919,1.078761,True
3410,1761014253.469579,1761014282.622406,376,74,58.2961,0.750878,0.788291,True
3411,1761014253.516532,1761014430.641279,1071,387,354.228107,2.439313,0.91137,True
3412,1761014253.639541,1761014349.357695,194,217,191.43285,2.550676,0.874455,True
3413,1761014254.490845,1761014454.21364,1026,429,399.437871,3.42402,0.925266,True
3414,1761014255.855349,1761014332.080872,1312,193,152.429206,3.996612,0.773086,True
3415,1761014255.865607,1761014305.835138,380,82,99.916494,0.746117,1.224326,True
3416,1761014256.205078,1761014431.883038,1098,393,351.354864,4.435242,0.884999,True
3417,1761014257.864151,1761014469.583489,1093,389,423.422837,1.572292,1.087244,True
3418,1761014258.230948,1761014277.726343,379,63,38.989583,4.564457,0.555244,True
3419,1761014259.086352,1761014333.26958,181,121,148.350861,0.74842,1.23002,True
3420,1761014259.422673,1761014435.435631,1089,398,352.012614,3.131429,0.878794,True
3421,1761014259.70126,1761014473.456454,1132,398,427.498679,1.757502,1.072396,True
3422,1761014261.355115,1761014474.807599,981,399,426.896975,1.507708,1.068817,True
3423,1761014267.296658,1761014293.671492,390,48,52.726985,0.72282,1.106472,True
3424,1761014267.576165,1761014454.707495,1063,401,374.261197,1.943682,0.930794,True
3425,1761014267.576665,1761014336.430901,905,115,137.686565,1.729365,1.192607,True
3426,1761014268.768225,1761014488.391254,1087,412,439.236082,2.089714,1.063616,True
3427,1761014268.793108,1761014325.617399,995,83,113.64737,2.415925,1.356481,True
3428,1761014268.884714,1761014323.483087,407,129,109.19531,1.531074,0.841127,True
3429,1761014270.415071,1761014478.865401,1081,390,416.882752,2.013839,1.066501,True
3430,1761014273.130157,1761014492.408731,1081,471,438.545782,2.007639,0.928805,True
3431,1761014275.586083,1761014368.826164,1317,155,186.466369,1.810694,1.199063,True
3432,1761014276.13459,1761014480.863145,1000,386,409.445315,2.553206,1.056863,True
3433,1761014277.42677,1761014506.738319,955,425,458.61518,1.897846,1.077164,True
3434,1761014277.650699,1761014555.783794,986,604,556.244524,1.888274,0.91933,True
3435,1761014280.244958,1761014474.791884,1062,400,389.082383,1.890301,0.970406,True
3436,1761014280.514744,1761014489.768261,1026,402,418.499017,1.594588,1.039662,True
3437,1761014282.156878,1761014378.99767,124,198,193.659875,0.410767,0.98096,True
3438,1761014282.272617,1761014381.718278,200,192,198.873543,0.69413,1.037589,True
3439,1761014282.930108,1761014469.105105,1054,396,372.336429,1.845126,0.937953,True
3440,1761014283.072109,1761014364.165778,203,151,162.167587,5.084923,1.047218,True
3441,1761014283.429397,1761014314.010188,1901,53,61.16033,4.688104,1.086004,True
3442,1761014283.721212,1761014340.255141,388,91,113.054381,0.822877,1.247017,True
3443,1761014285.182445,1761014495.932001,970,401,421.497889,1.427506,1.050176,True
3444,1761014285.512655,1761014476.829113,1065,397,382.617044,5.659526,0.951913,True
3445,1761014286.629548,1761014336.2058,457,81,99.13685,0.72904,1.230098,True
3446,1761014287.47549,1761014502.119085,1133,405,429.265233,1.5222,1.05877,True
3447,1761014287.734248,1761014468.882132,997,394,362.278229,4.17856,0.911195,True
3448,1761014287.876144,1761014364.3571,1316,152,152.960871,2.537307,0.996183,True
3449,1761014287.908619,1761014385.782441,127,202,195.725875,0.487375,0.971336,True
3450,1761014291.835461,1761014507.5318,1071,397,431.39138,1.564946,1.08542,True
3451,1761014292.901121,1761014506.783355,1003,396,427.746827,1.828214,1.078275,True
3452,1761014293.157349,1761014481.207475,1172,391,376.099075,2.153999,0.958834,True
3453,1761014294.014136,1761014323.664271,370,77,59.294803,2.015721,0.753672,True
3454,1761014294.285109,1761014541.73119,1120,447,494.880441,2.12184,1.10484,True
3455,1761014294.751984,1761014354.96927,391,140,120.420769,1.594218,0.854867,True
3456,1761014295.047431,1761014510.022862,1046,405,429.933345,2.72199,1.057454,True
3457,1761014297.191437,1761014509.971308,1051,400,425.537808,2.13019,1.061172,True
3458,1761014298.106487,1761014326.701735,387,84,57.186821,0.908923,0.678047,True
3459,1761014298.215476,1761014512.235367,1024,408,428.025196,2.652826,1.045141,True
3460,1761014298.818642,1761014411.585139,206,212,225.520946,0.963442,1.064254,True
3461,1761014300.187198,1761014369.386966,1313,138,138.394147,2.37821,0.992817,True
3462,1761014300.788854,1761014392.860494,203,181,184.137582,4.6688,0.997049,True
3463,1761014301.279457,1761014407.578807,1323,210,212.588079,3.497305,1.000434,True
3464,1761014301.294415,1761014509.546729,992,397,416.482917,1.360161,1.04829,True
3465,1761014302.064594,1761014524.467623,961,429,444.792293,2.343874,1.033758,True
3466,1761014302.554646,1761014367.48591,181,129,129.854765,2.902009,0.991818,True
3467,1761014302.562434,1761014350.688558,397,90,96.23721,1.845886,1.060577,True
3468,1761014303.612833,1761014341.63212,411,107,76.028785,2.180092,0.696686,True
3469,1761014303.93177,1761014325.530736,1464,68,43.196536,3.80008,0.588007,True
3470,1761014304.943937,1761014344.730134,447,79,79.556489,0.829951,1.009315,True
3471,1761014306.339435,1761014368.598788,23,134,124.513038,1.694097,0.923451,True
3472,1761014308.862042,1761014511.863171,1103,390,405.988369,1.651423,1.039427,True
3473,1761014309.297306,1761014373.289043,2010,115,127.973699,3.657537,1.090493,True
3474,1761014309.602938,1761014317.33028,326,18,15.435521,0.670922,0.868506,True
3475,1761014310.204928,1761014492.360765,1077,400,364.293813,2.179281,0.907555,True
3476,1761014310.398062,1761014542.590889,1031,430,464.383706,2.715973,1.076149,True
3477,1761014311.398304,1761014410.356928,206,217,197.905783,1.447205,0.90953,True
3478,1761014311.831851,1761014371.137888,403,107,118.594007,1.747491,1.102326,True
3479,1761014311.871448,1761014342.971979,378,57,62.19882,2.181529,1.071737,True
3480,1761014312.100076,1761014358.256955,383,78,92.302533,2.099078,1.171473,True
3481,1761014313.874671,1761014492.996002,1076,396,358.221115,1.964013,0.901917,True
3482,1761014314.42083,1761014510.819528,1066,383,392.779423,1.71732,1.023723,True
3483,1761014315.130617,1761014376.833087,1015,122,123.395358,3.188656,0.993444,True
3484,1761014315.893697,1761014514.33669,1089,391,396.878903,1.723459,1.013219,True
3485,1761014316.54834,1761014522.437589,1037,396,411.761171,2.960736,1.034938,True
3486,1761014317.503698,1761014366.677991,388,98,98.332936,0.92601,1.004195,True
3487,1761014317.761728,1761014517.150421,1047,400,398.763798,2.482865,0.993185,True
3488,1761014318.126097,1761014506.835885,1064,364,377.401604,2.484892,1.032828,True
3489,1761014318.537924,1761014517.217619,1093,397,397.346216,3.511927,0.994531,True
3490,1761014319.160708,1761014368.551924,398,104,98.776371,0.758113,0.951634,True
3491,1761014322.658699,1761014549.775929,1072,444,454.230821,1.500007,1.021966,True
3492,1761014327.036945,1761014334.809206,242,14,15.528586,0.547061,1.152425,True
3493,1761014327.545641,1761014540.110292,1132,437,425.117845,1.946265,0.970577,True
3494,1761014329.007925,1761014381.986246,397,114,105.955191,0.627899,0.9321,True
3495,1761014329.462998,1761014332.442638,120,12,5.94983,0.42396,0.502352,True
3496,1761014329.505523,1761014559.270102,982,445,459.519535,1.407214,1.031785,True
3497,1761014329.928861,1761014386.199055,389,89,112.53283,0.832199,1.269325,True
3498,1761014330.701412,1761014376.355042,406,96,91.293634,0.939784,0.951093,True
3499,1761014330.986986,1761014541.574192,1004,396,421.153052,1.496172,1.062422,True
3500,1761014332.794373,1761014553.173113,1094,436,440.749991,1.679537,1.009357,True
3501,1761014332.980236,1761014379.864283,383,67,93.759461,0.90678,1.406859,True
3502,1761014334.312073,1761014526.154335,1085,397,383.675037,1.986001,0.963861,True
3503,1761014335.866463,1761014422.30619,1317,144,172.867613,2.675496,1.190155,True
3504,1761014337.620984,1761014532.820638,1101,411,390.39098,2.912781,0.945069,True
3505,1761014338.10402,1761014539.275144,1111,375,402.335141,1.432163,1.071933,True
3506,1761014341.117423,1761014438.655847,200,167,195.067234,0.473497,1.172251,True
3507,1761014341.437359,1761014527.829077,990,397,372.771933,2.519093,0.934982,True
3508,1761014341.445149,1761014379.359679,413,57,75.812886,0.812115,1.339299,True
3509,1761014343.160806,1761014424.123279,1315,141,161.915778,3.029838,1.1349,True
3510,1761014343.957794,1761014417.252149,884,123,146.572538,3.641599,1.171565,True
3511,1761014344.107373,1761014530.533846,1056,396,372.843358,5.20262,0.930736,True
3512,1761014345.637117,1761014553.019153,1029,393,414.742082,1.444449,1.054331,True
3513,1761014345.739323,1761014609.372928,1064,476,527.266005,2.571275,1.10462,True
3514,1761014346.367759,1761014552.06731,949,393,411.387629,2.956491,1.041916,True
3515,1761014346.636732,1761014551.485296,1048,389,409.695955,2.398394,1.049736,True
3516,1761014347.084175,1761014371.39903,1851,42,48.609112,4.968153,1.064414,True
3517,1761014347.994695,1761014575.671031,1087,429,455.339096,2.530135,1.057965,True
3518,1761014350.075597,1761014558.43078,1170,400,416.698361,2.157896,1.038949,True
3519,1761014350.975677,1761014375.007619,982,47,48.051479,4.726282,0.941852,True
3520,1761014351.563853,1761014440.089595,1595,150,177.03976,4.138083,1.160414,True
3521,1761014352.792835,1761014544.241099,1186,421,382.877166,2.072367,0.906678,True
3522,1761014354.708558,1761014404.198096,1992,76,98.977662,3.470569,1.273428,True
3523,1761014356.146975,1761014386.291325,1677,56,60.270983,6.780447,0.972555,True
3524,1761014356.568835,1761014558.430993,1058,394,403.70378,1.626021,1.023099,True
3525,1761014357.004461,1761014470.274958,209,217,226.533594,1.649629,1.041129,True
3526,1761014357.502185,1761014399.089028,397,88,83.164189,2.310549,0.929352,True
3527,1761014357.784642,1761014405.740399,399,86,95.897812,1.184963,1.114269,True
3528,1761014358.152555,1761014521.12055,1153,375,325.926523,4.778789,0.858684,True
3529,1761014358.159537,1761014624.610478,982,487,532.88521,1.459235,1.093469,True
3530,1761014358.819641,1761014407.347624,398,91,97.044158,4.959516,1.023163,True
3531,1761014361.908378,1761014420.906435,402,110,117.984308,0.796128,1.075121,True
3532,1761014362.354718,1761014399.030006,387,78,73.34878,1.250092,0.936347,True
3533,1761014362.477697,1761014404.019038,392,90,83.060721,0.81702,0.924087,True
3534,1761014363.370179,1761014565.153555,1043,393,403.549256,1.679574,1.025178,True
3535,1761014363.762694,1761014397.155435,387,72,66.778242,1.886818,0.913964,True
3536,1761014364.351986,1761014573.875918,1044,408,419.046354,2.693069,1.022981,True
3537,1761014364.352118,1761014542.121235,1049,403,355.515568,1.981438,0.879438,True
3538,1761014366.843838,1761014415.859042,393,101,98.014842,0.842007,0.971728,True
3539,1761014368.661536,1761014389.050137,378,52,40.767638,0.854592,0.782609,True
3540,1761014371.727188,1761014540.244849,1030,360,337.023751,1.910239,0.933464,True
3541,1761014371.811433,1761014432.490275,441,134,121.349808,2.092345,0.896673,True
3542,1761014373.829066,1761014424.032017,415,93,100.398518,0.959425,1.08086,True
3543,1761014374.274699,1761014420.396387,393,83,92.221585,1.291954,1.108898,True
3544,1761014374.892411,1761014470.063214,394,175,190.320663,0.872037,1.088785,True
3545,1761014374.897945,1761014547.535606,1115,398,345.244535,2.49399,0.863351,True
3546,1761014375.069639,1761014546.754636,968,396,343.348552,3.68633,0.859904,True
3547,1761014376.831478,1761014402.801764,373,48,51.933689,0.859938,1.086676,True
3548,1761014377.185853,1761014437.670754,414,90,120.954235,1.11008,1.346564,True
3549,1761014379.857314,1761014575.584405,1084,453,391.442458,2.018811,0.861557,True
3550,1761014381.725702,1761014607.436186,1183,408,451.405463,1.656507,1.105034,True
3551,1761014381.774726,1761014545.576099,1100,379,327.581369,2.022061,0.861268,True
3552,1761014382.147535,1761014562.412613,978,414,360.529068,3.541147,0.864378,True
3553,1761014383.130547,1761014447.201311,409,98,128.140453,1.080618,1.309895,True
3554,1761014383.435201,1761014599.0452,1041,396,431.218513,1.643,1.087533,True
3555,1761014384.573892,1761014443.028541,392,86,116.897628,1.254514,1.360507,True
3556,1761014387.047639,1761014495.667525,125,211,217.234336,0.512255,1.03201,True
3557,1761014387.110549,1761014570.599094,1110,429,366.973359,1.98149,0.852785,True
3558,1761014387.111726,1761014614.484382,1060,408,454.722774,1.510418,1.113544,True
3559,1761014388.588761,1761014454.619144,401,145,132.045402,2.995501,0.89618,True
3560,1761014388.747347,1761014455.992623,1352,155,134.48499,2.619521,0.856269,True
3561,1761014389.322563,1761014629.893191,1074,429,481.133799,1.604323,1.120396,True
3562,1761014389.613423,1761014610.838019,1055,397,442.427244,2.641279,1.110571,True
3563,1761014389.945689,1761014510.396996,459,225,240.890304,2.708812,1.06331,True
3564,1761014389.972761,1761014454.233105,396,104,128.500953,2.832225,1.220085,True
3565,1761014389.975967,1761014420.491662,370,63,60.995517,2.407688,0.944965,True
3566,1761014391.034857,1761014440.030721,371,71,97.983561,2.038906,1.370638,True
3567,1761014391.229735,1761014631.312069,997,429,480.158883,2.735359,1.115476,True
3568,1761014392.97453,1761014683.678675,1077,520,581.400449,3.213501,1.11404,True
3569,1761014393.174394,1761014570.156722,992,420,353.963411,1.812497,0.840456,True
3570,1761014393.586945,1761014571.999591,1095,429,356.813633,6.259825,0.819051,True
3571,1761014393.944715,1761014650.556035,1096,445,513.215325,1.497006,1.152519,True
3572,1761014394.544657,1761014423.707901,1916,61,58.312726,3.606703,0.911767,True
3573,1761014395.209538,1761014425.84858,1482,69,61.272799,7.625008,0.788938,True
3574,1761014395.323998,1761014468.298043,407,175,145.946468,5.223984,0.80875,True
3575,1761014397.098201,1761014443.744776,373,71,93.273828,0.639959,1.323341,True
3576,1761014397.456594,1761014467.069221,109,120,139.224122,0.655858,1.164439,True
3577,1761014400.309421,1761014627.218854,1063,407,453.810719,1.480181,1.114115,True
3578,1761014400.817944,1761014459.877783,374,99,118.106118,1.770616,1.187097,True
3579,1761014402.234491,1761014637.191734,991,414,469.907088,1.681004,1.133719,True
3580,1761014403.399914,1761014454.020314,395,87,101.228786,1.261461,1.162411,True
3581,1761014404.258859,1761014452.355063,1230,76,96.176635,1.919597,1.256761,True
3582,1761014405.405428,1761014447.963239,366,65,85.103314,1.362222,1.308455,True
3583,1761014407.55696,1761014629.844616,1061,396,444.565972,1.586673,1.121467,True
3584,1761014408.781201,1761014454.344448,384,83,91.114858,1.062479,1.0982,True
3585,1761014409.283931,1761014473.631572,407,125,128.681699,0.723749,1.031919,True
3586,1761014410.1584,1761014453.529226,379,91,86.725712,0.820729,0.9545,True
3587,1761014410.173552,1761014639.086912,1036,509,457.819183,2.151813,0.896983,True
3588,1761014411.342113,1761014590.037333,1072,429,357.38084,2.878884,0.828276,True
3589,1761014411.798706,1761014645.90545,1147,405,468.191162,1.493928,1.155191,True
3590,1761014411.930117,1761014712.782174,1046,564,601.69844,2.084533,1.065034,True
3591,1761014412.288497,1761014644.128251,1081,402,463.67822,3.195096,1.148337,True
3592,1761014414.918865,1761014584.210606,1085,396,338.581878,1.965216,0.852194,True
3593,1761014415.512192,1761014471.54343,398,111,112.061347,0.742243,1.011992,True
3594,1761014415.655321,1761014469.741134,420,99,108.170301,0.767845,1.095943,True
3595,1761014416.542802,1761014660.001481,1043,429,486.89512,1.887066,1.133196,True
3596,1761014416.553038,1761014664.279345,1064,440,495.429418,1.365868,1.125429,True
3597,1761014416.557921,1761014462.65943,383,86,92.168856,1.415062,1.067692,True
3598,1761014416.963959,1761014450.741275,1775,52,67.53291,3.67858,1.252046,True
3599,1761014417.538832,1761014455.504754,422,92,75.930501,0.853204,0.825025,True
3600,1761014418.306619,1761014501.046852,188,167,165.464546,2.430268,0.982134,True
3601,1761014418.413605,1761014589.208151,1042,407,341.581464,1.93362,0.836571,True
3602,1761014419.247569,1761014464.851907,395,86,91.197171,3.89342,1.027103,True
3603,1761014419.523537,1761014449.585047,1874,51,60.115599,3.506134,1.132189,True
3604,1761014419.683732,1761014577.492114,1050,375,315.605259,2.475693,0.837245,True
3605,1761014419.913772,1761014652.569257,1047,411,465.289142,3.984473,1.125133,True
3606,1761014421.091061,1761014481.255351,401,131,120.322935,1.967256,0.910428,True
3607,1761014421.956571,1761014629.56355,1106,380,415.196135,3.889204,1.085243,True
3608,1761014422.977291,1761014711.133508,1041,569,576.298534,2.116373,1.010884,True
3609,1761014423.956211,1761014454.167848,394,75,60.410885,0.761977,0.806066,True
3610,1761014425.512513,1761014470.541038,386,99,90.055656,0.949743,0.909244,True
3611,1761014425.586403,1761014645.905647,1077,396,440.616035,1.936099,1.110582,True
3612,1761014427.983269,1761014625.853996,1082,373,395.72741,1.509004,1.059727,True
3613,1761014428.999489,1761014668.678535,1057,436,479.356965,1.92436,1.097546,True
3614,1761014430.341244,1761014648.609469,1119,399,436.524487,2.229509,1.091193,True
3615,1761014431.609222,1761014502.019796,206,152,140.811444,0.55204,0.92887,True
3616,1761014431.750669,1761014527.600452,200,217,191.683843,0.559611,0.884834,True
3617,1761014431.858552,1761014447.712724,1583,24,31.702779,3.136344,1.242019,True
3618,1761014432.011642,1761014648.502476,1127,394,432.973894,2.179964,1.096168,True
3619,1761014436.074939,1761014464.90761,379,71,57.643507,1.204961,0.806265,True
3620,1761014436.075085,1761014473.154056,392,93,74.116153,1.19482,0.792623,True
3621,1761014437.99261,1761014763.952445,1040,956,651.908176,1.888012,0.680649,True
3622,1761014438.367623,1761014506.347842,402,143,135.950841,4.058317,0.928821,True
3623,1761014438.712852,1761014512.343282,178,169,147.243008,0.437623,0.873842,True
3624,1761014439.247587,1761014521.481431,1313,186,164.454094,2.959831,0.872942,True
3625,1761014440.421158,1761014690.655405,1047,463,500.458636,1.393126,1.080228,True
3626,1761014441.258609,1761014448.885633,91,16,15.252477,1.024489,0.948533,True
3627,1761014441.617551,1761014598.19453,1101,373,313.14063,2.708999,0.834494,True
3628,1761014442.198794,1761014480.863233,387,100,77.306959,0.723339,0.773572,True
3629,1761014442.721849,1761014482.021243,374,66,78.577446,4.887043,1.133699,True
3630,1761014443.050912,1761014700.272804,1102,560,514.426217,4.205921,0.912738,True
3631,1761014443.746869,1761014471.320609,372,68,55.14589,0.640232,0.813517,True
3632,1761014444.043556,1761014669.276576,1120,416,450.444484,1.789159,1.081097,True
3633,1761014444.12479,1761014527.873418,203,193,167.495955,3.18617,0.85578,True
3634,1761014444.165715,1761014489.417253,1146,88,90.501452,2.113696,1.015951,True
3635,1761014445.973894,1761014507.212693,181,131,122.476184,0.52506,0.938086,True
3636,1761014446.121497,1761014480.818761,402,93,69.378963,0.861816,0.744752,True
3637,1761014447.264982,1761014640.824919,1025,431,387.106083,2.137999,0.895275,True
3638,1761014448.82479,1761014490.190651,386,89,82.7236,1.409429,0.924025,True
3639,1761014449.34623,1761014552.267308,203,217,205.830648,0.634805,0.949981,True
3640,1761014450.646358,1761014634.84513,1104,396,368.395857,1.997881,0.92759,True
3641,1761014451.636509,1761014492.949333,401,99,82.622312,1.800762,0.82471,True
3642,1761014454.073599,1761014690.15825,982,428,472.161563,1.440027,1.102392,True
3643,1761014455.299574,1761014668.735338,1049,384,426.859774,1.778495,1.109873,True
3644,1761014455.689262,1761014478.865227,441,59,46.338117,1.45145,0.773908,True
3645,1761014455.708557,1761014513.954807,434,132,116.475058,0.923276,0.882075,True
3646,1761014456.658504,1761014501.211751,386,93,89.090344,1.001269,0.95749,True
3647,1761014457.062545,1761014693.245201,1057,429,472.359217,1.662611,1.099758,True
3648,1761014457.81811,1761014514.176533,412,131,112.715498,1.741806,0.853644,True
3649,1761014458.359134,1761014637.75303,990,388,358.777956,1.78764,0.922456,True
3650,1761014458.852464,1761014494.076452,1935,78,70.440264,4.632882,0.854641,True
3651,1761014461.994756,1761014506.838189,380,111,89.679193,4.004652,0.778859,True
3652,1761014462.165313,1761014690.655659,1099,414,456.96231,1.710863,1.102304,True
3653,1761014462.589051,1761014543.124616,53,148,161.061456,1.667109,1.084315,True
3654,1761014463.13156,1761014494.479097,1163,82,62.693737,2.346385,0.745029,True
3655,1761014465.34196,1761014692.681693,1015,396,454.665867,1.407472,1.14749,True
3656,1761014469.1216,1761014687.859989,1087,438,437.463265,2.210708,0.996001,True
3657,1761014470.152235,1761014541.854365,814,160,143.392451,3.427117,0.880285,True
3658,1761014470.273765,1761014514.092323,392,96,87.623313,1.802994,0.903372,True
3659,1761014471.142763,1761014694.222191,1061,396,446.137189,1.537159,1.12557,True
3660,1761014473.240456,1761014698.027992,949,407,449.55931,1.463942,1.103683,True
3661,1761014473.297865,1761014515.809996,403,105,85.019015,1.176071,0.806182,True
3662,1761014474.531834,1761014666.539845,1192,415,384.010664,2.148335,0.922373,True
3663,1761014476.062429,1761014666.444226,1000,414,380.762372,2.699341,0.915407,True
3664,1761014476.068485,1761014540.694239,194,152,129.240695,2.688493,0.838094,True
3665,1761014476.637765,1761014560.314441,181,167,167.335521,0.599315,1.004435,True
3666,1761014477.267833,1761014659.939401,988,398,365.328985,3.288584,0.911941,True
3667,1761014478.875635,1761014511.233107,398,86,64.703104,2.233745,0.734934,True
3668,1761014479.089644,1761014704.799965,1061,416,451.402922,1.573713,1.083926,True
3669,1761014482.027534,1761014565.405127,197,152,166.753784,0.534427,1.10079,True
3670,1761014482.42795,1761014514.596384,384,65,64.328084,0.719046,0.993891,True
3671,1761014483.981709,1761014702.539531,1086,397,437.102206,1.492064,1.100026,True
3672,1761014484.161062,1761014514.186671,401,74,60.04408,0.868892,0.810619,True
3673,1761014484.558305,1761014495.248517,331,18,21.366954,1.465286,1.170686,True
3674,1761014484.739088,1761014683.368338,991,406,397.240938,2.067558,0.975737,True
3675,1761014485.863211,1761014544.084705,392,98,116.430988,0.802341,1.192048,True
3676,1761014486.207047,1761014543.178499,385,93,113.927035,0.925032,1.228283,True
3677,1761014486.496987,1761014510.397183,374,42,47.794288,1.264192,1.13488,True
3678,1761014486.631,1761014682.240167,924,394,391.216879,2.004761,0.990362,True
3679,1761014489.452847,1761014544.136536,401,86,109.353628,0.870186,1.276276,True
3680,1761014489.661143,1761014585.44419,394,173,191.552478,2.157092,1.101136,True
3681,1761014489.678035,1761014573.0107,1310,145,166.643486,1.840485,1.144465,True
3682,1761014491.44734,1761014702.214106,972,378,421.531981,1.311975,1.114642,True
3683,1761014493.642386,1761014707.38531,1044,398,427.476411,1.55091,1.07286,True
3684,1761014495.232592,1761014532.820332,379,83,75.152188,0.900708,0.905506,True
3685,1761014495.523663,1761014548.079862,1239,90,105.110856,1.852192,1.16021,True
3686,1761014495.761966,1761014549.036463,389,90,106.53316,1.896904,1.175688,True
3687,1761014496.061974,1761014740.864948,1070,520,489.598656,3.262505,0.937064,True
3688,1761014496.067846,1761014708.891193,1072,395,425.62984,2.88661,1.072952,True
3689,1761014496.664775,1761014697.000832,1058,422,400.655118,1.881416,0.947206,True
3690,1761014497.204044,1761014693.507009,1054,402,392.590518,3.955224,0.969165,True
3691,1761014497.412518,1761014615.788411,203,194,236.746045,2.003045,1.216285,True
3692,1761014498.241743,1761014696.858582,1008,415,397.217489,2.145082,0.954281,True
3693,1761014498.282791,1761014740.527045,1163,520,484.473211,2.660636,0.928348,True
3694,1761014502.190485,1761014546.652184,1060,74,88.905499,1.542861,1.196748,True
3695,1761014503.230076,1761014542.607545,1287,81,78.741618,2.210318,0.956641,True
3696,1761014503.617324,1761014762.381776,1089,608,517.513392,1.462772,0.850166,True
3697,1761014505.175367,1761014719.719344,1120,429,429.082247,1.508427,0.999004,True
3698,1761014506.540734,1761014521.346299,1165,37,29.609807,2.098564,0.764201,True
3699,1761014508.693965,1761014584.170343,392,138,150.951552,0.756988,1.096311,True
3700,1761014508.773307,1761014626.497588,1314,236,235.439355,2.40974,0.991615,True
3701,1761014510.39167,1761014620.297406,1317,231,219.805683,3.159519,0.94194,True
3702,1761014512.967891,1761014516.624856,91,16,7.300061,0.935859,0.42428,True
3703,1761014515.297493,1761014562.355336,1259,81,94.102159,1.710658,1.154894,True
3704,1761014516.77878,1761014577.89073,382,103,122.202234,1.876103,1.179668,True
3705,1761014516.888921,1761014735.562697,1135,455,437.339924,1.712825,0.959531,True
3706,1761014518.157096,1761014707.830035,1053,427,379.339791,1.91795,0.885967,True
3707,1761014519.395548,1761014731.878308,1111,438,424.957982,1.46271,0.969097,True
3708,1761014520.660178,1761014572.852472,1123,87,104.377309,1.723943,1.193644,True
3709,1761014521.001162,1761014722.158291,1119,399,402.304525,2.564098,1.004373,True
3710,1761014521.291965,1761014595.903444,1314,176,149.217448,2.279371,0.839646,True
3711,1761014521.359696,1761014561.177665,382,79,79.620106,2.709466,0.986034,True
3712,1761014521.548504,1761014703.605852,1112,397,364.105211,4.462293,0.908189,True
3713,1761014522.395688,1761014576.360861,402,98,107.907933,1.80828,1.093811,True
3714,1761014523.815931,1761014731.070634,1027,429,414.501657,2.456082,0.962723,True
3715,1761014524.105121,1761014720.446282,1023,378,392.66486,1.453741,1.037695,True
3716,1761014524.593305,1761014597.07107,200,181,144.95424,1.837031,0.795096,True
3717,1761014526.096329,1761014621.543306,203,152,190.876412,0.670621,1.259641,True
3718,1761014527.911852,1761014723.437981,1135,395,391.046569,1.583122,0.988486,True
3719,1761014528.152666,1761014732.169086,1110,429,408.027057,2.81577,0.946755,True
3720,1761014528.384931,1761014703.927085,1094,383,351.062933,2.046044,0.913657,True
3721,1761014529.964787,1761014712.372444,1074,429,364.801769,2.442271,0.846634,True
3722,1761014530.693775,1761014733.325968,1169,429,405.262634,1.982471,0.942243,True
3723,1761014530.700354,1761014648.121979,194,177,234.834312,0.698539,1.330317,True
3724,1761014532.017409,1761014725.090011,1104,396,386.131511,3.286809,0.969227,True
3725,1761014532.150741,1761014732.878835,1095,429,401.444498,1.987981,0.93331,True
3726,1761014532.859511,1761014565.767682,393,76,65.810647,2.541437,0.843589,True
3727,1761014532.884296,1761014706.649488,1070,393,347.509024,2.508828,0.880103,True
3728,1761014533.122375,1761014727.365129,1126,407,388.484292,3.352224,0.948601,True
3729,1761014534.428481,1761014577.84143,393,86,86.820667,2.361354,0.993639,True
3730,1761014534.91734,1761014547.362855,1455,43,24.889961,2.976981,0.521738,True
3731,1761014536.160445,1761014544.294908,243,14,16.251164,0.934883,1.178175,True
3732,1761014536.351321,1761014569.13667,402,83,65.569503,2.381155,0.77059,True
3733,1761014537.014364,1761014577.786383,1522,85,81.542699,2.051923,0.946319,True
3734,1761014537.509801,1761014706.876622,1072,394,338.720058,2.502072,0.855517,True
3735,1761014538.543039,1761014783.501958,1110,658,489.916569,2.110651,0.742475,True
3736,1761014538.682539,1761014736.36958,997,440,395.366445,2.307976,0.89535,True
3737,1761014539.040653,1761014654.57535,181,200,231.068267,0.461439,1.158828,True
3738,1761014539.07874,1761014735.693054,1089,424,393.22132,2.283016,0.924204,True
3739,1761014539.27315,1761014589.076463,181,133,99.598953,1.239567,0.745147,True
3740,1761014544.215619,1761014587.411243,395,90,86.390203,0.852903,0.961093,True
3741,1761014547.32068,1761014716.469684,1119,405,338.290634,1.965134,0.832489,True
3742,1761014548.46696,1761014579.459419,1852,62,61.975433,4.047749,0.949634,True
3743,1761014550.337512,1761014667.047924,209,179,233.402952,0.513868,1.308366,True
3744,1761014552.395447,1761014760.484756,1081,676,416.163342,1.983474,0.6136,True
3745,1761014552.449324,1761014585.081049,1479,75,65.251816,3.23926,0.838008,True
3746,1761014553.415604,1761014742.703183,1092,419,378.56538,1.537454,0.901981,True
3747,1761014553.583907,1761014718.735056,1029,415,330.298613,3.748488,0.788768,True
3748,1761014554.220176,1761014714.95334,1074,394,321.454687,4.805105,0.805724,True
3749,1761014554.853866,1761014743.914002,1066,426,378.118822,1.5029,0.886155,True
3750,1761014555.848841,1761014738.420441,1054,399,365.142033,2.049509,0.912293,True
3751,1761014555.945477,1761014644.636382,206,188,177.370437,3.497074,0.929804,True
3752,1761014557.148776,1761014698.681519,181,248,283.059728,1.179409,1.141216,True
3753,1761014560.32284,1761014626.45078,1239,90,132.238329,1.780766,1.465815,True
3754,1761014561.809456,1761014740.288621,1009,394,356.952972,1.640612,0.904103,True
3755,1761014563.331102,1761014621.051178,382,74,115.432632,0.909432,1.568811,True
3756,1761014563.699251,1761014726.237883,1009,429,325.065324,1.886614,0.75509,True
3757,1761014563.699365,1761014682.744941,206,181,238.05775,0.918965,1.317438,True
3758,1761014566.099971,1761014725.535774,1044,422,318.853981,1.78261,0.753139,True
3759,1761014566.162724,1761014647.577025,924,105,162.809825,1.210545,1.553839,True
3760,1761014567.250975,1761014621.59224,374,70,108.664394,0.705985,1.564615,True
3761,1761014567.252187,1761014626.236069,1381,82,117.931012,1.999595,1.431252,True
3762,1761014568.440949,1761014735.891957,1140,366,334.890324,2.410072,0.910905,True
3763,1761014570.976475,1761014746.898606,1111,410,351.822773,1.451014,0.856655,True
3764,1761014572.016079,1761014632.416711,869,85,120.779879,1.594519,1.418873,True
3765,1761014572.55555,1761014728.205588,1019,414,311.292775,2.889655,0.746739,True
3766,1761014572.696097,1761014649.203551,399,106,152.999276,0.756566,1.449931,True
3767,1761014573.787294,1761014749.242013,1087,418,350.88948,1.455278,0.837972,True
3768,1761014574.394201,1761014727.249883,1079,405,305.705785,2.959741,0.749371,True
3769,1761014576.122565,1761014747.075857,1061,401,341.905396,1.409624,0.851239,True
3770,1761014576.352242,1761014596.166175,1005,53,39.612174,3.010203,0.703884,True
3771,1761014577.772161,1761014745.446125,1077,393,335.346524,1.563601,0.851487,True
3772,1761014577.92638,1761014627.837394,1540,72,99.82104,3.424203,1.357702,True
3773,1761014580.254473,1761014730.156582,1012,414,299.790701,1.846668,0.721414,True
3774,1761014581.552979,1761014746.011536,1011,396,328.901968,1.356724,0.829228,True
3775,1761014581.855515,1761014722.981035,1111,373,282.245333,2.129801,0.752999,True
3776,1761014584.928955,1761014696.154688,161,217,222.434013,0.512793,1.027413,True
3777,1761014587.214237,1761014751.028834,1077,396,327.623435,2.995332,0.821843,True
3778,1761014587.248197,1761014759.252185,1099,434,343.986542,1.438981,0.791103,True
3779,1761014587.301409,1761014751.029104,1048,396,327.431544,2.899328,0.821601,True
3780,1761014587.386475,1761014762.597197,1101,453,350.419617,3.038333,0.768543,True
3781,1761014587.897075,1761014758.508242,1040,429,341.213527,4.530922,0.786642,True
3782,1761014588.165443,1761014595.772315,333,18,15.203994,0.730221,0.851398,True
3783,1761014588.399096,1761014757.319306,1089,424,337.824975,3.320656,0.79079,True
3784,1761014588.644521,1761014747.953908,1051,375,318.607085,4.160401,0.840767,True
3785,1761014589.770827,1761014758.373503,1135,429,337.199854,3.488202,0.7797,True
3786,1761014590.171313,1761014698.112842,1314,204,215.877465,2.247307,1.052365,True
3787,1761014590.477536,1761014733.636885,1088,402,286.311022,3.886866,0.7043,True
3788,1761014591.155568,1761014740.149105,1316,353,297.975413,3.085656,0.837755,True
3789,1761014592.756219,1761014751.798508,1042,398,318.063132,3.343208,0.792745,True
3790,1761014593.276695,1761014746.435701,1020,375,306.302499,2.10882,0.813352,True
3791,1761014594.252776,1761014667.588111,181,112,146.660555,1.898201,1.304165,True
3792,1761014594.433744,1761014700.475737,209,194,212.062217,2.161625,1.087568,True
3793,1761014597.377629,1761014766.240295,1139,463,337.721758,1.614919,0.727504,True
3794,1761014598.126966,1761014698.46303,24,181,200.662471,1.16944,1.108295,True
3795,1761014598.155469,1761014666.071422,858,100,135.816499,1.526533,1.356464,True
3796,1761014599.061715,1761014651.080935,388,81,104.024809,3.010539,1.262678,True
3797,1761014599.263776,1761014755.179475,1042,407,311.809451,1.347457,0.764685,True
3798,1761014599.271965,1761014736.745224,1035,395,274.920302,2.236408,0.692091,True
3799,1761014599.87494,1761014760.610361,1027,429,321.465295,2.91857,0.744268,True
3800,1761014600.041961,1761014753.642338,1103,391,307.183361,2.04966,0.782394,True
3801,1761014601.774278,1761014744.176742,1049,440,284.79942,3.691795,0.640336,True
3802,1761014602.042118,1761014736.704283,1043,396,269.306884,1.879515,0.677031,True
3803,1761014603.561779,1761014780.315081,1024,520,353.484992,1.575212,0.678054,True
3804,1761014604.016961,1761014738.681602,1094,404,269.31781,3.323489,0.660036,True
3805,1761014604.509541,1761014756.918459,1065,411,304.816264,2.069769,0.738406,True
3806,1761014606.056442,1761014739.937924,1201,410,267.761542,3.383183,0.646402,True
3807,1761014607.235669,1761014739.815123,1029,411,265.145051,2.940355,0.639524,True
3808,1761014607.745955,1761014762.208771,1036,426,308.924455,1.576391,0.723172,True
3809,1761014608.848074,1761014739.230438,1033,407,260.749182,3.181826,0.634402,True
3810,1761014608.98785,1761014760.696862,1081,419,303.416966,1.699739,0.721812,True
3811,1761014609.922672,1761014664.875422,431,80,109.900083,1.449033,1.372798,True
3812,1761014610.680619,1761014741.646268,1089,418,261.913877,4.865513,0.616423,True
3813,1761014611.545518,1761014736.404193,1126,387,249.716089,2.425911,0.640648,True
3814,1761014611.975615,1761014772.344082,1067,467,320.735563,1.415868,0.685235,True
3815,1761014612.860733,1761014745.74569,997,445,265.768551,4.343086,0.588796,True
3816,1761014612.872486,1761014753.828285,1071,498,281.890346,5.397192,0.556324,True
3817,1761014613.039087,1761014654.846927,752,70,83.601893,1.344546,1.192135,True
3818,1761014613.511649,1761014759.867224,1065,401,292.705533,2.011912,0.726734,True
3819,1761014613.540581,1761014633.633241,317,18,40.174536,3.839485,2.137356,True
3820,1761014614.344481,1761014692.035511,1314,138,155.376267,5.079304,1.097058,True
3821,1761014614.73373,1761014762.424496,1022,420,295.380179,3.228716,0.697259,True
3822,1761014614.842805,1761014740.796609,1041,414,251.900362,5.308499,0.597075,True
3823,1761014615.365577,1761014757.49349,1071,396,284.2382,1.544113,0.715681,True
3824,1761014616.009379,1761014766.325995,1168,429,300.631917,3.691961,0.693785,True
3825,1761014617.718901,1761014760.436661,1119,411,285.424085,2.952942,0.688954,True
3826,1761014618.462229,1761014754.416137,1020,501,271.894399,4.331301,0.535126,True
3827,1761014619.594294,1761014743.57684,1065,429,247.943584,2.644687,0.573128,True
3828,1761014620.256861,1761014698.994222,200,174,157.473074,2.619153,0.895109,True
3829,1761014620.519701,1761014741.238883,1139,414,241.432859,5.004808,0.572465,True
3830,1761014620.554388,1761014740.472512,1087,410,239.81483,5.745804,0.572296,True
3831,1761014620.905071,1761014750.525771,1058,475,259.225907,3.741254,0.538997,True
3832,1761014621.814098,1761014757.671792,1157,384,271.697866,1.5182,0.70543,True
3833,1761014623.337823,1761014650.340252,1820,69,53.985718,6.101307,0.704183,True
3834,1761014624.338985,1761014706.31142,200,179,163.937392,0.431444,0.918573,True
3835,1761014626.385559,1761014738.089918,1021,394,223.399193,4.48026,0.557046,True
3836,1761014627.123541,1761014710.384069,209,177,166.513073,0.555417,0.942941,True
3837,1761014627.974538,1761014700.867496,203,183,145.784718,3.359735,0.782555,True
3838,1761014628.101953,1761014768.824245,1014,427,281.433096,1.359191,0.65745,True
3839,1761014629.824697,1761014764.010063,1047,399,268.359261,1.330981,0.670925,True
3840,1761014630.2113,1761014765.98555,1179,407,271.532959,2.787661,0.661934,True
3841,1761014630.579706,1761014765.510218,1029,406,269.851296,1.901556,0.661604,True
3842,1761014631.439081,1761014760.480329,984,384,258.07303,4.135413,0.663023,True
3843,1761014631.923443,1761014770.062167,984,429,276.271986,3.653199,0.63696,True
3844,1761014632.757682,1761014721.335569,181,217,177.133827,0.617223,0.817206,True
3845,1761014635.566189,1761014768.869632,1072,414,266.601371,1.411314,0.642107,True
3846,1761014636.759764,1761014706.147949,167,158,138.770493,0.647986,0.879761,True
3847,1761014636.773025,1761014768.574086,1044,419,263.580604,1.733521,0.626428,True
3848,1761014637.55065,1761014765.214386,1043,403,255.306125,3.636142,0.626045,True
3849,1761014637.634836,1761014793.085522,1070,551,310.883877,3.553953,0.558782,True
3850,1761014640.6438,1761014757.407636,1029,468,233.505767,1.865409,0.496018,True
3851,1761014641.395513,1761014759.585356,1101,482,236.372175,3.095194,0.484983,True
3852,1761014641.803542,1761014765.134509,1048,396,246.654239,1.429598,0.620822,True
3853,1761014642.519629,1761014681.383992,420,71,77.727133,1.506301,1.088869,True
3854,1761014643.966306,1761014714.698404,197,183,141.446519,0.501231,0.774425,True
3855,1761014644.202568,1761014769.577531,1058,414,250.734503,1.640483,0.603133,True
3856,1761014645.027761,1761014748.695611,1086,403,207.328044,1.946721,0.510899,True
3857,1761014645.149697,1761014762.59689,1002,382,234.884388,2.058565,0.611091,True
3858,1761014645.218982,1761014720.151445,159,204,149.847503,2.029448,0.728168,True
3859,1761014648.272763,1761014751.513254,1053,413,206.463412,1.825022,0.496695,True
3860,1761014650.358352,1761014712.148383,25,176,123.5674,0.350124,0.704099,True
3861,1761014651.810733,1761014750.640355,1230,396,197.642605,3.723929,0.490933,True
3862,1761014651.816399,1761014730.199251,197,217,156.739354,0.477686,0.723434,True
3863,1761014651.833855,1761014753.680775,1052,417,203.680612,1.824489,0.485231,True
3864,1761014653.999844,1761014751.402364,1028,401,194.797627,3.312483,0.478713,True
3865,1761014655.051445,1761014697.157797,372,81,84.19912,0.824221,1.042186,True
3866,1761014655.529591,1761014690.493376,1692,51,69.925963,4.223469,1.31405,True
3867,1761014655.91055,1761014797.357665,1047,535,282.876755,1.393989,0.527121,True
3868,1761014656.96386,1761014771.652292,1177,386,229.371382,2.982477,0.588023,True
3869,1761014657.125422,1761014765.559947,1103,363,216.861522,1.605838,0.594629,True
3870,1761014658.461344,1761014700.688731,398,92,84.441429,2.08305,0.905037,True
3871,1761014658.621686,1761014755.054085,1121,424,192.846941,3.052125,0.448688,True
3872,1761014658.626913,1761014748.817413,1028,382,180.351369,4.549234,0.461423,True
3873,1761014659.467646,1761014776.002547,1139,412,233.054362,2.40533,0.56119,True
3874,1761014660.644206,1761014719.523288,203,165,117.756509,1.85609,0.70671,True
3875,1761014662.109732,1761014723.780076,1313,177,123.324863,1.950392,0.689628,True
3876,1761014663.895433,1761014689.526996,918,40,51.252571,1.647343,1.271929,True
3877,1761014666.302284,1761014692.17803,1592,48,51.746164,2.73371,1.042818,True
3878,1761014666.621475,1761014695.684572,375,65,58.115963,4.78985,0.833221,True
3879,1761014667.162067,1761014779.410285,1089,601,224.484836,3.714988,0.36795,True
3880,1761014669.207608,1761014698.715859,1048,80,59.000756,4.028421,0.695852,True
3881,1761014669.525538,1761014740.237963,181,222,141.409076,0.623587,0.637038,True
3882,1761014670.746824,1761014780.656245,1139,405,219.797418,1.651379,0.539965,True
3883,1761014671.189502,1761014778.120014,1014,391,213.853515,2.556408,0.541787,True
3884,1761014673.291554,1761014710.975209,1353,147,75.357733,2.275068,0.500566,True
3885,1761014673.903883,1761014731.961923,203,183,116.101964,0.44782,0.635462,True
3886,1761014674.52174,1761014720.756237,923,137,92.447642,1.352112,0.66982,True
3887,1761014674.94103,1761014783.83927,1047,420,217.79531,2.384108,0.514108,True
3888,1761014675.219623,1761014702.268305,378,68,54.08344,2.156621,0.775027,True
3889,1761014675.23485,1761014752.409011,1044,391,154.34296,2.200601,0.390109,True
3890,1761014675.872504,1761014800.758407,1023,520,249.758168,1.947,0.477478,True
3891,1761014676.824744,1761014727.203396,1353,160,100.755896,3.527511,0.611499,True
3892,1761014677.070469,1761014779.80186,1010,397,205.445287,1.776882,0.514314,True
3893,1761014677.106968,1761014820.731258,1126,937,287.241229,3.090356,0.30358,True
3894,1761014677.168708,1761014818.580059,1126,919,282.815346,2.22616,0.305653,True
3895,1761014678.026393,1761014754.304721,1088,402,152.549185,4.109106,0.370175,True
3896,1761014683.946286,1761014784.776186,1029,409,201.650415,1.476315,0.490623,True
3897,1761014684.380223,1761014704.154523,398,93,39.535642,0.881291,0.420156,True
3898,1761014685.534548,1761014758.139524,995,414,145.202448,1.926358,0.346915,True
3899,1761014687.964023,1761014795.270199,1204,460,214.608855,1.523879,0.464237,True
3900,1761014688.11429,1761014694.167095,120,12,12.094055,1.532456,0.960145,True
3901,1761014689.164958,1761014746.989944,200,217,115.648308,0.835306,0.531542,True
3902,1761014690.507786,1761014788.630319,999,417,196.237678,1.480057,0.468167,True
3903,1761014690.782989,1761014717.093083,396,91,52.60436,1.683294,0.56579,True
3904,1761014692.005418,1761014741.233548,181,187,98.442374,0.854026,0.524669,True
