RequestID,ArrivalTime,CompletionTime,InputTokens,OutputTokens,Latency,TTFT,TPOT,Success,QueueingDelay,SendCount
1971,1774170643.263010,1774172376.023360,1992,91,324.998138,72.421873,2.806403,True,1407.762213,2
24,1774170643.198070,1774170744.450078,389,87,100.298869,20.457978,0.928382,True,0.953140,1
696,1774170643.220908,1774170984.304043,206,165,100.682244,25.390252,0.459098,True,240.400890,1
2888,1774170643.292352,1774173329.105843,1324,141,228.798179,97.540144,0.937557,True,2457.015312,1
356,1774170643.210131,1774171251.686909,1026,429,603.942321,63.236927,1.263330,True,4.534458,1
3483,1774170643.311320,1774173916.836996,1015,122,165.588723,43.542773,1.008644,True,3107.936953,1
526,1774170643.215533,1774171309.989430,1216,466,534.646505,1.621738,1.146290,True,132.127392,2
1206,1774170643.237077,1774171976.473274,1025,407,657.714299,135.864157,1.285345,True,675.521898,2
1801,1774170643.255832,1774172533.012378,1008,408,619.526356,102.653560,1.269958,True,1270.230189,2
3653,1774170643.318463,1774174043.439979,53,148,161.609479,47.040634,0.779380,True,3238.512037,1
16,1774170643.197687,1774170736.483972,369,74,92.421704,20.546275,0.984595,True,0.864581,1
697,1774170643.220938,1774170961.919658,371,97,78.287688,25.380107,0.551121,True,240.411032,1
1972,1774170643.263040,1774172689.996282,1163,409,638.960101,75.392333,1.381294,True,1407.773142,2
2889,1774170643.292381,1774173209.862432,399,94,108.384884,38.543280,0.750985,True,2458.185166,1
357,1774170643.210163,1774170817.013060,1996,70,169.258785,57.478714,1.620001,True,4.544112,1
527,1774170643.215566,1774171296.708215,912,427,519.032617,1.338230,1.215245,True,134.460032,2
1207,1774170643.237106,1774172078.310767,1143,393,759.439054,104.939811,1.669641,True,675.634607,2
1802,1774170643.255862,1774172125.056277,397,93,211.455613,126.185649,0.926847,True,1270.344802,1
3654,1774170643.318492,1774173973.463007,1163,82,91.579740,16.432384,0.927745,True,3238.564775,1
698,1774170643.220968,1774170940.276472,373,66,50.608175,4.072282,0.715937,True,246.447329,1
1973,1774170643.263069,1774173002.475569,1103,577,949.860513,79.650572,1.510781,True,1409.351987,3
25,1774170643.198101,1774170710.241305,91,16,66.079071,10.023437,3.737042,True,0.964134,1
2890,1774170643.292426,1774173793.652879,1106,396,690.169065,107.323140,1.475559,True,2460.191388,2
358,1774170643.210193,1774170878.122203,1314,139,230.357679,83.643686,1.063145,True,4.554331,1
3485,1774170643.311379,1774174169.326286,1037,396,415.410069,44.727223,0.938438,True,3110.604837,1
528,1774170643.215596,1774170869.440145,181,104,89.614532,0.802722,0.862251,True,136.610016,1
1208,1774170643.237136,1774171950.421341,1226,379,630.321472,129.857970,1.323978,True,676.862734,2
1803,1774170643.255890,1774172674.437481,1027,450,759.676512,51.954589,1.576218,True,1271.505079,2
17,1774170643.197719,1774170793.618468,206,162,149.545009,10.112441,0.866041,True,0.875740,1
699,1774170643.220998,1774170944.886791,385,73,54.165127,4.116582,0.695119,True,247.500667,1
1974,1774170643.263098,1774173064.640636,1123,651,1012.014456,83.449395,1.428562,True,1409.363081,3
2891,1774170643.292458,1774173241.079762,380,91,136.898752,61.916031,0.833141,True,2460.888552,1
359,1774170643.210222,1774170915.684341,181,173,267.909106,63.205745,1.190136,True,4.565012,1
3486,1774170643.311408,1774173984.272616,388,98,230.007191,92.937428,1.413090,True,3110.954016,1
529,1774170643.215626,1774170913.017565,206,162,133.076484,0.553990,0.823121,True,136.725456,1
1209,1774170643.237165,1774171836.430436,1024,419,516.023128,24.344167,1.176265,True,677.170144,1
1804,1774170643.255919,1774172041.851306,424,96,126.751434,59.267084,0.710362,True,1271.843953,1
18,1774170643.197751,1774170890.719036,1353,142,246.634429,20.388172,1.604583,True,0.886855,1
700,1774170643.221027,1774170980.282320,203,167,89.550309,4.106258,0.514723,True,247.510985,1
1975,1774170643.263128,1774172664.856388,1032,396,612.219589,88.859759,1.324962,True,1409.373671,2
2892,1774170643.292488,1774173338.770813,411,188,234.310647,61.636775,0.923390,True,2461.167678,1
360,1774170643.210252,1774171097.566853,1049,397,449.780601,57.446850,0.990742,True,4.576000,1
530,1774170643.215655,1774171142.190183,1010,396,362.133397,2.840364,0.909603,True,136.841131,1
1210,1774170643.237194,1774171864.002545,1136,418,543.583548,36.697099,1.215555,True,677.181803,1
1805,1774170643.255951,1774172671.423119,1042,424,756.209669,83.745947,1.589749,True,1271.957498,2
3657,1774170643.318580,1774174051.155029,814,160,166.173888,42.295053,0.779112,True,3241.662561,1
19,1774170643.197783,1774170899.811809,197,152,255.716715,15.465874,1.591065,True,0.897310,1
701,1774170643.221056,1774170967.016119,398,132,76.058296,4.406222,0.546962,True,247.736767,1
1976,1774170643.263158,1774172347.047791,315,19,292.243231,89.102371,11.285603,True,1411.541402,3
2893,1774170643.292518,1774173250.159544,411,104,145.646966,58.167373,0.849316,True,2461.220060,1
361,1774170643.210280,1774171154.541366,1132,414,506.743484,83.610793,1.024534,True,4.587602,1
3488,1774170643.311483,1774174110.026983,1064,364,354.813587,41.769516,0.862380,True,3111.901912,1
531,1774170643.215684,1774170834.674263,975,68,54.606723,2.124750,0.783313,True,136.851857,1
1211,1774170643.237226,1774171954.554928,1083,399,634.000919,95.274146,1.353585,True,677.316783,2
1806,1774170643.255981,1774172744.133291,1094,385,828.590410,153.381386,1.758357,True,1272.286900,2
3658,1774170643.318610,1774174100.138481,392,96,215.010227,59.796363,1.633830,True,3241.809644,1
20,1774170643.197815,1774170790.522402,181,154,146.416159,14.365882,0.863074,True,0.908428,1
702,1774170643.221086,1774171463.564842,1241,422,570.253781,0.000000,1.354522,True,250.089975,3
1977,1774170643.263187,1774172448.017796,1316,152,393.161058,0.000000,2.603716,True,1411.593552,3
2894,1774170643.292548,1774173925.126251,1162,398,819.203660,97.441081,1.818042,True,2462.630043,2
362,1774170643.210310,1774171058.937864,1088,386,411.129370,78.728189,0.863380,True,4.598184,1
3489,1774170643.311513,1774174140.574983,1093,397,385.249204,52.271439,0.840853,True,3112.014266,1
532,1774170643.215713,1774171482.939391,1033,396,702.249518,20.274811,1.726518,True,137.474159,2
1212,1774170643.237255,1774171471.333511,1989,83,150.768930,43.208733,1.311710,True,677.327326,1
1807,1774170643.256010,1774172101.284980,415,93,185.627130,94.861037,0.986588,True,1272.401841,1
21,1774170643.197960,1774170726.915557,388,54,82.797628,18.536111,1.212481,True,0.919969,1
703,1774170643.221115,1774171427.818788,1050,374,533.831686,4.043637,1.420343,True,250.765987,1
1978,1774170643.263216,1774172873.785748,1014,399,817.386164,0.000000,2.053734,True,1413.136367,3
2895,1774170643.292577,1774173297.595230,181,60,191.661307,97.429409,1.597151,True,2462.641346,1
363,1774170643.210346,1774170934.284815,125,205,286.465620,57.413850,1.122803,True,4.608849,1
3490,1774170643.311543,1774173999.654124,398,104,243.114450,106.129277,1.329953,True,3113.228132,1
533,1774170643.215743,1774170867.158816,163,157,86.232053,0.690593,0.548343,True,137.711020,1
1213,1774170643.237284,1774171886.196874,1046,438,565.518428,38.671897,1.205598,True,677.441162,1
1808,1774170643.256039,1774172706.734546,1096,411,791.066007,95.738917,1.695920,True,1272.412500,2
3660,1774170643.318669,1774174225.621093,949,407,340.179092,15.686115,0.799244,True,3242.123332,1
22,1774170643.197995,1774170787.053227,203,147,142.924427,12.479678,0.893457,True,0.930805,1
704,1774170643.221144,1774170965.908345,401,86,70.940019,27.748081,0.508140,True,251.747182,1
1979,1774170643.263246,1774172913.654402,1071,427,854.810063,0.000000,2.006596,True,1415.581093,3
2896,1774170643.292606,1774173714.487742,1093,414,605.782743,31.316147,1.390960,True,2465.412393,2
364,1774170643.210378,1774170905.377369,206,167,257.547160,83.577909,1.048008,True,4.619832,1
3491,1774170643.311572,1774174154.419435,1072,444,397.755944,20.838259,0.850830,True,3113.351919,1
534,1774170643.215775,1774170820.908593,382,62,39.817284,0.867069,0.638528,True,137.875535,1
1214,1774170643.237320,1774171931.094061,1025,375,610.025947,71.610059,1.439615,True,677.830794,2
1809,1774170643.256070,1774172343.810545,398,127,425.925141,129.650950,2.351382,True,1274.629334,2
3661,1774170643.318698,1774174122.020871,403,105,236.557818,62.689147,1.671814,True,3242.144355,1
23,1774170643.198027,1774170818.388853,126,194,174.249284,16.680771,0.816417,True,0.941542,1
705,1774170643.221173,1774171614.323876,1436,386,719.026625,41.196214,1.760598,True,252.076078,2
1980,1774170643.263276,1774173038.745266,1069,524,979.674787,0.000000,1.873183,True,1415.807203,3
2897,1774170643.292639,1774173933.380940,1176,621,824.407880,71.154686,1.214925,True,2465.680421,2
365,1774170643.210408,1774170825.632351,376,73,177.791325,78.695688,1.376328,True,4.630619,1
3492,1774170643.311605,1774173817.097034,242,14,58.712891,49.212818,0.730775,True,3115.072538,1
535,1774170643.215808,1774171457.217027,1082,426,675.528798,14.792292,1.554674,True,138.472421,2
1215,1774170643.237354,1774171822.848888,1317,192,501.769302,111.445238,2.043581,True,677.842232,2
1810,1774170643.256099,1774172907.582358,1052,564,987.351422,98.194401,1.579320,True,1276.974837,2
706,1774170643.221202,1774171206.713277,389,66,309.506105,0.000000,4.761632,True,253.985970,3
1981,1774170643.263305,1774172398.953707,421,93,337.964120,80.507204,2.798445,True,1417.726282,2
26,1774170643.198133,1774170773.064923,181,123,128.890888,14.298753,0.939280,True,0.975902,1
2898,1774170643.292667,1774173341.302598,393,91,230.059971,98.423238,1.462630,True,2467.949959,1
366,1774170643.210453,1774170929.567162,127,198,281.715542,57.381485,1.138752,True,4.641167,1
3493,1774170643.311638,1774174228.142360,1132,437,468.437726,112.804971,0.815671,True,3116.392996,1
536,1774170643.215842,1774171245.241254,1311,415,462.206631,2.954375,1.109305,True,139.818781,1
1216,1774170643.237385,1774171982.348731,1083,407,661.227954,144.980521,1.271545,True,677.883392,2
1811,1774170643.256128,1774172721.150618,1089,394,800.804389,65.477196,1.871062,True,1277.090101,2
27,1774170643.198165,1774170940.044953,191,217,295.859473,24.874832,1.254559,True,0.987315,1
707,1774170643.221232,1774171196.441974,386,50,299.130976,0.000000,6.104714,True,254.089766,3
1982,1774170643.263335,1774172373.076257,1474,109,311.910358,47.276973,2.450309,True,1417.902564,2
2899,1774170643.292696,1774173874.157715,1109,405,762.698211,39.923355,1.789047,True,2468.166807,2
367,1774170643.210483,1774170858.582319,404,109,210.719959,83.545940,1.177537,True,4.651876,1
3494,1774170643.311668,1774173999.431431,397,114,239.591639,87.363583,1.347151,True,3116.528124,1
537,1774170643.215870,1774170955.782724,200,217,172.736829,0.539040,0.797212,True,139.830024,1
1217,1774170643.237427,1774172113.078195,1036,538,788.603155,143.520252,1.201272,True,681.237613,2
1812,1774170643.256157,1774172929.797367,1160,443,1009.440199,98.068560,2.061927,True,1277.101011,2
3664,1774170643.318785,1774174205.984009,194,152,317.810536,101.992852,1.429256,True,3244.854688,1
28,1774170643.198197,1774170812.161227,27,183,167.964077,18.456813,0.821468,True,0.998952,1
708,1774170643.221261,1774171542.033512,1069,426,642.447811,29.158576,1.443033,True,256.364439,1
1983,1774170643.263364,1774172913.768025,1097,394,849.021532,0.000000,2.160360,True,1421.483130,3
2900,1774170643.292726,1774173264.347242,410,92,152.558586,68.338927,0.925491,True,2468.495931,1
368,1774170643.210513,1774171172.118492,1026,409,524.244619,78.663440,1.092111,True,4.663360,1
3495,1774170643.311697,1774173884.969964,120,12,124.924224,112.463950,1.132752,True,3116.734043,1
538,1774170643.215899,1774170795.303205,91,16,12.153239,2.839053,0.620946,True,139.934066,1
1218,1774170643.237458,1774171817.227252,1035,398,492.563890,40.357486,1.139059,True,681.425905,1
1813,1774170643.256186,1774172065.813642,1786,50,144.276362,87.188342,1.165062,True,1278.281094,1
3665,1774170643.318815,1774174031.533470,181,167,142.979805,0.700773,0.857103,True,3245.234850,1
29,1774170643.198229,1774170830.303547,203,217,186.095359,12.400650,0.804142,True,1.009959,1
709,1774170643.221291,1774171188.409281,212,217,288.707208,0.573233,1.333954,True,256.480782,1
1984,1774170643.263393,1774172898.866861,1086,420,833.914263,0.000000,1.990249,True,1421.689205,3
2901,1774170643.292758,1774173710.494650,1006,394,597.745386,60.994380,1.365779,True,2469.456506,2
369,1774170643.210543,1774171071.615873,1199,394,423.731155,73.665432,0.890752,True,4.674175,1
3496,1774170643.313366,1774174160.141858,982,445,397.193651,21.557897,0.846026,True,3119.634841,1
539,1774170643.215929,1774170858.464235,181,85,75.303446,2.963535,0.861189,True,139.944860,1
1219,1774170643.237488,1774171529.174975,398,94,203.853848,90.507133,1.218782,True,682.083639,1
1814,1774170643.256219,1774172953.939448,1090,558,1030.382950,121.804963,1.631199,True,1280.300280,3
3666,1774170643.318844,1774174233.307314,988,398,343.926124,28.578898,0.794326,True,3246.062346,1
30,1774170643.198265,1774170740.314177,398,81,96.095783,16.602074,0.993671,True,1.020129,1
710,1774170643.221320,1774171406.917584,991,373,507.102748,10.393918,1.335239,True,256.593516,1
1985,1774170643.263439,1774172129.306972,238,14,64.169870,52.594392,0.890421,True,1421.873663,1
2902,1774170643.292791,1774173720.607797,1140,379,607.848129,80.625270,1.394769,True,2469.466877,2
370,1774170643.210576,1774170780.046898,91,16,132.151040,83.512596,3.242563,True,4.685282,1
3497,1774170643.313407,1774173964.162349,389,89,200.400434,91.806473,1.234022,True,3120.448508,1
540,1774170643.215958,1774171224.755990,1004,412,441.047065,4.413337,1.062369,True,140.492967,1
1220,1774170643.237521,1774171995.302457,1179,511,669.930499,45.760064,1.223864,True,682.134437,1
1815,1774170643.256247,1774172386.072638,1317,180,462.505238,135.009450,1.829585,True,1280.311153,2
3667,1774170643.318874,1774173976.357019,398,86,86.748243,1.682134,1.000778,True,3246.289902,1
31,1774170643.198299,1774170915.330819,126,172,271.102288,20.244234,1.467006,True,1.030232,1
711,1774170643.221349,1774171245.792903,181,113,345.635103,0.000000,3.086028,True,256.936451,3
1986,1774170643.263479,1774172647.869771,1088,383,582.102175,78.873898,1.317352,True,1422.504116,3
2903,1774170643.292824,1774173731.435050,1078,405,616.142658,76.319288,1.336196,True,2471.999568,2
371,1774170643.210605,1774171228.277131,1013,422,580.370698,78.630023,1.191783,True,4.695827,1
3498,1774170643.313464,1774173888.543909,406,96,123.948239,32.387423,0.963798,True,3121.282207,1
541,1774170643.215987,1774170863.492027,1315,144,78.443953,1.765432,0.536213,True,141.832088,1
1221,1774170643.237551,1774171826.317824,1009,399,500.934051,45.748828,1.143681,True,682.146221,1
1816,1774170643.256276,1774172641.162958,1179,511,715.029727,98.639401,1.208608,True,1282.876955,2
32,1774170643.198330,1774170809.719899,209,181,165.480747,20.369610,0.806173,True,1.040823,1
712,1774170643.221379,1774171418.170013,395,143,517.731702,0.000000,3.645998,True,257.216933,3
1987,1774170643.263511,1774172650.316572,1088,417,584.496989,55.337903,1.272017,True,1422.556072,2
2661,1774170643.285059,1774173144.562249,919,100,264.760520,126.603045,1.395530,True,2236.516671,1
2904,1774170643.292854,1774173311.495149,386,99,196.036297,97.098328,1.009571,True,2472.165997,1
372,1774170643.210635,1774171058.829479,990,392,410.912137,73.632589,0.862608,True,4.706707,1
3499,1774170643.313496,1774174125.573602,1004,396,360.699463,28.255212,0.841631,True,3121.560643,1
542,1774170643.216015,1774170872.343408,203,161,85.460248,0.716084,0.529651,True,143.667145,1
1222,1774170643.237581,1774171961.780526,1030,396,636.345512,112.016565,1.327415,True,682.197433,2
1817,1774170643.256305,1774172661.614791,1116,368,734.297216,72.978752,1.801958,True,1284.061270,2
33,1774170643.198372,1774170917.667697,209,181,273.417692,15.311251,1.433925,True,1.051633,1
713,1774170643.221408,1774171502.427833,1007,452,601.978637,0.000000,1.334764,True,257.227787,3
1988,1774170643.263542,1774172421.680545,724,41,352.273833,0.000000,8.806846,True,1426.143170,3
2905,1774170643.292884,1774173292.709583,396,94,177.105106,35.778592,1.519640,True,2472.311593,1
373,1774170643.210665,1774170925.954708,1314,200,278.026389,83.480106,0.977620,True,4.717653,1
543,1774170643.216044,1774171334.308900,960,403,547.249475,16.609179,1.320001,True,143.843381,2
1223,1774170643.237610,1774171490.750947,403,94,165.139606,31.504794,1.436933,True,682.373732,1
1818,1774170643.256334,1774172120.006999,388,55,192.461958,141.377885,0.946001,True,1284.288707,1
3670,1774170643.318962,1774174053.388514,384,65,161.346626,59.803342,1.586614,True,3248.722926,1
34,1774170643.198425,1774170801.448717,28,175,157.187425,9.924504,0.846339,True,1.062867,1
714,1774170643.221460,1774170970.189454,395,91,69.666386,28.220747,0.460507,True,257.301608,1
1989,1774170643.263572,1774172873.858957,1151,405,803.459536,0.000000,1.988761,True,1427.135849,3
2906,1774170643.292913,1774173888.054387,969,411,772.439624,41.422167,1.782969,True,2472.321850,2
374,1774170643.210695,1774171349.982371,1069,499,702.043150,78.597614,1.251899,True,4.728526,1
3501,1774170643.313558,1774173948.494650,383,67,182.731244,103.045326,1.207362,True,3122.449848,1
544,1774170643.216073,1774171550.662036,1032,387,762.229440,31.725664,1.892497,True,145.216522,2
1224,1774170643.237642,1774171897.635403,1003,372,570.997086,52.406137,1.397819,True,683.400675,2
1819,1774170643.256366,1774172117.342404,887,112,189.683100,81.066717,0.978526,True,1284.402938,1
35,1774170643.198461,1774170747.213181,437,88,102.941126,14.200581,1.020006,True,1.073595,1
715,1774170643.221490,1774171159.770105,324,19,257.893140,0.000000,14.327397,True,258.655475,3
1990,1774170643.263601,1774172653.791787,1101,386,582.908900,0.000000,1.514049,True,1427.619286,3
2907,1774170643.292942,1774173180.088697,313,18,64.462906,41.411218,1.355982,True,2472.332849,1
375,1774170643.210728,1774171366.804652,1017,519,718.854764,73.600716,1.245664,True,4.739161,1
545,1774170643.216108,1774171218.104548,1144,396,428.350680,3.180583,1.076380,True,146.537760,1
1225,1774170643.237671,1774171792.311735,181,136,463.094523,108.234363,2.628594,True,685.979541,2
1820,1774170643.256395,1774172514.534307,1020,385,585.393984,91.541143,1.286075,True,1285.883928,2
3672,1774170643.319024,1774174064.514962,401,74,172.369799,57.170411,1.578074,True,3248.826140,1
36,1774170643.198492,1774170761.403306,181,104,117.120534,18.370694,0.958736,True,1.084280,1
716,1774170643.221621,1774171135.372617,200,167,232.008935,11.838751,1.326326,True,260.142061,1
1991,1774170643.263631,1774172986.422810,1090,558,915.424352,50.478245,1.552866,True,1427.734828,3
2908,1774170643.292972,1774173716.031819,169,205,600.313502,93.947745,2.482185,True,2472.425345,2
376,1774170643.210756,1774170916.501801,200,183,268.541867,83.448427,1.016997,True,4.749178,1
3503,1774170643.313619,1774174053.274808,1317,144,284.749092,90.964008,1.355140,True,3125.212097,1
546,1774170643.216137,1774170903.471838,414,130,113.707646,3.170153,0.856880,True,146.548055,1
1226,1774170643.237701,1774171808.227196,1037,390,478.780601,36.999320,1.135685,True,686.208894,1
1821,1774170643.256438,1774172337.069472,1313,135,405.964367,97.964661,2.298505,True,1287.848666,2
3673,1774170643.319058,1774173914.272193,331,18,20.851927,1.692414,1.127030,True,3250.101208,1
37,1774170643.198523,1774170781.089442,203,138,136.795815,12.315266,0.908617,True,1.095104,1
717,1774170643.221653,1774170971.399692,397,103,67.923019,15.893252,0.510096,True,260.255020,1
1992,1774170643.263660,1774172654.017094,960,413,582.956684,57.184674,1.276146,True,1427.796749,2
2909,1774170643.293001,1774173334.022357,1315,125,217.020266,98.327806,0.957197,True,2473.709090,1
377,1774170643.210786,1774170939.244657,124,204,291.273683,78.565674,1.047823,True,4.760188,1
547,1774170643.216166,1774171128.922925,399,86,338.398565,38.310968,3.530442,True,147.308193,2
1227,1774170643.237730,1774171952.223186,1070,387,622.672865,112.518261,1.321644,True,686.312591,2
1822,1774170643.256469,1774172523.932557,1055,395,592.775375,94.243616,1.265309,True,1287.900713,2
38,1774170643.198554,1774170806.600889,200,177,162.297027,16.516391,0.828299,True,1.105308,1
718,1774170643.221684,1774171233.477774,452,102,328.692936,0.000000,3.254386,True,261.563154,3
1993,1774170643.263690,1774172685.683806,1094,412,614.572560,0.000000,1.495310,True,1427.847555,3
2662,1774170643.285185,1774173096.686891,422,110,212.744067,73.889463,1.273895,True,2240.657639,1
2910,1774170643.293030,1774173314.117333,1625,82,195.439038,113.966081,1.005839,True,2475.385266,1
378,1774170643.210815,1774171064.497570,895,393,416.515584,73.568137,0.874866,True,4.771171,1
3505,1774170643.313680,1774174119.796964,1111,375,351.033160,32.411158,0.851930,True,3125.450124,1
548,1774170643.216198,1774170850.176378,1113,98,59.529555,1.575415,0.597465,True,147.430625,1
1228,1774170643.237760,1774171820.784937,1054,397,491.224304,46.105658,1.124037,True,686.322873,1
1823,1774170643.256502,1774172542.548651,1130,391,609.400254,106.174269,1.290323,True,1289.891894,2
39,1774170643.198585,1774170780.046570,91,16,135.731260,24.744822,7.399096,True,1.116726,1
719,1774170643.221715,1774171228.378311,391,93,323.540864,37.045280,3.114082,True,261.615731,2
1994,1774170643.263724,1774172873.733251,1111,397,802.324743,0.000000,2.026073,True,1428.144785,3
2911,1774170643.293059,1774173734.374777,1149,417,614.330536,60.083399,1.332325,True,2476.751182,2
379,1774170643.210844,1774170862.823393,399,112,214.831066,83.415996,1.183920,True,4.781483,1
3506,1774170643.313733,1774174100.026812,200,167,330.098463,95.032141,1.416062,True,3126.614616,1
549,1774170643.216228,1774170859.215469,181,107,66.915492,6.232215,0.572484,True,149.083750,1
1229,1774170643.237793,1774171978.163290,1171,402,647.277314,126.853481,1.297815,True,687.648183,2
1824,1774170643.256532,1774172688.114095,1062,398,754.584117,80.766395,1.697274,True,1290.273446,2
3676,1774170643.319148,1774174019.132938,385,93,123.599873,57.248194,0.721214,True,3252.213917,1
40,1774170643.198616,1774171151.904973,1087,401,507.578926,20.282619,1.218241,True,1.127431,2
720,1774170643.221751,1774171468.455140,1061,429,563.442717,31.481327,1.242900,True,261.790672,2
1995,1774170643.263756,1774172437.279776,1316,141,363.325186,0.000000,2.595180,True,1430.690835,3
2912,1774170643.293089,1774173938.169913,1136,411,813.193570,86.074962,1.773460,True,2481.683254,2
380,1774170643.210876,1774170849.645443,410,95,201.642689,78.534034,1.309667,True,4.791878,1
3507,1774170643.313770,1774174140.745954,990,397,370.132758,38.853194,0.836565,True,3127.299426,1
550,1774170643.216256,1774171229.489190,161,193,435.866826,26.535981,2.131931,True,150.406109,2
1230,1774170643.237824,1774171774.820439,1474,94,443.307519,146.604002,3.190360,True,688.275096,2
1825,1774170643.256565,1774172805.368468,1070,411,871.724973,156.933804,1.743393,True,1290.386931,2
3677,1774170643.319177,1774173990.843366,374,42,95.299788,63.373335,0.778694,True,3252.224401,1
41,1774170643.198651,1774170816.429377,382,64,172.091823,20.135233,2.412009,True,1.138904,1
721,1774170643.221780,1774171538.260408,1007,379,632.991637,28.542161,1.599073,True,262.046990,1
1996,1774170643.263785,1774172642.758776,1094,378,568.574477,0.000000,1.508155,True,1430.920514,3
2913,1774170643.293118,1774173295.819748,398,78,170.760932,90.270740,1.045327,True,2481.765698,1
381,1774170643.210906,1774171041.276159,1107,388,393.262409,73.536759,0.826164,True,4.802844,1
3508,1774170643.313800,1774173933.688305,413,57,162.119599,93.391733,1.227283,True,3128.254906,1
551,1774170643.216285,1774171385.853079,1001,398,592.219606,34.080692,1.405891,True,150.417187,2
1231,1774170643.237853,1774171820.891106,1111,396,488.945587,36.901787,1.144415,True,688.707666,1
1826,1774170643.256597,1774172070.872304,238,14,136.454926,124.159543,0.945799,True,1291.160781,1
3678,1774170643.319207,1774174213.234056,924,394,317.423705,2.648894,0.800954,True,3252.491144,1
42,1774170643.198681,1774170856.124599,412,102,211.775399,15.212052,1.946172,True,1.150518,1
722,1774170643.221811,1774170965.019544,398,99,59.638378,9.821291,0.508338,True,262.159355,1
1997,1774170643.263814,1774172375.520122,403,86,300.775789,53.500603,2.909120,True,1431.480518,2
2914,1774170643.293150,1774173745.529921,1085,427,620.242817,58.735375,1.318093,True,2481.993953,2
382,1774170643.210935,1774170940.044821,212,217,292.020516,83.384472,0.965908,True,4.813369,1
3509,1774170643.313834,1774174060.353464,1315,141,288.773462,99.612825,1.351147,True,3128.266168,1
552,1774170643.216335,1774170837.167335,371,54,42.705610,6.922889,0.675146,True,151.245389,1
1232,1774170643.237883,1774171792.235222,983,373,460.174624,49.781886,1.103206,True,688.822715,1
1827,1774170643.256626,1774172596.520507,1060,468,659.425980,76.397715,1.248455,True,1293.837901,2
3679,1774170643.319236,1774173980.797990,401,86,83.749153,6.492266,0.908905,True,3253.729600,1
43,1774170643.198712,1774170826.610199,194,217,182.250095,9.825386,0.798263,True,1.161392,1
723,1774170643.221841,1774171457.435666,913,398,551.931570,16.984948,1.347473,True,262.282255,1
1998,1774170643.263844,1774172548.385346,1316,150,473.558856,0.000000,3.178247,True,1431.562645,3
2915,1774170643.293180,1774174114.273687,1033,508,987.092597,93.815797,1.761887,True,2483.887910,2
383,1774170643.210965,1774171055.857912,1007,385,407.822787,78.501553,0.857607,True,4.824160,1
3510,1774170643.313864,1774173947.088962,884,123,174.156359,57.074873,0.959684,True,3129.618738,1
553,1774170643.216365,1774171188.409291,1176,385,393.097742,2.487334,1.017215,True,152.095184,1
1233,1774170643.237913,1774171980.721190,1150,389,647.478733,148.696208,1.285522,True,690.004544,2
1828,1774170643.258399,1774172680.998218,1026,379,743.500931,96.607906,1.711357,True,1294.238889,2
3680,1774170643.319269,1774174040.862179,394,173,143.802711,6.481607,0.798379,True,3253.740200,1
44,1774170643.198742,1774170829.183397,203,217,184.812775,14.101934,0.790328,True,1.171879,1
724,1774170643.221870,1774171582.552342,999,412,676.464820,35.880448,1.558599,True,262.865651,1
1999,1774170643.263874,1774172716.608922,1114,443,640.121367,0.000000,1.448238,True,1433.223681,3
2916,1774170643.293209,1774173755.209223,1018,434,627.012426,59.401641,1.310879,True,2484.903588,2
384,1774170643.210994,1774171527.473887,1052,652,879.427412,73.503879,1.237978,True,4.835482,1
554,1774170643.216398,1774171325.313838,1061,429,529.806772,13.104459,1.207248,True,152.290667,2
1234,1774170643.237943,1774171997.909667,986,426,664.050822,108.209793,1.307861,True,690.620902,2
1829,1774170643.258459,1774172542.548321,1073,385,604.204286,109.192443,1.289093,True,1295.085575,2
3681,1774170643.319302,1774174173.776450,1310,145,275.792937,65.948089,1.457256,True,3254.664211,1
45,1774170643.198772,1774170832.908392,200,217,188.527185,18.272562,0.788216,True,1.182434,1
725,1774170643.221900,1774170966.792268,385,84,60.468366,17.431043,0.518522,True,263.102002,1
2000,1774170643.263903,1774172462.280504,1323,213,384.373428,43.250198,1.609072,True,1434.643173,2
2917,1774170643.293238,1774173897.980641,1125,422,768.229112,31.561014,1.749805,True,2486.458290,2
385,1774170643.211024,1774171036.625479,1143,388,388.568490,98.711581,0.748984,True,4.845965,1
3512,1774170643.313924,1774174152.683802,1029,393,377.718732,55.516482,0.821945,True,3131.651146,1
555,1774170643.216442,1774170853.680592,886,95,56.593654,1.329980,0.587911,True,153.870496,1
1235,1774170643.237972,1774172013.840534,1015,446,679.530642,123.429611,1.249665,True,691.071920,2
1830,1774170643.258491,1774172444.532041,1325,198,504.975575,82.678362,2.143641,True,1296.297974,2
3682,1774170643.319331,1774174193.731175,972,378,294.630337,8.432188,0.759146,True,3255.781507,1
46,1774170643.198803,1774170804.026302,64,174,159.633972,12.216305,0.852125,True,1.193527,1
726,1774170643.221929,1774171490.863562,1161,408,584.528798,26.833348,1.370259,True,263.112835,1
2001,1774170643.263932,1774172597.149748,397,182,518.944065,0.000000,2.867094,True,1434.941751,3
2918,1774170643.293270,1774173269.705571,374,69,138.614114,72.426344,0.973350,True,2487.798187,1
386,1774170643.211056,1774170783.139128,307,18,135.070819,78.468807,3.329530,True,4.857253,1
3513,1774170643.313955,1774174202.750110,1064,476,426.415213,38.752578,0.816132,True,3133.020942,1
556,1774170643.216471,1774171490.751124,1137,428,693.209395,13.413482,1.592028,True,154.325258,2
1236,1774170643.238002,1774172081.389205,1010,415,746.903256,75.220637,1.622422,True,691.247948,2
1831,1774170643.258522,1774172096.352170,387,58,156.568855,105.199257,0.901221,True,1296.524793,1
47,1774170643.198853,1774170773.466134,458,123,129.062714,16.417317,0.923323,True,1.204568,1
727,1774170643.221958,1774171349.754773,396,113,442.014219,33.702713,3.645638,True,264.518595,2
2002,1774170643.263962,1774172913.871399,1069,420,835.553094,0.000000,1.994160,True,1435.054342,3
2919,1774170643.293302,1774173219.066904,90,20,87.964380,72.415598,0.818357,True,2487.809222,1
387,1774170643.211088,1774170837.530298,392,91,189.451971,73.471471,1.288672,True,4.867239,1
557,1774170643.216504,1774171379.636669,1245,389,581.032438,33.443861,1.411311,True,155.387727,2
1237,1774170643.238031,1774171533.802709,1317,135,198.078285,47.334947,1.124950,True,692.486392,1
1832,1774170643.258552,1774172430.288369,438,93,490.286957,150.575885,3.692512,True,1296.742860,2
3684,1774170643.319392,1774174135.852293,379,83,235.517439,95.255437,1.710512,True,3257.015461,1
48,1774170643.198883,1774170792.293979,1352,158,147.879364,20.194491,0.813279,True,1.215732,1
728,1774170643.221988,1774171300.906150,200,189,391.588843,0.000000,2.082919,True,266.095319,3
2003,1774170643.263997,1774172618.060577,1316,208,539.628710,0.000000,2.606902,True,1435.167870,3
2920,1774170643.293332,1774173315.926148,376,85,184.721887,102.338796,0.980751,True,2487.910929,1
388,1774170643.211117,1774170917.200577,129,185,269.111372,98.678938,0.926263,True,4.878089,1
3515,1774170643.314017,1774174131.927556,1048,389,354.240774,29.910335,0.835903,True,3134.372765,1
558,1774170643.216533,1774170889.664462,401,103,91.027180,1.153195,0.881117,True,155.420749,1
1238,1774170643.238060,1774171920.335061,1142,458,584.497112,37.715562,1.196459,True,692.599889,1
1833,1774170643.258584,1774172437.394263,406,86,497.381717,166.753231,3.889747,True,1296.753962,2
3685,1774170643.319436,1774174143.701366,1239,90,243.355364,103.201658,1.574761,True,3257.026566,1
49,1774170643.198915,1774171112.691685,874,404,468.266469,24.635086,1.100822,True,1.226301,1
729,1774170643.222017,1774171678.507624,1116,402,766.847035,0.000000,1.912337,True,268.438571,3
2004,1774170643.264026,1774172389.256736,374,76,309.416594,41.317399,3.574656,True,1436.576115,2
2921,1774170643.293361,1774173622.645016,209,174,491.429669,31.580710,2.658086,True,2487.921986,2
389,1774170643.211151,1774170905.257966,129,159,257.158008,78.436649,1.131148,True,4.888807,1
3516,1774170643.314046,1774173872.806283,1851,42,95.108396,54.543509,0.989387,True,3134.383841,1
559,1774170643.216563,1774171211.768903,405,83,413.109653,110.593276,3.689224,True,155.442687,2
1239,1774170643.238089,1774171927.648073,1082,385,590.055105,72.113687,1.348806,True,694.354879,2
1834,1774170643.258614,1774172113.307305,388,93,171.981470,84.075050,0.955505,True,1298.067221,1
3686,1774170643.319474,1774174105.819614,389,90,203.940307,53.450796,1.690893,True,3258.559833,1
50,1774170643.198949,1774170811.387875,378,58,166.951609,20.036242,2.577463,True,1.237317,1
730,1774170643.222055,1774171829.403539,1046,531,917.516458,29.556159,1.675397,True,268.665025,3
2005,1774170643.264056,1774172907.704988,994,397,827.638591,0.000000,2.089996,True,1436.802341,4
2922,1774170643.293390,1774173984.056370,1056,442,852.634845,83.766997,1.743465,True,2488.128136,2
390,1774170643.211181,1774171235.376036,936,431,587.265176,73.439242,1.194944,True,4.899680,1
560,1774170643.216592,1774170931.176702,1319,169,132.079406,3.236116,0.766924,True,155.880704,1
1240,1774170643.238118,1774172127.620099,1170,422,789.761042,91.551108,1.658456,True,694.620939,2
1835,1774170643.258650,1774172375.627550,398,107,431.485610,100.840613,3.119292,True,1300.883290,2
51,1774170643.198978,1774170710.241678,91,16,65.793539,9.737446,3.737073,True,1.249161,1
731,1774170643.222086,1774171592.391294,1015,397,679.368817,98.881451,1.465877,True,269.800390,1
2006,1774170643.264086,1774172406.211175,1961,97,326.082592,0.000000,3.396694,True,1436.864497,3
2923,1774170643.293432,1774173900.323843,1066,377,768.891755,83.756303,1.822169,True,2488.138656,2
391,1774170643.211210,1774170930.486224,128,205,282.364985,98.647153,0.900578,True,4.910029,1
3518,1774170643.314105,1774174159.914602,1170,400,379.563163,54.336420,0.815105,True,3137.037334,1
561,1774170643.216621,1774171321.115902,1052,429,521.737854,3.078390,1.211821,True,156.161428,2
1241,1774170643.238147,1774171531.696932,1785,91,193.436153,92.073389,1.126253,True,695.022633,1
1836,1774170643.258680,1774172348.582867,22,131,404.419056,103.372405,2.315743,True,1300.905131,2
3688,1774170643.319533,1774174239.681360,1072,395,336.850265,28.131492,0.783550,True,3259.511561,1
52,1774170643.199008,1774170834.205876,389,89,189.747591,15.102792,1.984600,True,1.259277,1
732,1774170643.222116,1774170966.018447,396,95,52.520468,5.647317,0.498651,True,270.275863,1
2007,1774170643.264116,1774172873.722801,961,389,792.424079,0.000000,2.042330,True,1438.034607,3
2924,1774170643.293467,1774173307.400728,405,108,172.811933,68.929169,0.970867,True,2491.295328,1
392,1774170643.211240,1774171071.724408,1025,388,423.592136,78.404361,0.891958,True,4.921033,1
3519,1774170643.314136,1774173850.593946,982,47,70.190180,30.203167,0.869283,True,3137.089630,1
562,1774170643.216650,1774171154.541377,91,24,354.695467,113.611106,10.481929,True,156.629259,2
1242,1774170643.238176,1774171477.766590,1896,68,137.992490,58.116497,1.192179,True,696.535925,1
1837,1774170643.258710,1774172126.950663,417,110,181.428016,81.857295,0.913493,True,1302.263938,1
53,1774170643.199041,1774170807.227849,212,183,162.758149,14.002828,0.817337,True,1.270659,1
733,1774170643.222145,1774171316.864764,1320,202,403.283455,0.000000,2.006385,True,270.359164,3
2008,1774170643.264145,1774172540.085530,397,95,458.776537,0.000000,4.880601,True,1438.044848,3
2925,1774170643.293496,1774173276.994653,393,99,142.128155,49.156111,0.948694,True,2491.573001,1
393,1774170643.211269,1774170943.069482,203,217,294.925691,73.406172,1.025553,True,4.932522,1
3520,1774170643.314166,1774173988.735843,1595,150,208.147360,71.665754,0.915984,True,3137.274317,1
563,1774170643.216682,1774171309.707675,1062,393,509.571860,21.646641,1.244707,True,156.919133,2
1243,1774170643.238205,1774171845.393348,1312,157,505.525377,92.346973,2.648580,True,696.629765,2
1838,1774170643.258739,1774172949.949338,1052,400,1003.146354,105.807607,2.248969,True,1303.544245,2
3690,1774170643.319594,1774174220.633538,1054,402,315.650113,5.531296,0.773364,True,3261.663831,1
54,1774170643.199071,1774170936.728600,1085,394,292.248458,18.173639,0.697391,True,1.281070,1
734,1774170643.222182,1774171421.498404,1040,397,507.854014,0.000000,1.282460,True,270.422208,3
2009,1774170643.264175,1774172873.670515,1053,381,792.278796,0.000000,2.084944,True,1438.127544,3
2926,1774170643.293525,1774173329.883572,42,100,194.659320,98.318825,0.973136,True,2491.930727,1
394,1774170643.211299,1774170849.056691,431,97,200.902562,98.614342,1.065502,True,4.942830,1
564,1774170643.216711,1774170845.614864,2042,52,44.412058,16.545225,0.546408,True,157.986096,1
1244,1774170643.238234,1774171848.750515,1039,397,508.860392,50.815594,1.156679,True,696.651889,1
1839,1774170643.258771,1774172744.337060,1069,388,797.523544,119.889179,1.750993,True,1303.554746,2
3691,1774170643.319624,1774174102.301893,203,194,197.276632,51.850741,0.753502,True,3261.705637,1
55,1774170643.199104,1774170777.664558,407,131,133.173687,12.118083,0.931197,True,1.291766,1
735,1774170643.222213,1774170996.409757,416,153,81.077126,19.896688,0.402503,True,272.110418,1
2010,1774170643.264205,1774172441.158609,1314,112,358.816213,0.000000,3.232578,True,1439.078192,3
2927,1774170643.293554,1774173249.879376,828,72,114.540175,58.958943,0.782834,True,2492.045647,1
395,1774170643.211329,1774171112.911668,1000,396,464.746420,92.772734,0.941706,True,4.953920,1
3522,1774170643.314225,1774174016.311986,1992,76,233.505700,124.906080,1.447995,True,3139.492061,1
565,1774170643.216740,1774171100.353028,328,18,298.902477,112.006105,10.993904,True,158.233811,2
1245,1774170643.238266,1774171840.661997,1172,402,500.656716,39.820193,1.149218,True,696.767015,1
1840,1774170643.258808,1774172585.542959,1019,427,638.237693,105.106757,1.251481,True,1304.046458,2
56,1774170643.199135,1774170741.828531,396,82,97.327139,16.318931,1.000101,True,1.302258,1
736,1774170643.222243,1774170964.797858,384,61,49.104671,22.509646,0.443250,True,272.470944,1
2011,1774170643.264234,1774172685.679071,1131,432,601.036182,45.598165,1.288719,True,1441.378655,2
2928,1774170643.293583,1774173764.587283,1093,405,629.074773,86.476862,1.343064,True,2492.218927,2
396,1774170643.211358,1774171329.558951,1045,496,681.383534,88.562938,1.197617,True,4.964058,1
3523,1774170643.314255,1774173999.431725,1677,56,216.613540,141.966331,1.357222,True,3139.503930,1
566,1774170643.216768,1774171194.681388,8,122,392.038869,29.405612,2.996969,True,159.425751,2
1246,1774170643.238296,1774172012.343899,995,452,671.045133,102.920043,1.259701,True,698.060471,2
1841,1774170643.258844,1774172533.235197,1222,396,585.878057,77.415288,1.287248,True,1304.098296,2
57,1774170643.199165,1774171087.070626,1029,399,442.558091,20.096491,1.061461,True,1.313370,2
737,1774170643.222273,1774171678.549686,1288,419,762.835718,0.000000,1.824966,True,272.491695,3
2012,1774170643.264267,1774172662.268177,1198,395,576.669493,0.000000,1.463628,True,1442.334417,3
2929,1774170643.293615,1774173783.396652,1095,407,645.815661,100.456429,1.343249,True,2494.287376,2
397,1774170643.211387,1774170920.886764,165,192,272.700301,98.581703,0.911616,True,4.975076,1
3524,1774170643.314287,1774174147.900353,1058,394,364.496931,38.563750,0.829347,True,3140.089134,1
567,1774170643.216797,1774170879.878967,1313,156,76.079426,1.763566,0.479457,True,160.582744,1
1247,1774170643.238326,1774171867.014002,1020,400,524.868600,52.113563,1.184850,True,698.907076,1
1842,1774170643.258875,1774172045.426019,902,29,94.993655,64.413947,1.092132,True,1307.173489,1
3694,1774170643.319713,1774174074.926316,1060,74,166.966788,53.686680,1.551782,True,3264.639815,1
2013,1774170643.264296,1774172623.025523,1074,377,535.732023,46.314003,1.301644,True,1444.029205,2
738,1774170643.222303,1774171431.379664,203,163,515.437426,0.000000,3.181713,True,272.719935,3
58,1774170643.199198,1774170936.843323,962,399,292.319798,9.662223,0.710195,True,1.324326,1
2930,1774170643.293664,1774173940.226387,1049,429,802.501000,52.081864,1.753316,True,2494.431722,2
398,1774170643.211430,1774171251.687004,1163,429,603.488918,92.739748,1.193339,True,4.986657,1
3525,1774170643.314318,1774174018.039959,209,217,233.116959,25.683806,0.960339,True,3141.608682,1
568,1774170643.216830,1774171326.631271,1129,414,522.779238,19.223823,1.219263,True,160.635203,2
1248,1774170643.238367,1774171883.102174,1140,404,540.268993,63.285060,1.183583,True,699.594815,1
1843,1774170643.258906,1774172572.332375,1051,440,620.098381,66.352352,1.261380,True,1308.975088,2
3695,1774170643.319746,1774174137.864829,1287,81,229.802393,99.006724,1.634946,True,3264.742689,1
59,1774170643.199232,1774170940.044628,203,217,295.509876,24.525531,1.254557,True,1.335520,1
739,1774170643.222332,1774171217.792306,400,83,301.839261,0.000000,3.680967,True,272.730713,3
2014,1774170643.264328,1774172472.156805,44,121,384.811425,52.050929,2.773004,True,1444.081052,2
2931,1774170643.293700,1774173955.441958,920,418,817.602843,83.157768,1.761259,True,2494.545416,2
399,1774170643.211461,1774171451.806651,1143,580,803.597943,88.529791,1.235005,True,4.997247,1
3526,1774170643.314362,1774173924.317032,397,88,139.280669,47.204946,1.058342,True,3141.722001,1
569,1774170643.216860,1774171293.632539,405,110,489.603272,28.018381,4.234724,True,160.812407,2
1249,1774170643.238397,1774171993.739511,1088,421,648.872015,122.644899,1.252922,True,701.629098,2
1844,1774170643.258937,1774172380.973913,2006,175,428.461157,106.064140,1.852856,True,1309.253819,2
60,1774170643.199260,1774170849.290551,898,94,204.745626,19.927745,1.987289,True,1.345665,1
740,1774170643.222375,1774171464.168481,209,217,547.661840,95.397247,2.093818,True,273.284266,1
2015,1774170643.264358,1774172380.383889,738,11,292.576010,0.000000,29.257601,True,1444.543521,3
2932,1774170643.293730,1774173705.285516,1116,360,566.858867,69.034949,1.386696,True,2495.132919,2
400,1774170643.211490,1774171041.487855,1012,389,393.268125,98.548429,0.759587,True,5.008240,1
3527,1774170643.314391,1774173917.067850,399,86,129.194276,22.733339,1.252482,True,3144.559183,1
570,1774170643.216889,1774170877.308011,393,105,71.276859,27.116409,0.424620,True,162.814263,1
1250,1774170643.238445,1774171829.290311,998,399,484.412181,34.947210,1.129309,True,701.639686,1
1845,1774170643.258966,1774172777.220918,1135,388,824.390438,120.637923,1.818482,True,1309.571514,2
61,1774170643.199290,1774170849.042022,181,253,204.486412,13.916871,0.756228,True,1.356321,1
741,1774170643.222405,1774171051.822816,402,134,134.846911,2.169447,0.997575,True,273.753500,1
2016,1774170643.264388,1774172340.600693,738,11,252.005383,0.000000,25.200538,True,1445.330922,3
2933,1774170643.293760,1774173328.848511,403,99,187.754379,48.713169,1.418788,True,2497.800371,1
401,1774170643.211519,1774171268.171118,1121,433,619.939732,92.706267,1.220448,True,5.019867,1
3528,1774170643.314465,1774174187.046982,1153,375,398.998544,104.707880,0.786873,True,3144.733972,1
571,1774170643.216917,1774171154.541189,167,187,348.166616,29.241996,1.714648,True,163.157656,2
1251,1774170643.238476,1774171772.814178,420,112,427.892974,103.217742,2.925002,True,701.682728,2
1846,1774170643.258996,1774172728.897260,1349,172,775.829636,159.328791,3.605268,True,1309.808628,2
3698,1774170643.319836,1774173963.341278,1165,37,52.292225,21.735626,0.848794,True,3267.729216,1
62,1774170643.199319,1774170783.023779,320,18,138.458237,14.995641,7.262506,True,1.366223,1
742,1774170643.222454,1774171373.681177,906,146,456.470005,94.692733,2.495016,True,273.988719,1
2017,1774170643.264432,1774172348.475854,738,21,258.512892,0.000000,12.925645,True,1446.698529,3
2934,1774170643.293790,1774173611.713764,1317,194,470.597662,105.957401,1.889328,True,2497.822313,2
402,1774170643.211549,1774171001.661535,971,373,353.419166,88.496184,0.712159,True,5.030820,1
572,1774170643.216949,1774171341.287949,1040,456,534.675948,1.462538,1.171898,True,163.395051,2
1252,1774170643.238506,1774171866.897434,1171,402,521.555150,56.055927,1.160846,True,702.103778,1
1847,1774170643.259026,1774173015.512212,1147,525,1062.433579,166.256422,1.710262,True,1309.819606,2
3699,1774170643.319867,1774174173.222968,392,138,261.501698,49.925000,1.544355,True,3268.401404,1
63,1774170643.199348,1774171198.621083,1119,414,554.045051,18.077383,1.297743,True,1.376684,2
743,1774170643.222493,1774171454.881878,1312,204,537.211576,104.562659,2.131275,True,274.447809,1
2018,1774170643.264467,1774172983.316027,1026,419,893.076102,0.000000,2.136546,True,1446.975457,4
2935,1774170643.293819,1774173954.932138,1147,424,811.402324,77.467273,1.735071,True,2500.235995,2
403,1774170643.211578,1774171012.559647,1088,377,364.306158,98.514736,0.706892,True,5.041910,1
3530,1774170643.314527,1774173991.633515,398,91,202.531950,82.091088,1.338232,True,3145.787038,1
573,1774170643.216981,1774171432.930375,1113,399,626.153294,116.582198,1.280329,True,163.560100,2
1253,1774170643.238536,1774172001.074964,1189,415,654.590096,132.627140,1.260780,True,703.246332,2
1848,1774170643.259056,1774172824.829852,1095,387,871.740243,173.961089,1.807718,True,1309.830554,2
3700,1774170643.319896,1774174102.358711,1314,236,189.712769,14.026382,0.747602,True,3269.326045,1
64,1774170643.199378,1774170899.693433,124,157,255.106278,24.472761,1.478420,True,1.387777,1
744,1774170643.222522,1774171588.644219,1042,373,670.962823,115.837083,1.492273,True,274.458874,1
2019,1774170643.264496,1774172873.869608,1040,400,783.159498,0.000000,1.962806,True,1447.445614,3
2936,1774170643.293852,1774173785.027530,1139,393,641.476615,105.586149,1.367068,True,2500.257063,2
404,1774170643.211611,1774171347.497319,1028,498,699.233152,92.673210,1.220443,True,5.052557,1
3531,1774170643.314557,1774174087.275172,402,110,295.722462,133.231545,1.490742,True,3148.238153,1
574,1774170643.217011,1774171339.857352,1042,411,532.790129,28.549161,1.229856,True,163.850212,2
1254,1774170643.238569,1774171832.157461,1119,395,484.653800,40.703424,1.126778,True,704.265092,1
1849,1774170643.259085,1774172533.012091,1158,383,578.446008,88.237961,1.283267,True,1311.306998,2
3701,1774170643.319926,1774174106.536142,1317,231,193.724270,24.840662,0.734277,True,3269.491945,1
65,1774170643.199424,1774170917.783981,1313,179,273.186460,19.875100,1.423098,True,1.398097,1
745,1774170643.222552,1774171469.188172,128,205,551.495595,115.826061,2.135635,True,274.470024,1
2020,1774170643.264526,1774172691.685397,1133,415,599.322089,0.000000,1.447638,True,1449.098782,3
2937,1774170643.293882,1774173945.596445,1114,412,801.032562,81.907615,1.749696,True,2501.270001,2
405,1774170643.211641,1774170930.947360,127,202,282.672335,88.463461,0.966213,True,5.063385,1
3532,1774170643.314587,1774173897.029581,387,78,105.220677,30.158465,0.974834,True,3148.494317,1
575,1774170643.217040,1774171627.122403,1180,414,819.890524,108.113292,1.723432,True,164.014839,2
1255,1774170643.238600,1774171525.676104,1076,51,177.832759,135.620862,0.844238,True,704.604746,1
1850,1774170643.259118,1774172557.708179,1090,414,601.302482,73.451646,1.278089,True,1313.146579,2
3702,1774170643.319960,1774174028.385127,91,16,114.115590,92.799607,1.421066,True,3270.949578,1
66,1774170643.199456,1774170909.316848,1096,383,264.708878,12.000072,0.661541,True,1.408514,1
746,1774170643.222582,1774171484.071826,1067,398,566.276858,20.408095,1.374984,True,274.572386,1
2021,1774170643.264559,1774172350.411932,808,43,257.943237,41.138622,5.162015,True,1449.204136,2
2938,1774170643.293911,1774173959.029176,1097,420,814.454970,81.897195,1.748348,True,2501.280294,2
406,1774170643.211669,1774170998.771915,1139,371,350.486039,98.482424,0.681091,True,5.074207,1
3533,1774170643.314620,1774173925.009751,392,90,131.354884,38.586638,1.042340,True,3150.340247,1
576,1774170643.217069,1774171450.022354,1069,426,642.779177,112.133616,1.248578,True,164.026108,2
1256,1774170643.238630,1774172098.570041,1191,409,749.485551,78.330437,1.644988,True,705.845861,2
1851,1774170643.259147,1774172121.220051,396,99,162.965944,74.242758,0.905339,True,1314.994960,1
3703,1774170643.319993,1774173986.051292,1259,81,71.771045,1.734884,0.875452,True,3270.960254,1
67,1774170643.199486,1774170758.857006,400,102,114.238311,16.201475,0.970662,True,1.419209,1
747,1774170643.222613,1774171598.419438,1170,398,678.569729,94.821002,1.470400,True,276.627097,1
2022,1774170643.264588,1774172393.612788,373,79,301.081589,0.000000,3.860020,True,1449.266612,3
2939,1774170643.293941,1774173984.168181,1162,410,839.582830,99.803219,1.808752,True,2501.291410,2
407,1774170643.211699,1774171198.621074,1100,414,550.324046,92.640333,1.108193,True,5.085329,1
577,1774170643.217197,1774171165.000736,209,217,356.847541,14.922915,1.582984,True,164.935999,2
1257,1774170643.238660,1774171877.817313,1009,396,528.058607,70.976482,1.157170,True,706.520046,1
1852,1774170643.259177,1774172528.987835,1091,397,567.203232,65.595295,1.266687,True,1318.525426,2
3704,1774170643.320030,1774174136.300214,382,103,220.259410,47.890729,1.689889,True,3272.720774,1
68,1774170643.199520,1774171231.786836,1057,424,587.157390,19.978703,1.340848,True,1.429926,2
748,1774170643.222646,1774171435.370366,1129,397,514.789061,0.000000,1.299972,True,277.358659,3
2023,1774170643.264620,1774172453.062385,1138,81,360.213246,0.000000,4.502666,True,1449.584519,3
2940,1774170643.294070,1774173254.679206,91,16,109.899120,77.593089,2.153735,True,2501.486016,1
408,1774170643.211731,1774171112.804142,1019,403,464.496595,88.431123,0.935486,True,5.095816,1
3535,1774170643.314678,1774173952.187968,387,72,157.334976,80.108137,1.087702,True,3151.538313,1
578,1774170643.217228,1774171325.365967,1065,426,516.832428,2.493920,1.210208,True,165.316311,1
1258,1774170643.238692,1774171872.612276,1054,411,522.628060,38.222801,1.181476,True,706.745524,1
1853,1774170643.259210,1774172939.062146,1083,430,976.744218,114.525208,2.009835,True,1319.058718,2
69,1774170643.199549,1774170793.618751,203,162,148.978554,9.545576,0.866043,True,1.440648,1
749,1774170643.222675,1774171280.138915,401,145,359.546888,0.000000,2.496853,True,277.369352,3
2024,1774170643.264650,1774172643.213503,1133,380,548.256241,0.000000,1.446586,True,1451.692612,3
2941,1774170643.294101,1774173737.514235,967,396,592.507855,49.291404,1.375232,True,2501.712279,2
409,1774170643.211760,1774171268.290961,1022,443,619.972701,98.450248,1.179915,True,5.106500,1
579,1774170643.217259,1774170954.098594,128,173,145.554178,2.482965,0.831809,True,165.327157,1
1259,1774170643.238722,1774171859.713152,1323,205,508.440503,138.589816,1.812994,True,708.033926,2
1854,1774170643.259240,1774172823.569078,1136,396,861.135535,164.616937,1.763338,True,1319.174303,2
70,1774170643.199579,1774170826.724466,1314,216,182.073725,13.821640,0.782568,True,1.451163,1
750,1774170643.222704,1774171653.326306,1032,401,732.691667,20.808644,1.779708,True,277.411935,2
2025,1774170643.264679,1774172475.479431,120,13,379.558551,0.000000,31.629879,True,1452.656201,3
2942,1774170643.294132,1774173233.721078,374,60,87.063949,37.365212,0.842351,True,2503.362997,1
410,1774170643.211789,1774171022.351579,1176,373,374.022228,92.607954,0.756490,True,5.117562,1
580,1774170643.217289,1774171318.752115,1037,415,509.145197,2.142842,1.224643,True,166.389628,2
1260,1774170643.238751,1774171874.995115,1046,399,522.005528,53.128569,1.178083,True,709.750835,1
1855,1774170643.259269,1774172520.632595,1001,375,557.514647,69.379009,1.305176,True,1319.858678,2
71,1774170643.199609,1774170752.561584,2,93,107.900165,17.992061,0.977262,True,1.461811,1
751,1774170643.222733,1774171258.649032,407,123,337.899433,0.000000,2.769667,True,277.526865,3
2026,1774170643.264708,1774173124.965599,1073,420,1028.820433,0.000000,2.455419,True,1452.880458,3
2943,1774170643.294162,1774173801.808166,1161,414,653.119225,102.444552,1.333353,True,2505.394778,2
411,1774170643.211818,1774171112.804137,1007,403,464.463238,88.397989,0.935486,True,5.129081,1
3538,1774170643.314768,1774173988.677560,393,101,193.464328,107.307490,0.861568,True,3151.898465,1
581,1774170643.217323,1774171556.273044,966,403,746.542351,28.478406,1.786229,True,166.513369,2
1261,1774170643.238781,1774171501.262032,1896,68,147.702218,60.715626,1.298307,True,710.321033,1
1856,1774170643.259299,1774172363.207628,50,154,398.381938,77.978442,2.094140,True,1321.566391,2
3708,1774170643.320148,1774174106.873039,1123,87,189.000796,49.299840,1.624430,True,3274.552094,1
72,1774170643.199638,1774171212.163629,1065,409,567.491101,11.935820,1.361655,True,1.472889,2
752,1774170643.222766,1774171678.539224,1102,426,757.779187,0.000000,1.783010,True,277.537271,3
2027,1774170643.264740,1774172921.453507,1128,429,825.092736,0.000000,1.927787,True,1453.096030,3
2944,1774170643.294191,1774173902.645535,1085,491,753.668186,103.163523,1.327561,True,2505.683158,2
412,1774170643.211847,1774170799.089185,382,38,150.738213,98.417270,1.414080,True,5.139126,1
3539,1774170643.314798,1774173895.803447,378,52,100.414420,15.218106,1.670516,True,3152.074230,1
582,1774170643.217352,1774171300.029613,380,99,488.950965,25.515732,4.728931,True,167.861296,2
1262,1774170643.238811,1774171513.643531,402,87,159.969795,67.061416,1.080330,True,710.434925,1
1857,1774170643.259328,1774172667.346295,1056,499,702.509284,94.386092,1.221131,True,1321.577684,2
73,1774170643.199667,1774170730.833533,372,60,86.150185,16.136730,1.186669,True,1.483681,1
753,1774170643.222795,1774171609.382457,1088,407,688.600882,98.911188,1.452438,True,277.558781,1
2028,1774170643.264770,1774172389.548955,1020,75,291.692094,0.000000,3.941785,True,1454.592091,3
2945,1774170643.294223,1774173334.022184,382,89,183.752402,96.803965,0.988050,True,2506.975559,1
413,1774170643.211876,1774170863.411045,396,107,215.049385,92.575725,1.155412,True,5.149784,1
3540,1774170643.314830,1774174136.807912,1030,360,339.700338,39.492969,0.836232,True,3153.792744,1
583,1774170643.217381,1774171293.982142,1087,396,482.583396,2.323344,1.215848,True,168.181365,1
1263,1774170643.238845,1774171820.674224,998,387,466.885638,37.609222,1.112115,True,710.549740,1
1858,1774170643.259357,1774172691.847393,1084,534,725.214551,72.339958,1.224905,True,1323.373485,2
3710,1774170643.320209,1774174134.746034,1314,176,216.707565,86.924830,0.741616,True,3274.718260,1
74,1774170643.199699,1774171071.616042,1104,394,426.921721,14.867029,1.048485,True,1.494622,1
754,1774170643.222824,1774170981.920491,385,107,61.025881,21.593011,0.372008,True,277.671786,1
2029,1774170643.264801,1774172879.790550,1124,412,781.215943,0.000000,1.900769,True,1455.309807,3
2946,1774170643.294255,1774173333.790312,1189,74,181.287150,110.530365,0.969271,True,2509.208908,1
414,1774170643.211905,1774170893.983856,401,147,245.611493,88.366321,1.077022,True,5.160458,1
3541,1774170643.314859,1774174011.873974,441,134,214.357022,105.003779,0.822205,True,3154.202093,1
584,1774170643.217429,1774170956.788025,218,179,145.041050,2.472442,0.800947,True,168.529546,1
1264,1774170643.238876,1774171952.501790,1170,394,597.034897,81.434854,1.311959,True,712.228017,2
1859,1774170643.259389,1774172863.167283,1062,416,896.204885,164.756128,1.762527,True,1323.703010,2
3711,1774170643.320239,1774173990.730620,382,79,72.579803,8.521573,0.821259,True,3274.830578,1
75,1774170643.199729,1774171164.112914,1075,415,519.407780,24.354915,1.195780,True,1.505404,1
755,1774170643.222854,1774171518.587555,967,398,595.618236,25.369508,1.436395,True,279.746465,1
2030,1774170643.264833,1774172667.636758,1048,397,567.723419,0.000000,1.433645,True,1456.648506,3
2947,1774170643.294284,1774173326.648699,391,81,173.195206,68.919667,1.303444,True,2510.159209,1
415,1774170643.211935,1774170874.512270,882,135,226.129011,98.385394,0.953311,True,5.171325,1
3542,1774170643.314889,1774173918.143894,415,93,118.407399,22.230535,1.045401,True,3156.421606,1
585,1774170643.217472,1774170866.153108,387,75,53.983809,21.419788,0.440054,True,168.951826,1
1265,1774170643.238906,1774171535.169267,375,67,178.469314,106.793293,1.086000,True,713.461047,1
1860,1774170643.259434,1774172050.745708,773,41,83.558420,57.173764,0.659616,True,1323.927855,1
76,1774170643.199762,1774170897.196506,1225,372,252.480209,31.866430,0.594646,True,1.516534,1
756,1774170643.222886,1774171218.184638,395,84,294.757134,0.000000,3.551291,True,280.204618,3
2031,1774170643.264861,1774172873.712364,1013,395,772.846040,0.000000,1.961538,True,1457.601464,3
2948,1774170643.294313,1774173668.215435,206,161,513.508996,89.682001,2.648919,True,2511.412125,2
416,1774170643.211967,1774171251.686916,1161,429,603.292573,108.966632,1.154967,True,5.182375,1
3543,1774170643.314919,1774173942.361287,393,83,142.561350,49.854761,1.130568,True,3156.485018,1
586,1774170643.217502,1774171539.937280,1000,498,725.474816,104.914129,1.248613,True,171.244962,2
1266,1774170643.238936,1774172081.277684,981,401,724.464893,82.300649,1.605411,True,713.573855,2
1861,1774170643.259465,1774172700.878495,1070,373,733.680149,71.379008,1.780379,True,1323.938881,2
3713,1774170643.320306,1774174153.290321,402,98,232.419173,86.198105,1.507434,True,3277.550843,1
77,1774170643.199797,1774171175.205199,1118,426,530.478206,9.458549,1.225929,True,1.527196,2
757,1774170643.222919,1774171598.419611,1160,392,673.840225,102.321296,1.461685,True,281.356468,1
2032,1774170643.264892,1774172381.272828,376,70,280.096779,0.000000,4.059374,True,1457.911157,3
2949,1774170643.294353,1774174044.310988,1099,429,889.397331,78.041395,1.895691,True,2511.619303,2
417,1774170643.212000,1774170881.978322,21,139,233.573421,88.333647,1.052462,True,5.192900,1
3544,1774170643.314952,1774174013.667855,394,175,213.817190,60.226493,0.882705,True,3156.535713,1
587,1774170643.217532,1774170917.667526,383,114,102.491625,1.126841,0.897033,True,171.958369,1
1267,1774170643.238969,1774171742.076989,373,56,385.089240,132.874785,4.585717,True,713.748781,2
1862,1774170643.259497,1774172530.242937,1085,407,561.961932,50.305633,1.260237,True,1325.021507,2
78,1774170643.199826,1774170758.022441,380,102,113.283520,13.734000,0.985639,True,1.539095,1
758,1774170643.222947,1774171553.042649,1019,413,628.227791,27.917340,1.457064,True,281.591911,1
2033,1774170643.264922,1774172660.713336,1148,394,559.423800,0.000000,1.423470,True,1458.024614,3
2950,1774170643.294438,1774173942.474265,944,548,787.191469,91.790715,1.271299,True,2511.988358,2
418,1774170643.212030,1774171024.808792,1053,383,376.393263,113.771705,0.687491,True,5.203500,1
588,1774170643.217562,1774171538.706946,1093,429,723.098804,32.515077,1.613513,True,172.390580,2
1268,1774170643.238998,1774171973.691216,1015,414,615.582752,88.112042,1.277169,True,714.869465,2
1863,1774170643.259527,1774172115.821175,388,75,147.262450,90.018040,0.773573,True,1325.299197,1
3715,1774170643.320364,1774174221.848684,1023,378,300.832624,2.097850,0.792400,True,3277.695697,1
79,1774170643.199855,1774171055.857900,1133,385,411.108500,19.723530,1.019232,True,1.549545,1
759,1774170643.222976,1774171430.589074,181,172,505.108999,15.963224,2.860502,True,282.257099,2
2034,1774170643.264956,1774172667.354965,1018,392,563.747539,0.000000,1.441810,True,1460.342470,3
2951,1774170643.294471,1774173927.690604,1133,527,772.294983,115.384687,1.248879,True,2512.101151,2
419,1774170643.212059,1774170858.464408,402,102,210.037517,108.933861,1.001026,True,5.214831,1
589,1774170643.217592,1774171524.607138,1262,390,708.987840,32.503892,1.739033,True,172.401707,2
1269,1774170643.239028,1774171945.516527,1082,385,587.346422,69.244972,1.349223,True,714.931077,2
1864,1774170643.259557,1774172112.959337,383,80,143.320208,65.582832,0.984017,True,1326.379572,1
3716,1774170643.320393,1774174091.210693,200,181,170.019056,35.684369,0.746304,True,3277.871244,1
80,1774170643.199887,1774170799.371861,42,167,154.611901,17.893616,0.823604,True,1.560073,1
760,1774170643.223006,1774171169.660775,91,25,244.170489,0.000000,10.173770,True,282.267280,3
2035,1774170643.264986,1774172450.633987,1337,80,346.788005,0.000000,4.389722,True,1460.580997,3
2952,1774170643.294501,1774173828.072832,990,429,669.231795,106.885714,1.313893,True,2515.546535,2
420,1774170643.212089,1774171248.128707,1037,434,599.691433,88.301262,1.181040,True,5.225185,1
3547,1774170643.315042,1774173944.111914,373,48,143.676563,90.199171,1.137817,True,3157.120309,1
590,1774170643.217625,1774171497.609766,1473,450,681.896509,116.562285,1.259096,True,172.495632,2
1270,1774170643.239057,1774171915.649098,1140,401,555.815065,88.681854,1.167833,True,716.594977,1
1865,1774170643.259587,1774173162.549536,1027,660,1189.024076,106.602058,1.642522,True,1330.265874,2
3717,1774170643.320436,1774174048.270203,203,152,124.796288,0.720391,0.821695,True,3280.153479,1
81,1774170643.199917,1774170897.309325,1140,377,252.538923,11.837917,0.640162,True,1.570485,1
761,1774170643.223038,1774171257.171442,409,126,331.670565,0.000000,2.653365,True,282.277840,3
2036,1774170643.265016,1774172430.720404,1099,58,324.766235,0.000000,5.697653,True,1462.689153,3
2953,1774170643.294531,1774173635.580221,396,135,476.308718,87.840546,2.899016,True,2515.976973,2
421,1774170643.212121,1774171345.340496,945,504,696.891456,113.738401,1.159350,True,5.236919,1
3548,1774170643.315073,1774173951.111094,414,90,149.862764,48.405759,1.139966,True,3157.933258,1
591,1774170643.217655,1774171509.968678,1127,563,693.528289,2.426423,1.229719,True,173.222734,1
1271,1774170643.239086,1774172078.421253,1015,572,718.244992,88.339632,1.103162,True,716.937174,1
1866,1774170643.259621,1774172139.631749,414,102,165.929718,84.874816,0.802524,True,1330.442410,1
82,1774170643.199946,1774170931.354878,126,203,286.573418,14.779447,1.345515,True,1.581515,1
762,1774170643.223067,1774171283.549375,383,59,358.037938,0.000000,6.173068,True,282.288370,3
2037,1774170643.265047,1774172672.582784,1051,397,565.721171,0.000000,1.428589,True,1463.596566,3
2954,1774170643.294559,1774173799.788712,1097,388,638.728702,120.144637,1.340011,True,2517.765451,2
422,1774170643.212150,1774171146.328043,1050,403,497.868558,108.900946,0.967581,True,5.247334,1
3549,1774170643.315102,1774174238.191705,1084,453,436.380732,66.697216,0.817884,True,3158.495871,1
592,1774170643.217685,1774171392.362711,1076,464,575.338696,4.039669,1.233907,True,173.806330,1
1272,1774170643.239205,1774171982.517215,991,414,622.245779,85.949082,1.298539,True,717.032231,2
1867,1774170643.259651,1774172924.433024,1164,444,950.511928,98.885674,1.922407,True,1330.661445,3
83,1774170643.199975,1774170829.225435,431,84,184.432796,24.267170,1.929706,True,1.592665,1
763,1774170643.223096,1774171583.989537,1363,363,658.251466,110.657700,1.512690,True,282.514975,1
2038,1774170643.265076,1774172968.780515,1138,399,861.743272,0.000000,2.165184,True,1463.772166,3
2955,1774170643.294588,1774173600.429598,782,84,438.630166,73.161553,4.403236,True,2518.504844,2
423,1774170643.212179,1774171033.852518,1036,386,385.382065,88.268064,0.771725,True,5.258274,1
3550,1774170643.315131,1774174192.516021,1183,408,388.210194,64.202716,0.796087,True,3160.990696,1
593,1774170643.217714,1774171486.712932,1067,393,668.323360,11.676127,1.675120,True,175.171857,2
1273,1774170643.239236,1774171896.822769,1227,420,536.416880,48.700606,1.164001,True,717.166653,1
1868,1774170643.259684,1774172792.195526,1069,430,817.345759,66.430838,1.750384,True,1331.590083,2
3720,1774170643.320526,1774174241.058751,1094,383,316.732849,19.563404,0.777930,True,3281.005377,1
84,1774170643.200003,1774171224.636753,1115,421,579.833300,19.669376,1.333724,True,1.603450,1
764,1774170643.223125,1774171857.813383,1034,550,931.850603,106.989383,1.502479,True,282.739655,1
2039,1774170643.265109,1774172873.681020,1148,376,766.386598,0.000000,2.043698,True,1464.029314,3
2956,1774170643.294616,1774173585.465604,396,88,423.461390,88.241508,3.853102,True,2518.709598,2
424,1774170643.212209,1774171146.434207,1062,413,497.952669,113.705380,0.932639,True,5.269330,1
3551,1774170643.315160,1774174154.247783,1100,379,349.717334,33.655052,0.836144,True,3161.215290,1
594,1774170643.217744,1774171303.480884,402,73,484.580257,113.375017,5.155628,True,175.682883,2
1274,1774170643.239271,1774171915.205591,1024,429,554.789396,50.954202,1.177185,True,717.176924,1
1869,1774170643.259713,1774172563.600289,1136,396,587.118204,85.758273,1.269266,True,1333.222372,2
85,1774170643.200032,1774170809.604797,206,179,164.789806,16.005813,0.835865,True,1.614958,1
765,1774170643.223153,1774171427.818611,200,174,498.250029,120.665344,2.182570,True,286.345428,1
2040,1774170643.265137,1774172430.399308,424,115,321.545781,0.000000,2.820577,True,1465.588390,3
2957,1774170643.294646,1774173305.151950,1325,45,142.811368,95.263120,1.080642,True,2519.045937,1
425,1774170643.212238,1774171129.864642,1070,398,481.372041,108.868073,0.938297,True,5.280364,1
3552,1774170643.315189,1774174182.812087,978,414,378.270521,36.005610,0.828729,True,3161.226377,1
595,1774170643.217773,1774170959.481746,209,179,140.252861,2.430231,0.774284,True,176.011112,1
1275,1774170643.239301,1774171997.684805,1149,423,634.159903,99.968684,1.265856,True,720.285601,2
1870,1774170643.259743,1774172107.026689,1951,67,130.409926,73.783939,0.857970,True,1333.357020,1
86,1774170643.200064,1774170751.812503,400,91,106.987579,31.757626,0.835888,True,1.624859,1
766,1774170643.223182,1774171583.879082,998,373,653.389868,102.462795,1.480987,True,287.266032,1
2041,1774170643.265165,1774172395.683045,388,81,286.768006,0.000000,3.584600,True,1465.649873,3
2958,1774170643.294677,1774173928.087080,1212,396,765.633167,70.501187,1.759828,True,2519.159236,2
426,1774170643.212266,1774170917.667703,206,181,269.164785,103.140210,0.922359,True,5.290652,1
3553,1774170643.315222,1774174092.749083,409,98,287.155992,133.401592,1.585097,True,3162.277869,1
596,1774170643.217802,1774171618.931866,1047,401,798.418046,111.761753,1.716641,True,177.296017,2
1276,1774170643.239330,1774171927.315707,1063,428,563.409246,54.018519,1.192953,True,720.667131,1
1871,1774170643.259772,1774173034.147766,1044,527,1056.740481,160.080542,1.704677,True,1334.147512,2
3723,1774170643.320621,1774174076.333678,194,177,151.319047,18.874916,0.752523,True,3281.694010,1
87,1774170643.200094,1774170925.478361,1123,396,280.642323,9.349922,0.686816,True,1.635944,1
767,1774170643.223211,1774171489.741071,203,217,558.789881,119.281982,2.034759,True,287.727979,1
2042,1774170643.265197,1774172980.247966,1091,398,871.106174,0.000000,2.194222,True,1465.876595,3
2959,1774170643.294706,1774173971.120591,1090,424,808.563934,79.101317,1.724498,True,2519.261950,2
427,1774170643.212296,1774170872.746474,419,130,224.233151,113.673766,0.857049,True,5.301027,1
597,1774170643.217831,1774171241.287827,200,193,420.486161,23.838316,2.065874,True,177.583836,2
1277,1774170643.239360,1774172101.168497,1059,525,735.704526,105.918738,1.201881,True,722.224610,2
1872,1774170643.259802,1774173030.926796,1094,575,1053.057889,107.745338,1.646886,True,1334.609105,2
88,1774170643.200123,1774171019.811306,862,379,374.965083,14.714815,0.953043,True,1.646100,1
768,1774170643.223240,1774171521.857809,1317,268,590.793754,110.091822,1.800382,True,287.840815,1
2043,1774170643.265227,1774172400.833652,1484,89,289.711632,0.000000,3.292178,True,1467.856794,3
2960,1774170643.294735,1774173827.901646,1123,430,664.812043,104.689517,1.305647,True,2519.794868,2
428,1774170643.212325,1774170881.390711,181,132,232.866879,108.836432,0.946797,True,5.311507,1
3555,1774170643.315281,1774173923.763134,392,86,115.694286,25.218649,1.064419,True,3164.753567,1
598,1774170643.217861,1774171438.134011,942,404,617.218162,105.129088,1.270692,True,177.697989,2
1278,1774170643.239390,1774171952.819633,1085,442,586.013024,54.501782,1.205241,True,723.567219,1
1873,1774170643.259835,1774172933.660864,1086,446,955.565464,161.630384,1.784124,True,1334.835565,2
89,1774170643.200152,1774171164.892764,859,422,520.035358,13.615284,1.202898,True,1.657254,2
769,1774170643.223269,1774171621.494837,1001,399,690.307208,119.045691,1.435330,True,287.964360,1
2044,1774170643.265255,1774172466.589437,1312,182,353.800338,0.000000,1.954698,True,1469.523844,3
2961,1774170643.294764,1774173804.528569,1056,397,639.497059,107.657053,1.343030,True,2521.736747,2
429,1774170643.212354,1774171164.224550,1127,415,515.689548,103.107947,0.996574,True,5.322648,1
3556,1774170643.315310,1774174040.919684,125,211,232.798159,41.532629,0.910788,True,3164.806215,1
599,1774170643.217893,1774171688.081534,1072,446,866.991333,30.257158,1.880302,True,177.872308,2
1279,1774170643.239434,1774171989.362789,1023,446,622.441516,77.593810,1.224377,True,723.681839,1
1874,1774170643.259864,1774172553.374854,991,394,575.205816,74.243070,1.274714,True,1334.909174,2
3726,1774170643.320710,1774174141.347315,393,76,216.219185,93.813114,1.632081,True,3281.807420,1
90,1774170643.200184,1774171105.777282,890,402,460.909785,24.192585,1.089070,True,1.667313,1
770,1774170643.223302,1774171303.128827,167,168,371.766010,21.369125,2.098185,True,288.139515,1
2045,1774170643.265287,1774172681.352339,1031,404,568.389417,0.000000,1.410396,True,1469.697635,3
2962,1774170643.294802,1774173841.436700,1153,420,676.394273,126.520979,1.312347,True,2521.747626,2
430,1774170643.212386,1774171064.387021,1043,394,415.840713,113.641207,0.768955,True,5.333922,1
3557,1774170643.315343,1774174210.833626,1110,429,402.649532,60.324978,0.799824,True,3164.868751,1
600,1774170643.217925,1774171331.938624,1232,419,509.051376,2.502041,1.211841,True,179.669322,1
1280,1774170643.239465,1774171525.398081,1282,66,157.692626,80.433157,1.188607,True,724.465990,1
1875,1774170643.259893,1774172103.843378,383,59,125.519081,72.076383,0.921426,True,1335.064403,1
91,1774170643.200214,1774171173.202221,1192,419,528.323827,17.774984,1.221409,True,1.678181,2
771,1774170643.223334,1774171479.805152,1093,430,547.402388,0.000000,1.275996,True,289.179430,3
2046,1774170643.265316,1774172679.040394,1089,403,565.951614,0.000000,1.407840,True,1469.823464,3
2963,1774170643.294837,1774173630.565385,954,99,464.450230,66.839955,4.057248,True,2522.820318,2
431,1774170643.212428,1774170849.645628,413,95,201.089154,108.804209,0.981755,True,5.344046,1
601,1774170643.217957,1774171329.440480,373,91,505.434335,95.370249,4.556268,True,180.788188,2
1281,1774170643.239494,1774171755.471995,421,77,387.496792,115.489141,3.579048,True,724.735709,2
1876,1774170643.259923,1774172523.708678,976,388,545.312067,43.451622,1.296797,True,1335.136688,2
92,1774170643.200246,1774171151.676869,899,403,506.787551,11.719393,1.231513,True,1.689071,2
772,1774170643.223366,1774171253.667668,373,28,321.151322,0.000000,11.894493,True,289.292981,3
2047,1774170643.265346,1774172873.743739,1135,391,760.448828,0.000000,1.949869,True,1470.029566,3
2964,1774170643.294867,1774173714.715565,1177,399,548.548539,17.855425,1.333400,True,2522.872159,2
432,1774170643.212465,1774171016.574786,934,378,368.007667,103.075742,0.702737,True,5.354655,1
3559,1774170643.315403,1774173976.758591,401,145,165.730221,27.580370,0.959374,True,3167.712967,1
602,1774170643.217990,1774171424.661629,999,395,600.092293,107.706393,1.249710,True,181.351346,2
1282,1774170643.239524,1774172494.894477,1144,498,1126.188654,82.131754,2.100718,True,725.466299,3
1877,1774170643.259955,1774172565.101040,1158,400,584.374820,63.408240,1.305681,True,1337.466264,2
3729,1774170643.320798,1774174021.782615,393,86,94.256915,35.158144,0.695280,True,3284.204903,1
93,1774170643.200278,1774170950.025231,163,224,305.125804,19.573400,1.280504,True,1.699149,1
773,1774170643.223395,1774171307.269233,209,195,373.404012,0.000000,1.924763,True,290.641826,3
2048,1774170643.265381,1774172451.149975,391,88,337.831966,0.000000,3.883126,True,1470.052628,3
2965,1774170643.294895,1774173589.472109,405,92,423.138692,75.324229,3.822137,True,2523.038521,2
433,1774170643.212495,1774171016.788049,1039,379,368.210501,113.609581,0.673547,True,5.365054,1
3560,1774170643.315454,1774174188.207795,1352,155,376.870998,143.472437,1.515575,True,3168.021343,1
603,1774170643.218019,1774171376.869233,1146,426,552.187619,40.058578,1.205010,True,181.463594,2
1283,1774170643.239558,1774171530.185587,373,72,158.684431,88.251616,0.992011,True,728.261599,1
1878,1774170643.259984,1774173782.804432,1089,1000,1800.492822,71.030356,1.731194,True,1339.051625,3
3730,1774170643.320830,1774174041.166066,1455,43,113.517426,62.379744,1.217564,True,3284.327810,1
94,1774170643.200306,1774170828.899057,181,212,183.988396,15.910216,0.796579,True,1.710355,1
774,1774170643.223439,1774171409.683160,1314,161,475.393374,115.943751,2.246560,True,291.066348,1
2049,1774170643.265424,1774172681.299445,974,407,565.476689,0.000000,1.392800,True,1472.557332,3
2966,1774170643.294925,1774173579.616444,181,162,412.942255,66.868873,2.149524,True,2523.379263,2
434,1774170643.212528,1774170789.750006,91,24,141.161494,108.772099,1.408235,True,5.375985,1
604,1774170643.218048,1774171809.035181,1049,667,984.291804,45.513870,1.409576,True,181.525329,3
1284,1774170643.239587,1774171497.326889,324,18,125.815045,111.952331,0.815454,True,728.272258,1
1879,1774170643.260013,1774172526.613305,1031,388,544.259969,49.550637,1.278319,True,1339.093323,2
3731,1774170643.320859,1774173965.990475,243,14,38.289281,29.174427,0.701143,True,3284.380335,1
95,1774170643.200338,1774170744.871084,416,88,99.950391,31.661737,0.784927,True,1.720354,1
775,1774170643.223468,1774170957.786499,91,16,23.384490,18.330005,0.336966,True,291.178541,1
2050,1774170643.265469,1774172873.827591,1013,397,756.613887,0.000000,1.910641,True,1473.948235,3
2967,1774170643.294957,1774173705.566142,1119,377,538.717076,22.054020,1.374104,True,2523.554108,2
435,1774170643.212559,1774171064.497374,1017,393,415.898097,103.043732,0.798098,True,5.386719,1
605,1774170643.218077,1774171396.231987,1130,375,571.477307,100.493074,1.259316,True,181.536603,2
1285,1774170643.239616,1774171967.185477,1072,415,595.569252,92.428416,1.215316,True,728.376609,1
1880,1774170643.260042,1774172577.579528,1134,394,595.059446,95.207282,1.271888,True,1339.260040,2
3732,1774170643.320889,1774174029.155195,402,83,101.227461,41.967042,0.722688,True,3284.606845,1
96,1774170643.200376,1774171177.343885,1163,426,532.411751,9.253761,1.230960,True,1.731757,2
776,1774170643.223500,1774171701.823776,1072,446,766.226189,115.366358,1.462606,True,292.374086,1
2051,1774170643.265515,1774172445.293041,1316,151,327.940038,0.000000,2.186267,True,1474.087488,3
2968,1774170643.294987,1774173490.916702,946,129,322.151412,49.949875,2.126575,True,2525.470304,2
436,1774170643.212592,1774171300.619214,1007,468,652.008120,113.576535,1.152958,True,5.398502,1
3563,1774170643.315546,1774174037.231749,459,225,224.140129,27.455420,0.878057,True,3169.776074,1
606,1774170643.218107,1774171609.382095,1009,419,783.949349,69.003456,1.710397,True,182.214640,2
1286,1774170643.239646,1774172065.756984,1136,500,692.254650,75.405446,1.236171,True,730.262688,2
1881,1774170643.260074,1774172578.117963,1314,227,595.575659,103.071691,2.179221,True,1339.282230,2
3733,1774170643.320918,1774174110.636828,1522,85,182.543857,51.732253,1.557281,True,3284.772053,1
97,1774170643.200406,1774170709.682658,243,14,64.740077,13.530002,3.939237,True,1.742175,1
777,1774170643.223531,1774171290.713202,370,70,353.983042,0.000000,5.130189,True,293.506629,3
2052,1774170643.265547,1774172701.959146,1084,430,583.877530,0.000000,1.361020,True,1474.816070,3
2969,1774170643.295017,1774173722.950139,1184,394,553.897233,26.588134,1.341753,True,2525.757889,2
437,1774170643.212630,1774170819.227069,375,66,170.606107,108.739412,0.951795,True,5.408331,1
3564,1774170643.315576,1774173992.354672,396,104,179.252288,95.497216,0.813156,True,3169.786809,1
607,1774170643.218137,1774171371.490156,1317,320,546.005375,91.660996,1.424277,True,182.266644,2
1287,1774170643.239680,1774171906.091461,1141,411,532.402438,53.107384,1.169012,True,730.449343,1
1882,1774170643.260104,1774172416.394438,400,90,433.841649,108.981012,3.650120,True,1339.292684,2
98,1774170643.200474,1774171218.331504,1041,428,573.378417,14.608166,1.308595,True,1.752613,1
778,1774170643.223562,1774171222.715386,379,89,285.973957,0.000000,3.249704,True,293.517867,3
2053,1774170643.265579,1774172654.021564,1162,391,535.825516,0.000000,1.373912,True,1474.930468,3
2970,1774170643.295045,1774173543.541305,425,91,374.160985,84.711257,3.216108,True,2526.085275,2
438,1774170643.212770,1774170890.955011,10,146,242.323174,103.010890,0.960774,True,5.419067,1
3565,1774170643.315605,1774173912.805916,370,63,99.661303,29.892526,1.125303,True,3169.829009,1
608,1774170643.218170,1774170924.806756,921,114,99.166470,2.047643,0.859459,True,182.422116,1
1288,1774170643.239712,1774171962.310165,1012,416,588.504946,85.947264,1.210982,True,730.565507,1
1883,1774170643.260136,1774172952.817623,1025,604,966.822136,52.977325,1.515497,True,1342.735351,3
99,1774170643.200507,1774170883.619015,1350,146,238.655361,24.096130,1.479719,True,1.763148,1
779,1774170643.223601,1774171267.442242,1129,137,330.690071,0.000000,2.431545,True,293.528570,3
2054,1774170643.265609,1774172423.361067,1061,118,305.103673,0.000000,2.607724,True,1474.991785,3
2971,1774170643.295074,1774173342.136703,378,66,169.496544,108.564827,0.937411,True,2529.345086,1
439,1774170643.212802,1774171154.541372,994,414,505.898472,113.544665,0.950009,True,5.430097,1
3566,1774170643.315634,1774173912.634970,371,71,98.686648,20.997000,1.109852,True,3170.632688,1
609,1774170643.218200,1774171472.321204,1157,430,646.658647,0.000000,1.507363,True,182.444357,3
1289,1774170643.239742,1774171541.923113,405,90,168.003635,90.124691,0.875044,True,730.679736,1
1884,1774170643.260166,1774172624.584990,1052,415,638.475810,106.061863,1.286024,True,1342.849014,2
100,1774170643.200537,1774171112.911859,1104,396,467.936804,34.723753,1.096742,True,1.774518,1
780,1774170643.223630,1774171224.776937,372,91,287.931234,0.000000,3.199236,True,293.622073,3
2055,1774170643.265638,1774172918.691458,1046,428,798.896204,0.000000,1.870951,True,1476.529616,3
2972,1774170643.295102,1774173971.120390,1144,424,797.678977,68.216506,1.724498,True,2530.146311,2
440,1774170643.212833,1774170783.139305,298,18,134.485489,108.707030,1.516380,True,5.440983,1
3567,1774170643.315664,1774174210.833829,997,429,395.448474,53.123267,0.799825,True,3172.069691,1
610,1774170643.218230,1774171455.366334,1093,425,628.753378,105.662688,1.233704,True,183.394726,2
1290,1774170643.239772,1774171933.518892,1035,398,557.600223,93.144791,1.169913,True,732.678898,1
1885,1774170643.260195,1774172904.868890,1020,421,917.775184,0.000000,2.185179,True,1343.833511,3
3737,1774170643.321045,1774174125.396077,181,200,194.069016,38.567453,0.781415,True,3288.006016,1
866,1774170643.226365,1774171230.232955,908,90,151.516613,69.683297,0.919475,True,435.489976,1
2141,1774170643.268378,1774173049.377738,1080,375,655.753911,112.592657,1.452303,True,1750.355448,2
3313,1774170643.305947,1774174188.094975,1098,393,564.005908,55.545623,1.297093,True,2980.783119,1
1036,1774170643.231723,1774171535.169177,1007,395,312.030487,3.711544,0.782535,True,579.906967,1
2311,1774170643.273727,1774172735.284717,864,129,194.584269,68.598166,0.984266,True,1897.426721,1
2481,1774170643.279341,1774173099.672110,373,89,434.630134,0.000000,4.938979,True,2021.762635,3
867,1774170643.226399,1774171257.049711,404,126,178.322263,69.806717,0.868124,True,435.501048,1
2142,1774170643.268408,1774172578.008722,383,48,182.985037,113.905356,1.469780,True,1751.755277,1
3314,1774170643.305975,1774173801.240535,376,83,175.785948,101.821265,0.902008,True,2982.148611,1
1037,1774170643.231752,1774171535.281707,1024,393,310.839102,1.471053,0.789204,True,581.210853,1
2312,1774170643.273757,1774173208.713454,1150,395,666.159226,49.066184,1.566226,True,1899.280471,2
2482,1774170643.279371,1774172990.245703,387,68,325.089101,0.000000,4.852076,True,2021.877232,3
868,1774170643.226445,1774171505.860873,1296,448,427.123338,70.216619,0.798449,True,435.511091,1
2143,1774170643.268453,1774172514.810638,120,12,119.527673,111.938233,0.689949,True,1752.014513,1
3315,1774170643.306005,1774173797.510186,206,162,171.890515,35.546726,0.846856,True,2982.313666,1
1038,1774170643.231782,1774171803.600482,923,468,579.042984,1.725826,1.236225,True,581.325716,2
2313,1774170643.273786,1774172660.654752,386,69,118.089535,49.055418,1.015208,True,1899.291431,1
2483,1774170643.279400,1774173041.768837,1315,188,375.432244,108.961511,1.424977,True,2023.057193,1
869,1774170643.226479,1774171222.278919,396,87,143.530412,71.176149,0.841329,True,435.522028,1
2144,1774170643.268482,1774172552.340012,376,84,156.645710,79.140542,0.933797,True,1752.425819,1
3316,1774170643.306034,1774174220.838602,1099,386,594.292505,97.131761,1.291327,True,2983.240063,1
1039,1774170643.231811,1774172540.079890,1318,918,1315.440191,42.941244,1.387676,True,581.407889,2
2314,1774170643.273815,1774172649.422992,325,18,106.672255,91.464435,0.894578,True,1899.476922,1
2484,1774170643.279445,1774173096.032563,1315,154,428.666981,59.963418,2.409827,True,2024.086138,2
870,1774170643.226507,1774171448.260092,1035,411,369.501184,74.210028,0.720222,True,435.532401,1
2145,1774170643.268512,1774172705.751789,1315,199,310.015888,110.480966,1.007752,True,1752.467388,1
3317,1774170643.306063,1774173777.684884,1646,44,150.606952,113.602187,0.860576,True,2983.771869,1
1040,1774170643.231843,1774171380.066141,432,95,155.298828,17.292020,1.468158,True,581.535470,1
2315,1774170643.273844,1774173311.614337,1114,429,768.852719,163.851441,1.413554,True,1899.487774,1
2485,1774170643.279473,1774173072.377904,58,111,405.001446,63.435689,3.105143,True,2024.096985,2
871,1774170643.226537,1774171248.304505,416,99,169.534981,77.106410,0.943149,True,435.542987,1
2146,1774170643.268541,1774172596.745735,36,130,199.294971,77.384086,0.945046,True,1754.182223,1
3318,1774170643.306093,1774174111.542588,1019,396,483.337275,142.055948,0.864003,True,2984.899220,1
1041,1774170643.231871,1774171770.997789,1010,429,546.210273,2.557989,1.270216,True,581.555645,2
2316,1774170643.273874,1774173176.859610,1093,398,634.025133,102.624652,1.338540,True,1899.560603,2
2486,1774170643.279503,1774172965.846714,957,74,298.252484,21.312737,3.793695,True,2024.314728,2
872,1774170643.226566,1774171324.463979,167,205,245.684261,69.619570,0.863062,True,435.553152,1
2147,1774170643.268571,1774172542.745934,422,67,144.864770,77.040292,1.027644,True,1754.612593,1
3319,1774170643.306122,1774174167.572659,980,374,538.112940,54.449973,1.296684,True,2986.153597,1
1042,1774170643.231900,1774171360.402235,371,78,135.531193,37.939612,1.267423,True,581.639142,1
2317,1774170643.273902,1774173127.175194,1052,373,584.320018,91.360068,1.325161,True,1899.581274,1
2487,1774170643.279532,1774172976.500191,647,47,308.853104,0.000000,6.714198,True,2024.367555,3
873,1774170643.226594,1774171479.687859,907,429,400.897321,74.335069,0.762996,True,435.563944,1
2148,1774170643.268600,1774172514.254289,374,44,115.289724,80.124319,0.817800,True,1755.695965,1
3320,1774170643.306154,1774173703.309972,371,58,73.631477,31.487938,0.739360,True,2986.372340,1
1043,1774170643.231929,1774171300.839588,403,91,75.832803,3.715909,0.801299,True,581.774856,1
2318,1774170643.273960,1774173162.448037,1122,377,616.809289,110.251032,1.347229,True,1902.364788,1
2488,1774170643.279562,1774173585.680925,1022,426,916.120737,87.662820,1.949313,True,2026.280627,2
874,1774170643.226624,1774171373.797303,429,108,286.715756,84.913801,1.886000,True,443.854924,1
2149,1774170643.268633,1774172583.870000,1360,94,183.397278,77.937813,1.133973,True,1757.204090,1
3321,1774170643.306183,1774174089.486707,981,398,459.521372,117.350911,0.861890,True,2986.659152,1
1044,1774170643.231962,1774171302.492002,389,94,76.142482,2.257405,0.794463,True,583.117558,1
2319,1774170643.273992,1774173125.057260,1002,373,579.230410,68.295223,1.373482,True,1902.552858,2
2489,1774170643.279594,1774172828.401327,382,54,156.972260,103.869165,1.001945,True,2028.149473,1
875,1774170643.226652,1774171353.670875,1361,98,266.578387,96.426611,1.754142,True,443.865836,1
2150,1774170643.268662,1774173036.128960,1076,396,635.283957,78.244426,1.410227,True,1757.576341,2
3322,1774170643.306213,1774173795.062440,404,93,164.491192,93.106427,0.775921,True,2987.265035,1
1045,1774170643.231992,1774171953.046328,1072,468,726.126038,31.301596,1.487847,True,583.688298,2
2320,1774170643.274027,1774173200.868631,1071,405,652.472432,107.493618,1.348957,True,1905.122172,1
2490,1774170643.279624,1774173021.360709,392,105,348.829724,0.000000,3.354132,True,2029.251361,3
876,1774170643.226686,1774171454.432865,130,173,367.135540,83.125939,1.651219,True,444.070640,1
2151,1774170643.268692,1774172704.004665,1313,137,302.577849,161.258664,1.039112,True,1758.158124,1
3323,1774170643.306242,1774173771.561112,408,87,140.550445,84.238678,0.654788,True,2987.704425,1
1046,1774170643.232020,1774171318.128356,391,116,90.533980,1.661261,0.772806,True,584.362355,1
2321,1774170643.274057,1774172651.653472,1369,44,103.174319,64.334981,0.903240,True,1905.205096,1
2491,1774170643.279653,1774173643.305613,1155,403,970.711864,43.459613,2.306598,True,2029.314095,3
877,1774170643.226716,1774171507.740972,203,217,420.432851,83.115168,1.561656,True,444.081405,1
2152,1774170643.268721,1774172597.793166,890,89,195.515552,107.334452,1.002058,True,1759.008894,1
3324,1774170643.306272,1774173804.528849,705,66,172.353349,115.140616,0.880196,True,2988.869228,1
1047,1774170643.232050,1774171406.580847,396,105,178.295916,34.525351,1.382409,True,585.052881,1
2322,1774170643.274088,1774173209.582819,1160,468,659.245783,76.331024,1.248211,True,1907.062948,2
2492,1774170643.279683,1774173677.603975,1057,399,1004.896081,0.000000,2.524865,True,2029.428211,4
878,1774170643.226745,1774171325.428189,126,203,238.056354,68.503800,0.839369,True,444.145089,1
2153,1774170643.268750,1774173154.912983,1161,395,751.957393,203.216602,1.392743,True,1759.686839,1
3325,1774170643.306301,1774173927.643882,203,211,294.347617,54.424597,1.142491,True,2989.989964,1
1048,1774170643.232080,1774171355.455731,209,179,127.066525,0.978905,0.708357,True,585.157126,1
2323,1774170643.274128,1774172805.154532,1868,82,254.663195,166.981748,1.082487,True,1907.217209,1
2493,1774170643.279712,1774173281.791511,1129,417,608.980338,0.000000,1.463895,True,2029.531461,3
879,1774170643.226774,1774171388.899071,1082,105,296.151637,110.507620,1.785039,True,449.520661,1
2154,1774170643.268782,1774172614.355999,382,86,211.193574,122.916675,1.038552,True,1759.893643,1
3326,1774170643.306333,1774173836.725240,1176,114,203.314021,96.397737,0.946162,True,2990.104886,1
1049,1774170643.232112,1774171757.497216,1136,401,529.055448,11.676268,1.293448,True,585.209656,2
2324,1774170643.274183,1774172733.777404,1571,89,183.183065,73.685229,1.244294,True,1907.320157,1
2494,1774170643.279741,1774172959.393653,1358,51,286.530373,45.608231,4.818443,True,2029.583539,2
880,1774170643.226804,1774171300.384987,397,54,202.808768,85.943338,2.205008,True,454.349415,1
2155,1774170643.268812,1774172642.982112,397,86,239.541727,159.245315,0.944664,True,1760.171574,1
3327,1774170643.306383,1774174013.954520,1081,408,380.449498,34.351280,0.850364,True,2990.198638,1
1050,1774170643.232144,1774171501.262211,206,183,272.747970,19.249049,1.392851,True,585.282098,1
2325,1774170643.274237,1774172708.982462,719,113,156.637638,39.275634,1.047875,True,1909.070587,1
2495,1774170643.279770,1774173341.189104,1004,413,667.725224,90.913147,1.400029,True,2030.184110,1
881,1774170643.226834,1774171320.675617,383,72,220.311685,70.059444,2.116229,True,457.137098,1
2156,1774170643.268840,1774172587.931936,420,88,181.710019,99.994348,0.939261,True,1762.953077,1
1051,1774170643.232174,1774171388.616865,203,162,159.825309,33.945860,0.781860,True,585.559382,1
2326,1774170643.274292,1774172705.294670,413,102,151.916612,48.769991,1.021254,True,1910.103766,1
2496,1774170643.279799,1774172928.803351,391,97,254.471285,102.113885,1.587056,True,2031.052267,1
882,1774170643.226862,1774171431.376843,416,144,330.807752,102.686300,1.595255,True,457.342228,1
2157,1774170643.268869,1774173077.372522,1062,397,670.995840,124.653527,1.379652,True,1763.107813,2
3329,1774170643.306462,1774174184.753955,1037,388,549.167511,52.134893,1.284322,True,2992.279981,1
1052,1774170643.232204,1774171754.917336,1025,414,525.420369,9.337873,1.249594,True,586.264763,2
2327,1774170643.274357,1774173258.614885,1066,431,705.051067,106.377413,1.392264,True,1910.289461,1
2497,1774170643.279828,1774173522.963678,1004,399,848.519416,104.283851,1.869939,True,2031.164434,2
883,1774170643.226891,1774171693.290994,1072,411,592.711770,102.675804,1.195210,True,457.352333,1
2158,1774170643.268898,1774173022.825260,1122,377,616.374594,74.439691,1.441316,True,1763.181767,2
1053,1774170643.232237,1774171272.103004,944,40,42.205455,1.365705,1.047173,True,586.665312,1
2328,1774170643.274406,1774173161.049079,1058,419,606.436692,62.335913,1.301677,True,1911.337981,2
2498,1774170643.279860,1774173219.516867,989,426,542.126484,18.832224,1.231281,True,2034.110522,2
884,1774170643.226925,1774171384.326959,380,112,278.549194,64.645514,1.927060,True,462.550840,1
2159,1774170643.268929,1774173065.831357,1099,420,658.072421,103.870412,1.322678,True,1764.490007,1
3331,1774170643.306520,1774173670.816721,788,29,34.169225,11.592033,0.806328,True,2993.340976,1
1054,1774170643.232269,1774171911.072238,1227,625,680.836019,7.217661,1.079517,True,587.003950,2
2329,1774170643.274488,1774173247.346823,1000,375,692.723393,62.325047,1.685557,True,1911.348942,2
2499,1774170643.279892,1774172995.740562,459,90,317.552012,56.354599,2.934802,True,2034.908658,2
885,1774170643.226953,1774171757.647100,1161,440,651.653045,104.760972,1.245768,True,462.767102,1
2160,1774170643.268958,1774173020.860336,1048,379,613.091420,113.491567,1.321693,True,1764.499958,1
3332,1774170643.306551,1774173914.264709,175,164,275.459130,91.003422,1.131630,True,2995.499027,1
1055,1774170643.232297,1774171516.036947,1211,368,285.739106,2.253609,0.772440,True,587.065544,1
2330,1774170643.274544,1774172736.828212,404,68,179.871857,102.984567,1.147571,True,1913.681810,1
2500,1774170643.279922,1774172958.604532,373,80,279.830686,17.448936,3.321288,True,2035.493923,2
886,1774170643.226981,1774171515.397508,197,217,404.821865,100.179221,1.410383,True,467.348662,1
2161,1774170643.268988,1774173023.703567,1055,413,615.841557,80.600071,1.299130,True,1764.593022,1
3333,1774170643.306580,1774173805.586255,401,93,166.769792,90.992454,0.823667,True,2995.509883,1
1056,1774170643.232327,1774171667.836967,1186,377,436.048269,41.502969,1.049323,True,588.556372,1
2331,1774170643.274584,1774172963.247061,1484,159,405.535108,46.588173,2.271816,True,1914.437369,2
2501,1774170643.279951,1774173307.630669,1147,449,628.579705,0.000000,1.403080,True,2035.771013,3
887,1774170643.227010,1774171308.364640,368,62,195.671149,70.825449,2.046651,True,469.466480,1
2162,1774170643.269017,1774172602.721256,1006,44,192.990406,152.954820,0.931060,True,1766.461833,1
3334,1774170643.306610,1774174029.094560,1000,430,389.793903,26.336588,0.847220,True,2995.994047,1
1057,1774170643.232356,1774171400.211509,408,129,167.526165,30.052093,1.074016,True,589.452988,1
2332,1774170643.274615,1774172716.174613,400,98,156.625779,53.265424,1.065571,True,1916.274220,1
2502,1774170643.279980,1774172938.951029,1280,91,258.050833,105.024921,1.700288,True,2037.620216,1
888,1774170643.227040,1774171661.007785,1101,402,548.302895,57.718603,1.223402,True,469.477851,1
2163,1774170643.269046,1774172630.492465,1670,117,220.544775,106.376050,0.984213,True,1766.678645,1
3335,1774170643.306653,1774173731.265455,410,85,91.953597,26.325735,0.781284,True,2996.005204,1
1058,1774170643.232388,1774171757.496924,1139,373,524.708159,32.025652,1.324415,True,589.556378,2
2333,1774170643.274646,1774172701.948367,429,84,142.388057,53.254386,1.073900,True,1916.285664,1
2503,1774170643.280009,1774173617.027595,1037,410,936.025617,115.052319,2.007270,True,2037.721969,2
889,1774170643.227069,1774171422.668720,405,142,309.953147,70.803753,1.696095,True,469.488505,1
2164,1774170643.269075,1774172639.474850,411,81,228.120522,109.906224,1.477679,True,1768.085253,1
3336,1774170643.306683,1774173708.991811,374,63,69.587778,28.451896,0.663482,True,2996.097351,1
1059,1774170643.232431,1774171333.231641,419,130,100.319155,0.865649,0.770957,True,589.680054,1
2334,1774170643.274677,1774173163.085206,1054,414,603.360109,66.003689,1.301105,True,1916.450421,2
2504,1774170643.280038,1774172977.229311,869,48,295.919305,0.000000,6.296155,True,2038.029967,3
890,1774170643.227101,1774171409.456974,181,119,296.649116,97.947102,1.683915,True,469.580757,1
2165,1774170643.269105,1774172574.258536,1757,45,161.298748,115.565881,1.039383,True,1769.690683,1
3337,1774170643.306712,1774174022.931963,1113,423,382.337427,27.261817,0.841411,True,2997.287823,1
1060,1774170643.232466,1774172064.735927,1199,441,831.371640,154.233244,1.538951,True,590.131822,2
2335,1774170643.274712,1774172698.069983,691,51,138.148922,70.839099,1.346196,True,1916.646349,1
2505,1774170643.280070,1774172936.507091,371,69,255.144187,37.108511,3.206407,True,2038.082834,2
891,1774170643.227130,1774171320.561772,910,60,207.743740,104.931618,1.742578,True,469.590902,1
2166,1774170643.269136,1774173080.508451,999,419,665.690833,97.962513,1.358202,True,1771.548482,2
3338,1774170643.306742,1774173811.017245,1318,142,170.186623,45.199725,0.886432,True,2997.523880,1
1061,1774170643.232499,1774171367.973274,30,164,134.484701,37.988607,0.592001,True,590.256074,1
2336,1774170643.274754,1774172764.828166,396,90,202.296628,103.681578,1.108034,True,1919.256784,1
2506,1774170643.280100,1774173244.277385,1094,411,560.848675,41.246110,1.267323,True,2040.148611,2
892,1774170643.227159,1774171661.007976,994,396,548.178811,78.019219,1.190277,True,469.602005,1
2167,1774170643.269165,1774172571.075722,247,14,154.850589,146.460472,0.645394,True,1772.955969,1
1062,1774170643.232529,1774171657.375602,1008,373,423.589159,29.023917,1.060659,True,590.553914,1
2337,1774170643.274784,1774172739.367623,387,97,176.629307,68.021929,1.131327,True,1919.463532,1
2507,1774170643.280132,1774173657.410732,1108,442,971.956216,110.600167,1.953188,True,2042.174384,2
893,1774170643.227189,1774171848.380837,1201,497,735.457986,104.827303,1.271433,True,469.695661,1
2168,1774170643.269194,1774173112.743028,1020,388,696.506706,162.045345,1.381037,True,1772.967128,2
3340,1774170643.306801,1774174194.613684,1022,392,552.385871,47.754967,1.290616,True,2998.921012,1
1063,1774170643.232559,1774171675.023264,1150,387,439.636333,12.376134,1.106892,True,592.154372,1
2338,1774170643.274814,1774173154.699625,1185,384,591.951090,74.879136,1.350057,True,1919.473721,1
2508,1774170643.280161,1774172957.812283,394,79,272.117743,10.528275,3.353711,True,2042.414379,2
894,1774170643.227218,1774171352.982729,400,95,240.049056,75.125821,1.754502,True,469.706455,1
2169,1774170643.269223,1774172657.424597,442,99,241.024397,104.860211,1.389430,True,1773.130977,1
3341,1774170643.306831,1774173881.812591,1314,176,238.808049,75.065464,0.935672,True,2999.697711,1
1064,1774170643.232588,1774171706.060545,1009,399,470.663050,14.646572,1.145770,True,592.164907,1
2339,1774170643.274844,1774173836.832978,1130,609,1273.225629,85.655152,1.953241,True,1920.332505,3
2509,1774170643.280190,1774172982.934238,849,100,297.229464,17.607229,2.824467,True,2042.424583,2
895,1774170643.227248,1774171376.022791,404,101,263.078330,77.903551,1.851748,True,469.717212,1
2170,1774170643.269252,1774172500.373305,324,18,82.886993,70.975653,0.700667,True,1774.217060,1
3342,1774170643.306864,1774173827.901826,1704,107,184.886417,90.897430,0.886689,True,2999.708545,1
1065,1774170643.232617,1774171855.156273,1231,526,619.655633,16.087182,1.149654,True,592.268023,2
2340,1774170643.274874,1774172949.949566,1313,145,386.179082,96.649891,2.010619,True,1920.495610,2
2510,1774170643.280219,1774172968.910219,403,86,283.194360,17.596565,3.124680,True,2042.435640,2
896,1774170643.227280,1774171633.323855,1001,371,520.368749,104.794732,1.123173,True,469.727825,1
2171,1774170643.269284,1774173053.181618,1009,410,633.296918,104.564823,1.292744,True,1776.615416,1
3343,1774170643.306894,1774174083.843166,1107,398,440.817025,97.993932,0.863534,True,2999.719247,1
1066,1774170643.232646,1774171766.735020,1027,414,531.181336,1.408680,1.282743,True,592.321038,2
2341,1774170643.274904,1774172729.394927,398,123,164.290872,41.285445,1.008241,True,1921.829151,1
2511,1774170643.280249,1774173055.662910,1314,152,369.864380,53.623278,2.094312,True,2042.518282,2
897,1774170643.227309,1774171697.217030,1004,412,568.289243,59.131750,1.238826,True,485.700478,1
2172,1774170643.269313,1774172576.316721,391,104,155.304263,59.877621,0.926472,True,1777.743145,1
1067,1774170643.232679,1774171365.461141,203,181,129.558224,19.521481,0.611315,True,592.670238,1
2342,1774170643.274934,1774173301.607095,1121,423,734.481066,61.740873,1.594171,True,1923.851095,2
2512,1774170643.280278,1774173581.943609,1063,374,893.827812,114.449961,2.089485,True,2044.835520,2
898,1774170643.227339,1774171647.911702,1118,385,518.973347,69.561197,1.170344,True,485.711016,1
2173,1774170643.269342,1774172709.436213,1313,157,288.145625,130.816960,1.008517,True,1778.021246,1
1068,1774170643.232708,1774171497.214365,388,103,261.249100,151.632100,1.074676,True,592.732556,1
2343,1774170643.274964,1774172709.156294,428,101,141.977851,39.211128,1.027667,True,1923.903480,1
2513,1774170643.280311,1774172942.358102,851,85,254.230735,122.758002,1.565152,True,2044.847057,1
899,1774170643.227368,1774171388.561043,391,98,258.684858,90.820813,1.730557,True,486.648817,1
2174,1774170643.269375,1774172700.687574,1317,198,278.996315,78.157647,1.019486,True,1778.421885,1
1069,1774170643.232738,1774171693.400851,1231,394,456.058747,35.949550,1.068980,True,594.109365,1
2344,1774170643.274993,1774173275.598326,1077,391,708.306764,43.713412,1.704086,True,1924.016569,2
2514,1774170643.280340,1774172994.389667,902,76,304.382772,0.000000,4.058437,True,2046.726554,3
900,1774170643.227397,1774171335.831819,374,70,205.946186,90.810361,1.668635,True,486.658236,1
2175,1774170643.269403,1774172643.039122,386,99,219.667286,128.735597,0.927874,True,1780.102432,1
3347,1774170643.307019,1774173780.398110,405,87,133.039644,55.827612,0.897814,True,3004.051447,1
1070,1774170643.232772,1774171796.960095,1029,438,559.260171,6.373915,1.265186,True,594.467152,2
2345,1774170643.275028,1774172775.637905,1341,50,206.679274,154.686021,1.061087,True,1925.683603,1
2515,1774170643.280370,1774172984.588390,385,78,292.891846,33.840967,3.364297,True,2048.416174,2
901,1774170643.227443,1774171263.556123,395,132,128.630507,15.878437,0.860703,True,491.698172,1
2176,1774170643.269450,1774173017.881510,1043,401,594.198721,68.407851,1.314477,True,1780.413339,1
3348,1774170643.307049,1774174051.733065,1064,393,402.791745,59.592897,0.875507,True,3005.634271,1
1071,1774170643.232802,1774171923.551670,1009,385,685.676429,159.493039,1.370269,True,594.642438,2
2346,1774170643.275057,1774172738.485398,384,69,169.363441,97.091185,1.062827,True,1925.846900,1
2516,1774170643.280407,1774173271.540813,1039,411,579.689817,0.000000,1.413878,True,2048.570589,3
902,1774170643.227473,1774171436.254385,1318,151,300.879924,63.124956,1.585033,True,492.146987,1
2177,1774170643.269480,1774172542.746118,1165,45,119.052729,73.740952,1.029813,True,1780.423909,1
3349,1774170643.307081,1774173759.700528,387,117,110.654713,18.810262,0.791763,True,3005.738734,1
1072,1774170643.232831,1774171779.215091,1205,391,541.225120,33.487596,1.301891,True,594.757140,2
2347,1774170643.275085,1774173131.203802,1085,363,561.384558,58.873985,1.388151,True,1926.544159,2
2517,1774170643.280452,1774173624.078261,1094,411,931.043956,12.137494,2.241235,True,2049.753854,3
903,1774170643.227503,1774171421.772991,373,126,286.283276,85.206438,1.608615,True,492.262212,1
2178,1774170643.269510,1774173077.486299,1028,414,652.529834,87.823586,1.367327,True,1781.686955,2
3350,1774170643.307111,1774174121.389904,1049,429,472.057767,104.169544,0.859552,True,3006.025026,1
1073,1774170643.232860,1774171315.895712,393,99,76.989009,1.857111,0.766652,True,595.673843,1
2348,1774170643.275115,1774172711.596693,404,93,140.512165,41.729503,1.073725,True,1927.809413,1
2518,1774170643.280482,1774173616.919241,981,409,921.910197,107.041739,1.997227,True,2051.728562,2
904,1774170643.227532,1774171514.952677,167,217,375.681095,59.227931,1.465061,True,496.044050,1
2179,1774170643.269544,1774172638.891104,1821,143,212.691195,71.239774,0.996137,True,1782.930366,1
3351,1774170643.307141,1774173935.737999,181,205,285.731380,60.186544,1.105612,True,3006.699478,1
1074,1774170643.232889,1774171307.600261,369,52,67.119909,36.142675,0.607397,True,597.247463,1
2349,1774170643.275144,1774172972.909041,1386,125,401.772609,93.655087,2.484819,True,1927.861288,2
2519,1774170643.280512,1774172975.264828,1999,97,280.143329,127.026507,1.594967,True,2051.840987,1
905,1774170643.227564,1774171371.605091,404,96,232.221118,68.312981,1.725349,True,496.156409,1
2180,1774170643.269577,1774172503.928900,237,14,73.632647,67.137747,0.499608,True,1787.026676,1
1075,1774170643.232921,1774171755.303861,1010,393,514.013176,2.474143,1.304947,True,598.057764,2
2350,1774170643.275176,1774172706.734839,382,57,135.005701,65.898707,1.234053,True,1928.453963,1
2520,1774170643.280549,1774173018.096452,386,80,321.236178,0.000000,4.066281,True,2053.579724,3
906,1774170643.227594,1774171360.171440,399,91,217.970063,65.495887,1.694158,True,498.973783,1
2181,1774170643.269607,1774173101.472737,1151,434,671.062323,87.451643,1.347831,True,1787.140808,2
3353,1774170643.307205,1774174083.956317,999,396,432.270690,84.074401,0.881510,True,3008.378422,1
1076,1774170643.232951,1774171757.775855,1049,395,516.473891,2.462915,1.304596,True,598.069012,2
2351,1774170643.275205,1774172733.985262,396,104,161.644035,56.352113,1.022252,True,1929.066021,1
2521,1774170643.280596,1774173051.860237,1315,145,354.774055,0.000000,2.463709,True,2053.805587,3
907,1774170643.227623,1774171277.861350,309,18,135.455741,78.290441,3.362665,True,499.177985,1
2182,1774170643.269636,1774172705.751960,1484,159,275.289081,116.398794,1.005635,True,1787.193243,1
3354,1774170643.307234,1774174130.578331,1069,450,478.881675,90.698019,0.864552,True,3008.389422,1
1077,1774170643.232980,1774171300.100509,387,73,58.632681,2.681817,0.777095,True,598.234848,1
2352,1774170643.275234,1774172990.406518,410,152,417.784403,92.169187,2.156392,True,1929.346882,2
2522,1774170643.280627,1774172955.802385,371,100,257.728618,103.976746,1.553049,True,2054.793140,1
908,1774170643.227652,1774171363.902640,914,100,217.676540,52.273308,1.670740,True,502.998448,1
2183,1774170643.269668,1774172657.103549,427,93,226.599343,100.972587,1.365508,True,1787.234538,1
3355,1774170643.307266,1774174094.415929,1040,403,438.762837,94.666476,0.855961,True,3012.345826,1
1078,1774170643.233012,1774171763.301035,1010,397,521.553401,3.463062,1.308309,True,598.514621,2
2353,1774170643.275269,1774172765.264995,993,40,191.211054,152.170346,1.001044,True,1930.778673,1
2523,1774170643.280748,1774172975.265000,405,93,276.748014,125.865066,1.640032,True,2055.236238,1
909,1774170643.227681,1774171379.948970,398,99,233.610074,61.357973,1.757675,True,503.111215,1
2184,1774170643.269701,1774173166.104366,1207,400,735.373204,180.681929,1.390204,True,1787.461461,1
3356,1774170643.307296,1774174117.552528,961,429,461.444669,86.286837,0.876537,True,3012.800564,1
1079,1774170643.233040,1774171799.088872,912,442,557.331233,7.985812,1.245681,True,598.524599,2
2354,1774170643.275298,1774172711.821177,391,57,137.560667,75.002116,1.117117,True,1930.985212,1
2524,1774170643.280781,1774172975.813997,783,46,275.751313,0.000000,6.127807,True,2056.781903,3
910,1774170643.227710,1774171719.265389,923,416,572.823272,79.907451,1.187749,True,503.214407,1
2185,1774170643.269731,1774173153.444701,1001,407,720.776765,69.286471,1.604656,True,1789.398205,2
3357,1774170643.307427,1774174100.339318,988,401,444.003940,93.984034,0.875050,True,3013.027951,1
1080,1774170643.233068,1774171690.617123,981,393,448.427959,20.621243,1.091344,True,598.956095,1
2355,1774170643.275327,1774173137.724727,1190,375,562.900820,66.799187,1.326475,True,1931.548581,1
2525,1774170643.280816,1774173665.564971,1054,397,964.893776,130.375701,2.107369,True,2057.390378,2
911,1774170643.227739,1774171228.434896,392,91,78.139995,1.034957,0.856723,True,507.067163,1
2186,1774170643.269761,1774172811.334761,50,168,377.609480,177.687843,1.197136,True,1790.455520,1
1081,1774170643.233098,1774171710.359893,1083,397,465.112717,20.690757,1.122278,True,602.014078,1
2356,1774170643.275357,1774172722.939821,1912,72,146.618137,68.814063,1.095832,True,1933.046328,1
2526,1774170643.280846,1774173789.096671,1200,518,1088.404530,41.975163,2.024041,True,2057.411296,3
912,1774170643.227771,1774171471.333802,206,171,319.744401,60.337412,1.525923,True,508.361630,1
2187,1774170643.269790,1774172568.947788,1381,40,135.109586,72.912892,1.594787,True,1790.568411,1
1082,1774170643.233127,1774171291.657741,1076,51,46.202915,2.724833,0.869562,True,602.221700,1
2357,1774170643.275386,1774173176.859269,1101,430,600.312227,45.458677,1.293365,True,1933.271656,2
2527,1774170643.280876,1774172933.112139,430,86,232.222875,101.161181,1.541902,True,2057.608389,1
913,1774170643.227800,1774171466.337057,1231,416,314.654467,2.198087,0.752907,True,508.454790,1
2188,1774170643.269819,1774172589.063957,396,93,153.826820,64.611752,0.969729,True,1791.967317,1
3360,1774170643.307528,1774173746.723319,1508,49,88.867159,52.337027,0.761044,True,3014.548632,1
1083,1774170643.233155,1774171843.902030,1195,507,598.436510,2.713939,1.177317,True,602.232364,2
2358,1774170643.275430,1774172965.124732,719,113,387.535925,83.805003,2.711883,True,1934.313377,2
2528,1774170643.280909,1774173224.696578,1039,404,522.726770,10.775153,1.270351,True,2058.688899,2
914,1774170643.227832,1774171487.667327,1181,415,335.807596,18.711123,0.765934,True,508.631899,1
2189,1774170643.269849,1774173115.449855,1040,396,678.159350,134.977109,1.375145,True,1794.020656,2
3361,1774170643.307559,1774173684.032509,317,18,25.253035,13.950992,0.664826,True,3015.471915,1
1084,1774170643.233184,1774171779.043238,1007,415,533.239742,3.635282,1.279238,True,602.570312,2
2359,1774170643.275463,1774172798.874086,1314,144,220.854582,67.040279,1.075624,True,1934.744041,1
2529,1774170643.280939,1774173241.478518,1093,411,539.497443,16.830721,1.274797,True,2058.700136,2
915,1774170643.227860,1774171216.314785,374,73,64.402840,2.257242,0.863133,True,508.684084,1
2190,1774170643.269878,1774172651.872934,394,88,214.457457,94.061183,1.383865,True,1794.145599,1
3362,1774170643.307589,1774173886.565322,393,116,227.714104,115.579666,0.975082,True,3015.543629,1
1085,1774170643.233213,1774171382.799335,167,217,136.985273,3.624998,0.617409,True,602.580849,1
2360,1774170643.275493,1774173233.531901,1024,395,655.410053,104.720950,1.397688,True,1934.846354,1
2530,1774170643.280969,1774173674.039782,1014,660,970.028525,0.000000,1.471970,True,2060.730288,4
916,1774170643.227890,1774171270.230913,396,120,116.219498,0.921467,0.968891,True,510.783525,1
2191,1774170643.269907,1774172583.760685,378,48,146.334257,94.050247,1.112426,True,1794.156520,1
3363,1774170643.307619,1774173813.081012,371,63,154.022514,97.418226,0.912972,True,3015.750879,1
1086,1774170643.233242,1774171332.056549,379,60,83.918927,17.800344,1.120654,True,604.904380,1
2361,1774170643.275523,1774173148.966480,1126,397,568.751243,38.526931,1.338950,True,1936.939714,2
2531,1774170643.280999,1774173589.691303,1069,383,885.127309,84.660600,2.095463,True,2061.282995,2
917,1774170643.227919,1774171508.743952,181,209,354.196955,57.379442,1.427007,True,511.319079,1
2192,1774170643.269940,1774173203.979140,1307,501,766.428470,147.698412,1.237460,True,1794.280730,2
3364,1774170643.307648,1774173984.056568,920,104,324.641440,167.371196,1.526896,True,3016.107480,1
1087,1774170643.233271,1774171737.018924,1230,414,488.767784,22.226346,1.129640,True,605.017869,1
2362,1774170643.275553,1774173675.149392,976,599,1093.991171,67.785760,1.716063,True,1937.882668,2
2532,1774170643.281028,1774173292.923758,1056,431,587.625537,0.000000,1.366571,True,2062.017192,3
918,1774170643.227951,1774171335.713534,1658,82,181.155676,43.941871,1.693998,True,511.329906,1
2193,1774170643.269971,1774173131.413350,974,402,691.860005,82.126254,1.520533,True,1796.283374,2
3365,1774170643.307682,1774173871.312549,1118,141,211.795313,60.940248,1.077536,True,3016.209553,1
1088,1774170643.233302,1774171302.775476,1596,52,54.461038,11.741530,0.837637,True,605.081136,1
2363,1774170643.275587,1774173169.372347,1110,427,587.463625,42.300671,1.279725,True,1938.633136,2
2533,1774170643.281058,1774173009.944324,402,93,304.181979,0.000000,3.306326,True,2062.481286,3
919,1774170643.227981,1774171449.201560,165,158,294.633440,57.358382,1.511306,True,511.340138,1
2194,1774170643.270001,1774173194.363045,1129,467,753.193702,154.442209,1.284874,True,1797.899342,2
3366,1774170643.307713,1774173827.960343,382,61,165.678007,107.978981,0.961650,True,3018.974624,1
1089,1774170643.233331,1774171847.392142,1195,507,599.025071,4.318439,1.175310,True,605.133740,2
2364,1774170643.275616,1774173186.470208,1091,401,604.446766,85.257664,1.297973,True,1938.747826,2
2534,1774170643.281091,1774173007.752814,1730,107,301.979527,26.951880,2.594600,True,2062.492196,2
920,1774170643.228009,1774171415.980613,405,133,261.400649,51.698096,1.588656,True,511.351955,1
2195,1774170643.270030,1774173144.777321,1040,388,703.524393,173.494234,1.369587,True,1797.982898,1
3367,1774170643.307743,1774173824.617975,410,129,160.480795,44.396929,0.906905,True,3020.829437,1
1090,1774170643.233361,1774171288.102771,1201,45,37.885452,5.207024,0.742692,True,606.983959,1
2365,1774170643.275646,1774173235.639396,1093,396,653.387826,105.191373,1.387839,True,1938.975925,1
2535,1774170643.281121,1774173162.002462,31,234,455.262004,105.476563,1.501225,True,2063.459337,1
921,1774170643.228038,1774171697.442126,1205,409,542.789683,67.984961,1.163737,True,511.424405,1
2196,1774170643.270059,1774173043.899635,1159,405,602.543799,77.558468,1.299469,True,1798.085777,1
3368,1774170643.307772,1774174065.529122,1108,434,401.277320,28.741995,0.860359,True,3020.944030,1
1091,1774170643.233390,1774171331.501924,931,92,80.995391,21.239527,0.656658,True,607.273143,1
2366,1774170643.275676,1774173187.178652,983,400,604.711332,69.066336,1.342469,True,1939.191643,1
2536,1774170643.281150,1774172963.361277,386,90,256.609805,109.887860,1.648561,True,2063.470322,1
922,1774170643.228067,1774171670.527736,1120,397,515.864098,51.614059,1.172349,True,511.435570,1
2197,1774170643.270088,1774173083.708266,946,398,640.862502,87.164553,1.394705,True,1799.575675,2
3369,1774170643.307802,1774173704.328762,325,18,40.066716,28.731665,0.666768,True,3020.954243,1
1092,1774170643.233433,1774171742.189629,1264,416,490.735672,29.588644,1.111198,True,608.220524,1
2367,1774170643.275706,1774172876.123814,1314,152,293.228520,111.546056,1.203195,True,1939.619588,1
2537,1774170643.281182,1774172986.531394,421,92,279.676892,124.192386,1.708621,True,2063.573320,1
923,1774170643.228100,1774171309.657557,367,49,154.982714,67.962501,1.812921,True,511.446743,1
2198,1774170643.270117,1774173072.597675,967,419,628.054410,74.371330,1.324601,True,1801.273147,1
3370,1774170643.307836,1774173811.333030,397,100,145.757261,64.233206,0.823475,True,3022.267933,1
1093,1774170643.233464,1774171457.435487,1351,145,205.741695,25.795199,1.249628,True,608.460328,1
2368,1774170643.275737,1774173197.911308,1015,458,614.789447,41.285245,1.254933,True,1939.846125,2
2538,1774170643.281212,1774173047.663379,1351,140,338.846762,0.000000,2.437746,True,2065.535405,3
924,1774170643.228129,1774171241.744357,405,96,86.504806,1.170253,0.898258,True,512.011423,1
2199,1774170643.270146,1774173077.541152,1109,383,632.237420,94.993946,1.406397,True,1802.033587,2
3371,1774170643.307866,1774173782.370405,398,92,116.576205,54.663103,0.680364,True,3022.486335,1
1094,1774170643.233494,1774171392.475354,386,86,140.771211,25.784685,1.352783,True,608.470649,1
2369,1774170643.275767,1774173242.006442,1152,395,658.241765,110.676906,1.389759,True,1940.488911,1
2539,1774170643.281241,1774173266.653738,1072,402,557.662697,0.000000,1.390680,True,2065.709799,3
925,1774170643.228162,1774171222.279111,442,78,66.108712,1.085175,0.844462,True,512.942237,1
2200,1774170643.270178,1774173180.812982,1171,526,735.498253,79.659627,1.249216,True,1802.044552,2
3372,1774170643.307896,1774174232.272817,1125,399,564.056668,59.065593,1.268822,True,3024.908254,1
1095,1774170643.233523,1774171710.139065,1227,392,458.423763,30.977132,1.093214,True,608.481778,1
2370,1774170643.275800,1774172779.066721,12,113,195.188112,67.654995,1.138689,True,1940.602810,1
2540,1774170643.281271,1774173587.404178,1144,551,878.237357,0.000000,1.596795,True,2065.885551,4
926,1774170643.228191,1774171464.935078,1009,399,308.111232,1.665177,0.769965,True,513.595654,1
2201,1774170643.270210,1774172605.224550,1670,65,159.878199,94.951319,1.014482,True,1802.076141,1
1096,1774170643.233560,1774171730.707050,1009,399,478.980758,33.615155,1.119009,True,608.492732,1
2371,1774170643.275830,1774173332.790076,1125,468,748.900788,110.552299,1.366913,True,1940.613459,1
2541,1774170643.281299,1774173282.018915,1045,412,572.575017,0.000000,1.393127,True,2066.162599,3
927,1774170643.228221,1774171250.495531,375,94,93.117442,1.634506,0.983687,True,514.149868,1
2202,1774170643.270240,1774173077.021272,1039,399,629.188242,94.790821,1.342707,True,1804.562790,1
3374,1774170643.307954,1774173774.955962,2045,60,104.131292,53.553781,0.857246,True,3027.516716,1
1097,1774170643.233593,1774171921.529379,1007,385,668.710029,146.028029,1.361151,True,609.585757,2
2372,1774170643.275868,1774173186.300085,1024,410,600.924289,64.593581,1.311322,True,1942.099927,2
2542,1774170643.281331,1774173694.666709,1054,443,983.664967,125.875241,1.940701,True,2067.720411,2
928,1774170643.228250,1774171470.578657,1009,399,312.914016,4.016414,0.776125,True,514.436391,1
2203,1774170643.270269,1774173118.667480,1184,405,670.638859,116.838223,1.370794,True,1804.758352,2
1098,1774170643.233623,1774171759.731381,1231,373,506.634260,16.835840,1.316662,True,609.863498,2
2373,1774170643.275898,1774172729.224880,1571,89,143.673994,52.991588,1.030482,True,1942.274987,1
2543,1774170643.281360,1774173668.329275,983,378,956.732156,0.000000,2.537751,True,2068.315758,4
929,1774170643.228280,1774171302.549344,1313,162,143.468798,15.718012,0.793483,True,515.852266,1
2204,1774170643.270298,1774172731.334879,421,99,282.310081,165.722729,1.189667,True,1805.754500,1
3376,1774170643.308012,1774173835.518120,200,165,163.224512,20.699870,0.869053,True,3028.985595,1
1099,1774170643.233652,1774171507.517764,130,185,253.839331,12.259444,1.312934,True,610.444781,1
2374,1774170643.275928,1774172823.257371,376,91,236.414466,142.840446,1.039711,True,1943.566977,1
2544,1774170643.281389,1774173907.948731,1162,595,1196.289335,0.000000,2.013955,True,2068.378008,4
930,1774170643.228309,1774171494.557903,1133,432,335.074739,1.568931,0.773795,True,516.254855,1
2205,1774170643.270327,1774173273.471071,1046,398,823.829055,125.421552,1.759213,True,1806.371690,2
3377,1774170643.308042,1774174051.847105,997,418,379.542253,20.688878,0.860560,True,3028.996810,1
1100,1774170643.233685,1774171309.989220,391,76,54.438069,0.856091,0.714426,True,612.317466,1
2375,1774170643.275961,1774173196.441153,1049,411,608.665995,84.227441,1.279118,True,1944.499197,2
2545,1774170643.281437,1774172972.795447,2042,45,260.971576,28.981040,5.272512,True,2068.542434,2
931,1774170643.228342,1774171235.896942,385,77,76.115982,15.017599,0.803926,True,516.552619,1
2206,1774170643.270369,1774173221.458905,1034,428,770.813904,170.022804,1.407005,True,1807.374633,1
3378,1774170643.308071,1774173895.520765,203,181,221.874719,55.195197,0.925997,True,3030.337975,1
1101,1774170643.233714,1774171320.549889,380,86,63.493233,1.238325,0.732411,True,613.822942,1
2376,1774170643.275991,1774172723.052058,1139,50,135.113379,89.329540,0.934364,True,1944.662688,1
2546,1774170643.281467,1774173626.540139,1026,408,913.733449,85.949729,2.033867,True,2069.525222,2
932,1774170643.228374,1774171485.368267,1296,405,325.359983,7.557128,0.786641,True,516.779910,1
2207,1774170643.270398,1774172672.525346,373,93,221.364493,124.923170,1.048275,True,1807.890455,1
3379,1774170643.308101,1774173797.106529,374,40,123.055914,85.583915,0.960820,True,3030.742514,1
1102,1774170643.233744,1774171344.859685,407,106,87.739421,19.502991,0.649871,True,613.886520,1
2377,1774170643.276020,1774173187.774612,977,411,598.708665,62.353135,1.308184,True,1945.789927,2
2547,1774170643.281497,1774173322.001227,1041,464,609.184369,0.000000,1.315733,True,2069.535361,3
933,1774170643.228404,1774171518.271946,1199,440,358.252501,7.546118,0.798876,True,516.791042,1
2208,1774170643.270442,1774172622.968094,890,115,170.378403,56.298704,1.000699,True,1809.319249,1
3380,1774170643.308131,1774173854.653565,181,95,179.497330,76.686323,1.093734,True,3031.848104,1
1103,1774170643.233773,1774171926.130187,1136,377,668.947903,144.293340,1.395358,True,613.948510,2
2378,1774170643.276050,1774173150.264583,1076,375,561.022928,51.173694,1.363233,True,1945.965605,2
2548,1774170643.281526,1774173665.783398,1069,414,952.873440,126.941194,1.999836,True,2069.628432,2
934,1774170643.228447,1774171307.942243,1321,180,146.761824,2.828650,0.804096,True,517.951972,1
2209,1774170643.270472,1774172617.831499,377,51,164.973764,89.766129,1.504153,True,1809.587263,1
3381,1774170643.308161,1774173939.451073,1176,77,264.181419,156.600203,1.415542,True,3031.961493,1
1104,1774170643.233803,1774171321.060329,956,65,62.636335,22.741876,0.623351,True,615.190191,1
2379,1774170643.276079,1774173221.570714,1131,413,631.372305,71.077204,1.359940,True,1946.922330,1
2549,1774170643.281555,1774173589.801560,1190,375,875.723575,90.735199,2.098899,True,2070.796430,2
935,1774170643.228475,1774171245.792334,437,92,83.925694,1.948590,0.900847,True,518.638165,1
2210,1774170643.270506,1774172770.155756,426,126,317.082358,167.594612,1.195902,True,1809.802892,1
3382,1774170643.308190,1774174236.734096,1046,396,561.361140,61.151635,1.266353,True,3032.064765,1
1105,1774170643.233833,1774171768.558474,1262,395,509.898108,3.033000,1.286460,True,615.426533,2
2380,1774170643.276109,1774173230.997548,1008,446,639.078258,85.348909,1.244336,True,1948.643182,2
2550,1774170643.281585,1774173009.779057,1280,93,294.974510,0.000000,3.206245,True,2071.522961,3
936,1774170643.228505,1774171233.358287,440,84,71.427212,2.377747,0.831921,True,518.702570,1
2211,1774170643.270535,1774172658.992508,1508,76,203.537274,128.571973,0.999537,True,1812.184698,1
3383,1774170643.308227,1774173953.591831,181,284,277.344718,16.746605,0.920841,True,3032.938885,1
1106,1774170643.233863,1774171913.597748,181,357,651.606497,143.535567,1.427166,True,618.757388,2
2381,1774170643.276140,1774173000.168329,1353,182,406.976547,49.441339,1.975333,True,1949.915641,2
2551,1774170643.281618,1774173318.736897,1107,454,603.759199,0.000000,1.332802,True,2071.696080,3
937,1774170643.228534,1774171325.604557,381,67,161.488627,60.396112,1.531705,True,520.887396,1
2212,1774170643.270568,1774173112.743302,1059,410,657.236269,99.035805,1.364793,True,1812.236464,2
3384,1774170643.308257,1774173832.594476,373,81,156.285229,83.325465,0.911997,True,3033.000990,1
1107,1774170643.233893,1774171285.591846,91,16,22.524274,4.615178,1.193940,True,619.833680,1
2382,1774170643.276170,1774172712.810040,730,42,119.555450,82.670152,0.899641,True,1949.978420,1
2552,1774170643.281648,1774173315.759673,1162,450,599.580512,0.000000,1.335369,True,2072.897513,3
938,1774170643.228564,1774171391.865707,420,103,227.739096,58.510885,1.659100,True,520.898046,1
2213,1774170643.270598,1774173058.695090,1196,410,601.274294,72.476530,1.292904,True,1814.150199,1
1108,1774170643.233923,1774171725.339792,1086,397,462.033847,26.318585,1.100291,True,620.072023,1
2383,1774170643.276199,1774173301.389621,1240,398,707.491581,139.758452,1.430058,True,1950.621841,1
2553,1774170643.281677,1774173019.743681,390,105,303.196896,0.000000,2.915355,True,2073.265107,3
939,1774170643.228593,1774171779.091815,1060,449,614.860318,60.280678,1.237901,True,521.002904,1
2214,1774170643.270627,1774173115.599630,1072,419,658.064962,95.906178,1.344877,True,1814.264041,1
3386,1774170643.308317,1774174113.798167,1006,411,435.507997,78.041188,0.871870,True,3034.981853,1
1109,1774170643.233952,1774171801.463345,1112,432,537.961526,3.003874,1.241201,True,620.267866,2
2384,1774170643.276316,1774172798.984466,398,105,204.984274,103.839355,0.972547,True,1950.723876,1
2554,1774170643.281707,1774173235.917527,1003,382,519.298280,0.000000,1.362988,True,2073.337541,3
940,1774170643.228645,1774171638.781456,1199,373,474.538659,63.148187,1.105888,True,521.014152,1
2215,1774170643.270656,1774173058.694895,1020,394,601.149603,87.094894,1.308027,True,1814.274637,1
3387,1774170643.308347,1774174129.386562,1013,419,450.820382,94.061294,0.853491,True,3035.257832,1
1110,1774170643.233985,1774171387.661855,200,211,124.149436,2.993349,0.576934,True,620.278434,1
2385,1774170643.276347,1774172977.166964,1386,125,380.643458,79.401311,2.429372,True,1953.247158,2
2555,1774170643.281739,1774173300.557152,1074,435,583.834176,0.000000,1.345240,True,2073.441236,3
941,1774170643.228678,1774171257.109208,390,99,92.730084,0.854228,0.937509,True,521.150445,1
2216,1774170643.270685,1774172708.813096,26,150,249.318313,95.048161,1.035370,True,1816.224098,1
1111,1774170643.234014,1774171794.684066,1120,397,531.119093,20.093259,1.290469,True,620.330959,2
2386,1774170643.276378,1774173596.850876,1182,411,1000.152293,85.864008,2.229971,True,1953.422205,3
2556,1774170643.281768,1774173063.265882,1737,90,346.377765,0.000000,3.891885,True,2073.606349,3
942,1774170643.228708,1774171344.916183,203,217,180.079629,15.011886,0.764203,True,521.607847,1
2217,1774170643.270717,1774173104.173102,1045,378,643.424552,115.335327,1.400767,True,1817.477833,2
1112,1774170643.234046,1774171768.729462,1082,385,504.989928,6.193761,1.298948,True,620.505489,2
2387,1774170643.276408,1774172733.472499,400,92,136.762679,43.705420,1.022607,True,1953.433412,1
2557,1774170643.281797,1774173679.755547,1143,426,961.173424,131.695033,1.951714,True,2075.300326,2
943,1774170643.228738,1774171835.226949,999,575,670.328106,3.838537,1.161132,True,521.670106,2
2218,1774170643.270753,1774173181.872733,1116,446,719.590233,58.119679,1.486451,True,1819.011746,2
3390,1774170643.308452,1774173855.131685,389,87,175.057192,92.553016,0.959351,True,3036.766041,1
1113,1774170643.234075,1774171782.442369,1156,396,515.739651,7.767362,1.286006,True,623.468642,2
2388,1774170643.276455,1774173085.871077,1316,256,489.119581,88.457351,1.571224,True,1953.475042,2
2558,1774170643.281826,1774173252.376530,1079,397,532.886269,0.000000,1.345672,True,2076.208434,3
944,1774170643.228767,1774171529.454350,1231,463,364.442465,4.463307,0.779176,True,521.783117,1
2219,1774170643.270784,1774173264.581200,1084,418,802.175429,126.593664,1.620100,True,1819.134986,2
3391,1774170643.308482,1774173850.009074,422,95,168.703053,84.270036,0.898224,True,3037.997539,1
1114,1774170643.234105,1774171857.813207,1060,411,590.781579,7.438491,1.422788,True,623.797523,2
2389,1774170643.276484,1774172787.463298,398,97,190.302650,102.176578,0.917980,True,1953.884164,1
2559,1774170643.281873,1774173129.740688,849,101,410.198586,0.000000,4.101986,True,2076.260230,3
945,1774170643.228796,1774171485.478889,1165,409,316.666239,9.856635,0.751984,True,525.583854,1
2220,1774170643.270813,1774172781.141669,1338,195,317.989076,84.893147,1.201525,True,1819.881780,1
3392,1774170643.308516,1774174055.531037,1002,413,371.487555,13.286514,0.869420,True,3040.734967,1
1115,1774170643.234134,1774171819.497403,1139,428,552.044326,24.079981,1.236450,True,624.218943,2
2390,1774170643.276514,1774172697.085769,650,54,99.290115,38.643389,1.144278,True,1954.519140,1
2560,1774170643.281905,1774173616.919067,1045,397,895.760492,88.665780,2.038118,True,2077.876670,2
946,1774170643.228826,1774171479.517249,987,393,309.845541,10.176712,0.764461,True,526.442882,1
2221,1774170643.270845,1774173225.938671,1137,509,762.083779,131.756911,1.240801,True,1820.584047,2
1116,1774170643.234167,1774171409.884847,206,211,142.420983,28.379244,0.543056,True,624.229698,1
2391,1774170643.276548,1774173278.349577,1160,414,680.543217,104.610703,1.394510,True,1954.529812,1
2561,1774170643.281938,1774173004.403365,385,90,281.453004,0.000000,3.162393,True,2079.668424,3
947,1774170643.228859,1774171267.029613,414,101,97.305406,3.209044,0.940964,True,526.495348,1
2222,1774170643.270877,1774173131.089901,1130,468,666.782956,56.095101,1.307683,True,1821.036068,2
3394,1774170643.308575,1774174091.381370,1000,428,406.780200,44.240046,0.849040,True,3041.292595,1
1117,1774170643.234196,1774171715.449218,1009,394,447.267240,21.442552,1.083523,True,624.947782,1
2392,1774170643.276578,1774172737.999696,1187,84,139.305387,57.496753,0.985646,True,1955.417731,1
2562,1774170643.281968,1774173035.678860,407,123,312.626336,0.000000,2.562511,True,2079.770556,3
948,1774170643.228888,1774171263.500035,396,102,92.856928,0.579148,0.913641,True,527.414219,1
2223,1774170643.270906,1774172724.309557,387,82,258.151767,161.162169,1.197402,True,1822.886884,1
3395,1774170643.308608,1774173813.136654,181,128,128.484277,12.677245,0.911866,True,3041.343768,1
1118,1774170643.234230,1774171394.496758,375,77,126.201922,23.207110,1.355195,True,625.060607,1
2393,1774170643.276611,1774173188.966194,1094,406,590.260957,57.485736,1.315494,True,1955.428627,2
2563,1774170643.282000,1774173614.684175,1143,396,890.365817,85.505914,2.037620,True,2081.036357,2
949,1774170643.228917,1774171275.748767,1865,122,105.053559,2.090246,0.850936,True,527.466291,1
2224,1774170643.270935,1774173138.420779,1087,402,671.820426,129.236426,1.353077,True,1823.329418,2
3396,1774170643.308638,1774173846.074080,390,94,161.349606,74.909979,0.929458,True,3041.415837,1
1119,1774170643.234264,1774171505.561768,1314,161,237.256080,28.114081,1.307137,True,625.071424,1
2394,1774170643.276641,1774173320.652952,1098,449,720.755296,110.869243,1.361353,True,1956.621015,1
2564,1774170643.282034,1774172996.495067,958,89,272.073792,131.568677,1.596649,True,2081.139241,1
950,1774170643.228950,1774171237.867027,390,83,67.107369,2.319027,0.790102,True,527.530709,1
2225,1774170643.270964,1774173072.597854,1075,395,603.858160,81.625534,1.325464,True,1825.468731,1
3397,1774170643.308668,1774173885.125022,404,108,199.682609,73.943295,1.175134,True,3042.133745,1
1120,1774170643.234293,1774171347.837473,435,103,77.717840,13.538675,0.629208,True,626.885340,1
2395,1774170643.276671,1774172858.072208,398,80,258.163485,154.276818,1.315021,True,1956.632052,1
2565,1774170643.282064,1774172994.213258,1031,75,269.177912,0.000000,3.637539,True,2081.753282,3
3143,1774170643.300551,1774173689.130543,1313,199,388.562847,0.000000,1.962439,True,2657.267145,3
2803,1774170643.289718,1774173656.103734,1017,404,625.693361,86.351214,1.338318,True,2387.120656,2
3144,1774170643.300585,1774173704.041617,387,103,403.084667,0.000000,3.951810,True,2657.656364,3
2804,1774170643.289752,1774173298.379945,404,91,267.447548,134.494205,1.477259,True,2387.642644,1
3145,1774170643.300615,1774173688.063433,401,95,386.668419,0.000000,4.113494,True,2658.094398,3
2805,1774170643.289787,1774173892.141349,1109,404,861.197756,139.085884,1.791841,True,2387.653806,2
3146,1774170643.300645,1774174087.617795,1160,410,786.212623,0.000000,1.922280,True,2658.104526,3
2806,1774170643.289817,1774173866.070781,1033,415,835.024875,84.211005,1.813560,True,2387.756089,2
3147,1774170643.300675,1774173684.032188,379,93,382.616279,0.000000,4.158873,True,2658.115234,3
2807,1774170643.289848,1774173659.054366,1048,396,627.066458,95.579203,1.345537,True,2388.698060,2
3148,1774170643.300704,1774173955.504083,1056,398,653.934095,0.000000,1.647189,True,2658.269284,3
2808,1774170643.289878,1774173203.810596,390,99,170.253010,94.009670,0.777993,True,2390.267708,1
3149,1774170643.300734,1774173694.561850,869,99,392.950441,0.000000,4.009698,True,2658.310675,3
2809,1774170643.289908,1774173860.263250,1111,413,826.108592,89.834542,1.787073,True,2390.864751,2
3150,1774170643.300763,1774173868.581105,1107,394,564.132229,0.000000,1.435451,True,2661.148113,3
2810,1774170643.289941,1774173632.172406,1096,397,596.482872,71.528432,1.325643,True,2392.399593,2
3151,1774170643.300792,1774174092.869252,1168,419,787.714687,0.000000,1.884485,True,2661.853772,3
2811,1774170643.289969,1774173165.020570,380,80,129.320355,71.518240,0.731672,True,2392.410245,1
3152,1774170643.300825,1774173603.328882,388,90,297.172066,32.147300,2.977806,True,2662.855991,2
2812,1774170643.290001,1774173640.819332,1100,408,604.679267,61.006194,1.335806,True,2392.850063,2
3153,1774170643.300854,1774173850.480456,997,376,543.066730,0.000000,1.448178,True,2664.112872,3
2813,1774170643.290034,1774173808.990236,1141,393,771.338255,76.374198,1.772867,True,2394.361948,2
3154,1774170643.300884,1774173902.820109,1019,419,595.395362,0.000000,1.424391,True,2664.123864,3
2814,1774170643.290063,1774173293.382000,404,110,254.853975,85.461026,1.554064,True,2395.237962,1
3155,1774170643.300913,1774173907.722733,997,421,600.081502,0.000000,1.428765,True,2664.340318,3
2815,1774170643.290092,1774173855.686808,1073,381,816.930699,131.273389,1.804361,True,2395.466017,2
3156,1774170643.300942,1774174133.693825,1053,430,822.289944,0.000000,1.916760,True,2668.102939,3
2816,1774170643.290124,1774173889.376159,1122,396,850.311368,184.986110,1.684368,True,2395.774667,2
3157,1774170643.300971,1774173621.994016,432,109,310.497498,0.000000,2.874977,True,2668.195547,3
2817,1774170643.290154,1774173639.400273,1065,396,597.620821,61.294626,1.357788,True,2398.489297,2
3158,1774170643.301003,1774173706.481433,1925,104,394.963703,0.000000,3.834599,True,2668.216727,3
2818,1774170643.290189,1774173301.389629,408,91,259.599160,137.776139,1.353589,True,2398.500280,1
3159,1774170643.301033,1774173685.658091,929,100,374.037207,0.000000,3.778154,True,2668.319852,3
2819,1774170643.290217,1774173738.894857,1115,477,695.720491,99.230188,1.253131,True,2399.884149,2
3160,1774170643.301062,1774173608.108572,914,92,296.321957,0.000000,3.256285,True,2668.485554,3
2820,1774170643.290246,1774173843.226681,1072,394,799.323274,80.603971,1.828802,True,2400.613160,2
3161,1774170643.301091,1774173925.076684,1007,450,610.956768,0.000000,1.360705,True,2670.818825,3
2821,1774170643.290275,1774173739.124648,1133,385,694.949936,75.737566,1.612532,True,2400.884437,2
3162,1774170643.301123,1774173720.910396,1820,110,405.633762,0.000000,3.721411,True,2671.975511,3
2822,1774170643.290305,1774173318.677481,428,94,274.205465,179.578935,1.017490,True,2401.181711,1
3163,1774170643.301152,1774173603.391742,392,87,287.621548,0.000000,3.344437,True,2672.469042,3
2823,1774170643.290335,1774173762.941306,1106,396,718.150475,185.859249,1.347573,True,2401.500496,2
3164,1774170643.301182,1774174048.392166,1076,597,732.457489,0.000000,1.228956,True,2672.633495,3
2824,1774170643.290377,1774173234.734370,16,136,188.515664,81.348537,0.793831,True,2402.928330,1
3165,1774170643.301210,1774173768.514920,194,182,451.472280,0.000000,2.494322,True,2673.741429,3
2825,1774170643.290407,1774174028.497914,1168,428,981.073830,138.962406,1.972158,True,2404.133677,2
3166,1774170643.301239,1774174064.860864,984,398,746.920862,0.000000,1.881413,True,2674.638763,3
2826,1774170643.290452,1774173698.482677,1068,426,650.808247,97.260483,1.302465,True,2404.383978,2
3167,1774170643.301268,1774173905.251096,1048,398,587.144903,0.000000,1.478954,True,2674.804924,3
2827,1774170643.290483,1774173213.475782,1899,50,164.091272,122.789324,0.842897,True,2406.094027,1
3168,1774170643.301297,1774173651.680687,1316,150,333.398222,23.110167,2.082470,True,2674.981168,2
2828,1774170643.290514,1774173727.342136,1065,500,675.470860,55.346714,1.242734,True,2408.580763,2
3169,1774170643.301330,1774173622.439715,369,118,304.146173,23.099112,2.402112,True,2674.992212,2
2829,1774170643.290547,1774173165.020758,934,52,113.138124,78.409560,0.680952,True,2408.592087,1
3170,1774170643.301359,1774173908.735030,1176,406,590.049993,0.000000,1.456914,True,2675.383678,3
2830,1774170643.290577,1774173836.833147,1082,398,784.191970,76.520121,1.782549,True,2409.350600,2
3171,1774170643.301389,1774173658.840814,200,139,340.093584,0.000000,2.464446,True,2675.445841,3
2831,1774170643.290607,1774173968.803777,1037,487,915.722632,70.907888,1.738302,True,2409.790537,2
3172,1774170643.301436,1774174049.597988,1064,385,728.937466,0.000000,1.898275,True,2677.359086,3
2832,1774170643.290636,1774173578.988975,1917,113,525.805545,140.325372,3.441787,True,2409.892794,2
3173,1774170643.301468,1774173607.318308,391,92,285.431252,0.000000,3.136607,True,2678.585587,3
2833,1774170643.290666,1774173847.321678,1037,407,794.127064,70.794441,1.781607,True,2409.903949,2
3174,1774170643.301500,1774173592.448945,386,71,270.510178,0.000000,3.864431,True,2678.637266,3
2834,1774170643.290698,1774173696.087539,1124,428,641.544430,91.705158,1.287680,True,2411.252410,2
2835,1774170643.290728,1774173233.775871,9,161,178.095457,47.394107,0.816883,True,2412.389686,1
3176,1774170643.301562,1774173860.266986,1099,384,538.101912,0.000000,1.404966,True,2678.863512,3
2836,1774170643.290757,1774173168.762387,396,92,113.070956,47.383070,0.721845,True,2412.400674,1
3177,1774170643.301606,1774174121.920002,986,434,798.382629,0.000000,1.843840,True,2680.235768,3
2837,1774170643.290787,1774173664.131346,1214,417,608.428979,54.273322,1.332105,True,2412.411580,2
3178,1774170643.301637,1774174127.862543,1091,406,801.210236,0.000000,1.978297,True,2683.350670,3
2838,1774170643.290816,1774173843.117493,1100,386,784.420669,82.151658,1.824075,True,2415.406008,2
3179,1774170643.301670,1774173620.073259,411,76,293.377745,0.000000,3.911703,True,2683.393845,3
2839,1774170643.290848,1774173266.672634,411,79,207.964990,82.140680,1.613132,True,2415.416797,1
3180,1774170643.301701,1774174121.692448,1081,426,792.839391,0.000000,1.865504,True,2685.551357,3
2840,1774170643.290877,1774173199.258213,382,62,140.395341,91.221154,0.806134,True,2415.571995,1
3181,1774170643.301731,1774173863.891614,1110,394,534.780155,0.000000,1.360764,True,2685.809728,3
2841,1774170643.290905,1774173344.640256,407,113,284.422052,170.431942,1.017769,True,2416.927299,1
3182,1774170643.301761,1774174055.412220,1016,398,726.217440,0.000000,1.829263,True,2685.893019,3
2842,1774170643.290935,1774173696.032188,920,418,634.560741,88.612566,1.309228,True,2418.180512,2
3183,1774170643.301790,1774173649.995863,1893,64,320.696668,0.000000,5.090423,True,2685.997406,3
2843,1774170643.290964,1774173545.779041,881,118,484.082868,168.954095,2.693408,True,2418.405209,2
3184,1774170643.301819,1774173657.415455,377,71,327.889522,0.000000,4.684136,True,2686.224114,3
2844,1774170643.290993,1774173911.717465,1083,395,848.440793,137.356507,1.804782,True,2419.985679,2
3185,1774170643.301849,1774173863.880794,990,394,534.168128,0.000000,1.359206,True,2686.410817,3
2845,1774170643.291025,1774174222.884309,1099,616,1159.504766,60.609564,1.786821,True,2420.088518,2
3186,1774170643.301881,1774173990.563969,1169,390,660.675872,0.000000,1.698396,True,2686.586216,3
2846,1774170643.291057,1774173283.568611,395,88,220.085417,80.845802,1.600455,True,2420.192137,1
3187,1774170643.301911,1774173918.027678,1165,440,586.540066,0.000000,1.336082,True,2688.185701,3
2847,1774170643.291087,1774173256.785598,1503,153,192.142759,68.689651,0.812191,True,2421.351752,1
3188,1774170643.301940,1774173684.713668,181,187,352.886891,0.000000,1.897241,True,2688.524837,3
2848,1774170643.291116,1774173246.291235,382,72,180.456040,64.684374,1.630587,True,2422.544079,1
3189,1774170643.301970,1774174137.756456,1171,436,804.959801,0.000000,1.850482,True,2689.494685,3
2849,1774170643.291146,1774173717.686913,1315,240,651.737670,106.123929,2.282903,True,2422.658097,2
3190,1774170643.301999,1774173863.063480,1007,392,529.268581,0.000000,1.353628,True,2690.492899,3
2850,1774170643.291175,1774173557.537390,181,134,491.299354,167.305058,2.436047,True,2422.946861,2
3191,1774170643.302038,1774173593.601741,374,71,259.693391,0.000000,3.709906,True,2690.606312,3
2851,1774170643.291204,1774173217.696033,384,111,149.979881,65.616207,0.766942,True,2424.424948,1
3192,1774170643.302068,1774173577.837662,1002,49,243.804947,0.000000,5.079270,True,2690.730646,3
2852,1774170643.291233,1774173758.381371,1144,470,687.524412,89.225067,1.275692,True,2427.565726,2
3193,1774170643.302100,1774173875.364779,1107,399,541.321683,0.000000,1.360105,True,2690.740996,3
2853,1774170643.291267,1774173916.037993,1144,407,843.655302,128.250411,1.762081,True,2429.091425,2
3194,1774170643.302130,1774174114.279316,1093,420,778.645908,0.000000,1.858343,True,2692.331278,3
2854,1774170643.291297,1774173269.374355,381,62,196.765924,99.464685,1.595102,True,2429.317134,1
3195,1774170643.302159,1774174164.036791,999,398,828.299602,0.000000,2.086397,True,2692.435030,3
2855,1774170643.291329,1774173208.602973,961,27,135.984051,102.583382,1.284641,True,2429.327592,1
3196,1774170643.302188,1774173924.553397,1127,442,588.112367,0.000000,1.333588,True,2693.138841,3
2856,1774170643.291359,1774173901.872393,1109,393,829.055640,60.454364,1.960718,True,2429.525395,2
3197,1774170643.302217,1774173871.124212,1011,398,534.578934,0.000000,1.346546,True,2693.243060,3
2857,1774170643.291388,1774173243.935637,398,85,170.479941,98.718217,0.854306,True,2430.164308,1
3198,1774170643.302247,1774173897.038254,980,418,558.260857,0.000000,1.338755,True,2695.475150,3
2858,1774170643.291435,1774173920.952124,1133,521,845.644502,89.025872,1.455036,True,2432.016186,2
3199,1774170643.302276,1774173616.515183,181,104,277.563014,0.000000,2.694787,True,2695.649894,3
2859,1774170643.291467,1774173866.294377,1103,406,789.268294,62.756548,1.793856,True,2433.734616,2
3200,1774170643.302310,1774173606.022769,399,90,266.957877,0.000000,2.999527,True,2695.762581,3
2860,1774170643.291500,1774173329.709109,1313,203,252.558184,70.902403,0.899286,True,2433.859425,1
3201,1774170643.302350,1774173688.280261,1409,102,347.089652,0.000000,3.436531,True,2697.888259,3
2861,1774170643.291529,1774173295.588845,203,165,218.211558,67.557376,0.918623,True,2434.085757,1
3202,1774170643.302382,1774173685.431795,1386,94,344.127677,0.000000,3.700298,True,2698.001736,3
2862,1774170643.291559,1774173270.958819,212,162,193.468748,55.841863,0.854825,True,2434.198513,1
3203,1774170643.302424,1774173895.522510,1125,415,554.063941,0.000000,1.338319,True,2698.156144,3
2863,1774170643.291589,1774173748.185546,1079,441,670.633792,93.035665,1.312723,True,2434.260165,2
3204,1774170643.302457,1774173891.480206,1159,417,549.591712,0.000000,1.321134,True,2698.586038,3
2864,1774170643.291622,1774173839.016916,1125,423,761.413324,112.884176,1.536799,True,2434.311970,2
3205,1774170643.302486,1774173881.872533,1112,404,539.725251,0.000000,1.339269,True,2698.844795,3
2865,1774170643.291651,1774173680.067698,1112,395,599.553229,70.617747,1.342476,True,2437.222819,2
3206,1774170643.302517,1774173694.894753,391,100,352.582183,0.000000,3.561436,True,2699.010053,3
2866,1774170643.291681,1774173882.178025,1066,407,799.733167,60.950294,1.819662,True,2439.153178,2
3207,1774170643.302546,1774173724.902176,181,125,382.474898,0.000000,3.084475,True,2699.124732,3
2867,1774170643.291713,1774173888.165628,967,375,805.513667,117.981076,1.838322,True,2439.360248,2
3208,1774170643.302576,1774173938.762355,1107,428,595.409920,0.000000,1.394403,True,2700.049859,3
2868,1774170643.291743,1774173241.478177,400,76,157.991208,92.685697,0.870740,True,2440.195227,1
3209,1774170643.302605,1774173978.453138,1113,422,508.219922,137.013607,0.881725,True,2826.930611,1
2869,1774170643.291772,1774173342.421669,181,145,258.779233,59.752680,1.382129,True,2440.350663,1
3210,1774170643.302634,1774173690.237712,1458,53,199.319193,163.421144,0.690347,True,2847.615885,1
2870,1774170643.291802,1774173984.168345,1057,443,900.514705,95.682160,1.820888,True,2440.361838,2
3211,1774170643.302663,1774173740.191049,406,98,217.225601,105.929950,1.147378,True,2879.662785,1
2871,1774170643.291832,1774173210.929613,1011,76,127.214429,70.992126,0.749631,True,2440.423352,1
3212,1774170643.302692,1774173760.044842,1312,205,216.493440,46.195379,0.834794,True,2900.248709,1
2872,1774170643.291862,1774173806.129715,1081,371,722.383264,67.636677,1.769585,True,2440.454590,2
3213,1774170643.302723,1774173745.530093,407,116,201.916977,107.833797,0.818115,True,2900.310393,1
2873,1774170643.291894,1774173904.119390,1048,403,820.362404,95.578558,1.802945,True,2440.465092,2
3214,1774170643.302752,1774174009.529175,1093,398,463.739137,108.549853,0.894683,True,2902.487285,1
2874,1774170643.291925,1774173739.009438,1012,414,653.136531,104.614730,1.328140,True,2442.580982,2
3215,1774170643.302781,1774173633.499102,377,57,86.319764,42.565176,0.781332,True,2903.876556,1
2875,1774170643.291953,1774173737.232003,1075,412,646.491658,63.966611,1.417336,True,2447.448392,2
3216,1774170643.302810,1774173987.083052,1125,386,439.852709,99.942296,0.882884,True,2903.927533,1
2876,1774170643.291986,1774173642.113172,209,167,549.882529,108.402472,2.659518,True,2448.938658,2
3217,1774170643.302839,1774173704.554270,200,149,154.754809,36.918371,0.796192,True,2906.496622,1
2877,1774170643.292015,1774173276.710889,42,166,183.822565,40.443987,0.868961,True,2449.596309,1
3218,1774170643.302977,1774174027.167757,1125,414,477.316767,107.693477,0.894972,True,2906.548013,1
2878,1774170643.292044,1774173227.688781,395,118,133.096016,40.509142,0.791341,True,2451.300721,1
3219,1774170643.303008,1774173858.449918,206,217,307.697552,106.791905,0.930119,True,2907.449358,1
2879,1774170643.292073,1774173215.914003,1137,46,121.034358,81.292694,0.883148,True,2451.587572,1
3220,1774170643.303038,1774173905.022342,1107,375,353.991268,27.608277,0.872682,True,2907.728037,1
2880,1774170643.292107,1774173272.754866,402,100,177.864671,85.238146,0.935621,True,2451.598088,1
3221,1774170643.303068,1774173737.904768,407,115,185.920093,95.187816,0.795897,True,2908.681607,1
2881,1774170643.292136,1774173323.532836,1917,90,227.491489,110.640090,1.312937,True,2452.749211,1
3222,1774170643.303102,1774173944.068053,1102,401,390.648064,32.139386,0.896272,True,2910.116886,1
2882,1774170643.292169,1774173860.051665,1081,396,763.570419,54.901682,1.794098,True,2453.189078,2
3223,1774170643.303133,1774173772.921371,1316,156,215.373033,89.624355,0.811282,True,2914.245205,1
2883,1774170643.292199,1774173585.245874,418,113,488.548186,109.983816,3.380039,True,2453.405489,2
3224,1774170643.303163,1774173608.326304,377,35,50.049612,27.282525,0.669620,True,2914.973528,1
2884,1774170643.292228,1774173317.042169,411,84,217.585032,107.224375,1.329646,True,2456.164909,1
3225,1774170643.303193,1774173961.160464,1111,418,402.094676,29.570740,0.893343,True,2915.762595,1
2885,1774170643.292261,1774173329.184180,181,134,229.624101,51.822900,1.336851,True,2456.267819,1
3226,1774170643.303226,1774173947.027107,1055,400,387.847889,35.305764,0.883564,True,2915.875992,1
2886,1774170643.292293,1774173885.457457,1073,381,785.774215,84.144783,1.846393,True,2456.390948,2
3227,1774170643.303258,1774173973.236099,1112,429,413.493635,35.652495,0.882806,True,2916.439206,1
2887,1774170643.292323,1774173734.318278,1124,412,634.235856,62.597379,1.390848,True,2456.790099,2
1376,1774170643.242443,1774172016.318033,1039,385,578.345233,92.331216,1.265662,True,794.730356,2
1546,1774170643.247783,1774172357.663963,1073,454,678.747283,133.143486,1.204423,True,1035.668898,2
2226,1774170643.270993,1774173082.439019,1131,396,613.489248,93.451509,1.316551,True,1825.678779,1
1716,1774170643.253216,1774172391.539483,1050,362,553.512841,64.433498,1.354790,True,1194.773426,2
2718,1774170643.286962,1774173617.070750,1115,477,652.159470,60.936115,1.242066,True,2321.624318,2
1377,1774170643.242477,1774172126.782392,1082,538,688.645566,52.474135,1.184677,True,794.894350,2
1547,1774170643.247812,1774171863.386106,2042,56,184.458944,142.725630,0.758788,True,1035.679351,1
2227,1774170643.271027,1774172727.451796,1353,144,257.518643,109.532790,1.034866,True,1826.662127,1
1717,1774170643.253245,1774172497.951348,1069,410,659.913854,77.042515,1.425113,True,1194.784250,2
2719,1774170643.286991,1774173561.592902,1140,403,596.465891,65.210862,1.321530,True,2321.840020,2
3739,1774170643.321103,1774174167.459714,181,133,233.769598,46.135059,1.421474,True,3290.369013,1
1378,1774170643.242506,1774172030.206213,1144,404,592.005846,79.095462,1.272730,True,794.957861,2
1548,1774170643.247841,1774172092.520788,1061,408,413.583097,97.416092,0.776823,True,1035.689850,1
2228,1774170643.271060,1774172744.133530,1484,159,272.172986,84.332143,1.188866,True,1828.689484,1
1718,1774170643.253274,1774171993.459138,242,14,155.275489,142.303642,0.997834,True,1194.930375,1
2720,1774170643.287024,1774173706.361180,1316,288,740.725395,111.154888,2.193625,True,2322.348762,2
3740,1774170643.321133,1774174029.325629,395,90,95.224935,36.513633,0.659678,True,3290.779561,1
1379,1774170643.242536,1774172463.144288,979,622,1024.461633,97.000924,1.493496,True,795.440119,2
1549,1774170643.247869,1774171877.335690,17,120,198.387424,96.365452,0.857327,True,1035.700396,1
2229,1774170643.271089,1774173075.299806,1183,384,603.132039,63.916171,1.407874,True,1828.896678,2
1719,1774170643.253303,1774172540.697523,1116,451,701.220188,135.450027,1.257267,True,1196.224031,2
2721,1774170643.287054,1774174163.925729,1078,615,1198.073255,92.394216,1.800780,True,2322.565421,2
1380,1774170643.242565,1774171680.395075,181,147,241.485613,109.174563,0.906240,True,795.666897,1
1550,1774170643.247984,1774171897.860644,1316,170,218.902154,101.482476,0.694791,True,1035.710506,1
2230,1774170643.271118,1774172696.857741,1318,148,224.020700,63.246988,1.093699,True,1829.565923,1
1720,1774170643.253333,1774172437.544920,998,411,597.941564,77.535712,1.269283,True,1196.350023,2
2722,1774170643.287083,1774173627.075009,1078,459,659.337175,66.968241,1.293382,True,2324.450751,2
3742,1774170643.321192,1774174127.853831,1852,62,192.111974,87.136767,1.720905,True,3292.420664,1
1381,1774170643.242594,1774171777.375616,1232,80,338.140060,59.539739,3.526586,True,795.992962,2
3913,1774170643.327740,1774174167.572490,1665,49,115.422837,52.913104,1.302286,True,3408.821913,1
1551,1774170643.248015,1774171837.950977,439,98,158.981687,87.364385,0.738323,True,1035.721274,1
2231,1774170643.271147,1774172660.824383,1907,90,185.467525,93.673666,1.031392,True,1832.085711,1
1721,1774170643.253362,1774172593.994345,1103,393,753.330572,86.078856,1.702173,True,1197.410410,2
2723,1774170643.287113,1774174007.195092,1050,501,1038.403434,168.142849,1.740521,True,2325.504545,2
1382,1774170643.242624,1774172074.820086,1126,446,634.409450,100.387304,1.200050,True,797.168012,1
1552,1774170643.248051,1774171923.551845,390,155,244.572209,146.649008,0.635865,True,1035.731585,1
2232,1774170643.271177,1774172673.453075,401,82,197.962951,86.910822,1.371014,True,1832.218947,1
1722,1774170643.253392,1774172621.449352,1163,418,780.556596,81.464047,1.676481,True,1197.639365,2
2724,1774170643.287142,1774173678.278967,978,550,709.363947,61.422257,1.180222,True,2325.627878,2
1383,1774170643.242653,1774172113.290308,1024,385,672.775831,180.744275,1.281332,True,797.271824,1
1553,1774170643.248085,1774172370.530602,1023,406,691.540580,147.263931,1.343893,True,1035.741938,2
2233,1774170643.271205,1774172695.005978,1961,95,219.505021,93.323995,1.342351,True,1832.229751,1
1723,1774170643.253435,1774172503.193637,1065,474,661.341233,92.441666,1.202747,True,1198.598969,2
2725,1774170643.287175,1774173628.196207,1136,411,658.777633,115.294483,1.325569,True,2326.131398,2
3745,1774170643.321283,1774173999.059038,1479,75,60.409160,3.353721,0.771019,True,3295.328596,1
1384,1774170643.242682,1774171802.276277,917,33,359.171220,68.241506,9.091554,True,799.862375,2
3916,1774170643.327842,1774174194.828328,1923,74,139.404438,58.614156,1.106716,True,3412.096049,1
1554,1774170643.248116,1774172432.660142,1029,519,753.659770,99.866356,1.262149,True,1035.752257,2
2234,1774170643.271238,1774172737.047836,403,135,261.238106,93.015252,1.255394,True,1832.538492,1
1724,1774170643.253466,1774172082.331834,1063,93,238.816000,141.229807,1.060719,True,1200.262368,1
2726,1774170643.287204,1774173549.845232,1144,385,577.102674,55.701543,1.357815,True,2329.455354,2
1385,1774170643.242711,1774171990.567934,1226,393,547.348483,47.391492,1.275400,True,799.976740,2
1555,1774170643.248146,1774171895.271369,404,144,216.260027,124.469362,0.641893,True,1035.763196,1
2235,1774170643.271266,1774172695.114450,389,100,219.201297,83.776435,1.367928,True,1832.641886,1
1725,1774170643.253495,1774171985.991657,398,95,142.083784,73.231207,0.732474,True,1200.654378,1
2727,1774170643.287234,1774173777.685000,1147,669,804.878937,46.586946,1.135168,True,2329.518829,2
1386,1774170643.242740,1774172411.350472,1171,401,968.016825,94.232781,2.184460,True,800.090906,3
1556,1774170643.248176,1774172479.264022,1124,408,800.242227,181.940642,1.519169,True,1035.773620,2
2236,1774170643.271295,1774172636.899128,399,101,159.317286,58.502042,1.008152,True,1834.310547,1
1726,1774170643.253525,1774172090.702483,874,169,245.417459,84.395242,0.958466,True,1202.031499,1
2728,1774170643.287269,1774173134.580888,393,122,161.671340,65.354693,0.796005,True,2329.622279,1
1387,1774170643.242769,1774172135.531250,1032,502,690.879807,103.432616,1.172549,True,801.408674,1
1557,1774170643.248205,1774172106.851030,1044,413,427.817876,104.577005,0.784565,True,1035.784949,1
2237,1774170643.271327,1774173094.868526,953,375,615.593168,91.569463,1.401133,True,1836.004031,2
1727,1774170643.253554,1774172600.105680,1056,417,754.706364,81.343557,1.618661,True,1202.145762,2
2729,1774170643.287299,1774173636.636639,1045,479,663.716329,70.188038,1.241691,True,2329.633011,2
1388,1774170643.242798,1774171816.614651,434,124,370.261304,64.993136,2.481855,True,803.110550,2
3920,1774170643.327965,1774174225.881352,400,94,168.094532,48.853716,1.282159,True,3414.458855,1
1558,1774170643.248234,1774172130.477017,1022,390,451.433909,149.617072,0.775879,True,1035.794874,1
2238,1774170643.271356,1774173137.836313,1066,431,658.425465,80.278658,1.344527,True,1836.139492,1
1728,1774170643.253584,1774171987.366393,1116,79,139.971215,79.959290,0.769384,True,1204.141593,1
2730,1774170643.287328,1774173631.004332,1324,200,657.887934,163.817685,2.482765,True,2329.829070,2
1389,1774170643.242827,1774171754.741090,311,18,308.162301,90.987770,12.774972,True,803.335961,2
1559,1774170643.248266,1774171897.578899,393,113,218.525045,147.200425,0.636827,True,1035.805588,1
2239,1774170643.271384,1774172582.456479,298,18,101.859890,88.228406,0.801852,True,1837.325205,1
1729,1774170643.253613,1774172574.049014,1044,396,725.663570,78.357277,1.638750,True,1205.131831,2
2731,1774170643.287361,1774173235.639225,1057,89,260.371467,116.177960,1.638563,True,2331.980398,1
3751,1774170643.321503,1774174174.661661,206,188,232.176517,87.799429,0.772070,True,3299.163641,1
1390,1774170643.242859,1774171784.015795,1133,92,335.751859,46.227405,3.181587,True,805.021077,2
1560,1774170643.248296,1774171838.008510,406,82,158.944489,99.802670,0.730146,True,1035.815726,1
2240,1774170643.271430,1774173194.523942,1146,413,713.710284,146.506698,1.376708,True,1837.542229,1
1730,1774170643.253642,1774172706.845747,1075,466,858.449079,115.907171,1.596864,True,1205.143025,2
2732,1774170643.287393,1774173186.956073,374,64,211.676899,116.166391,1.516040,True,2331.991781,1
3752,1774170643.321538,1774174132.152187,181,248,189.440384,3.092268,0.754446,True,3299.390265,1
1391,1774170643.242888,1774171757.204124,401,130,308.224416,130.023002,1.381406,True,805.736819,1
1561,1774170643.248325,1774172134.411540,1102,408,455.336840,135.726323,0.785284,True,1035.826375,1
2241,1774170643.271461,1774173259.375752,1178,607,778.070264,56.352071,1.190954,True,1838.034027,2
1731,1774170643.253675,1774172025.614367,401,89,176.969701,81.035582,1.090160,True,1205.390992,1
2733,1774170643.287437,1774173656.329494,1086,451,680.504443,104.562547,1.279871,True,2332.537613,2
3753,1774170643.321569,1774174035.775282,1239,90,91.698447,32.210588,0.668403,True,3300.755265,1
1392,1774170643.242920,1774171789.370878,376,81,340.328835,62.304708,3.475302,True,805.799124,2
1562,1774170643.248361,1774171871.867339,238,14,192.782093,181.877164,0.838841,True,1035.836885,1
2242,1774170643.271490,1774173065.939055,1066,388,580.000988,78.570806,1.295685,True,1842.666577,1
1732,1774170643.253705,1774172755.515905,1044,524,906.757779,124.515527,1.495683,True,1205.504421,2
2734,1774170643.287468,1774173567.549321,1031,375,591.038386,72.634770,1.386106,True,2333.223467,2
1393,1774170643.242950,1774172058.841797,1176,383,609.636431,98.878603,1.337062,True,805.962416,1
1563,1774170643.248389,1774172490.145064,1146,396,809.743142,133.413041,1.712228,True,1037.153534,2
2243,1774170643.271519,1774173175.559242,1248,378,688.993839,87.569523,1.595290,True,1843.293883,2
1733,1774170643.253734,1774172092.466920,1312,157,242.750461,95.678247,0.942771,True,1206.462725,1
2735,1774170643.287498,1774173583.957616,1111,401,606.779836,77.012947,1.324417,True,2333.890282,2
3755,1774170643.321644,1774174148.842124,382,74,203.241642,93.135963,1.508297,True,3302.278839,1
1394,1774170643.242981,1774171789.539871,1029,71,339.510614,71.019896,3.835582,True,806.786276,2
1564,1774170643.248435,1774172475.908333,1048,396,795.393647,119.686844,1.710650,True,1037.266250,2
2244,1774170643.271549,1774172609.761173,387,68,123.081880,58.907782,0.957822,True,1843.407745,1
1734,1774170643.253766,1774172486.667923,1039,398,636.754704,128.073033,1.281314,True,1206.659453,2
2736,1774170643.287529,1774173137.575771,392,97,160.335793,71.905703,0.921147,True,2333.952449,1
1395,1774170643.243011,1774171939.992589,1312,132,489.952397,81.533670,3.117700,True,806.797182,2
1565,1774170643.248467,1774172521.599079,1040,414,840.979791,124.872816,1.733915,True,1037.370822,2
2245,1774170643.271662,1774173235.423222,1027,392,748.692202,106.335376,1.642856,True,1843.459357,2
1735,1774170643.253796,1774172463.850821,1027,390,612.325985,104.643277,1.305097,True,1208.271040,2
2737,1774170643.287558,1774173143.543386,1443,76,163.860932,102.328595,0.820431,True,2336.394896,1
3757,1774170643.321729,1774174083.956142,206,181,137.391364,0.661870,0.759608,True,3303.243049,1
1396,1774170643.243039,1774171782.724575,372,63,331.817490,71.899032,4.192233,True,807.664046,2
1566,1774170643.248497,1774171880.482802,750,44,195.431070,120.440531,1.743966,True,1041.803236,1
2246,1774170643.271694,1774172716.717465,858,107,228.093046,115.803138,1.059339,True,1845.352725,1
1736,1774170643.253826,1774172073.952030,395,93,222.313397,126.348004,1.043102,True,1208.384807,1
2738,1774170643.287588,1774173855.901279,1000,414,875.642530,111.186687,1.850983,True,2336.971162,2
1397,1774170643.243068,1774172078.200143,1203,385,626.382679,139.029162,1.269150,True,808.574395,1
1567,1774170643.248527,1774172468.942522,1037,373,783.675822,135.286285,1.742983,True,1042.018173,2
2247,1774170643.271726,1774173105.915610,1052,413,615.769431,80.774161,1.298532,True,1846.874454,1
1737,1774170643.253855,1774172495.510299,1133,423,643.296935,113.842698,1.254631,True,1208.959509,2
2739,1774170643.287617,1774173174.540893,1722,100,191.604849,116.899669,0.754598,True,2339.648427,1
3759,1774170643.321827,1774174036.057841,924,105,88.957979,16.001114,0.701508,True,3303.778034,1
1398,1774170643.243098,1774172714.077156,1015,596,1259.633495,149.741158,1.865365,True,811.200563,2
1568,1774170643.248557,1774172480.802464,1156,390,792.718091,137.777999,1.683651,True,1044.835817,2
2248,1774170643.271756,1774173100.071359,1034,417,608.397567,45.983637,1.351957,True,1848.402036,2
1738,1774170643.253886,1774172617.069908,1156,565,763.563958,96.337202,1.183026,True,1210.252065,2
2740,1774170643.287647,1774173817.736040,1186,380,834.409181,169.433100,1.754554,True,2340.039212,2
3760,1774170643.321872,1774174144.597358,374,70,196.100911,90.239692,1.534221,True,3305.174575,1
1399,1774170643.243127,1774172119.792670,1018,388,664.907921,173.477104,1.269847,True,811.641622,1
1569,1774170643.248586,1774172680.889124,1034,479,990.260850,125.589302,1.808936,True,1047.379688,2
2249,1774170643.271787,1774173083.631861,1038,394,591.292215,81.478874,1.297235,True,1849.067859,1
1739,1774170643.253915,1774172559.546798,1082,522,705.045956,78.018446,1.203508,True,1211.246928,2
2741,1774170643.287677,1774173162.336795,181,57,178.907746,74.817596,1.858753,True,2340.141373,1
3761,1774170643.321913,1774174039.654381,1381,82,91.042192,33.971969,0.704571,True,3305.290276,1
1400,1774170643.243160,1774172367.947860,1045,605,912.575218,48.201850,1.431082,True,812.129482,3
1570,1774170643.248615,1774171977.857796,430,90,286.677106,143.616898,1.607418,True,1047.932075,1
2250,1774170643.271821,1774172581.147429,120,12,88.797463,81.468345,0.666283,True,1849.078145,1
1740,1774170643.253948,1774172445.343714,1126,375,590.185701,87.413414,1.344311,True,1211.904065,2
2742,1774170643.287706,1774173258.614711,404,102,275.072935,107.903932,1.655139,True,2340.254070,1
1401,1774170643.243190,1774172137.833719,1112,431,680.607871,146.958967,1.241044,True,813.982658,1
1571,1774170643.248648,1774171848.643959,1044,35,155.348150,106.905711,1.424778,True,1050.047162,1
2251,1774170643.271851,1774172714.970203,435,117,221.267224,102.133974,1.027011,True,1850.431128,1
1741,1774170643.253978,1774172354.223431,1314,210,498.776510,120.570727,1.809597,True,1212.192943,2
2743,1774170643.287735,1774173593.713100,1089,402,609.117615,73.684784,1.335244,True,2341.307750,2
1402,1774170643.243219,1774171765.719499,237,79,308.277141,163.816504,1.852059,True,814.199139,1
1572,1774170643.248676,1774172545.637188,1009,415,852.228472,125.730442,1.754826,True,1050.160040,2
2252,1774170643.271881,1774173105.915432,1190,403,611.016902,85.370677,1.307578,True,1851.626649,1
1742,1774170643.254012,1774172569.118131,1062,373,711.302208,113.391904,1.607286,True,1214.561911,2
2744,1774170643.287769,1774173847.650048,996,400,861.216241,83.030627,1.950340,True,2343.146038,2
3764,1774170643.322064,1774174019.427211,869,85,68.248448,7.152116,0.727337,True,3307.856699,1
1403,1774170643.243249,1774172400.467728,1162,427,943.014581,169.551063,1.815642,True,814.209898,2
1573,1774170643.248706,1774172498.528825,1026,400,801.307967,137.576645,1.663487,True,1053.972152,2
2253,1774170643.271911,1774172609.761474,955,68,114.247057,50.072468,0.957830,True,1852.242506,1
1743,1774170643.254040,1774171978.084195,238,14,120.257433,113.381087,0.528950,True,1214.572721,1
2745,1774170643.287797,1774173832.202140,1104,405,845.664754,114.985817,1.808611,True,2343.249588,2
1404,1774170643.243278,1774172027.678994,1076,378,569.797198,0.000000,1.511398,True,814.638518,3
1574,1774170643.248735,1774172542.851365,1089,465,845.402494,108.599289,1.587938,True,1054.200136,2
2254,1774170643.271941,1774173108.693840,1248,423,610.733295,44.130996,1.342659,True,1854.688604,2
1744,1774170643.254070,1774172343.696948,1313,181,484.244891,135.712224,1.936293,True,1216.197987,2
2746,1774170643.287826,1774173131.089609,409,95,143.298581,70.489292,0.774567,True,2344.503202,1
3766,1774170643.322166,1774174201.173514,399,106,248.759336,96.494289,1.450143,True,3309.092013,1
1405,1774170643.243307,1774172634.775681,1199,535,1176.883544,0.000000,2.203902,True,814.648829,4
1575,1774170643.248765,1774171887.193805,62,152,189.366504,85.782571,0.685986,True,1054.578536,1
2255,1774170643.271972,1774172678.184729,406,96,180.171747,76.122220,1.095258,True,1854.741010,1
1745,1774170643.254102,1774172559.714127,1200,406,700.220280,125.251995,1.419675,True,1216.239744,2
2747,1774170643.287855,1774173770.612289,1030,624,781.805377,69.473170,1.143390,True,2345.519057,2
1406,1774170643.243336,1774172081.288349,28,266,623.385259,0.000000,2.352397,True,814.659753,3
1576,1774170643.248794,1774171915.090834,382,53,213.362059,135.509902,1.497157,True,1058.479980,1
2256,1774170643.272001,1774173194.523771,1093,411,695.985812,133.691984,1.371448,True,1855.265958,1
1746,1774170643.254133,1774172080.063872,413,137,220.343431,87.397265,0.977545,True,1216.466309,1
2748,1774170643.287888,1774173301.389437,370,107,312.560409,165.411478,1.388197,True,2345.541141,1
1407,1774170643.243366,1774172029.922370,1052,412,571.823419,56.362714,1.254162,True,814.855585,2
1577,1774170643.248827,1774172466.148954,998,373,764.317373,122.688936,1.724808,True,1058.582754,2
2257,1774170643.272030,1774172700.664347,434,82,200.287150,86.347765,1.406659,True,1857.105167,1
1747,1774170643.254162,1774172455.502142,1054,374,593.595515,95.655385,1.334960,True,1218.652465,2
2749,1774170643.287918,1774173819.821737,1139,393,830.879407,121.950978,1.808491,True,2345.654412,2
1408,1774170643.243399,1774172719.481706,1180,880,1255.905756,76.239740,1.342055,True,820.332551,3
3940,1774170643.328587,1774174186.174662,403,97,109.946629,38.098030,0.748423,True,3432.899446,1
1578,1774170643.248856,1774172416.216318,936,431,714.148673,112.733267,1.398640,True,1058.818789,2
2258,1774170643.272060,1774172685.679257,368,72,185.137040,105.431769,1.122609,True,1857.270157,1
1748,1774170643.254191,1774172693.023088,1059,622,829.635184,96.190952,1.181070,True,1220.133713,2
2750,1774170643.287950,1774173587.509952,1103,408,597.253481,63.934360,1.310366,True,2346.968521,2
3770,1774170643.322391,1774174065.077985,1005,53,110.139171,38.606457,1.375629,True,3311.616423,1
1409,1774170643.243444,1774172105.948591,1083,407,641.769292,140.005580,1.235871,True,820.935855,1
1579,1774170643.248885,1774172509.587623,1150,404,803.524233,138.869014,1.649269,True,1062.814504,2
2259,1774170643.272090,1774173053.181885,988,375,552.577193,76.082921,1.274049,True,1857.332601,1
1749,1774170643.254220,1774172783.598911,1050,411,919.585498,72.100183,2.067037,True,1220.759193,2
2751,1774170643.287980,1774173664.244658,1076,446,673.833111,96.838961,1.296616,True,2347.123567,2
1410,1774170643.243474,1774171867.014195,1785,137,402.384578,177.415937,1.654181,True,821.386144,1
1580,1774170643.248917,1774172504.463555,1099,410,794.323706,114.380635,1.662452,True,1066.890932,2
2260,1774170643.272120,1774172636.561337,418,95,135.729332,44.754819,0.967814,True,1857.559885,1
1750,1774170643.254250,1774172529.267822,1069,419,662.752283,132.311972,1.268996,True,1223.261289,2
2752,1774170643.288009,1774173569.238878,1074,396,576.559064,48.518640,1.336811,True,2349.391805,2
3772,1774170643.322517,1774174031.762228,1540,72,76.247180,29.722934,0.655271,True,3312.192531,1
1411,1774170643.243589,1774172025.751539,1053,394,560.811254,57.866092,1.279759,True,821.696697,2
1581,1774170643.248950,1774172019.336807,7,136,308.972049,134.567686,1.291884,True,1067.115809,1
2261,1774170643.272150,1774172612.992426,1531,70,111.941842,47.247730,0.937596,True,1857.778435,1
1751,1774170643.254281,1774172651.981353,1085,426,785.187588,104.414336,1.601819,True,1223.539484,2
2753,1774170643.288039,1774173608.212385,1149,380,615.481015,92.906794,1.378824,True,2349.443331,2
1412,1774170643.243620,1774171627.122197,243,14,161.943750,148.251769,1.053229,True,821.934827,1
1582,1774170643.248979,1774172504.252671,1033,411,788.901367,109.671044,1.656659,True,1072.102324,2
2262,1774170643.272179,1774173226.708446,1135,410,725.575718,138.220476,1.436076,True,1857.860549,1
1752,1774170643.254310,1774172649.642727,1012,434,782.736416,72.511237,1.640243,True,1223.652001,2
2754,1774170643.288069,1774173152.498283,1503,69,158.274271,98.137277,0.884368,True,2350.935943,1
1413,1774170643.243650,1774172087.804265,1028,374,622.615135,148.240747,1.271781,True,821.945480,1
1583,1774170643.249008,1774172515.297295,1071,415,799.844336,112.827809,1.659460,True,1072.203951,2
2263,1774170643.272208,1774172683.423475,1142,79,180.224228,95.253910,1.089363,True,1859.927039,1
1753,1774170643.254348,1774172005.797831,1537,51,138.775969,75.609598,1.263327,True,1223.767514,1
2755,1774170643.288099,1774173620.237707,1023,432,625.837347,71.373195,1.286460,True,2351.112262,2
1414,1774170643.243680,1774172423.672054,1101,412,957.330472,0.000000,2.329271,True,823.097901,4
1584,1774170643.249037,1774172501.131868,1099,414,781.855612,112.646189,1.620362,True,1076.027219,2
2264,1774170643.272238,1774173141.105438,1189,378,637.895039,117.495250,1.380371,True,1859.938161,2
1754,1774170643.254379,1774172032.340308,401,80,165.307499,106.240750,0.747680,True,1223.778431,1
2756,1774170643.288128,1774173892.030908,1109,415,897.598963,164.702841,1.770280,True,2351.143817,2
1415,1774170643.243714,1774172672.862698,1179,921,1206.406130,66.016083,1.239554,True,823.212854,3
1585,1774170643.249069,1774171866.786951,238,14,147.408489,111.650733,2.750597,True,1076.129393,1
2265,1774170643.272266,1774172647.916754,394,97,144.439418,53.772025,0.944452,True,1860.205071,1
1755,1774170643.254424,1774172672.809571,1158,589,803.390006,94.940964,1.204845,True,1226.165141,2
2757,1774170643.288162,1774173584.012456,1039,396,588.492251,64.466240,1.326648,True,2352.232042,2
1416,1774170643.243744,1774172407.851120,1005,394,939.560193,51.112014,2.260682,True,825.047183,3
1586,1774170643.249098,1774172009.396623,685,137,286.532168,108.164951,1.311524,True,1079.615357,1
2266,1774170643.272295,1774173287.570831,1147,498,783.634115,82.788149,1.410153,True,1860.664421,1
1756,1774170643.254456,1774172503.193308,1028,396,631.314681,125.514489,1.280507,True,1228.624171,2
2758,1774170643.288193,1774173642.982673,1135,417,647.235700,50.285398,1.434977,True,2352.458781,2
1417,1774170643.243774,1774172047.883886,1151,404,579.417466,71.349490,1.260715,True,825.222646,2
1587,1774170643.249128,1774172657.209539,1020,502,931.863914,137.857183,1.584844,True,1082.096497,2
2267,1774170643.272325,1774173173.430284,985,427,669.176633,91.515789,1.356011,True,1860.981326,1
1757,1774170643.254484,1774172018.774858,369,57,146.155752,100.654469,0.812523,True,1229.364622,1
2759,1774170643.288225,1774173800.432647,1009,402,803.929753,72.961318,1.822864,True,2353.214669,2
1418,1774170643.243807,1774171896.372522,181,167,427.173491,172.846273,1.532092,True,825.955224,1
1588,1774170643.249157,1774172019.787599,1315,144,294.226889,110.636816,1.283847,True,1082.311553,1
2268,1774170643.272357,1774172727.334894,1047,99,222.866590,89.302858,1.362895,True,1861.195947,1
1758,1774170643.254514,1774172593.187907,1133,507,719.788190,112.017229,1.201128,True,1230.145203,2
2760,1774170643.288275,1774173299.718854,387,100,302.347214,161.762843,1.420044,True,2354.083366,1
1419,1774170643.243837,1774172015.027538,1149,379,545.469005,59.155454,1.286544,True,826.314696,2
1589,1774170643.249189,1774172034.569779,9,166,306.503566,108.131246,1.202256,True,1084.817024,1
2269,1774170643.272388,1774173200.979110,1128,410,693.294341,37.901824,1.602427,True,1864.412381,2
1759,1774170643.254543,1774172620.826966,1010,485,747.148365,76.164140,1.386331,True,1230.424058,2
2761,1774170643.288307,1774173591.213437,1076,404,592.686398,64.313467,1.311099,True,2355.238731,2
1420,1774170643.243867,1774172060.985522,1070,428,590.398771,53.171740,1.258143,True,827.342885,2
3952,1774170643.328948,1774174230.781738,181,102,146.931664,62.752454,0.833458,True,3440.521127,1
1590,1774170643.249224,1774171976.605866,421,93,245.893885,105.485620,1.526177,True,1087.462758,1
2270,1774170643.272433,1774172627.129275,647,74,119.218942,49.338941,0.957260,True,1864.637900,1
1760,1774170643.254576,1774172674.327294,1066,465,799.329418,71.103563,1.569452,True,1231.743300,2
2762,1774170643.288338,1774173813.938788,1082,607,815.339734,101.236697,1.178388,True,2355.310717,2
3782,1774170643.323239,1774173998.714623,333,18,37.261242,25.048359,0.718405,True,3318.130143,1
1421,1774170643.243897,1774171779.311556,992,97,307.973157,142.091512,1.727934,True,828.094502,1
1591,1774170643.249253,1774172688.113903,1200,526,954.540460,129.629604,1.571259,True,1090.324190,2
2271,1774170643.272465,1774173111.448722,972,388,601.854189,84.176745,1.337668,True,1866.322068,1
1761,1774170643.254609,1774172481.294484,1036,422,604.293387,70.116314,1.268829,True,1233.746488,2
2763,1774170643.288367,1774173586.836662,1038,394,586.659438,61.167177,1.337130,True,2356.888856,2
1422,1774170643.243927,1774172630.872603,1035,616,1159.522678,153.309929,1.636118,True,828.105998,2
1592,1774170643.249282,1774171982.535702,394,91,245.619873,108.016846,1.528923,True,1093.666546,1
2272,1774170643.272495,1774172649.175185,242,14,139.371821,129.549436,0.755568,True,1866.530870,1
1762,1774170643.254638,1774172486.724445,977,407,609.384915,95.274050,1.266283,True,1234.084891,2
2764,1774170643.288397,1774173620.294584,1131,377,620.066221,101.065539,1.380321,True,2356.939965,2
1423,1774170643.243956,1774172034.702434,912,395,562.360051,64.433955,1.263772,True,829.098426,2
3955,1774170643.329035,1774174163.273640,380,58,76.812298,32.685856,0.774148,True,3443.132308,1
1593,1774170643.249311,1774171908.520674,1628,48,171.490787,103.285971,1.451166,True,1093.780576,1
2273,1774170643.272526,1774173108.971292,1048,412,598.328546,46.606796,1.342389,True,1867.370220,2
1763,1774170643.254672,1774172491.671860,1097,411,614.321382,95.263027,1.265996,True,1234.095807,2
2765,1774170643.288445,1774173295.391548,410,142,295.111072,79.498464,1.529167,True,2356.992031,1
1424,1774170643.243986,1774171906.250758,1353,235,433.898050,0.000000,1.854265,True,829.108722,3
1594,1774170643.249340,1774172651.981193,1046,442,910.111801,105.338619,1.824882,True,1098.620052,2
2274,1774170643.272560,1774173134.863337,1062,394,621.511477,84.323468,1.366891,True,1870.079299,2
1764,1774170643.254701,1774172074.177728,396,88,196.559191,107.798509,1.020238,True,1234.363836,1
2766,1774170643.288476,1774173871.424476,1086,437,871.133383,79.488082,1.815700,True,2357.002617,2
1425,1774170643.244015,1774171810.541712,388,88,334.016245,60.107217,3.148380,True,833.281452,2
3957,1774170643.329105,1774174229.048303,1801,72,141.419377,60.639852,1.137740,True,3444.299821,1
1595,1774170643.249369,1774171977.401497,383,84,235.428039,121.229335,1.375888,True,1098.724088,1
2275,1774170643.272595,1774172645.863451,396,97,131.606249,38.604862,0.968764,True,1870.984607,1
1765,1774170643.254730,1774172765.265165,1096,514,887.441801,111.301411,1.512944,True,1234.568634,2
2767,1774170643.288509,1774173684.650851,1104,448,682.173570,108.955454,1.282367,True,2359.188772,2
1426,1774170643.244044,1774172042.880664,1044,395,566.201038,0.000000,1.437058,True,833.435582,3
1596,1774170643.249398,1774171939.992771,376,65,197.904625,121.114958,1.199839,True,1098.838748,1
2276,1774170643.272626,1774172725.024736,431,99,210.488433,106.169223,1.064482,True,1871.263677,1
1766,1774170643.254760,1774172039.264812,2006,77,158.780229,101.469151,0.754093,True,1237.229823,1
2768,1774170643.288542,1774173318.278435,181,267,314.932884,83.904858,0.868526,True,2360.057009,1
1427,1774170643.244076,1774172036.052364,997,394,559.320959,0.000000,1.423209,True,833.487329,3
1597,1774170643.249442,1774171974.838219,379,87,232.647867,98.125347,1.564215,True,1098.940910,1
2277,1774170643.272655,1774172729.507162,405,92,214.960129,115.597417,1.091898,True,1871.274378,1
1767,1774170643.254789,1774172957.953401,1052,667,1077.249344,71.761834,1.509741,True,1237.449267,2
2769,1774170643.288572,1774173714.487915,1176,500,710.073451,63.060849,1.296618,True,2361.125892,2
1428,1774170643.244108,1774172457.528444,1109,488,979.750838,154.982187,1.693570,True,834.533498,2
3960,1774170643.329193,1774174200.466821,404,78,109.253133,55.389174,0.699532,True,3447.884494,1
1598,1774170643.249475,1774172634.984193,1046,395,890.070285,97.736553,2.010999,True,1101.664433,2
2278,1774170643.272688,1774173099.452364,959,384,584.689162,84.793040,1.305212,True,1871.490513,1
1768,1774170643.254822,1774172647.058221,1082,428,763.953254,69.361014,1.626680,True,1239.850146,2
2770,1774170643.288602,1774173863.873984,1101,629,859.242762,64.305104,1.265824,True,2361.342620,2
1429,1774170643.244137,1774171853.496647,1311,159,373.970116,47.394869,2.066932,True,836.282394,2
1599,1774170643.249505,1774172533.683851,1173,420,783.421367,118.762185,1.586299,True,1107.012980,2
2279,1774170643.272718,1774172622.182826,387,68,107.367387,42.434189,0.969152,True,1871.542720,1
1769,1774170643.254854,1774172486.556616,1073,378,603.358621,113.721656,1.298772,True,1239.943141,2
2771,1774170643.288631,1774173169.042117,422,82,161.565517,103.956260,0.711225,True,2364.187968,1
3791,1774170643.323660,1774174071.741111,181,112,105.742740,22.384653,0.750974,True,3322.674711,1
1430,1774170643.244167,1774172393.491102,1025,589,913.912785,57.054022,1.457243,True,836.334150,3
3962,1774170643.329257,1774174238.017054,1389,65,146.626826,89.965253,0.885337,True,3448.060971,1
1600,1774170643.249538,1774172064.950042,1351,186,314.675980,129.969263,0.998415,True,1107.024523,1
2280,1774170643.272748,1774173166.322533,1254,419,651.230910,90.515891,1.341423,True,1871.818875,1
1770,1774170643.254882,1774172095.915290,11,141,209.716585,102.925964,0.762790,True,1242.943822,1
2772,1774170643.288661,1774173216.192654,181,202,208.437729,55.085508,0.762946,True,2364.466264,1
1431,1774170643.244196,1774171889.543644,1232,80,409.853016,63.593282,4.383035,True,836.446432,2
1601,1774170643.249568,1774171837.782723,243,14,85.582990,76.460199,0.701753,True,1108.950165,1
2281,1774170643.272777,1774172710.997629,396,75,195.691457,93.191635,1.385133,True,1872.033394,1
1771,1774170643.254911,1774172642.637687,1093,396,756.324441,98.007882,1.666624,True,1243.058335,2
2773,1774170643.288691,1774173892.031178,1112,410,884.061339,157.457111,1.776538,True,2364.681148,2
1432,1774170643.244225,1774172054.846360,1106,400,575.030678,0.000000,1.441180,True,836.571457,3
1602,1774170643.249598,1774172004.157358,410,100,249.408120,168.511979,0.817133,True,1111.499640,1
2282,1774170643.272813,1774173125.283205,1100,424,608.714833,46.632276,1.328800,True,1873.295558,2
1772,1774170643.254941,1774172516.613965,1014,392,629.415192,102.488855,1.347638,True,1243.943833,2
2774,1774170643.288720,1774173329.297691,392,147,320.468459,102.063870,1.495922,True,2365.540511,1
1433,1774170643.244254,1774172139.848718,1060,396,656.898484,169.017160,1.235143,True,839.705981,1
1603,1774170643.249628,1774171920.220097,387,52,165.294919,102.653541,1.228262,True,1111.675551,1
2283,1774170643.272843,1774173128.189936,1028,408,611.568976,60.837701,1.353148,True,1873.348117,2
1773,1774170643.254973,1774172526.725478,1085,375,638.498191,131.991575,1.354296,True,1244.972314,2
2775,1774170643.288750,1774173235.198263,373,91,225.429719,73.464775,1.688499,True,2366.479794,1
3795,1774170643.323814,1774174184.753780,858,100,215.941615,75.264645,1.420979,True,3325.488351,1
1434,1774170643.244283,1774171786.466933,398,47,302.803150,0.000000,6.582677,True,840.419500,3
1604,1774170643.249658,1774172348.413139,1034,429,593.106429,68.670205,1.225318,True,1112.057051,2
2284,1774170643.272874,1774173092.877189,955,394,574.890145,40.757698,1.359116,True,1874.714170,2
1774,1774170643.255003,1774172718.580103,1174,411,829.033684,104.825781,1.766361,True,1246.291416,2
2776,1774170643.288779,1774174140.515288,1078,956,1130.725639,84.450310,1.095576,True,2366.500870,2
3796,1774170643.323843,1774174092.996183,388,81,122.909336,61.377175,0.769152,True,3326.763004,1
1435,1774170643.244312,1774171757.647278,1786,67,273.571455,152.791232,1.830003,True,840.831511,1
3967,1774170643.329407,1774174158.598823,310,18,65.593759,53.597611,0.705656,True,3449.675658,1
1605,1774170643.249687,1774172343.864906,1162,411,588.383920,75.774020,1.250268,True,1112.231298,2
2285,1774170643.272903,1774172734.043564,19,178,213.402889,42.560112,0.965213,True,1877.367772,1
1775,1774170643.255032,1774172609.048779,1094,378,716.461665,99.509702,1.636477,True,1249.332082,2
2777,1774170643.288812,1774173155.392859,381,60,145.437758,95.017592,0.854579,True,2366.666290,1
1436,1774170643.244346,1774171541.389205,119,12,56.016832,41.548815,1.315274,True,842.128028,1
1606,1774170643.249717,1774172664.567343,1121,506,907.354272,100.365734,1.597997,True,1113.963355,2
2286,1774170643.272932,1774172736.273762,373,60,214.775399,147.602521,1.138523,True,1878.225430,1
1776,1774170643.255064,1774172572.613349,1086,410,679.829168,138.282720,1.324074,True,1249.529117,2
2778,1774170643.288844,1774173143.518713,313,18,132.988377,100.362979,1.919141,True,2367.241492,1
3669,1774170643.318933,1774174070.017320,197,152,178.473262,65.331987,0.749280,True,3248.225125,1
1437,1774170643.244392,1774171741.858435,247,15,256.372989,0.000000,18.312356,True,842.241054,3
1607,1774170643.249749,1774171801.013737,331,18,43.511824,32.162861,0.667586,True,1114.252164,1
2287,1774170643.272965,1774173144.562257,1023,396,622.960860,86.896802,1.357124,True,1878.328432,1
2779,1774170643.288874,1774173811.765362,966,414,801.020509,79.144245,1.747884,True,2367.455980,2
1438,1774170643.244443,1774172129.971603,1013,386,643.490256,159.866025,1.256167,True,843.236904,1
1608,1774170643.249779,1774172087.341391,1081,388,329.829050,34.735448,0.762516,True,1114.262562,1
2288,1774170643.272995,1774173120.033506,1105,407,596.319048,45.559212,1.356551,True,1880.441463,2
1778,1774170643.255128,1774172514.534626,1088,363,621.646659,89.001942,1.471394,True,1249.632839,2
2780,1774170643.288904,1774173713.525055,1096,384,702.230171,156.554913,1.424740,True,2368.005980,2
1439,1774170643.244472,1774171792.014483,407,88,305.296747,165.249629,1.609737,True,843.473264,1
3971,1774170643.329543,1774174239.394261,329,18,141.797228,125.646326,0.950053,True,3454.267490,1
1609,1774170643.249808,1774172045.901863,30,182,288.243838,84.992476,1.122936,True,1114.408217,1
2289,1774170643.273024,1774173135.335104,1028,379,611.394519,93.954536,1.368889,True,1880.667562,2
1779,1774170643.255157,1774172619.033603,1102,523,723.755041,94.943007,1.204621,True,1252.023406,2
2781,1774170643.288933,1774173155.280934,378,64,143.708200,92.423020,0.814050,True,2368.283800,1
2659,1774170643.284991,1774173063.475354,635,66,183.890089,113.961066,1.075831,True,2236.300274,1
1440,1774170643.244502,1774172022.261091,1030,376,534.632422,0.000000,1.425686,True,844.384167,3
3972,1774170643.329571,1774174172.502343,91,16,72.699473,51.075262,1.441614,True,3456.473299,1
1610,1774170643.249841,1774172550.593642,1073,408,792.924989,131.190420,1.625883,True,1114.418812,2
2290,1774170643.273054,1774172712.797896,1907,84,188.215776,81.025356,1.291451,True,1881.309066,1
1780,1774170643.255185,1774172586.840052,1029,401,690.465714,56.091561,1.585935,True,1253.119154,2
2782,1774170643.288963,1774173166.838189,410,77,153.184909,98.855031,0.714867,True,2370.364317,1
1441,1774170643.244536,1774172437.404934,1035,392,949.734256,0.000000,2.428988,True,844.426142,4
1611,1774170643.249871,1774172346.871901,1191,407,589.140480,78.747579,1.257125,True,1114.481550,2
2291,1774170643.273087,1774173249.658405,1028,396,724.655245,148.328069,1.459056,True,1881.730073,1
1781,1774170643.255213,1774172685.448271,981,381,788.734063,57.989587,1.923012,True,1253.458995,2
2783,1774170643.288996,1774173788.037818,1201,451,774.208006,187.126447,1.304626,True,2370.540817,2
1442,1774170643.244566,1774171768.854471,385,67,279.102499,162.215422,1.771016,True,846.507406,1
1612,1774170643.249901,1774172480.589774,1094,362,722.826294,90.266492,1.752243,True,1114.513579,2
2292,1774170643.273116,1774173228.135374,1364,480,703.091138,108.071927,1.242211,True,1881.771120,2
1782,1774170643.255243,1774172599.997932,1029,405,703.273202,69.990808,1.567531,True,1253.469487,2
2784,1774170643.289025,1774173642.982859,1110,394,628.024065,103.248866,1.335306,True,2371.669770,2
2656,1774170643.284901,1774173100.299372,391,107,225.740276,146.565785,0.746929,True,2231.274195,1
1443,1774170643.244597,1774171802.165362,380,97,311.515479,161.317491,1.564562,True,847.405286,1
1613,1774170643.249930,1774172643.096003,459,562,885.309033,170.771476,1.273685,True,1114.537040,2
2293,1774170643.273146,1774173146.650264,1034,417,620.145425,60.026347,1.346440,True,1883.231693,2
1783,1774170643.255272,1774172059.059920,374,91,162.231356,95.268112,0.744036,True,1253.573292,1
2785,1774170643.289055,1774173681.297964,978,429,665.997625,111.054826,1.296595,True,2372.011284,2
1444,1774170643.244627,1774172137.947395,1046,393,647.194707,164.293337,1.231891,True,847.508061,1
1614,1774170643.249959,1774172354.501070,985,426,594.760557,73.509779,1.226472,True,1116.490554,2
2294,1774170643.273175,1774173311.510180,1084,414,784.892186,106.498034,1.642601,True,1883.344818,2
1784,1774170643.255301,1774172567.287691,1023,415,669.705460,141.560742,1.275712,True,1254.326930,2
2786,1774170643.289088,1774173827.633757,1036,414,812.115797,74.371413,1.786306,True,2372.228872,2
2660,1774170643.285024,1774173052.632202,593,56,173.036339,113.950545,1.074287,True,2236.310840,1
1445,1774170643.244659,1774172117.209106,1036,390,626.445791,141.996279,1.245371,True,847.518655,1
1615,1774170643.249988,1774171998.893483,395,87,235.584231,165.249094,0.817850,True,1120.059263,1
2295,1774170643.273205,1774172647.411803,378,45,120.681566,79.243263,0.941780,True,1883.457031,1
1785,1774170643.255330,1774172021.912334,956,59,124.268009,70.003854,0.935589,True,1254.388995,1
2787,1774170643.289116,1774173255.297336,928,88,237.408047,93.003880,1.659818,True,2374.600173,1
1446,1774170643.244688,1774172556.951567,985,552,1066.084171,155.480021,1.652639,True,847.622709,2
1616,1774170643.250021,1774172103.599881,1070,392,338.974942,33.492040,0.781286,True,1121.374919,1
2296,1774170643.273237,1774172698.510944,1028,55,170.760545,100.807267,1.295431,True,1884.477162,1
1786,1774170643.255358,1774172500.537004,1057,388,602.665539,105.602600,1.284400,True,1254.616107,2
2788,1774170643.289148,1774173186.510222,390,63,168.402899,71.781483,1.558410,True,2374.818176,1
1447,1774170643.244717,1774172054.793972,1054,398,563.125984,0.000000,1.418453,True,848.423271,3
1617,1774170643.250049,1774171915.539665,1786,50,149.809313,90.068020,1.219210,True,1122.480303,1
2297,1774170643.273268,1774173144.562062,1103,396,616.596055,80.532152,1.357124,True,1884.692739,1
1787,1774170643.255391,1774172536.257684,1053,385,636.029888,140.876717,1.289461,True,1256.972404,2
2789,1774170643.289177,1774173664.244349,1126,409,646.073803,96.933883,1.345931,True,2374.881368,2
1448,1774170643.244746,1774171839.592573,181,127,346.352650,0.000000,2.748831,True,849.995177,3
1618,1774170643.250081,1774172571.723008,1081,414,805.552398,125.375473,1.646917,True,1122.920528,2
2298,1774170643.273298,1774172956.351071,1314,156,427.356473,73.152961,2.285184,True,1885.721301,2
1788,1774170643.255434,1774172493.699848,1041,395,590.780901,90.080558,1.270813,True,1259.663513,2
2790,1774170643.289206,1774173598.733729,1171,396,579.269021,53.132667,1.331991,True,2376.175502,2
2658,1774170643.284961,1774173111.234852,1412,94,235.108469,117.419979,1.265468,True,2232.841423,1
1449,1774170643.244776,1774172069.396147,1089,413,574.833689,0.000000,1.395227,True,851.317682,3
1619,1774170643.250111,1774172137.345259,1130,459,370.608306,14.368153,0.777817,True,1123.486843,1
2299,1774170643.273327,1774172711.652568,404,91,182.379572,88.622305,1.041747,True,1885.999669,1
1789,1774170643.255465,1774172787.463488,1146,401,883.510024,154.537788,1.822431,True,1260.697999,2
2791,1774170643.289235,1774173649.326074,1031,375,629.696414,117.825814,1.368638,True,2376.340426,2
3811,1774170643.324308,1774174184.865159,431,80,204.798704,97.793885,1.354491,True,3336.742146,1
1450,1774170643.244804,1774171786.029226,405,89,290.190184,136.920506,1.741701,True,852.594238,1
1620,1774170643.250144,1774171913.483972,1320,192,144.917378,16.856482,0.670476,True,1125.316450,1
2300,1774170643.273359,1774173135.222395,1002,388,604.971524,78.524450,1.360328,True,1886.977512,2
1790,1774170643.255493,1774172507.675977,1038,401,602.882239,94.862190,1.270050,True,1261.538245,2
2792,1774170643.289267,1774173658.773121,1102,405,639.018393,95.349674,1.345715,True,2376.465461,2
1451,1774170643.244833,1774172417.475507,1097,394,921.575008,0.000000,2.344975,True,852.655666,4
1621,1774170643.250173,1774172500.821014,1023,377,732.089515,169.482114,1.496296,True,1125.481327,2
2301,1774170643.273388,1774173582.054780,1128,502,1049.703013,37.281014,2.020802,True,1889.078380,3
1791,1774170643.255523,1774172598.683605,1051,440,693.613176,142.465943,1.255461,True,1261.814907,2
2793,1774170643.289297,1774173940.113805,1079,398,919.244677,69.019775,2.141624,True,2377.579831,2
1452,1774170643.244865,1774172452.848904,1168,436,956.445223,156.132352,1.839800,True,853.158816,2
1622,1774170643.250203,1774171880.700270,238,14,111.834978,97.458488,1.105884,True,1125.615089,1
2302,1774170643.273430,1774173291.687206,1018,395,758.672274,50.031595,1.798580,True,1889.741502,2
1792,1774170643.255555,1774172070.396870,15,134,164.300591,60.619386,0.779558,True,1262.840724,1
2794,1774170643.289327,1774173753.911042,1140,403,732.714025,185.397972,1.361483,True,2377.907690,2
2653,1774170643.284812,1774173331.822234,1012,394,457.294563,126.757087,0.841062,True,2231.242859,1
1453,1774170643.244894,1774171685.040788,333,18,188.296488,163.139028,1.479851,True,853.499405,1
1623,1774170643.250232,1774171883.190186,1314,137,112.183580,18.300951,0.690313,True,1127.756374,1
2303,1774170643.273462,1774172630.549222,840,45,97.523712,53.939643,0.990547,True,1889.752048,1
1793,1774170643.255590,1774172554.607710,1006,394,648.345808,133.524642,1.309978,True,1263.006312,2
2795,1774170643.289359,1774173180.813160,2000,82,159.441225,101.196132,0.719075,True,2378.082576,1
1454,1774170643.244926,1774172071.049722,1053,416,573.834912,0.000000,1.382735,True,853.969884,3
1624,1774170643.250261,1774172562.733670,1072,398,791.623313,134.852954,1.654333,True,1127.860096,2
2304,1774170643.273491,1774172700.061208,449,119,166.819078,36.031734,1.108367,True,1889.968639,1
1794,1774170643.255620,1774172089.955299,424,102,182.242167,85.286786,0.959954,True,1264.457512,1
2796,1774170643.289391,1774173144.999630,442,96,122.170377,49.768153,0.762129,True,2379.539862,1
1455,1774170643.244955,1774171826.603441,396,108,329.274976,0.000000,3.077336,True,854.083510,3
1625,1774170643.250293,1774172018.547059,394,89,247.426101,143.505224,1.180919,True,1127.870665,1
2305,1774170643.273521,1774172848.390811,376,145,314.697705,141.385788,1.203555,True,1890.419585,1
1795,1774170643.255649,1774172591.910465,1029,415,684.187210,94.480649,1.424412,True,1264.467606,2
2797,1774170643.289437,1774173215.426857,388,67,191.718035,90.317718,1.536368,True,2380.419385,1
3817,1774170643.324525,1774174148.841803,752,70,164.756686,59.991366,1.518338,True,3340.760592,1
1456,1774170643.244992,1774172097.846302,986,449,600.456113,0.000000,1.340304,True,854.145197,3
1626,1774170643.250323,1774171828.895354,373,60,56.296136,16.708732,0.670973,True,1129.348895,1
2306,1774170643.273553,1774173135.503592,1030,393,599.236973,65.881467,1.360601,True,1892.993067,2
1796,1774170643.255684,1774172585.370920,1006,488,677.501500,80.635703,1.225597,True,1264.613737,2
2798,1774170643.289467,1774173811.765562,1120,406,784.914105,71.673323,1.761088,True,2383.561990,2
1457,1774170643.245023,1774171888.216193,1315,199,390.662208,0.000000,1.973041,True,854.308963,3
1627,1774170643.250368,1774171877.335499,375,66,104.684279,60.599090,0.678234,True,1129.400852,1
2307,1774170643.273600,1774172685.794148,374,79,149.516960,65.870676,1.072388,True,1893.003588,1
1797,1774170643.255713,1774172628.998586,1005,386,720.467095,90.427813,1.636466,True,1265.275778,2
2799,1774170643.289496,1774173622.439707,1001,421,595.225158,49.195232,1.300071,True,2383.925052,2
2655,1774170643.284871,1774173547.173458,1089,396,672.624895,135.158000,1.360676,True,2231.263692,2
3819,1774170643.324586,1774174078.430236,317,18,94.240334,68.627906,1.506613,True,3340.865316,1
1458,1774170643.245061,1774171829.294982,407,84,331.678870,0.000000,3.996131,True,854.371051,3
1628,1774170643.250397,1774172488.618451,1142,491,715.801471,73.548059,1.310721,True,1129.566582,2
2308,1774170643.273635,1774172750.547101,1992,66,213.760207,148.428876,1.005097,True,1893.513259,1
1798,1774170643.255745,1774172084.635687,404,96,173.555637,80.974164,0.974542,True,1267.824306,1
2800,1774170643.289526,1774173776.328030,1353,436,748.889095,179.155597,1.309732,True,2384.149409,2
2654,1774170643.284842,1774173051.849619,386,84,177.311449,104.843482,0.873108,True,2231.253328,1
1459,1774170643.245090,1774172044.378534,1032,399,545.531650,0.000000,1.370683,True,855.601794,3
1629,1774170643.250442,1774171907.691219,395,116,133.140248,62.149948,0.617307,True,1131.300529,1
2309,1774170643.273668,1774173131.199352,957,388,591.103282,71.794916,1.341882,True,1896.822402,1
1799,1774170643.255775,1774172607.636019,1147,509,696.545602,80.963598,1.211776,True,1267.834643,2
2801,1774170643.289654,1774173629.956196,1085,400,601.440216,68.630029,1.335364,True,2385.226326,2
1460,1774170643.245119,1774172380.587652,1064,396,879.320405,173.409664,1.787116,True,858.022129,2
1630,1774170643.250472,1774172090.238353,1044,394,315.411802,14.481267,0.765727,True,1131.576080,1
2310,1774170643.273697,1774173115.599823,1043,377,575.492437,77.057286,1.325625,True,1896.833688,1
1800,1774170643.255804,1774172430.502442,1314,138,518.439564,149.191013,2.695245,True,1268.807075,2
2802,1774170643.289686,1774173166.161376,371,67,137.593554,93.999982,0.660509,True,2385.278135,1
2657,1774170643.284931,1774173543.602286,1037,425,669.032753,107.564667,1.324217,True,2231.284601,2
101,1774170643.200567,1774171183.959445,1127,426,538.973629,17.667859,1.226602,True,1.785248,2
2056,1774170643.265667,1774173010.733892,1183,502,890.722301,0.000000,1.777889,True,1476.745923,3
271,1774170643.207374,1774171087.361152,1233,401,440.536720,44.649513,0.989718,True,3.617058,2
2973,1774170643.295131,1774173764.869281,1249,415,590.323499,42.744292,1.322655,True,2531.250650,2
441,1774170643.212862,1774171041.275983,1002,388,392.610621,102.977885,0.748405,True,5.452501,1
611,1774170643.218259,1774171435.245632,1035,405,608.519249,98.521367,1.262371,True,183.508124,2
1886,1774170643.260225,1774172129.024729,410,99,141.651181,51.599525,0.918894,True,1344.113323,1
102,1774170643.200601,1774171154.649644,1114,414,509.653420,14.564920,1.198762,True,1.795623,1
2057,1774170643.265699,1774172645.760217,1182,373,524.538586,0.000000,1.410050,True,1477.955931,3
272,1774170643.207403,1774170906.082612,1317,169,259.247457,53.666515,1.223696,True,3.627752,1
2974,1774170643.295163,1774173675.260892,203,181,499.693847,57.388032,2.457255,True,2532.271882,2
442,1774170643.212891,1774171052.033749,1021,390,403.358438,126.203903,0.712480,True,5.462420,1
3569,1774170643.315726,1774174214.946851,992,420,397.725617,66.742814,0.789935,True,3173.905509,1
612,1774170643.218291,1774171606.721379,1009,395,777.820377,77.573957,1.777275,True,185.682711,2
1887,1774170643.260256,1774172542.826605,998,385,554.249620,63.834958,1.277122,True,1345.316729,2
103,1774170643.200631,1774171071.830175,1083,396,426.823262,24.053382,1.019671,True,1.806282,1
2058,1774170643.265729,1774172873.848496,1167,399,750.839614,0.000000,1.886532,True,1479.743153,3
273,1774170643.207448,1774171258.417817,1103,520,611.571269,48.796189,1.084345,True,3.639099,2
2975,1774170643.295193,1774173920.865252,1037,379,745.195419,70.046368,1.786109,True,2532.374640,2
443,1774170643.212921,1774170945.899318,209,217,297.212548,108.673979,0.872864,True,5.473848,1
613,1774170643.218321,1774171211.825307,482,73,382.635679,96.058284,3.980242,True,185.971307,2
1888,1774170643.260285,1774172647.637254,1120,419,658.947012,70.859157,1.406909,True,1345.429957,2
104,1774170643.200663,1774170802.640070,1313,173,157.622899,11.591107,0.849022,True,1.816508,1
2059,1774170643.265757,1774172387.378583,381,77,262.317595,0.000000,3.451547,True,1481.795231,3
274,1774170643.207478,1774170900.427760,887,375,253.570330,52.808054,0.536798,True,3.649952,1
2976,1774170643.295222,1774173788.037626,1083,406,611.171788,63.243998,1.352908,True,2533.570616,2
444,1774170643.212950,1774170846.380630,386,96,197.682755,102.945007,0.997239,True,5.484925,1
614,1774170643.218359,1774171230.288802,401,104,401.088624,96.047921,2.961560,True,185.981819,2
1889,1774170643.260314,1774172772.171141,1112,394,782.806039,96.986109,1.745089,True,1346.104788,2
105,1774170643.200693,1774171110.572796,888,395,465.544851,15.792285,1.141504,True,1.827253,2
2060,1774170643.265787,1774172678.762967,1198,406,553.588475,0.000000,1.366885,True,1481.908705,3
275,1774170643.207510,1774171112.911864,1123,396,466.043562,48.624966,1.056756,True,3.660791,1
2977,1774170643.295252,1774173298.268649,386,53,121.392817,63.233472,1.118449,True,2533.580579,1
445,1774170643.212980,1774171164.113093,1092,415,515.404379,126.170690,0.940178,True,5.495734,1
3572,1774170643.315814,1774173995.012082,1916,61,175.172265,91.537476,1.393913,True,3176.524003,1
615,1774170643.218390,1774171359.827106,1046,429,530.596048,2.294280,1.234350,True,186.012669,1
1890,1774170643.260348,1774172730.928819,973,565,740.523015,64.262982,1.199043,True,1347.145456,2
106,1774170643.200723,1774170878.006782,13,130,232.967848,34.659090,1.537277,True,1.838211,1
2061,1774170643.265815,1774172667.583324,1006,398,540.797344,0.000000,1.362210,True,1483.520164,3
276,1774170643.207540,1774170901.871283,1095,379,254.992420,46.906593,0.550492,True,3.671323,1
2978,1774170643.295281,1774174081.139207,1124,412,901.039695,92.015174,1.968429,True,2536.804231,2
446,1774170643.213012,1774170890.718858,403,142,241.999146,108.640693,0.945805,True,5.506700,1
3573,1774170643.315843,1774173924.835644,1482,69,104.839966,32.572819,1.062752,True,3176.679834,1
3675,1774170643.319118,1774174024.146098,392,98,130.509988,63.239731,0.693508,True,3250.316992,1
616,1774170643.218434,1774171304.304384,1230,389,474.714986,4.134971,1.212835,True,186.370964,1
1891,1774170643.260378,1774172365.837263,1351,148,375.267252,80.236110,2.007015,True,1347.309633,2
107,1774170643.200752,1774170834.206052,874,89,189.155957,29.562946,1.813557,True,1.849343,1
2062,1774170643.265845,1774172741.668717,1026,386,614.707539,0.000000,1.596643,True,1483.695333,3
277,1774170643.207570,1774171188.409106,1079,419,541.519068,42.865716,1.192951,True,3.682469,1
2979,1774170643.295310,1774173559.736449,181,133,378.914289,59.287329,2.421416,True,2537.526849,2
447,1774170643.213042,1774170851.597701,415,101,202.867477,102.912578,0.999549,True,5.517182,1
3574,1774170643.315872,1774174148.393111,407,175,328.355494,80.055727,1.427010,True,3176.721745,1
617,1774170643.218471,1774171289.969074,161,160,459.664056,0.000000,2.890969,True,187.086547,3
1892,1774170643.260408,1774172582.240576,16,164,590.013122,0.000000,3.619712,True,1348.967046,3
108,1774170643.200781,1774170940.694226,1065,395,295.633115,31.521704,0.670334,True,1.860330,1
2063,1774170643.265874,1774172885.377403,1022,414,757.751769,0.000000,1.834750,True,1484.359760,3
278,1774170643.207599,1774171170.693017,1073,420,523.792801,38.559898,1.158074,True,3.692617,2
2980,1774170643.295341,1774173751.237045,1065,382,570.404779,46.458960,1.375186,True,2537.536926,2
448,1774170643.213071,1774170994.001053,1013,363,345.260058,126.138319,0.605309,True,5.527924,1
3575,1774170643.315901,1774173921.006929,373,71,98.906949,28.198051,1.010127,True,3178.784079,1
618,1774170643.218500,1774171337.582090,26,239,507.266154,0.000000,2.131370,True,187.097436,3
1893,1774170643.260462,1774172554.607366,1069,396,561.146062,43.754527,1.309852,True,1350.200842,2
109,1774170643.200813,1774171210.881120,1157,426,565.809279,39.908587,1.237413,True,1.871029,1
2064,1774170643.265907,1774172409.719805,900,103,280.684519,0.000000,2.751809,True,1485.769379,3
279,1774170643.207630,1774171161.862206,1147,413,514.951284,54.983812,1.116426,True,3.703292,2
2981,1774170643.295369,1774173625.443801,1441,150,444.570541,62.126634,2.566738,True,2537.577891,2
449,1774170643.213103,1774171105.988996,1014,395,457.237702,108.609201,0.884844,True,5.538191,1
3576,1774170643.315935,1774173965.814702,109,120,141.192875,25.676322,0.970727,True,3181.305893,1
619,1774170643.218529,1774171678.518272,1108,400,848.191777,0.000000,2.125794,True,187.107966,3
1894,1774170643.260507,1774172403.433261,1316,193,409.684686,74.569440,1.745392,True,1350.488068,2
110,1774170643.200841,1774171092.740550,1077,390,447.657985,34.615589,1.061806,True,1.881724,1
2065,1774170643.265936,1774172406.439803,911,98,277.127292,0.000000,2.856982,True,1486.046576,3
280,1774170643.207663,1774170806.773731,212,183,159.851473,44.552157,0.633513,True,3.714594,1
2982,1774170643.295398,1774173612.433024,438,91,430.671273,90.353026,3.781314,True,2538.466352,2
450,1774170643.213132,1774171012.665092,1034,377,363.903168,102.880877,0.694208,True,5.548792,1
3577,1774170643.315968,1774174188.888376,1063,407,363.248595,36.152589,0.805655,True,3182.323813,1
620,1774170643.218562,1774171266.691785,378,125,436.354557,0.000000,3.518988,True,187.118666,3
1895,1774170643.260538,1774172725.306745,1025,514,731.331531,100.279035,1.230122,True,1350.714676,2
111,1774170643.200876,1774171112.691868,1149,411,467.598162,9.092101,1.118307,True,1.892830,2
2066,1774170643.265965,1774172873.838032,1096,399,744.077112,0.000000,1.869540,True,1486.494955,3
281,1774170643.207694,1774170740.260310,411,81,93.327419,48.709547,0.557723,True,3.725198,1
2983,1774170643.295448,1774173720.907847,181,174,539.033025,63.841784,2.746770,True,2538.579374,2
451,1774170643.213161,1774171071.830544,1002,396,423.057733,126.106736,0.751775,True,5.559650,1
3578,1774170643.316004,1774174052.147730,374,99,224.510176,86.507013,1.408196,True,3184.321550,1
621,1774170643.218592,1774171424.381813,1051,410,591.756004,69.126089,1.277824,True,189.407218,2
1896,1774170643.260568,1774172118.078059,2006,77,122.845946,55.713188,0.883326,True,1351.971545,1
112,1774170643.200905,1774170913.576945,996,389,268.472509,13.367758,0.657486,True,1.903532,1
2067,1774170643.265994,1774172475.798969,389,88,345.821837,0.000000,3.974964,True,1486.711137,3
282,1774170643.207724,1774170822.882256,380,76,175.938261,53.557625,1.631742,True,3.736271,1
2984,1774170643.295479,1774173959.244013,1095,396,775.174241,91.402856,1.731067,True,2540.774294,2
452,1774170643.213191,1774171384.211138,1149,516,735.427423,108.576877,1.217186,True,5.570524,1
3579,1774170643.316032,1774174205.118179,991,414,377.212635,56.058688,0.777612,True,3184.589512,1
622,1774170643.218622,1774171214.258631,2,93,381.621728,69.114983,3.396812,True,189.418281,2
1897,1774170643.260598,1774172138.051137,378,51,142.745108,91.044599,1.034010,True,1352.045431,1
113,1774170643.200937,1774170936.728784,990,394,291.613030,17.537880,0.697392,True,1.914818,1
2068,1774170643.266023,1774172948.605615,1102,421,818.118050,0.000000,1.947900,True,1487.221542,4
283,1774170643.207753,1774171216.544165,990,468,569.589215,52.710659,1.106806,True,3.747197,2
2985,1774170643.295508,1774173959.136431,1133,420,774.850233,53.232309,1.722238,True,2540.990690,2
453,1774170643.213220,1774171112.803962,1112,403,464.009656,102.848965,0.898410,True,5.581087,1
3580,1774170643.316061,1774173957.638097,395,87,129.721981,35.662318,1.093717,True,3184.600055,1
623,1774170643.218652,1774171397.718177,1001,373,564.801603,100.819278,1.247264,True,189.697922,2
1898,1774170643.260628,1774172792.195704,1036,398,796.878657,99.473841,1.756687,True,1352.056420,2
114,1774170643.200966,1774170811.075833,197,183,165.949494,11.481960,0.848723,True,1.925373,1
2069,1774170643.266052,1774172660.609623,1010,392,529.958255,0.000000,1.355392,True,1487.385315,3
284,1774170643.207788,1774171157.376782,1106,414,510.410997,46.819556,1.122497,True,3.757997,2
2986,1774170643.295537,1774173784.912169,998,393,598.604126,67.783541,1.354134,True,2543.012506,2
454,1774170643.213249,1774170900.520358,1314,159,251.715262,126.074105,0.795197,True,5.591847,1
3581,1774170643.316093,1774173961.334288,1230,76,133.365944,65.310554,0.907405,True,3184.652251,1
624,1774170643.218682,1774171472.331791,1059,431,639.405009,107.704073,1.236514,True,189.708100,3
1899,1774170643.260662,1774173038.525260,1042,558,1042.992059,114.898621,1.666236,True,1352.272539,2
115,1774170643.200995,1774170833.383056,197,217,188.246243,15.683779,0.798900,True,1.935819,1
2070,1774170643.266088,1774172672.697346,1148,399,542.035283,0.000000,1.361898,True,1487.395975,3
285,1774170643.207818,1774171150.285860,1117,396,503.308781,38.483114,1.176774,True,3.769261,2
2987,1774170643.295570,1774173336.534748,382,53,150.061561,105.090064,0.864836,True,2543.177617,1
455,1774170643.213282,1774170808.526736,1917,56,159.711149,118.833662,0.743227,True,5.602306,1
3582,1774170643.316122,1774173927.517301,366,65,99.435477,33.710456,1.026953,True,3184.765702,1
625,1774170643.218711,1774171638.565753,996,385,805.628470,107.693859,1.817538,True,189.718572,2
1900,1774170643.260692,1774172605.111667,1089,372,607.420032,70.626143,1.446884,True,1354.430944,2
116,1774170643.201024,1774171179.268204,1378,407,534.120526,31.434871,1.238142,True,1.946654,2
2071,1774170643.266116,1774172961.847936,1024,397,827.431790,0.000000,2.089474,True,1491.150030,4
286,1774170643.207848,1774171112.911853,1147,396,465.923277,48.504784,1.056756,True,3.780728,1
2988,1774170643.295602,1774173635.796199,417,110,449.281336,96.930314,3.232578,True,2543.219261,2
456,1774170643.213310,1774171235.376209,1043,431,586.549854,114.632657,1.097482,True,5.613045,1
3583,1774170643.316154,1774174171.663099,1061,396,343.529567,17.587979,0.825169,True,3184.817379,1
626,1774170643.218741,1774171633.654297,1096,396,800.266130,82.252111,1.817757,True,190.169426,2
1901,1774170643.260724,1774172741.382501,1146,395,743.463954,99.630573,1.634095,True,1354.657823,2
117,1774170643.201054,1774171203.493126,1214,421,558.335045,29.454632,1.259239,True,1.957028,1
2072,1774170643.266145,1774172873.701929,1023,395,739.233267,0.000000,1.876227,True,1491.202516,4
287,1774170643.207877,1774170806.372259,127,178,159.373708,54.896682,0.590266,True,3.790673,1
2989,1774170643.295632,1774173597.066964,398,94,410.100056,58.749332,3.777965,True,2543.671276,2
457,1774170643.213340,1774171188.295386,1032,421,539.458813,126.042559,0.984324,True,5.623233,1
3584,1774170643.316182,1774174015.425810,384,83,185.677471,70.345101,1.406492,True,3186.432156,1
627,1774170643.218771,1774171219.943524,417,98,386.544770,82.241864,3.137143,True,190.179984,2
1902,1774170643.260753,1774172569.808452,1011,411,570.913157,52.049807,1.265520,True,1355.634542,2
118,1774170643.201083,1774171004.234802,1016,375,359.064816,39.810729,0.853621,True,1.968903,1
2073,1774170643.266175,1774172390.305137,242,15,254.772363,0.000000,18.198026,True,1492.266600,3
288,1774170643.207906,1774171218.331300,1021,428,571.321787,42.746026,1.237882,True,3.801607,1
2990,1774170643.295662,1774174019.510545,1166,421,832.329107,96.263754,1.752537,True,2543.885776,2
458,1774170643.213369,1774171041.383599,1093,382,392.535750,118.801236,0.718463,True,5.634480,1
3585,1774170643.316211,1774174099.800014,407,125,267.804574,82.149010,1.497222,True,3188.679228,1
628,1774170643.218800,1774171310.822254,1139,396,476.609243,2.959091,1.199114,True,190.994211,1
1903,1774170643.260783,1774172596.691002,981,382,595.609017,88.523509,1.330933,True,1357.821202,2
119,1774170643.201115,1774171129.864464,1186,398,484.684452,34.518389,1.133920,True,1.978897,1
2074,1774170643.266206,1774172738.119378,1144,397,600.768508,0.000000,1.517092,True,1494.084664,3
289,1774170643.207937,1774171064.387287,1081,394,417.367082,68.694179,0.887208,True,3.812268,1
2991,1774170643.295691,1774173795.377942,1027,396,607.706980,72.548878,1.354831,True,2544.375271,2
459,1774170643.213401,1774171224.866960,1173,429,576.008753,114.600453,1.078057,True,5.644807,1
3586,1774170643.316241,1774174023.449613,379,91,191.239575,67.883421,1.370624,True,3188.893797,1
629,1774170643.218830,1774170858.698709,310,18,24.475016,2.948081,1.266290,True,191.004864,1
1904,1774170643.260815,1774172582.017676,1138,414,579.687050,66.466975,1.242664,True,1359.069811,2
120,1774170643.201145,1774171251.451120,1100,426,606.260908,21.132934,1.376772,True,1.989066,2
2075,1774170643.266235,1774172946.234023,995,450,808.389747,0.000000,1.800423,True,1494.578041,3
290,1774170643.207966,1774171100.567896,1104,394,453.537199,63.950654,0.991314,True,3.822731,1
2992,1774170643.295722,1774173925.009573,1034,403,737.223974,73.533180,1.650972,True,2544.489877,2
460,1774170643.213449,1774170919.844843,203,189,270.976194,126.010424,0.771095,True,5.655200,1
630,1774170643.218863,1774171523.993028,1027,482,689.645623,88.845031,1.249066,True,191.128542,2
1905,1774170643.260845,1774172615.037470,1163,418,610.877025,64.637390,1.309927,True,1360.899599,2
121,1774170643.201178,1774170829.183738,218,217,183.982768,13.271610,0.790329,True,1.999792,1
2076,1774170643.266265,1774172896.143174,1082,412,758.185130,0.000000,1.844733,True,1494.691779,3
291,1774170643.208003,1774171179.915225,1149,429,532.873869,44.432853,1.141217,True,3.833353,2
2993,1774170643.295751,1774173553.417145,1924,105,364.442005,67.463977,2.855558,True,2545.679390,2
461,1774170643.213489,1774170855.890231,390,97,207.010689,118.769426,0.919180,True,5.666054,1
3588,1774170643.316303,1774174218.102478,1072,429,385.328060,38.099903,0.811281,True,3189.458115,1
631,1774170643.218893,1774171310.592687,1007,388,475.913558,4.518907,1.218074,True,191.460236,1
1906,1774170643.260875,1774172983.425285,1087,417,977.619733,115.969746,2.071274,True,1362.544677,2
122,1774170643.201208,1774171188.409286,1232,419,543.196847,29.400786,1.229177,True,2.011231,1
2077,1774170643.266294,1774172449.013662,1020,75,310.952008,0.000000,4.202054,True,1494.795361,3
292,1774170643.208034,1774170744.280186,399,86,97.228231,48.590870,0.572204,True,3.843921,1
2994,1774170643.295779,1774173965.115971,1054,423,775.062255,59.256619,1.696222,True,2546.757937,2
462,1774170643.213532,1774170841.870887,409,93,192.980941,114.568780,0.852306,True,5.676414,1
3589,1774170643.316332,1774174196.531181,1147,405,363.112821,45.825814,0.785364,True,3190.102028,1
632,1774170643.218928,1774171280.265243,161,151,444.239981,0.000000,2.961600,True,192.806334,3
1907,1774170643.260905,1774172714.800987,1138,517,708.951281,73.290696,1.231900,True,1362.588802,2
123,1774170643.201237,1774171161.919698,975,416,516.696916,29.520392,1.173919,True,2.021544,2
2078,1774170643.266323,1774172665.031455,989,393,525.952106,0.000000,1.341715,True,1495.813025,3
293,1774170643.208069,1774171029.392952,1127,385,382.330823,42.693035,0.884473,True,3.854060,1
2995,1774170643.295809,1774173843.614377,1018,429,651.482448,99.431071,1.289840,True,2548.836120,2
463,1774170643.213563,1774170841.753884,402,92,192.853162,125.978265,0.734889,True,5.687160,1
633,1774170643.218958,1774171423.933253,1025,394,587.845627,96.188176,1.251037,True,192.868668,2
1908,1774170643.260934,1774172627.073161,1160,468,618.269899,45.865560,1.225705,True,1365.542328,2
124,1774170643.201266,1774170830.303663,209,217,185.069893,11.374999,0.804143,True,2.032504,1
2079,1774170643.266363,1774172352.844495,1717,29,213.210143,0.000000,7.614648,True,1496.367989,3
294,1774170643.208098,1774170829.578494,766,85,182.505313,68.640500,1.355533,True,3.865083,1
2996,1774170643.295838,1774174011.645220,992,609,819.451054,100.429267,1.182602,True,2548.898328,2
464,1774170643.213596,1774170950.361798,1354,225,301.450492,118.737785,0.815682,True,5.697710,1
3591,1774170643.316390,1774174220.859496,1081,402,385.388189,73.128422,0.778703,True,3192.154917,1
634,1774170643.218988,1774171446.573809,1044,413,609.738112,86.356807,1.270343,True,193.616709,2
1909,1774170643.260964,1774172524.575259,21,165,515.173863,85.389171,2.620638,True,1366.140433,2
125,1774170643.201298,1774170744.334974,181,85,99.089982,15.575642,0.994218,True,2.043694,1
2080,1774170643.266394,1774172873.660074,1013,374,733.809795,0.000000,1.967318,True,1496.583886,3
295,1774170643.208130,1774171134.916242,1073,396,487.832644,52.581595,1.101901,True,3.875468,2
2997,1774170643.295868,1774173822.091210,1004,421,627.726118,69.093323,1.330078,True,2551.069223,2
465,1774170643.213629,1774170836.078717,181,213,128.246895,0.684852,0.601708,True,64.618193,1
3592,1774170643.316436,1774174176.184632,1085,396,340.661936,17.576091,0.817939,True,3192.206260,1
635,1774170643.219018,1774171232.674124,404,108,395.499809,86.018069,2.892353,True,193.955297,2
1910,1774170643.260995,1774172873.649520,1091,379,864.237166,0.000000,2.286342,True,1366.151359,3
126,1774170643.201329,1774170920.570921,1029,388,275.314754,31.326828,0.630460,True,2.054837,1
2081,1774170643.266448,1774172961.621324,1051,428,821.636361,0.000000,1.924207,True,1496.718515,4
296,1774170643.208163,1774170710.295748,91,16,63.201145,46.690792,1.100690,True,3.886440,1
2998,1774170643.295903,1774173712.408197,2027,121,517.878335,59.129167,3.822910,True,2551.233958,2
466,1774170643.213662,1774171180.979963,1035,414,473.034837,1.446749,1.141860,True,64.731465,2
3593,1774170643.316469,1774174080.809500,398,111,244.083367,80.798812,1.484405,True,3193.409664,1
636,1774170643.219050,1774171476.674077,1036,425,639.271766,104.652561,1.260894,True,194.183260,2
1911,1774170643.261025,1774172802.686752,1149,407,793.171311,88.711893,1.735122,True,1366.254416,2
127,1774170643.201357,1774171159.992852,888,418,514.725877,21.056499,1.183859,True,2.065618,2
2082,1774170643.266483,1774172380.809721,382,65,238.210239,0.000000,3.722035,True,1499.332999,3
297,1774170643.208191,1774171154.006867,922,402,506.901499,38.354637,1.168446,True,3.897177,2
2999,1774170643.295935,1774173952.407242,1157,404,757.866935,66.756019,1.714915,True,2551.244373,2
467,1774170643.213690,1774171228.511196,1033,420,518.817919,1.676136,1.234229,True,66.479586,2
3594,1774170643.316517,1774174060.353259,420,99,223.513689,80.685378,1.457432,True,3193.523053,1
637,1774170643.219079,1774171316.784706,1098,396,479.248369,3.968886,1.203239,True,194.317258,1
1912,1774170643.261054,1774172468.734505,1378,85,456.402477,130.043020,3.885232,True,1369.070974,2
128,1774170643.201386,1774171004.234813,1113,375,358.957054,39.702731,0.853621,True,2.076373,1
2083,1774170643.266513,1774172477.571072,1313,205,334.455432,0.000000,1.639487,True,1499.849127,3
298,1774170643.208220,1774170834.336380,1314,220,187.220363,54.778592,0.604757,True,3.907797,1
3000,1774170643.295968,1774173592.905375,450,84,398.354108,66.744847,3.995292,True,2551.255299,2
468,1774170643.213719,1774170814.457667,206,179,104.752946,1.665183,0.579145,True,66.491002,1
638,1774170643.219108,1774170924.572284,405,105,84.884234,2.892487,0.788382,True,196.468942,1
1913,1774170643.261083,1774172581.906433,1013,397,569.552169,69.620327,1.262454,True,1369.093181,2
129,1774170643.201430,1774171253.092307,1035,520,607.804724,13.184679,1.145703,True,2.086153,2
2084,1774170643.266543,1774172402.266786,381,89,259.032656,0.000000,2.943553,True,1499.967587,3
299,1774170643.208345,1774170925.478182,1049,396,278.351053,44.347639,0.592414,True,3.918784,1
3001,1774170643.295998,1774173581.699321,431,101,385.254905,64.874540,3.203804,True,2553.148418,2
469,1774170643.213749,1774171187.446529,888,426,477.198115,1.932864,1.118271,True,67.034665,2
3596,1774170643.316588,1774174207.845220,1064,440,370.891425,17.657226,0.804634,True,3193.637207,1
639,1774170643.219137,1774171402.202121,1269,451,560.437377,2.629812,1.239572,True,198.545607,1
1914,1774170643.261113,1774172593.243848,1053,408,579.396519,68.126826,1.256191,True,1370.586216,2
130,1774170643.201462,1774171177.400819,1009,425,532.102338,29.444762,1.185513,True,2.097020,2
2085,1774170643.266572,1774173083.742548,1051,538,817.090588,128.340817,1.282588,True,1623.385388,2
300,1774170643.208377,1774170936.956300,1048,399,289.819402,48.505556,0.606316,True,3.928521,1
3002,1774170643.296031,1774173311.785062,1189,74,113.865906,39.954797,1.012481,True,2554.623125,1
470,1774170643.213779,1774170815.710494,209,183,105.451735,3.132373,0.562194,True,67.044981,1
3597,1774170643.316618,1774173959.622994,383,86,122.299256,41.920119,0.945637,True,3194.007121,1
640,1774170643.219166,1774170881.857023,788,51,39.978304,3.667421,0.726218,True,198.659553,1
1915,1774170643.261142,1774172787.251013,1049,398,772.820124,86.082130,1.729819,True,1371.169747,2
131,1774170643.201495,1774171193.209924,869,450,547.900635,23.185064,1.168632,True,2.107794,2
2086,1774170643.266602,1774172395.280931,243,14,58.209132,44.136629,1.082500,True,1693.805197,1
301,1774170643.208408,1774171112.691862,1180,404,465.543633,52.517435,1.024879,True,3.939820,2
3003,1774170643.296064,1774173343.348855,1642,56,144.085761,96.031886,0.873707,True,2555.967031,1
471,1774170643.213809,1774171191.528224,1102,433,481.227838,3.291595,1.106334,True,67.086578,2
3598,1774170643.316648,1774173931.318264,1775,52,92.290573,36.096138,1.101852,True,3195.711044,1
641,1774170643.219196,1774171678.528756,918,398,835.211709,100.274322,1.851228,True,200.097851,3
1916,1774170643.261174,1774172433.718295,1474,94,419.276681,89.055915,3.550761,True,1371.180439,2
132,1774170643.201524,1774171186.935350,1183,431,541.614670,15.500202,1.223522,True,2.119156,2
2087,1774170643.266635,1774172460.743783,1337,79,122.134751,69.026652,0.680873,True,1695.342397,1
302,1774170643.208462,1774170830.303336,194,217,183.143840,46.626659,0.632024,True,3.951035,1
3004,1774170643.296093,1774173341.455005,401,101,141.965508,38.384637,1.035809,True,2556.193405,1
472,1774170643.213838,1774171283.423555,1007,424,573.112273,3.079852,1.347594,True,67.097443,2
3599,1774170643.316677,1774173966.215465,422,92,124.770998,33.679433,1.001006,True,3198.127790,1
642,1774170643.219226,1774171438.675866,206,179,595.296692,97.251893,2.798004,True,200.159947,2
1917,1774170643.261204,1774172108.850918,243,14,93.815949,82.514700,0.869327,True,1371.773765,1
133,1774170643.201553,1774170940.693924,972,395,295.362508,31.251449,0.670333,True,2.129863,1
2088,1774170643.266665,1774172501.047664,401,164,160.508195,48.090811,0.689677,True,1697.272804,1
303,1774170643.208495,1774171135.481884,1063,396,488.312093,38.290172,1.139296,True,3.961296,2
3005,1774170643.296122,1774173622.426221,794,70,421.553819,104.159813,4.599913,True,2557.576281,2
473,1774170643.213877,1774170824.566447,203,167,101.867082,0.702137,0.609427,True,79.485487,1
3600,1774170643.316706,1774174156.934694,188,167,313.807940,71.018148,1.462589,True,3199.810048,1
643,1774170643.219260,1774171995.531374,1068,664,1149.914670,95.014337,1.591102,True,202.397444,3
1918,1774170643.261232,1774172386.350984,401,95,370.021686,66.531360,3.228620,True,1373.068066,2
134,1774170643.201583,1774170925.478533,1097,396,280.135894,20.980931,0.656089,True,2.141056,1
2089,1774170643.266694,1774172445.287440,120,12,104.676079,96.036546,0.785412,True,1697.344667,1
304,1774170643.208526,1774170832.624079,206,217,185.442990,54.714038,0.605227,True,3.972564,1
3006,1774170643.296152,1774173965.334162,1137,402,764.347280,57.284332,1.763249,True,2557.690730,2
474,1774170643.213906,1774171211.710196,1173,421,486.822903,1.567445,1.155370,True,81.673388,2
644,1774170643.219289,1774171432.272692,1042,472,585.886210,2.310413,1.239014,True,203.167193,1
1919,1774170643.261261,1774172492.328780,430,107,473.771143,0.000000,4.469539,True,1375.296376,3
135,1774170643.201612,1774170920.775652,206,183,275.422540,34.344879,1.324603,True,2.151500,1
2090,1774170643.266730,1774172964.900243,1130,398,621.196168,72.337437,1.382516,True,1700.437346,2
305,1774170643.208556,1774170907.738779,1083,386,260.546508,44.282247,0.561725,True,3.983715,1
3007,1774170643.296182,1774173341.877911,392,84,139.321677,53.882834,1.029384,True,2559.260052,1
475,1774170643.213935,1774171177.172579,1080,371,450.251362,1.922208,1.211700,True,83.707282,2
3602,1774170643.316764,1774173946.507266,395,86,102.886044,6.032747,1.139451,True,3200.304457,1
645,1774170643.219319,1774170922.962686,417,92,76.453148,2.415877,0.813596,True,203.290219,1
1920,1774170643.261290,1774172834.920940,1044,415,816.135291,90.229120,1.753397,True,1375.524359,2
136,1774170643.201641,1774170823.997216,181,208,178.632849,13.107990,0.799637,True,2.162726,1
2091,1774170643.266760,1774172992.723655,1134,393,648.906104,98.570332,1.403918,True,1700.550792,2
306,1774170643.208589,1774171263.059767,1016,436,615.856829,48.439474,1.304408,True,3.994349,2
3008,1774170643.296211,1774173910.753716,1172,511,706.940032,62.426934,1.263751,True,2560.517473,2
476,1774170643.213964,1774170786.880168,395,92,59.948134,1.911431,0.637766,True,83.718069,1
3603,1774170643.316793,1774173935.013797,1874,51,91.279163,37.951136,1.066561,True,3200.417841,1
646,1774170643.219348,1774171272.216136,409,146,423.162445,83.874458,2.339917,True,205.834343,2
1921,1774170643.261319,1774172559.546973,1179,398,540.493915,45.154222,1.247707,True,1375.791739,2
137,1774170643.201670,1774170821.082350,1316,200,175.706654,29.367721,0.735372,True,2.174026,1
2092,1774170643.266789,1774173004.622005,1053,385,660.752398,119.919729,1.408418,True,1700.602818,2
307,1774170643.208619,1774171278.928757,958,427,631.715359,52.451696,1.359774,True,4.004779,2
3009,1774170643.296244,1774173799.729755,1161,420,595.741830,39.655537,1.327175,True,2560.691682,2
477,1774170643.213995,1774171376.117315,1011,677,649.030258,2.242376,0.956787,True,83.873062,2
3604,1774170643.316826,1774174176.126242,1050,375,330.108195,33.225981,0.793803,True,3202.701222,1
647,1774170643.219377,1774171312.838083,1002,373,463.774258,11.395355,1.216072,True,205.844448,1
1922,1774170643.261351,1774172602.663769,1175,401,583.487774,72.025260,1.278656,True,1375.914644,2
138,1774170643.201699,1774171290.111988,908,456,644.726278,29.227119,1.352745,True,2.184011,1
2093,1774170643.266819,1774173000.276811,1015,393,653.404049,79.204123,1.464796,True,1703.605943,2
308,1774170643.208650,1774170779.930261,91,16,132.706201,63.756850,4.596623,True,4.015410,1
3010,1774170643.296274,1774173729.527611,1314,322,525.312942,55.095029,1.464853,True,2560.918396,2
478,1774170643.214024,1774170739.344858,91,24,12.081441,2.227080,0.428450,True,84.049392,1
3605,1774170643.316858,1774174218.274710,1047,411,372.194660,44.438392,0.799406,True,3202.763193,1
648,1774170643.219406,1774170931.063165,942,104,81.761775,2.051918,0.773882,True,206.081983,1
1923,1774170643.261380,1774172873.764834,1034,396,854.425470,0.000000,2.163102,True,1376.077983,3
139,1774170643.201727,1774171164.831748,1094,422,519.434819,23.097326,1.178949,True,2.195201,2
2094,1774170643.266847,1774172525.038612,25,165,178.103733,60.700624,0.715873,True,1703.668032,1
309,1774170643.208680,1774170783.023959,335,18,135.788704,42.520259,5.486379,True,4.026575,1
3011,1774170643.296306,1774173638.788265,862,87,431.079705,97.323804,3.880883,True,2564.412254,2
479,1774170643.214053,1774170837.391170,209,167,107.603509,0.701263,0.643989,True,86.573607,1
3606,1774170643.316887,1774174121.909352,401,131,274.582496,73.306344,1.548278,True,3204.009969,1
649,1774170643.219451,1774171366.917322,983,414,517.260880,5.473352,1.239195,True,206.436991,1
1924,1774170643.261425,1774172392.549369,1951,46,372.758972,96.965940,6.128734,True,1376.528972,2
140,1774170643.201759,1774171172.996452,996,422,527.588514,15.412585,1.216570,True,2.206180,2
2095,1774170643.266880,1774173184.283486,1168,453,837.224886,144.100453,1.533461,True,1703.791720,2
310,1774170643.208710,1774170766.875226,895,114,119.629463,46.539708,0.646812,True,4.037053,1
3012,1774170643.296335,1774173629.457732,388,78,420.853024,96.427562,4.213318,True,2565.308373,2
480,1774170643.214085,1774171204.076257,1159,399,473.238857,1.575361,1.185084,True,87.623315,2
650,1774170643.219480,1774172046.183398,1113,1000,1196.515582,5.462057,1.192246,True,206.448336,1
1925,1774170643.261460,1774172589.235445,1134,394,568.413267,66.396919,1.277395,True,1377.560718,2
141,1774170643.201788,1774170748.545280,420,89,103.126667,31.164128,0.817756,True,2.216825,1
2096,1774170643.266909,1774172969.415841,1023,396,620.991895,76.071507,1.379545,True,1705.157037,2
311,1774170643.208743,1774171270.112505,1004,532,622.855777,38.203675,1.101040,True,4.047985,2
3013,1774170643.296366,1774173317.933391,1496,53,109.215119,54.507443,1.052071,True,2565.421906,1
481,1774170643.214116,1774171428.416647,463,739,697.061448,1.790948,0.942101,True,88.141083,2
651,1774170643.219509,1774170979.846390,203,217,129.961084,5.545905,0.575996,True,206.665797,1
1926,1774170643.261489,1774172139.073802,415,101,117.150415,32.745554,0.844049,True,1378.661897,1
142,1774170643.201816,1774170905.009317,1112,385,259.580350,20.894278,0.621578,True,2.227151,1
2097,1774170643.266938,1774173058.851704,964,476,710.365079,95.455832,1.294546,True,1705.219687,2
312,1774170643.208773,1774170836.830592,194,223,189.562948,57.409424,0.595286,True,4.058872,1
3014,1774170643.296396,1774173567.775908,181,124,358.184229,51.726945,2.491523,True,2566.295284,2
482,1774170643.214149,1774171219.772115,1094,398,483.276909,1.538527,1.213447,True,93.281058,2
3609,1774170643.316979,1774174080.696527,394,75,233.024547,114.943561,1.595689,True,3204.355000,1
652,1774170643.219538,1774171215.914082,435,83,365.729119,90.446925,3.357100,True,206.965425,2
1927,1774170643.261519,1774172583.110981,1157,416,560.837892,49.998007,1.230939,True,1379.011569,2
143,1774170643.201845,1774171071.830401,1133,396,426.390676,39.540638,0.979367,True,2.237880,1
2098,1774170643.266971,1774172469.931354,1360,90,121.341422,63.689741,0.647772,True,1705.322961,1
313,1774170643.208806,1774171173.145254,1001,427,525.867236,55.078920,1.105137,True,4.069212,2
3015,1774170643.296439,1774173787.868792,1073,392,577.999199,49.440270,1.351813,True,2566.573154,2
483,1774170643.214178,1774170860.512764,130,199,121.162944,0.676149,0.608519,True,96.135642,1
3610,1774170643.317011,1774173978.508766,386,99,130.754023,36.637815,0.960369,True,3204.437732,1
653,1774170643.219571,1774170867.166198,91,16,15.561650,4.157485,0.760278,True,208.384978,1
1928,1774170643.261549,1774172409.942926,983,151,387.515527,87.771968,1.998290,True,1379.165850,2
144,1774170643.201877,1774171056.072330,890,403,410.622823,25.043667,0.959152,True,2.247630,2
2099,1774170643.266999,1774172995.517093,1048,397,645.101384,96.880556,1.384396,True,1707.148710,2
314,1774170643.208837,1774170915.936862,954,390,268.646939,48.352838,0.566309,True,4.081086,1
3016,1774170643.296473,1774173339.059269,1217,49,128.121824,86.865622,0.859504,True,2567.640972,1
484,1774170643.214211,1774170843.314520,203,162,103.624103,0.715916,0.639181,True,96.476205,1
3611,1774170643.317041,1774174183.044502,1077,396,335.227656,4.915901,0.836232,True,3204.499805,1
654,1774170643.219600,1774171414.214986,1071,386,561.094595,90.471595,1.222397,True,209.900790,2
1929,1774170643.261581,1774172924.544193,1059,448,901.613384,106.367085,1.779074,True,1379.669227,2
145,1774170643.201911,1774170798.626516,833,36,153.166031,34.237400,3.397961,True,2.258574,1
2100,1774170643.267029,1774173019.624739,996,441,666.769172,86.573461,1.318627,True,1709.588538,2
315,1774170643.208867,1774170832.908166,203,217,185.606164,52.363805,0.616863,True,4.093135,1
3017,1774170643.296503,1774174025.952305,1027,396,814.552976,102.972152,1.801470,True,2568.102827,2
485,1774170643.214244,1774170867.772699,206,217,127.504413,0.446165,0.588233,True,97.054041,1
3612,1774170643.317070,1774174179.138998,1082,373,329.406647,36.654835,0.786967,True,3206.415281,1
655,1774170643.219629,1774171318.865835,167,217,465.173686,88.363033,1.744494,True,210.472520,2
1930,1774170643.261611,1774172879.566101,969,375,854.168317,108.330184,1.994220,True,1382.136173,2
146,1774170643.201940,1774171242.186272,1093,426,596.714783,29.271524,1.335161,True,2.269549,2
2101,1774170643.267057,1774172498.008115,890,89,143.776771,86.750824,0.648022,True,1710.964286,1
316,1774170643.208897,1774171029.285787,980,385,381.972944,68.400992,0.816594,True,4.103946,1
3018,1774170643.296532,1774173582.824392,405,142,369.341762,50.629817,2.260368,True,2570.186098,2
486,1774170643.214279,1774171198.526484,1003,373,458.205961,1.445386,1.227851,True,97.106244,2
3613,1774170643.317100,1774174221.848364,1057,436,371.836843,6.562402,0.839711,True,3206.694422,1
656,1774170643.219659,1774170963.801326,200,161,107.908202,0.796280,0.669450,True,212.673465,1
1931,1774170643.261643,1774172387.554112,243,15,361.938175,0.000000,25.852727,True,1382.354294,3
147,1774170643.201969,1774170825.652062,206,211,180.169494,23.011761,0.748370,True,2.280600,1
2102,1774170643.267090,1774173094.868324,1135,415,740.470951,174.469734,1.367153,True,1711.130284,2
317,1774170643.208927,1774170789.750211,91,24,142.426584,63.657580,3.424739,True,4.114700,1
3019,1774170643.296562,1774173613.137578,874,95,397.700022,50.887420,3.689496,True,2572.140994,2
487,1774170643.214311,1774170800.128824,376,88,59.284016,1.616517,0.662845,True,97.630498,1
3614,1774170643.317131,1774174196.412859,1119,399,345.921321,33.901018,0.783971,True,3207.174407,1
657,1774170643.219688,1774170925.727243,181,92,69.596021,1.144297,0.752217,True,212.911534,1
1932,1774170643.261673,1774172624.810522,1011,373,599.048007,110.143781,1.314259,True,1382.500841,2
148,1774170643.201998,1774171296.790356,898,454,651.296749,15.326596,1.403908,True,2.291610,2
2103,1774170643.267119,1774172516.557354,408,100,162.047333,92.786370,0.699606,True,1711.242902,1
318,1774170643.208957,1774170856.124385,428,102,208.790338,42.421426,1.647217,True,4.125091,1
3020,1774170643.296595,1774173295.168721,91,24,79.720022,50.876282,1.254076,True,2572.152103,1
488,1774170643.214352,1774170825.423378,401,125,83.585764,1.002114,0.665997,True,98.623262,1
3615,1774170643.317160,1774174002.743036,206,152,152.199295,6.030157,0.968008,True,3207.226582,1
658,1774170643.219720,1774170944.121264,181,118,87.970883,1.133563,0.742199,True,212.930662,1
1933,1774170643.261703,1774172879.574653,1040,386,852.031373,0.000000,2.213069,True,1384.281578,3
149,1774170643.202029,1774170807.060119,1312,180,161.555332,43.773144,0.658001,True,2.302758,1
2104,1774170643.267148,1774173003.339584,1266,397,645.670416,99.954451,1.378071,True,1714.402020,2
319,1774170643.208989,1774170764.081333,878,110,116.736641,46.441039,0.644914,True,4.135702,1
3021,1774170643.296625,1774174239.535370,1111,595,1024.076452,53.229613,1.634422,True,2572.162294,2
489,1774170643.214383,1774171250.211468,1023,427,507.673485,1.619771,1.187920,True,99.323600,2
3616,1774170643.317189,1774174067.836915,200,217,217.241850,42.683789,0.808139,True,3207.277876,1
659,1774170643.219749,1774171542.033612,1201,546,685.664572,20.328987,1.220799,True,213.149290,1
1934,1774170643.261732,1774172629.611462,1047,419,601.921374,69.859192,1.272876,True,1384.428356,2
150,1774170643.202058,1774170925.478539,1129,396,279.962937,20.807942,0.656089,True,2.313544,1
2105,1774170643.267178,1774172532.343953,403,89,171.043233,102.488627,0.779030,True,1718.033543,1
320,1774170643.209022,1774170797.075827,212,164,149.720233,38.104519,0.684759,True,4.146572,1
3022,1774170643.296654,1774173279.638205,120,12,63.713217,50.315512,1.217973,True,2572.628334,1
490,1774170643.214429,1774170869.120991,197,217,125.926250,1.556597,0.575785,True,99.980312,1
3617,1774170643.317218,1774173927.918463,1583,24,77.199492,54.120504,1.003434,True,3207.401752,1
660,1774170643.219778,1774171399.250041,1208,400,541.715940,23.068564,1.299868,True,214.314322,1
1935,1774170643.261761,1774172873.817136,1135,397,845.932064,0.000000,2.136192,True,1384.623311,3
151,1774170643.202086,1774170815.164686,375,67,169.638666,29.086836,2.129573,True,2.323934,1
2106,1774170643.267294,1774172988.938243,1127,398,625.727871,84.740284,1.362689,True,1719.943079,2
321,1774170643.209051,1774171159.477061,982,411,512.110801,57.311032,1.109268,True,4.157209,2
3023,1774170643.296684,1774173698.766269,1316,209,482.564638,94.651372,1.864968,True,2572.904948,2
491,1774170643.214468,1774170758.022631,91,16,13.734057,1.631307,0.806850,True,101.074106,1
3618,1774170643.317247,1774174214.831350,1127,394,361.371668,56.551790,0.775623,True,3210.142435,1
661,1774170643.219807,1774171283.312323,373,58,425.561692,0.000000,7.465995,True,214.530824,3
1936,1774170643.261791,1774172576.544137,1162,401,548.624857,48.443444,1.250454,True,1384.657490,2
152,1774170643.202115,1774171233.778550,862,425,588.241801,24.956630,1.328503,True,2.334633,2
2107,1774170643.267325,1774172513.347965,390,79,147.508890,91.784124,0.714420,True,1722.571750,1
322,1774170643.209080,1774170799.837585,445,174,152.460614,54.980299,0.563470,True,4.167891,1
3024,1774170643.296714,1774173586.348708,391,88,368.641775,47.135710,3.695472,True,2574.410219,2
492,1774170643.214498,1774170857.748014,77,187,113.449204,0.452607,0.607509,True,101.084312,1
3619,1774170643.317276,1774174014.857933,379,71,160.201540,59.488161,1.438763,True,3211.339116,1
662,1774170643.219840,1774171371.489753,1005,407,513.015472,3.515914,1.254925,True,215.254442,1
1937,1774170643.261819,1774172567.173551,1150,395,537.249095,34.282763,1.276564,True,1386.662637,2
153,1774170643.202147,1774170808.142044,167,179,162.594635,29.195763,0.749432,True,2.345261,1
2108,1774170643.267355,1774173211.398682,1084,390,843.450151,164.101934,1.746396,True,1724.681175,2
323,1774170643.209113,1774170744.280366,394,86,96.893010,48.255141,0.572210,True,4.178243,1
3025,1774170643.296744,1774173551.027869,401,96,331.951744,45.766947,3.012472,True,2575.779380,2
493,1774170643.214529,1774171217.783566,1056,396,473.442755,1.578752,1.194592,True,101.126282,2
3620,1774170643.317308,1774174122.130886,392,93,267.360676,110.220452,1.708046,True,3211.452902,1
663,1774170643.219869,1774170985.605945,130,199,127.122469,22.119151,0.530320,True,215.263607,1
1938,1774170643.261857,1774172401.422986,20,177,371.261741,46.201587,1.846933,True,1386.899388,2
154,1774170643.202178,1774171203.715155,914,414,558.157523,22.936630,1.295934,True,2.355454,2
2109,1774170643.267385,1774173027.437115,963,399,659.314322,79.828061,1.455996,True,1724.855408,2
324,1774170643.209142,1774171173.314924,1023,421,525.917052,56.622347,1.117368,True,4.188730,2
3026,1774170643.296773,1774173856.755472,1150,470,637.229356,34.738480,1.284629,True,2576.229343,2
494,1774170643.214559,1774171229.888357,1033,397,485.432119,2.077290,1.220593,True,101.241679,2
664,1774170643.219898,1774171342.831279,1008,398,484.244124,2.568706,1.213288,True,215.367258,1
1939,1774170643.261887,1774172142.594943,379,70,112.381703,57.006175,0.802544,True,1386.951353,1
155,1774170643.202207,1774170833.383405,209,217,187.814551,15.251606,0.798903,True,2.366646,1
2110,1774170643.267429,1774172563.769537,404,128,193.233670,87.087839,0.835794,True,1727.268438,1
325,1774170643.209172,1774170894.966063,1314,152,247.557517,68.305190,1.187102,True,4.199374,1
3027,1774170643.296803,1774173549.788354,407,94,329.983711,44.307685,3.071785,True,2576.507841,2
495,1774170643.214589,1774171208.386572,1118,378,463.816152,2.576602,1.223447,True,101.355831,2
3622,1774170643.317366,1774174008.083686,402,143,152.941133,29.249842,0.871065,True,3211.825186,1
665,1774170643.219927,1774170871.092265,91,16,12.391662,3.288624,0.606869,True,215.480677,1
1940,1774170643.261919,1774172873.796188,1106,397,841.559533,0.000000,2.125150,True,1388.974735,3
156,1774170643.202236,1774171465.177348,982,594,819.597304,39.400198,1.315678,True,2.377807,1
2111,1774170643.267468,1774173061.466318,1201,396,688.379122,126.937130,1.421372,True,1729.819728,2
326,1774170643.209201,1774171237.335220,1009,420,589.916072,46.365997,1.297256,True,4.209947,2
3028,1774170643.296833,1774173657.854439,387,124,436.386638,61.977324,3.043978,True,2578.170969,2
496,1774170643.214619,1774170843.370513,1269,152,98.490956,3.318556,0.630281,True,101.664938,1
3623,1774170643.317399,1774174013.782767,178,169,158.587817,1.754252,0.933533,True,3211.877551,1
666,1774170643.219956,1774171339.999010,392,109,480.774705,84.367354,3.670438,True,216.004349,2
1941,1774170643.261949,1774172514.760390,414,95,482.409253,101.376703,4.053538,True,1389.089188,2
157,1774170643.202265,1774170794.457736,200,161,148.866622,43.686535,0.657376,True,2.388849,1
2112,1774170643.267498,1774172979.673687,1115,418,604.146727,38.659029,1.356086,True,1732.259463,2
327,1774170643.209231,1774170904.835732,1007,375,257.405537,48.500427,0.558570,True,4.220964,1
3029,1774170643.296866,1774173685.543493,377,119,463.962214,92.790234,3.145525,True,2578.284412,2
497,1774170643.214649,1774171221.552064,1035,401,474.330937,2.282938,1.180120,True,104.006478,2
3624,1774170643.317452,1774174209.352649,1313,186,353.664009,87.557096,1.438416,True,3212.371189,1
667,1774170643.219985,1774171227.583196,394,95,367.454389,0.000000,3.909089,True,216.908821,3
1942,1774170643.261978,1774172891.606224,1072,416,857.033816,0.000000,2.065142,True,1391.310430,3
158,1774170643.202298,1774170788.421804,1313,156,142.819635,20.721399,0.787731,True,2.399872,1
2113,1774170643.267528,1774173099.558352,1025,397,723.928027,195.969508,1.333229,True,1732.362797,1
328,1774170643.209260,1774170900.146911,1161,373,252.705090,57.235610,0.525456,True,4.232561,1
3030,1774170643.296896,1774173329.521373,979,45,107.929479,65.854971,0.956239,True,2578.294998,1
498,1774170643.214682,1774171241.288002,1256,414,492.741744,2.494434,1.187039,True,105.331576,2
668,1774170643.220014,1774171513.312264,988,467,652.791946,0.000000,1.400841,True,217.300304,3
1943,1774170643.262008,1774172080.117918,238,14,45.408438,36.548051,0.681568,True,1391.447472,1
159,1774170643.202326,1774171161.173274,999,416,515.559868,24.879888,1.182361,True,2.411081,2
2114,1774170643.267557,1774172526.501858,418,113,150.745940,71.540524,0.707191,True,1732.488361,1
329,1774170643.209293,1774171251.686730,1067,429,604.233761,63.528531,1.263330,True,4.243676,1
3031,1774170643.296929,1774173808.175542,1134,399,585.781239,52.417955,1.340109,True,2579.097374,2
499,1774170643.214712,1774171276.688794,1211,450,528.018982,2.907265,1.169514,True,105.455100,2
3626,1774170643.317516,1774173923.645924,91,16,66.888708,55.241842,0.776458,True,3213.439700,1
669,1774170643.220043,1774171403.996156,1146,380,541.563888,79.450351,1.219297,True,219.212226,2
1944,1774170643.262038,1774172386.240982,385,87,351.479924,101.145193,2.910869,True,1391.499020,2
160,1774170643.203923,1774171164.224735,1084,397,518.599715,29.118257,1.236064,True,2.421097,2
2115,1774170643.267587,1774173021.187745,984,409,645.163580,88.045696,1.365485,True,1732.756577,2
330,1774170643.209325,1774171156.168499,1038,409,508.705716,54.894281,1.112283,True,4.253458,2
3032,1774170643.296959,1774173587.677902,401,96,362.979249,86.154468,2.913945,True,2581.401694,2
500,1774170643.214747,1774170820.509940,396,89,70.758257,2.243161,0.778581,True,106.536936,1
3627,1774170643.317547,1774174201.100901,1101,373,342.823570,61.371938,0.756590,True,3214.959785,1
670,1774170643.220075,1774171444.640629,1091,436,582.166626,26.938535,1.276386,True,219.253927,1
1945,1774170643.262067,1774172087.285436,322,18,51.222192,40.299277,0.642524,True,1392.801178,1
161,1774170643.203971,1774170760.327560,399,106,114.690995,22.858196,0.874598,True,2.432594,1
2116,1774170643.267620,1774173000.276979,1150,394,623.882370,107.041148,1.315118,True,1733.126988,1
331,1774170643.209354,1774171164.374925,1136,422,516.901064,48.168754,1.113378,True,4.264507,2
3033,1774170643.296991,1774173301.563463,1827,35,75.620767,43.067770,0.957441,True,2582.645705,1
501,1774170643.214775,1774170763.909984,91,16,13.871136,2.174240,0.779793,True,106.824073,1
3628,1774170643.317576,1774173965.411678,387,100,106.958504,0.858393,1.071718,True,3215.135597,1
671,1774170643.220107,1774170948.796280,379,87,85.961997,26.578306,0.690508,True,219.614176,1
1946,1774170643.262096,1774172571.134650,1026,396,535.008710,36.342994,1.262445,True,1392.863844,2
162,1774170643.204008,1774171314.399873,1065,594,668.752792,26.723228,1.082681,True,2.443073,2
2117,1774170643.267653,1774172972.737834,1011,384,593.929988,52.781076,1.412921,True,1735.540193,2
332,1774170643.209383,1774170943.069137,169,217,295.584900,42.271108,1.172749,True,4.274853,1
3034,1774170643.297020,1774173808.057904,1180,371,581.941361,77.324025,1.363831,True,2582.819523,2
502,1774170643.214805,1774171263.731321,1066,421,511.911673,1.604741,1.215017,True,108.604843,2
3629,1774170643.317606,1774173968.506741,374,66,109.939874,51.444476,0.899929,True,3215.249261,1
672,1774170643.220139,1774170934.400192,411,93,70.978301,1.186177,0.758610,True,220.201753,1
1947,1774170643.262125,1774172609.818106,970,403,573.681061,64.794966,1.265886,True,1392.874920,2
163,1774170643.204040,1774171198.582599,1036,446,552.924523,43.619628,1.144505,True,2.454036,2
2118,1774170643.267683,1774172965.629026,1149,383,586.500673,86.903321,1.307846,True,1735.860671,1
333,1774170643.209426,1774170783.706791,313,18,136.211616,68.218545,3.999592,True,4.285749,1
3035,1774170643.297054,1774174069.047711,1090,414,842.328078,99.580121,1.798421,True,2583.422579,2
503,1774170643.214836,1774170770.325001,91,24,17.807418,1.469254,0.710355,True,109.302747,1
673,1774170643.220169,1774171206.992875,396,66,343.497479,0.000000,5.284577,True,220.275226,3
1948,1774170643.262154,1774172389.370670,1378,85,353.211917,102.676036,2.982570,True,1392.896598,2
164,1774170643.204069,1774170933.857648,1243,398,288.189080,33.555345,0.641395,True,2.464499,1
2119,1774170643.267712,1774172593.889730,408,103,213.495004,85.636958,1.253510,True,1737.127014,1
334,1774170643.209458,1774171302.491731,1116,574,654.985256,56.514262,1.044452,True,4.297017,2
3036,1774170643.297084,1774173754.471973,412,117,527.742140,99.569668,3.691142,True,2583.432749,2
504,1774170643.214866,1774170803.849217,414,79,51.279742,1.680010,0.635894,True,109.354609,1
3631,1774170643.317665,1774174019.176247,372,68,159.116668,61.481312,1.457244,True,3216.741914,1
674,1774170643.220198,1774171353.777731,1060,396,490.014275,2.800987,1.233451,True,220.543258,1
1949,1774170643.262187,1774172582.893559,13,172,546.662673,50.988146,2.898681,True,1392.968700,2
165,1774170643.204099,1774170904.779594,1128,384,259.100055,24.813831,0.611713,True,2.475440,1
2120,1774170643.267747,1774172562.733498,386,67,182.140795,102.843096,1.201480,True,1737.324956,1
335,1774170643.209492,1774171237.693056,1240,501,590.175661,46.268661,1.087814,True,4.307903,2
3037,1774170643.297112,1774174055.760018,1102,684,828.060413,50.248222,1.138817,True,2584.402492,2
505,1774170643.214895,1774170806.029204,378,52,52.244619,3.657772,0.952683,True,110.569689,1
3632,1774170643.317698,1774174230.196131,1120,416,369.918349,36.507170,0.803400,True,3216.960085,1
675,1774170643.220227,1774171487.618109,1046,430,621.463471,0.000000,1.448633,True,222.934411,3
1950,1774170643.262216,1774172607.806001,1004,388,571.471029,67.082695,1.303329,True,1393.072756,2
166,1774170643.204132,1774170900.427581,1000,375,254.736861,29.052618,0.603434,True,2.486588,1
2121,1774170643.267776,1774173026.847432,1196,410,646.244427,113.846814,1.301706,True,1737.335229,1
336,1774170643.209520,1774170729.778291,1060,58,82.250270,48.402845,0.593814,True,4.318500,1
3038,1774170643.297147,1774173331.477052,387,52,103.335596,59.192908,0.865543,True,2584.844309,1
506,1774170643.214925,1774170825.480610,385,112,70.874515,0.856041,0.630797,True,111.391171,1
3633,1774170643.317727,1774174217.621442,203,193,357.332472,82.956828,1.429040,True,3216.971243,1
676,1774170643.220258,1774171216.661663,398,80,349.500280,0.000000,4.424054,True,223.941125,3
1951,1774170643.262248,1774172873.691473,980,373,837.080564,0.000000,2.250217,True,1393.348661,3
167,1774170643.204165,1774170808.526558,992,56,162.825131,33.996801,2.342333,True,2.497262,1
2122,1774170643.267805,1774173073.447877,1008,414,692.627058,121.969369,1.381738,True,1737.553014,2
337,1774170643.209550,1774170797.538680,209,167,149.999617,57.137899,0.559408,True,4.329513,1
3039,1774170643.297176,1774173607.931541,1000,59,377.209903,72.718879,5.249845,True,2587.424462,2
507,1774170643.214954,1774170913.633821,1314,285,158.737814,1.904804,0.552229,True,111.681054,1
3634,1774170643.317756,1774173968.332088,1146,88,105.257684,25.400984,0.917893,True,3219.756649,1
677,1774170643.220288,1774170942.095438,381,99,74.922594,1.194615,0.752326,True,223.952556,1
1952,1774170643.262277,1774173141.083300,1102,531,1101.812903,0.000000,2.078892,True,1396.008119,3
168,1774170643.204195,1774170744.564278,920,87,98.852046,22.782444,0.884530,True,2.508038,1
2123,1774170643.267835,1774173300.945488,985,421,919.969692,168.611358,1.788948,True,1737.707961,2
338,1774170643.209579,1774170863.762704,428,108,216.212460,63.430682,1.427867,True,4.340665,1
3040,1774170643.297205,1774173819.986877,1087,397,588.987563,61.464392,1.332129,True,2587.702108,2
508,1774170643.214983,1774170836.020712,401,88,80.423032,1.955432,0.901926,True,112.382697,1
3635,1774170643.317881,1774174010.904547,181,131,147.002158,42.870170,0.801015,True,3220.584508,1
678,1774170643.220316,1774171701.717852,1117,429,833.944691,0.000000,1.948469,True,224.552845,3
1953,1774170643.262307,1774172598.683304,1005,394,558.696557,54.033588,1.284130,True,1396.724439,2
169,1774170643.204224,1774171041.276316,1040,388,395.553304,28.890256,0.947450,True,2.518788,1
2124,1774170643.267864,1774173027.209242,988,432,645.925508,67.841171,1.341263,True,1738.015870,2
339,1774170643.209608,1774171154.649459,1093,414,507.087609,42.193778,1.125651,True,4.352242,1
3041,1774170643.297235,1774174097.026214,1140,467,863.483547,44.119306,1.758292,True,2590.245432,2
509,1774170643.215015,1774170853.114159,404,98,96.176856,36.260415,0.617695,True,113.722288,1
3636,1774170643.317913,1774173983.617188,402,93,119.703661,42.859133,0.835267,True,3220.595614,1
679,1774170643.220345,1774171214.669934,383,70,345.546401,0.000000,5.007919,True,225.903188,3
1954,1774170643.262346,1774172464.297860,403,94,422.769062,102.378639,3.445058,True,1398.266452,2
170,1774170643.204254,1774170758.422171,411,101,112.688408,26.636638,0.860518,True,2.529509,1
2125,1774170643.267893,1774173037.649189,1027,414,653.555404,77.788182,1.394109,True,1740.825892,2
340,1774170643.209642,1774171448.977940,1045,585,801.405933,54.784969,1.278461,True,4.362364,2
3042,1774170643.297264,1774173559.962306,402,102,326.233259,46.094465,2.773651,True,2590.431783,2
510,1774170643.215044,1774170770.267548,91,16,12.233860,0.758135,0.765048,True,114.818644,1
680,1774170643.220376,1774170946.123268,403,106,76.679317,1.167284,0.719162,True,226.223575,1
1955,1774170643.262382,1774173047.413311,1169,452,1005.556629,0.000000,2.229616,True,1398.594300,3
171,1774170643.204284,1774170839.677156,900,91,193.933012,39.235863,1.718857,True,2.539861,1
2126,1774170643.267923,1774173028.507162,1042,394,642.425626,85.003881,1.418376,True,1742.813614,2
341,1774170643.209673,1774170862.470358,435,111,214.887319,68.130706,1.334151,True,4.373367,1
3043,1774170643.297294,1774173333.903850,1633,64,100.122436,42.863535,0.908871,True,2590.484121,1
511,1774170643.215073,1774170862.425472,194,188,104.381585,0.747618,0.554192,True,114.828814,1
3638,1774170643.317980,1774174057.783978,386,89,191.708405,67.381645,1.412804,True,3222.757593,1
681,1774170643.220429,1774170939.013907,377,69,69.334212,19.733008,0.729429,True,226.459265,1
1956,1774170643.262425,1774172873.754168,1140,398,831.886597,0.000000,2.095432,True,1398.605145,3
172,1774170643.204313,1774171177.400809,1018,425,531.644810,43.521945,1.151233,True,2.551687,2
2127,1774170643.267952,1774173013.645432,1071,384,627.399363,81.500003,1.425325,True,1742.978118,2
342,1774170643.209702,1774170915.936528,1037,390,268.342499,55.061283,0.548281,True,4.384326,1
3044,1774170643.297323,1774173300.318862,987,29,65.581508,41.907863,0.845487,True,2591.440031,1
512,1774170643.215102,1774171320.405460,1111,389,561.981111,1.660976,1.444124,True,115.209246,2
3639,1774170643.318009,1774174235.181691,203,217,368.878456,76.942590,1.351555,True,3222.985226,1
682,1774170643.220478,1774170946.570935,403,101,75.467722,1.164827,0.743029,True,227.882735,1
1957,1774170643.262476,1774172665.146095,1083,396,622.254887,0.000000,1.575329,True,1399.628732,3
173,1774170643.204343,1774170755.586408,395,99,109.819740,33.457394,0.779208,True,2.562325,1
2128,1774170643.267981,1774173066.229147,1093,401,679.931689,120.923597,1.397520,True,1743.029477,2
343,1774170643.209732,1774170754.603199,422,95,106.998232,56.415571,0.538113,True,4.395236,1
3045,1774170643.297353,1774173994.785793,1123,400,759.585370,52.246888,1.772778,True,2591.903071,2
513,1774170643.215131,1774171353.556767,1125,395,594.690579,2.470418,1.503097,True,115.651057,2
3640,1774170643.318039,1774174196.412687,1104,396,327.820437,19.883493,0.779587,True,3225.274210,1
683,1774170643.220509,1774171416.062319,1145,397,543.710320,0.000000,1.373006,True,229.131491,3
1958,1774170643.262507,1774172873.775290,1034,399,830.255713,0.000000,2.086070,True,1400.257070,3
174,1774170643.204372,1774170945.899142,209,217,300.121794,33.920993,1.232411,True,2.572976,1
2129,1774170643.268013,1774173111.780951,1171,523,725.421214,71.440294,1.252837,True,1743.091723,2
344,1774170643.209762,1774170935.586666,1313,201,287.971639,63.365653,1.123030,True,4.405264,1
3046,1774170643.297386,1774174087.835735,1150,424,852.519625,93.407775,1.794591,True,2592.018724,2
514,1774170643.215160,1774171263.500219,1013,421,503.167457,2.352898,1.192416,True,117.117603,2
3641,1774170643.318072,1774173996.590968,401,99,125.455591,48.513860,0.785120,True,3227.817304,1
684,1774170643.220539,1774171418.163314,1209,403,545.409898,24.656065,1.295408,True,229.532877,1
1959,1774170643.262538,1774172421.287773,404,131,377.084800,88.062327,2.223250,True,1400.940436,2
175,1774170643.204405,1774170766.582992,181,113,120.793960,24.704753,0.857939,True,2.584628,1
2130,1774170643.268045,1774173131.413538,1048,433,744.023990,87.445143,1.519858,True,1744.121503,2
345,1774170643.209801,1774171071.615863,1184,394,423.989977,57.607655,0.932271,True,4.416085,1
3047,1774170643.297436,1774173949.546656,1160,385,714.114651,45.034163,1.742397,True,2592.134569,2
515,1774170643.215192,1774170815.597512,847,89,54.188759,1.802985,0.595293,True,118.193561,1
685,1774170643.220569,1774171490.639017,893,455,616.123957,27.998537,1.295430,True,231.294491,1
1960,1774170643.262568,1774172634.954950,1073,422,590.565784,54.870461,1.272435,True,1401.126598,2
176,1774170643.204454,1774171154.649756,1118,414,508.849914,28.813285,1.162316,True,2.595388,1
2131,1774170643.268079,1774172704.553206,1821,84,316.988242,202.503584,1.379333,True,1744.296885,1
346,1774170643.209830,1774171071.830167,1001,396,424.193235,68.077402,0.901559,True,4.427102,1
3048,1774170643.297468,1774173971.120585,1116,393,735.470139,55.915254,1.733558,True,2592.352978,2
516,1774170643.215221,1774170824.679636,375,101,60.877353,0.848006,0.600293,True,120.587062,1
686,1774170643.220604,1774171457.871387,1036,412,580.556736,0.000000,1.412547,True,234.094047,3
1961,1774170643.262598,1774172111.118466,243,14,66.718473,54.859698,0.912213,True,1401.137395,1
177,1774170643.204487,1774170932.510754,972,392,286.699531,28.932105,0.659252,True,2.606736,1
2132,1774170643.268112,1774172583.869837,388,98,195.774963,81.441591,1.178695,True,1744.826762,1
347,1774170643.209862,1774171064.599863,890,387,416.952376,63.333560,0.916111,True,4.437625,1
517,1774170643.215253,1774171237.978734,1046,393,474.062673,1.557801,1.205370,True,120.700808,2
3644,1774170643.318161,1774173965.527145,441,59,92.714842,39.640075,0.915082,True,3229.494143,1
687,1774170643.220633,1774170990.880592,203,217,113.335100,0.800446,0.520994,True,234.324860,1
1962,1774170643.262627,1774172587.764255,1146,389,542.333242,48.157289,1.273649,True,1402.168386,2
178,1774170643.204520,1774170727.084185,1847,53,81.261469,22.672158,1.126718,True,2.618196,1
2133,1774170643.268141,1774172536.257380,1047,99,146.995523,71.363034,0.771760,True,1745.993716,1
348,1774170643.209892,1774170883.032320,181,140,235.373811,57.574675,1.279130,True,4.448617,1
3050,1774170643.297531,1774173582.881239,380,115,346.953022,56.535403,2.547523,True,2592.630685,2
518,1774170643.215285,1774170798.657182,395,58,34.566904,1.600990,0.578349,True,120.874993,1
3645,1774170643.318190,1774174151.440531,434,132,277.282082,77.686730,1.523629,True,3230.840258,1
688,1774170643.220663,1774171004.234808,200,217,126.224650,24.503990,0.470929,True,234.789495,1
1963,1774170643.262660,1774172873.806669,1017,395,827.896079,0.000000,2.101259,True,1402.647930,3
179,1774170643.204548,1774170754.889858,392,96,109.056678,26.537542,0.868622,True,2.628632,1
2134,1774170643.268170,1774172596.690753,21,138,207.315757,81.710914,0.916824,True,1746.106827,1
349,1774170643.209922,1774171087.286700,1119,397,439.617080,68.044575,0.938314,True,4.459697,1
3051,1774170643.297561,1774173938.589882,1084,404,702.608949,79.305653,1.546658,True,2592.683372,2
519,1774170643.215314,1774170815.597312,402,86,51.340608,1.744797,0.583480,True,121.041389,1
3646,1774170643.318220,1774173970.137779,386,93,94.761673,1.052776,1.018575,True,3232.057886,1
689,1774170643.220696,1774170899.577114,299,18,21.453148,2.902663,1.091205,True,234.903271,1
1964,1774170643.262690,1774172936.733984,1164,396,890.549036,0.000000,2.254555,True,1402.922258,3
180,1774170643.204577,1774170832.623896,197,217,186.780441,43.434198,0.663640,True,2.638878,1
2135,1774170643.268200,1774173116.995106,971,444,727.434927,136.519359,1.333895,True,1746.291980,2
350,1774170643.209952,1774170846.498594,407,92,198.818285,63.300726,1.489204,True,4.470356,1
3052,1774170643.297594,1774173825.636679,1192,413,587.468946,46.574243,1.312851,True,2594.870138,2
520,1774170643.215343,1774171375.907631,1207,386,609.318747,1.624813,1.578426,True,123.373541,2
690,1774170643.220725,1774171483.653228,1142,437,603.767620,0.000000,1.384788,True,236.664883,3
1965,1774170643.262719,1774172421.006620,1312,156,373.220472,66.718678,1.977431,True,1404.523429,2
181,1774170643.204609,1774171142.404882,975,409,496.551129,33.369976,1.135248,True,2.649145,2
2136,1774170643.268229,1774173083.631688,1185,434,693.429230,118.726697,1.327258,True,1746.934229,1
351,1774170643.209985,1774171041.276311,1188,388,393.585305,57.542520,0.868328,True,4.481022,1
3053,1774170643.297625,1774173569.014184,1609,62,327.923349,84.668123,3.987791,True,2597.793211,2
521,1774170643.215372,1774171272.102823,997,415,505.226418,2.287207,1.214829,True,123.661034,2
3648,1774170643.318280,1774174151.112288,412,131,275.148272,75.881241,1.532823,True,3232.645736,1
691,1774170643.220754,1774171025.024761,1318,234,143.623003,12.339047,0.563450,True,238.181005,1
1966,1774170643.262749,1774172614.811336,1096,396,566.921207,57.918678,1.288614,True,1404.627380,2
182,1774170643.204641,1774171268.291141,1025,443,622.426491,39.115661,1.319708,True,2.660008,1
2137,1774170643.268258,1774172988.825016,1231,396,598.509105,84.605302,1.301022,True,1747.047652,1
352,1774170643.210014,1774171004.234619,1016,375,356.532654,83.706656,0.729481,True,4.491951,1
3054,1774170643.297654,1774173559.172034,399,95,317.692905,43.262827,2.919469,True,2598.181475,2
522,1774170643.215401,1774170860.118166,191,162,89.845763,0.422422,0.555424,True,127.057002,1
3649,1774170643.318309,1774174225.389228,990,388,348.881651,45.621864,0.783617,True,3233.189268,1
692,1774170643.220787,1774170903.352795,323,18,21.484851,0.798747,1.216830,True,238.647157,1
1967,1774170643.262885,1774172406.372612,983,151,358.472076,57.907900,2.003761,True,1404.637650,2
183,1774170643.204672,1774170911.653961,1027,388,265.778219,24.617907,0.623153,True,2.671070,1
2138,1774170643.268290,1774172580.209082,413,113,188.660740,83.286259,0.940844,True,1748.280051,1
353,1774170643.210044,1774171207.933544,1095,417,560.221623,63.268977,1.194598,True,4.501877,1
3055,1774170643.297683,1774173577.942568,402,116,336.453117,43.252368,2.549572,True,2598.191767,2
523,1774170643.215445,1774171358.106509,978,430,587.770511,1.338054,1.366975,True,127.120553,2
3650,1774170643.318351,1774174000.302447,1935,78,123.783835,64.197780,0.773845,True,3233.200261,1
693,1774170643.220820,1774171465.177541,1023,416,583.194091,27.028967,1.340157,True,238.762630,1
1968,1774170643.262918,1774172899.082917,1050,413,848.447800,0.000000,2.059339,True,1407.372198,3
184,1774170643.204702,1774171172.118051,1143,409,526.230770,33.811463,1.206910,True,2.682579,1
2139,1774170643.268320,1774173175.665061,1255,414,783.115015,204.359746,1.401344,True,1749.281726,1
354,1774170643.210073,1774171087.070925,1027,395,439.348278,57.510856,0.969131,True,4.512574,1
3056,1774170643.297716,1774173550.748604,1288,68,309.095716,52.660538,3.827391,True,2598.355172,2
524,1774170643.215474,1774171241.459432,200,217,468.386530,0.708218,2.165177,True,129.857428,2
3651,1774170643.318382,1774174005.262747,380,111,125.586401,34.354203,0.829384,True,3236.357964,1
694,1774170643.220848,1774171576.139966,1039,593,693.096850,4.016639,1.163987,True,239.822267,1
1969,1774170643.262950,1774172479.400092,399,88,428.651842,0.000000,4.927033,True,1407.485301,3
185,1774170643.204734,1774170936.728791,1028,394,290.830564,41.600117,0.634174,True,2.693493,1
2140,1774170643.268349,1774172567.117293,922,104,173.619280,82.882107,0.880943,True,1750.229664,1
355,1774170643.210102,1774171285.828564,1102,455,638.095154,83.674662,1.221191,True,4.523309,1
3057,1774170643.297745,1774174033.381401,1103,404,791.480596,66.126059,1.799887,True,2598.603060,2
525,1774170643.215504,1774171284.757024,1160,421,511.288762,1.630205,1.213473,True,130.252758,2
3652,1774170643.318431,1774174227.916799,1099,414,346.097346,12.783040,0.807056,True,3238.501022,1
695,1774170643.220878,1774171422.668542,1024,414,539.614670,4.006063,1.296873,True,239.832994,1
1970,1774170643.262980,1774172500.593788,404,119,449.743351,0.000000,3.811384,True,1407.587457,3
781,1774170643.223660,1774171402.571241,1297,369,465.714885,0.000000,1.265530,True,293.632696,3
951,1774170643.228980,1774171744.906983,1083,429,572.782731,59.530667,1.199187,True,528.895273,1
3398,1774170643.308700,1774173928.307766,1508,84,242.855142,113.997429,1.552503,True,3042.143924,1
2396,1774170643.276702,1774172724.419512,954,54,124.418842,64.116340,1.137783,True,1956.723969,1
2566,1774170643.282093,1774173662.271236,1127,640,936.959951,0.000000,1.466291,True,2082.029192,4
782,1774170643.223690,1774171476.514159,1012,421,539.554284,0.000000,1.284653,True,293.736186,3
952,1774170643.229009,1774171339.764137,373,69,167.628618,59.519300,1.589843,True,528.906509,1
3399,1774170643.308731,1774173927.197029,372,61,241.651800,150.951187,1.511677,True,3042.236499,1
2397,1774170643.276731,1774172772.281826,419,99,172.168339,64.003524,1.103723,True,1956.836756,1
2567,1774170643.282123,1774173336.430521,1101,479,610.650643,0.000000,1.277512,True,2082.497755,3
783,1774170643.223720,1774171200.421696,377,54,263.409750,0.000000,4.969995,True,293.788227,3
953,1774170643.229039,1774171373.912786,401,89,201.766155,59.508250,1.616567,True,528.917592,1
2398,1774170643.276760,1774172812.666590,400,97,212.542364,113.504793,1.031641,True,1956.847466,1
2568,1774170643.282153,1774172998.588480,409,79,272.534142,0.000000,3.494027,True,2082.772185,3
784,1774170643.223749,1774171627.122396,1191,411,688.103204,102.137018,1.429186,True,295.795442,1
954,1774170643.229068,1774171320.092781,203,183,147.094404,5.670754,0.777053,True,529.769309,1
2399,1774170643.276790,1774173158.835248,1146,375,556.166639,50.995601,1.350725,True,1959.391819,2
2569,1774170643.282182,1774173734.591180,1054,454,1007.251505,157.799550,1.875170,True,2084.057492,2
785,1774170643.223778,1774171325.365977,393,101,386.110394,111.708439,2.744020,True,296.031804,1
955,1774170643.229098,1774171443.322728,1233,377,270.170158,3.149617,0.710161,True,529.923471,1
2400,1774170643.276819,1774173172.634869,1210,385,569.902819,64.089885,1.317221,True,1959.455231,2
2570,1774170643.282215,1774173007.958784,400,83,280.506521,0.000000,3.420811,True,2084.170048,3
786,1774170643.223808,1774171633.767500,1208,413,693.711926,111.644399,1.412785,True,296.831767,1
956,1774170643.229127,1774171504.766587,1133,429,331.562678,3.294473,0.766982,True,529.974781,1
3403,1774170643.308848,1774173984.056573,428,98,295.754893,154.695786,1.454218,True,3044.992832,1
2401,1774170643.276848,1774172919.794066,396,90,314.677656,48.547724,2.990224,True,1961.839562,2
2571,1774170643.282245,1774172942.467718,421,80,213.561438,80.918208,1.679028,True,2085.624036,1
787,1774170643.223837,1774171282.823699,379,62,342.757155,115.563675,3.724483,True,296.842708,1
957,1774170643.229157,1774171479.573500,1199,396,306.255630,3.789185,0.765738,True,530.088712,1
3404,1774170643.308876,1774174128.638095,1055,411,439.496792,93.170246,0.844699,True,3045.832427,1
2402,1774170643.276877,1774172725.773268,435,64,120.542946,57.881577,0.994625,True,1961.953445,1
2572,1774170643.282274,1774173326.685168,1077,469,597.449763,0.000000,1.276602,True,2085.953131,3
788,1774170643.223870,1774171291.871584,394,70,351.793670,115.553007,3.423778,True,296.854044,1
958,1774170643.229187,1774171252.808285,1226,95,77.599048,3.656408,0.786624,True,531.980050,1
3405,1774170643.308905,1774173795.202379,402,105,105.794859,12.677362,0.895361,True,3046.098616,1
2403,1774170643.276907,1774172913.541435,375,96,305.899622,46.022374,2.735550,True,1964.364906,2
2573,1774170643.282303,1774173261.787487,1023,398,532.388013,0.000000,1.341028,True,2086.117171,3
789,1774170643.223902,1774171324.652534,425,96,384.370124,118.318742,2.800541,True,297.058507,1
959,1774170643.229219,1774171469.555236,1031,397,292.376497,5.332005,0.724860,True,533.949520,1
3406,1774170643.308934,1774174042.226381,1045,397,352.807945,12.666490,0.858943,True,3046.109502,1
2404,1774170643.276936,1774172716.882606,381,81,109.075859,28.632357,1.005544,True,1964.529811,1
2574,1774170643.282332,1774173638.794902,1044,387,909.282218,0.000000,2.355653,True,2086.230351,4
790,1774170643.223931,1774171159.997637,313,19,219.297051,0.000000,12.183170,True,297.476655,3
960,1774170643.229249,1774171329.546458,206,189,152.191570,2.493443,0.796267,True,534.125639,1
3407,1774170643.308963,1774173942.705032,16,177,252.461270,75.332282,1.006415,True,3046.934799,1
2405,1774170643.276965,1774172907.801918,384,99,298.742434,145.125970,1.567515,True,1965.782518,1
2575,1774170643.282371,1774173044.461053,403,136,313.525688,0.000000,2.322413,True,2087.652994,3
791,1774170643.223961,1774171314.237846,134,203,373.525998,0.000000,1.849139,True,297.487887,3
961,1774170643.229279,1774171796.377593,980,516,618.969983,3.366113,1.195347,True,534.178331,2
3408,1774170643.308995,1774174077.983461,203,162,383.410852,148.424377,1.459543,True,3051.263614,1
2406,1774170643.276994,1774172755.300738,1912,72,146.138446,70.613385,1.063733,True,1965.885298,1
2576,1774170643.282400,1774172928.098253,397,66,196.752592,80.794065,1.783977,True,2088.063261,1
792,1774170643.223990,1774171653.103781,181,418,711.006237,108.135982,1.445732,True,298.873554,1
962,1774170643.229307,1774171321.060144,167,179,143.641794,3.407223,0.787835,True,534.189043,1
2407,1774170643.277024,1774173688.276633,1095,423,1078.505573,65.170116,2.401269,True,1966.494036,3
2577,1774170643.282445,1774173307.403370,1117,443,573.929343,0.000000,1.298483,True,2090.191581,3
793,1774170643.224019,1774171625.119469,1027,405,682.039325,107.153229,1.422985,True,299.856125,1
963,1774170643.229336,1774171290.021762,405,128,112.561242,3.450800,0.859137,True,534.231183,1
3410,1774170643.309054,1774173847.541294,376,74,152.635180,69.638086,1.136946,True,3051.597060,1
2408,1774170643.277053,1774173199.484524,1201,426,589.703332,48.805928,1.272700,True,1966.504139,2
2578,1774170643.282474,1774173072.812590,61,136,339.029436,151.356111,1.390173,True,2090.500679,1
794,1774170643.224051,1774171670.858985,1035,431,727.767643,107.142652,1.443314,True,299.867291,1
964,1774170643.229366,1774171320.405655,376,62,141.128318,45.235173,1.572019,True,536.047971,1
3411,1774170643.309085,1774174044.065521,1071,387,348.707730,14.788070,0.865077,True,3052.048706,1
2409,1774170643.277087,1774173289.103542,1092,502,679.280864,65.117429,1.225875,True,1966.545591,2
2579,1774170643.282512,1774173161.788735,27,193,427.800996,0.000000,2.228130,True,2090.705227,3
795,1774170643.224080,1774171226.912211,391,93,148.963639,52.767853,1.045606,True,434.724492,1
965,1774170643.229395,1774171316.576056,1313,169,136.655869,2.435507,0.798931,True,536.690793,1
3412,1774170643.309115,1774173931.262217,194,217,235.340494,32.919296,0.937135,True,3052.612608,1
2410,1774170643.277118,1774172893.486165,1109,91,281.364461,150.235189,1.456992,True,1968.844585,1
2580,1774170643.282542,1774173244.279045,1035,389,510.229120,0.000000,1.315024,True,2090.767382,3
796,1774170643.224110,1774171255.546165,395,118,177.586827,54.667799,1.050590,True,434.735229,1
966,1774170643.229446,1774171363.518807,1320,239,182.527414,20.559123,0.680539,True,537.761947,1
3413,1774170643.309147,1774174081.067961,1026,429,385.031709,15.600864,0.863156,True,3052.727104,1
2411,1774170643.277148,1774172716.545228,366,80,103.546889,23.440824,1.014001,True,1969.721190,1
2581,1774170643.282572,1774173261.901678,1129,397,526.611430,0.000000,1.329827,True,2092.007676,3
797,1774170643.224142,1774171201.729558,371,58,123.759285,69.372237,0.954159,True,434.746131,1
967,1774170643.229476,1774171261.987256,1052,101,80.944889,2.678405,0.782665,True,537.812891,1
3414,1774170643.309176,1774173981.083350,1312,193,284.985049,107.509453,0.924352,True,3052.789125,1
2412,1774170643.277178,1774172997.369874,1730,104,383.005042,80.274598,2.939131,True,1971.087655,2
2582,1774170643.282601,1774173704.366382,1056,451,968.084907,82.065608,1.968932,True,2092.998875,2
798,1774170643.224171,1774171416.060849,1098,396,338.079644,50.888220,0.727067,True,434.757035,1
968,1774170643.229511,1774171892.773115,1060,658,709.956464,2.291173,1.077116,True,539.587141,2
3415,1774170643.309205,1774173881.812371,380,82,183.328523,105.123987,0.965488,True,3055.174643,1
2413,1774170643.277208,1774173115.711408,1357,200,500.894355,32.416313,2.354161,True,1971.539845,2
2583,1774170643.282629,1774173083.742325,1315,166,346.905164,108.147534,1.447016,True,2093.554532,1
799,1774170643.224206,1774171439.234835,1296,398,361.241313,58.837476,0.761723,True,434.769316,1
969,1774170643.229543,1774171680.617516,1049,395,496.976309,53.568056,1.125402,True,540.411664,1
3416,1774170643.309234,1774174059.928741,1098,393,361.208041,21.202469,0.867361,True,3055.411466,1
2414,1774170643.277240,1774172885.370961,372,79,270.325699,79.594172,2.445276,True,1971.768022,2
2584,1774170643.282661,1774173031.041144,406,104,293.987630,156.203402,1.337711,True,2093.770853,1
800,1774170643.224235,1774171294.033101,124,159,216.030625,60.658270,0.983369,True,434.778240,1
970,1774170643.229571,1774171388.787196,408,104,204.917307,40.642965,1.594897,True,540.640317,1
3417,1774170643.309266,1774174111.714784,1093,389,412.941821,81.330650,0.854668,True,3055.463697,1
2415,1774170643.277270,1774173255.184342,1025,414,639.985146,64.576469,1.393241,True,1971.921927,1
2585,1774170643.282690,1774173055.669563,12,150,317.665356,0.000000,2.131982,True,2094.721518,3
801,1774170643.224264,1774171235.954555,394,104,157.940892,52.702986,1.021727,True,434.789399,1
971,1774170643.229600,1774171192.581273,91,16,8.618118,1.477059,0.476071,True,540.733556,1
3418,1774170643.309295,1774173928.201854,379,63,228.960906,143.756138,1.374270,True,3055.931653,1
2416,1774170643.277299,1774173192.129162,1171,396,575.050356,63.916687,1.294009,True,1973.801507,2
2586,1774170643.282719,1774173013.818660,444,100,275.688755,0.000000,2.784735,True,2094.847186,3
802,1774170643.224294,1774171437.965677,1230,399,359.941888,54.603682,0.767181,True,434.799495,1
972,1774170643.229630,1774171349.077668,1313,234,162.131145,1.731826,0.688409,True,543.716893,1
3419,1774170643.309324,1774173837.312947,181,121,134.641308,28.242699,0.886655,True,3059.362315,1
2417,1774170643.277328,1774172762.477009,371,62,144.642526,79.776620,1.063376,True,1974.557154,1
2587,1774170643.282748,1774173008.824405,393,102,270.336213,106.496604,1.622174,True,2095.205443,1
803,1774170643.224326,1774171214.544565,380,74,136.510630,69.308517,0.920577,True,434.809610,1
973,1774170643.229659,1774171333.853897,206,186,146.402383,1.780104,0.781742,True,544.221855,1
3420,1774170643.309354,1774174063.701615,1089,398,360.382804,19.455721,0.858758,True,3060.009457,1
2418,1774170643.277358,1774172973.113666,881,141,355.041846,144.285182,1.505405,True,1974.794462,1
2588,1774170643.282780,1774172983.530805,375,64,244.817400,154.543491,1.432919,True,2095.430626,1
804,1774170643.224355,1774171159.077735,91,16,81.033074,63.015896,1.201145,True,434.820305,1
974,1774170643.229693,1774171464.618581,128,159,276.321240,36.214961,1.519660,True,545.067649,1
2419,1774170643.277387,1774172972.908879,413,106,353.869339,66.169353,2.740000,True,1975.762152,2
2589,1774170643.282809,1774173096.475367,1313,143,357.098967,170.595896,1.313402,True,2096.093591,1
805,1774170643.224388,1774171446.342504,1298,402,368.287667,58.774193,0.771854,True,434.830449,1
975,1774170643.229723,1774171647.911876,1150,375,459.491632,39.729440,1.122359,True,545.190521,1
3422,1774170643.309427,1774174082.283734,981,399,377.951917,18.442931,0.903289,True,3061.022389,1
2420,1774170643.277439,1774172677.389698,120,12,56.556770,37.754260,1.709319,True,1977.555490,1
2590,1774170643.282840,1774173010.519483,402,99,269.128426,0.000000,2.746208,True,2098.108217,3
806,1774170643.224435,1774171450.902988,1101,405,372.837493,60.595216,0.772877,True,434.841060,1
976,1774170643.229752,1774171736.908772,1196,425,548.477892,45.226937,1.186913,True,545.201128,1
3423,1774170643.309463,1774173854.763301,390,48,150.390326,74.124031,1.622687,True,3061.063513,1
2421,1774170643.277471,1774173241.893726,1087,394,620.436305,76.153811,1.384943,True,1978.179949,1
2591,1774170643.282870,1774173634.951249,1180,598,893.272019,0.000000,1.496268,True,2098.396360,4
807,1774170643.224464,1774171766.161778,998,518,688.085490,52.639861,1.229102,True,434.851824,2
977,1774170643.229788,1774171388.787370,406,102,200.345061,45.216091,1.535930,True,545.212521,1
3424,1774170643.309496,1774174073.739054,1063,401,369.181787,26.356608,0.857063,True,3061.247771,1
2422,1774170643.277501,1774173187.663114,1136,396,565.471108,54.075512,1.294672,True,1978.914505,2
2592,1774170643.282899,1774173252.654953,1147,394,378.774601,62.961206,0.803596,True,2230.597453,1
808,1774170643.224495,1774171194.336872,378,52,116.248961,54.539384,1.209992,True,434.863416,1
978,1774170643.229817,1774171383.300591,388,92,194.847866,46.797099,1.626932,True,545.222909,1
3425,1774170643.309526,1774173833.410286,905,115,128.841766,28.112768,0.883588,True,3061.258994,1
2423,1774170643.277531,1774172719.538742,376,56,96.566479,35.615054,1.108208,True,1979.694732,1
2593,1774170643.282929,1774173241.649079,1117,387,367.758374,54.713338,0.810998,True,2230.607776,1
809,1774170643.224524,1774171430.755347,1033,394,352.656894,69.244296,0.721152,True,434.873929,1
979,1774170643.229846,1774171495.897071,980,396,307.034662,1.410097,0.773733,True,545.632564,1
2424,1774170643.277575,1774173192.187384,1244,396,569.152934,60.096014,1.288752,True,1979.756875,2
2594,1774170643.282957,1774173054.538952,404,145,180.638032,71.576610,0.757371,True,2230.617962,1
810,1774170643.224554,1774171223.127525,395,90,145.018303,62.951087,0.922104,True,434.884668,1
980,1774170643.229875,1774171318.244061,173,158,129.155119,1.408686,0.813672,True,545.859068,1
3427,1774170643.309588,1774173858.561880,995,83,153.274539,74.816149,0.956810,True,3061.977753,1
2425,1774170643.277607,1774173605.390354,1184,424,980.878427,137.844896,1.992987,True,1981.234320,2
2595,1774170643.282986,1774173238.156789,1091,375,364.245363,60.919748,0.811031,True,2230.628440,1
811,1774170643.224584,1774171468.289092,1120,415,390.169287,58.709163,0.800628,True,434.895221,1
981,1774170643.229904,1774171275.692356,407,91,84.154851,0.866421,0.925427,True,548.307602,1
3428,1774170643.309618,1774173846.016170,407,129,140.441159,27.106137,0.885430,True,3062.265393,1
2426,1774170643.277643,1774172942.467445,1047,87,317.871678,82.247582,2.739815,True,1981.318124,2
2663,1774170643.285217,1774173082.651266,395,100,197.386822,72.567827,1.260798,True,2241.979228,1
812,1774170643.224614,1774171248.361229,420,104,170.230583,60.529968,1.065055,True,434.906033,1
982,1774170643.229933,1774171511.752902,963,407,319.160278,1.565137,0.782254,True,549.362692,1
2427,1774170643.277672,1774172885.260837,1999,97,260.539581,124.466619,1.417427,True,1981.443584,1
2664,1774170643.285253,1774173847.649874,1175,521,962.261561,80.008003,1.696641,True,2242.103060,2
813,1774170643.224644,1774171421.491762,1138,396,343.350626,52.575109,0.736141,True,434.916492,1
983,1774170643.229965,1774171241.744656,1808,56,48.525645,3.155043,0.824920,True,549.989046,1
2428,1774170643.277702,1774173202.550362,1085,375,577.734039,86.488663,1.313490,True,1981.538621,2
2665,1774170643.285283,1774173763.751060,973,393,878.351865,134.248576,1.898223,True,2242.113913,2
814,1774170643.224674,1774171224.431739,406,89,146.279716,54.475434,1.043230,True,434.927350,1
984,1774170643.229994,1774171245.450601,379,59,51.111666,2.326758,0.841119,True,551.108941,1
3431,1774170643.309707,1774173899.317803,1317,155,190.318928,53.478626,0.888573,True,3065.689169,1
2429,1774170643.277732,1774173222.391294,1002,398,595.315078,92.283407,1.267082,True,1983.798485,2
2666,1774170643.285313,1774173115.599829,1333,86,223.982572,114.787560,1.284647,True,2248.331944,1
815,1774170643.224703,1774171281.800878,1314,152,203.638291,69.180342,0.890450,True,434.937884,1
985,1774170643.230023,1774171282.087204,413,96,87.399831,2.524663,0.893423,True,551.457350,1
3432,1774170643.309740,1774174097.575684,1000,386,387.075871,51.977774,0.870385,True,3067.190072,1
2430,1774170643.277761,1774173166.671302,1063,385,539.533403,35.974068,1.311352,True,1983.860138,2
2667,1774170643.285344,1774173765.756505,1021,393,874.036636,133.907142,1.888085,True,2248.434526,2
816,1774170643.224733,1774171493.235360,1057,445,415.062327,62.887317,0.793187,True,434.948300,1
986,1774170643.230054,1774171535.114214,1146,425,338.660951,1.777584,0.794536,True,553.223209,1
3433,1774170643.309770,1774174158.598541,955,425,448.046169,94.781026,0.833173,True,3067.242602,1
2431,1774170643.277790,1774172911.690153,1315,163,282.901743,75.534889,1.280042,True,1985.510619,1
2668,1774170643.285373,1774173740.956651,1143,414,847.467456,78.300727,1.862389,True,2250.203821,2
817,1774170643.224762,1774171449.031106,1074,403,370.847041,58.645386,0.776621,True,434.959303,1
987,1774170643.230082,1774171509.694841,1060,397,311.162182,1.479245,0.782028,True,555.302577,1
2432,1774170643.277819,1774173592.797902,1150,411,963.794259,140.812531,2.007273,True,1985.725824,2
2669,1774170643.285403,1774173820.032002,1061,427,923.878255,150.483095,1.815482,True,2252.868344,2
818,1774170643.224792,1774171491.663450,1133,432,413.468675,60.466183,0.819031,True,434.969982,1
988,1774170643.230111,1774171356.979950,191,217,158.395407,1.481421,0.726454,True,555.354432,1
2433,1774170643.277849,1774172967.726978,1098,88,338.108501,63.285240,3.158888,True,1986.340628,2
2670,1774170643.285452,1774173030.926621,387,52,132.048779,72.912075,1.159543,True,2255.592390,1
819,1774170643.224821,1774171497.552493,1110,451,419.347332,64.999014,0.787441,True,434.980339,1
989,1774170643.230141,1774171383.870242,394,93,185.243436,38.582468,1.594141,True,555.396666,1
3436,1774170643.309866,1774174102.130636,1026,402,388.596699,25.295887,0.905987,True,3070.224072,1
2434,1774170643.277879,1774173230.713706,1158,427,600.216229,67.618548,1.250229,True,1987.219598,2
2671,1774170643.285483,1774173215.426862,401,107,316.332965,147.543462,1.592354,True,2255.808414,1
820,1774170643.224854,1774171245.450781,1005,111,167.234258,54.410802,1.025668,True,434.991669,1
990,1774170643.230170,1774171715.340189,1204,412,516.701943,46.349801,1.144409,True,555.408077,1
3437,1774170643.309895,1774173961.450266,124,198,246.951429,51.077332,0.994285,True,3071.188942,1
2435,1774170643.277914,1774173608.971226,1069,388,978.411387,78.016428,2.326602,True,1987.281926,3
2672,1774170643.285513,1774173736.864536,1045,397,831.984582,70.156487,1.923808,True,2261.594440,2
821,1774170643.224884,1774171240.469556,853,106,162.242166,69.115121,0.886924,True,435.002506,1
991,1774170643.230199,1774171356.698178,197,217,156.555555,5.164899,0.700883,True,556.912425,1
3438,1774170643.309924,1774173957.353679,200,192,242.844427,51.066746,1.004072,True,3071.199328,1
2436,1774170643.277944,1774172891.714265,429,100,260.835958,118.309433,1.439662,True,1987.600364,1
2673,1774170643.285543,1774174074.701372,1030,631,1167.110178,107.582899,1.681789,True,2264.305651,2
822,1774170643.224913,1774171416.060925,1198,396,337.823058,62.822538,0.696204,True,435.012954,1
992,1774170643.230227,1774171498.843304,1207,386,298.410545,2.553154,0.768461,True,557.202532,1
3439,1774170643.309953,1774174136.579523,1054,396,421.852992,94.498643,0.828745,True,3071.416578,1
2437,1774170643.277973,1774173269.261995,1076,404,634.475311,75.423613,1.387225,True,1991.508710,1
2674,1774170643.285573,1774173092.227881,1065,86,184.512140,78.259854,1.250027,True,2264.430169,1
823,1774170643.224943,1774171203.959960,372,61,125.710846,58.580577,1.118838,True,435.024171,1
993,1774170643.230257,1774171318.642042,23,149,116.911199,1.479086,0.779947,True,558.500587,1
3440,1774170643.309986,1774174051.812124,203,151,335.769497,108.527311,1.514948,True,3072.732641,1
2438,1774170643.278003,1774172988.804053,385,87,353.841314,91.018332,3.056081,True,1991.684736,2
2675,1774170643.285605,1774173831.991632,1117,426,924.183085,155.334684,1.809055,True,2264.522942,2
824,1774170643.224972,1774171232.903328,381,91,154.643460,60.401230,1.047136,True,435.034895,1
994,1774170643.230385,1774171380.066445,396,95,176.569097,38.561869,1.468162,True,560.266963,1
3441,1774170643.310018,1774173917.869860,1901,53,201.611962,138.274849,1.218021,True,3072.947880,1
2439,1774170643.278032,1774172994.421015,398,146,359.426229,134.821132,1.549001,True,1991.716753,1
2676,1774170643.285638,1774173159.260681,393,93,247.569939,103.483424,1.566158,True,2268.405104,1
825,1774170643.225002,1774171435.188537,1112,404,356.918299,64.933956,0.724527,True,435.045236,1
995,1774170643.230442,1774171719.375645,923,418,515.658480,31.532699,1.160973,True,560.486723,1
3442,1774170643.310047,1774173952.631814,388,91,234.934119,106.872226,1.422910,True,3074.387648,1
2440,1774170643.278062,1774173642.224923,1035,373,1005.654840,85.162107,2.474443,True,1993.292021,3
2677,1774170643.285668,1774173725.225270,1109,378,811.672663,80.527595,1.939377,True,2270.266938,2
826,1774170643.225032,1774171214.487694,956,75,136.206320,66.853731,0.937197,True,435.056342,1
996,1774170643.230474,1774171289.283053,396,96,85.317031,1.632115,0.880894,True,560.735548,1
3443,1774170643.310080,1774174124.706663,970,401,405.995994,72.965206,0.832577,True,3075.400589,1
2441,1774170643.278091,1774173226.110526,1089,395,589.200297,84.822374,1.280147,True,1993.632137,2
2678,1774170643.285701,1774173063.374773,696,43,149.709646,101.508844,1.147638,True,2270.379426,1
827,1774170643.225068,1774171232.786476,431,99,154.494414,69.050517,0.871876,True,435.066994,1
997,1774170643.230508,1774171527.041292,923,417,323.012901,1.278923,0.773399,True,560.797884,1
2442,1774170643.278120,1774173077.596600,1316,203,438.699564,91.748079,1.717582,True,1995.618916,2
2679,1774170643.285732,1774173242.006612,181,105,328.227576,149.364347,1.719839,True,2270.493304,1
828,1774170643.225098,1774171443.208642,957,414,364.905682,62.757433,0.731594,True,435.077862,1
998,1774170643.230542,1774171530.484534,1262,415,326.403161,2.441213,0.782517,True,560.850831,1
3445,1774170643.310137,1774173858.274141,457,81,137.664758,71.066419,0.832479,True,3077.299245,1
2443,1774170643.278149,1774172786.370770,870,81,146.890129,70.729612,0.952006,True,1996.202491,1
2680,1774170643.285762,1774173794.951802,1212,406,881.069699,149.261032,1.806935,True,2270.596341,2
829,1774170643.225127,1774171224.548112,400,85,146.234481,58.515650,1.044272,True,435.088504,1
999,1774170643.230572,1774171725.556914,1102,427,518.832833,1.536942,1.214310,True,563.493509,2
3446,1774170643.310169,1774174131.868112,1133,405,411.030388,60.830496,0.866831,True,3077.527555,1
2444,1774170643.278182,1774173271.764014,1170,502,630.590050,17.413181,1.223906,True,1997.895782,2
2681,1774170643.285792,1774173756.536407,1070,415,837.834197,77.671296,1.836142,True,2275.416418,2
830,1774170643.225157,1774171235.494870,394,93,157.170050,60.336221,1.052542,True,435.099663,1
1000,1774170643.230601,1774171279.614173,371,85,72.610433,1.667301,0.844561,True,563.773139,1
2445,1774170643.278211,1774173249.434731,1190,375,606.789653,78.089495,1.413637,True,1999.366868,1
2682,1774170643.285826,1774173148.684948,1314,191,228.886039,80.136508,0.782892,True,2276.513083,1
831,1774170643.225186,1774171504.654838,1216,456,426.319001,64.868584,0.794397,True,435.110651,1
1001,1774170643.230631,1774171648.025265,1186,371,440.080811,43.021851,1.073132,True,564.713823,1
3448,1774170643.310227,1774174003.893885,1316,152,282.962394,67.398497,1.427575,True,3077.621264,1
2446,1774170643.278240,1774173335.734661,1027,390,692.965099,23.228811,1.721687,True,1999.491322,2
2683,1774170643.285858,1774173747.705442,1126,403,826.241184,78.692111,1.859575,True,2278.178400,2
832,1774170643.225216,1774171189.085912,1398,44,110.738894,66.788461,1.022103,True,435.121802,1
1002,1774170643.230660,1774171300.384814,181,111,91.988558,0.821008,0.828796,True,565.165596,1
3449,1774170643.310256,1774173965.411801,127,202,242.456704,42.620925,0.994208,True,3079.644841,1
2447,1774170643.278269,1774173252.320705,1145,478,609.334490,19.211006,1.237156,True,1999.707946,2
2684,1774170643.285888,1774173053.070297,407,53,128.626458,75.712545,1.017575,True,2281.157951,1
833,1774170643.225249,1774171298.532516,218,179,220.174612,68.985231,0.849379,True,435.132655,1
1003,1774170643.230690,1774171497.384849,1008,373,288.524543,1.472598,0.771645,True,565.629615,1
2448,1774170643.278301,1774173264.290674,982,442,621.242908,70.895561,1.247953,True,1999.769465,2
2685,1774170643.285918,1774173779.822580,1030,429,855.276505,92.880913,1.781298,True,2281.260157,2
834,1774170643.225277,1774171225.001472,391,93,146.632727,62.691721,0.912402,True,435.143468,1
1004,1774170643.230724,1774171514.528685,1225,401,305.501173,2.210451,0.758227,True,565.796788,1
2449,1774170643.278331,1774173342.308949,1103,411,699.209220,27.775512,1.637643,True,1999.821399,2
2686,1774170643.285947,1774173215.426687,1999,94,290.765292,147.596561,1.539449,True,2281.375448,1
835,1774170643.225306,1774171222.337456,383,83,143.957477,58.449609,1.042779,True,435.154673,1
1005,1774170643.230753,1774171733.569360,1181,426,522.680346,32.540788,1.153270,True,567.658261,1
2450,1774170643.278373,1774172726.046765,306,18,82.822369,65.352079,1.027664,True,1999.946023,1
2687,1774170643.285980,1774173754.257656,1057,374,826.152584,105.594536,1.931791,True,2284.819092,2
836,1774170643.225335,1774171285.987095,22,147,207.596376,60.269741,1.009087,True,435.165384,1
1006,1774170643.230783,1774171338.249915,1311,169,126.528672,1.955759,0.741505,True,568.490461,1
3453,1774170643.310387,1774173900.324160,370,77,174.980656,62.986793,1.473603,True,3082.033116,1
2451,1774170643.278402,1774173279.524522,1254,419,633.753165,90.909992,1.298668,True,2002.492955,2
2688,1774170643.286010,1774173258.395588,404,130,329.585010,112.289502,1.684461,True,2285.524569,1
837,1774170643.225365,1774171424.495455,1247,398,346.093672,64.802298,0.708543,True,435.176418,1
1007,1774170643.230813,1774171346.481930,200,179,134.749947,1.945341,0.746093,True,568.501170,1
3454,1774170643.310431,1774174169.158213,1120,447,443.494501,60.501556,0.858729,True,3082.353281,1
2452,1774170643.278448,1774173009.757753,957,75,363.893866,0.000000,4.917485,True,2002.585439,3
2689,1774170643.286040,1774173771.560920,1001,403,841.758284,113.870387,1.810666,True,2286.516597,2
838,1774170643.225394,1774171275.692083,1318,139,197.279301,66.722836,0.946061,True,435.187387,1
1008,1774170643.230843,1774171521.562808,1060,397,309.789007,2.066194,0.777078,True,568.542958,1
3455,1774170643.310469,1774173946.561672,391,140,219.217598,85.327589,0.963237,True,3084.033604,1
2453,1774170643.278482,1774173278.567001,1067,395,631.497683,79.923313,1.399935,True,2003.790836,1
2690,1774170643.286070,1774173782.804732,1131,426,849.681515,89.804265,1.787946,True,2289.837147,2
839,1774170643.225437,1774171306.919817,203,193,228.496164,68.918672,0.831133,True,435.198216,1
1009,1774170643.230873,1774171238.900869,763,30,27.064265,2.127897,0.859875,True,568.605731,1
3456,1774170643.310498,1774174151.263888,1046,405,422.238537,87.493352,0.828577,True,3085.714852,1
2454,1774170643.278510,1774173699.236196,1176,500,1051.818448,24.421663,2.058911,True,2004.139238,3
2691,1774170643.286100,1774173190.042947,1722,92,256.379224,117.753539,1.523359,True,2290.377623,1
840,1774170643.225467,1774171438.189697,1135,410,359.754683,62.625361,0.726478,True,435.209547,1
1010,1774170643.230903,1774171496.733020,1353,181,284.565512,50.642791,1.299571,True,568.936605,1
3457,1774170643.310528,1774174149.856108,1051,400,420.317498,93.704319,0.818579,True,3086.228082,1
2455,1774170643.278539,1774173219.797882,1160,398,572.153442,60.932249,1.287711,True,2004.365901,2
2692,1774170643.286133,1774173235.311293,411,101,298.801448,135.747756,1.630537,True,2293.223711,1
841,1774170643.225496,1774171430.814183,1009,393,352.367517,69.299567,0.722112,True,435.221169,1
1011,1774170643.230933,1774171728.059335,1035,411,515.880707,50.631812,1.134753,True,568.947695,1
3458,1774170643.310560,1774173908.054629,387,84,177.240148,57.515525,1.442465,True,3087.503921,1
2456,1774170643.278569,1774173272.759638,1086,406,624.879306,0.000000,1.542912,True,2004.601763,3
2693,1774170643.286166,1774173221.570536,1349,126,284.825575,93.290941,1.532277,True,2293.458795,1
842,1774170643.225540,1774171466.449818,1249,413,387.993366,60.204259,0.795605,True,435.230911,1
1012,1774170643.230966,1774171301.751337,394,110,87.491727,0.857717,0.794807,True,571.028645,1
3459,1774170643.310590,1774174163.333009,1024,408,432.066652,96.114887,0.825434,True,3087.955767,1
2457,1774170643.278601,1774173204.206661,1113,417,556.284174,22.952979,1.282046,True,2004.643886,2
2694,1774170643.286196,1774173247.346996,449,117,308.386916,112.457349,1.689048,True,2295.673884,1
843,1774170643.225569,1774171228.789311,391,94,150.321926,64.736604,0.920272,True,435.241816,1
1013,1774170643.230997,1774171358.164266,126,203,143.669608,0.848745,0.707034,True,571.263661,1
3460,1774170643.310620,1774174017.068016,206,212,285.790750,96.103932,0.898990,True,3087.966646,1
2458,1774170643.278630,1774172883.935193,1010,82,234.754237,120.634886,1.408881,True,2005.902326,1
2695,1774170643.286225,1774173184.061043,427,102,244.997163,90.971873,1.525003,True,2295.777654,1
844,1774170643.225600,1774171287.873262,163,158,209.394834,66.657387,0.909156,True,435.252829,1
1014,1774170643.231027,1774171772.645350,1264,440,558.099136,5.102371,1.259674,True,571.315187,2
3461,1774170643.310653,1774173948.610060,1313,138,217.167247,88.136812,0.941828,True,3088.132160,1
2459,1774170643.278660,1774172955.914642,7,143,306.486766,99.759960,1.455823,True,2006.149215,1
2696,1774170643.286258,1774173194.523948,1333,86,252.154739,123.339025,1.515479,True,2299.082951,1
845,1774170643.225630,1774171211.710382,404,71,133.221349,68.853977,0.919534,True,435.263404,1
1015,1774170643.231057,1774171226.346519,91,16,11.665261,0.820675,0.722972,True,571.450200,1
3462,1774170643.310682,1774173954.853228,203,181,220.523919,38.298307,1.012365,True,3091.018627,1
2460,1774170643.278690,1774172811.443722,406,80,161.790170,79.015848,1.047776,True,2006.374862,1
2697,1774170643.286287,1774173875.744393,1131,433,933.273075,152.559869,1.807206,True,2299.185031,2
846,1774170643.225663,1774171235.551538,871,103,157.051914,62.560647,0.926385,True,435.273961,1
1016,1774170643.231088,1774171267.431548,382,53,51.512717,1.736202,0.957241,True,572.687744,1
3463,1774170643.310712,1774173988.851813,1323,210,254.470262,54.930519,0.954736,True,3091.070839,1
2461,1774170643.278719,1774172948.827508,1109,84,298.508976,20.557073,3.348818,True,2007.039813,2
2698,1774170643.286317,1774173315.274048,463,164,372.791588,129.775617,1.490896,True,2299.196144,1
847,1774170643.225693,1774171443.097062,978,401,364.586698,69.234689,0.738380,True,435.284671,1
1017,1774170643.231117,1774171292.681433,395,88,76.536352,0.860066,0.869842,True,572.913964,1
2462,1774170643.278752,1774172958.831436,430,102,307.168639,20.176925,2.841502,True,2008.384045,2
2699,1774170643.286357,1774173335.622864,1317,207,389.377987,90.297275,1.451848,True,2302.958519,1
848,1774170643.225723,1774171177.457312,372,28,98.935554,60.139568,1.436888,True,435.296035,1
1018,1774170643.231147,1774171536.838571,1004,396,320.518516,11.991721,0.781080,True,573.088908,1
2463,1774170643.278782,1774172815.624102,393,59,163.744369,97.308635,1.145444,True,2008.600951,1
2700,1774170643.286388,1774173571.871474,979,388,623.255052,101.997744,1.346918,True,2305.330033,2
849,1774170643.225752,1774171209.023520,372,67,130.491691,64.672862,0.997255,True,435.306077,1
1019,1774170643.231176,1774172395.727659,181,1000,1179.179661,0.889091,1.179470,True,573.316821,3
3466,1774170643.310801,1774173911.043229,181,129,173.808419,42.868747,1.022966,True,3093.924008,1
2464,1774170643.278811,1774172738.707669,309,18,86.715715,76.677427,0.590488,True,2008.713143,1
2701,1774170643.286432,1774173077.148110,391,86,128.314547,65.329238,0.741004,True,2305.547132,1
850,1774170643.225781,1774171457.865684,1165,411,379.322667,66.592760,0.762756,True,435.317235,1
1020,1774170643.231206,1774171752.190921,1031,397,535.518011,17.926066,1.307050,True,573.441704,2
3467,1774170643.310831,1774173917.122595,397,90,179.599172,89.858062,1.008327,True,3094.212592,1
2465,1774170643.278841,1774172924.650176,396,84,272.647386,130.813596,1.708841,True,2008.723949,1
2702,1774170643.286464,1774173207.704691,381,71,257.744488,145.071013,1.609621,True,2306.673739,1
851,1774170643.225813,1774171407.466302,1262,373,328.912426,68.788769,0.699257,True,435.328062,1
1021,1774170643.231235,1774171295.468897,416,86,78.333953,4.964534,0.863170,True,573.903708,1
3468,1774170643.310864,1774173921.180464,411,107,183.268836,81.668047,0.958498,True,3094.600763,1
2466,1774170643.278871,1774173730.809674,952,427,1077.007135,47.905218,2.415732,True,2010.523668,3
2703,1774170643.286499,1774173226.708636,2000,71,276.736796,155.378712,1.733687,True,2306.685342,1
852,1774170643.225843,1774171458.094025,1216,421,379.529547,62.495896,0.754842,True,435.338635,1
1022,1774170643.231274,1774171360.260498,171,198,142.457317,0.998507,0.718065,True,574.571907,1
3469,1774170643.310893,1774173850.708087,1464,68,111.810419,48.732110,0.941467,True,3095.586775,1
2467,1774170643.278901,1774173643.305793,1042,403,989.275250,25.854699,2.396569,True,2010.751642,3
2704,1774170643.286529,1774173083.483434,1443,76,130.657740,78.135393,0.700298,True,2309.539165,1
853,1774170643.225872,1774171157.661670,237,14,79.086213,69.169643,0.762813,True,435.349585,1
1023,1774170643.231304,1774171287.873460,383,76,70.059440,0.987865,0.920954,True,574.582716,1
3470,1774170643.310922,1774173893.632252,447,79,154.621122,80.568440,0.949393,True,3095.700208,1
2468,1774170643.278935,1774173180.870570,1074,378,526.829252,34.865572,1.304943,True,2010.762383,2
2705,1774170643.286563,1774173613.191301,1171,396,659.243145,126.439140,1.348871,True,2310.661593,2
854,1774170643.225901,1774171169.713403,91,24,91.127095,60.074414,1.350117,True,435.360406,1
1024,1774170643.231333,1774171802.388769,1133,463,584.277332,35.428267,1.187985,True,574.880103,1
3471,1774170643.310952,1774173923.473150,23,134,184.337771,50.176518,1.008731,True,3095.824427,1
2469,1774170643.278965,1774173278.566817,1044,386,621.462392,78.608377,1.410010,True,2013.825460,1
2706,1774170643.286593,1774173875.958900,1103,405,920.145699,84.749179,2.067813,True,2312.526608,2
855,1774170643.226016,1774171410.618024,1196,385,332.021096,64.607086,0.696391,True,435.370911,1
1025,1774170643.231368,1774171298.532852,419,93,80.337097,4.752095,0.821576,True,574.964387,1
2470,1774170643.278994,1774172854.357975,368,45,197.140590,134.310337,1.427960,True,2013.938390,1
2707,1774170643.286624,1774173794.625770,1034,402,838.700346,120.865275,1.790112,True,2312.638800,2
856,1774170643.226052,1774171457.865872,1116,411,379.257898,66.527747,0.762756,True,435.381921,1
1026,1774170643.231398,1774171691.172766,1083,397,472.945603,23.831740,1.134126,True,574.995765,1
3473,1774170643.311011,1774174007.194916,2010,115,266.236158,113.574332,1.339139,True,3097.647747,1
2471,1774170643.279028,1774173283.791791,1236,376,626.360430,84.252678,1.445621,True,2014.152333,1
2708,1774170643.286654,1774173258.395208,928,88,302.038930,148.994218,1.759135,True,2313.069623,1
857,1774170643.226082,1774171476.730048,1102,427,398.112068,71.306428,0.767149,True,435.391898,1
1027,1774170643.231446,1774171685.264897,1146,394,466.922590,23.716512,1.127751,True,575.110862,1
3474,1774170643.311040,1774173791.800845,326,18,50.715920,31.542259,1.127862,True,3097.773886,1
2472,1774170643.279058,1774173028.563115,772,136,369.562817,57.423278,2.312145,True,2015.721241,2
2709,1774170643.286688,1774173547.228747,973,405,589.405626,47.604320,1.341092,True,2314.536432,2
858,1774170643.226112,1774171217.130097,414,84,138.501140,62.430966,0.916508,True,435.402845,1
1028,1774170643.231479,1774171384.210956,385,88,165.857914,44.457466,1.395407,True,575.121562,1
2473,1774170643.279093,1774173262.015439,1185,402,601.395223,0.000000,1.499739,True,2017.341123,3
2710,1774170643.286725,1774173980.058666,1162,527,1022.101487,100.289601,1.752494,True,2314.670455,2
859,1774170643.226142,1774171216.142518,392,74,137.501969,69.104939,0.936946,True,435.414407,1
1029,1774170643.231509,1774171757.720612,1264,418,537.937649,1.704320,1.285931,True,576.551455,2
2474,1774170643.279123,1774173650.199829,1034,417,989.537581,28.244586,2.310800,True,2017.383125,3
2711,1774170643.286754,1774173104.509545,1730,107,145.893972,67.231907,0.742095,True,2315.328820,1
860,1774170643.226174,1774171204.017554,386,57,125.365710,60.009114,1.167082,True,435.425670,1
1030,1774170643.231539,1774171306.520858,402,103,86.574231,1.765082,0.831462,True,576.715087,1
3477,1774170643.311135,1774173992.639574,206,217,247.101856,42.092087,0.949119,True,3102.226583,1
2475,1774170643.279152,1774172987.790031,383,94,327.065567,52.312466,2.954334,True,2017.445312,2
2712,1774170643.286783,1774173060.217451,855,47,101.375251,63.527257,0.822782,True,2315.555417,1
861,1774170643.226205,1774171450.022667,1111,415,371.360590,64.542333,0.741107,True,435.435872,1
1031,1774170643.231572,1774171330.877856,415,142,109.318772,1.080531,0.767647,True,578.327512,1
3478,1774170643.311164,1774173893.522204,403,107,147.973532,42.081172,0.998985,True,3102.237508,1
2476,1774170643.279185,1774173318.104687,1022,494,657.276379,49.457815,1.232898,True,2017.549124,2
2713,1774170643.286813,1774173115.281381,401,98,155.885692,78.868913,0.793987,True,2316.108875,1
862,1774170643.226235,1774171428.131992,997,393,349.459028,66.462268,0.721931,True,435.446728,1
1032,1774170643.231602,1774171281.801152,386,66,59.516206,1.185981,0.897388,True,579.053345,1
3479,1774170643.311193,1774173917.982954,378,57,171.255888,88.110170,1.484745,True,3103.415874,1
2477,1774170643.279213,1774173311.400331,972,396,649.774713,88.693840,1.420458,True,2018.346405,1
2714,1774170643.286843,1774173718.699775,1107,588,757.067602,71.571898,1.167795,True,2318.345330,2
863,1774170643.226268,1774171428.190779,987,393,349.506672,71.240837,0.709862,True,435.457839,1
1033,1774170643.231634,1774171334.477093,1312,134,112.181228,13.076910,0.745145,True,579.064231,1
3480,1774170643.311228,1774173855.015761,383,78,107.624892,44.285168,0.822594,True,3104.079641,1
2478,1774170643.279249,1774173044.169799,402,135,381.890851,81.523161,2.241550,True,2018.999698,2
2715,1774170643.286873,1774173551.984024,1139,420,590.125013,33.594561,1.328235,True,2318.572137,2
864,1774170643.226297,1774171290.078386,203,167,211.383916,69.758053,0.853168,True,435.468173,1
1034,1774170643.231664,1774171702.058599,1009,399,479.710465,1.846277,1.200664,True,579.116470,2
2479,1774170643.279279,1774173725.335399,1183,501,1060.757257,126.949405,1.867616,True,2021.298863,2
2716,1774170643.286903,1774174201.173524,1082,607,1237.923650,163.689084,1.772664,True,2319.962971,2
865,1774170643.226326,1774171329.206327,209,217,250.500567,69.039970,0.840095,True,435.479435,1
1035,1774170643.231693,1774171697.821056,1196,373,475.094820,31.358193,1.192840,True,579.494543,2
3482,1774170643.311291,1774174145.388692,1066,383,397.197315,81.815698,0.825606,True,3104.880086,1
2480,1774170643.279312,1774173889.604344,1025,916,1224.736531,59.205335,1.273805,True,2021.588501,3
2717,1774170643.286933,1774173181.759925,390,75,218.396886,94.883770,1.669096,True,2320.076106,1
3228,1774170643.303287,1774173768.755659,1314,198,208.787575,51.231602,0.799777,True,2916.664797,1
1121,1774170643.234323,1774171384.310593,409,149,114.078930,34.011885,0.540994,True,626.997340,1
2647,1774170643.284635,1774173039.061852,1639,87,164.597935,93.086603,0.831527,True,2231.179282,1
3229,1774170643.303320,1774173676.300269,388,83,114.702641,48.972438,0.801588,True,2918.294308,1
1122,1774170643.234366,1774171824.155291,1211,408,552.046527,32.134901,1.277424,True,628.874398,2
2643,1774170643.284514,1774173046.207887,624,50,171.786697,128.799329,0.877293,True,2231.136676,1
3230,1774170643.303349,1774173747.382730,206,162,184.286147,47.473645,0.849767,True,2919.793234,1
1123,1774170643.234398,1774171892.577974,1035,375,620.458059,45.600849,1.537051,True,628.885518,2
2646,1774170643.284602,1774173041.774967,1312,39,167.321968,136.714612,0.805457,True,2231.168397,1
3231,1774170643.303378,1774174031.533645,1081,391,466.055783,117.360657,0.894090,True,2922.174484,1
1124,1774170643.234442,1774172354.391177,1227,656,1082.168204,133.303684,1.448648,True,628.988531,3
2640,1774170643.284407,1774173565.466756,1084,429,691.078684,132.116832,1.305986,True,2231.103665,2
3232,1774170643.303408,1774174097.575508,1023,575,530.021030,47.132357,0.841269,True,2924.251070,1
1125,1774170643.234471,1774171785.915486,1203,421,511.572597,25.084465,1.158305,True,631.108418,1
2648,1774170643.284665,1774173322.159555,1039,417,447.685163,104.907194,0.823986,True,2231.189727,1
3233,1774170643.303454,1774173951.168167,1071,394,383.387446,33.451792,0.890422,True,2924.477267,1
1126,1774170643.234500,1774171807.113456,1024,429,531.419398,2.299305,1.236262,True,632.459558,2
2641,1774170643.284453,1774173252.433369,1064,398,378.034578,66.544237,0.784610,True,2231.114339,1
3828,1774170643.324854,1774174235.902783,200,174,245.058436,101.914901,0.827419,True,3347.519493,1
3234,1774170643.303483,1774173720.832920,410,154,151.809450,32.209557,0.781699,True,2925.719987,1
1127,1774170643.234530,1774171389.683841,171,205,113.978828,2.288660,0.547501,True,632.470483,1
2645,1774170643.284573,1774173030.401164,391,67,155.959279,104.596019,0.778231,True,2231.157312,1
3235,1774170643.303516,1774173678.559245,721,71,109.309379,54.432251,0.783959,True,2925.946350,1
1128,1774170643.234560,1774171382.180851,200,174,106.424218,7.901632,0.569495,True,632.522073,1
2642,1774170643.284483,1774173035.678141,393,82,161.267575,100.198708,0.753937,True,2231.126083,1
3236,1774170643.303549,1774174178.859539,1086,614,606.982886,90.210360,0.843022,True,2928.573104,1
1129,1774170643.234593,1774171801.184736,923,404,524.489878,9.225575,1.278571,True,633.460266,2
2630,1774170643.284106,1774173288.819134,1143,396,414.536209,91.844216,0.816942,True,2230.998819,1
3237,1774170643.303578,1774173835.462289,1315,179,261.468139,104.049664,0.884373,True,2930.690572,1
1130,1774170643.234622,1774171517.919265,20,182,240.052088,21.560125,1.207138,True,634.632554,1
2651,1774170643.284753,1774173295.932731,1156,378,421.425586,107.627321,0.832356,True,2231.222393,1
3238,1774170643.303611,1774173672.290798,379,72,97.609033,40.005296,0.811320,True,2931.378155,1
1131,1774170643.234652,1774171392.582450,383,75,113.875056,13.964232,1.350146,True,635.472743,1
2652,1774170643.284782,1774173676.241079,1234,393,801.723547,163.746954,1.627491,True,2231.232749,2
3833,1774170643.325010,1774174180.298167,1820,69,185.503595,96.164613,1.313809,True,3351.469563,1
3239,1774170643.303647,1774173755.321823,400,89,180.588636,103.310952,0.878155,True,2931.429540,1
4004,1774170643.330593,1774174207.845047,995,46,82.441626,52.409230,0.667387,True,3482.072828,1
1132,1774170643.234682,1774171978.313483,1156,536,699.379302,33.772366,1.244125,True,635.699499,1
2644,1774170643.284543,1774173338.947659,1038,379,464.515805,143.271523,0.849853,True,2231.147310,1
3240,1774170643.303698,1774173958.397919,1054,390,382.046069,33.277152,0.896578,True,2933.048152,1
1133,1774170643.234799,1774171973.915293,1060,429,694.290077,132.147884,1.313416,True,636.390418,2
2639,1774170643.284374,1774173090.737569,1353,156,216.360140,104.660528,0.720643,True,2231.093055,1
3241,1774170643.303737,1774173756.652655,402,163,180.064432,47.093837,0.820806,True,2933.284485,1
1134,1774170643.234830,1774171389.120542,181,190,108.970444,5.770462,0.546032,True,636.915267,1
2649,1774170643.284694,1774173710.550168,1035,605,836.064694,135.221069,1.160337,True,2231.200780,2
3836,1774170643.325096,1774174165.350184,209,177,166.632700,29.616632,0.778500,True,3355.392388,1
3242,1774170643.303767,1774174026.098133,1112,386,448.249549,109.459606,0.879974,True,2934.544817,1
1135,1774170643.234861,1774171824.041898,1030,411,543.765273,24.128497,1.267407,True,637.041764,2
2650,1774170643.284724,1774173598.901977,1082,419,724.406210,146.629054,1.382242,True,2231.211044,2
3837,1774170643.325125,1774174171.549775,203,183,172.487663,29.272222,0.786898,True,3355.736987,1
3243,1774170643.303801,1774174011.588338,1021,421,433.636946,69.221169,0.867657,True,2934.647591,1
1136,1774170643.234891,1774171808.865529,1009,397,527.055708,16.022567,1.290488,True,638.574929,2
2635,1774170643.284257,1774172992.668665,398,76,118.333286,66.607724,0.689674,True,2231.051122,1
3244,1774170643.303832,1774174191.279781,1055,398,612.286995,115.334192,1.251770,True,2935.688954,1
1137,1774170643.234922,1774171831.766675,980,425,549.945692,17.814728,1.255026,True,638.586062,2
2631,1774170643.284135,1774173007.471730,1417,55,133.178272,97.492243,0.660852,True,2231.009323,1
3245,1774170643.303865,1774173655.648988,120,12,76.024721,67.548357,0.770579,True,2936.320401,1
1138,1774170643.234952,1774171903.950408,1204,411,621.862486,7.071761,1.499490,True,638.852970,2
3246,1774170643.303894,1774173970.078050,981,375,388.371595,47.731724,0.910802,True,2938.402561,1
1139,1774170643.234985,1774171427.032746,402,97,144.201218,14.548886,1.350545,True,639.596544,1
2634,1774170643.284225,1774173067.707951,398,100,193.382729,115.004907,0.791695,True,2231.040997,1
3247,1774170643.303924,1774173819.821926,1315,175,237.867218,72.270605,0.951705,True,2938.650785,1
1140,1774170643.235014,1774171741.967630,1199,373,458.644444,31.571745,1.148045,True,640.088171,1
2636,1774170643.284286,1774173293.028549,1047,388,418.682926,100.263066,0.822790,True,2231.061336,1
3248,1774170643.303953,1774174145.044946,1046,397,562.986372,53.290208,1.287112,True,2938.754622,1
1141,1774170643.235043,1774171779.644318,998,415,496.217937,19.097452,1.152465,True,640.191338,1
3249,1774170643.303983,1774173673.643007,423,80,90.813830,26.799318,0.810310,True,2939.525194,1
1142,1774170643.235074,1774171496.396883,415,131,212.836697,40.367298,1.326688,True,640.325112,1
3844,1774170643.325338,1774174193.788585,181,217,190.984910,25.530617,0.765992,True,3359.478337,1
1143,1774170643.235103,1774171798.977212,1156,390,514.214083,9.204933,1.298224,True,641.528026,2
3251,1774170643.304043,1774173741.082162,1269,103,157.115770,79.701992,0.758959,True,2940.662350,1
1144,1774170643.235134,1774171342.137367,311,18,56.537717,29.295279,1.602496,True,642.364517,1
2637,1774170643.284315,1774173033.549794,844,78,159.193251,97.428979,0.802133,True,2231.072228,1
3252,1774170643.304073,1774173780.343545,397,115,196.325443,98.820115,0.855310,True,2940.714030,1
1145,1774170643.235166,1774171750.257825,1264,395,464.422092,22.397579,1.121890,True,642.600568,1
2638,1774170643.284344,1774173574.670455,1096,429,700.303557,143.336149,1.301326,True,2231.082553,2
3253,1774170643.304102,1774173752.945730,1409,101,167.698092,56.416875,1.112812,True,2941.943536,1
1146,1774170643.235198,1774171812.685944,1207,368,526.696760,34.038087,1.342394,True,642.753986,2
3254,1774170643.304134,1774174156.934688,1058,394,571.461860,68.752627,1.279158,True,2942.168694,1
1,1774170643.197108,1774170763.794324,396,109,119.891479,14.569349,0.975205,True,0.705738,1
1147,1774170643.235228,1774171337.855139,373,75,49.972583,4.674623,0.612135,True,644.647328,1
3255,1774170643.304162,1774173767.627060,399,88,181.938383,108.638203,0.842531,True,2942.384516,1
4020,1774170643.331090,1774174180.187216,237,14,42.420008,34.054071,0.643534,True,3494.436118,1
1148,1774170643.235257,1774171373.494456,436,136,85.600795,4.663410,0.599536,True,644.658404,1
3256,1774170643.304191,1774173695.918966,446,94,109.563197,35.511406,0.796256,True,2943.051578,1
0,1774170643.196921,1774170722.690027,374,44,78.797388,3.371528,1.754090,True,0.695717,1
1149,1774170643.235286,1774172043.519063,1025,428,755.409444,47.320494,1.658288,True,644.874333,2
3257,1774170643.304224,1774173973.348823,1137,402,386.508281,31.864001,0.884400,True,2943.536318,1
1150,1774170643.235316,1774171391.530764,439,161,102.240539,16.311804,0.537055,True,646.054910,1
3258,1774170643.304254,1774174002.799781,1110,410,415.384691,50.842575,0.891301,True,2944.110836,1
1151,1774170643.235348,1774171817.740483,963,393,527.760140,15.621747,1.306475,True,646.744995,2
3853,1774170643.325773,1774174092.939945,420,71,82.028320,27.688751,0.776280,True,3367.585853,1
3259,1774170643.304283,1774173689.400808,388,91,101.882827,31.186734,0.785512,True,2944.213698,1
1152,1774170643.235378,1774171435.469315,1130,45,145.436831,74.745859,1.606613,True,646.797106,1
2632,1774170643.284164,1774173103.478898,415,119,229.174991,138.774472,0.766106,True,2231.019743,1
3260,1774170643.304313,1774174044.239136,1066,393,456.556417,105.795668,0.894798,True,2944.378406,1
1153,1774170643.235408,1774171953.046532,1139,425,662.961900,33.692528,1.484126,True,646.849225,2
2633,1774170643.284196,1774173018.159577,372,62,143.844763,99.922483,0.720037,True,2231.030618,1
3261,1774170643.304343,1774174218.406940,1163,428,628.924026,78.389529,1.289308,True,2946.178571,1
1154,1774170643.235456,1774171401.863848,383,56,111.748253,29.566822,1.494208,True,646.880140,1
1155,1774170643.235487,1774171750.257647,912,395,459.533391,17.509042,1.121889,True,647.488769,1
3263,1774170643.304404,1774174207.210768,1002,411,617.400531,83.680362,1.301757,True,2946.505833,1
1156,1774170643.235516,1774171396.290575,206,179,104.627787,1.276850,0.580623,True,648.427272,1
3858,1774170643.325924,1774174187.220967,159,204,173.432387,19.063330,0.760439,True,3370.462655,1
3264,1774170643.304458,1774174086.452077,1186,414,495.458195,126.291975,0.893865,True,2947.689424,1
1157,1774170643.235546,1774171912.057065,1179,498,620.174625,24.415038,1.198711,True,648.646894,1
3265,1774170643.304488,1774174034.057089,1087,383,442.838865,90.014722,0.923623,True,2947.913735,1
1158,1774170643.235576,1774171313.586786,120,12,20.894379,12.909484,0.725900,True,649.456831,1
2628,1774170643.284045,1774173055.662735,1412,94,181.400968,111.827055,0.748107,True,2230.977722,1
3266,1774170643.304518,1774173729.019038,871,79,137.739300,66.859872,0.908711,True,2947.975220,1
1159,1774170643.235618,1774171344.876469,311,18,51.240188,30.291223,1.232292,True,650.400662,1
2629,1774170643.284074,1774173044.788055,1314,136,170.516109,66.671276,0.769221,True,2230.987872,1
3267,1774170643.304548,1774173672.290986,377,61,79.830694,28.119251,0.861857,True,2949.155744,1
1160,1774170643.235663,1774171440.512690,1989,88,146.528737,34.972755,1.282253,True,650.748289,1
2626,1774170643.283986,1774173639.286206,1023,520,765.045563,138.838099,1.206565,True,2230.956657,2
3268,1774170643.304578,1774173716.252042,91,16,123.446342,103.995607,1.296716,True,2949.501122,1
1161,1774170643.235693,1774171833.995014,1086,390,539.958288,29.740131,1.311615,True,650.801033,2
2627,1774170643.284016,1774173104.453312,10,173,230.202516,99.986541,0.757070,True,2230.966780,1
3269,1774170643.304608,1774173800.222581,191,162,207.314136,48.756370,0.984831,True,2949.603837,1
1162,1774170643.235723,1774171947.353530,1219,388,651.882774,125.611927,1.359873,True,652.235033,2
2624,1774170643.283927,1774173266.534404,1048,405,392.316362,73.865751,0.788244,True,2230.934115,1
3270,1774170643.304637,1774173899.092597,1312,162,305.479746,150.379163,0.963358,True,2950.308213,1
1163,1774170643.235754,1774171495.838349,392,122,199.280397,38.322568,1.330230,True,653.322198,1
2625,1774170643.283957,1774173031.981142,405,92,157.751874,88.964586,0.755904,True,2230.945312,1
3865,1774170643.326140,1774174200.989877,372,81,181.849169,123.943639,0.723819,True,3375.814568,1
3271,1774170643.304667,1774173702.660395,373,81,108.944213,44.541650,0.805032,True,2950.411515,1
1164,1774170643.235788,1774171405.647992,1313,176,108.933580,12.647600,0.550206,True,653.478624,1
2622,1774170643.283864,1774173321.935440,1182,428,447.738184,86.455570,0.846095,True,2230.913392,1
3866,1774170643.326174,1774174151.224040,1692,51,132.041127,55.062067,1.539581,True,3375.856740,1
3272,1774170643.304700,1774174049.728623,980,400,453.138222,101.207698,0.882031,True,2953.285701,1
1165,1774170643.235818,1774171848.380658,1146,418,551.583407,52.827853,1.196056,True,653.561432,1
2623,1774170643.283894,1774173286.814042,1042,424,412.606374,66.735707,0.817661,True,2230.923774,1
3273,1774170643.304729,1774173920.757288,212,217,323.899374,76.632831,1.144753,True,2953.553185,1
4038,1774170643.331690,1774174242.920376,1886,53,91.693249,46.801061,0.863311,True,3507.895437,1
1166,1774170643.235852,1774171826.829376,1036,403,528.285508,13.328683,1.280987,True,655.308016,2
2620,1774170643.283805,1774173043.172611,921,45,168.996482,130.157766,0.882698,True,2230.892324,1
3274,1774170643.304758,1774174180.410675,1057,387,583.336905,106.396324,1.235597,True,2953.769012,1
1167,1774170643.235887,1774171830.011671,1024,407,531.456815,13.317489,1.276205,True,655.318969,2
2621,1774170643.283834,1774173698.709662,1017,520,824.522502,100.050270,1.395900,True,2230.903326,2
3275,1774170643.304788,1774173832.766464,390,96,234.026516,145.252099,0.934468,True,2955.435161,1
1168,1774170643.235918,1774171779.755788,1216,392,479.718296,19.645003,1.176658,True,656.801574,1
2618,1774170643.283746,1774173019.457724,404,104,145.302201,73.928581,0.692948,True,2230.871777,1
3870,1774170643.326291,1774174148.135405,398,92,125.200427,58.656983,0.731247,True,3379.608687,1
3276,1774170643.304817,1774173804.299704,386,119,205.497083,98.995634,0.902555,True,2955.497804,1
1169,1774170643.235947,1774171384.978440,790,111,84.866791,32.429605,0.476702,True,656.875702,1
2619,1774170643.283776,1774173321.879507,1101,432,447.714120,89.028484,0.832217,True,2230.881611,1
3277,1774170643.304849,1774173978.280260,1081,372,379.373399,41.561121,0.910545,True,2955.602013,1
1170,1774170643.235977,1774171368.698797,1474,94,68.308002,22.200256,0.495782,True,657.154819,1
2616,1774170643.283681,1774173725.652870,1039,717,851.518833,71.657707,1.089192,True,2230.850356,2
3278,1774170643.304877,1774173799.844781,450,90,199.485180,116.925991,0.927631,True,2957.054724,1
1171,1774170643.236006,1774171418.277622,1733,66,117.876117,23.151026,1.457309,True,657.165498,1
2617,1774170643.283711,1774173306.147815,1072,446,432.003167,66.798482,0.820685,True,2230.860936,1
3279,1774170643.304906,1774173710.864469,302,18,110.433310,76.817506,1.977400,True,2957.126253,1
1172,1774170643.236036,1774171775.921504,1227,383,475.293446,34.252203,1.154558,True,657.392023,1
2614,1774170643.283598,1774173014.955534,453,85,140.841895,81.944960,0.701154,True,2230.830041,1
3874,1774170643.326458,1774174190.430079,203,165,164.551676,43.430855,0.738542,True,3382.551945,1
3280,1774170643.304935,1774174191.168498,1161,405,589.294840,68.575262,1.288910,True,2958.568723,1
1173,1774170643.236069,1774171968.273799,1233,423,667.429427,120.238187,1.296662,True,657.608303,2
2615,1774170643.283650,1774173000.226831,371,79,126.103337,69.294381,0.728320,True,2230.839844,1
3281,1774170643.304967,1774174059.074258,1045,375,456.135814,114.347353,0.913873,True,2959.633477,1
1174,1774170643.236099,1774171956.400850,1031,397,655.483769,122.894732,1.344922,True,657.680981,2
2612,1774170643.283530,1774173288.819403,1116,426,414.727422,73.991894,0.801731,True,2230.808450,1
3876,1774170643.326517,1774174165.119800,918,40,139.013690,107.267244,0.814011,True,3382.779593,1
3282,1774170643.304996,1774173684.594123,1107,55,81.317559,39.527140,0.773897,True,2959.971567,1
1175,1774170643.236132,1774171839.470491,1049,395,537.712270,25.266814,1.300623,True,658.522089,2
2613,1774170643.283560,1774173269.648883,944,393,395.546064,79.718308,0.805683,True,2230.819259,1
3877,1774170643.326546,1774174114.683605,1592,48,87.507663,52.673682,0.741149,True,3383.849396,1
3283,1774170643.305026,1774174076.221269,1081,397,472.881307,121.966758,0.886148,True,2960.034936,1
1176,1774170643.236161,1774171404.222547,181,132,101.722668,30.041195,0.547187,True,659.263719,1
2610,1774170643.283466,1774173263.521813,1104,399,389.451333,62.771348,0.820804,True,2230.787015,1
3878,1774170643.326578,1774174172.052296,375,65,143.663341,56.823882,1.356867,True,3385.062377,1
3284,1774170643.305055,1774173813.080715,1318,113,209.677748,103.763430,0.945664,True,2960.097913,1
1177,1774170643.236189,1774171944.152994,983,373,641.642343,135.333568,1.361045,True,659.274462,2
2611,1774170643.283496,1774173289.049580,1027,429,414.968301,66.862005,0.813332,True,2230.797784,1
3285,1774170643.305088,1774174072.090559,1180,427,468.585604,97.368354,0.871402,True,2960.199867,1
1178,1774170643.236219,1774171941.319780,998,402,638.766552,50.006561,1.468229,True,659.317009,2
2608,1774170643.283392,1774173015.293506,1639,91,141.243445,82.009610,0.658154,True,2230.766669,1
3880,1774170643.326639,1774174213.293567,1048,80,184.194132,124.725015,0.752774,True,3385.772796,1
3286,1774170643.305117,1774173800.222761,1315,127,195.155603,77.704911,0.932148,True,2961.762041,1
1179,1774170643.236248,1774171367.694561,406,81,64.913708,27.298751,0.470187,True,659.544605,1
2609,1774170643.283436,1774173235.970141,1013,375,361.910484,69.358200,0.782225,True,2230.776222,1
3287,1774170643.305151,1774173743.313353,372,54,137.918172,77.376490,1.142296,True,2962.090030,1
1180,1774170643.236279,1774171814.268345,1130,402,511.128693,49.250149,1.151817,True,659.903373,1
2606,1774170643.283330,1774172998.521828,395,78,124.493481,71.449512,0.688883,True,2230.745017,1
3288,1774170643.305181,1774174025.870153,1018,375,419.836565,94.839526,0.868976,True,2962.728407,1
1181,1774170643.236308,1774171588.803785,181,257,285.316988,48.902897,0.923493,True,660.250488,1
2607,1774170643.283363,1774173304.447295,1066,432,430.408738,77.079892,0.819789,True,2230.755195,1
3289,1774170643.305211,1774173976.644701,197,217,369.315603,156.511705,0.985203,True,2964.023887,1
1182,1774170643.236341,1774171757.759649,1169,373,453.444440,37.693810,1.117609,True,661.078868,1
2604,1774170643.283266,1774173295.760234,1100,426,421.752998,62.834450,0.844514,True,2230.723970,1
3884,1774170643.326762,1774174188.831505,1353,147,157.289866,48.307979,0.746451,True,3388.214877,1
3290,1774170643.305243,1774174067.837100,1093,407,459.903324,105.076896,0.873957,True,2964.628534,1
1183,1774170643.236370,1774171841.841282,1029,418,535.311624,6.932576,1.267096,True,663.293288,2
2605,1774170643.283298,1774173011.288840,400,95,137.270996,66.925525,0.748356,True,2230.734546,1
3885,1774170643.326791,1774174220.690548,203,183,189.138242,48.296898,0.773854,True,3388.225515,1
3291,1774170643.305271,1774173704.554614,376,81,96.434974,34.684230,0.771884,True,2964.814368,1
1184,1774170643.236402,1774171830.128083,923,399,523.196899,8.497721,1.293214,True,663.694782,2
2602,1774170643.283207,1774173011.570920,1737,92,137.584886,76.459317,0.671710,True,2230.702827,1
3886,1774170643.326821,1774174173.741432,923,137,141.974309,39.266235,0.755206,True,3388.440302,1
3292,1774170643.305300,1774174002.913713,1106,429,394.690318,19.853151,0.875788,True,2964.918095,1
1185,1774170643.236447,1774171920.335241,1144,395,613.054835,20.841080,1.503081,True,664.043959,2
2603,1774170643.283236,1774173269.533324,1001,403,395.536675,69.421170,0.811233,True,2230.713413,1
3293,1774170643.305330,1774173850.538586,421,92,242.210455,155.512654,0.952723,True,2965.022801,1
1186,1774170643.236480,1774171886.307436,1134,379,578.696286,28.595317,1.455294,True,664.374670,2
2600,1774170643.283148,1774173070.850178,1313,169,196.885561,71.513011,0.746265,True,2230.681470,1
3888,1774170643.326881,1774174180.523599,378,68,147.114088,59.216613,1.311903,True,3390.082629,1
3294,1774170643.305363,1774173768.721778,422,98,159.742832,68.269801,0.943021,True,2965.673583,1
1187,1774170643.236508,1774171861.903862,1151,407,553.953404,31.555940,1.286693,True,664.713950,2
2601,1774170643.283177,1774173257.065724,1038,394,383.090462,71.660266,0.792443,True,2230.692085,1
3295,1774170643.305393,1774173836.949432,407,140,225.230853,95.447323,0.933694,True,2968.413185,1
1188,1774170643.236537,1774171840.881927,1183,429,532.509446,23.317228,1.189701,True,665.135944,1
2598,1774170643.283085,1774173278.292384,1052,409,404.348773,62.897754,0.836890,True,2230.660526,1
3296,1774170643.305437,1774173777.673685,420,106,165.229826,72.422753,0.883877,True,2969.138422,1
1189,1774170643.236566,1774171790.567124,1017,386,480.904662,37.592710,1.151460,True,666.425896,1
2599,1774170643.283115,1774173061.691308,391,155,187.737196,66.988991,0.784079,True,2230.670997,1
3297,1774170643.305468,1774173829.742508,1352,144,216.594122,90.321642,0.883024,True,2969.842917,1
1190,1774170643.236595,1774171873.673672,1203,421,563.959284,31.508538,1.267740,True,666.477793,2
2596,1774170643.283017,1774173285.208879,1061,418,411.286655,65.104049,0.830174,True,2230.639207,1
3298,1774170643.305498,1774173640.589385,91,16,27.387474,14.874347,0.834208,True,2969.896414,1
1191,1774170643.236624,1774171356.811992,380,81,46.818906,4.000032,0.535236,True,666.756462,1
2597,1774170643.283055,1774173247.874100,1038,387,373.941274,69.485130,0.788746,True,2230.649771,1
3299,1774170643.305527,1774173773.953408,1539,94,159.259559,84.425087,0.804672,True,2971.388322,1
4064,1774170643.332629,1774174238.303484,320,18,66.748930,53.765878,0.763709,True,3528.221925,1
2,1774170643.197167,1774170727.254406,879,55,83.341055,18.740043,1.196315,True,0.716184,1
1192,1774170643.236653,1774171877.614625,1156,388,567.609956,16.564336,1.423890,True,666.768016,2
3300,1774170643.305556,1774173934.089748,181,169,317.563744,147.314767,1.013387,True,2973.220448,1
3,1774170643.197213,1774170779.816158,91,16,135.892268,2.914946,8.865155,True,0.726677,1
1193,1774170643.236685,1774171836.545540,1191,409,525.947635,48.752779,1.169595,True,667.361219,1
3301,1774170643.305585,1774173925.126546,72,202,308.196444,82.189104,1.124415,True,2973.624517,1
4,1774170643.197254,1774170710.295628,91,16,66.361090,12.673841,3.579150,True,0.737284,1
1194,1774170643.236714,1774171808.227381,1156,408,497.393912,28.805220,1.151324,True,667.596755,1
3302,1774170643.305617,1774173794.842185,181,120,177.901889,91.727474,0.724155,True,2973.634678,1
5,1774170643.197293,1774170743.191803,381,84,99.246935,16.875811,0.992423,True,0.747576,1
1195,1774170643.236743,1774172056.395944,1102,612,743.546955,42.729940,1.147000,True,669.612246,1
3897,1774170643.327149,1774174149.450433,398,93,108.525902,38.924883,0.756533,True,3397.597383,1
3303,1774170643.305648,1774174212.627698,992,396,595.593289,89.206840,1.281991,True,2973.728761,1
6,1774170643.197333,1774170781.680447,1313,142,137.724593,20.653100,0.830294,True,0.758521,1
1196,1774170643.236772,1774171873.393919,1149,385,559.801183,28.957203,1.382406,True,670.355963,2
3304,1774170643.305677,1774173695.353957,388,84,78.277596,11.000012,0.810573,True,2973.770684,1
7,1774170643.197366,1774170742.527057,388,84,98.560491,10.219031,1.064355,True,0.769200,1
1197,1774170643.236805,1774171963.115968,1064,394,648.867106,126.013517,1.330416,True,671.012057,2
3305,1774170643.305706,1774174166.706103,1050,638,546.621790,14.570685,0.835245,True,2976.778606,1
8,1774170643.197404,1774170709.682331,242,14,65.704700,14.494946,3.939212,True,0.780228,1
1198,1774170643.236834,1774171962.425629,1182,388,648.021928,31.728260,1.592490,True,671.166868,2
3900,1774170643.327240,1774174091.210364,120,12,47.759123,41.758033,0.545554,True,3400.124001,1
3306,1774170643.305736,1774173731.265752,392,106,111.025940,22.564077,0.842494,True,2976.934076,1
9,1774170643.197455,1774170790.645040,209,152,146.657239,18.665493,0.847627,True,0.790346,1
1199,1774170643.236863,1774172096.138614,981,400,780.241039,119.169875,1.656820,True,672.660712,2
3307,1774170643.305768,1774174076.221087,1127,396,455.918317,106.973697,0.883404,True,2976.997002,1
10,1774170643.197487,1774170869.674871,394,124,225.676672,25.061456,1.631018,True,0.800712,1
1200,1774170643.236892,1774171521.284297,1339,69,204.697373,123.512171,1.193900,True,673.350032,1
3308,1774170643.305797,1774173689.400628,1646,44,67.395597,39.161496,0.656607,True,2978.699233,1
11,1774170643.197519,1774170811.739041,394,59,167.730197,20.464116,2.539070,True,0.811325,1
1201,1774170643.236923,1774171807.614939,1033,406,490.822367,22.845859,1.155498,True,673.555648,1
3903,1774170643.327331,1774174207.425779,396,91,163.109183,51.755666,1.237261,True,3400.989265,1
3309,1774170643.305826,1774173765.100801,433,87,142.672761,54.820739,1.021535,True,2979.122214,1
12,1774170643.197552,1774170913.487155,1315,174,269.468073,15.541804,1.467782,True,0.821529,1
1202,1774170643.236957,1774171931.149343,1112,431,614.273975,64.005023,1.279695,True,673.638412,2
3310,1774170643.305856,1774174108.100060,1081,397,485.649420,144.595430,0.861247,True,2979.144783,1
13,1774170643.197589,1774170748.660499,389,90,104.630651,12.578469,1.034294,True,0.832258,1
1203,1774170643.236990,1774171958.248161,1051,382,640.117833,126.602706,1.347809,True,674.893338,2
3311,1774170643.305885,1774173833.636353,373,70,211.175156,144.584957,0.965075,True,2979.155312,1
14,1774170643.197623,1774170857.523189,415,106,213.482746,25.019543,1.794888,True,0.842820,1
1204,1774170643.237019,1774171934.414359,1010,397,616.159204,85.450105,1.340174,True,675.018136,2
3312,1774170643.305915,1774174214.631120,1058,407,591.984138,86.021049,1.246215,True,2979.341067,1
15,1774170643.197655,1774170707.935878,120,12,63.884536,16.769039,4.283227,True,0.853687,1
1205,1774170643.237047,1774171915.654062,1115,413,597.008272,60.398441,1.302451,True,675.408743,2
186,1774170643.204762,1774171087.286512,874,402,441.377810,22.586026,1.044369,True,2.703939,2
1461,1774170643.245148,1774172447.822162,1044,450,946.544252,173.398632,1.721928,True,858.032762,2
1631,1774170643.250502,1774172615.198179,1021,398,839.270636,138.698836,1.764664,True,1132.677042,2
3058,1774170643.297774,1774174044.529525,1148,424,802.512293,55.453318,1.766097,True,2598.719458,2
1291,1774170643.239802,1774171995.302447,1057,439,619.268491,88.010615,1.212918,True,732.794154,1
187,1774170643.204791,1774171339.882146,997,492,693.962408,26.450377,1.359495,True,2.714947,2
1462,1774170643.245178,1774172471.948256,1214,407,969.509900,0.000000,2.387955,True,859.193178,4
1632,1774170643.250532,1774171855.435901,406,91,78.053354,18.945063,0.656759,True,1134.132015,1
3059,1774170643.297807,1774173999.547273,1092,389,757.518884,65.998211,1.782270,True,2598.730583,2
1292,1774170643.239834,1774171540.168277,391,90,164.040198,54.505305,1.230729,True,732.888245,1
188,1774170643.204820,1774170956.006226,72,245,310.075210,28.681643,1.153252,True,2.726195,1
1463,1774170643.245207,1774172052.604094,1033,407,547.947751,0.000000,1.349625,True,861.411137,3
1633,1774170643.250562,1774172507.902602,996,446,728.853209,172.489920,1.250255,True,1135.798831,2
3060,1774170643.297836,1774173318.278618,376,58,74.337946,20.171892,0.950282,True,2600.642837,1
1293,1774170643.239862,1774171988.684269,1094,376,611.810111,129.451275,1.286290,True,733.634296,2
189,1774170643.204850,1774171128.923104,851,397,482.981558,43.336113,1.110216,True,2.736696,2
1464,1774170643.245236,1774171859.441204,42,155,354.672083,0.000000,2.303065,True,861.523885,3
1634,1774170643.250592,1774172796.831989,1010,635,1017.729626,87.221451,1.467679,True,1135.851771,2
3061,1774170643.297865,1774173938.645154,1171,530,694.355548,35.113080,1.246205,True,2600.991741,2
1294,1774170643.239891,1774172492.318111,1050,438,1112.674356,89.791602,2.340693,True,736.403864,3
190,1774170643.204879,1774170749.742765,408,91,103.790900,33.271998,0.783543,True,2.746987,1
1465,1774170643.245265,1774172380.587919,1025,401,875.022151,154.317337,1.801762,True,862.320502,2
1635,1774170643.250622,1774172340.536372,1156,424,561.310461,17.101574,1.286546,True,1135.975290,2
3062,1774170643.297895,1774173295.477181,91,16,51.176628,35.102301,1.071622,True,2601.002658,1
1295,1774170643.239920,1774172107.291836,1148,614,727.337859,46.842583,1.110106,True,736.714057,1
191,1774170643.204909,1774171406.467528,1113,531,760.505143,24.530963,1.388631,True,2.757476,2
1466,1774170643.245295,1774171791.106349,1019,53,285.244962,0.000000,5.485480,True,862.616092,3
1636,1774170643.250651,1774172599.891053,1115,413,820.572603,140.437807,1.650813,True,1136.067799,2
3063,1774170643.297924,1774173633.400438,394,80,387.104358,63.748611,4.093111,True,2602.998157,2
1296,1774170643.239951,1774171832.046735,1142,361,451.969532,49.827429,1.117061,True,736.837253,1
192,1774170643.204937,1774170801.201635,1313,170,155.228275,41.524752,0.672802,True,2.768422,1
1467,1774170643.245324,1774171845.280189,450,107,337.751656,171.967447,1.564002,True,864.283208,1
1637,1774170643.250681,1774172527.744617,1116,401,748.098418,92.167271,1.639828,True,1136.395518,2
3064,1774170643.297953,1774173685.429064,398,94,438.079056,95.776668,3.680671,True,2604.052055,2
1297,1774170643.239980,1774171987.083127,1106,434,606.995315,88.975623,1.196350,True,736.847832,1
193,1774170643.204967,1774171168.801531,1083,426,522.817309,35.132703,1.147493,True,2.779255,2
1468,1774170643.245354,1774172009.509161,181,263,501.766389,125.016749,1.437976,True,864.497418,1
1638,1774170643.250710,1774172574.815093,1045,390,795.055433,152.045841,1.652981,True,1136.508950,2
3065,1774170643.297985,1774174100.257852,1167,415,852.897780,0.000000,2.060140,True,2604.062087,3
1298,1774170643.240010,1774172044.369808,1226,407,662.186972,152.466388,1.255469,True,738.942827,2
194,1774170643.205005,1774170937.010622,1139,394,291.016334,26.375966,0.673385,True,2.789283,1
1469,1774170643.245387,1774172407.742984,1025,441,898.995091,129.696218,1.748407,True,865.502506,2
1639,1774170643.250740,1774171849.714233,1529,56,67.263832,28.026784,0.713401,True,1139.199661,1
3066,1774170643.298014,1774173859.548393,1027,396,611.663167,73.185329,1.363235,True,2604.587211,2
1299,1774170643.240039,1774172118.194506,958,554,735.384248,79.798284,1.185508,True,739.570219,2
195,1774170643.205035,1774171188.857637,978,437,542.852320,43.272083,1.145826,True,2.800282,2
1470,1774170643.245430,1774172047.774966,1201,402,538.069574,0.000000,1.341819,True,866.459962,3
1640,1774170643.250772,1774172338.601959,1163,386,555.874608,63.637719,1.278537,True,1139.476579,2
3067,1774170643.298043,1774173659.512321,181,104,410.066917,60.599282,3.392890,True,2606.147361,2
1300,1774170643.240072,1774171927.534093,1082,391,544.226311,92.760356,1.157605,True,740.067710,1
196,1774170643.205064,1774170883.619189,26,146,237.602982,38.963854,1.369925,True,2.811143,1
1471,1774170643.245461,1774172397.876028,1021,398,887.903041,168.471254,1.812171,True,866.727526,2
1641,1774170643.250802,1774171904.787693,440,117,120.765814,45.415870,0.649568,True,1140.771078,1
3068,1774170643.298073,1774173791.541925,1319,210,541.878951,0.000000,2.592722,True,2606.364901,3
1301,1774170643.240105,1774171486.475566,245,14,102.599483,80.168269,1.725478,True,740.635978,1
197,1774170643.205093,1774170731.344065,386,61,85.317239,33.197227,0.868667,True,2.821732,1
1472,1774170643.245491,1774171838.016002,417,118,326.258586,0.000000,2.788535,True,868.511925,3
1642,1774170643.250831,1774172027.537706,457,98,241.616408,145.884187,0.986930,True,1142.670467,1
3069,1774170643.298102,1774173651.680385,1319,150,401.790081,90.288648,2.090614,True,2606.592203,2
1302,1774170643.240134,1774171967.185653,1018,390,582.966549,111.157238,1.212877,True,740.978969,1
198,1774170643.205122,1774171155.228226,1074,411,509.190352,24.455767,1.182279,True,2.832751,2
1473,1774170643.245521,1774172407.747634,1182,397,894.424839,0.000000,2.258649,True,870.077275,4
1643,1774170643.250860,1774172014.420151,1313,135,228.385777,69.764338,1.183742,True,1142.783514,1
3070,1774170643.298131,1774173603.272648,408,105,353.105335,70.902954,2.713484,True,2606.869182,2
1303,1774170643.240164,1774171542.033324,395,85,157.802554,91.837477,0.785299,True,740.990607,1
199,1774170643.205152,1774170906.319987,209,162,260.270997,33.649559,1.407587,True,2.843838,1
1474,1774170643.245551,1774172550.484474,1027,569,1036.830145,124.789677,1.605705,True,870.408778,2
1644,1774170643.250890,1774172118.249018,1044,368,331.771163,45.223891,0.780783,True,1143.226966,1
3071,1774170643.298161,1774173855.191212,1139,435,602.865521,44.693244,1.286111,True,2609.027530,2
1304,1774170643.240193,1774171794.116130,435,114,409.802794,105.549338,2.692508,True,741.073143,2
200,1774170643.205182,1774171200.131556,1099,455,554.071708,41.438308,1.129148,True,2.854666,2
1475,1774170643.245580,1774171953.057031,1351,141,438.521805,0.000000,3.132299,True,871.289646,3
1645,1774170643.250922,1774173094.586785,1170,939,1308.097584,56.839753,1.333964,True,1143.238280,3
3072,1774170643.298190,1774173596.582386,1820,109,344.195228,61.321085,2.619205,True,2609.088968,2
1305,1774170643.240222,1774171553.042478,379,81,168.708454,111.042310,0.720827,True,741.093803,1
201,1774170643.205211,1774170707.823773,120,12,61.753270,35.046477,2.427890,True,2.865292,1
1476,1774170643.245610,1774171817.451141,409,95,302.492325,164.537483,1.467605,True,871.713206,1
1646,1774170643.250951,1774172130.649791,1038,396,343.902349,32.121906,0.789318,True,1143.496492,1
3073,1774170643.298223,1774173815.378196,1034,403,562.939731,30.476726,1.324535,True,2609.140242,2
1306,1774170643.240251,1774172402.948815,1099,410,1017.967308,107.848033,2.225231,True,741.741256,3
202,1774170643.205240,1774170803.791520,126,173,157.710056,26.289207,0.764075,True,2.876224,1
1477,1774170643.245639,1774172457.528630,1009,411,942.120015,163.035394,1.900206,True,872.162976,2
1647,1774170643.250983,1774171902.918013,2001,74,113.540113,68.694204,0.614328,True,1146.126916,1
3074,1774170643.298262,1774173828.129524,1122,396,575.465889,51.490945,1.326519,True,2609.365372,2
1307,1774170643.240280,1774171519.917840,1339,72,134.055759,50.861013,1.171757,True,742.621801,1
203,1774170643.205270,1774170883.032137,416,140,236.939997,28.520647,1.499420,True,2.886870,1
1478,1774170643.245669,1774172020.811312,1109,378,504.769841,0.000000,1.338912,True,872.795802,3
1648,1774170643.251013,1774171911.071919,392,103,121.529782,58.750381,0.615484,True,1146.291125,1
3075,1774170643.298291,1774174023.460254,1113,376,768.776537,0.000000,2.050071,True,2611.385426,3
1308,1774170643.240312,1774171859.484821,1317,235,471.820754,74.944776,1.696051,True,744.423754,2
204,1774170643.205302,1774170740.833863,394,83,94.730936,43.174837,0.628733,True,2.897626,1
1479,1774170643.245705,1774171802.276469,1155,75,284.354157,166.770291,1.588971,True,874.676607,1
1649,1774170643.251046,1774172599.890748,966,403,809.316595,144.712667,1.653244,True,1147.323107,2
3076,1774170643.298321,1774173633.289485,181,78,378.094304,56.637546,4.174763,True,2611.896861,2
1309,1774170643.240345,1774172092.841531,1017,537,704.269579,111.777844,1.105395,True,745.331607,1
205,1774170643.205330,1774170936.843148,1043,399,290.730011,33.110541,0.647285,True,2.907807,1
1480,1774170643.245733,1774172027.908391,1066,380,509.627875,0.000000,1.344665,True,875.034782,3
1650,1774170643.251076,1774171829.180275,120,12,38.062816,28.425649,0.876106,True,1147.866382,1
3077,1774170643.298362,1774173769.925605,203,217,514.617419,57.008675,2.118559,True,2612.009823,2
1310,1774170643.240376,1774172397.443599,1139,674,1008.820087,65.355858,1.401878,True,745.383136,3
206,1774170643.205361,1774170932.398193,1099,396,286.274157,37.078042,0.630876,True,2.918675,1
1481,1774170643.245762,1774171836.545330,431,94,317.955081,167.305611,1.619887,True,875.344487,1
1651,1774170643.251107,1774172509.799579,1201,402,717.778951,79.793149,1.590987,True,1148.769521,2
3078,1774170643.298393,1774173591.268860,397,115,334.471974,47.358166,2.518542,True,2613.498492,2
1311,1774170643.240426,1774171946.791939,1033,427,557.993498,47.107825,1.199262,True,745.558015,1
207,1774170643.205391,1774170750.029860,857,91,103.895013,41.363323,0.694797,True,2.929456,1
1482,1774170643.245792,1774172041.517711,1201,392,521.593299,0.000000,1.333998,True,876.678621,3
1652,1774170643.251137,1774172755.516090,1152,400,963.269813,151.757596,2.033865,True,1148.995140,2
3079,1774170643.298530,1774173843.728825,1110,408,586.654979,44.424731,1.332261,True,2613.775316,2
1312,1774170643.240459,1774171896.709394,1009,397,507.899956,47.096705,1.163645,True,745.568980,1
208,1774170643.205436,1774170830.303539,209,217,184.157575,34.971545,0.690676,True,2.940528,1
1483,1774170643.245822,1774171819.225361,387,96,297.936473,0.000000,3.136173,True,878.043066,3
1653,1774170643.251166,1774171851.516568,238,14,59.197177,51.009146,0.629848,True,1149.068226,1
3080,1774170643.298563,1774174083.469710,1149,408,825.063731,0.000000,2.027184,True,2615.107416,3
1313,1774170643.240491,1774171982.305631,1020,400,593.403511,111.447903,1.207909,True,745.661629,1
209,1774170643.205467,1774170893.307496,1109,365,247.151963,26.214631,0.606971,True,2.950067,1
1484,1774170643.245851,1774172039.975433,1003,395,518.409066,0.000000,1.315759,True,878.320516,3
1654,1774170643.251195,1774172139.979404,997,393,345.856128,40.983191,0.777737,True,1150.872081,1
3081,1774170643.298594,1774173659.403904,1466,77,400.987506,0.000000,5.276151,True,2615.117804,3
1314,1774170643.240520,1774172123.005270,1008,395,733.876925,83.063698,1.651810,True,745.887824,2
210,1774170643.205499,1774171263.295081,993,441,617.128496,54.335299,1.279075,True,2.961085,1
1485,1774170643.245882,1774172129.755328,1033,396,607.892607,121.410314,1.231601,True,878.616838,1
1655,1774170643.251227,1774172361.299942,1025,394,566.611054,64.277438,1.278203,True,1151.437661,2
3082,1774170643.298626,1774173720.576793,212,138,461.955301,53.695313,2.980000,True,2615.322867,2
1315,1774170643.240553,1774171993.966176,1046,418,604.281654,72.924026,1.274239,True,746.443969,2
211,1774170643.205529,1774171170.635896,888,418,524.457512,43.099154,1.154337,True,2.972855,2
1486,1774170643.245915,1774172036.220202,1018,389,512.218546,0.000000,1.320151,True,880.755742,3
1656,1774170643.251260,1774172669.552432,1121,440,873.164016,165.570447,1.611830,True,1153.137157,2
3083,1774170643.298663,1774173671.338610,878,102,412.706450,58.287653,3.509097,True,2615.333497,2
1316,1774170643.240585,1774172008.792274,1054,419,617.250670,90.218161,1.260843,True,748.301018,2
212,1774170643.205559,1774170911.881267,1141,388,265.692447,33.034945,0.601182,True,2.983260,1
1487,1774170643.245944,1774171771.107504,1436,66,246.489312,132.522350,1.753338,True,881.372247,1
1657,1774170643.251289,1774171938.335924,1312,141,141.371894,54.150852,0.623007,True,1153.712740,1
3084,1774170643.298693,1774173808.117839,1058,394,548.732985,27.362962,1.326641,True,2616.086161,2
1317,1774170643.240615,1774171966.954826,1202,411,575.082237,84.195358,1.197285,True,748.631974,1
213,1774170643.205589,1774171100.568222,1067,394,454.368395,49.293083,1.030726,True,2.994238,1
1488,1774170643.245973,1774172019.165226,983,374,493.762570,0.000000,1.323760,True,882.156683,3
1658,1774170643.251319,1774171929.133137,403,113,130.893771,59.833044,0.634471,True,1154.988046,1
3085,1774170643.298723,1774173647.352373,200,159,385.553992,59.272046,2.065076,True,2618.499659,2
1318,1774170643.240645,1774171896.709592,1102,396,504.345849,45.960279,1.160470,True,749.123098,1
214,1774170643.205618,1774171170.748217,1116,423,524.537611,36.991158,1.155323,True,3.004987,2
1489,1774170643.246002,1774171937.083592,1312,284,411.401912,0.000000,1.453717,True,882.435678,3
1659,1774170643.251348,1774172143.227490,1036,388,344.246392,42.627557,0.779377,True,1155.729750,1
3086,1774170643.298753,1774174029.325801,1092,626,767.413156,43.712180,1.157922,True,2618.613892,2
1319,1774170643.240678,1774171992.220751,1139,429,599.743496,89.326253,1.192564,True,749.236578,1
215,1774170643.205648,1774170739.685994,416,79,93.464339,41.276975,0.669069,True,3.016006,1
1490,1774170643.246034,1774172052.593665,1082,407,525.548844,0.000000,1.294455,True,883.798787,3
1660,1774170643.251378,1774171905.067364,385,80,105.973691,54.924283,0.646195,True,1155.842295,1
3087,1774170643.298787,1774173559.059942,399,83,297.033648,24.721311,3.320882,True,2618.727506,2
1320,1774170643.240707,1774171595.245797,1785,137,202.654750,120.594651,0.603383,True,749.350340,1
216,1774170643.205677,1774171360.402056,1126,520,714.170068,34.884777,1.308835,True,3.026311,2
1491,1774170643.246063,1774172441.352033,998,447,913.876368,156.652165,1.697812,True,884.229602,2
1661,1774170643.251407,1774171907.858251,444,101,108.691776,49.125970,0.595658,True,1155.915069,1
3088,1774170643.298818,1774173817.210496,1091,376,553.680622,46.118600,1.353499,True,2620.231056,2
1321,1774170643.240736,1774172050.848844,1075,516,656.345248,87.299846,1.104943,True,751.262859,1
217,1774170643.205706,1774170916.969068,203,179,270.726184,28.369876,1.361552,True,3.037178,1
1492,1774170643.246093,1774171944.131079,1316,169,414.953529,0.000000,2.469961,True,885.931458,3
1662,1774170643.251451,1774172590.189342,1012,461,789.747516,55.356605,1.596502,True,1157.190374,2
3089,1774170643.298849,1774173876.494071,984,399,612.191917,80.087522,1.336946,True,2621.003305,2
1322,1774170643.240766,1774172441.245300,1179,511,1045.004500,66.367636,1.918896,True,753.000034,3
218,1774170643.205735,1774170785.041039,379,144,138.787217,26.116760,0.787905,True,3.048087,1
1493,1774170643.246125,1774171907.701895,1314,232,378.244914,0.000000,1.637424,True,886.210856,3
1663,1774170643.251501,1774172517.982223,1036,590,716.965297,74.496361,1.090779,True,1157.765425,2
3090,1774170643.298879,1774173847.750585,1123,401,583.397609,53.021495,1.325940,True,2621.054097,2
1323,1774170643.240796,1774172395.020788,1065,439,998.727573,57.686166,2.148496,True,753.052420,3
219,1774170643.205764,1774170795.498763,56,164,149.234343,43.013706,0.651660,True,3.058656,1
1494,1774170643.246154,1774172423.669438,1046,438,893.477925,134.612406,1.736534,True,886.945359,2
1664,1774170643.251531,1774172134.467261,1036,375,333.276397,40.417920,0.783044,True,1157.939334,1
3091,1774170643.298909,1774173601.868844,1303,36,337.280677,55.714438,8.044750,True,2621.289258,2
1324,1774170643.240825,1774171978.390781,1230,413,580.664593,56.253435,1.272843,True,754.485362,2
220,1774170643.205793,1774171139.267769,1232,410,492.993511,54.227604,1.072777,True,3.068465,1
1495,1774170643.246183,1774172036.115203,1023,389,505.627132,0.000000,1.303163,True,887.241888,3
1665,1774170643.251561,1774171892.886937,380,61,91.418369,56.603814,0.580243,True,1158.217007,1
3092,1774170643.298943,1774173563.085649,881,34,296.545673,0.000000,8.986233,True,2623.241034,3
1325,1774170643.240855,1774171665.478711,1314,164,266.225607,125.008560,0.866362,True,756.012250,1
221,1774170643.205822,1774170906.320159,209,162,260.034700,49.207547,1.309485,True,3.079637,1
1496,1774170643.246212,1774172435.226377,1227,653,903.518885,0.000000,1.385765,True,888.461279,4
1666,1774170643.251590,1774171939.545620,378,56,137.375354,71.240461,1.202453,True,1158.918676,1
3093,1774170643.298972,1774173853.455648,1017,409,586.790852,42.983613,1.332861,True,2623.365824,2
1326,1774170643.240888,1774171541.901396,1029,71,141.686768,64.484407,1.102891,True,756.973740,1
222,1774170643.205851,1774170905.496060,206,162,259.200567,28.317269,1.434058,True,3.089643,1
1497,1774170643.246241,1774172388.089887,1019,394,854.282411,150.320364,1.791252,True,890.561236,2
1667,1774170643.251620,1774172600.105873,1052,378,797.822558,75.299336,1.916507,True,1159.031695,2
3094,1774170643.299008,1774174080.920510,1096,421,814.245260,56.735571,1.803594,True,2623.376242,2
1327,1774170643.240918,1774171946.792140,1051,420,544.923041,42.143562,1.199951,True,758.628182,1
223,1774170643.205880,1774170895.292349,1083,378,248.985283,32.917032,0.573125,True,3.101186,1
1498,1774170643.246270,1774172433.827321,936,433,898.702564,0.000000,2.080330,True,891.878487,4
1668,1774170643.251650,1774172624.505095,1039,417,822.211384,159.665236,1.592659,True,1159.042061,2
3095,1774170643.299040,1774174156.934515,1140,411,887.667325,63.057986,2.011242,True,2625.968151,2
1328,1774170643.240950,1774172071.404855,990,559,669.194855,41.802208,1.124360,True,758.969050,1
224,1774170643.205909,1774170807.227545,171,183,160.909137,36.883924,0.681457,True,3.112499,1
1499,1774170643.246302,1774171852.202608,46,139,317.025963,0.000000,2.297290,True,891.930343,3
1669,1774170643.251679,1774172536.778055,1097,409,734.381484,80.128859,1.603560,True,1159.144892,2
3096,1774170643.299069,1774173704.584232,376,117,435.203168,54.029712,3.285978,True,2626.081994,2
1329,1774170643.240980,1774171964.820463,1136,375,562.237865,76.349653,1.299166,True,759.341618,2
225,1774170643.205942,1774171218.222173,982,429,571.893619,54.173292,1.209627,True,3.122612,1
1500,1774170643.246335,1774171808.642352,404,84,273.455343,0.000000,3.294643,True,891.940674,3
1670,1774170643.251712,1774172452.584770,1052,373,648.973471,150.766742,1.339265,True,1160.359587,2
3097,1774170643.299100,1774173574.727313,384,69,305.191112,51.534211,3.730249,True,2626.237101,2
1330,1774170643.241011,1774171835.396379,1315,183,431.394371,66.397440,2.005478,True,760.760997,2
226,1774170643.205971,1774170726.915251,374,54,80.574991,41.158337,0.743710,True,3.134288,1
1501,1774170643.246377,1774172036.104751,1059,389,500.814479,0.000000,1.290759,True,892.043895,3
1671,1774170643.251741,1774172368.115800,1036,397,560.990989,55.912482,1.275451,True,1163.873070,2
3098,1774170643.299132,1774173849.721308,981,393,580.061284,53.788627,1.342532,True,2626.360892,2
1331,1774170643.241042,1774172022.425235,1139,418,618.196855,98.130706,1.247161,True,760.987338,2
227,1774170643.206001,1774171139.382109,1019,413,493.031391,34.765875,1.112295,True,3.144718,2
1502,1774170643.246406,1774171849.902351,12,140,313.061265,0.000000,2.252239,True,893.594680,3
1672,1774170643.251770,1774171982.535711,376,74,174.916683,69.963465,1.437715,True,1164.367258,1
3099,1774170643.299161,1774173573.989326,386,73,304.277956,47.663166,3.564094,True,2626.412210,2
1332,1774170643.241071,1774172074.743643,1139,428,669.091843,128.997270,1.264858,True,762.410730,2
228,1774170643.206030,1774170824.740653,126,205,178.378712,26.008766,0.746911,True,3.155911,1
1503,1774170643.246454,1774172457.418760,1044,471,919.156569,126.541605,1.686415,True,895.015737,2
1673,1774170643.251802,1774172524.999355,1043,397,716.761325,76.824918,1.616001,True,1164.986228,2
3100,1774170643.299191,1774173885.211272,1004,404,614.247896,0.000000,1.524188,True,2627.664185,3
1333,1774170643.241104,1774171939.772501,1180,414,533.302072,44.649926,1.183177,True,763.229326,1
229,1774170643.206060,1774171151.582202,1147,396,505.210259,55.522718,1.138449,True,3.165884,2
1504,1774170643.246499,1774172143.783193,1134,379,605.071471,149.023020,1.206477,True,895.465223,1
1674,1774170643.251832,1774172628.786449,1020,445,820.537593,94.151721,1.636004,True,1164.997024,2
3101,1774170643.299224,1774173639.289977,455,93,367.738577,0.000000,3.997158,True,2628.252176,3
1334,1774170643.241133,1774172100.855726,1034,519,694.270968,110.316286,1.127326,True,763.343624,1
230,1774170643.206096,1774171274.337996,1078,428,627.955075,32.840750,1.393710,True,3.176826,2
1505,1774170643.246530,1774171799.155539,379,66,259.211704,0.000000,3.987872,True,896.697305,3
1675,1774170643.251864,1774172386.296961,1105,429,577.643644,53.073896,1.225630,True,1165.401453,2
3102,1774170643.299253,1774173847.809049,1134,402,576.040170,46.212998,1.321265,True,2628.469627,2
1335,1774170643.241163,1774172036.600396,1166,401,629.677929,113.806094,1.289680,True,763.681304,1
231,1774170643.206125,1774171156.818003,883,413,510.424142,36.807956,1.149554,True,3.187736,2
1506,1774170643.246560,1774171833.379776,429,116,293.208930,0.000000,2.549643,True,896.924286,3
1676,1774170643.251893,1774172416.216138,1095,420,607.346497,80.509738,1.257367,True,1165.617748,2
3103,1774170643.299283,1774173625.613870,1316,139,352.843593,50.536852,2.190629,True,2629.470994,2
1336,1774170643.241198,1774171917.877373,181,246,510.409050,133.854394,1.536958,True,764.227125,2
232,1774170643.206155,1774170832.908527,169,217,186.503625,41.093410,0.673195,True,3.198747,1
1507,1774170643.246590,1774172051.014617,1159,398,509.618803,0.000000,1.283675,True,898.149225,3
1677,1774170643.251922,1774172384.091033,1033,403,575.044830,59.560118,1.282300,True,1165.794281,2
3104,1774170643.299312,1774173885.433142,1144,420,612.652401,58.173781,1.323338,True,2629.481429,2
1337,1774170643.241230,1774171722.858353,396,136,313.390374,146.458485,1.236533,True,766.226748,1
233,1774170643.206184,1774171181.036720,1094,429,534.621272,34.701061,1.168038,True,3.209263,2
1508,1774170643.246625,1774172092.352780,1223,445,550.449855,0.000000,1.239752,True,898.656300,3
1678,1774170643.251951,1774171933.145222,1063,93,122.601608,69.922051,0.572604,True,1167.291662,1
3105,1774170643.299342,1774173643.305788,387,73,369.828435,58.847815,4.319175,True,2630.178011,2
1338,1774170643.241258,1774171680.506899,1314,243,270.812919,44.502694,0.935166,True,766.452721,1
234,1774170643.206220,1774171248.243236,1001,427,601.816675,49.066235,1.297536,True,3.220340,1
1509,1774170643.246655,1774172419.881720,1093,432,877.956972,125.568239,1.745682,True,898.678093,2
1679,1774170643.251983,1774172475.348738,981,402,662.651620,65.671654,1.488728,True,1169.445135,2
3106,1774170643.299371,1774174040.557218,1042,385,764.957104,59.112140,1.838138,True,2632.300743,2
1339,1774170643.241287,1774172125.168906,1176,548,715.277959,65.982085,1.187013,True,766.649659,2
235,1774170643.206250,1774170752.506512,391,93,106.068310,25.932632,0.871040,True,3.231951,1
1510,1774170643.246685,1774172376.383606,1009,397,834.343267,128.365019,1.782773,True,898.793654,2
1680,1774170643.252012,1774172559.917289,999,411,745.638096,73.800915,1.638627,True,1171.027180,2
3107,1774170643.299400,1774173780.577561,736,301,503.858090,0.000000,1.679527,True,2633.420071,3
1340,1774170643.241316,1774171995.229041,1085,409,584.600173,71.632504,1.257274,True,767.387552,2
236,1774170643.206280,1774170920.570753,1085,388,274.121327,55.445962,0.565053,True,3.243147,1
1511,1774170643.246715,1774171771.107679,380,58,229.056246,128.353992,1.766706,True,898.804718,1
1681,1774170643.252041,1774172472.830009,1010,401,656.211164,137.759647,1.296129,True,1173.366804,2
3108,1774170643.299446,1774173602.936158,379,93,325.937633,58.649913,2.905301,True,2633.699079,2
1341,1774170643.241346,1774171764.620791,1282,66,350.396977,87.203304,4.049133,True,770.982469,2
237,1774170643.206309,1774170920.624057,1064,395,274.164030,45.014320,0.581598,True,3.253717,1
1512,1774170643.246744,1774171800.434971,1786,67,258.372971,154.409712,1.575201,True,898.815255,1
1682,1774170643.252070,1774172553.559777,1018,396,736.322109,77.217656,1.668619,True,1173.985598,2
3109,1774170643.299484,1774173642.993372,1312,139,364.699392,0.000000,2.642749,True,2634.994496,3
1342,1774170643.241375,1774172032.225980,1148,501,616.236406,40.991242,1.150490,True,772.748199,1
238,1774170643.206351,1774171146.218198,1070,411,499.747872,43.284711,1.113325,True,3.263976,1
1513,1774170643.246774,1774172088.587669,1102,427,410.027034,78.245795,0.778829,True,1035.313862,1
1683,1774170643.252103,1774172527.963834,1145,374,710.506723,84.942936,1.677115,True,1174.205008,2
3110,1774170643.299533,1774174107.097276,1169,421,828.741079,62.256545,1.824963,True,2635.056664,2
1343,1774170643.241406,1774171772.590963,390,96,356.517371,59.799883,3.123342,True,772.832185,2
239,1774170643.206388,1774171438.898662,972,575,792.417924,54.021083,1.286406,True,3.274349,1
1514,1774170643.246804,1774172079.833044,1183,429,401.261859,71.094377,0.771419,True,1035.324382,1
1684,1774170643.252132,1774172462.397979,1059,477,644.653191,76.186828,1.194257,True,1174.492655,2
3111,1774170643.299565,1774173725.225084,408,129,446.653086,59.632819,3.023596,True,2635.272434,2
1344,1774170643.241452,1774171786.456121,1756,111,370.371423,59.788717,2.823479,True,772.843246,2
240,1774170643.206432,1774170920.739216,1099,394,274.247707,36.710424,0.604421,True,3.285077,1
1515,1774170643.246833,1774172036.156669,1086,393,357.574451,69.644958,0.734514,True,1035.335386,1
1685,1774170643.252161,1774172412.956905,1080,395,593.720633,79.576455,1.304934,True,1175.984111,2
3112,1774170643.299595,1774174125.034176,1019,396,846.451601,59.621811,1.991974,True,2635.282979,2
1345,1774170643.241482,1774172624.719320,1025,591,1208.625069,68.700800,1.932075,True,772.852770,3
241,1774170643.206463,1774170915.705599,980,384,269.203606,40.996037,0.595842,True,3.295530,1
1516,1774170643.246863,1774172036.326850,1038,398,357.734147,63.337775,0.741553,True,1035.345840,1
1686,1774170643.252190,1774171990.398889,1321,182,170.894162,46.768562,0.685777,True,1176.252538,1
3113,1774170643.299625,1774173629.677922,395,126,350.148650,54.789391,2.362874,True,2636.229646,2
1346,1774170643.241511,1774172027.876487,1136,429,609.695493,108.499072,1.171020,True,774.939482,1
242,1774170643.206498,1774170923.422896,1057,393,276.910041,34.603691,0.618128,True,3.306357,1
1517,1774170643.246895,1774172051.007929,1059,397,372.403747,67.556509,0.769816,True,1035.357287,1
1687,1774170643.252219,1774172609.159359,1035,400,788.481347,141.280885,1.622056,True,1177.425793,2
3114,1774170643.299656,1774173993.557763,1191,464,713.917575,56.008299,1.420970,True,2636.340532,2
1347,1774170643.241541,1774171937.486532,1024,402,519.294918,52.902794,1.163073,True,774.950073,1
243,1774170643.206530,1774171172.118499,1082,409,525.594537,48.969135,1.168200,True,3.317433,1
1518,1774170643.246925,1774172076.484952,1004,419,397.870274,59.544848,0.809391,True,1035.367753,1
1688,1774170643.252250,1774172562.522761,1004,394,741.730001,81.607368,1.679701,True,1177.540510,2
3115,1774170643.299688,1774173600.356546,932,102,318.553975,42.808594,2.730152,True,2638.502882,2
1348,1774170643.241570,1774172109.137253,1209,522,690.851678,114.056273,1.107093,True,775.044005,1
244,1774170643.206559,1774171151.848611,1072,400,505.313822,25.835807,1.201699,True,3.328230,2
1519,1774170643.246954,1774171798.237210,371,53,119.611505,78.180965,0.796741,True,1035.378751,1
1689,1774170643.252363,1774172597.796228,1165,421,776.899969,82.257940,1.653910,True,1177.643895,2
3116,1774170643.299721,1774173893.409395,1021,413,611.379963,0.000000,1.483932,True,2638.729711,3
1349,1774170643.241600,1774172390.194450,1057,394,968.685417,74.207347,2.276026,True,778.267434,3
245,1774170643.206589,1774170756.926355,385,98,110.381351,55.349787,0.567336,True,3.338416,1
1520,1774170643.246984,1774171843.506862,396,131,164.870115,71.029092,0.721854,True,1035.389763,1
1690,1774170643.252398,1774172459.487660,1108,459,636.636755,81.306690,1.212511,True,1179.598507,2
3117,1774170643.299751,1774174071.240045,1103,405,787.660661,57.033395,1.808483,True,2640.279633,2
1350,1774170643.241632,1774171866.510661,1314,202,444.990556,79.226042,1.819724,True,778.278473,2
246,1774170643.206619,1774170780.686014,78,141,134.130383,44.918718,0.637226,True,3.349012,1
1521,1774170643.247013,1774172047.884077,1189,399,369.235901,72.005659,0.746810,True,1035.401163,1
1691,1774170643.252449,1774172424.953510,978,391,600.908754,44.561409,1.426532,True,1180.792307,2
3118,1774170643.299780,1774173675.365119,405,93,391.571587,58.219974,3.623387,True,2640.493752,2
1351,1774170643.241662,1774172485.930735,969,554,1064.153802,138.063243,1.674666,True,778.535271,2
247,1774170643.206648,1774170849.881361,412,100,203.315216,43.189122,1.617435,True,3.359498,1
1522,1774170643.247045,1774172044.200152,1083,403,365.540737,70.444588,0.734070,True,1035.412369,1
1692,1774170643.252482,1774171947.297348,414,137,123.138160,42.113777,0.595768,True,1180.906706,1
3119,1774170643.299813,1774173649.041980,203,152,363.830156,44.263570,2.116335,True,2641.912011,2
1352,1774170643.241695,1774171560.074288,505,92,137.398892,61.272668,0.836552,True,779.433702,1
248,1774170643.206680,1774171036.625287,1027,388,390.047681,53.924423,0.868536,True,3.370926,1
1523,1774170643.247076,1774172099.904765,1152,437,421.235411,78.763890,0.785485,True,1035.422277,1
1693,1774170643.252513,1774172022.922857,400,103,196.602186,76.833165,1.174206,True,1183.068158,1
3120,1774170643.299842,1774173881.872090,1148,421,595.052154,41.303423,1.318449,True,2643.520093,2
1353,1774170643.241724,1774171560.406916,403,91,137.720376,66.367063,0.792815,True,779.444816,1
249,1774170643.206709,1774171208.850942,1146,466,562.262541,36.613891,1.130427,True,3.381692,2
1524,1774170643.247106,1774172071.102672,1063,386,392.422836,89.196396,0.787601,True,1035.432730,1
1694,1774170643.252543,1774172378.801054,998,396,552.186299,39.658669,1.297538,True,1183.362212,2
3121,1774170643.299871,1774173759.831504,181,165,472.253500,54.606854,2.546626,True,2644.278132,2
1354,1774170643.241754,1774172143.115195,1062,509,719.174812,117.382538,1.184630,True,780.698629,2
250,1774170643.206739,1774171212.163437,994,419,565.564303,48.893603,1.236054,True,3.392395,1
1525,1774170643.247135,1774172439.548453,1108,622,760.857661,82.798997,1.091882,True,1035.443657,2
1695,1774170643.252573,1774172375.744866,1045,393,549.027847,53.748557,1.263468,True,1183.464446,2
3122,1774170643.299901,1774173904.972332,1069,427,616.142454,0.000000,1.446344,True,2645.529977,3
1355,1774170643.241783,1774171914.753161,692,109,490.360569,77.966512,3.818463,True,781.150810,2
251,1774170643.206769,1774170764.252272,846,108,117.642122,40.887772,0.717330,True,3.403382,1
1526,1774170643.247167,1774172065.133292,1017,398,386.431856,81.526625,0.768023,True,1035.454269,1
1696,1774170643.252603,1774172449.635145,1002,407,622.794841,98.827467,1.290560,True,1183.587701,2
3123,1774170643.299931,1774173879.665427,1137,397,590.824643,0.000000,1.491981,True,2645.540854,3
1356,1774170643.241812,1774172052.589982,1061,448,628.083458,76.239383,1.234551,True,781.264711,2
252,1774170643.206798,1774171182.805661,1140,430,536.184857,34.495958,1.169438,True,3.414006,2
1527,1774170643.247197,1774172019.050905,1120,375,340.339156,71.941545,0.717641,True,1035.464552,1
1697,1774170643.252641,1774171986.102366,874,150,157.198776,55.280912,0.684013,True,1185.650950,1
3124,1774170643.299960,1774173590.988487,1763,45,301.931141,44.665734,5.846941,True,2645.757386,2
1357,1774170643.241841,1774171968.552900,1041,385,543.882347,57.089320,1.267690,True,781.428712,2
253,1774170643.206827,1774171351.263814,1059,649,704.632417,38.829273,1.027474,True,3.424570,2
1528,1774170643.247226,1774172034.758398,1060,365,356.035253,74.603095,0.773165,True,1035.475918,1
1698,1774170643.252671,1774172442.843981,1060,415,613.661883,73.277978,1.305275,True,1185.929427,2
3125,1774170643.299990,1774173603.496881,1008,89,314.387702,52.587200,2.975006,True,2645.809189,2
1358,1774170643.241871,1774172515.086731,955,602,1088.047119,121.044394,1.608990,True,783.797741,2
254,1774170643.206856,1774170820.796701,1354,200,174.155194,55.253409,0.597496,True,3.434651,1
1529,1774170643.247256,1774172070.987473,1009,399,392.253684,81.730149,0.780210,True,1035.486533,1
1699,1774170643.252702,1774172014.419974,399,92,185.114110,81.949438,1.133678,True,1186.053162,1
3126,1774170643.300019,1774174100.142068,1019,416,808.453371,0.000000,1.948080,True,2648.388679,3
1359,1774170643.241900,1774171571.165450,857,117,143.345045,61.233172,0.707861,True,784.578505,1
255,1774170643.206886,1774170798.596816,167,171,151.944671,44.822194,0.630132,True,3.445259,1
1530,1774170643.247285,1774172094.950704,1053,414,416.206419,90.959088,0.787524,True,1035.497001,1
1700,1774170643.252731,1774172712.907200,1219,429,883.591097,132.642812,1.754552,True,1186.063372,2
3127,1774170643.300048,1774174057.673181,1086,399,764.955058,0.000000,1.921998,True,2649.418075,3
1360,1774170643.241934,1774171973.514637,1036,394,545.683137,66.856484,1.218388,True,784.589567,1
256,1774170643.206915,1774170724.875659,1792,50,78.212746,36.538936,0.850486,True,3.455998,1
1531,1774170643.247315,1774171774.541329,304,18,95.785782,82.734199,0.767740,True,1035.508232,1
1701,1774170643.252760,1774172521.487567,1100,371,692.079220,81.846655,1.649277,True,1186.155587,2
3128,1774170643.300081,1774173558.273948,1371,33,265.339334,45.369307,6.874063,True,2649.634534,2
1361,1774170643.241964,1774171786.738039,385,88,358.595194,79.729264,3.205356,True,784.900881,2
257,1774170643.206945,1774170877.534622,40,134,230.860552,43.081152,1.411875,True,3.467125,1
1532,1774170643.247344,1774172085.597112,1097,418,406.830467,85.731690,0.770021,True,1035.519301,1
1702,1774170643.252789,1774172430.453740,1064,418,600.439301,40.542807,1.342677,True,1186.761650,2
3129,1774170643.300110,1774173876.496704,1161,398,583.459657,0.000000,1.469672,True,2649.736937,3
1362,1774170643.241994,1774171854.489649,1313,149,426.295489,0.000000,2.880375,True,784.952167,3
258,1774170643.206976,1774170856.361809,407,104,209.676781,53.816833,1.513203,True,3.478052,1
1533,1774170643.247374,1774172130.650056,1018,476,451.872577,80.835144,0.781131,True,1035.530105,1
1703,1774170643.252822,1774172455.447132,1064,414,625.308052,64.049312,1.358980,True,1186.886259,2
3130,1774170643.300139,1774173745.310101,416,152,451.923552,0.000000,2.992871,True,2650.086409,3
1363,1774170643.242024,1774172002.323718,1035,395,573.903288,77.375769,1.260222,True,785.178406,2
259,1774170643.207007,1774171183.640452,1065,411,536.944782,48.796821,1.190605,True,3.488662,1
1534,1774170643.247406,1774171851.629295,1143,70,172.841242,123.639430,0.713070,True,1035.540648,1
1704,1774170643.252851,1774172548.475444,1003,418,716.706777,78.146849,1.531319,True,1188.515816,2
3131,1774170643.300169,1774173605.059946,91,24,309.886391,47.010903,11.429369,True,2651.873386,2
1364,1774170643.242056,1774171933.632713,1171,380,503.040798,64.095930,1.158166,True,787.349859,1
260,1774170643.207037,1774170954.660880,181,241,307.954356,43.048599,1.103774,True,3.499487,1
1535,1774170643.247455,1774171869.408739,991,108,190.609485,111.895678,0.735643,True,1035.551799,1
1705,1774170643.252880,1774172612.116943,1204,437,780.059534,76.335917,1.614045,True,1188.804528,2
3132,1774170643.300198,1774174092.972603,1151,412,797.573487,0.000000,1.940568,True,2652.098918,3
1365,1774170643.242086,1774171900.216759,1314,219,469.450794,0.000000,2.153444,True,787.523879,3
261,1774170643.207067,1774170780.915574,1314,137,134.198065,52.948268,0.597425,True,3.510441,1
1536,1774170643.247485,1774171826.715241,1155,75,147.905729,93.432843,0.736120,True,1035.562027,1
1706,1774170643.252910,1774172009.396803,1656,82,177.237229,87.062979,1.113262,True,1188.906664,1
3133,1774170643.300227,1774173576.349497,1075,56,280.866405,40.872065,4.363533,True,2652.182865,2
1366,1774170643.242116,1774171969.637206,1003,376,538.819210,55.674629,1.288386,True,787.575880,2
262,1774170643.207100,1774170775.338742,181,128,128.610450,34.388155,0.741908,True,3.521191,1
1537,1774170643.247515,1774172108.909618,1143,429,430.089126,95.377269,0.782037,True,1035.572977,1
1707,1774170643.252939,1774172545.816108,1179,445,712.425399,147.096723,1.273263,True,1190.137769,2
3134,1774170643.300256,1774173971.396725,1092,499,675.800985,47.687674,1.261272,True,2652.295485,2
1367,1774170643.242145,1774172379.123588,1013,439,947.733287,128.449796,1.870510,True,788.148156,2
263,1774170643.207130,1774170824.740778,163,205,178.002035,38.721459,0.682748,True,3.531613,1
1538,1774170643.247545,1774172077.906345,1068,401,399.074561,91.987839,0.767717,True,1035.584239,1
1708,1774170643.252968,1774172550.326167,1146,440,716.327217,101.660383,1.400152,True,1190.745982,2
3135,1774170643.300285,1774173891.533060,973,415,595.762233,0.000000,1.439039,True,2652.470541,3
1368,1774170643.242175,1774172666.332669,1129,526,1234.931128,186.857205,1.996331,True,788.159366,2
264,1774170643.207159,1774170753.777209,2,93,107.027568,55.145462,0.563936,True,3.542481,1
1539,1774170643.247574,1774172426.195131,1036,619,747.352975,80.770288,1.078613,True,1035.594582,2
1709,1774170643.253000,1774171966.626017,420,80,131.392932,77.457178,0.682731,True,1191.980085,1
3136,1774170643.300318,1774173576.577215,394,55,280.753804,40.531583,4.448560,True,2652.523094,2
1369,1774170643.242205,1774172012.324065,986,441,580.046440,72.822133,1.152783,True,789.035420,1
265,1774170643.207189,1774170818.897700,1314,203,172.137731,44.714228,0.630809,True,3.552779,1
1540,1774170643.247603,1774172346.928079,1032,447,668.074618,133.206420,1.199256,True,1035.605858,2
1710,1774170643.253030,1774172510.631783,1136,518,675.233253,74.517137,1.161927,True,1192.145501,2
3137,1774170643.300354,1774173598.791724,428,80,302.855500,0.000000,3.833614,True,2652.635871,3
1370,1774170643.242234,1774171988.570097,1028,366,555.634485,79.958988,1.303221,True,789.693378,2
266,1774170643.207222,1774170920.739046,1056,394,273.967790,48.871577,0.572764,True,3.564035,1
1541,1774170643.247632,1774172112.784525,1015,399,433.920659,121.747598,0.784354,True,1035.616234,1
1711,1774170643.253061,1774172025.388891,402,95,188.952590,82.785979,1.129432,True,1193.183241,1
3138,1774170643.300382,1774173679.971178,411,91,382.368375,0.000000,4.248537,True,2654.302421,3
1371,1774170643.242267,1774172005.847943,1160,400,570.654380,72.678820,1.248059,True,791.951296,2
267,1774170643.207255,1774171278.696540,978,442,631.914655,52.883860,1.312995,True,3.574630,2
1542,1774170643.247661,1774171892.829597,1312,175,213.955206,95.132799,0.682887,True,1035.626729,1
1712,1774170643.253092,1774172041.851007,18,128,205.300656,71.843216,1.050846,True,1193.297259,1
3139,1774170643.300425,1774174006.715670,1167,550,708.446561,0.000000,1.290431,True,2654.968684,3
1372,1774170643.242296,1774172414.809453,1160,639,979.553067,80.541117,1.409110,True,792.014089,3
268,1774170643.207285,1774171440.399221,1217,565,793.607022,46.993135,1.323783,True,3.584914,2
1543,1774170643.247692,1774171876.993971,685,120,198.109334,96.428818,0.854458,True,1035.636944,1
1713,1774170643.253127,1774172475.474774,12,231,638.914006,82.661628,2.418489,True,1193.307641,2
3140,1774170643.300457,1774174033.603423,1102,384,735.219926,0.000000,1.919634,True,2655.083040,3
1373,1774170643.242327,1774172403.155498,1036,650,967.773924,61.653023,1.396180,True,792.139246,3
269,1774170643.207314,1774171183.867324,1056,398,537.064166,38.656969,1.255434,True,3.595844,2
1544,1774170643.247724,1774171838.177842,398,98,159.282252,91.923649,0.694419,True,1035.647866,1
1714,1774170643.253157,1774172503.470633,1271,423,665.680760,132.854816,1.262621,True,1194.536716,2
3141,1774170643.300488,1774174033.388076,1110,378,733.663662,0.000000,1.946057,True,2656.423926,3
1374,1774170643.242369,1774172030.152044,1007,441,594.677773,51.509539,1.234473,True,792.231902,2
270,1774170643.207344,1774171296.552794,951,445,649.738851,55.080989,1.339320,True,3.606599,2
1545,1774170643.247753,1774172061.154965,1173,385,382.248629,87.427263,0.767764,True,1035.658583,1
1715,1774170643.253186,1774171964.820777,434,77,126.866683,77.125890,0.654484,True,1194.700908,1
3142,1774170643.300517,1774173648.930354,400,137,348.600917,0.000000,2.563242,True,2657.028920,3
1375,1774170643.242399,1774172050.634675,1154,482,614.376412,68.841521,1.134168,True,793.015864,1
