RequestID,ArrivalTime,CompletionTime,InputTokens,OutputTokens,Latency,TTFT,TPOT,Success,QueueingDelay,SendCount
1327,1774268895.684980,1774269080.801975,1051,420,185.110174,2.165503,0.436622,True,0.006821,1
2377,1774270410.935893,1774270575.887030,977,411,164.949396,1.231920,0.399311,True,0.001741,1
68,1774267291.355711,1774267442.832808,1057,424,151.476546,1.142263,0.355400,True,0.000551,1
578,1774267979.882484,1774268178.361992,1065,426,198.473746,1.455536,0.463572,True,0.005763,2
1325,1774268893.944689,1774268975.308937,1314,164,81.360571,1.474338,0.490100,True,0.003677,1
2378,1774270413.903768,1774270567.726682,1076,375,153.814153,1.197825,0.408065,True,0.008761,1
69,1774267293.647352,1774267343.195394,203,162,49.542226,0.509414,0.304552,True,0.005816,1
579,1774267979.905865,1774268058.248456,128,173,78.339024,0.388658,0.453200,True,0.003567,1
1326,1774268894.199782,1774268934.864460,1029,71,40.657963,2.413152,0.546354,True,0.006716,1
2379,1774270415.554124,1774270533.134131,1131,413,117.579516,2.184666,0.280085,True,0.000490,1
70,1774267295.713555,1774267351.532331,1314,216,55.813906,2.523714,0.247861,True,0.004870,1
580,1774267979.970613,1774268094.306931,1037,415,114.335833,1.958151,0.271444,True,0.000485,1
1323,1774268891.400606,1774269050.027250,1065,439,158.624655,3.742892,0.353611,True,0.001988,1
2380,1774270417.796981,1774270596.313963,1008,446,178.508666,1.285160,0.398255,True,0.008316,1
71,1774267297.273051,1774267324.258494,2,93,26.982737,0.457033,0.288323,True,0.002706,1
581,1774267981.458455,1774268195.008820,966,403,213.539686,1.141831,0.528353,True,0.010679,2
1324,1774268892.618786,1774269033.384527,1230,413,140.765131,3.573825,0.332989,True,0.000611,1
2381,1774270417.836973,1774270483.974195,1353,182,66.126986,2.092164,0.353784,True,0.010236,1
72,1774267299.379980,1774267453.892737,1065,409,154.508334,1.211480,0.375728,True,0.004424,1
582,1774267981.550739,1774268027.112976,380,99,45.561663,1.134568,0.453338,True,0.000574,1
1321,1774268891.000037,1774269065.910261,1075,516,174.909621,2.141465,0.335472,True,0.000602,1
2382,1774270420.631020,1774270432.897430,730,42,12.263740,1.524756,0.261926,True,0.002670,1
73,1774267303.454742,1774267321.183220,372,60,17.723655,0.573123,0.290687,True,0.004822,1
583,1774267982.481872,1774268190.238111,1087,396,207.755704,1.412393,0.522388,True,0.000535,2
1322,1774268891.008294,1774269110.926320,1179,511,219.915162,1.424089,0.428414,True,0.002864,1
2383,1774270420.808619,1774270580.102528,1240,398,159.291047,1.441337,0.397606,True,0.002862,1
74,1774267305.819099,1774267457.590616,1104,394,151.763594,1.379241,0.382657,True,0.007922,1
584,1774267982.811994,1774268061.722991,218,179,78.900234,1.484598,0.434919,True,0.010763,1
1319,1774268887.462253,1774269042.545918,1139,429,155.083070,3.652769,0.353809,True,0.000596,1
2384,1774270422.566131,1774270460.689971,398,105,38.116009,0.679600,0.359965,True,0.007831,1
75,1774267307.404217,1774267466.334543,1075,415,158.926587,1.273718,0.380804,True,0.003739,1
585,1774267983.045013,1774268010.740564,387,75,27.690852,1.461107,0.354456,True,0.004699,1
1320,1774268887.997084,1774268964.215809,1785,137,76.207957,2.043450,0.545327,True,0.010768,1
2385,1774270426.099305,1774270472.284128,1386,125,46.177444,2.107965,0.355399,True,0.007380,1
76,1774267309.848134,1774267429.962967,1225,372,120.114200,2.380044,0.317343,True,0.000633,1
586,1774267983.626208,1774268174.849858,1000,498,191.216417,2.045077,0.380626,True,0.007233,1
1317,1774268882.677817,1774269031.469340,1202,411,148.784818,2.301997,0.357275,True,0.006706,1
2386,1774270426.117100,1774270591.223808,1182,411,165.106122,1.269334,0.399602,True,0.000586,1
77,1774267310.469750,1774267473.309239,1118,426,162.832757,1.357761,0.379941,True,0.006733,1
587,1774267989.056438,1774268019.216322,383,114,30.159257,0.811187,0.259717,True,0.000627,1
1318,1774268886.762733,1774269030.931233,1102,396,144.166781,2.198536,0.359413,True,0.001719,1
2387,1774270427.663469,1774270460.471967,400,92,32.807934,1.062227,0.348854,True,0.000565,1
78,1774267312.350967,1774267343.274616,380,102,30.914764,0.537607,0.300764,True,0.008886,1
588,1774267989.307864,1774268187.621147,1093,429,198.304477,1.353977,0.460165,True,0.008806,2
1315,1774268880.414763,1774269070.121211,1046,418,189.702767,2.162929,0.449736,True,0.003681,1
2388,1774270427.719616,1774270507.375003,1316,256,79.648691,2.389136,0.302979,True,0.006696,1
79,1774267312.396387,1774267432.892148,1133,385,120.491097,2.109375,0.308286,True,0.004664,1
589,1774267991.698102,1774268196.982559,1262,390,205.283990,1.431787,0.524042,True,0.000468,2
1316,1774268882.605807,1774269069.709502,1054,419,187.097975,1.262089,0.444583,True,0.005720,1
2389,1774270427.891958,1774270451.449324,398,97,23.548671,3.669862,0.207071,True,0.008696,1
80,1774267314.775800,1774267357.930046,42,167,43.149515,0.337869,0.257901,True,0.004730,1
590,1774267992.606215,1774268217.342717,1473,450,224.729887,2.268638,0.495459,True,0.006615,2
1313,1774268880.332573,1774269066.921206,1020,400,186.587891,1.271759,0.464451,True,0.000742,1
2390,1774270429.039670,1774270441.116347,650,54,12.074096,2.303368,0.184353,True,0.002581,1
81,1774267317.399347,1774267434.856330,1140,377,117.448251,2.120543,0.306723,True,0.008732,1
591,1774267996.874278,1774268249.464656,1127,563,252.585664,1.338197,0.447060,True,0.004715,2
1314,1774268880.335304,1774269062.844230,1008,395,182.500473,1.722852,0.458826,True,0.008453,1
2391,1774270429.052887,1774270594.156731,1160,414,165.093269,1.050147,0.397199,True,0.010575,1
82,1774267321.280072,1774267402.496760,126,203,81.214001,0.351465,0.400310,True,0.002687,1
592,1774268001.878773,1774268196.589729,1076,464,194.707051,2.024493,0.416161,True,0.003905,1
1311,1774268877.165062,1774269072.535895,1033,427,195.365085,2.818894,0.451986,True,0.005748,1
2392,1774270431.876880,1774270461.127214,1187,84,29.242607,1.437672,0.334999,True,0.007728,1
83,1774267322.668594,1774267356.296438,431,84,33.620058,0.636843,0.397388,True,0.007786,1
593,1774268002.500968,1774268159.099288,1067,393,156.589013,3.383266,0.390831,True,0.009307,1
1312,1774268877.467708,1774269062.154545,1009,397,184.679142,1.687394,0.462100,True,0.007695,1
2393,1774270433.499820,1774270595.700690,1094,406,162.196187,1.335462,0.397187,True,0.004682,1
84,1774267328.528998,1774267537.872331,1115,421,209.334585,1.403494,0.495074,True,0.008748,2
594,1774268002.544728,1774268024.361479,402,73,21.809440,3.564155,0.253407,True,0.007311,1
1309,1774268875.509980,1774269111.460417,1017,537,235.941780,2.484070,0.435555,True,0.008657,1
2394,1774270434.766932,1774270613.351639,1098,449,178.573869,1.468590,0.395324,True,0.010838,1
85,1774267329.702535,1774267395.370981,206,179,65.661661,0.513380,0.366002,True,0.006785,1
595,1774268003.199697,1774268051.855953,209,179,48.647590,3.046859,0.256184,True,0.008666,1
1310,1774268875.615419,1774269091.070721,1139,674,215.449655,2.193907,0.316873,True,0.005647,1
2395,1774270436.740055,1774270461.777917,398,80,25.035826,0.679098,0.308313,True,0.002036,1
86,1774267329.708780,1774267367.575905,400,91,37.855627,1.310965,0.406052,True,0.011499,1
596,1774268004.539328,1774268162.704945,1047,401,158.154152,3.263853,0.387226,True,0.011465,1
2,1774267101.776172,1774267110.015359,879,55,8.235537,1.619399,0.122521,True,0.003650,1
2396,1774270436.888333,1774270455.304803,954,54,18.407736,1.253939,0.323657,True,0.008735,1
87,1774267329.796283,1774267489.935666,1123,396,160.132784,1.957736,0.400443,True,0.006599,1
597,1774268006.554693,1774268090.334319,200,193,83.770976,0.450612,0.433960,True,0.008650,1
3,1774267102.787146,1774267105.491410,91,16,2.700430,0.891638,0.120586,True,0.003834,1
2397,1774270440.108059,1774270471.982343,419,99,31.869497,0.575535,0.319326,True,0.004787,1
88,1774267329.907460,1774267484.223692,862,379,154.307625,1.043062,0.405462,True,0.008607,1
598,1774268008.111792,1774268200.846074,942,404,192.733707,1.186147,0.475304,True,0.000576,2
4,1774267109.880081,1774267113.492770,91,16,3.602228,0.453599,0.209909,True,0.010460,1
2398,1774270441.964190,1774270475.176378,400,97,33.207508,0.969339,0.335814,True,0.004680,1
89,1774267330.636346,1774267538.725643,859,422,208.084287,2.541879,0.488224,True,0.005010,2
599,1774268009.154147,1774268218.189594,1072,446,209.028767,1.397890,0.466586,True,0.006680,2
5,1774267112.393468,1774267129.901708,381,84,17.507647,0.699864,0.202503,True,0.000593,1
2399,1774270443.247466,1774270592.661186,1146,375,149.413102,1.310898,0.395995,True,0.000619,1
90,1774267330.672009,1774267454.861995,890,402,124.189453,1.761423,0.305307,True,0.000534,1
600,1774268009.660282,1774268221.827437,1232,419,212.159548,2.570875,0.501408,True,0.007607,2
6,1774267120.997494,1774267149.616516,1313,142,28.615269,1.381358,0.193148,True,0.003753,1
2400,1774270443.800902,1774270595.789108,1210,385,151.982454,2.182403,0.390104,True,0.005752,1
91,1774267330.816986,1774267537.559320,1192,419,206.731428,1.847050,0.490154,True,0.010907,2
601,1774268010.428804,1774268057.885247,373,91,47.451708,0.670780,0.519788,True,0.004735,1
7,1774267124.033261,1774267140.466198,388,84,16.426189,0.489452,0.192009,True,0.006749,1
2401,1774270443.830104,1774270474.986169,396,90,31.148295,1.437596,0.333828,True,0.007771,1
92,1774267331.376645,1774267491.866906,899,403,160.481543,1.593410,0.395244,True,0.008718,1
602,1774268011.361672,1774268174.929358,999,395,163.558022,2.019106,0.409997,True,0.009664,1
8,1774267124.547369,1774267126.668573,242,14,2.120586,0.542897,0.121361,True,0.000618,1
2402,1774270443.880368,1774270457.278940,435,64,13.389930,0.834371,0.199295,True,0.008643,1
93,1774267332.523264,1774267421.246497,163,224,88.715586,1.046188,0.393136,True,0.007646,1
603,1774268012.114794,1774268212.215280,1146,426,200.089783,1.584201,0.467072,True,0.010704,2
9,1774267125.314045,1774267154.416331,209,152,29.098585,0.352710,0.190370,True,0.003701,1
2403,1774270446.152530,1774270476.057450,375,96,29.901232,0.598867,0.308446,True,0.003688,1
94,1774267333.685044,1774267405.275205,181,212,71.585558,0.460082,0.337088,True,0.004603,1
604,1774268014.949911,1774268305.956498,1049,667,290.996824,1.381945,0.434857,True,0.009764,2
10,1774267126.726233,1774267150.626308,394,124,23.891330,0.506068,0.190124,True,0.008745,1
2404,1774270447.125045,1774270475.494085,381,81,28.366322,0.846646,0.343996,True,0.002718,1
95,1774267336.059325,1774267371.301607,416,88,35.231523,0.701915,0.396892,True,0.010759,1
605,1774268017.039809,1774268179.021614,1130,375,161.972950,2.105691,0.427453,True,0.008855,1
11,1774267131.089073,1774267142.607814,394,59,11.509419,0.520917,0.189457,True,0.009322,1
2405,1774270453.048395,1774270485.415602,384,99,32.362543,0.659417,0.323501,True,0.004664,1
96,1774267336.184258,1774267463.473892,1163,426,127.278959,2.148429,0.294425,True,0.010675,1
606,1774268017.041028,1774268212.124344,1009,419,195.064964,1.391455,0.463334,True,0.018352,2
12,1774267132.019958,1774267160.705778,1315,174,28.677952,2.382677,0.151996,True,0.007869,1
2406,1774270459.752847,1774270486.953552,1912,72,27.195964,3.442548,0.334555,True,0.004740,1
97,1774267337.271696,1774267344.674818,243,14,7.392394,3.259878,0.317886,True,0.010727,1
607,1774268018.478007,1774268172.786357,1317,320,154.302663,1.648043,0.478541,True,0.005688,2
13,1774267137.801095,1774267150.037667,389,90,12.228640,0.823349,0.128149,True,0.007933,1
2407,1774270460.176335,1774270594.639759,1095,423,134.460791,5.020729,0.306730,True,0.002633,1
98,1774267337.885852,1774267463.862064,1041,428,125.973061,2.338780,0.289542,True,0.003150,1
608,1774268018.599950,1774268071.214621,921,114,52.605946,2.581744,0.442692,True,0.008725,1
14,1774267141.471920,1774267161.767009,415,106,20.285893,0.533767,0.188115,True,0.009196,1
2408,1774270460.474206,1774270593.330202,1201,426,132.854437,5.608426,0.299402,True,0.001559,1
99,1774267338.062729,1774267398.691229,1350,146,60.617846,1.449142,0.408060,True,0.010654,1
609,1774268019.653029,1774268227.119944,1157,429,207.460124,2.221757,0.479529,True,0.006791,2
15,1774267143.110405,1774267145.272372,120,12,2.153102,0.353560,0.163595,True,0.008864,1
2409,1774270460.731682,1774270609.781445,1092,502,149.049188,6.068242,0.285391,True,0.000575,1
100,1774267338.769084,1774267537.559519,1104,396,198.782446,2.062956,0.498024,True,0.007988,2
610,1774268020.136633,1774268217.165090,1093,425,197.021698,2.289428,0.459274,True,0.006760,2
24,1774267185.307652,1774267201.507202,389,87,16.194824,0.535819,0.182081,True,0.004727,1
2410,1774270461.699425,1774270503.337924,1109,91,41.629758,1.461054,0.446319,True,0.008740,1
101,1774267338.892667,1774267463.930451,1127,426,125.031212,3.526254,0.285894,True,0.006572,1
611,1774268020.351563,1774268209.453211,1035,405,189.091334,3.027915,0.460553,True,0.010313,2
16,1774267145.544327,1774267159.754868,369,74,14.206815,0.444127,0.188530,True,0.003726,1
2411,1774270463.479019,1774270498.045140,366,80,34.565483,0.556761,0.430490,True,0.000638,1
102,1774267343.493439,1774267525.637608,1114,414,182.143580,1.359835,0.437733,True,0.000589,2
612,1774268020.364110,1774268202.787010,1009,395,182.413736,2.258676,0.457246,True,0.009165,2
25,1774267194.007697,1774267197.007579,91,16,2.991889,0.305580,0.179087,True,0.007994,1
2412,1774270463.759732,1774270511.490114,1730,104,47.722554,2.224192,0.441732,True,0.007828,1
103,1774267344.583418,1774267521.576016,1083,396,176.991897,1.884217,0.443311,True,0.000700,2
613,1774268020.858595,1774268057.413610,482,73,36.547262,1.843298,0.481999,True,0.007753,1
17,1774267151.843307,1774267175.767323,206,162,23.920293,0.530832,0.145276,True,0.003723,1
2413,1774270467.306469,1774270529.415558,1357,200,62.104324,2.598771,0.299023,True,0.004765,1
104,1774267344.678213,1774267414.323425,1313,173,69.636582,1.626823,0.395406,True,0.008631,1
614,1774268022.531768,1774268068.468812,401,104,45.929336,1.134274,0.434904,True,0.007708,1
18,1774267152.674763,1774267173.886453,1353,142,21.207887,2.540599,0.132392,True,0.003802,1
2414,1774270468.759236,1774270505.090263,372,79,36.319726,0.653625,0.457258,True,0.011302,1
105,1774267345.154768,1774267540.706570,888,395,195.542464,2.472197,0.490026,True,0.009339,2
615,1774268022.919017,1774268227.474918,1046,429,204.546246,1.946522,0.473364,True,0.009655,2
19,1774267152.823315,1774267180.712412,197,152,27.880376,0.395119,0.182022,True,0.008720,1
2415,1774270469.433479,1774270591.987687,1025,414,122.551432,2.429117,0.290853,True,0.002776,1
106,1774267345.246980,1774267398.602731,13,130,53.347068,2.825732,0.391638,True,0.008682,1
616,1774268025.081226,1774268219.376783,1230,389,194.293929,1.438990,0.497049,True,0.001628,2
20,1774267158.882204,1774267187.501628,181,154,28.611634,0.418860,0.184266,True,0.007791,1
2416,1774270470.202651,1774270587.706984,1171,396,117.501443,3.821021,0.287799,True,0.002890,1
107,1774267345.574060,1774267384.169005,874,89,38.585191,1.834565,0.417621,True,0.009754,1
617,1774268025.189865,1774268071.449588,161,159,46.252334,0.429402,0.290019,True,0.007389,1
21,1774267159.111183,1774267169.215412,388,54,10.098505,0.563405,0.179908,True,0.005723,1
2417,1774270473.577669,1774270505.089761,371,62,31.511185,0.682067,0.505395,True,0.000907,1
108,1774267346.005688,1774267521.832535,1065,395,175.820147,2.023840,0.441107,True,0.006700,2
618,1774268028.844975,1774268143.522283,26,238,114.667948,1.381995,0.478000,True,0.009360,2
22,1774267181.282084,1774267208.655297,203,147,27.366467,0.345714,0.185074,True,0.006746,1
2418,1774270474.248445,1774270539.640184,881,141,65.384092,1.110035,0.459100,True,0.007647,1
109,1774267347.541677,1774267548.492298,1157,426,200.946839,1.819265,0.468535,True,0.003782,2
619,1774268028.967386,1774268223.092558,1108,399,194.115344,1.259220,0.484563,True,0.009828,2
23,1774267183.488071,1774267221.549963,126,194,38.053101,0.427403,0.194952,True,0.008790,1
2419,1774270474.540970,1774270526.889669,413,106,52.344056,1.421914,0.484973,True,0.004643,1
110,1774267347.706629,1774267462.627918,1077,390,114.917539,1.685198,0.291086,True,0.003751,1
620,1774268029.793734,1774268081.490520,378,124,51.690104,0.985393,0.412233,True,0.006683,1
26,1774267197.398071,1774267222.459017,181,123,25.054216,0.374281,0.202295,True,0.006730,1
2420,1774270475.630303,1774270478.138266,120,12,2.504230,0.407982,0.190568,True,0.003734,1
111,1774267351.667286,1774267547.039673,1149,411,195.364769,1.257646,0.473432,True,0.007618,2
621,1774268029.810801,1774268216.532917,1051,410,186.711413,1.706272,0.452335,True,0.010703,2
27,1774267198.474606,1774267225.858331,191,217,27.378948,0.410324,0.124855,True,0.004776,1
2421,1774270482.599893,1774270648.682216,1087,394,166.079638,1.158427,0.419647,True,0.002685,1
112,1774267351.905417,1774267466.868035,996,389,114.953875,2.002679,0.291111,True,0.008743,1
622,1774268031.327398,1774268069.446770,2,93,38.114743,0.553350,0.408276,True,0.004630,1
28,1774267200.176292,1774267241.366023,27,183,41.180902,0.288537,0.224683,True,0.008829,1
2422,1774270483.925187,1774270653.512031,1136,396,169.577535,1.268054,0.426100,True,0.009309,1
113,1774267352.963740,1774267524.172821,990,394,171.202251,1.155104,0.432690,True,0.006830,2
623,1774268032.328315,1774268208.751728,1001,373,176.415732,2.006215,0.468843,True,0.007681,1
29,1774267202.745569,1774267252.729129,203,217,49.982921,0.395096,0.229573,True,0.000639,1
2423,1774270484.414746,1774270507.890938,376,56,23.472455,0.939743,0.409686,True,0.003737,1
114,1774267354.285210,1774267422.982466,197,183,68.696672,0.500128,0.374706,True,0.000583,1
624,1774268032.678625,1774268232.233755,1059,429,199.554406,1.197347,0.463451,True,0.000725,2
30,1774267202.774994,1774267213.442250,398,81,10.664615,0.940797,0.121548,True,0.002640,1
2424,1774270485.250642,1774270654.432988,1244,396,169.181753,1.447204,0.424644,True,0.000593,1
115,1774267357.782721,1774267435.935149,197,217,78.146518,0.351558,0.360162,True,0.005910,1
625,1774268033.613888,1774268210.225985,996,385,176.611515,1.607776,0.455739,True,0.000582,2
31,1774267210.801304,1774267252.536226,126,172,41.726212,0.346977,0.241984,True,0.008709,1
2425,1774270485.367050,1774270671.834601,1184,424,186.459907,1.848700,0.436433,True,0.007644,1
116,1774267359.284148,1774267481.821542,1378,407,122.534725,2.578441,0.295459,True,0.002670,1
626,1774268033.681559,1774268213.797423,1096,396,180.111169,2.687980,0.449173,True,0.004695,1
32,1774267212.493662,1774267256.605296,209,181,44.109902,0.373052,0.242982,True,0.001732,1
2426,1774270487.188303,1774270530.949358,1047,87,43.754339,1.164755,0.495228,True,0.006717,1
117,1774267360.929018,1774267549.241603,1214,421,188.308787,1.344132,0.445154,True,0.003799,2
627,1774268034.207731,1774268072.162658,417,98,37.947287,1.525678,0.375481,True,0.007639,1
33,1774267214.752601,1774267259.073025,209,181,44.314590,0.406750,0.243932,True,0.005834,1
2427,1774270487.875579,1774270522.947025,1999,97,35.070826,3.578783,0.328042,True,0.000620,1
118,1774267362.076630,1774267545.581048,1016,375,183.498710,1.353990,0.487018,True,0.005708,2
628,1774268036.112244,1774268217.165081,1139,396,181.041991,1.261784,0.455140,True,0.010845,2
34,1774267219.402754,1774267262.126921,28,175,42.717400,0.413748,0.243124,True,0.006767,1
2428,1774270488.340490,1774270642.256984,1085,375,153.912724,1.262339,0.408156,True,0.003769,1
119,1774267362.722667,1774267538.525098,1186,398,175.794710,2.013513,0.437736,True,0.007721,2
629,1774268036.917408,1774268047.309008,310,18,10.390970,1.116031,0.545585,True,0.000630,1
35,1774267223.135325,1774267245.865317,437,88,22.727299,0.550263,0.254908,True,0.002693,1
2429,1774270488.481891,1774270654.212435,1002,398,165.723800,1.773418,0.412973,True,0.006743,1
120,1774267363.332580,1774267552.683138,1100,426,189.341756,2.060894,0.440661,True,0.008802,2
630,1774268038.757638,1774268250.010886,1027,482,211.244072,1.249708,0.436579,True,0.009177,2
36,1774267223.895072,1774267250.074039,181,104,26.178294,0.369518,0.250571,True,0.000674,1
2430,1774270489.121212,1774270647.123400,1063,385,157.994484,3.290807,0.402874,True,0.007704,1
121,1774267364.303415,1774267451.363496,218,217,87.055375,1.368643,0.396698,True,0.004706,1
631,1774268039.326429,1774268217.108338,1007,388,177.776557,1.925734,0.454395,True,0.005352,1
37,1774267225.012956,1774267242.865357,203,138,17.845730,0.540349,0.126317,True,0.006671,1
2431,1774270489.604446,1774270558.352525,1315,163,68.747588,1.919601,0.412518,True,0.000492,1
122,1774267366.783078,1774267490.927473,1232,419,124.141632,2.344612,0.291380,True,0.002763,1
632,1774268039.596886,1774268088.606541,161,150,49.009103,2.158954,0.314431,True,0.000552,1
38,1774267225.864709,1774267271.467128,200,177,45.594702,0.483669,0.256313,True,0.007717,1
2432,1774270489.772435,1774270663.418340,1150,411,173.640191,2.238588,0.418053,True,0.005714,1
123,1774267368.498093,1774267564.231973,975,416,195.730270,1.153208,0.468860,True,0.003610,2
633,1774268041.852558,1774268218.811806,1025,394,176.952569,1.283843,0.446994,True,0.006679,2
39,1774267226.469990,1774267228.582441,91,16,2.103737,0.322366,0.118758,True,0.008714,1
2433,1774270490.834275,1774270521.225393,1098,88,30.382436,2.640980,0.318867,True,0.008681,1
124,1774267369.888187,1774267456.352215,209,217,86.463346,0.358014,0.398636,True,0.000682,1
634,1774268042.203135,1774268224.250372,1044,413,182.039582,2.163398,0.436593,True,0.007654,2
40,1774267230.027296,1774267343.792589,1087,401,113.764703,1.178353,0.281466,True,0.000590,1
125,1774267371.891758,1774267406.461612,181,85,34.566194,0.510803,0.405421,True,0.003660,1
635,1774268042.934292,1774268074.760139,404,108,31.823153,0.960326,0.288438,True,0.002694,1
41,1774267232.051019,1774267248.152941,382,64,16.091206,0.609006,0.245749,True,0.010715,1
2435,1774270492.168288,1774270647.565723,1069,388,155.392689,2.195411,0.395859,True,0.004746,1
126,1774267372.050011,1774267487.878496,1029,388,115.827955,2.117736,0.293825,True,0.000530,1
636,1774268043.160018,1774268235.668483,1036,425,192.504884,1.708075,0.449992,True,0.003580,2
42,1774267232.966634,1774267246.155020,412,102,13.179681,0.844173,0.122134,True,0.008705,1
2436,1774270492.775430,1774270538.315031,429,100,45.528832,2.186616,0.437800,True,0.010769,1
127,1774267372.491235,1774267561.312034,888,418,188.820223,1.003519,0.450400,True,0.000576,2
637,1774268043.548902,1774268219.656289,1098,396,176.102744,2.611625,0.439218,True,0.004644,2
43,1774267233.291661,1774267290.469479,194,217,57.176051,0.517706,0.262307,True,0.001767,1
2437,1774270496.219772,1774270608.027269,1076,404,111.804739,1.976536,0.272527,True,0.002758,1
128,1774267372.872167,1774267484.608515,1113,375,111.730678,3.396318,0.289664,True,0.005670,1
638,1774268044.588102,1774268082.947874,405,105,38.351945,1.644585,0.352955,True,0.007827,1
44,1774267238.506204,1774267297.027674,203,217,58.518661,0.503747,0.268588,True,0.002809,1
2438,1774270496.816396,1774270536.963988,385,87,40.143894,0.532464,0.460598,True,0.003698,1
129,1774267372.981114,1774267612.902767,1035,520,239.912994,1.657712,0.459066,True,0.008659,2
639,1774268044.821979,1774268240.531501,1269,451,195.700909,2.157019,0.430098,True,0.008613,2
45,1774267239.840265,1774267298.088289,200,217,58.247464,0.548125,0.267127,True,0.000559,1
2439,1774270497.286300,1774270556.770874,398,146,59.478717,0.619777,0.405924,True,0.005857,1
130,1774267372.981228,1774267574.695026,1009,425,201.694951,2.510664,0.469774,True,0.018846,2
640,1774268045.424506,1774268060.667441,788,51,15.232653,1.505415,0.274545,True,0.010283,1
46,1774267243.066201,1774267278.434213,64,174,35.363389,0.356508,0.202352,True,0.004623,1
2440,1774270497.594103,1774270649.925048,1035,373,152.326244,1.482451,0.405494,True,0.004701,1
131,1774267373.519446,1774267581.374663,869,450,207.847491,2.276201,0.457843,True,0.007727,2
641,1774268049.428752,1774268232.233950,918,397,182.801254,1.051113,0.458965,True,0.003943,2
47,1774267244.644499,1774267276.801131,458,123,32.153871,0.710500,0.257733,True,0.002761,1
2441,1774270500.044015,1774270608.655991,1089,395,108.607126,2.177809,0.270125,True,0.004850,1
132,1774267373.795074,1774267538.265664,1183,431,164.462900,3.272527,0.374861,True,0.007691,1
642,1774268050.513402,1774268146.110058,206,179,95.590987,0.473211,0.534370,True,0.005669,1
48,1774267245.995901,1774267279.515624,1352,158,33.519132,2.527790,0.197397,True,0.000590,1
2442,1774270500.208533,1774270558.130998,1316,203,57.916743,3.081158,0.271463,True,0.005721,1
133,1774267375.896183,1774267489.833313,972,395,113.936574,3.087914,0.281342,True,0.000556,1
643,1774268052.703597,1774268303.001719,1068,664,250.289434,2.012293,0.374475,True,0.008688,1
49,1774267246.171415,1774267334.449947,874,404,88.277926,4.676620,0.207447,True,0.000606,1
2443,1774270500.915004,1774270539.068109,870,81,38.147337,1.053074,0.463678,True,0.005767,1
134,1774267377.441339,1774267489.510665,1097,396,112.063586,3.583077,0.274634,True,0.005740,1
644,1774268055.890624,1774268256.222850,1042,472,200.327688,1.237576,0.422697,True,0.004537,2
50,1774267247.111398,1774267260.391965,378,58,13.273874,3.730489,0.167428,True,0.006693,1
135,1774267378.311431,1774267454.346981,206,183,76.027848,0.524595,0.414853,True,0.007702,1
645,1774268055.981867,1774268088.214504,417,92,32.224318,0.952804,0.343643,True,0.008319,1
51,1774267250.566282,1774267254.452591,91,16,3.880580,0.416583,0.230933,True,0.005729,1
2445,1774270501.954376,1774270604.817335,1190,375,102.858213,3.529716,0.265584,True,0.004745,1
136,1774267378.455225,1774267445.231165,181,208,66.766509,2.698216,0.309509,True,0.009432,1
646,1774268057.069814,1774268148.202182,409,146,91.123639,0.711911,0.623529,True,0.008729,2
52,1774267255.613194,1774267282.385891,389,89,26.765957,0.675910,0.296478,True,0.006740,1
2446,1774270503.444066,1774270665.162462,1027,390,161.717877,1.291256,0.412408,True,0.000519,1
137,1774267378.471277,1774267459.620624,1316,200,81.145697,1.713550,0.399157,True,0.003650,1
647,1774268057.188144,1774268227.260917,1002,373,170.068569,2.029211,0.451719,True,0.004203,1
53,1774267262.139272,1774267316.410262,212,183,54.262303,0.421295,0.295830,True,0.008686,1
138,1774267378.976193,1774267579.644460,908,456,200.667716,2.555034,0.435412,True,0.000552,2
648,1774268060.064488,1774268096.579057,942,104,36.503747,1.277237,0.342005,True,0.010821,1
54,1774267264.247963,1774267398.784214,1085,394,134.533545,1.189841,0.339297,True,0.002706,1
139,1774267379.890556,1774267576.023311,1094,422,196.122006,2.289987,0.460409,True,0.010749,2
649,1774268061.360844,1774268240.598357,983,414,179.228726,1.893373,0.429383,True,0.008787,1
55,1774267265.085673,1774267302.679435,407,131,37.590940,1.024851,0.281278,True,0.002822,1
140,1774267379.974853,1774267567.061553,996,422,187.078078,1.383256,0.441080,True,0.008622,2
650,1774268062.505249,1774268467.538888,1113,1000,405.026942,1.247640,0.404183,True,0.006697,2
56,1774267266.026332,1774267282.421670,396,82,16.389693,0.880924,0.191466,True,0.005644,1
2450,1774270509.768809,1774270513.729943,306,18,3.957388,0.692373,0.192060,True,0.003746,1
141,1774267380.496322,1774267414.190068,420,89,33.693240,2.094119,0.359081,True,0.000506,1
651,1774268062.963620,1774268178.706314,203,217,115.734977,0.844117,0.531902,True,0.007716,1
57,1774267268.855526,1774267406.929807,1029,399,138.071549,1.172832,0.343967,True,0.002732,1
142,1774267381.252115,1774267552.511102,1112,385,171.254244,2.331954,0.439902,True,0.004743,2
652,1774268063.467432,1774268091.623304,435,83,28.152146,0.824505,0.333264,True,0.003725,1
58,1774267273.940120,1774267371.817943,962,399,97.872076,1.801754,0.241383,True,0.005748,1
2452,1774270513.248839,1774270544.134640,957,74,30.877151,1.862290,0.397464,True,0.008650,1
143,1774267382.715433,1774267491.936131,1133,396,109.211959,2.135552,0.271080,True,0.008740,1
653,1774268064.610766,1774268070.105502,91,16,5.494211,0.270746,0.348231,True,0.000525,1
59,1774267275.005759,1774267323.435329,203,217,48.418822,1.212204,0.218549,True,0.010748,1
2453,1774270514.329395,1774270616.935846,1067,395,102.595705,2.108010,0.255045,True,0.010746,1
144,1774267383.399550,1774267492.739890,890,403,109.335302,3.191315,0.264040,True,0.005038,1
654,1774268065.148529,1774268235.458941,1071,386,170.309816,2.119013,0.436859,True,0.000596,1
60,1774267275.471102,1774267303.500649,898,94,28.018896,1.101685,0.289432,True,0.010651,1
145,1774267384.253565,1774267396.635749,833,36,12.379574,1.051545,0.323658,True,0.002611,1
655,1774268067.386157,1774268183.360723,167,217,115.973979,0.521559,0.534502,True,0.000587,1
61,1774267275.685983,1774267357.812637,181,253,82.126155,0.996129,0.321945,True,0.000499,1
146,1774267384.594753,1774267539.866990,1093,426,155.271717,2.919328,0.358476,True,0.000520,1
656,1774268067.392537,1774268163.880558,200,161,96.482815,0.522437,0.599752,True,0.005207,2
62,1774267276.398427,1774267283.365030,320,18,6.955931,0.617995,0.372820,True,0.010672,1
147,1774267386.166130,1774267468.315668,206,211,82.145851,0.452691,0.389015,True,0.003687,1
657,1774268068.196944,1774268142.543392,181,92,74.344787,0.566021,0.810756,True,0.001661,2
63,1774267277.016502,1774267421.603440,1119,414,144.579190,1.555753,0.346304,True,0.007749,1
2457,1774270516.920171,1774270622.644959,1113,417,105.723086,2.201971,0.248849,True,0.001702,1
148,1774267387.246335,1774267546.457317,898,454,159.200227,1.971169,0.347084,True,0.010756,1
658,1774268069.274801,1774268145.461617,181,118,76.178121,0.433914,0.647386,True,0.008696,1
64,1774267277.474196,1774267322.464115,124,157,44.985239,2.703548,0.271036,True,0.004679,1
2458,1774270519.359629,1774270548.234780,1010,82,28.870469,1.268299,0.340768,True,0.004682,1
149,1774267387.890583,1774267458.588601,1312,180,70.691249,1.566104,0.386174,True,0.006769,1
659,1774268072.257282,1774268287.000162,1201,546,214.734210,2.748347,0.388965,True,0.008671,2
65,1774267278.119635,1774267328.006448,1313,179,49.883120,1.874343,0.269712,True,0.003693,1
2459,1774270519.478270,1774270573.506094,7,143,54.027220,1.153791,0.372348,True,0.000604,1
150,1774267388.016954,1774267572.226503,1129,396,184.204893,1.895640,0.461542,True,0.004657,2
660,1774268072.273031,1774268251.432302,1208,400,179.155643,2.737688,0.442150,True,0.003628,2
66,1774267283.003135,1774267390.999898,1096,383,107.986251,2.041089,0.277343,True,0.010512,1
2460,1774270523.568872,1774270552.426658,406,80,28.847542,0.771369,0.355395,True,0.010244,1
151,1774267388.072941,1774267412.772606,375,67,24.699107,2.051291,0.343149,True,0.000558,1
661,1774268073.243448,1774268091.698093,373,57,18.447010,0.866379,0.313940,True,0.007636,1
67,1774267286.289248,1774267315.937488,400,102,29.640421,0.608455,0.287445,True,0.007818,1
2461,1774270524.672266,1774270553.995387,1109,84,29.314426,1.456516,0.335637,True,0.008695,1
152,1774267391.824875,1774267543.112972,862,425,151.287520,1.750157,0.352682,True,0.000576,1
662,1774268075.026100,1774268251.970899,1005,407,176.942160,1.993246,0.430909,True,0.002639,1
408,1774267763.270567,1774267882.329869,1019,403,119.050573,2.363695,0.290266,True,0.008728,1
1952,1774269824.175820,1774270112.687281,1102,530,288.503721,1.453226,0.542629,True,0.007740,2
409,1774267766.510742,1774267931.377465,1022,443,164.865857,1.448591,0.369722,True,0.000867,1
1953,1774269824.767303,1774270044.833097,1005,394,220.057137,1.962380,0.554948,True,0.008657,3
410,1774267766.765096,1774267877.697526,1176,373,110.926769,2.190809,0.292301,True,0.005661,1
1954,1774269825.793952,1774269882.826329,403,94,57.031847,0.632254,0.606447,True,0.000530,1
411,1774267766.916131,1774267911.650113,1007,403,144.723374,2.199662,0.354537,True,0.010608,1
1955,1774269827.545057,1774270054.445894,1169,451,226.894919,1.312470,0.501294,True,0.005918,2
412,1774267770.081024,1774267782.193020,382,38,12.105048,0.706182,0.308077,True,0.006948,1
1956,1774269827.823869,1774270042.655412,1140,397,214.823787,2.256169,0.536787,True,0.007756,2
413,1774267773.569432,1774267808.206089,396,107,34.636049,0.775544,0.319439,True,0.000609,1
1957,1774269828.231813,1774270034.756765,1083,395,206.524363,1.991137,0.519120,True,0.000589,3
414,1774267773.728856,1774267821.681385,401,147,47.945894,0.834542,0.322680,True,0.006634,1
1958,1774269829.525062,1774270052.405951,1034,398,222.880328,2.687045,0.554643,True,0.000561,3
415,1774267774.253900,1774267815.913023,882,135,41.653260,1.754648,0.297751,True,0.005864,1
1959,1774269831.307143,1774269934.616363,404,131,103.301597,0.717768,0.789106,True,0.007623,2
416,1774267779.081266,1774267900.615950,1161,429,121.523959,2.125074,0.278969,True,0.010725,1
1960,1774269831.748814,1774270075.909818,1073,422,244.153440,1.542840,0.576272,True,0.007564,2
417,1774267779.721161,1774267821.248049,21,139,41.518006,1.752618,0.288155,True,0.008883,1
1961,1774269832.002245,1774269837.394881,243,14,5.384998,0.892645,0.345566,True,0.007639,1
418,1774267780.534861,1774267919.573787,1053,383,139.031252,1.386462,0.360327,True,0.007674,1
1962,1774269833.817451,1774270035.106029,1146,389,201.279913,2.220749,0.513039,True,0.008666,3
419,1774267782.241372,1774267814.621073,402,102,32.373995,0.706064,0.313544,True,0.005706,1
1963,1774269834.821278,1774270069.105468,1017,394,234.283660,1.349969,0.592707,True,0.000530,2
420,1774267782.333048,1774267902.692873,1037,434,120.352853,2.094698,0.273114,True,0.006972,1
1964,1774269837.017115,1774270069.980270,1164,395,232.957433,1.322402,0.587906,True,0.005723,2
421,1774267785.839680,1774267987.051471,945,504,201.209004,1.128582,0.397774,True,0.002787,1
1965,1774269837.445663,1774269950.019398,1312,156,112.573153,2.404918,0.710763,True,0.000581,2
422,1774267788.206653,1774267938.852437,1050,403,150.645226,1.200841,0.371752,True,0.000558,1
1966,1774269839.916900,1774270070.714974,1096,396,230.792323,1.238511,0.581149,True,0.005751,2
423,1774267790.397528,1774267938.238315,1036,386,147.830030,1.335930,0.380504,True,0.010757,1
1967,1774269841.519091,1774269965.883675,983,151,124.363967,1.260805,0.820688,True,0.000617,2
424,1774267790.982219,1774267905.620681,1062,413,114.635741,2.027324,0.273321,True,0.002721,1
1968,1774269843.524075,1774270079.390215,1050,412,235.858427,1.312348,0.570672,True,0.007713,2
425,1774267791.974964,1774267902.692881,1070,398,110.706899,3.091828,0.271071,True,0.011018,1
1969,1774269844.435579,1774269927.496181,399,87,82.896722,9.610152,0.852169,True,0.163881,2
426,1774267793.926615,1774267845.486612,206,181,51.559376,1.635520,0.277355,True,0.000621,1
1970,1774269844.858033,1774269940.007939,404,118,95.143246,11.557816,0.714405,True,0.006660,2
427,1774267795.266118,1774267842.648974,419,130,47.378192,0.662804,0.362135,True,0.004664,1
1971,1774269847.151163,1774269929.065061,1992,91,81.910159,10.051585,0.798429,True,0.003739,2
428,1774267795.365697,1774267835.923214,181,132,40.549861,0.606022,0.304915,True,0.007656,1
1972,1774269847.636364,1774270079.026119,1163,409,231.384990,11.104786,0.539902,True,0.004765,2
429,1774267795.843220,1774267906.247102,1127,415,110.401159,2.228834,0.261286,True,0.002723,1
1973,1774269848.440721,1774270145.624251,1103,577,297.182928,8.221154,0.501670,True,0.000602,2
430,1774267797.600861,1774267902.692971,1043,394,105.091377,2.463026,0.261141,True,0.000733,1
1974,1774269851.300210,1774270124.252960,1123,651,272.947021,6.069977,0.410580,True,0.005729,2
431,1774267800.987462,1774267838.879319,413,95,37.887631,0.731688,0.395276,True,0.004225,1
1975,1774269851.349063,1774270041.263787,1032,396,189.906020,4.485360,0.469419,True,0.008704,1
432,1774267802.269410,1774267948.258985,934,378,145.985640,1.143008,0.384198,True,0.003935,1
1976,1774269851.666544,1774269866.275193,315,18,14.601969,5.761839,0.520008,True,0.006679,1
433,1774267805.538380,1774267953.439537,1039,379,147.895415,1.320890,0.387763,True,0.005741,1
1977,1774269851.775853,1774269967.217869,1316,151,115.431344,7.146338,0.721900,True,0.010672,2
434,1774267811.430993,1774267820.157167,91,24,8.717726,0.441249,0.359847,True,0.008448,1
1978,1774269852.338587,1774270041.612228,1014,398,189.267946,5.784755,0.462174,True,0.005695,1
435,1774267812.663969,1774267977.737207,1017,393,165.067428,1.336073,0.417682,True,0.005810,1
1979,1774269854.138942,1774270084.401628,1071,426,230.254879,5.093863,0.529791,True,0.007808,2
436,1774267812.714731,1774267931.353725,1007,468,118.632336,2.019130,0.249707,True,0.006657,1
1980,1774269854.239706,1774270086.655967,1069,523,232.415671,4.505631,0.436609,True,0.000591,2
437,1774267812.914718,1774267841.529101,375,66,28.613828,1.230911,0.421276,True,0.000555,1
1981,1774269855.775066,1774269887.034276,421,93,31.253442,1.026733,0.328551,True,0.005768,1
438,1774267814.203853,1774267864.013520,10,146,49.809104,0.793720,0.338037,True,0.000564,1
1982,1774269857.802951,1774269890.107680,1474,109,32.293981,3.087230,0.270433,True,0.010749,1
439,1774267815.014512,1774267988.287952,994,414,173.269691,1.260412,0.416487,True,0.003749,1
1983,1774269860.417367,1774270074.449241,1097,393,214.023195,1.249002,0.542791,True,0.008679,2
440,1774267815.725012,1774267824.470440,298,18,8.740790,0.995374,0.455613,True,0.004638,1
1984,1774269861.905380,1774270055.256342,1086,419,193.343032,1.402066,0.459189,True,0.007931,2
441,1774267816.519296,1774267975.920792,1002,388,159.390687,1.384619,0.408284,True,0.010809,1
1985,1774269866.256138,1774269873.588074,238,14,7.324182,0.386016,0.533705,True,0.007754,1
442,1774267817.192101,1774267918.936172,1021,390,101.738347,1.980480,0.256447,True,0.005724,1
1986,1774269866.278445,1774270075.682575,1088,382,209.397554,1.394905,0.545939,True,0.006575,2
443,1774267820.082075,1774267902.885957,209,217,82.803297,0.417773,0.381414,True,0.000585,1
1987,1774269866.974500,1774270054.174098,1088,417,187.188936,2.035096,0.445081,True,0.010662,1
444,1774267820.965806,1774267858.793563,386,96,37.822002,0.621033,0.391589,True,0.005754,1
1988,1774269867.422369,1774269884.737816,724,40,17.314880,3.009399,0.366807,True,0.000566,1
445,1774267821.179548,1774267996.156720,1092,415,174.968206,1.605037,0.418752,True,0.008967,1
1989,1774269870.373877,1774270087.719615,1151,404,217.345152,1.316504,0.536051,True,0.000586,2
446,1774267822.615617,1774267876.214215,403,142,53.589862,1.108180,0.372211,True,0.008735,1
1990,1774269870.948301,1774270052.610193,1101,385,181.659221,2.105610,0.467588,True,0.002671,2
447,1774267822.648676,1774267862.541602,415,101,39.886331,1.077172,0.388092,True,0.006595,1
1991,1774269872.268318,1774270104.188222,1090,558,231.917235,1.963115,0.412844,True,0.002670,1
448,1774267822.859593,1774267972.081964,1013,363,149.220660,1.307307,0.408600,True,0.001712,1
1992,1774269875.163346,1774270057.198989,960,413,182.025811,1.756883,0.437546,True,0.009831,1
449,1774267823.530574,1774267924.852087,1014,395,101.320982,1.938597,0.252240,True,0.000531,1
1993,1774269877.587295,1774270057.731782,1094,411,180.143908,2.120883,0.434202,True,0.000580,1
450,1774267824.133235,1774267920.984813,1034,377,96.843892,3.298665,0.248790,True,0.007686,1
1994,1774269880.550478,1774270064.062604,1111,396,183.506407,1.310992,0.461254,True,0.005720,2
451,1774267825.144972,1774267989.699712,1002,396,164.550045,1.183119,0.413587,True,0.004695,1
1995,1774269880.822650,1774269973.235114,1316,140,92.401785,2.425368,0.647312,True,0.010679,1
452,1774267827.224169,1774267952.065816,1149,516,124.836987,2.404752,0.237732,True,0.004659,1
1996,1774269885.764628,1774270060.686417,1094,377,174.918095,1.223671,0.461953,True,0.003695,2
453,1774267828.815491,1774267926.580301,1112,403,97.758042,2.909513,0.235942,True,0.006768,1
1997,1774269887.686436,1774269968.617130,403,86,80.927997,0.716432,0.943665,True,0.002697,2
454,1774267829.229791,1774267891.317488,1314,159,62.085014,1.573900,0.382982,True,0.002683,1
1998,1774269891.044857,1774269997.500805,1316,149,106.450270,12.465910,0.635029,True,0.005678,1
455,1774267829.884722,1774267851.854811,1917,56,21.969497,2.951060,0.345790,True,0.000592,1
1999,1774269899.807595,1774270125.117896,1114,442,225.303137,13.411674,0.480480,True,0.007164,1
456,1774267831.875456,1774268006.185455,1043,431,174.299245,2.376354,0.399821,True,0.010754,1
2000,1774269902.145859,1774270030.326810,1323,213,128.173247,19.055721,0.514705,True,0.007704,1
457,1774267831.953659,1774268003.751096,1032,421,171.792667,2.048702,0.404152,True,0.004770,1
2001,1774269902.919248,1774270007.797295,397,181,104.873346,19.851407,0.472344,True,0.004701,1
458,1774267832.758336,1774267989.564082,1093,382,156.797066,1.800645,0.406815,True,0.008680,1
2002,1774269903.740984,1774270114.767099,1069,419,211.022375,12.618906,0.474649,True,0.003740,1
459,1774267832.905688,1774268006.007899,1173,429,173.096320,2.012507,0.399729,True,0.005892,1
2003,1774269909.074993,1774270022.182372,1316,207,113.100644,14.685309,0.477744,True,0.006735,1
460,1774267837.523950,1774267904.970435,203,189,67.436555,0.436459,0.356383,True,0.009930,1
2004,1774269909.355105,1774269953.295195,374,76,43.939530,12.517707,0.418958,True,0.000560,1
461,1774267838.591886,1774267872.175804,390,97,33.573202,0.592533,0.343549,True,0.010717,1
2005,1774269913.399084,1774270105.276505,994,396,191.866286,11.112819,0.457604,True,0.011134,1
462,1774267842.477079,1774267875.740191,409,93,33.255391,0.582186,0.355144,True,0.007720,1
2006,1774269913.617594,1774269965.045180,1961,96,51.421949,10.426280,0.431533,True,0.005638,1
463,1774267843.110229,1774267876.085098,402,92,32.974283,0.552690,0.356281,True,0.000586,1
2007,1774269915.958776,1774270101.635544,961,388,185.670986,8.397832,0.458070,True,0.005782,1
464,1774267844.257483,1774267931.509714,1354,225,87.244550,1.736402,0.381733,True,0.007681,1
2008,1774269916.017765,1774269962.279308,397,94,46.252846,6.888419,0.423273,True,0.008698,1
465,1774267847.437041,1774267904.096188,181,213,56.657180,0.420782,0.265266,True,0.001967,1
2009,1774269916.118084,1774270100.401268,1053,380,184.282615,7.648402,0.466053,True,0.000570,1
466,1774267847.819670,1774267946.635551,1035,414,98.805463,1.996986,0.234403,True,0.010418,1
2010,1774269917.122358,1774269980.139525,1314,111,63.016620,21.128931,0.380797,True,0.000548,1
467,1774267848.601267,1774267950.250480,1033,420,101.638565,3.420881,0.234410,True,0.010648,1
2011,1774269918.535749,1774270085.137664,1131,432,166.596120,18.504866,0.343599,True,0.005794,1
468,1774267849.135471,1774267897.155173,206,179,48.009082,1.125064,0.263393,True,0.010620,1
2012,1774269921.044749,1774270104.642149,1198,394,183.586519,3.166010,0.459085,True,0.010881,1
469,1774267850.088774,1774268034.105134,888,426,184.015751,1.196765,0.430162,True,0.000610,1
2013,1774269924.021094,1774270098.936651,1074,377,174.909631,1.637338,0.460831,True,0.005927,1
470,1774267850.535529,1774267917.636410,209,183,67.090163,1.090156,0.362637,True,0.010717,1
2014,1774269924.676694,1774269974.778705,44,121,50.098286,1.255622,0.407022,True,0.003725,1
471,1774267851.560105,1774267952.472520,1102,433,100.909774,2.617846,0.227528,True,0.002641,1
2015,1774269925.052398,1774269929.332670,738,10,4.276598,1.569232,0.300819,True,0.003674,1
472,1774267852.588652,1774268038.082682,1007,424,185.491328,1.327821,0.435375,True,0.002701,1
2016,1774269925.329203,1774269929.421796,738,10,4.092118,1.666730,0.269488,True,0.000475,1
473,1774267852.918617,1774267914.930422,203,167,62.009097,2.360595,0.359328,True,0.002708,1
2017,1774269929.861583,1774269937.836668,738,20,7.972371,1.101861,0.361606,True,0.002713,1
474,1774267853.407914,1774268035.880116,1173,421,182.471599,1.768626,0.430245,True,0.000603,1
2018,1774269931.122725,1774270077.641963,1026,418,146.511495,7.618787,0.333076,True,0.007744,1
475,1774267853.439346,1774267939.888442,1080,371,86.438386,2.787158,0.226084,True,0.010709,1
2019,1774269931.802821,1774270116.362765,1040,399,184.555246,1.103683,0.460934,True,0.004698,1
476,1774267855.113713,1774267887.688628,395,92,32.572078,0.607424,0.351260,True,0.002836,1
2020,1774269935.101818,1774270124.843704,1133,414,189.734636,1.249447,0.456381,True,0.007250,1
477,1774267855.162652,1774268011.490966,1011,677,156.323657,3.018827,0.226782,True,0.004656,1
2021,1774269936.293869,1774269954.246278,808,43,17.946581,3.402685,0.346283,True,0.005827,1
478,1774267857.083632,1774267864.942084,91,24,7.854722,1.420741,0.279738,True,0.003730,1
2022,1774269936.406534,1774269968.913044,373,78,32.500753,2.549674,0.388975,True,0.005757,1
479,1774267857.426081,1774267918.359947,209,167,60.933305,0.500328,0.364054,True,0.000562,1
2023,1774269937.336282,1774269972.261816,1138,80,34.917732,1.473407,0.423346,True,0.007802,1
480,1774267859.385971,1774268032.479124,1159,399,173.090457,1.428154,0.431312,True,0.002697,1
2024,1774269937.714566,1774270065.392615,1133,379,127.670391,3.088296,0.329582,True,0.007658,1
481,1774267859.977420,1774268187.440870,463,739,327.452960,1.371654,0.441845,True,0.010489,2
2025,1774269938.983973,1774269943.140650,120,12,4.156112,0.351961,0.345832,True,0.000565,1
482,1774267861.081592,1774267949.541162,1094,398,88.455894,2.124410,0.217460,True,0.003677,1
2026,1774269940.181960,1774270133.416866,1073,419,193.232228,1.206165,0.459392,True,0.002678,1
483,1774267861.091448,1774267936.169421,130,199,75.073759,0.580963,0.376226,True,0.004214,1
2027,1774269943.487847,1774270086.459154,1128,428,142.964579,2.195084,0.329671,True,0.006727,1
484,1774267862.748860,1774267925.523134,203,162,62.767523,0.606863,0.386091,True,0.006752,1
2028,1774269944.649360,1774269976.489570,1020,74,31.834391,1.181583,0.419901,True,0.005819,1
485,1774267864.888146,1774267949.512723,206,217,84.621941,0.425067,0.389800,True,0.002636,1
2029,1774269945.734025,1774270083.736909,1124,411,137.992158,2.049585,0.331567,True,0.010726,1
486,1774267867.287971,1774268030.421736,1003,373,163.126910,1.341384,0.434907,True,0.006855,1
2030,1774269945.860617,1774270129.093148,1048,396,183.224621,1.282682,0.460613,True,0.007910,1
487,1774267868.901146,1774267901.448152,376,88,32.542309,0.582099,0.367359,True,0.004697,1
2031,1774269945.863812,1774270128.909149,1013,394,183.030026,1.750736,0.461270,True,0.015311,1
488,1774267871.220901,1774267915.838353,401,125,44.614631,0.601770,0.354942,True,0.002821,1
2032,1774269951.572227,1774269983.431282,376,69,31.856241,0.545172,0.460457,True,0.002813,1
489,1774267873.013297,1774268061.996040,1023,427,188.979033,1.334334,0.440481,True,0.003711,1
2033,1774269953.160298,1774270135.643365,1148,393,182.472333,1.398168,0.461924,True,0.010734,1
490,1774267874.880545,1774267968.392911,197,217,93.506538,0.547702,0.430365,True,0.005829,1
2034,1774269955.145903,1774270085.602458,1018,391,130.451849,1.893259,0.329637,True,0.004707,1
491,1774267875.143325,1774267878.478880,91,16,3.334983,0.378985,0.197067,True,0.000572,1
2035,1774269955.782207,1774269994.803145,1337,79,39.012072,1.535744,0.480466,True,0.008866,1
492,1774267879.925076,1774267962.385804,77,187,82.452991,0.439874,0.440931,True,0.007737,1
2036,1774269956.725696,1774269975.015673,1099,57,18.289344,2.317448,0.285212,True,0.000633,1
748,1774268174.700785,1774268290.158691,1129,396,115.453174,2.258067,0.286570,True,0.004732,1
2037,1774269957.232219,1774270138.441907,1051,396,181.206930,1.353093,0.455326,True,0.002758,1
2207,1774270171.327081,1774270197.412156,373,93,26.077366,2.079262,0.260849,True,0.007709,1
918,1774268388.421604,1774268416.037405,1658,82,27.615221,1.843706,0.318167,True,0.000581,1
1258,1774268803.198094,1774268942.879196,1054,411,139.677456,3.420674,0.332334,True,0.003647,1
1442,1774269051.153052,1774269073.170685,385,67,22.009511,0.763605,0.321908,True,0.008122,1
749,1774268177.731143,1774268233.161594,401,144,55.423738,0.531377,0.383863,True,0.006713,1
2038,1774269957.266451,1774270139.837770,1138,398,182.560645,1.641304,0.455716,True,0.010674,1
2208,1774270172.514716,1774270218.885341,890,115,46.370045,1.058299,0.397471,True,0.000580,1
919,1774268388.426450,1774268439.279002,165,158,50.846406,0.520944,0.320544,True,0.006145,1
1259,1774268808.334615,1774268919.020724,1323,205,110.681401,1.624506,0.534593,True,0.004708,1
1443,1774269056.171718,1774269089.296805,380,97,33.124478,0.726478,0.337479,True,0.000609,1
750,1774268178.514182,1774268335.335701,1032,401,156.816816,1.173729,0.389108,True,0.004703,1
2039,1774269958.789190,1774270133.325964,1148,375,174.533013,1.437557,0.462822,True,0.003760,1
2209,1774270173.943844,1774270186.441236,377,51,12.489744,0.941086,0.230973,True,0.007648,1
920,1774268389.916898,1774268432.022408,405,133,42.102580,0.893623,0.312189,True,0.002931,1
1260,1774268808.763922,1774269010.587522,1046,399,201.822959,2.335705,0.501224,True,0.000640,1
1444,1774269056.648507,1774269169.754735,1046,393,113.098632,2.025727,0.283349,True,0.007595,1
751,1774268179.121296,1774268228.802819,407,122,49.678833,1.160695,0.400976,True,0.002690,1
2040,1774269961.035794,1774270004.141053,424,114,43.094563,0.935927,0.373085,True,0.010696,1
2210,1774270174.997379,1774270232.780269,426,126,57.779315,1.920480,0.446871,True,0.003576,1
921,1774268392.940415,1774268553.908871,1205,409,160.964720,1.522169,0.390791,True,0.003736,1
1261,1774268815.832304,1774268852.447067,1896,68,36.609797,2.031497,0.516094,True,0.004966,1
1445,1774269058.408553,1774269216.354768,1036,390,157.938566,1.232168,0.402844,True,0.007649,1
752,1774268179.415627,1774268302.940453,1102,425,123.520172,2.054314,0.286476,True,0.004654,1
2041,1774269961.610400,1774269994.960969,388,80,33.346859,2.844079,0.386111,True,0.003710,1
2211,1774270175.059927,1774270208.457661,1508,76,33.393690,1.712856,0.422411,True,0.004044,1
922,1774268393.836300,1774268509.844248,1120,397,116.001307,2.093469,0.287646,True,0.006641,1
1262,1774268816.547080,1774268865.119745,402,87,48.566859,1.826223,0.543496,True,0.005807,1
1446,1774269059.105006,1774269286.797057,985,552,227.683314,1.699098,0.410135,True,0.008737,1
753,1774268180.492587,1774268335.514047,1088,407,155.010694,1.270474,0.378670,True,0.010767,1
2042,1774269961.825321,1774270093.819006,1091,397,131.990002,2.116858,0.327962,True,0.003683,1
2212,1774270176.964722,1774270356.158607,1059,410,179.187360,1.406773,0.434671,True,0.006525,1
923,1774268395.211838,1774268406.093040,367,49,10.878531,1.482274,0.195755,True,0.002670,1
1263,1774268817.648611,1774268953.638418,998,387,135.984071,1.968157,0.347191,True,0.005736,1
1447,1774269064.120608,1774269228.061015,1054,397,163.934751,1.227806,0.410876,True,0.005655,1
754,1774268181.773486,1774268220.153750,385,107,38.372582,0.790498,0.354548,True,0.007682,1
2043,1774269962.176215,1774270007.843505,1484,88,45.662611,1.639068,0.506018,True,0.004679,1
2213,1774270181.289556,1774270289.818452,1196,410,108.526228,2.319627,0.259674,True,0.002668,1
924,1774268396.437652,1774268426.578350,405,96,30.134016,1.170605,0.304878,True,0.006682,1
1264,1774268818.196304,1774269017.027792,1170,394,198.830799,1.693522,0.501622,True,0.000690,1
1448,1774269069.146080,1774269105.314147,181,126,36.164366,0.606613,0.284462,True,0.003700,1
755,1774268182.039370,1774268333.959746,967,398,151.912543,1.053080,0.379999,True,0.007833,1
2044,1774269966.977988,1774270065.147892,1312,181,98.161058,1.526413,0.536859,True,0.008846,1
2214,1774270183.615764,1774270367.557569,1072,419,183.932260,1.360523,0.436774,True,0.009545,1
925,1774268399.473297,1774268423.693196,442,78,24.219337,0.621313,0.306468,True,0.000563,1
1265,1774268818.593781,1774268852.446725,375,67,33.852115,1.369737,0.492157,True,0.000829,1
1449,1774269075.147645,1774269255.999617,1089,412,180.844159,1.362151,0.436696,True,0.007812,1
756,1774268182.555962,1774268216.577856,395,83,34.011187,1.131159,0.400976,True,0.010708,1
2045,1774269967.436956,1774270151.110262,1031,403,183.668557,2.267373,0.451247,True,0.004749,1
2215,1774270184.507883,1774270358.757618,1020,394,174.249197,1.771183,0.438875,True,0.000537,1
926,1774268402.981145,1774268561.008551,1009,399,158.018352,1.290083,0.393790,True,0.009054,1
1266,1774268818.948939,1774269018.971386,981,401,200.018626,2.044972,0.494934,True,0.003820,1
1450,1774269075.984135,1774269111.326491,405,89,35.337703,1.138650,0.388626,True,0.004653,1
757,1774268183.434973,1774268292.625890,1160,392,109.185586,2.216719,0.273578,True,0.005330,1
2046,1774269969.307626,1774270151.019191,1089,402,181.705745,1.728178,0.448822,True,0.005820,1
2216,1774270184.955997,1774270219.948866,26,150,34.990238,0.261730,0.233077,True,0.002631,1
927,1774268404.585215,1774268437.468242,375,94,32.873790,0.700613,0.345948,True,0.009237,1
1267,1774268822.899621,1774268841.619292,373,56,18.719049,0.873143,0.324471,True,0.000623,1
1451,1774269076.629962,1774269244.496401,1097,393,167.862676,1.571411,0.424212,True,0.003762,1
758,1774268184.456994,1774268302.503091,1019,413,118.045563,3.108725,0.278973,True,0.000534,1
2047,1774269975.243646,1774270106.405637,1135,390,131.156302,2.111129,0.331736,True,0.005689,1
2217,1774270185.141323,1774270352.373703,1045,378,167.227612,1.964408,0.438364,True,0.004769,1
928,1774268406.279409,1774268520.051292,1009,399,113.770072,2.047286,0.280711,True,0.001811,1
1268,1774268823.963379,1774269028.490276,1015,414,204.518147,1.369947,0.491884,True,0.008751,1
1452,1774269078.848141,1774269212.764589,1168,436,133.912175,2.268506,0.302629,True,0.004273,1
759,1774268187.831247,1774268253.202104,181,172,65.360242,0.476106,0.379439,True,0.010614,1
2048,1774269975.519669,1774270028.062269,391,87,52.534865,0.689615,0.602852,True,0.007735,1
2218,1774270186.601030,1774270379.442961,1116,446,192.841352,1.826206,0.429248,True,0.000579,1
929,1774268406.737024,1774268470.194108,1313,162,63.450423,5.452231,0.360237,True,0.006662,1
1269,1774268825.266008,1774269018.136321,1082,385,192.859493,1.455963,0.498447,True,0.010820,1
1453,1774269080.679947,1774269087.362934,333,18,6.676206,0.676404,0.352929,True,0.006782,1
760,1774268188.620072,1774268199.009714,91,24,10.383829,0.284143,0.439117,True,0.005812,1
2049,1774269976.191414,1774270110.196938,974,406,134.004968,2.980200,0.323518,True,0.000556,1
2219,1774270187.870460,1774270367.782689,1084,418,179.911659,1.820290,0.427078,True,0.000571,1
930,1774268407.085605,1774268525.983207,1133,432,118.889897,3.271121,0.268257,True,0.007705,1
1270,1774268825.888027,1774269026.014648,1140,401,200.122317,2.176265,0.494865,True,0.004305,1
1454,1774269081.442689,1774269261.015021,1053,415,179.565867,1.423425,0.430296,True,0.006465,1
761,1774268189.099002,1774268238.882818,409,125,49.773145,0.525099,0.397162,True,0.010671,1
2050,1774269977.024177,1774270158.033422,1013,396,181.008674,1.371698,0.454777,True,0.000572,1
2220,1774270187.893069,1774270272.188129,1338,195,84.286063,2.537796,0.421383,True,0.008998,1
931,1774268408.231086,1774268434.932507,385,77,26.700730,0.596988,0.343470,True,0.000691,1
1271,1774268827.641392,1774269087.992908,1015,572,260.340541,1.575043,0.453180,True,0.010975,1
1455,1774269082.897637,1774269120.703156,396,107,37.804831,0.670956,0.350320,True,0.000689,1
762,1774268189.220000,1774268211.041060,383,58,21.818488,0.853270,0.367811,True,0.002572,1
2051,1774269978.996460,1774270064.917919,1316,150,85.920830,1.546321,0.566272,True,0.000628,1
2221,1774270188.399769,1774270410.171407,1137,509,221.768358,2.481020,0.431668,True,0.003280,1
932,1774268408.749650,1774268574.870708,1296,405,166.115291,1.682670,0.407011,True,0.005767,1
1272,1774268827.770126,1774268974.206248,991,414,146.430394,1.926737,0.349888,True,0.005728,1
1456,1774269089.312375,1774269283.288677,986,448,193.971571,1.056065,0.431578,True,0.004731,1
763,1774268189.636557,1774268287.253374,1363,363,97.611173,3.094992,0.261094,True,0.005644,1
2052,1774269979.652086,1774270175.196964,1084,429,195.542207,2.182850,0.451774,True,0.002671,1
2222,1774270190.582640,1774270308.615286,1130,468,118.032021,2.090307,0.248269,True,0.000625,1
933,1774268410.718733,1774268528.005148,1199,440,117.283668,5.331482,0.255016,True,0.002747,1
1273,1774268830.937307,1774268978.045763,1227,420,147.097747,2.269597,0.345652,True,0.010709,1
1457,1774269090.394120,1774269169.659752,1315,198,79.254668,1.565292,0.394362,True,0.010964,1
764,1774268189.675299,1774268396.635606,1034,550,206.951627,1.297898,0.374597,True,0.008680,1
2053,1774269980.079865,1774270107.587708,1162,390,127.504172,2.194880,0.322132,True,0.003671,1
2223,1774270191.608220,1774270220.354081,387,82,28.745298,0.716522,0.346034,True,0.000564,1
934,1774268410.787658,1774268473.713395,1321,180,62.919660,3.775011,0.330417,True,0.006077,1
1274,1774268832.552174,1774269039.996815,1024,429,207.435702,1.140750,0.481998,True,0.008939,1
1458,1774269090.862424,1774269120.747235,407,83,29.877180,1.662220,0.344085,True,0.007631,1
765,1774268189.720351,1774268238.110525,200,174,48.385612,0.785024,0.275148,True,0.004563,1
2054,1774269981.294086,1774270044.057541,1061,117,62.760688,1.771204,0.525771,True,0.002766,1
2224,1774270193.225156,1774270296.493012,1087,402,103.265119,2.001423,0.252528,True,0.002737,1
935,1774268414.564541,1774268446.984293,437,92,32.419163,0.555998,0.350145,True,0.000590,1
1275,1774268833.159484,1774269039.581668,1149,423,206.419106,1.925545,0.484582,True,0.003079,1
1459,1774269091.543596,1774269264.417255,1032,398,172.871011,1.821455,0.430855,True,0.002648,1
766,1774268193.508379,1774268337.684449,998,373,144.169379,1.107895,0.384574,True,0.006691,1
2055,1774269981.442860,1774270118.291373,1046,427,136.841734,2.896314,0.314426,True,0.006779,1
2225,1774270197.355083,1774270369.215499,1075,395,171.849681,1.208505,0.433099,True,0.010734,1
936,1774268414.811437,1774268442.843815,440,84,28.021950,0.905378,0.326706,True,0.010428,1
1276,1774268836.039052,1774268985.826237,1063,428,149.783406,2.003975,0.346088,True,0.003780,1
1460,1774269092.197241,1774269216.852319,1064,396,124.649439,1.994935,0.310518,True,0.005639,1
767,1774268194.255087,1774268253.572530,203,217,59.306794,0.581511,0.271876,True,0.010649,1
2056,1774269984.467547,1774270139.120408,1183,501,154.646144,2.307711,0.304677,True,0.006716,1
2226,1774270197.901445,1774270369.484641,1131,396,171.579436,1.903690,0.429559,True,0.003759,1
937,1774268420.899443,1774268448.664605,381,67,27.757452,0.833636,0.407937,True,0.007711,1
1277,1774268836.190183,1774269080.664444,1059,525,244.466591,1.201405,0.464247,True,0.007670,1
1461,1774269092.833683,1774269284.919952,1044,450,192.085590,1.895622,0.423586,True,0.000679,1
768,1774268195.872120,1774268299.579729,1317,268,103.701977,1.529533,0.382668,True,0.005632,1
2057,1774269984.905873,1774270102.805678,1182,372,117.899187,4.133499,0.306646,True,0.000618,1
2227,1774270202.722331,1774270267.751211,1353,144,65.025190,1.566170,0.443769,True,0.003690,1
938,1774268421.539245,1774268475.539889,420,103,53.994892,0.716371,0.522338,True,0.005753,1
1278,1774268836.785165,1774269053.637127,1085,442,216.847141,1.805923,0.487622,True,0.004821,1
1462,1774269093.284638,1774269218.813468,1214,406,125.522067,3.052420,0.302394,True,0.006764,1
769,1774268196.130373,1774268350.307104,1001,399,154.174096,2.409446,0.381318,True,0.002636,1
2058,1774269985.364710,1774270162.415264,1167,398,177.048831,1.287965,0.442723,True,0.001723,1
2228,1774270203.524515,1774270272.363763,1484,159,68.838659,2.456640,0.420139,True,0.000589,1
939,1774268423.263618,1774268539.800991,1060,449,116.534694,1.935101,0.255803,True,0.002678,1
1279,1774268837.230376,1774269053.178535,1023,446,215.942245,1.844780,0.481118,True,0.005915,1
1463,1774269095.167422,1774269267.262180,1033,406,172.091058,1.154938,0.422064,True,0.003701,1
770,1774268196.852133,1774268261.248347,167,168,64.389549,1.837198,0.374565,True,0.006665,1
2059,1774269985.522675,1774270032.763687,381,76,47.233333,1.400568,0.611104,True,0.007679,1
2229,1774270208.469058,1774270372.688610,1183,384,164.212862,1.509308,0.424813,True,0.006690,1
940,1774268424.711430,1774268584.351389,1199,373,159.636234,1.590324,0.424855,True,0.003725,1
1280,1774268840.322655,1774268873.742056,1282,66,33.418801,1.427948,0.492167,True,0.000600,1
1464,1774269095.290633,1774269142.015935,42,154,46.721615,3.101613,0.285098,True,0.003687,1
771,1774268197.617701,1774268310.801794,1093,429,113.181364,2.165499,0.259383,True,0.002730,1
2060,1774269986.362031,1774270168.229399,1198,405,181.856568,1.551755,0.446299,True,0.010801,1
2230,1774270209.124353,1774270273.110713,1318,148,63.977676,2.390164,0.418963,True,0.008685,1
941,1774268424.843983,1774268479.705332,390,99,54.855653,0.500433,0.554645,True,0.005696,1
1281,1774268842.487097,1774268885.371036,421,77,42.883362,0.688889,0.555190,True,0.000577,1
1465,1774269095.734807,1774269217.897879,1025,401,122.156327,2.575060,0.298953,True,0.006746,1
772,1774268198.192132,1774268210.994728,373,27,12.802003,1.083701,0.450704,True,0.000593,1
2061,1774269986.471530,1774270163.873611,1006,397,177.398359,2.386995,0.441948,True,0.003722,1
2231,1774270215.625275,1774270244.755483,1907,90,29.119556,3.124852,0.292075,True,0.010652,1
942,1774268427.645503,1774268493.700879,203,217,66.054781,0.465365,0.303655,True,0.000594,1
1282,1774268843.292015,1774269073.713475,1144,498,230.413766,1.341112,0.460911,True,0.007694,1
1466,1774269099.338436,1774269117.085971,1019,52,17.742860,1.953443,0.309596,True,0.004675,1
773,1774268200.216411,1774268251.836133,209,194,51.615243,0.481652,0.264941,True,0.004480,1
2062,1774269988.020278,1774270159.751991,1026,385,171.727926,2.033462,0.441913,True,0.003788,1
2232,1774270218.048998,1774270255.502921,401,82,37.448588,0.569503,0.455297,True,0.005334,1
943,1774268428.169974,1774268695.990749,999,575,267.820192,1.341009,0.464249,True,0.000583,1
1283,1774268843.370523,1774268867.603704,373,72,24.230550,0.782544,0.330254,True,0.002631,1
1467,1774269099.680057,1774269143.269401,450,107,43.583658,0.558516,0.405898,True,0.005686,1
774,1774268201.520639,1774268241.487164,1314,161,39.955777,2.396882,0.234743,True,0.010748,1
2063,1774269988.244809,1774270174.568152,1022,413,186.319772,2.484165,0.446203,True,0.003572,1
2233,1774270220.664176,1774270267.176172,1961,95,46.503281,2.150979,0.471833,True,0.008715,1
944,1774268429.573154,1774268547.941880,1231,463,118.360937,2.293115,0.251229,True,0.007789,1
1284,1774268843.604045,1774268852.006908,324,18,8.395717,1.602770,0.399585,True,0.007146,1
1468,1774269100.695803,1774269180.199983,181,263,79.493214,1.005372,0.299572,True,0.010966,1
775,1774268201.688096,1774268210.949429,91,16,9.252666,0.501686,0.583399,True,0.008666,1
2064,1774269988.891400,1774270024.031518,900,102,35.133409,1.935925,0.328688,True,0.006709,1
2234,1774270220.767577,1774270264.780302,403,135,44.002979,1.554887,0.316777,True,0.009746,1
945,1774268431.720539,1774268614.900391,1165,409,183.171120,1.509615,0.445249,True,0.008733,1
1285,1774268844.003771,1774269044.858287,1072,415,200.850836,2.128070,0.480007,True,0.003680,1
1469,1774269101.122122,1774269287.923239,1025,441,186.795441,1.274589,0.421638,True,0.005676,1
776,1774268203.148478,1774268371.950016,1072,446,168.797838,1.294997,0.376411,True,0.003700,1
2065,1774269993.362450,1774270045.333657,911,97,51.960423,1.153085,0.529243,True,0.010785,1
2235,1774270220.774763,1774270254.402956,389,100,33.615222,1.544584,0.323946,True,0.012970,1
946,1774268432.448294,1774268605.631455,987,393,173.182517,2.306131,0.435909,True,0.000644,1
1286,1774268844.691180,1774269020.474133,1136,500,175.782354,2.165246,0.347930,True,0.000599,1
1470,1774269102.537921,1774269220.507788,1201,401,117.969290,2.187887,0.289454,True,0.000576,1
777,1774268204.714270,1774268231.160718,370,69,26.442736,0.669118,0.379024,True,0.003711,1
2066,1774269994.583318,1774270173.713165,1096,398,179.123076,1.218313,0.448123,True,0.006771,1
2236,1774270220.835735,1774270268.767930,399,101,47.928527,2.767421,0.451611,True,0.003668,1
947,1774268432.662580,1774268471.239482,414,101,38.574190,0.843613,0.377306,True,0.002712,1
1287,1774268846.909307,1774269044.031907,1141,411,197.117872,1.489641,0.477142,True,0.004728,1
1471,1774269106.577480,1774269276.005999,1021,398,169.421750,1.208096,0.423712,True,0.006769,1
778,1774268204.749981,1774268240.598250,379,88,35.837481,1.591279,0.393635,True,0.010788,1
2067,1774269995.271869,1774270043.141934,389,87,47.864338,1.164056,0.543027,True,0.005727,1
2237,1774270221.090175,1774270391.164076,953,375,170.068200,2.922154,0.446915,True,0.005702,1
948,1774268433.223320,1774268486.791631,396,102,53.567502,1.531101,0.515212,True,0.000809,1
1288,1774268849.477630,1774268996.956594,1012,416,147.478340,2.017891,0.350507,True,0.000623,1
1472,1774269109.445657,1774269156.660336,417,117,47.207983,0.524526,0.402444,True,0.006696,1
779,1774268204.895683,1774268256.734026,1129,136,51.828868,1.374597,0.373735,True,0.009475,1
2068,1774269996.327407,1774270181.790481,1102,420,185.457412,1.310848,0.439491,True,0.005663,1
2238,1774270221.852837,1774270412.217848,1066,431,190.362112,2.919764,0.435912,True,0.002899,1
949,1774268433.479655,1774268477.666655,1865,122,44.186414,3.404704,0.337039,True,0.000586,1
1289,1774268850.973637,1774268875.460324,405,90,24.486106,1.470152,0.258606,True,0.000581,1
1473,1774269110.856678,1774269228.088357,1182,396,117.222987,2.152404,0.291318,True,0.008693,1
780,1774268205.214277,1774268227.332556,372,90,22.107626,0.984103,0.237343,True,0.010653,1
2069,1774269997.308325,1774270119.191270,1010,391,121.876227,1.929080,0.307557,True,0.006718,1
2239,1774270222.147152,1774270234.578141,298,18,12.428317,1.457015,0.645371,True,0.002671,1
950,1774268433.496224,1774268481.144060,390,83,47.643163,1.804850,0.559004,True,0.004674,1
1290,1774268853.172597,1774269047.142707,1035,398,193.963375,1.258097,0.485404,True,0.006735,1
1474,1774269112.900422,1774269261.638777,1027,569,148.733680,2.007597,0.258321,True,0.004674,1
781,1774268206.192519,1774268343.391490,1297,368,137.190180,1.581765,0.369505,True,0.008790,1
2070,1774269997.927495,1774270173.894457,1148,398,175.962065,1.254960,0.440068,True,0.004898,1
2240,1774270222.271733,1774270322.993307,1146,413,100.721018,2.268522,0.238962,True,0.000556,1
951,1774268433.509671,1774268625.218451,1083,429,191.706972,2.831483,0.441298,True,0.001808,1
1291,1774268854.411127,1774269061.970390,1057,439,207.556479,1.252395,0.471014,True,0.002784,1
1475,1774269114.154259,1774269175.325397,1351,140,61.168419,1.670694,0.428041,True,0.002719,1
782,1774268206.243370,1774268365.721633,1012,420,159.467346,1.685656,0.376567,True,0.010917,1
2071,1774269998.302106,1774270175.285890,1024,396,176.983200,2.043166,0.442886,True,0.000584,1
2241,1774270224.140732,1774270477.768886,1178,607,253.627516,2.075301,0.415103,True,0.000638,1
952,1774268433.901649,1774268469.491565,373,69,35.582153,1.498159,0.501235,True,0.007763,1
1292,1774268855.011972,1774268909.333197,391,90,54.313238,1.259586,0.596108,True,0.007987,1
1476,1774269118.041679,1774269142.397305,409,95,24.344962,0.917253,0.249231,True,0.010665,1
783,1774268206.253746,1774268226.081812,377,53,19.817257,1.812054,0.346254,True,0.010809,1
2072,1774269999.102700,1774270174.073947,1023,394,174.970632,1.926481,0.440316,True,0.000616,1
2242,1774270225.612300,1774270396.934199,1066,388,171.311124,1.855201,0.437871,True,0.010776,1
953,1774268439.010543,1774268471.499943,401,89,32.479899,0.930791,0.358513,True,0.009501,1
1293,1774268855.282524,1774269038.794678,1094,376,183.509493,1.857260,0.484406,True,0.002662,1
1477,1774269121.698002,1774269323.895729,1009,411,202.188513,1.223000,0.490160,True,0.009214,2
784,1774268207.389670,1774268364.017978,1191,411,156.624585,2.011399,0.377105,True,0.003723,1
2073,1774269999.195019,1774270002.700427,242,14,3.494783,0.670925,0.217220,True,0.010624,1
2243,1774270225.612441,1774270391.612289,1248,378,165.978199,2.309703,0.434134,True,0.021649,1
954,1774268439.483059,1774268521.276683,203,183,81.790875,0.397690,0.447215,True,0.002750,1
1294,1774268855.854903,1774269014.216299,1050,438,158.356106,1.998325,0.357798,True,0.005290,1
1478,1774269122.576979,1774269287.611459,1109,377,165.033067,1.593694,0.434679,True,0.001413,1
785,1774268212.267854,1774268249.578433,393,101,37.304915,0.611984,0.366929,True,0.005665,1
2074,1774269999.600262,1774270173.894608,1144,396,174.287506,2.730270,0.434322,True,0.006839,1
2244,1774270225.766881,1774270255.546523,387,68,29.779166,2.318298,0.409864,True,0.000477,1
955,1774268441.048881,1774268535.650185,1233,377,94.592244,2.432678,0.245105,True,0.009060,1
1295,1774268856.450390,1774269126.849689,1148,614,270.394446,2.087744,0.437694,True,0.004852,1
1479,1774269125.031344,1774269158.085810,1155,75,33.049756,1.320073,0.428779,True,0.004711,1
786,1774268213.330637,1774268367.975143,1208,413,154.634253,1.383849,0.371967,True,0.010253,1
2075,1774270002.007803,1774270197.609121,995,449,195.592407,1.525243,0.433186,True,0.008910,1
2245,1774270226.584444,1774270321.628177,1027,392,95.032969,2.012360,0.237904,True,0.010765,1
956,1774268443.442513,1774268638.577804,1133,429,195.129656,1.372970,0.452703,True,0.005635,1
1296,1774268858.320329,1774268986.096686,1142,361,127.765641,2.091865,0.349094,True,0.010715,1
1480,1774269127.395141,1774269292.674517,1066,379,165.276672,1.307625,0.433781,True,0.002703,1
787,1774268215.432842,1774268230.533755,379,62,15.097188,0.876172,0.233131,True,0.003725,1
2076,1774270002.370209,1774270181.969008,1082,411,179.594112,1.436919,0.434530,True,0.004687,1
2246,1774270227.146724,1774270272.847992,858,107,45.693532,1.873118,0.413400,True,0.007736,1
957,1774268444.438179,1774268539.977631,1199,396,95.528733,2.194049,0.236290,True,0.010720,1
1297,1774268860.097492,1774269063.072704,1106,434,202.967506,1.368965,0.465586,True,0.007707,1
1481,1774269127.606965,1774269157.475355,431,94,29.859692,0.962667,0.310721,True,0.008699,1
788,1774268219.657581,1774268244.936460,394,70,25.268186,0.746034,0.355394,True,0.010694,1
2077,1774270002.870617,1774270041.489112,1020,74,38.611835,2.135345,0.499678,True,0.006660,1
2247,1774270228.131189,1774270325.284019,1052,413,97.143654,2.542178,0.229615,True,0.009176,1
958,1774268444.959351,1774268495.500704,1226,95,50.540808,1.354565,0.523258,True,0.000545,1
1298,1774268862.157616,1774269058.006514,1226,407,195.846173,1.536041,0.478596,True,0.002725,1
1482,1774269127.975313,1774269321.375767,1201,391,193.399878,2.173481,0.490324,True,0.000576,2
789,1774268219.890548,1774268256.688156,425,96,36.791947,0.823965,0.378610,True,0.005661,1
2078,1774270004.008800,1774270176.969389,989,392,172.949824,2.178362,0.436756,True,0.010765,1
2248,1774270229.108852,1774270408.374716,1034,417,179.265257,1.361884,0.427652,True,0.000606,1
959,1774268445.489080,1774268540.038058,1031,397,94.545300,3.104163,0.230912,True,0.003678,1
1299,1774268862.167941,1774269108.652342,958,554,246.481771,1.667379,0.442702,True,0.002630,1
1483,1774269128.061377,1774269167.313408,387,95,39.245377,1.190300,0.404841,True,0.006654,1
790,1774268220.702318,1774268228.047537,313,18,7.337500,0.513599,0.401406,True,0.007718,1
2079,1774270006.493196,1774270021.020906,1717,28,14.524023,3.176420,0.420282,True,0.003687,1
2249,1774270229.465200,1774270401.766172,1038,394,172.298227,2.379205,0.432364,True,0.002745,1
960,1774268447.107064,1774268533.474587,206,189,86.360176,0.412518,0.457168,True,0.007347,1
1300,1774268862.840990,1774269053.086542,1082,391,190.238823,1.999925,0.482664,True,0.006729,1
1484,1774269128.139276,1774269321.679888,1003,394,193.539950,2.176389,0.486930,True,0.000663,2
791,1774268220.879097,1774268294.556391,134,202,73.672575,0.598286,0.363554,True,0.004719,1
2080,1774270008.070348,1774270121.155597,1013,373,113.078266,3.634237,0.294204,True,0.006983,1
2250,1774270230.943239,1774270235.368635,120,12,4.424735,1.287352,0.285217,True,0.000661,1
961,1774268447.238459,1774268689.447334,980,516,242.208333,1.474271,0.467445,True,0.000541,1
1301,1774268862.868011,1774268870.136695,245,14,7.268198,2.149033,0.393782,True,0.000487,1
1485,1774269130.177520,1774269244.161072,1033,396,113.977838,2.015263,0.283450,True,0.005714,1
792,1774268221.248675,1774268376.292637,181,418,155.038203,0.360861,0.370929,True,0.005758,1
2081,1774270008.653710,1774270194.339658,1051,427,185.679140,1.344095,0.432711,True,0.006808,1
2251,1774270231.170039,1774270279.360043,435,117,48.179270,1.375712,0.403479,True,0.010733,1
962,1774268447.294003,1774268529.999246,167,179,82.697609,0.394284,0.462378,True,0.007634,1
1302,1774268865.503763,1774269052.209630,1018,390,186.697801,1.326534,0.476533,True,0.008067,1
1486,1774269131.332383,1774269242.545579,1018,388,111.212661,4.636306,0.275391,True,0.000536,1
793,1774268224.763966,1774268376.515626,1027,405,151.742938,1.127000,0.372812,True,0.008723,1
2082,1774270009.971429,1774270043.279096,382,64,33.296896,0.612321,0.518803,True,0.010771,1
2252,1774270237.750321,1774270413.695919,1190,403,175.939646,1.272004,0.434497,True,0.005952,1
963,1774268448.020203,1774268509.598800,405,128,61.573891,1.233059,0.475125,True,0.004706,1
1303,1774268867.147400,1774268915.622219,395,85,48.469140,0.642676,0.569363,True,0.005679,1
1487,1774269131.843188,1774269151.634976,1436,66,19.790069,2.938359,0.259257,True,0.001720,1
794,1774268225.629115,1774268387.323739,1035,431,161.688869,1.500483,0.372531,True,0.005755,1
2083,1774270011.160994,1774270066.916709,1313,204,55.748053,2.901032,0.260330,True,0.007662,1
2253,1774270238.295972,1774270268.546518,955,68,30.244840,1.741002,0.425430,True,0.005705,1
964,1774268448.083411,1774268484.920946,376,62,36.834920,1.272060,0.582998,True,0.002615,1
1304,1774268869.111102,1774268934.239289,435,114,65.124026,0.571662,0.571260,True,0.004162,1
1488,1774269132.878195,1774269326.175681,983,373,193.292797,1.255180,0.516230,True,0.004689,2
795,1774268226.274099,1774268261.474205,391,93,35.199590,1.591592,0.365304,True,0.000515,1
2084,1774270013.945125,1774270064.871212,381,88,50.922293,0.673703,0.577570,True,0.003794,1
2254,1774270238.570653,1774270347.213797,1248,423,108.632418,2.478878,0.251549,True,0.010726,1
965,1774268448.630084,1774268525.638891,1313,169,77.005140,1.846570,0.447372,True,0.003667,1
1305,1774268870.625944,1774268900.556971,379,81,29.923905,0.968145,0.361947,True,0.007122,1
1489,1774269134.860288,1774269263.287920,1312,283,128.423884,1.625822,0.449639,True,0.003749,1
796,1774268227.339669,1774268257.145016,395,118,29.803652,0.919766,0.246871,True,0.001696,1
2085,1774270014.104714,1774270247.681688,1051,538,233.566276,1.497393,0.432158,True,0.010698,1
2255,1774270240.927266,1774270280.675328,406,96,39.740344,0.537693,0.412659,True,0.007717,1
966,1774268448.649485,1774268507.487710,1320,239,58.832624,2.404186,0.237094,True,0.005601,1
1306,1774268872.477578,1774269066.506948,1099,410,194.028726,1.166092,0.471547,True,0.000643,1
1490,1774269137.391090,1774269344.361523,1082,406,206.968850,1.422292,0.507522,True,0.001582,2
797,1774268231.574471,1774268252.709477,371,58,21.129326,0.602642,0.360117,True,0.005680,1
2086,1774270014.663450,1774270029.959723,243,14,15.291476,1.419915,1.067043,True,0.004796,1
2256,1774270241.094385,1774270416.949709,1093,411,175.848218,1.620948,0.424945,True,0.007107,1
967,1774268449.143339,1774268478.921849,1052,101,29.775813,3.863668,0.259121,True,0.002696,1
1307,1774268873.498019,1774268917.004594,1339,72,43.500556,1.710592,0.588591,True,0.006020,1
1491,1774269137.932769,1774269360.652440,998,447,222.708963,3.393230,0.491739,True,0.010709,2
798,1774268233.627841,1774268381.488891,1098,396,147.854347,1.187343,0.371309,True,0.006703,1
2087,1774270014.947632,1774270059.986248,1337,79,45.031990,2.227340,0.548778,True,0.006625,1
2257,1774270242.196269,1774270276.051902,434,82,33.848941,1.262436,0.402303,True,0.006692,1
968,1774268451.226529,1774268808.572647,1060,658,357.338417,1.225640,0.542029,True,0.007701,2
1308,1774268873.833047,1774268989.507455,1317,235,115.665703,2.795717,0.482350,True,0.008706,1
1492,1774269138.283939,1774269212.863502,1316,168,74.571906,3.045073,0.428304,True,0.007657,1
799,1774268234.174969,1774268381.841627,1296,398,147.661014,2.073257,0.366720,True,0.005643,1
2088,1774270016.057925,1774270092.996977,401,164,76.932592,1.807258,0.460892,True,0.006460,1
2258,1774270246.028375,1774270277.524974,368,72,31.489863,0.592366,0.435176,True,0.006736,1
969,1774268451.600625,1774268630.997198,1049,395,179.391759,2.104306,0.449968,True,0.004814,1
1408,1774269001.229468,1774269384.662645,1180,880,383.432477,2.145401,0.433774,True,0.000699,2
1493,1774269140.565709,1774269243.683899,1314,231,103.117543,2.294406,0.438361,True,0.000647,1
800,1774268234.697809,1774268294.600859,124,159,59.897243,1.650155,0.368652,True,0.005807,1
2089,1774270017.484808,1774270022.358047,120,12,4.872641,0.419651,0.404817,True,0.000599,1
2259,1774270247.458361,1774270344.685989,988,375,97.221180,1.932677,0.254782,True,0.006448,1
970,1774268452.432200,1774268503.167235,408,104,50.731215,1.413822,0.478810,True,0.003820,1
1409,1774269002.920540,1774269159.949764,1083,407,157.028441,1.860409,0.382187,True,0.000783,1
1494,1774269144.176649,1774269259.841869,1046,438,115.659387,2.027635,0.260027,True,0.005833,1
801,1774268235.650532,1774268275.721334,394,104,40.066166,2.151055,0.368108,True,0.004637,1
2090,1774270017.593008,1774270191.427607,1130,398,173.828828,2.438173,0.431714,True,0.005772,1
2260,1774270248.130301,1774270297.590067,418,95,49.459136,0.586840,0.519918,True,0.000630,1
971,1774268453.321777,1774268462.163558,91,16,8.839057,0.887104,0.530130,True,0.002724,1
1410,1774269003.556799,1774269058.236016,1785,137,54.678410,2.444943,0.384070,True,0.000807,1
1495,1774269144.320781,1774269330.053455,1023,388,185.726001,1.137647,0.476972,True,0.006674,2
802,1774268236.146106,1774268381.885442,1230,399,145.738866,1.386618,0.362694,True,0.000470,1
2091,1774270017.596207,1774270187.248934,1134,393,169.639663,1.517150,0.428884,True,0.013064,1
2261,1774270248.378553,1774270279.755069,1531,70,31.366361,2.129281,0.423726,True,0.010155,1
972,1774268454.246516,1774268552.608615,1313,234,98.355004,1.653050,0.415030,True,0.007094,1
1411,1774269003.860488,1774269117.973449,1053,394,114.106196,1.969294,0.285336,True,0.006765,1
1496,1774269144.878685,1774269437.180597,1227,652,292.301292,2.016696,0.445906,True,0.000619,2
803,1774268238.604499,1774268263.889793,380,74,25.284753,0.729018,0.336380,True,0.000541,1
2092,1774270017.723606,1774270132.407444,1053,385,114.675173,2.071308,0.293239,True,0.008664,1
2262,1774270248.677115,1774270351.233063,1135,410,102.550214,2.821832,0.243835,True,0.005734,1
973,1774268455.753309,1774268538.190930,206,186,82.437022,0.590467,0.442414,True,0.000599,1
1412,1774269004.195689,1774269013.942726,243,14,9.738376,5.392940,0.334264,True,0.008661,1
1497,1774269145.438477,1774269251.628299,1019,394,106.181079,2.648508,0.263442,True,0.008744,1
804,1774268239.699335,1774268244.224124,91,16,4.519578,0.490711,0.268591,True,0.005211,1
2093,1774270018.438107,1774270191.561223,1015,393,173.112445,2.201380,0.435998,True,0.010671,1
2263,1774270252.053445,1774270273.526241,1142,79,21.464605,2.147498,0.247655,True,0.008191,1
974,1774268455.917556,1774268525.457654,128,159,69.539511,0.525140,0.436800,True,0.000587,1
1413,1774269004.664217,1774269110.123023,1028,374,105.452070,3.040828,0.274561,True,0.006737,1
1498,1774269146.664854,1774269344.343798,936,432,197.672275,1.311917,0.455592,True,0.006670,2
805,1774268243.756010,1774268351.892171,1298,402,108.129412,2.460640,0.263513,True,0.006749,1
2094,1774270018.892169,1774270061.349578,25,165,42.454720,1.123400,0.252020,True,0.002688,1
2264,1774270252.949243,1774270416.549434,1189,378,163.595455,1.360779,0.430331,True,0.004736,1
975,1774268458.621365,1774268626.227228,1150,375,167.600209,1.259288,0.444762,True,0.005654,1
1414,1774269004.854554,1774269121.521107,1101,411,116.665954,4.742218,0.272985,True,0.000600,1
1499,1774269148.968229,1774269203.587389,46,138,54.612500,0.450015,0.395347,True,0.006660,1
806,1774268244.874977,1774268352.445041,1101,405,107.563226,3.374890,0.257892,True,0.006838,1
2095,1774270019.520123,1774270213.814526,1168,453,194.287606,2.468942,0.424378,True,0.006797,1
2265,1774270256.982220,1774270309.024607,394,97,52.033531,0.509392,0.536710,True,0.008856,1
976,1774268458.675107,1774268649.194634,1196,425,190.515611,2.154508,0.444248,True,0.003916,1
1415,1774269006.794860,1774269400.335932,1179,921,393.534320,1.450803,0.426178,True,0.006752,2
1500,1774269152.833275,1774269182.019153,404,83,29.185307,0.900776,0.344933,True,0.000571,1
807,1774268246.004916,1774268432.022773,998,518,186.008081,1.348904,0.357174,True,0.009776,1
2096,1774270020.862704,1774270194.118209,1023,396,173.251777,2.347904,0.432668,True,0.003728,1
2266,1774270257.391542,1774270371.495862,1147,498,114.101431,2.099221,0.225357,True,0.002890,1
977,1774268459.214795,1774268507.733005,406,102,48.511524,1.749460,0.462991,True,0.006686,1
1416,1774269010.273415,1774269118.227649,1005,394,107.948520,1.956237,0.269700,True,0.005714,1
1501,1774269153.286195,1774269256.401536,1059,388,103.114805,2.509526,0.259962,True,0.000535,1
808,1774268246.920112,1774268265.944091,378,52,19.018234,1.843976,0.336750,True,0.005745,1
2097,1774270022.740438,1774270225.040487,964,476,202.299423,1.859046,0.421980,True,0.000626,1
2267,1774270258.057234,1774270444.741010,985,427,186.680082,1.159382,0.435495,True,0.003695,1
978,1774268459.245881,1774268483.468804,388,92,24.216316,0.844870,0.256829,True,0.006607,1
1417,1774269011.963477,1774269167.179940,1151,404,155.208679,1.510045,0.381386,True,0.007784,1
1502,1774269157.282780,1774269200.876183,12,139,43.587744,0.311491,0.313596,True,0.005659,1
809,1774268246.972247,1774268395.358082,1033,394,148.381203,1.588766,0.373518,True,0.004632,1
2098,1774270022.977976,1774270068.003071,1360,90,45.017388,2.026167,0.483047,True,0.007707,1
2268,1774270258.679102,1774270312.549199,1047,99,53.865284,1.711172,0.532185,True,0.004813,1
979,1774268459.623532,1774268548.467275,980,396,88.838034,2.282470,0.219128,True,0.005709,1
1418,1774269013.390459,1774269075.390381,181,167,61.996987,0.528861,0.370290,True,0.002935,1
1503,1774269157.880673,1774269274.920511,1044,471,117.033061,2.057840,0.244628,True,0.006778,1
810,1774268247.636716,1774268269.326923,395,90,21.685502,1.478000,0.227051,True,0.004705,1
2099,1774270023.197325,1774270192.464980,1048,397,169.264007,2.121248,0.422078,True,0.003648,1
2269,1774270258.863888,1774270439.099399,1128,410,180.232752,2.134065,0.435449,True,0.002760,1
980,1774268460.573528,1774268497.288535,173,158,36.712271,1.820371,0.222241,True,0.002735,1
1419,1774269013.914054,1774269158.397021,1149,379,144.478195,1.432316,0.378428,True,0.004771,1
1504,1774269160.358311,1774269257.756693,1134,379,97.393703,2.087283,0.252133,True,0.004678,1
811,1774268253.080725,1774268405.919587,1120,415,152.834151,1.334684,0.365941,True,0.004711,1
2100,1774270024.123482,1774270211.836000,996,441,187.711855,3.286329,0.419149,True,0.000664,1
2270,1774270258.866101,1774270276.014097,647,74,17.136457,1.901443,0.208699,True,0.011539,1
981,1774268460.721183,1774268483.654579,407,91,22.925749,2.191572,0.230380,True,0.007648,1
1420,1774269024.580392,1774269197.860987,1070,428,173.269622,1.326554,0.402677,True,0.010973,1
1505,1774269160.600944,1774269190.402601,379,65,29.793036,0.641037,0.455500,True,0.008621,1
812,1774268253.654676,1774268292.347793,420,104,38.682417,1.267085,0.363256,True,0.010700,1
2101,1774270024.363359,1774270067.679573,890,89,43.309583,1.494843,0.475167,True,0.006631,1
2271,1774270259.781309,1774270429.266739,972,388,169.478793,2.281484,0.432034,True,0.006638,1
982,1774268460.989940,1774268640.446517,963,407,179.452898,1.036120,0.439450,True,0.003679,1
1421,1774269025.118748,1774269056.373373,992,97,31.243917,2.160692,0.302950,True,0.010708,1
1506,1774269160.697472,1774269197.989351,429,115,37.287216,4.340557,0.289006,True,0.004663,1
813,1774268255.220471,1774268400.230614,1138,396,145.004397,1.279821,0.363860,True,0.005746,1
2102,1774270024.378934,1774270199.856975,1135,415,175.476425,2.171691,0.418610,True,0.001616,1
2272,1774270260.441318,1774270267.971762,242,14,7.524780,1.733276,0.445500,True,0.005664,1
983,1774268461.176525,1774268491.664465,1808,56,30.484263,2.778046,0.503749,True,0.003676,1
1422,1774269026.803345,1774269283.515044,1035,616,256.709960,1.173407,0.415507,True,0.001740,1
1507,1774269160.964158,1774269363.710096,1159,397,202.740904,1.591763,0.507952,True,0.005034,2
814,1774268257.739906,1774268280.575590,406,89,22.835119,0.860787,0.249708,True,0.000565,1
2103,1774270024.789338,1774270050.653783,408,100,25.863882,1.022364,0.250924,True,0.000564,1
2273,1774270261.179213,1774270440.782598,1048,412,179.600812,2.082906,0.431917,True,0.002573,1
984,1774268462.993863,1774268492.835967,379,59,29.833317,1.532823,0.487940,True,0.008788,1
1423,1774269029.424658,1774269184.941801,912,395,155.516491,1.129300,0.391846,True,0.000653,1
1508,1774269161.550421,1774269270.259724,1223,444,108.708736,3.258502,0.238037,True,0.000567,1
815,1774268258.383401,1774268318.779924,1314,152,60.390544,1.561979,0.389593,True,0.005979,1
2104,1774270025.045978,1774270194.916069,1266,397,169.869539,2.207769,0.423388,True,0.000551,1
2274,1774270261.845617,1774270433.862922,1062,394,172.016735,1.936327,0.432775,True,0.000570,1
985,1774268463.512844,1774268485.391056,413,96,21.868578,0.879498,0.220938,True,0.009634,1
1424,1774269032.944387,1774269120.480071,1353,234,87.531296,1.671732,0.368496,True,0.004389,1
1509,1774269162.093704,1774269363.962759,1093,432,201.864388,1.777285,0.464239,True,0.004667,2
816,1774268261.447315,1774268379.811025,1057,445,118.357934,1.971769,0.262131,True,0.005776,1
2105,1774270026.917134,1774270049.627891,403,89,22.703995,0.953545,0.247164,True,0.006762,1
2275,1774270262.237395,1774270283.533239,396,97,21.285223,0.855536,0.212809,True,0.010621,1
986,1774268464.139818,1774268661.012775,1146,425,196.869120,1.609265,0.460519,True,0.003837,1
1425,1774269033.296604,1774269069.434582,388,88,36.132289,1.870549,0.393813,True,0.005688,1
1510,1774269163.585610,1774269261.399661,1009,397,97.803308,3.407434,0.238373,True,0.010743,1
817,1774268266.352185,1774268415.903389,1074,403,149.543475,1.389469,0.368542,True,0.007729,1
2106,1774270027.838675,1774270195.579506,1127,398,167.736125,1.429876,0.418907,True,0.004706,1
2276,1774270262.248204,1774270313.131781,431,99,50.872556,1.601241,0.502769,True,0.011021,1
987,1774268466.013098,1774268638.809467,1060,397,172.792529,1.255691,0.433174,True,0.003840,1
1426,1774269034.010736,1774269144.293692,1044,394,110.275286,2.043329,0.275399,True,0.007669,1
1511,1774269164.023763,1774269189.596993,380,58,25.572580,0.713013,0.436133,True,0.000650,1
818,1774268267.321734,1774268423.911206,1133,432,156.585706,2.871823,0.356645,True,0.003766,1
2107,1774270028.279248,1774270066.714097,390,79,38.434275,1.583745,0.472443,True,0.000574,1
2277,1774270264.612792,1774270311.091684,405,92,46.476216,0.556779,0.504609,True,0.002677,1
988,1774268466.099485,1774268512.378317,191,217,46.268325,0.567812,0.211576,True,0.010508,1
1427,1774269034.197677,1774269190.134913,997,393,155.931541,1.792201,0.393213,True,0.005694,1
1512,1774269167.372963,1774269199.398106,1786,67,32.019489,2.143233,0.452671,True,0.005654,1
819,1774268267.444000,1774268428.564292,1110,451,161.116638,2.200592,0.353147,True,0.003654,1
2108,1774270032.905774,1774270196.903980,1084,390,163.987466,1.314020,0.418184,True,0.010740,1
2278,1774270265.353643,1774270430.251480,959,384,164.894939,1.150298,0.427532,True,0.002898,1
989,1774268467.383102,1774268507.148332,394,93,39.762553,0.554101,0.426179,True,0.002677,1
1428,1774269034.420961,1774269237.360642,1109,488,202.932955,2.117245,0.412353,True,0.006725,1
1513,1774269167.776602,1774269375.608059,1102,427,207.824779,2.986816,0.480840,True,0.006679,2
820,1774268267.462666,1774268315.533427,1005,111,48.065123,1.371438,0.424488,True,0.005638,1
2109,1774270035.110182,1774270154.513958,963,399,119.393075,1.922426,0.295152,True,0.010701,1
2279,1774270268.058884,1774270283.472202,387,68,15.404636,0.936343,0.215945,True,0.008682,1
990,1774268467.963994,1774268646.143759,1204,412,178.170863,1.294188,0.430357,True,0.008902,1
1429,1774269034.994547,1774269077.695241,1311,159,42.695955,3.578735,0.247577,True,0.004740,1
1514,1774269169.901356,1774269374.119855,1183,429,204.207813,2.669625,0.470884,True,0.010687,2
821,1774268267.468777,1774268311.350671,853,106,43.871757,1.645105,0.402159,True,0.010137,1
2110,1774270036.718787,1774270092.585108,404,128,55.864552,0.777447,0.433757,True,0.001769,1
2280,1774270268.565017,1774270448.684579,1254,419,180.110842,1.559901,0.427155,True,0.008719,1
991,1774268468.149380,1774268515.053987,197,217,46.896847,0.591220,0.214378,True,0.007760,1
1430,1774269036.801712,1774269276.819033,1025,589,240.006548,1.190643,0.406149,True,0.010773,1
1515,1774269170.497936,1774269263.896931,1086,393,93.393291,1.984139,0.233187,True,0.005705,1
822,1774268269.102214,1774268412.935996,1198,396,143.828007,2.208912,0.358529,True,0.005775,1
2111,1774270037.265388,1774270202.640217,1201,396,165.364106,1.858017,0.413939,True,0.010722,1
2281,1774270269.923794,1774270309.384881,396,75,39.460319,0.718021,0.523545,True,0.000768,1
992,1774268469.051262,1774268635.027453,1207,386,165.971500,1.292029,0.427739,True,0.004691,1
1431,1774269039.490778,1774269063.101152,1232,80,23.604701,2.441405,0.267890,True,0.005672,1
1516,1774269170.797117,1774269354.643040,1038,398,183.842237,1.147833,0.460187,True,0.003686,2
823,1774268269.482808,1774268291.180154,372,61,21.692508,1.891889,0.330010,True,0.004838,1
2112,1774270037.910657,1774270163.711813,1115,418,125.796058,2.084249,0.296671,True,0.005098,1
2282,1774270273.737923,1774270454.599700,1100,424,180.861233,1.381668,0.424302,True,0.000544,1
993,1774268469.605929,1774268531.305665,23,149,61.696027,2.385494,0.400747,True,0.003709,1
1432,1774269039.971015,1774269198.673047,1106,399,158.701465,1.381545,0.395276,True,0.000567,1
1517,1774269172.967818,1774269366.415416,1059,397,193.447057,1.251746,0.485342,True,0.000541,2
824,1774268274.621026,1774268307.467385,381,91,32.842519,0.595855,0.358296,True,0.003840,1
2113,1774270039.926862,1774270207.355871,1025,397,167.422265,1.184164,0.419793,True,0.006744,1
2283,1774270276.291723,1774270451.844204,1028,408,175.551918,1.141382,0.428527,True,0.000563,1
994,1774268469.634609,1774268508.674866,396,95,39.034649,1.300556,0.401427,True,0.005609,1
1433,1774269042.391870,1774269200.690465,1060,396,158.298022,1.356233,0.397321,True,0.000574,1
1518,1774269172.985800,1774269371.094038,1004,419,198.104322,1.706871,0.469850,True,0.003917,2
825,1774268275.603640,1774268418.897752,1112,404,143.283380,1.423148,0.352010,True,0.010732,1
2114,1774270045.103894,1774270096.692508,418,113,51.578898,0.778204,0.453578,True,0.009715,1
2284,1774270278.196756,1774270449.799961,955,394,171.599469,1.112298,0.433810,True,0.003737,1
995,1774268469.976206,1774268660.593753,923,418,190.614833,2.016084,0.452275,True,0.002713,1
1434,1774269042.838690,1774269055.647374,398,46,12.808132,0.879631,0.265078,True,0.000552,1
1519,1774269176.435186,1774269192.051209,371,53,15.606902,0.892807,0.282963,True,0.009122,1
826,1774268276.479497,1774268302.816534,956,75,26.330305,1.906099,0.330057,True,0.006732,1
2115,1774270045.242237,1774270216.876894,984,409,171.628917,1.436327,0.417139,True,0.005741,1
2285,1774270278.937215,1774270358.712074,19,178,79.771120,0.638477,0.447077,True,0.003739,1
996,1774268470.435183,1774268509.777540,396,96,39.337202,1.694577,0.396238,True,0.005156,1
1435,1774269043.110674,1774269062.056109,1786,67,18.940780,3.906553,0.227791,True,0.004654,1
1520,1774269179.705276,1774269244.723917,396,131,65.011904,0.654212,0.495059,True,0.006737,1
827,1774268276.549943,1774268317.927121,431,99,41.368527,1.132745,0.410569,True,0.008651,1
2116,1774270046.199284,1774270212.760942,1150,394,166.555861,1.822371,0.419169,True,0.005797,1
2286,1774270279.924768,1774270314.031705,373,60,34.105303,0.525190,0.569154,True,0.001634,1
997,1774268470.435281,1774268660.498184,923,417,190.046775,1.092079,0.454218,True,0.016128,1
1436,1774269044.017470,1774269048.589063,119,12,4.566745,0.306568,0.387289,True,0.004848,1
1521,1774269181.944726,1774269374.997371,1189,399,193.049925,1.521999,0.481226,True,0.002720,2
828,1774268278.596381,1774268389.509816,957,414,110.904435,1.903936,0.263924,True,0.009000,1
2117,1774270047.539304,1774270207.489264,1011,384,159.943226,1.648589,0.413302,True,0.006734,1
2287,1774270280.645847,1774270450.912256,1023,396,170.257686,1.302231,0.427735,True,0.008723,1
998,1774268470.561001,1774268661.060114,1262,415,190.494438,2.645829,0.453741,True,0.004674,1
1437,1774269044.156118,1774269049.512153,247,14,5.347264,0.643916,0.361796,True,0.008772,1
1522,1774269183.343414,1774269375.537590,1083,403,192.185464,1.407390,0.474572,True,0.008712,2
829,1774268279.168204,1774268305.224063,400,85,26.053181,2.202875,0.283932,True,0.002677,1
2118,1774270050.028483,1774270210.032926,1149,383,159.995754,1.439856,0.415068,True,0.008690,1
2288,1774270280.655442,1774270373.039209,1105,407,92.373556,2.070265,0.222422,True,0.010211,1
999,1774268470.711163,1774268668.356190,1102,427,197.635902,3.157933,0.456521,True,0.009125,1
1438,1774269045.073680,1774269197.861148,1013,386,152.786571,1.187349,0.393764,True,0.000897,1
1523,1774269183.672776,1774269285.300914,1152,437,101.627493,2.095672,0.228284,True,0.000644,1
830,1774268282.699884,1774268322.359755,394,93,39.657031,0.633216,0.424172,True,0.002840,1
2119,1774270050.297954,1774270095.239341,408,103,44.934920,1.315408,0.427642,True,0.006467,1
2289,1774270280.834325,1774270444.695986,1028,379,163.853254,1.793516,0.428729,True,0.008408,1
1000,1774268471.603053,1774268506.002160,371,85,34.390483,2.403281,0.380800,True,0.008624,1
1439,1774269046.959291,1774269079.028003,407,88,32.068113,0.699750,0.360556,True,0.000599,1
1524,1774269183.950278,1774269274.102137,1063,386,90.151310,4.546559,0.222350,True,0.000549,1
831,1774268287.008451,1774268405.795574,1216,456,118.782478,2.264603,0.256083,True,0.004646,1
2120,1774270050.947503,1774270072.504852,386,67,21.554721,0.970479,0.311882,True,0.002628,1
2290,1774270283.542448,1774270329.184196,1907,84,45.635968,2.242450,0.522813,True,0.005780,1
1001,1774268474.103507,1774268632.562139,1186,371,158.451023,1.381324,0.424513,True,0.007608,1
1440,1774269049.591250,1774269199.352941,1030,375,149.752832,1.222117,0.397141,True,0.008859,1
1525,1774269184.082803,1774269373.226405,1108,622,189.143002,3.681121,0.298650,True,0.000601,1
832,1774268287.400656,1774268305.910374,1398,44,18.505076,1.688596,0.391081,True,0.004643,1
2121,1774270054.152467,1774270220.482269,1196,410,166.324114,1.423587,0.403180,True,0.005688,1
2291,1774270283.725269,1774270452.862873,1028,396,169.137020,2.536729,0.421773,True,0.000584,1
1002,1774268474.906882,1774268517.823629,181,111,42.911012,1.876654,0.373040,True,0.005735,1
1441,1774269049.728414,1774269206.325126,1035,391,156.591035,1.593199,0.397430,True,0.005677,1
1526,1774269186.600539,1774269378.031683,1017,398,191.422412,1.516663,0.478352,True,0.008732,2
323,1774267638.901131,1774267660.972553,394,86,22.068263,0.811270,0.250082,True,0.003159,1
1088,1774268600.301537,1774268630.717444,1596,52,30.415272,2.494758,0.547461,True,0.000636,1
324,1774267639.132892,1774267753.391637,1023,421,114.250067,2.819725,0.265310,True,0.008678,1
1089,1774268601.378876,1774268834.834525,1195,507,233.445748,2.257139,0.456894,True,0.009901,3
325,1774267640.492409,1774267700.906502,1314,152,60.413580,1.484269,0.390260,True,0.000513,1
1090,1774268601.703401,1774268625.172948,1201,45,23.466760,2.447082,0.477720,True,0.002786,1
326,1774267641.597859,1774267794.126632,1009,420,152.526108,1.619532,0.360159,True,0.002666,1
1091,1774268606.693059,1774268631.734243,931,92,25.035540,1.822377,0.255090,True,0.005644,1
327,1774267642.442171,1774267779.765044,1007,375,137.312169,2.001832,0.361792,True,0.010704,1
1092,1774268607.018758,1774268865.879898,1264,416,258.860476,2.700822,0.617252,True,0.000664,2
328,1774267644.198200,1774267779.678224,1161,373,135.474254,1.671945,0.359684,True,0.005770,1
1093,1774268607.024651,1774268686.671539,1351,145,79.641734,1.496387,0.542676,True,0.005155,1
329,1774267647.021097,1774267798.619758,1067,429,151.596851,1.238410,0.351305,True,0.001810,1
1094,1774268607.817067,1774268658.939773,386,86,51.116055,2.403136,0.573093,True,0.006651,1
330,1774267650.383899,1774267795.510981,1038,409,145.124412,1.359147,0.352366,True,0.002670,1
1095,1774268610.386736,1774268830.383512,1227,392,219.989061,1.510054,0.558770,True,0.007715,2
331,1774267653.475307,1774267769.473574,1136,422,115.992426,2.131579,0.270453,True,0.005841,1
1096,1774268610.493700,1774268859.368908,1009,399,248.870436,1.770133,0.620855,True,0.004771,2
332,1774267654.133461,1774267733.266817,169,217,79.126694,0.436207,0.364308,True,0.006662,1
1097,1774268612.108087,1774268826.341125,1007,385,214.225370,1.346398,0.554372,True,0.007668,2
333,1774267654.858431,1774267664.660558,313,18,9.791434,0.427817,0.550801,True,0.010693,1
1098,1774268613.517803,1774268812.065915,1231,373,198.545497,2.435998,0.527176,True,0.002615,3
334,1774267655.446635,1774267861.981431,1116,574,206.529026,1.415104,0.357965,True,0.005769,1
1099,1774268613.952519,1774268742.392408,130,185,128.437212,0.525440,0.695173,True,0.002677,2
335,1774267656.573765,1774267838.145507,1240,501,181.564008,1.689774,0.359748,True,0.007734,1
1100,1774268614.801012,1774268659.129160,391,76,44.319947,0.542537,0.583699,True,0.008201,1
336,1774267656.611968,1774267679.850501,1060,58,23.237980,2.070223,0.371364,True,0.000553,1
1101,1774268614.803200,1774268665.109143,380,86,50.289707,0.743089,0.582901,True,0.016237,1
337,1774267656.742604,1774267704.732149,209,167,47.986864,0.463677,0.286284,True,0.002682,1
1102,1774268615.891377,1774268677.772865,407,106,61.880639,0.692189,0.582747,True,0.000849,1
338,1774267657.371691,1774267699.234571,428,108,41.854063,1.908457,0.373323,True,0.008818,1
1103,1774268616.482630,1774268823.579164,1136,377,207.088407,2.215749,0.544874,True,0.008127,3
339,1774267658.721985,1774267803.679179,1093,414,144.947258,1.640115,0.346991,True,0.009936,1
1104,1774268616.818185,1774268646.143966,956,65,29.320846,1.256268,0.438509,True,0.004936,1
340,1774267662.259980,1774267868.988066,1045,585,206.721177,1.160064,0.351988,True,0.006909,1
1105,1774268617.521938,1774268862.299513,1262,395,244.769952,2.193108,0.615677,True,0.007623,2
341,1774267663.598687,1774267702.532727,435,111,38.933469,0.661180,0.347930,True,0.000570,1
1106,1774268617.633440,1774268842.760695,181,357,225.118581,0.785205,0.630150,True,0.008673,2
342,1774267664.988864,1774267799.832224,1037,390,134.837657,1.310729,0.343257,True,0.005703,1
1107,1774268617.852532,1774268624.942907,91,16,7.087705,0.664463,0.428216,True,0.002670,1
343,1774267668.290061,1774267701.878360,422,95,33.586283,0.634681,0.350549,True,0.002017,1
1108,1774268618.110271,1774268834.469109,1086,397,216.348084,1.760050,0.541889,True,0.010754,2
344,1774267672.278886,1774267734.488153,1313,201,62.203617,2.432694,0.298855,True,0.005651,1
1109,1774268620.288469,1774268830.688144,1112,432,210.391340,2.198898,0.483045,True,0.008336,3
345,1774267672.395148,1774267809.669060,1184,394,137.270252,1.940521,0.344350,True,0.003660,1
1110,1774268622.415609,1774268768.357247,200,211,145.934714,0.557685,0.692272,True,0.006923,2
346,1774267672.427256,1774267808.509354,1001,396,136.079472,1.106717,0.341703,True,0.002626,1
1111,1774268623.641144,1774268839.981759,1120,397,216.333969,1.246150,0.543151,True,0.006646,2
347,1774267673.867090,1774267808.076719,890,387,134.204851,1.660363,0.343380,True,0.004778,1
1112,1774268624.788689,1774268867.044283,1082,385,242.247633,1.334199,0.627379,True,0.007961,2
348,1774267675.105363,1774267725.064388,181,140,49.955181,0.805479,0.353595,True,0.003844,1
1113,1774268626.576750,1774268842.045224,1156,396,215.461740,1.314046,0.542146,True,0.006734,2
349,1774267677.203140,1774267788.896014,1119,397,111.689181,2.181867,0.276534,True,0.003692,1
1114,1774268627.784715,1774268844.584385,1060,411,216.793014,1.268141,0.525670,True,0.006656,2
350,1774267678.018894,1774267707.945422,407,92,29.915486,2.218610,0.304361,True,0.011042,1
1115,1774268628.410394,1774268893.150644,1139,428,264.729568,2.010733,0.615267,True,0.010682,2
351,1774267680.872310,1774267814.922076,1188,388,134.041095,1.490523,0.342508,True,0.008672,1
1116,1774268631.976776,1774268781.664994,206,211,149.684538,0.485235,0.710473,True,0.003679,2
352,1774267681.509490,1774267810.403460,1016,375,128.893375,1.984318,0.339329,True,0.000595,1
1117,1774268636.877660,1774268891.242137,1009,394,254.361616,1.254598,0.644038,True,0.002861,2
353,1774267683.292233,1774267804.348213,1095,417,121.049288,2.052249,0.286051,True,0.006692,1
1118,1774268637.076358,1774268685.049201,375,77,47.961986,1.441640,0.612110,True,0.010857,1
354,1774267683.951423,1774267819.638337,1027,395,135.686083,1.243028,0.341226,True,0.000831,1
1119,1774268637.399674,1774268752.626469,1314,161,115.221234,2.473609,0.704673,True,0.005560,3
355,1774267684.856001,1774267812.079566,1102,455,127.222917,2.581322,0.274541,True,0.000648,1
1120,1774268638.487269,1774268696.086875,435,103,57.592676,0.605166,0.558701,True,0.006930,1
356,1774267686.930979,1774267838.188315,1026,429,151.253588,1.188606,0.350619,True,0.003748,1
1121,1774268638.489494,1774268747.654878,409,149,109.150051,2.179100,0.722777,True,0.015333,3
357,1774267687.732118,1774267707.819964,1996,70,20.087283,3.571107,0.239365,True,0.000562,1
1122,1774268642.367947,1774268907.984211,1211,408,265.608507,2.652100,0.646085,True,0.007756,2
358,1774267687.921103,1774267733.612128,1314,139,45.684314,1.777385,0.318166,True,0.006711,1
1123,1774268642.457603,1774268887.740589,1035,375,245.281329,2.568498,0.648965,True,0.001657,2
359,1774267688.029457,1774267743.666602,181,173,55.636549,0.434230,0.320944,True,0.000596,1
1124,1774268643.276689,1774268941.586986,1227,656,298.306527,2.363333,0.451822,True,0.003770,3
360,1774267689.049062,1774267825.239770,1049,397,136.179995,1.951015,0.338962,True,0.010713,1
1125,1774268646.148067,1774268913.861009,1203,421,267.711190,1.536156,0.633750,True,0.001752,2
361,1774267689.966686,1774267804.413819,1132,414,114.439046,3.496524,0.268626,True,0.008086,1
1126,1774268646.644804,1774268919.430866,1024,429,272.777211,2.391198,0.631743,True,0.008851,2
362,1774267690.021281,1774267795.145482,1088,386,105.118527,4.142559,0.262275,True,0.005674,1
1127,1774268646.912859,1774268802.671212,171,205,155.750557,2.177509,0.752809,True,0.007797,2
363,1774267691.678495,1774267759.249389,125,205,67.562139,0.433172,0.329064,True,0.008755,1
1128,1774268646.914073,1774268783.251781,200,174,136.320184,2.113158,0.775763,True,0.017523,2
364,1774267695.598287,1774267736.402549,206,167,40.803699,0.448622,0.243103,True,0.000563,1
1129,1774268648.796680,1774268907.723373,923,404,258.917313,6.408530,0.626573,True,0.009380,2
365,1774267696.905536,1774267722.029089,376,73,25.121798,0.477296,0.342285,True,0.001755,1
1130,1774268648.880357,1774268784.340111,20,182,135.452127,8.102440,0.703589,True,0.007627,2
366,1774267700.663330,1774267771.490780,127,198,70.826878,0.467978,0.357152,True,0.000573,1
1131,1774268651.154273,1774268674.564225,383,75,23.403307,3.716561,0.266037,True,0.006645,1
367,1774267704.023580,1774267740.898235,404,109,36.871939,0.716807,0.334770,True,0.002716,1
1132,1774268651.329762,1774268869.985523,1156,536,218.650016,7.049023,0.395516,True,0.005746,1
368,1774267706.179573,1774267852.285750,1026,409,146.102485,1.385737,0.354698,True,0.003691,1
1133,1774268652.260056,1774268838.697024,1060,429,186.430219,5.255183,0.423306,True,0.006749,1
369,1774267707.393455,1774267846.958771,1199,394,139.562667,1.571020,0.351124,True,0.002649,1
1134,1774268653.878957,1774268794.542925,181,190,140.656132,3.776974,0.724228,True,0.007837,2
370,1774267709.520159,1774267716.793550,91,16,7.272855,0.377715,0.459676,True,0.000536,1
1135,1774268653.974428,1774268835.196147,1030,411,181.218024,2.816601,0.435125,True,0.003695,1
371,1774267710.241341,1774267859.572604,1013,422,149.329544,1.408587,0.351356,True,0.001719,1
1136,1774268653.989652,1774268860.569629,1009,397,206.569312,4.319877,0.510731,True,0.010665,2
372,1774267710.408108,1774267848.000869,990,392,137.582100,2.197416,0.346252,True,0.010662,1
1137,1774268656.583883,1774268864.919380,980,425,208.334948,2.208839,0.486146,True,0.000550,2
373,1774267712.507401,1774267779.852317,1314,200,67.340280,1.742119,0.329639,True,0.004636,1
1138,1774268658.889347,1774268911.457005,1204,411,252.562065,1.313544,0.612801,True,0.005593,2
374,1774267712.865859,1774267860.994205,1069,499,148.119651,2.016960,0.293379,True,0.008694,1
1139,1774268659.569184,1774268736.024152,402,97,76.448292,1.338102,0.782398,True,0.006677,2
375,1774267712.976538,1774267867.000220,1017,519,154.020935,3.772037,0.290056,True,0.002747,1
1140,1774268662.416507,1774268853.586763,1199,373,191.164555,1.288045,0.510421,True,0.005701,2
376,1774267716.571180,1774267778.726195,200,183,62.146172,0.555948,0.338408,True,0.008843,1
1141,1774268663.139931,1774268865.343956,998,415,202.203460,1.725960,0.484245,True,0.000565,2
377,1774267717.716429,1774267770.862780,124,204,53.139595,0.490717,0.259354,True,0.006756,1
1142,1774268664.458995,1774268693.328337,415,131,28.868803,0.828007,0.215698,True,0.000540,1
378,1774267718.604691,1774267832.260255,895,393,113.649857,1.660437,0.285687,True,0.005707,1
1143,1774268664.580965,1774268838.266750,1156,390,173.683065,2.902608,0.439024,True,0.002719,1
379,1774267722.267159,1774267759.379016,399,112,37.111253,0.576283,0.329144,True,0.000604,1
1144,1774268664.792220,1774268673.129570,311,18,8.332553,0.532189,0.458845,True,0.004797,1
380,1774267722.856864,1774267750.558472,410,95,27.697985,0.540065,0.288914,True,0.003622,1
1145,1774268664.993554,1774268909.853897,1264,395,244.852620,1.589512,0.617419,True,0.007723,2
381,1774267726.270998,1774267837.745141,1107,388,111.464443,2.145617,0.282478,True,0.009699,1
1146,1774268665.382518,1774268891.395339,1207,368,226.004188,2.576549,0.608795,True,0.008633,2
382,1774267728.831328,1774267802.634926,212,217,73.803004,0.514000,0.339301,True,0.000594,1
1147,1774268666.414728,1774268745.810032,373,75,79.392651,0.677334,1.063721,True,0.002653,2
383,1774267730.689963,1774267840.547014,1007,385,109.853340,1.878569,0.281184,True,0.003711,1
1148,1774268667.775414,1774268746.259405,436,136,78.477234,1.008626,0.573842,True,0.006757,1
384,1774267735.186067,1774267990.765616,1052,652,255.573853,1.185445,0.390766,True,0.005695,1
1149,1774268671.027503,1774268933.142243,1025,428,262.111044,1.190521,0.611055,True,0.003696,2
385,1774267735.215354,1774267875.783745,1143,388,140.560755,1.779844,0.358607,True,0.007635,1
1150,1774268672.691218,1774268786.035572,439,161,113.338625,0.820842,0.703236,True,0.005729,2
386,1774267736.685499,1774267742.241471,307,18,5.552308,0.814143,0.278716,True,0.003664,1
1151,1774268672.934081,1774268919.071922,963,393,246.137303,1.313848,0.624550,True,0.000537,2
387,1774267738.226419,1774267772.621586,392,91,34.388481,0.651208,0.374859,True,0.006685,1
1152,1774268674.374982,1774268692.292035,1130,45,17.913358,1.445673,0.374266,True,0.003695,1
388,1774267739.448597,1774267803.851598,129,185,64.393141,0.569803,0.346866,True,0.009859,1
1153,1774268674.838312,1774268935.020184,1139,425,260.178142,2.351564,0.608082,True,0.003730,2
389,1774267739.637724,1774267784.502274,129,159,44.856892,0.382441,0.281484,True,0.007658,1
1154,1774268676.372552,1774268688.365174,383,56,11.992075,0.865291,0.202305,True,0.000547,1
390,1774267741.272045,1774267869.636385,936,431,128.355572,1.808156,0.294296,True,0.008768,1
1155,1774268678.575373,1774268857.934706,912,395,179.356650,1.834542,0.450564,True,0.002683,1
391,1774267742.298151,1774267803.297555,128,205,60.998896,1.277482,0.292752,True,0.000508,1
1156,1774268680.816856,1774268812.034675,206,179,131.208331,0.469292,0.734489,True,0.009488,2
392,1774267743.776858,1774267859.852878,1025,388,116.071376,1.945077,0.294900,True,0.004645,1
1157,1774268682.043793,1774268975.208927,1179,498,293.155396,1.271374,0.587292,True,0.009738,2
393,1774267746.927398,1774267807.735560,203,217,60.804317,0.615947,0.278650,True,0.003844,1
1158,1774268688.012093,1774268695.463398,120,12,7.446432,0.471758,0.634061,True,0.004874,1
394,1774267749.397084,1774267788.018077,431,97,38.610204,0.543987,0.396523,True,0.010790,1
1159,1774268688.427181,1774268692.157919,311,18,3.726985,0.749789,0.175129,True,0.003753,1
395,1774267750.278856,1774267898.941633,1000,396,148.657024,1.167593,0.373391,True,0.005753,1
1160,1774268689.980291,1774268779.776389,1989,88,89.785406,2.153737,1.007261,True,0.010692,2
396,1774267750.920172,1774267939.246702,1045,496,188.323827,1.672758,0.377073,True,0.002703,1
1161,1774268690.933968,1774268938.293390,1086,390,247.357477,2.606609,0.629180,True,0.001945,2
397,1774267752.463753,1774267820.844234,165,192,68.376666,0.590409,0.354902,True,0.003814,1
1162,1774268692.751509,1774268937.410013,1219,388,244.655730,2.368967,0.626064,True,0.002774,2
398,1774267753.817276,1774267911.564937,1163,429,157.742982,1.408008,0.365269,True,0.004679,1
1163,1774268693.235923,1774268787.652380,392,122,94.415911,0.910424,0.772773,True,0.000546,2
399,1774267755.228416,1774267985.145818,1143,580,229.907559,1.375123,0.394702,True,0.009843,1
1164,1774268694.389461,1774268814.150111,1313,176,119.755865,2.407468,0.670562,True,0.004785,1
400,1774267757.432866,1774267899.810175,1012,389,142.369866,1.292416,0.363602,True,0.007442,1
1165,1774268696.439536,1774268886.236887,1146,418,189.791628,2.553990,0.449011,True,0.005723,1
401,1774267757.579266,1774267914.280079,1121,433,156.693119,1.529918,0.359174,True,0.007694,1
1166,1774268698.252698,1774268951.535060,1036,403,252.982047,23.656968,0.570460,True,0.300316,1
402,1774267758.168195,1774267895.115614,971,373,136.944757,2.025926,0.362685,True,0.002662,1
1167,1774268700.387524,1774268955.699630,1024,407,255.301162,24.674640,0.568046,True,0.010944,1
403,1774267759.050382,1774267895.681984,1088,377,136.620877,1.558047,0.359210,True,0.010726,1
1168,1774268703.010378,1774268943.544817,1216,392,240.533879,18.597639,0.567612,True,0.000561,1
404,1774267761.661873,1774267902.625791,1028,498,140.956208,2.034837,0.279520,True,0.007711,1
1169,1774268704.114755,1774268787.960274,790,111,83.834751,30.735440,0.482721,True,0.010768,1
405,1774267762.440109,1774267836.579568,127,202,74.135772,0.363160,0.367028,True,0.003688,1
1170,1774268705.224265,1774268790.248562,1474,94,85.018596,18.827611,0.711731,True,0.005701,1
406,1774267763.063092,1774267896.857333,1139,371,133.785408,1.350454,0.357932,True,0.008834,1
1171,1774268708.761676,1774268767.306278,1733,66,58.543944,17.589526,0.630068,True,0.000657,1
407,1774267763.110487,1774267911.478040,1100,414,148.363902,1.565155,0.355445,True,0.003651,1
1172,1774268708.964314,1774268874.973216,1227,383,166.008360,17.460166,0.388870,True,0.000542,1
2462,1774270525.488032,1774270563.393101,430,102,37.899343,1.260177,0.362764,True,0.005725,1
493,1774267881.343292,1774268061.494946,1056,396,180.151050,1.224957,0.452977,True,0.000604,1
663,1774268075.561979,1774268196.589463,130,199,121.026791,0.504427,0.608699,True,0.000693,2
1404,1774268998.938011,1774269151.535169,1076,377,152.586385,1.281856,0.402406,True,0.010772,1
2463,1774270526.774426,1774270546.869104,393,59,20.091781,0.566219,0.336648,True,0.002897,1
494,1774267883.662490,1774268063.854699,1033,397,180.184506,1.391275,0.451498,True,0.007704,1
664,1774268076.932140,1774268252.437806,1008,398,175.503934,1.333671,0.438716,True,0.001733,2
1405,1774269000.197123,1774269152.564679,1199,534,152.363889,2.220590,0.281695,True,0.003668,1
2464,1774270528.301387,1774270533.007927,309,18,4.705959,0.736159,0.233518,True,0.000581,1
495,1774267883.812231,1774267965.674105,1118,378,81.859179,2.181623,0.211346,True,0.002695,1
1,1774267100.412261,1774267125.001074,396,109,24.577959,3.219202,0.197766,True,0.010855,1
665,1774268077.540499,1774268082.948169,91,16,5.396674,1.049719,0.289797,True,0.010997,1
2465,1774270531.664866,1774270555.468943,396,84,23.801385,0.965810,0.275127,True,0.002692,1
496,1774267884.116407,1774267946.745637,1269,152,62.628471,2.481513,0.398324,True,0.000759,1
0,1774267074.693343,1774267083.336518,374,44,8.642503,3.306056,0.124103,True,0.000672,1
666,1774268079.206385,1774268141.343749,392,109,62.130695,0.761573,0.568233,True,0.006668,2
497,1774267884.802977,1774268065.936041,1035,401,181.129307,1.941866,0.447969,True,0.003757,1
667,1774268079.637138,1774268152.930439,394,94,73.282632,0.958543,0.777678,True,0.010669,1
1403,1774268996.360103,1774269165.228804,1162,427,168.866029,2.214700,0.391200,True,0.002672,1
498,1774267885.286539,1774268069.944966,1256,414,184.647716,3.296381,0.439107,True,0.010710,1
668,1774268080.707582,1774268269.521555,988,466,188.809283,1.896010,0.401964,True,0.004690,1
1394,1774268989.742476,1774269017.727235,1029,71,27.980072,3.169991,0.354430,True,0.004687,1
499,1774267885.299368,1774268082.766755,1211,450,197.458745,2.246392,0.434771,True,0.008642,1
669,1774268080.945799,1774268249.807484,1146,380,168.857030,3.805837,0.435491,True,0.004655,1
1401,1774268995.374004,1774269169.660102,1112,431,174.285188,2.559323,0.399362,True,0.000910,1
500,1774267885.443855,1774267904.096023,396,89,18.643284,1.343293,0.196591,True,0.008883,1
670,1774268081.530365,1774268264.752438,1091,436,183.218429,3.924389,0.412170,True,0.003644,1
1402,1774268996.177336,1774269031.202283,237,79,35.023265,1.811056,0.425798,True,0.001683,1
2470,1774270539.454730,1774270553.867159,368,45,14.408458,0.673856,0.312150,True,0.003971,1
501,1774267887.008074,1774267894.460609,91,16,7.443833,1.904313,0.369301,True,0.008702,1
671,1774268084.628517,1774268156.308851,379,87,71.677474,0.733027,0.824935,True,0.002860,2
1400,1774268994.901126,1774269250.584131,1045,605,255.677347,2.257230,0.419570,True,0.005658,1
2471,1774270539.859345,1774270635.341049,1236,376,95.478024,2.328832,0.248398,True,0.003681,1
502,1774267888.362401,1774268072.346490,1066,421,183.983549,1.607301,0.434229,True,0.000540,1
672,1774268085.429012,1774268142.899007,411,93,57.459187,0.633267,0.617673,True,0.010808,2
1399,1774268994.740013,1774269153.672774,1018,388,158.931134,1.194208,0.407589,True,0.001628,1
2472,1774270541.584135,1774270593.145747,772,136,51.551925,0.993509,0.374507,True,0.009688,1
503,1774267888.901481,1774267893.819816,91,24,4.910469,0.374773,0.197204,True,0.007865,1
673,1774268092.076430,1774268155.106044,396,65,63.021650,0.989660,0.969250,True,0.007963,1
1391,1774268982.148074,1774269038.423691,401,130,56.270948,0.578693,0.431723,True,0.004669,1
2473,1774270546.596191,1774270650.736487,1185,401,104.130586,2.273555,0.254643,True,0.009710,1
504,1774267889.474049,1774267915.838551,414,79,26.356540,1.174809,0.322843,True,0.007962,1
674,1774268093.985253,1774268265.675011,1060,396,171.679051,1.286784,0.431373,True,0.010707,2
2474,1774270546.970093,1774270653.563483,1034,417,106.584798,5.183732,0.243753,True,0.008592,1
505,1774267891.245949,1774267907.317492,378,52,16.063896,0.734316,0.300580,True,0.007648,1
675,1774268094.182479,1774268285.222183,1046,429,191.031232,2.292228,0.440979,True,0.008472,2
1389,1774268979.497143,1774268986.026210,311,18,6.525415,1.533117,0.293665,True,0.003652,1
2475,1774270548.274498,1774270586.617239,383,94,38.335545,0.714681,0.404525,True,0.007195,1
506,1774267891.888359,1774267937.712443,385,112,45.818419,0.682457,0.406630,True,0.005665,1
676,1774268094.270690,1774268162.073943,398,79,67.800569,0.948664,0.857076,True,0.002685,1
2476,1774270548.566406,1774270674.100982,1022,494,125.531906,2.208065,0.250150,True,0.002670,1
507,1774267897.010254,1774268027.203854,1314,285,130.187952,1.659387,0.452565,True,0.005649,1
677,1774268098.198788,1774268157.667121,381,99,59.467752,10.503099,0.499639,True,0.000581,1
1392,1774268982.759581,1774269014.622473,376,81,31.857201,1.222589,0.382933,True,0.005692,1
508,1774267899.563487,1774267935.346664,401,88,35.774429,0.654100,0.403682,True,0.008748,1
678,1774268099.430172,1774268273.317461,1117,428,173.882558,36.947139,0.320692,True,0.004731,1
1390,1774268981.049863,1774269016.988053,1133,92,35.933437,2.092247,0.371881,True,0.004754,1
2478,1774270551.766779,1774270603.751936,402,135,51.984549,0.568602,0.383701,True,0.000609,1
509,1774267903.455660,1774267945.301136,404,98,41.842448,0.765980,0.423469,True,0.003028,1
679,1774268099.940717,1774268146.024433,383,69,46.083123,13.124591,0.484684,True,0.000593,1
1393,1774268988.572448,1774269102.741149,1176,383,114.162525,2.320756,0.292779,True,0.006177,1
510,1774267903.488994,1774267908.448553,91,16,4.958948,0.457111,0.300122,True,0.000610,1
680,1774268099.998076,1774268160.715164,403,106,60.712174,17.711879,0.409527,True,0.004915,1
1388,1774268979.322640,1774269022.618001,434,124,43.284666,0.937502,0.344286,True,0.010695,1
511,1774267905.164080,1774267991.930132,194,188,86.761378,0.404012,0.461804,True,0.004674,1
681,1774268101.441882,1774268146.424363,377,69,44.979758,16.340199,0.421170,True,0.002723,1
1397,1774268991.788718,1774269149.742037,1203,385,157.952715,1.691110,0.406931,True,0.000604,1
2481,1774270557.018873,1774270593.497277,373,88,36.469821,0.755640,0.410508,True,0.008583,1
512,1774267907.351221,1774267995.437567,1111,389,88.076854,2.153856,0.221451,True,0.009492,1
682,1774268102.109550,1774268159.048770,403,101,56.935540,15.807519,0.411280,True,0.003680,1
1398,1774268994.728028,1774269173.469174,1015,596,178.738423,1.953612,0.297117,True,0.002722,1
2482,1774270558.336922,1774270587.191098,387,67,28.843418,0.761696,0.425481,True,0.010757,1
513,1774267908.778281,1774268086.624665,1125,395,177.845807,1.355720,0.447944,True,0.000577,1
683,1774268104.156320,1774268275.313523,1145,396,171.156557,14.491565,0.396620,True,0.000646,1
1395,1774268990.585391,1774269052.116266,1312,132,61.530282,1.617326,0.457351,True,0.000592,1
2483,1774270558.945806,1774270636.680263,1315,188,77.727722,1.732845,0.406390,True,0.006735,1
514,1774267910.121272,1774268093.604358,1013,421,183.478239,1.217189,0.433955,True,0.004848,1
684,1774268105.246561,1774268267.965649,1209,403,162.715321,34.099125,0.319941,True,0.003767,1
1396,1774268991.598011,1774269022.662546,372,63,31.056810,2.086799,0.467258,True,0.007724,1
2484,1774270560.226097,1774270625.342341,1315,154,65.105518,1.965918,0.412677,True,0.010726,1
515,1774267910.705715,1774267949.425888,847,89,38.714434,1.702275,0.420593,True,0.005739,1
685,1774268106.110807,1774268281.570070,893,455,175.458524,28.954116,0.322697,True,0.000739,1
1382,1774268966.172895,1774269096.536588,1126,446,130.353029,2.215055,0.287951,True,0.010664,1
2485,1774270560.678859,1774270604.623513,58,111,43.935778,1.562669,0.385210,True,0.008876,1
516,1774267915.811364,1774267968.083701,375,101,52.269640,0.514481,0.517552,True,0.002697,1
686,1774268109.967531,1774268280.674930,1036,411,170.706720,9.571114,0.393014,True,0.000679,1
1383,1774268966.938842,1774269078.982511,1024,385,112.032838,3.324004,0.283096,True,0.010831,1
2486,1774270563.226318,1774270588.735173,957,74,25.498118,1.887745,0.323430,True,0.010737,1
517,1774267916.113733,1774268090.979338,1046,393,174.856896,1.337226,0.442652,True,0.008709,1
687,1774268110.865026,1774268222.360200,203,217,111.489165,25.511263,0.398046,True,0.006010,1
2487,1774270564.142264,1774270580.102702,647,46,15.958463,0.951391,0.333490,True,0.001975,1
518,1774267916.593890,1774267944.598627,395,58,28.002091,1.369943,0.467231,True,0.002646,1
688,1774268112.504782,1774268221.521333,200,217,109.009605,26.837751,0.380425,True,0.006946,1
519,1774267917.302862,1774267934.632971,402,86,17.321299,0.800454,0.194363,True,0.008810,1
689,1774268112.507042,1774268125.660804,299,18,13.138233,5.456007,0.451896,True,0.015528,1
1381,1774268966.050187,1774268999.322001,1232,80,33.263127,1.625551,0.400476,True,0.008687,1
2489,1774270565.405861,1774270586.176032,382,54,20.766351,1.961253,0.354813,True,0.003820,1
520,1774267919.173161,1774268090.611973,1207,386,171.428680,1.554572,0.441231,True,0.010132,1
690,1774268113.913335,1774268286.202470,1142,436,172.282361,5.008431,0.384538,True,0.006774,1
1380,1774268962.613338,1774269022.754500,181,147,60.135476,0.463687,0.408711,True,0.005685,1
2490,1774270565.447707,1774270597.499626,392,104,32.049281,0.841225,0.302991,True,0.002638,1
521,1774267919.717115,1774268124.877718,997,415,205.156881,2.357406,0.489854,True,0.003722,2
691,1774268115.379015,1774268215.676681,1318,234,100.288920,3.998927,0.413262,True,0.008746,1
1384,1774268975.000959,1774268986.567574,917,33,11.557986,1.617963,0.310626,True,0.008629,1
522,1774267920.845247,1774267998.674763,191,162,77.825623,1.281914,0.475427,True,0.003893,1
692,1774268119.642320,1774268126.714505,323,18,7.067503,0.615380,0.379537,True,0.004681,1
1385,1774268976.345017,1774269132.992795,1226,393,156.644154,1.646634,0.395402,True,0.003624,1
2492,1774270566.473012,1774270665.921344,1057,398,99.439620,2.003968,0.245430,True,0.008711,1
523,1774267921.897902,1774268147.397433,978,430,225.496899,1.365437,0.522451,True,0.002632,2
693,1774268120.559168,1774268283.473457,1023,416,162.908544,1.138737,0.389807,True,0.005745,1
1386,1774268977.196631,1774269137.118235,1171,401,159.917875,2.040784,0.394693,True,0.003729,1
2493,1774270567.982488,1774270669.645467,1129,416,101.662394,2.621594,0.238653,True,0.000585,1
524,1774267922.171587,1774268025.328704,200,217,103.151005,1.141607,0.472266,True,0.006112,1
694,1774268121.280250,1774268315.095198,1039,593,193.808207,13.778664,0.304104,True,0.006741,1
1387,1774268978.917714,1774269179.826255,1032,502,200.901832,1.455169,0.398097,True,0.006709,1
2494,1774270571.183964,1774270589.924721,1358,51,18.731757,1.694658,0.340742,True,0.009000,1
525,1774267923.361144,1774268146.272055,1160,421,222.903901,1.731066,0.526602,True,0.007010,2
695,1774268122.615077,1774268284.104362,1024,414,161.488712,1.332512,0.387787,True,0.000573,1
2495,1774270574.241347,1774270673.210715,1004,413,98.966662,1.962254,0.235448,True,0.002705,1
526,1774267923.612550,1774268146.069384,1216,466,222.451122,1.679007,0.474779,True,0.005712,2
696,1774268125.529994,1774268192.467755,206,165,66.929382,0.467452,0.405256,True,0.008379,1
2496,1774270578.172485,1774270619.682684,391,97,41.503510,0.554823,0.426549,True,0.006689,1
527,1774267923.621474,1774268129.837545,912,427,206.209035,1.804218,0.479824,True,0.007036,2
697,1774268125.761013,1774268168.352705,371,97,42.586005,0.726346,0.436038,True,0.005687,1
528,1774267923.628038,1774267946.156389,181,104,22.517484,0.532040,0.213451,True,0.010867,1
698,1774268126.863665,1774268153.592761,373,66,26.722483,0.589339,0.402048,True,0.006612,1
529,1774267924.586473,1774268000.642999,206,162,76.052770,1.280994,0.464421,True,0.003756,1
699,1774268127.167174,1774268163.017685,385,73,35.849976,12.868510,0.319187,True,0.000536,1
2499,1774270581.442037,1774270619.462780,459,90,38.014992,1.159730,0.414104,True,0.005752,1
530,1774267928.112952,1774268122.589571,1010,396,194.469907,1.225742,0.489226,True,0.006711,2
700,1774268127.725557,1774268195.341854,203,167,67.611993,0.562213,0.403914,True,0.004304,1
2500,1774270582.529860,1774270617.095254,373,80,34.560786,0.786760,0.427519,True,0.004609,1
531,1774267929.113587,1774267962.075956,975,68,32.961545,1.382717,0.471326,True,0.000824,1
701,1774268129.819618,1774268185.777102,398,132,55.956802,0.506174,0.423287,True,0.000682,1
1379,1774268960.146508,1774269213.708233,979,622,253.556978,1.756408,0.405476,True,0.004748,1
532,1774267931.556373,1774268143.681290,1033,396,212.122334,1.199142,0.533983,True,0.002584,2
702,1774268130.381187,1774268294.903343,1241,421,164.511489,1.393822,0.388375,True,0.010667,1
1378,1774268959.919472,1774269118.203013,1144,404,158.274781,1.801692,0.388271,True,0.008761,1
2502,1774270583.625692,1774270621.213003,1280,91,37.586743,1.465694,0.401345,True,0.000568,1
533,1774267932.485438,1774268003.573069,163,157,71.079872,0.730822,0.450955,True,0.007759,1
703,1774268130.522866,1774268260.315917,1050,374,129.789351,8.822996,0.324307,True,0.003700,1
1376,1774268959.166710,1774269076.726188,1039,385,117.551836,2.061309,0.300757,True,0.007642,1
534,1774267933.630208,1774267949.837637,382,62,16.196795,0.866458,0.251317,True,0.010634,1
704,1774268132.479652,1774268170.057672,401,86,37.575383,0.682643,0.434032,True,0.002636,1
1377,1774268959.297669,1774269120.901282,1082,538,161.603069,3.413788,0.294580,True,0.000544,1
2504,1774270584.548206,1774270598.387607,869,47,13.836739,2.568877,0.244954,True,0.002661,1
535,1774267933.697385,1774268156.308491,1082,426,222.604283,1.111704,0.521159,True,0.006823,2
705,1774268133.038641,1774268283.564044,1436,386,150.520670,1.652009,0.386672,True,0.004733,1
1374,1774268956.000045,1774269130.637350,1007,441,174.636783,1.410455,0.393696,True,0.000522,1
2505,1774270587.919437,1774270617.447040,371,69,29.519990,0.585979,0.425500,True,0.007612,1
536,1774267934.728919,1774268036.677422,1311,415,101.937821,2.513753,0.240155,True,0.010682,1
706,1774268134.168499,1774268159.099296,389,65,24.927015,5.391543,0.305242,True,0.003782,1
1375,1774268959.013676,1774269154.476606,1154,482,195.456191,1.296212,0.403659,True,0.006738,1
537,1774267934.949651,1774268038.173762,200,217,103.211860,0.511633,0.475464,True,0.012251,1
707,1774268135.513254,1774268155.599995,386,49,20.080957,0.561286,0.406660,True,0.005784,1
538,1774267935.032999,1774267941.946094,91,16,6.909989,0.526725,0.425551,True,0.003106,1
708,1774268135.696202,1774268302.054687,1069,426,166.350775,1.582054,0.387691,True,0.007710,1
2508,1774270589.663240,1774270624.328576,394,79,34.660653,1.376263,0.426723,True,0.004684,1
539,1774267935.497659,1774267978.367471,181,85,42.861148,0.529666,0.503946,True,0.008664,1
709,1774268135.892930,1774268222.360054,212,217,86.462316,4.138724,0.381128,True,0.004808,1
2509,1774270591.268972,1774270631.716266,849,100,40.438222,1.113723,0.397217,True,0.009072,1
540,1774267935.915310,1774268153.497044,1004,412,217.580117,1.309448,0.526206,True,0.001617,2
710,1774268136.070108,1774268281.755456,991,373,145.684796,1.844620,0.386667,True,0.000552,1
2510,1774270593.239401,1774270610.826682,403,86,17.580612,0.878283,0.196498,True,0.006668,1
541,1774267938.782939,1774268003.707009,1315,144,64.917385,1.662184,0.442344,True,0.006685,1
711,1774268136.525513,1774268187.727674,181,112,51.196548,3.636820,0.428466,True,0.005612,1
1372,1774268952.030641,1774269213.353602,1160,639,261.322368,2.002219,0.406458,True,0.000593,1
2511,1774270593.980589,1774270658.606564,1314,152,64.618269,1.621179,0.417199,True,0.007705,1
542,1774267940.326319,1774268013.802888,203,161,73.465774,0.553319,0.455703,True,0.010794,1
712,1774268139.085091,1774268193.586210,395,142,54.497396,0.522532,0.382800,True,0.003723,1
1373,1774268955.842035,1774269150.073714,1036,650,194.228043,2.021116,0.296159,True,0.003636,1
543,1774267942.342520,1774268154.945381,960,403,212.592160,1.144833,0.525988,True,0.010701,2
713,1774268143.702137,1774268322.584396,1007,451,178.879626,1.341621,0.394529,True,0.002633,1
1370,1774268949.802021,1774269098.899928,1028,366,149.097354,1.414914,0.404609,True,0.000553,1
2513,1774270598.856792,1774270634.568876,851,85,35.703311,1.055160,0.412478,True,0.008773,1
544,1774267946.847782,1774268138.318634,1032,387,191.462040,1.222979,0.492847,True,0.008812,2
714,1774268143.850150,1774268184.244912,395,91,40.394223,1.332537,0.434019,True,0.000539,1
1371,1774268950.623096,1774269110.926490,1160,400,160.296449,1.934173,0.396898,True,0.006944,1
2514,1774270598.886190,1774270629.784736,902,75,30.897888,1.617056,0.395687,True,0.000658,1
545,1774267947.217852,1774268045.496335,1144,396,98.267826,2.190709,0.243233,True,0.010657,1
715,1774268146.808745,1774268155.376986,324,18,8.565531,0.429093,0.478614,True,0.002710,1
1368,1774268945.125644,1774269107.641180,1129,526,162.506806,3.956276,0.302001,True,0.008729,1
2515,1774270602.211528,1774270617.362335,385,78,15.143170,0.802618,0.186241,True,0.007637,1
546,1774267947.283316,1774268006.801159,414,130,59.510859,1.355018,0.450820,True,0.006984,1
716,1774268147.007154,1774268216.444156,200,167,69.436455,0.666265,0.414278,True,0.000548,1
1369,1774268949.288377,1774269082.028152,986,441,132.734009,1.815134,0.297543,True,0.005766,1
547,1774267947.285496,1774267991.618536,399,86,44.318085,1.449954,0.504331,True,0.014954,1
717,1774268147.140243,1774268189.360086,397,103,42.219376,0.747473,0.406587,True,0.000467,1
1366,1774268944.554607,1774269100.293142,1003,376,155.728073,2.550455,0.408474,True,0.010461,1
548,1774267949.262479,1774267998.674961,1113,98,49.409527,1.343720,0.495524,True,0.002955,1
718,1774268147.523350,1774268188.454540,452,101,40.930614,0.744113,0.401865,True,0.000577,1
1367,1774268944.718051,1774269121.275176,1013,439,176.556552,3.071907,0.396084,True,0.000573,1
549,1774267949.598428,1774268001.930094,181,107,52.321853,1.387749,0.480510,True,0.009813,1
719,1774268148.248942,1774268186.900958,391,93,38.651433,0.642745,0.413138,True,0.000583,1
1364,1774268943.493457,1774269100.472911,1171,380,156.968654,2.387448,0.407866,True,0.010800,1
2519,1774270610.134291,1774270652.894923,1999,97,42.754818,3.119776,0.412865,True,0.005814,1
550,1774267950.855409,1774268048.174959,161,193,97.318913,0.557104,0.503968,True,0.000637,1
720,1774268148.758846,1774268284.137248,1061,429,135.372334,2.030192,0.311547,True,0.006068,1
1365,1774268944.336936,1774269022.416555,1314,218,78.079054,2.611213,0.347778,True,0.000565,1
2520,1774270612.173614,1774270642.475092,386,79,30.297786,1.666073,0.367073,True,0.003692,1
551,1774267952.041450,1774268159.492687,1001,398,207.440600,1.339496,0.519146,True,0.010638,2
721,1774268149.493842,1774268270.358340,1007,379,120.861806,3.349319,0.310880,True,0.002692,1
1362,1774268942.056607,1774269012.342705,1313,148,70.279414,1.423338,0.468409,True,0.006684,1
552,1774267953.043867,1774267984.078913,371,54,31.031283,0.926446,0.568016,True,0.003763,1
722,1774268150.666379,1774268192.198945,398,99,41.531907,0.679858,0.416858,True,0.000659,1
1363,1774268942.528789,1774269105.645406,1035,395,163.110773,3.357069,0.405466,True,0.005843,1
2522,1774270617.609667,1774270660.719140,371,100,43.104787,0.584098,0.429502,True,0.004685,1
553,1774267953.838427,1774268157.346247,1176,385,203.497962,1.622349,0.525718,True,0.009857,2
723,1774268150.776100,1774268305.012298,913,398,154.231473,1.258242,0.385323,True,0.004725,1
1360,1774268939.575153,1774269105.330845,1036,394,165.745007,1.361861,0.418278,True,0.010685,1
2523,1774270618.574841,1774270658.342681,405,93,39.759148,0.743360,0.424085,True,0.008692,1
554,1774267954.904318,1774268179.336290,1061,429,224.421278,1.704379,0.520367,True,0.010695,2
724,1774268151.507376,1774268316.030743,999,412,164.512512,1.668314,0.396215,True,0.010855,1
1361,1774268939.998943,1774268983.846269,385,88,43.846684,1.607724,0.485505,True,0.000643,1
2524,1774270619.517635,1774270638.128580,783,45,18.603200,1.067876,0.398530,True,0.007745,1
555,1774267956.265321,1774267979.524802,886,95,23.251702,1.769697,0.228532,True,0.007779,1
725,1774268151.815662,1774268187.754349,385,84,35.932057,1.499336,0.414852,True,0.006629,1
1358,1774268931.700421,1774269180.727351,955,602,249.024139,1.274140,0.412230,True,0.002790,1
556,1774267957.553514,1774268160.714995,1137,428,203.158581,1.430246,0.472432,True,0.002899,2
726,1774268153.898960,1774268317.161453,1161,408,163.254014,1.422476,0.397620,True,0.008479,1
1359,1774268933.105448,1774268972.992373,857,117,39.876242,1.866964,0.327666,True,0.010683,1
557,1774267957.881065,1774268146.113343,1245,389,188.227698,2.439168,0.478836,True,0.004581,2
727,1774268156.460948,1774268202.786821,396,113,46.318049,0.747014,0.406884,True,0.007824,1
1356,1774268928.539407,1774269068.957293,1061,448,140.417320,1.970830,0.309724,True,0.000566,1
2527,1774270623.460571,1774270658.166524,430,86,34.698233,0.813338,0.398646,True,0.007720,1
558,1774267958.061810,1774268005.257371,401,103,47.186849,2.328911,0.439784,True,0.008712,1
728,1774268158.987326,1774268233.206259,200,188,74.218420,0.360028,0.394965,True,0.000513,1
1357,1774268930.364393,1774269089.251188,1041,385,158.876042,1.203938,0.410604,True,0.010752,1
559,1774267958.908098,1774267998.897749,405,83,39.989038,1.565181,0.468584,True,0.000613,1
729,1774268159.353684,1774268319.047881,1116,401,159.690559,1.220905,0.396174,True,0.003638,1
1354,1774268925.568001,1774269134.275079,1062,509,208.703308,2.058269,0.406782,True,0.003770,1
560,1774267960.179332,1774268041.558134,1319,169,81.373040,1.797938,0.473661,True,0.005762,1
730,1774268159.529118,1774268316.223704,1046,531,156.690988,2.064516,0.291748,True,0.003597,1
1355,1774268925.985418,1774268975.493368,692,109,49.503353,1.854764,0.441191,True,0.004597,1
561,1774267962.500331,1774268168.621121,1052,429,206.118106,1.229309,0.478712,True,0.002683,2
731,1774268160.362160,1774268317.972632,1015,397,157.606667,1.507122,0.394191,True,0.003804,1
1352,1774268924.792117,1774268954.975472,505,92,30.177639,2.183405,0.307629,True,0.005716,1
562,1774267963.661629,1774267968.027094,91,24,4.360689,0.372296,0.173408,True,0.004776,1
732,1774268160.467235,1774268199.592592,396,95,39.124794,1.544472,0.399791,True,0.000563,1
1353,1774268925.095268,1774268969.968917,403,91,44.864885,1.399756,0.482946,True,0.008764,1
563,1774267964.073558,1774268165.131303,1062,393,201.052084,2.759422,0.505849,True,0.005661,2
733,1774268160.958894,1774268240.642532,1320,201,79.675993,3.539173,0.380684,True,0.007645,1
1350,1774268923.270393,1774268994.218873,1314,202,70.938119,2.570281,0.340139,True,0.010360,1
2533,1774270638.413317,1774270667.084434,402,92,28.663325,0.911705,0.304963,True,0.007792,1
564,1774267964.086416,1774267987.826306,2042,52,23.736212,2.208293,0.422116,True,0.003679,1
734,1774268160.977981,1774268316.755444,1040,396,155.766826,3.517116,0.385442,True,0.010638,1
1351,1774268923.429938,1774269154.030699,969,554,230.593996,2.444147,0.412568,True,0.006764,1
2534,1774270641.230036,1774270671.768280,1730,107,30.532490,3.012117,0.259626,True,0.005755,1
565,1774267968.109183,1774267974.484107,328,18,6.367252,0.797449,0.327635,True,0.007672,1
735,1774268161.125667,1774268222.243482,416,153,61.112125,3.514328,0.378933,True,0.005690,1
1348,1774268923.193854,1774269141.429963,1209,522,218.233360,1.355203,0.416273,True,0.002749,1
566,1774267968.401290,1774268025.283972,8,122,56.879084,0.468563,0.466203,True,0.003597,1
736,1774268161.939664,1774268186.720907,384,61,24.775460,2.835382,0.365668,True,0.005782,1
1349,1774268923.201787,1774269089.564703,1057,394,166.357771,1.539770,0.419384,True,0.005146,1
2536,1774270642.157558,1774270668.914525,386,90,26.756413,2.921767,0.267805,True,0.000554,1
567,1774267969.403633,1774268011.191220,1313,156,41.787045,2.528773,0.253279,True,0.000542,1
737,1774268164.383558,1774268323.611147,1288,418,159.224811,1.256978,0.378820,True,0.002779,1
1346,1774268919.478271,1774269102.857869,1136,429,183.373261,1.420581,0.425123,True,0.006338,1
568,1774267970.101596,1774268169.027004,1129,414,198.914586,1.413535,0.478211,True,0.010823,2
738,1774268164.878944,1774268225.992641,203,162,61.103019,1.151077,0.372372,True,0.010678,1
1347,1774268921.936978,1774269089.386530,1024,402,167.441898,1.164353,0.414657,True,0.007654,1
569,1774267970.162076,1774268017.106964,405,110,46.943073,0.545278,0.425668,True,0.001815,1
739,1774268164.990774,1774268208.909117,400,82,43.917861,0.935890,0.530642,True,0.000482,1
1344,1774268915.168886,1774268953.907868,1756,111,38.738389,3.435425,0.320936,True,0.000593,1
570,1774267971.033704,1774268014.420784,393,105,43.381346,0.994402,0.407567,True,0.005733,1
740,1774268165.935123,1774268247.500581,209,217,81.559761,0.543991,0.375073,True,0.005697,1
1345,1774268917.650986,1774269162.743089,1025,591,245.091432,1.259154,0.413275,True,0.000671,1
571,1774267972.900366,1774268021.792088,167,187,48.886029,0.522670,0.260018,True,0.005693,1
741,1774268166.088463,1774268217.479614,402,134,51.384511,0.676084,0.381266,True,0.006639,1
1342,1774268913.660000,1774269120.569357,1148,501,206.907609,1.642421,0.410530,True,0.001748,1
572,1774267973.004990,1774268208.592712,1040,456,235.583049,1.264560,0.514986,True,0.004673,2
742,1774268166.282893,1774268225.000873,906,146,58.709267,1.766987,0.392705,True,0.008713,1
1343,1774268914.488998,1774268949.161777,390,96,34.661951,4.325261,0.319334,True,0.010828,1
573,1774267974.389974,1774268187.648622,1113,399,213.254048,1.387333,0.532328,True,0.004600,2
743,1774268166.793339,1774268237.902054,1312,204,71.097900,3.648971,0.332261,True,0.010814,1
1340,1774268911.169939,1774269085.290720,1085,409,174.113939,1.378882,0.423370,True,0.006842,1
574,1774267974.596801,1774268190.159689,1042,411,215.551314,2.360175,0.519978,True,0.011575,2
744,1774268169.673234,1774268283.240084,1042,373,113.561109,2.766025,0.297836,True,0.005741,1
1341,1774268911.289182,1774268938.766682,1282,66,27.466811,4.075825,0.359861,True,0.010689,1
575,1774267974.721999,1774268170.147106,1180,414,195.413786,2.684079,0.466658,True,0.011321,2
745,1774268170.035868,1774268238.459860,128,205,68.421317,2.519889,0.323046,True,0.002675,1
1338,1774268907.233116,1774268999.103897,1314,243,91.860064,3.439892,0.365373,True,0.010716,1
576,1774267974.910178,1774268091.636788,1069,426,116.718038,2.024219,0.269868,True,0.008572,1
746,1774268172.080366,1774268289.534041,1067,398,117.453009,2.525821,0.289489,True,0.000666,1
1339,1774268910.278663,1774269083.764039,1176,548,173.481639,2.664094,0.312281,True,0.003738,1
577,1774267975.651993,1774268069.989572,209,217,94.328847,1.362443,0.430400,True,0.008732,1
747,1774268172.516092,1774268326.728208,1170,398,154.203486,1.346112,0.385031,True,0.008630,1
1337,1774268906.247329,1774268963.524800,396,136,57.266809,2.215551,0.407787,True,0.010662,1
1527,1774269187.608877,1774269369.588525,1120,375,181.972896,1.749892,0.481880,True,0.006751,2
2292,1774270283.792616,1774270478.720544,1364,480,194.921234,3.224019,0.400203,True,0.006695,1
1003,1774268474.918211,1774268633.123483,1008,373,158.200708,1.661603,0.420804,True,0.004565,1
1697,1774269446.760723,1774269487.609004,874,150,40.832643,1.676909,0.262790,True,0.015638,1
153,1774267393.384705,1774267463.444719,167,179,70.049345,0.384655,0.391375,True,0.010669,1
2122,1774270055.296976,1774270233.219671,1008,414,177.922201,1.596056,0.426940,True,0.000494,1
1528,1774269191.693666,1774269371.648093,1060,365,179.953802,1.196278,0.491092,True,0.000626,2
2293,1774270284.155509,1774270458.293680,1034,417,174.133446,3.177829,0.410951,True,0.004725,1
1004,1774268474.976066,1774268562.686600,1225,401,87.701874,2.356146,0.213364,True,0.008661,1
1698,1774269447.219209,1774269554.322778,1060,415,107.102985,4.298006,0.248321,True,0.000585,1
154,1774267393.557689,1774267540.253214,914,414,146.694975,1.745290,0.350968,True,0.000549,1
2123,1774270056.151618,1774270233.043443,985,421,176.891189,1.921226,0.416595,True,0.000637,1
1529,1774269192.424872,1774269379.037133,1009,399,186.601549,2.676209,0.462124,True,0.010711,2
2294,1774270285.716911,1774270457.637524,1084,414,171.914859,2.321288,0.410638,True,0.005754,1
1005,1774268475.724138,1774268668.736526,1181,426,193.006745,2.153648,0.449066,True,0.005643,1
1699,1774269448.532288,1774269472.403241,399,92,23.866995,1.543262,0.245316,True,0.003958,1
155,1774267395.904870,1774267453.220976,209,217,57.310487,0.485573,0.263078,True,0.005620,1
2124,1774270056.624209,1774270237.078377,988,432,180.446489,1.949713,0.414146,True,0.007679,1
1530,1774269192.634323,1774269383.518367,1053,414,190.879338,2.472737,0.456190,True,0.004705,2
2295,1774270286.462179,1774270311.047164,378,45,24.574305,1.710752,0.519626,True,0.010680,1
1006,1774268476.362791,1774268540.755024,1311,169,64.386390,1.944309,0.371679,True,0.005844,1
1700,1774269449.171812,1774269635.984069,1219,429,186.811606,1.466391,0.433050,True,0.000651,1
156,1774267396.764215,1774267646.129632,982,594,249.359966,1.156947,0.418555,True,0.005451,2
2125,1774270057.098571,1774270233.175484,1027,414,176.070052,1.747290,0.422089,True,0.006861,1
1531,1774269193.307351,1774269201.483498,304,18,8.165428,3.590005,0.269143,True,0.010719,1
2296,1774270287.759217,1774270300.684489,1028,55,12.922556,1.934807,0.203477,True,0.002717,1
1007,1774268478.602000,1774268544.269814,200,179,65.663341,0.376798,0.366778,True,0.004473,1
1701,1774269450.588321,1774269613.771273,1100,371,163.172072,1.265334,0.437586,True,0.010880,1
157,1774267398.481603,1774267444.209451,200,161,45.721166,0.503907,0.282608,True,0.006682,1
2126,1774270057.100785,1774270217.747484,1042,394,160.631572,2.242878,0.403025,True,0.015127,1
1532,1774269194.339661,1774269384.677578,1097,418,190.328060,1.992899,0.451643,True,0.009857,2
2297,1774270288.466033,1774270453.349391,1103,396,164.880620,1.289934,0.414154,True,0.002738,1
1008,1774268484.906435,1774268668.547103,1060,397,183.640121,1.118320,0.460914,True,0.000547,1
1702,1774269452.867843,1774269558.663132,1064,418,105.792567,2.104500,0.248652,True,0.002722,1
158,1774267398.659501,1774267461.949213,1313,156,63.284121,1.440578,0.398991,True,0.005591,1
2127,1774270057.507158,1774270178.220989,1071,384,120.705071,2.101885,0.309669,True,0.008759,1
1533,1774269194.742931,1774269414.304547,1018,476,219.555973,2.044964,0.457918,True,0.005644,2
2298,1774270289.727889,1774270354.169221,1314,156,64.440791,1.474229,0.406236,True,0.000541,1
1009,1774268487.062645,1774268494.011212,763,30,6.943867,1.529944,0.186687,True,0.004699,1
1703,1774269454.116475,1774269631.548221,1064,414,177.431234,1.384902,0.426262,True,0.000513,1
159,1774267399.230565,1774267592.473929,999,416,193.235691,2.053179,0.460681,True,0.007672,2
2128,1774270057.642467,1774270226.484131,1093,401,168.835906,2.242885,0.416483,True,0.005757,1
1534,1774269195.183303,1774269216.130336,1143,70,20.939370,2.265752,0.270632,True,0.007663,1
2299,1774270289.904685,1774270307.602507,404,91,17.697267,0.888882,0.186760,True,0.000555,1
1010,1774268489.251611,1774268555.472317,1353,181,66.216987,1.547299,0.359276,True,0.003719,1
1704,1774269458.818735,1774269643.536045,1003,418,184.712772,1.265672,0.439921,True,0.004538,1
160,1774267405.022960,1774267592.125958,1084,397,187.098521,1.280065,0.469239,True,0.004478,2
2129,1774270058.696776,1774270278.226557,1171,523,219.522074,1.970973,0.416765,True,0.007707,1
1535,1774269200.792632,1774269229.707902,991,108,28.907578,1.985697,0.251606,True,0.007692,1
2300,1774270290.751519,1774270451.089890,1002,388,160.331488,1.648624,0.410033,True,0.006883,1
1011,1774268493.206114,1774268683.760461,1035,411,190.552417,1.296629,0.461599,True,0.001930,1
1705,1774269461.449370,1774269653.800052,1204,437,192.344929,1.289150,0.438201,True,0.005753,1
161,1774267405.187226,1774267442.743592,399,106,37.550749,1.511012,0.343236,True,0.005617,1
2130,1774270059.892964,1774270236.726663,1048,433,176.822932,2.006560,0.404668,True,0.010768,1
1536,1774269201.354178,1774269239.626223,1155,75,38.270383,1.517942,0.496655,True,0.001662,1
2301,1774270291.921597,1774270496.591154,1128,502,204.665779,1.815700,0.404890,True,0.003778,1
1012,1774268496.290640,1774268540.664675,394,110,44.373502,0.513438,0.402386,True,0.000533,1
1706,1774269461.764220,1774269500.956747,1656,82,39.188934,3.162890,0.444766,True,0.003594,1
162,1774267406.562811,1774267652.276450,1065,594,245.707901,1.359838,0.412054,True,0.005738,2
2131,1774270060.011786,1774270093.912800,1821,84,33.895328,3.346060,0.368063,True,0.005686,1
1537,1774269203.302583,1774269394.082593,1143,429,190.772327,1.504369,0.442215,True,0.007683,2
2302,1774270295.334983,1774270455.965473,1018,395,160.625781,1.166481,0.404719,True,0.004710,1
1013,1774268498.145216,1774268577.940080,126,203,79.786831,0.367791,0.393164,True,0.008033,1
1707,1774269461.887395,1774269656.813049,1179,445,194.922009,2.232517,0.433985,True,0.003644,1
163,1774267414.051409,1774267580.544142,1036,446,166.481511,1.957554,0.369717,True,0.011222,1
2132,1774270061.314751,1774270098.982137,388,98,37.663687,2.442063,0.363110,True,0.003699,1
1538,1774269204.624751,1774269386.864788,1068,401,182.232051,1.377300,0.452137,True,0.007986,2
2303,1774270296.095460,1774270318.136398,840,45,22.034188,1.395351,0.469064,True,0.006750,1
1014,1774268498.216112,1774268732.724002,1264,440,234.497151,1.510033,0.530722,True,0.010740,2
1708,1774269462.542540,1774269654.961156,1146,440,192.418084,2.563138,0.432471,True,0.000532,1
164,1774267416.317549,1774267563.524187,1243,398,147.202235,2.404774,0.364729,True,0.004403,1
2133,1774270061.386228,1774270098.969180,1047,99,37.578368,2.070634,0.362324,True,0.004584,1
1539,1774269205.054072,1774269387.656317,1036,619,182.591553,1.912649,0.292361,True,0.010693,1
2304,1774270299.628757,1774270323.463645,449,119,23.827565,0.928005,0.194064,True,0.007322,1
1015,1774268499.993710,1774268505.599814,91,16,5.604358,0.294780,0.353972,True,0.001746,1
1709,1774269462.793322,1774269500.500240,420,80,37.701076,2.382411,0.447072,True,0.005842,1
165,1774267417.829988,1774267607.128560,1128,384,189.291886,1.302607,0.490834,True,0.006686,2
2134,1774270064.579978,1774270109.613307,21,138,45.022374,0.267713,0.326676,True,0.010955,1
1540,1774269206.617013,1774269414.572967,1032,447,207.947312,1.120144,0.463738,True,0.008641,2
2305,1774270300.885319,1774270360.327097,376,145,59.436037,0.593608,0.408628,True,0.005741,1
1016,1774268500.488033,1774268520.607602,382,53,20.115910,0.656265,0.374224,True,0.003660,1
1710,1774269463.956243,1774269687.916660,1136,518,223.952657,2.436074,0.428465,True,0.007760,1
166,1774267418.205407,1774267587.604547,1000,375,169.391450,2.200691,0.447034,True,0.007689,2
2135,1774270067.551519,1774270201.671679,971,444,134.114409,1.748134,0.298795,True,0.005750,1
1541,1774269208.626903,1774269291.733953,1015,399,83.106358,2.008829,0.203763,True,0.000692,1
2306,1774270301.534314,1774270460.341604,1030,393,158.802559,1.350716,0.401663,True,0.004730,1
1017,1774268500.660466,1774268534.992609,395,88,34.325520,0.694128,0.386568,True,0.006623,1
1711,1774269468.587549,1774269493.523095,402,95,24.934976,0.902902,0.255660,True,0.000570,1
167,1774267419.012759,1774267437.350960,992,56,18.335519,1.897487,0.298873,True,0.002682,1
2136,1774270068.208283,1774270199.780865,1185,434,131.566870,3.227448,0.296396,True,0.005712,1
1542,1774269209.317566,1774269286.020750,1312,175,76.701460,1.583954,0.431710,True,0.001724,1
2307,1774270301.610391,1774270337.897647,374,79,36.286654,1.419238,0.447018,True,0.000602,1
1018,1774268502.989449,1774268686.766690,1004,396,183.770324,1.222986,0.462145,True,0.006917,1
1712,1774269469.802856,1774269535.177195,18,128,65.365332,0.534920,0.510476,True,0.009007,1
168,1774267419.239933,1774267457.544991,920,87,38.300362,1.555512,0.427266,True,0.004696,1
2137,1774270072.126315,1774270237.386501,1231,396,165.259617,1.587642,0.414359,True,0.000568,1
1543,1774269209.893234,1774269265.773003,685,120,55.872042,1.798178,0.454402,True,0.007727,1
2308,1774270302.048623,1774270333.078368,1992,66,31.025115,3.167846,0.428573,True,0.004630,1
1019,1774268503.749094,1774269028.121635,181,1000,524.368176,0.853310,0.524039,True,0.004366,2
1713,1774269472.161764,1774269582.046094,12,231,109.883665,0.288328,0.476501,True,0.000665,1
169,1774267419.481017,1774267562.025039,1040,388,142.533330,5.683441,0.353617,True,0.010692,1
2138,1774270073.206191,1774270109.613147,413,113,36.395997,0.889951,0.317018,True,0.010958,1
1544,1774269210.790305,1774269259.227485,398,98,48.433393,1.046411,0.488526,True,0.003787,1
2309,1774270304.732235,1774270458.991226,957,388,154.255180,1.578012,0.394515,True,0.003811,1
1020,1774268505.160136,1774268600.260897,1031,397,95.093003,2.009403,0.235060,True,0.007759,1
1714,1774269472.170641,1774269577.363501,1271,423,105.190221,2.476114,0.243398,True,0.002639,1
170,1774267419.548837,1774267449.083820,411,101,29.530363,5.844314,0.236860,True,0.004620,1
2139,1774270075.441205,1774270248.383986,1255,414,172.935073,1.610866,0.414829,True,0.007708,1
1545,1774269214.791389,1774269393.408747,1173,385,178.613699,1.465334,0.461324,True,0.003659,2
2310,1774270304.873344,1774270456.450350,1043,377,151.570281,2.259218,0.397104,True,0.006725,1
1021,1774268505.816340,1774268540.302444,416,86,34.483457,0.560982,0.399088,True,0.002647,1
1715,1774269473.591961,1774269490.969026,434,77,17.368370,1.954911,0.202809,True,0.008695,1
171,1774267419.592445,1774267446.931294,900,91,27.336262,2.983550,0.270586,True,0.002587,1
2140,1774270077.421873,1774270112.026295,922,104,34.601694,1.849683,0.317981,True,0.002728,1
1546,1774269216.077019,1774269410.791630,1073,454,194.714060,1.560322,0.426388,True,0.000551,2
2311,1774270306.120610,1774270355.757446,864,129,49.628871,2.125910,0.371117,True,0.007964,1
1022,1774268508.359597,1774268588.156899,171,198,79.788506,0.463399,0.402666,True,0.008796,1
1716,1774269475.116380,1774269634.037577,1050,362,158.920576,1.310960,0.436592,True,0.000620,1
172,1774267419.990936,1774267575.468274,1018,425,155.466594,5.173592,0.354465,True,0.010744,1
2141,1774270078.002721,1774270190.355451,1080,375,112.352141,3.327335,0.291510,True,0.000589,1
1547,1774269216.482194,1774269244.993267,2042,56,28.504043,2.672726,0.469660,True,0.007030,1
2312,1774270310.862317,1774270467.381281,1150,395,156.516308,1.276573,0.394009,True,0.002656,1
1023,1774268510.408909,1774268541.784403,383,76,31.364788,0.709314,0.408740,True,0.010707,1
1717,1774269475.859741,1774269655.843120,1069,410,179.977669,1.681763,0.435931,True,0.005711,1
173,1774267424.119769,1774267448.684509,395,99,24.555939,2.066754,0.229481,True,0.008801,1
2142,1774270078.837062,1774270098.769967,383,48,19.926014,2.702416,0.366460,True,0.006891,1
1548,1774269216.750085,1774269405.825652,1061,408,189.064933,3.686076,0.455476,True,0.010633,2
2313,1774270313.087966,1774270340.276288,386,69,27.186632,0.534188,0.391948,True,0.001690,1
1024,1774268511.084423,1774268767.763159,1133,463,256.673020,1.496286,0.552331,True,0.005717,2
1718,1774269477.416987,1774269480.638090,242,14,3.218410,0.578826,0.203045,True,0.002694,1
174,1774267425.314188,1774267479.199066,209,217,53.880207,1.014373,0.244749,True,0.004671,1
2143,1774270081.364785,1774270087.764788,120,12,6.399223,0.321041,0.552562,True,0.000780,1
1549,1774269218.700313,1774269245.319591,17,120,26.618531,0.373778,0.220544,True,0.000747,1
2314,1774270313.481687,1774270322.253094,325,18,8.760620,0.781565,0.469356,True,0.010787,1
1025,1774268513.343275,1774268534.759280,419,93,21.407294,0.919112,0.222698,True,0.008710,1
1719,1774269478.244492,1774269675.306265,1116,451,197.054116,1.267158,0.435082,True,0.007658,1
175,1774267434.486689,1774267488.262851,181,113,53.774496,0.555136,0.475173,True,0.001666,1
2144,1774270081.527776,1774270107.783446,376,84,26.253994,0.924986,0.305169,True,0.001677,1
1550,1774269223.095944,1774269324.229651,1316,170,101.125034,1.516064,0.589402,True,0.008672,2
2315,1774270315.050775,1774270480.089095,1114,429,165.033511,1.289713,0.382579,True,0.004810,1
1026,1774268513.935775,1774268732.901025,1083,397,218.960819,1.198973,0.549904,True,0.004431,2
1720,1774269479.097597,1774269660.424101,998,411,181.317646,1.560365,0.438432,True,0.008858,1
176,1774267435.558673,1774267619.482603,1118,414,183.919251,1.360317,0.442031,True,0.004678,2
2145,1774270081.848361,1774270161.290750,1315,199,79.437656,1.583263,0.393204,True,0.004733,1
1551,1774269223.179180,1774269245.319892,439,98,22.132829,1.003620,0.217827,True,0.007884,1
2316,1774270316.198085,1774270471.377412,1093,398,155.178699,1.754047,0.386460,True,0.000628,1
1027,1774268515.636148,1774268732.410860,1146,394,216.764987,1.496901,0.547756,True,0.009724,2
1721,1774269480.388479,1774269654.357967,1103,393,173.968848,1.571213,0.439790,True,0.000640,1
177,1774267435.626448,1774267627.644519,972,392,192.007458,1.715208,0.486681,True,0.010613,2
2146,1774270082.016584,1774270136.047776,36,130,54.020410,1.641290,0.406040,True,0.010781,1
1552,1774269224.234734,1774269289.693739,390,155,65.458457,0.971885,0.418744,True,0.000549,1
2317,1774270316.497001,1774270461.344097,1052,373,144.846505,1.170502,0.386226,True,0.000591,1
1028,1774268517.102924,1774268549.633111,385,88,32.519358,0.616866,0.366695,True,0.010829,1
1722,1774269484.050270,1774269665.294679,1163,418,181.236727,1.493623,0.431039,True,0.007683,1
178,1774267437.082088,1774267467.542678,1847,53,30.453897,2.372924,0.540019,True,0.006693,1
2147,1774270084.107248,1774270108.461118,422,67,24.346095,0.716365,0.358026,True,0.007775,1
1553,1774269225.182327,1774269354.836771,1023,406,129.650787,1.988185,0.315216,True,0.003657,1
2318,1774270317.878583,1774270413.185071,1122,377,95.301696,2.077034,0.247938,True,0.004791,1
1029,1774268520.832857,1774268770.352920,1264,418,249.519452,1.580795,0.594577,True,0.000611,2
1723,1774269485.566868,1774269689.897680,1065,474,204.323093,1.335067,0.429150,True,0.007719,1
179,1774267438.414214,1774267459.889172,392,96,21.468315,0.854234,0.216990,True,0.006643,1
2148,1774270084.522717,1774270103.366691,374,44,18.837243,0.836140,0.418630,True,0.006731,1
1554,1774269225.500092,1774269454.434696,1029,519,228.929979,1.139287,0.439750,True,0.004625,2
2319,1774270319.169468,1774270464.256893,1002,373,145.076643,1.357974,0.386341,True,0.010782,1
1030,1774268522.327952,1774268558.198348,402,103,35.865258,0.680198,0.344952,True,0.005138,1
1724,1774269486.996881,1774269535.967096,1063,93,48.967462,1.397460,0.517065,True,0.002753,1
180,1774267439.195957,1774267549.327737,197,217,110.126150,0.609753,0.507020,True,0.005629,2
2149,1774270085.640092,1774270125.118079,1360,94,39.477096,1.753815,0.405627,True,0.000890,1
1555,1774269225.802253,1774269287.430045,404,144,61.627000,1.446783,0.420841,True,0.000792,1
2320,1774270325.537156,1774270481.059457,1071,405,155.521771,1.351656,0.381609,True,0.000530,1
1031,1774268524.199061,1774268581.902332,415,142,57.702712,0.534851,0.405446,True,0.000559,1
1725,1774269489.165982,1774269537.358804,398,95,48.188176,0.553591,0.506751,True,0.004645,1
181,1774267439.514186,1774267593.233624,975,409,153.713748,1.888102,0.372122,True,0.005690,1
2150,1774270086.678462,1774270203.241475,1076,396,116.554342,1.992854,0.290029,True,0.008671,1
1556,1774269229.560481,1774269419.308418,1124,408,189.740225,1.328933,0.462927,True,0.007712,2
2321,1774270325.687586,1774270343.003547,1369,44,17.310348,2.063022,0.354589,True,0.005613,1
1032,1774268525.640142,1774268550.546422,386,66,24.905657,0.760990,0.371456,True,0.000624,1
1726,1774269490.132786,1774269570.505543,874,169,80.364337,1.187816,0.471289,True,0.008420,1
182,1774267439.759460,1774267631.800338,1025,443,192.033243,1.379152,0.431344,True,0.007636,2
2151,1774270086.794149,1774270126.230753,1313,137,39.428913,3.759489,0.262275,True,0.007690,1
1557,1774269232.912683,1774269425.854358,1044,413,192.938797,1.356966,0.465004,True,0.002877,2
2322,1774270326.259640,1774270520.944991,1160,468,194.684716,2.784724,0.410921,True,0.000635,1
1033,1774268528.267409,1774268583.176973,1312,134,54.908958,1.504726,0.401536,True,0.000606,1
1727,1774269490.583208,1774269669.352171,1056,417,178.768356,1.916323,0.425125,True,0.000607,1
183,1774267441.396397,1774267627.574621,1027,388,186.167531,1.245507,0.477835,True,0.010693,2
2152,1774270088.254821,1774270116.931146,890,89,28.671658,3.351654,0.287727,True,0.004667,1
1558,1774269233.301314,1774269413.854263,1022,390,180.546232,2.222065,0.458417,True,0.006717,2
2323,1774270326.655995,1774270353.557696,1868,82,26.894945,3.382676,0.290275,True,0.006756,1
1034,1774268528.677521,1774268632.479223,1009,399,103.799062,4.102255,0.250494,True,0.002640,1
1728,1774269491.245093,1774269516.322427,1116,79,25.073719,2.139273,0.294031,True,0.003615,1
184,1774267442.106373,1774267631.652992,1143,409,189.535902,2.033180,0.459565,True,0.010718,2
2153,1774270088.507453,1774270252.015783,1161,395,163.497600,1.266875,0.411753,True,0.010730,1
1559,1774269234.722286,1774269283.651641,393,113,48.928771,1.410296,0.424272,True,0.000585,1
2324,1774270328.978049,1774270354.912343,1571,89,25.925507,3.970216,0.249492,True,0.008787,1
1035,1774268528.705782,1774268627.625987,1196,373,98.914522,4.071043,0.254956,True,0.005683,1
1729,1774269492.088186,1774269662.799216,1044,396,170.703285,1.820137,0.427552,True,0.007745,1
185,1774267442.239649,1774267616.155762,1028,394,173.915572,2.519445,0.436122,True,0.000541,2
2154,1774270091.038197,1774270125.207481,382,86,34.168659,0.667838,0.394127,True,0.000625,1
1560,1774269234.830400,1774269251.313270,406,82,16.478270,0.897511,0.192355,True,0.004600,1
2325,1774270332.054615,1774270372.245748,719,113,40.185395,0.878322,0.350956,True,0.005738,1
1036,1774268528.892905,1774268763.898196,1007,395,235.002626,2.136938,0.591030,True,0.002665,2
1730,1774269493.405948,1774269615.994814,1075,466,122.586157,2.138463,0.259027,True,0.002709,1
186,1774267442.290526,1774267618.692180,874,402,176.401082,1.375147,0.436474,True,0.000571,2
2155,1774270092.341728,1774270117.645317,397,86,25.302944,1.004994,0.285858,True,0.000645,1
1561,1774269235.353901,1774269409.409762,1102,408,174.055355,1.722137,0.423423,True,0.000506,2
2326,1774270332.958863,1774270356.822565,413,102,23.852996,0.910612,0.227152,True,0.010707,1
1037,1774268530.331856,1774268752.264470,1024,393,221.925853,1.913507,0.561256,True,0.006762,2
1731,1774269495.555027,1774269540.646941,401,89,45.082234,0.594440,0.505543,True,0.009681,1
187,1774267445.112582,1774267654.020566,997,492,208.907366,1.153011,0.423125,True,0.000618,2
2156,1774270092.803791,1774270129.456474,420,88,36.647933,0.571038,0.414677,True,0.004751,1
1562,1774269235.433945,1774269243.729448,238,14,8.292866,1.696019,0.507450,True,0.002637,1
2327,1774270335.166895,1774270507.146055,1066,431,171.971409,1.152372,0.397254,True,0.007751,1
1038,1774268533.324224,1774268804.993136,923,468,271.667235,1.211457,0.579134,True,0.001677,2
1732,1774269497.751198,1774269719.269507,1044,524,221.517701,1.351721,0.420967,True,0.000608,1
188,1774267445.546367,1774267575.745430,72,245,130.189255,2.368436,0.523856,True,0.009808,2
2157,1774270093.514498,1774270262.271899,1062,397,168.747693,1.439059,0.422497,True,0.009708,1
1563,1774269238.014000,1774269423.384428,1146,396,185.369868,1.379368,0.465799,True,0.000560,2
2328,1774270336.477525,1774270437.766893,1058,419,101.280599,2.103926,0.237265,True,0.008770,1
1039,1774268534.115499,1774268952.961876,1318,918,418.835644,2.063399,0.454495,True,0.010733,2
1733,1774269498.530459,1774269574.121863,1312,157,75.587671,1.871046,0.472542,True,0.003733,1
189,1774267445.553590,1774267617.943081,851,397,172.376618,1.659242,0.431104,True,0.012873,2
2158,1774270094.577703,1774270251.268705,1122,377,156.687203,1.695129,0.412213,True,0.003799,1
1564,1774269240.298229,1774269408.945501,1048,396,168.637541,1.271261,0.423712,True,0.009732,2
2329,1774270336.608875,1774270480.174864,1000,375,143.565368,1.060140,0.381030,True,0.000620,1
1040,1774268538.680820,1774268575.277455,432,95,36.593009,0.714939,0.381682,True,0.003625,1
1734,1774269503.343971,1774269677.785688,1039,398,174.433092,1.315370,0.436065,True,0.008625,1
190,1774267445.966393,1774267486.063708,408,91,40.088527,2.062870,0.422507,True,0.008788,1
2159,1774270096.364143,1774270211.363888,1099,420,114.993935,2.063976,0.269523,True,0.005810,1
1565,1774269240.436599,1774269414.509704,1040,414,174.068196,1.969298,0.416704,True,0.004910,2
2330,1774270336.984496,1774270354.563477,404,68,17.572298,2.518126,0.224689,True,0.006683,1
1041,1774268540.548477,1774268665.155751,1010,429,124.606573,2.010641,0.286439,True,0.000700,2
1735,1774269506.439513,1774269610.377114,1027,390,103.927447,1.942091,0.262173,True,0.010153,1
191,1774267446.096882,1774267670.736673,1113,531,224.639005,1.738232,0.420567,True,0.000786,2
2160,1774270101.437403,1774270264.664068,1048,379,163.222965,1.376705,0.428165,True,0.003700,1
1566,1774269242.357893,1774269262.880635,750,44,20.520030,0.999096,0.453975,True,0.002713,1
2331,1774270338.750025,1774270371.496028,1484,159,32.739000,3.254631,0.186610,True,0.007004,1
1042,1774268542.451308,1774268559.406261,371,78,16.944832,0.962210,0.207567,True,0.010121,1
1736,1774269506.961285,1774269554.393174,395,93,47.427104,0.525649,0.509798,True,0.004785,1
192,1774267447.572493,1774267532.138551,1313,170,84.560261,1.787983,0.489777,True,0.005797,2
2161,1774270104.142890,1774270215.472338,1055,413,111.327770,1.993037,0.265376,True,0.001679,1
1567,1774269244.995546,1774269416.258993,1037,373,171.259833,1.162392,0.457251,True,0.003614,2
2332,1774270341.387636,1774270358.811932,400,98,17.420636,1.538508,0.163733,True,0.003659,1
1043,1774268543.262794,1774268579.025614,403,91,35.752620,0.635348,0.390192,True,0.010200,1
1737,1774269507.317389,1774269618.907087,1133,423,111.582960,3.256401,0.256698,True,0.006737,1
193,1774267448.185380,1774267636.686915,1083,426,188.500991,2.523366,0.437594,True,0.000544,2
2162,1774270108.987266,1774270132.598816,1006,44,23.608784,1.215168,0.520782,True,0.002765,1
1568,1774269245.533358,1774269426.570091,1156,390,181.029018,2.101652,0.459968,True,0.007714,2
2333,1774270341.841908,1774270372.290710,429,84,30.448125,0.573915,0.359930,True,0.000677,1
1044,1774268545.609064,1774268583.582027,389,94,37.969893,0.539701,0.402475,True,0.003069,1
1738,1774269508.486451,1774269753.934230,1156,565,245.442913,1.364614,0.432763,True,0.004866,1
194,1774267449.419619,1774267630.483635,1139,394,181.060353,1.846338,0.456015,True,0.003663,2
2163,1774270109.698209,1774270158.350545,1670,117,48.651784,2.482255,0.398013,True,0.000552,1
1569,1774269247.837545,1774269457.616013,1034,479,209.771721,1.251138,0.436236,True,0.006747,2
2334,1774270345.462186,1774270516.786924,1054,414,171.324061,2.485970,0.408809,True,0.000678,1
1045,1774268546.995893,1774268822.036393,1072,468,275.037178,1.200243,0.586375,True,0.003323,2
1739,1774269509.199122,1774269732.167364,1082,522,222.957488,1.833681,0.424422,True,0.010754,1
195,1774267451.583685,1774267642.033076,978,437,190.445317,1.127784,0.434215,True,0.004074,2
2164,1774270110.066362,1774270133.725186,411,81,23.658288,0.932002,0.284079,True,0.000535,1
1570,1774269249.139758,1774269284.603137,430,90,35.453537,0.796073,0.389410,True,0.009843,1
2335,1774270345.475363,1774270366.433918,691,51,20.949855,2.464695,0.369703,True,0.008700,1
1046,1774268549.204090,1774268603.028635,391,116,53.820802,0.705026,0.461876,True,0.003743,1
1740,1774269511.424565,1774269672.289989,1126,375,160.864805,1.296559,0.426653,True,0.000619,1
196,1774267452.784472,1774267524.884956,26,146,72.099834,0.522680,0.493636,True,0.000650,2
2165,1774270112.769428,1774270134.332425,1757,45,21.557342,1.942440,0.445793,True,0.005656,1
1571,1774269251.537470,1774269265.230165,1044,35,13.690916,1.271732,0.365270,True,0.001780,1
2336,1774270345.632672,1774270380.022475,396,90,34.383209,2.309408,0.360380,True,0.006594,1
1047,1774268549.711000,1774268574.232801,396,105,24.516046,0.916320,0.226920,True,0.005755,1
1741,1774269512.004222,1774269606.390747,1314,210,94.378706,2.247822,0.440818,True,0.007819,1
197,1774267453.202018,1774267477.570125,386,61,24.360334,0.544023,0.396939,True,0.007773,1
2166,1774270112.833942,1774270232.728909,999,419,119.890337,1.942433,0.282172,True,0.004629,1
1572,1774269252.795467,1774269426.340975,1009,415,173.541764,1.227337,0.416218,True,0.003743,2
2337,1774270347.430637,1774270383.541510,387,97,36.102031,1.146575,0.364119,True,0.008841,1
1048,1774268554.231491,1774268640.029399,209,179,85.787094,0.554356,0.478836,True,0.010814,1
1742,1774269512.196008,1774269606.705302,1062,373,94.508714,1.953926,0.248803,True,0.000579,1
198,1774267456.112301,1774267636.617124,1074,411,180.498141,1.378377,0.436877,True,0.006682,2
2167,1774270113.486660,1774270120.543170,247,14,7.050705,1.745946,0.408058,True,0.005805,1
1573,1774269253.730875,1774269431.482406,1026,400,177.751035,1.566231,0.441566,True,0.000496,2
2338,1774270354.062526,1774270512.716076,1185,384,158.652957,1.466758,0.410408,True,0.000594,1
1049,1774268555.751294,1774268683.375913,1136,401,127.617775,2.116618,0.313753,True,0.006843,2
1743,1774269512.363013,1774269525.903731,238,14,13.533013,1.997533,0.887345,True,0.007705,1
199,1774267459.097468,1774267538.139741,209,162,79.035514,0.377357,0.488560,True,0.006759,2
2168,1774270114.163733,1774270278.050735,1020,388,163.878221,1.958726,0.418397,True,0.008782,1
1574,1774269253.958736,1774269456.765207,1089,465,202.795730,1.934818,0.432890,True,0.010741,2
2339,1774270355.823594,1774270602.042152,1130,609,246.215812,1.447189,0.402580,True,0.002746,1
1050,1774268559.324488,1774268608.833112,206,183,49.503862,0.448787,0.269533,True,0.004762,1
1744,1774269514.347780,1774269596.771006,1313,181,82.418706,1.591982,0.449037,True,0.004521,1
200,1774267459.645556,1774267649.053151,1099,455,189.400918,1.297324,0.414325,True,0.006677,2
2169,1774270114.723426,1774270145.816564,442,99,31.085469,1.014359,0.306848,True,0.007668,1
1575,1774269258.724327,1774269346.602327,62,152,87.871207,0.546116,0.578312,True,0.006793,2
2340,1774270361.491425,1774270423.747104,1313,145,62.249892,1.647879,0.420847,True,0.005787,1
1051,1774268559.448002,1774268601.469639,203,162,42.017169,0.816599,0.255904,True,0.004468,1
1745,1774269515.100961,1774269687.870004,1200,406,172.758363,2.461451,0.420486,True,0.010680,1
201,1774267463.854758,1774267469.315322,120,12,5.456912,0.423238,0.457607,True,0.003652,1
2170,1774270115.506492,1774270119.760401,324,18,4.251200,0.963748,0.193380,True,0.002708,1
1576,1774269260.592079,1774269280.704638,382,53,20.106674,0.789448,0.371485,True,0.005885,1
2341,1774270362.598663,1774270415.386132,398,123,52.781737,1.446453,0.420781,True,0.005733,1
1052,1774268561.082585,1774268809.893017,1025,414,248.809828,1.309435,0.599275,True,0.000604,2
1746,1774269516.269574,1774269549.748961,413,137,33.468657,0.914502,0.239369,True,0.010729,1
202,1774267463.991612,1774267548.775501,126,173,84.782219,1.183943,0.486036,True,0.001670,1
2171,1774270116.216751,1774270294.590047,1009,410,178.366462,1.399006,0.432683,True,0.006834,1
1577,1774269260.731977,1774269414.378254,998,373,153.636509,1.359587,0.409347,True,0.009768,2
2342,1774270362.737191,1774270478.393006,1121,423,115.645140,2.107336,0.269047,True,0.010675,1
1053,1774268562.658987,1774268584.443037,944,40,21.778487,1.110123,0.529958,True,0.005563,1
1747,1774269517.508263,1774269677.738997,1054,374,160.226053,1.235357,0.426249,True,0.004682,1
203,1774267464.140780,1774267541.453238,416,140,77.305811,1.029677,0.548749,True,0.006646,1
2172,1774270116.368146,1774270156.716998,391,104,40.338183,1.460264,0.377456,True,0.010669,1
1578,1774269266.340120,1774269423.927879,936,431,157.582705,1.886026,0.362085,True,0.005054,1
2343,1774270362.997046,1774270407.609616,428,101,44.605805,0.756586,0.438492,True,0.006764,1
1054,1774268563.304918,1774268936.427142,1227,625,373.114459,1.976214,0.594773,True,0.007765,2
1748,1774269519.092841,1774269683.776916,1059,622,164.675258,1.954194,0.262031,True,0.008817,1
204,1774267464.467167,1774267488.202390,394,83,23.724546,1.483046,0.271238,True,0.010678,1
2173,1774270121.733576,1774270187.339540,1313,157,65.603246,1.595937,0.410303,True,0.002718,1
1579,1774269273.289191,1774269457.391844,1150,404,184.102031,1.298206,0.453608,True,0.000622,2
2344,1774270363.196943,1774270459.271175,1077,391,96.063511,3.656458,0.236941,True,0.010722,1
1055,1774268564.940269,1774268802.972727,1211,368,238.023597,1.665184,0.644028,True,0.008862,2
1749,1774269519.400000,1774269690.722816,1050,411,171.320237,1.589657,0.413977,True,0.002579,1
205,1774267464.909554,1774267634.767720,1043,399,169.847530,1.364480,0.423324,True,0.010636,2
2174,1774270125.116814,1774270208.854308,1317,198,83.725638,1.687558,0.416437,True,0.011857,1
1580,1774269274.098841,1774269452.953672,1099,410,178.854291,1.721252,0.433088,True,0.000540,2
2345,1774270364.415424,1774270383.897702,1341,50,19.476537,1.693313,0.362923,True,0.005741,1
1056,1774268565.250257,1774268806.555731,1186,377,241.299664,1.930751,0.636619,True,0.005810,2
1750,1774269521.021429,1774269695.940646,1069,419,174.910478,1.170569,0.415646,True,0.008739,1
206,1774267464.909688,1774267638.925512,1099,396,173.994458,2.241899,0.434817,True,0.021365,2
2175,1774270125.144698,1774270154.577233,386,99,29.427976,0.828799,0.291828,True,0.004559,1
1581,1774269276.641383,1774269362.368253,7,136,85.720805,0.477434,0.631432,True,0.006065,2
2346,1774270373.176581,1774270407.383250,384,69,34.204010,0.540620,0.495050,True,0.002658,1
1057,1774268565.615731,1774268632.562130,408,129,66.935498,2.116790,0.506396,True,0.010901,1
1751,1774269521.773820,1774269697.726032,1085,426,175.947323,1.711792,0.409966,True,0.004889,1
207,1774267464.921045,1774267539.184103,857,91,74.242665,1.784359,0.805092,True,0.020393,2
2176,1774270125.500534,1774270238.760437,1043,401,113.257210,2.526098,0.276828,True,0.002693,1
1582,1774269277.062179,1774269465.318897,1033,411,188.256140,1.142206,0.456375,True,0.000577,2
2347,1774270373.320953,1774270527.478770,1085,363,154.155188,1.557408,0.421541,True,0.002629,1
1058,1774268567.616782,1774268695.174818,1139,373,127.554241,2.247225,0.336847,True,0.003794,2
1752,1774269522.602760,1774269703.436236,1012,434,180.822721,2.082815,0.412794,True,0.010755,1
208,1774267466.614607,1774267569.538526,209,217,102.922317,0.561627,0.473892,True,0.001602,1
2177,1774270126.690629,1774270145.252887,1165,45,18.561706,3.548975,0.341198,True,0.000551,1
1583,1774269277.393677,1774269463.016263,1071,415,185.614781,1.950340,0.443634,True,0.007805,2
2348,1774270375.684449,1774270416.638005,404,93,40.942873,0.765249,0.436713,True,0.010682,1
1059,1774268568.735106,1774268605.651221,419,130,36.912508,1.997730,0.270657,True,0.003606,1
1753,1774269523.562109,1774269545.388033,1537,51,21.823234,2.148666,0.393491,True,0.002689,1
209,1774267467.715649,1774267626.237184,1109,365,158.520970,2.087668,0.429762,True,0.000565,1
2178,1774270127.342395,1774270312.324714,1028,414,184.978641,1.146365,0.445114,True,0.003678,1
1584,1774269278.593927,1774269466.851223,1099,414,188.254501,2.012621,0.450949,True,0.002796,2
2349,1774270375.883598,1774270431.501303,1386,125,55.608799,1.764970,0.434224,True,0.008907,1
1060,1774268568.988569,1774268842.615771,1199,441,273.621573,1.451530,0.618568,True,0.005629,2
1754,1774269526.507274,1774269546.418077,401,80,19.907050,0.896550,0.240639,True,0.003753,1
210,1774267468.816142,1774267645.452884,993,441,176.630013,2.963627,0.394696,True,0.006728,1
2179,1774270129.498403,1774270191.068010,1821,143,61.563853,2.134138,0.418519,True,0.005755,1
1585,1774269279.522782,1774269284.830052,238,14,5.300455,0.600540,0.361532,True,0.006815,1
2350,1774270376.071890,1774270405.398006,382,57,29.320454,1.720590,0.492855,True,0.005662,1
1061,1774268569.934874,1774268661.628294,30,164,91.684755,0.820539,0.557449,True,0.008664,1
1755,1774269526.576677,1774269781.681401,1158,589,255.097974,1.231902,0.431745,True,0.006751,1
211,1774267469.243298,1774267647.330420,888,418,178.086567,1.187237,0.424219,True,0.000555,2
2180,1774270133.426094,1774270137.582654,237,14,4.148889,0.621820,0.271313,True,0.007671,1
1586,1774269280.935988,1774269363.287015,685,137,82.343320,0.807238,0.599530,True,0.007707,2
2351,1774270376.862516,1774270423.568797,396,104,46.703559,1.590409,0.437992,True,0.002722,1
1062,1774268570.494904,1774268807.983280,1008,373,237.479657,1.171539,0.635237,True,0.008719,2
1756,1774269528.017791,1774269691.043547,1028,396,163.022969,1.434889,0.409084,True,0.002787,1
212,1774267472.946298,1774267637.511474,1141,388,164.557521,1.395983,0.421606,True,0.007655,2
2181,1774270134.500004,1774270259.560026,1151,434,125.053278,2.217228,0.283686,True,0.006744,1
1587,1774269281.533463,1774269479.700095,1020,502,198.159762,1.336749,0.392860,True,0.006870,2
2352,1774270376.990604,1774270442.789896,410,152,65.791623,1.244800,0.427462,True,0.007670,1
1063,1774268571.175347,1774268815.228537,1150,387,244.048491,1.839875,0.627483,True,0.004699,2
1757,1774269528.085491,1774269551.981040,369,57,23.888889,0.445668,0.418629,True,0.006660,1
213,1774267473.594533,1774267645.589329,1067,394,171.984137,2.968528,0.430065,True,0.010659,2
2182,1774270139.068008,1774270186.633495,1484,159,47.561726,2.833089,0.283093,True,0.003761,1
1588,1774269282.172231,1774269361.370801,1315,144,79.193931,2.474500,0.536500,True,0.004639,1
2353,1774270377.440686,1774270389.234613,993,40,11.785269,1.943130,0.252363,True,0.008657,1
1064,1774268572.095186,1774268808.940564,1009,399,236.835079,2.169670,0.589612,True,0.010299,2
1758,1774269529.049323,1774269733.908708,1133,507,204.852616,1.851805,0.401187,True,0.006769,1
214,1774267474.270963,1774267652.580687,1116,423,178.299057,1.366177,0.419272,True,0.010667,2
2183,1774270140.269988,1774270180.530916,427,93,40.257225,0.540749,0.431701,True,0.003703,1
1589,1774269288.042957,1774269376.490216,9,166,88.446693,0.408212,0.533567,True,0.000565,2
2354,1774270379.776148,1774270407.247680,391,57,27.470897,0.708685,0.477897,True,0.000636,1
1065,1774268574.325377,1774268825.394712,1231,526,251.061594,2.366685,0.473705,True,0.007741,3
1759,1774269530.933022,1774269729.341771,1010,485,198.400934,1.155819,0.407531,True,0.007814,1
215,1774267474.458857,1774267541.081086,416,79,66.611589,2.104252,0.827017,True,0.010639,2
2184,1774270140.986769,1774270251.954269,1207,400,110.956684,3.297794,0.269822,True,0.010816,1
1590,1774269288.791424,1774269344.298928,421,93,55.499812,0.665721,0.596023,True,0.007691,2
2355,1774270380.976063,1774270538.670777,1190,375,157.690063,1.352503,0.418015,True,0.004652,1
1066,1774268575.556169,1774268814.529119,1027,414,238.964318,1.362005,0.575308,True,0.008632,2
1760,1774269537.695739,1774269660.790088,1066,465,123.089575,1.946097,0.261085,True,0.004774,1
216,1774267474.686199,1774267666.049775,1126,520,191.361917,2.145800,0.364578,True,0.001659,1
2185,1774270141.456277,1774270324.271740,1001,407,182.810586,1.367274,0.446905,True,0.004877,1
1591,1774269289.573291,1774269489.101186,1200,526,199.517197,1.490312,0.377194,True,0.010698,2
2356,1774270383.593097,1774270415.882008,1912,72,32.288369,2.253829,0.423022,True,0.000541,1
1067,1774268576.120193,1774268627.116682,203,181,50.989758,1.119708,0.277056,True,0.006731,1
1761,1774269538.095575,1774269644.031798,1036,422,105.928563,3.542940,0.243196,True,0.007660,1
217,1774267474.795191,1774267564.378081,203,179,89.577324,2.260776,0.490542,True,0.005567,2
2186,1774270142.398691,1774270214.689778,50,168,72.285256,0.877759,0.427590,True,0.005831,1
1328,1774268898.687632,1774269136.583892,990,559,237.890503,1.243864,0.424098,True,0.005756,1
1592,1774269290.969373,1774269359.579206,394,91,68.600646,0.827894,0.753031,True,0.009186,2
2357,1774270383.642358,1774270511.561267,1101,430,127.915321,1.997004,0.293516,True,0.003587,1
1068,1774268576.738052,1774268630.763773,388,103,54.017956,0.827720,0.521473,True,0.007766,1
1762,1774269539.522239,1774269709.358755,977,407,169.829778,1.066586,0.415673,True,0.006738,1
218,1774267478.000836,1774267552.129247,379,144,74.121557,0.601404,0.514127,True,0.006853,2
2187,1774270142.926566,1774270159.571810,1381,40,16.637497,1.595124,0.385702,True,0.007747,1
1593,1774269294.431632,1774269335.036015,1628,48,40.597574,24.858379,0.334876,True,0.006809,1
2358,1774270384.330060,1774270419.721700,719,113,35.391029,2.680159,0.292061,True,0.000612,1
1069,1774268578.980615,1774268755.017621,1231,394,176.029291,2.358840,0.441910,True,0.007715,3
1763,1774269540.320577,1774269709.777229,1097,411,169.451954,2.034138,0.408336,True,0.004698,1
219,1774267479.164742,1774267571.592459,56,164,92.419982,0.535865,0.563706,True,0.007735,2
2188,1774270145.140508,1774270182.772793,396,93,37.631727,0.762716,0.400750,True,0.000558,1
1594,1774269294.747001,1774269470.922295,1046,442,176.168598,28.842606,0.334073,True,0.006696,1
2359,1774270385.488346,1774270447.432396,1314,144,61.937335,1.867587,0.420068,True,0.006715,1
1070,1774268579.008248,1774268849.308762,1029,438,270.299869,1.137256,0.615933,True,0.000645,2
1764,1774269540.441463,1774269579.669543,396,88,39.222399,1.912293,0.428852,True,0.005680,1
220,1774267482.107976,1774267653.487568,1232,410,171.371916,1.594707,0.415103,True,0.007676,2
2189,1774270148.017593,1774270324.765620,1040,396,176.743273,1.122119,0.444611,True,0.004755,1
1331,1774268900.617896,1774269082.925605,1139,418,182.307106,2.463982,0.431278,True,0.000603,1
1595,1774269294.758989,1774269342.662932,383,84,47.898612,10.489401,0.450713,True,0.005331,1
2360,1774270386.043418,1774270546.736455,1024,395,160.689253,1.883539,0.403060,True,0.003784,1
1071,1774268579.390056,1774268811.136610,1009,385,231.743955,1.871966,0.598625,True,0.002598,2
1765,1774269545.176355,1774269762.039491,1096,514,216.857513,1.304353,0.420182,True,0.005623,1
221,1774267482.124007,1774267565.371672,209,162,83.245062,0.358636,0.514823,True,0.002602,2
2190,1774270148.245513,1774270184.025224,394,88,35.773998,1.297861,0.396277,True,0.005713,1
1336,1774268905.754105,1774268999.704182,181,246,93.949565,4.929029,0.363349,True,0.000512,1
1596,1774269295.567850,1774269336.626667,376,65,41.052073,15.206260,0.403841,True,0.006744,1
2361,1774270388.753212,1774270550.207631,1126,397,161.448663,1.320399,0.404364,True,0.005755,1
1072,1774268584.442274,1774268831.191731,1205,391,246.748169,1.447763,0.628975,True,0.001288,2
1766,1774269548.874417,1774269584.490077,2006,77,35.607889,2.584946,0.434512,True,0.007771,1
222,1774267482.321764,1774267564.304019,206,162,81.971605,0.439416,0.506411,True,0.010650,1
2191,1774270149.031672,1774270168.364321,378,48,19.323934,0.610958,0.398148,True,0.008715,1
1334,1774268904.808308,1774269120.078254,1034,519,215.264153,2.017646,0.411673,True,0.005794,1
1597,1774269296.128860,1774269345.842266,379,87,49.710638,19.375478,0.352734,True,0.002767,1
2362,1774270389.319285,1774270559.698951,976,599,170.374934,1.936857,0.281669,True,0.004732,1
1073,1774268586.861226,1774268637.160781,393,99,50.290810,0.615232,0.506894,True,0.008745,1
1767,1774269554.459984,1774269734.152714,1052,667,179.692164,1.973151,0.266845,True,0.000565,1
223,1774267486.618254,1774267646.186245,1083,378,159.560341,1.218091,0.420006,True,0.007650,2
2192,1774270152.538280,1774270370.556523,1307,501,218.017674,1.628584,0.432778,True,0.000569,1
1598,1774269296.944223,1774269470.169755,1046,395,173.216817,7.405846,0.420840,True,0.008715,1
2363,1774270391.909793,1774270563.349807,1110,427,171.435284,1.462338,0.398998,True,0.004729,1
1074,1774268587.001855,1774268615.982025,369,52,28.976582,0.690789,0.554623,True,0.003588,1
1768,1774269554.979258,1774269731.758420,1082,428,176.774388,1.345163,0.410841,True,0.004774,1
224,1774267488.631993,1774267582.615176,171,183,93.979448,0.481157,0.513727,True,0.003735,1
2193,1774270154.120852,1774270333.305384,974,402,179.173765,1.252345,0.443694,True,0.010767,1
1599,1774269297.992197,1774269482.687309,1173,420,184.690384,18.505579,0.396622,True,0.004728,1
2364,1774270392.885186,1774270553.866984,1091,401,160.973845,1.737069,0.398092,True,0.007953,1
1075,1774268588.233558,1774268837.683194,1010,393,249.438856,1.289308,0.633035,True,0.010780,2
1769,1774269557.446837,1774269712.658348,1073,378,155.205635,1.192940,0.408522,True,0.005876,1
225,1774267495.100818,1774267666.245920,982,429,171.144450,1.884007,0.395468,True,0.000652,1
2194,1774270154.199578,1774270357.770387,1129,467,203.566159,1.598052,0.433408,True,0.004649,1
1332,1774268902.743987,1774269085.967993,1139,428,183.218179,1.654508,0.425208,True,0.005827,1
1600,1774269298.431661,1774269386.905993,1351,186,88.473633,18.436372,0.378580,True,0.000699,1
2365,1774270393.641116,1774270552.647501,1093,396,159.003767,2.243786,0.396861,True,0.002617,1
1076,1774268589.840269,1774268820.755688,1049,395,230.911730,1.292296,0.582790,True,0.003689,2
1770,1774269557.496428,1774269591.669399,11,141,34.165121,0.196013,0.242636,True,0.007850,1
226,1774267497.273314,1774267549.140444,374,54,51.862331,29.559758,0.420803,True,0.004799,1
2195,1774270155.224409,1774270266.706128,1040,388,111.475009,2.066658,0.282709,True,0.006710,1
1333,1774268903.490312,1774269080.755687,1180,414,177.264793,2.337655,0.423552,True,0.000582,1
1601,1774269299.437417,1774269326.245032,243,14,26.799843,21.712849,0.391307,True,0.007771,1
2366,1774270393.914091,1774270512.266383,983,400,118.346634,1.929234,0.291773,True,0.005658,1
1077,1774268590.178931,1774268612.379743,387,73,22.195020,0.796547,0.297201,True,0.005792,1
1771,1774269558.360290,1774269719.953322,1093,396,161.589994,1.475827,0.405352,True,0.003038,1
227,1774267500.006693,1774267672.404025,1019,413,172.391608,14.247926,0.383844,True,0.005724,1
2196,1774270156.248492,1774270271.211669,1159,405,114.959435,3.798143,0.275152,True,0.003742,1
1330,1774268899.908153,1774268987.051184,1315,183,87.139223,1.824594,0.468762,True,0.003808,1
1602,1774269300.776547,1774269362.368591,410,100,61.585933,18.514443,0.435066,True,0.006111,1
2367,1774270394.522353,1774270455.216514,1314,152,60.687390,1.861439,0.389576,True,0.006772,1
1078,1774268591.461049,1774268839.861752,1010,397,248.390368,1.204315,0.624207,True,0.010336,2
1772,1774269558.552148,1774269662.331789,1014,392,103.773885,1.902216,0.260541,True,0.005755,1
228,1774267500.391455,1774267594.516005,126,205,94.117789,13.427925,0.395539,True,0.006760,1
2197,1774270156.779535,1774270269.637566,946,398,112.852183,2.283285,0.278511,True,0.005847,1
1603,1774269306.844666,1774269332.447575,387,52,25.592094,10.417790,0.297535,True,0.010816,1
2368,1774270396.336528,1774270527.149786,1015,458,130.810531,1.952374,0.281965,True,0.002727,1
1079,1774268592.605817,1774268834.834698,912,442,242.226996,1.156146,0.546646,True,0.001885,2
1773,1774269558.825132,1774269711.930211,1085,375,153.104440,2.219286,0.403436,True,0.000639,1
229,1774267503.844628,1774267666.661005,1147,396,162.811673,10.763344,0.384932,True,0.004704,1
2198,1774270158.298049,1774270273.713526,967,419,115.406729,3.553668,0.267591,True,0.008748,1
1604,1774269308.203479,1774269485.871099,1034,429,177.658824,8.444118,0.395361,True,0.008796,1
2369,1774270396.730998,1774270512.586448,1152,395,115.846834,3.691128,0.284659,True,0.008616,1
1080,1774268594.316109,1774268821.883752,981,393,227.560979,1.186726,0.577485,True,0.006664,2
1774,1774269560.636855,1774269728.793223,1174,411,168.155658,1.852724,0.405617,True,0.000710,1
230,1774267506.086093,1774267667.349300,1078,428,161.262566,27.986433,0.312122,True,0.000641,1
2199,1774270162.146212,1774270338.301042,1109,383,176.147093,1.493601,0.457208,True,0.007737,1
1605,1774269313.313794,1774269476.653718,1162,411,163.329158,3.711044,0.389312,True,0.010766,1
2370,1774270396.787726,1774270427.057332,12,113,30.265898,3.701671,0.237181,True,0.003708,1
1081,1774268595.021946,1774268806.109207,1083,397,211.079562,2.107886,0.527706,True,0.007699,3
1775,1774269563.008054,1774269715.251782,1094,378,152.241769,1.390409,0.400136,True,0.001959,1
231,1774267508.079712,1774267672.228045,883,413,164.147655,6.665972,0.382237,True,0.000678,1
2200,1774270163.169885,1774270396.485046,1171,526,233.312446,1.735402,0.441099,True,0.002715,1
1335,1774268905.398077,1774269050.957484,1166,401,145.551658,2.269422,0.358206,True,0.007749,1
1606,1774269315.347000,1774269526.599552,1121,506,211.249894,1.852430,0.414648,True,0.002658,1
2371,1774270397.248642,1774270582.963028,1125,468,185.709692,1.259159,0.394969,True,0.004694,1
1082,1774268595.123166,1774268622.351911,1076,51,27.228178,1.593530,0.512693,True,0.000567,1
1776,1774269564.544126,1774269730.667125,1086,410,166.120265,1.359293,0.402839,True,0.002735,1
232,1774267509.304856,1774267617.525263,169,217,108.209701,14.299209,0.434771,True,0.010707,1
2201,1774270163.215522,1774270195.049191,1670,65,31.825005,3.327673,0.445271,True,0.008664,1
1607,1774269321.795846,1774269327.601551,331,18,5.805137,0.512841,0.311312,True,0.000567,1
2372,1774270398.153231,1774270563.305678,1024,410,165.146730,1.663462,0.399715,True,0.005718,1
1083,1774268595.388109,1774268833.737482,1195,507,238.348856,3.962669,0.463214,True,0.000517,3
1777,1774269565.997702,1774269677.022978,987,413,111.017781,1.833709,0.265010,True,0.007495,1
233,1774267510.642853,1774267678.501019,1094,429,167.847243,4.442232,0.381787,True,0.010924,1
2202,1774270167.741476,1774270276.260974,1039,399,108.514744,2.036062,0.267534,True,0.004755,1
1329,1774268899.227435,1774269067.148606,1136,375,167.920540,2.064578,0.443465,True,0.000630,1
1608,1774269322.294386,1774269473.665213,1081,388,151.368209,1.160040,0.388135,True,0.002618,1
2373,1774270398.451902,1774270422.818781,1571,89,24.364147,3.752507,0.234223,True,0.002732,1
1084,1774268596.839551,1774268814.685215,1007,415,217.842025,3.107148,0.518683,True,0.003639,3
1778,1774269571.118994,1774269717.631269,1088,363,146.504537,1.365973,0.400935,True,0.007738,1
234,1774267511.159951,1774267678.804939,1001,427,167.644258,4.163961,0.383757,True,0.000731,1
2203,1774270169.460758,1774270350.208769,1184,405,180.741262,1.372269,0.443983,True,0.006749,1
1609,1774269323.319182,1774269392.872180,30,182,69.546283,0.480156,0.381581,True,0.006714,1
2374,1774270398.644557,1774270433.818056,376,91,35.168826,1.313694,0.376168,True,0.004673,1
1085,1774268597.223051,1774268674.729683,167,217,77.496003,2.842138,0.345620,True,0.010630,2
1779,1774269574.718377,1774269804.157983,1102,523,229.434992,1.284885,0.437069,True,0.004615,1
235,1774267512.939723,1774267552.983390,391,93,40.038989,2.764843,0.405154,True,0.004678,1
2204,1774270169.946600,1774270214.822638,421,99,44.872365,2.308791,0.434322,True,0.003674,1
1610,1774269328.653635,1774269496.716237,1073,408,168.059663,1.306843,0.409712,True,0.002939,1
2375,1774270400.906921,1774270519.636000,1049,411,118.720701,3.266883,0.281595,True,0.008377,1
1086,1774268598.756272,1774268632.158752,379,60,33.393798,0.784578,0.552699,True,0.008682,1
1780,1774269575.189221,1774269736.963258,1029,401,161.766186,2.051928,0.399286,True,0.007851,1
236,1774267513.659150,1774267664.396064,1085,388,150.733167,1.972328,0.384395,True,0.003747,1
2205,1774270170.040871,1774270345.152764,1046,398,175.110266,2.071619,0.435866,True,0.001627,1
1611,1774269332.212075,1774269500.729251,1191,407,168.513453,1.351496,0.411729,True,0.003723,1
2376,1774270402.741289,1774270420.608539,1139,50,17.866679,1.340647,0.337266,True,0.000571,1
1087,1774268599.366209,1774268857.199603,1230,414,257.830493,1.647454,0.620298,True,0.002902,2
1781,1774269577.333165,1774269730.347285,981,381,153.005382,1.139606,0.399647,True,0.008738,1
237,1774267514.233519,1774267666.398083,1064,395,152.155808,1.750857,0.381738,True,0.008756,1
2206,1774270170.698661,1774270284.326985,1034,428,113.619640,1.937422,0.261551,True,0.008684,1
833,1774268288.813129,1774268360.813945,218,179,71.996135,0.858991,0.399647,True,0.004680,1
1867,1774269715.164622,1774269869.814636,1164,444,154.639291,2.222558,0.344056,True,0.010723,2
1173,1774268709.222298,1774268896.819309,1233,423,187.590289,30.170051,0.373034,True,0.006722,1
1612,1774269332.581805,1774269462.771544,1094,362,130.185099,2.169748,0.354613,True,0.004639,1
834,1774268289.448675,1774268327.754726,391,93,38.302204,0.606097,0.409740,True,0.003847,1
1868,1774269716.543301,1774269865.200568,1069,430,148.648567,2.957252,0.339607,True,0.008700,2
1174,1774268713.001275,1774268881.485035,1031,397,168.479034,21.855025,0.370263,True,0.004727,1
1613,1774269334.734674,1774269515.210510,459,562,180.470196,1.030607,0.319857,True,0.005640,1
835,1774268290.170089,1774268324.766614,383,83,34.589848,0.507078,0.415644,True,0.006676,1
1869,1774269717.685463,1774269960.459630,1136,396,242.765495,1.250545,0.611430,True,0.008672,2
1175,1774268713.083179,1774268879.343543,1049,395,166.255666,26.814966,0.353910,True,0.004698,1
1614,1774269335.040365,1774269480.304922,985,426,145.253891,2.718726,0.335377,True,0.010666,1
836,1774268290.751512,1774268328.044594,22,147,37.292514,0.334544,0.253137,True,0.000567,1
1870,1774269719.932217,1774269751.875213,1951,67,31.934264,2.244718,0.449842,True,0.008732,1
1176,1774268719.268364,1774268807.788623,181,132,88.512378,8.027635,0.614387,True,0.007881,1
1615,1774269335.918592,1774269371.788271,395,87,35.863011,2.628186,0.386451,True,0.006669,1
837,1774268292.740095,1774268437.987490,1247,398,145.239552,1.399647,0.362317,True,0.007842,1
1871,1774269721.117104,1774270013.051887,1044,527,291.930085,2.784240,0.549707,True,0.004699,2
1177,1774268719.681179,1774268935.594442,983,373,215.912650,7.110092,0.561297,True,0.000612,1
1616,1774269337.086024,1774269470.517124,1070,392,133.428398,3.205027,0.333052,True,0.002702,1
838,1774268293.020703,1774268328.524572,1318,139,35.500169,2.381875,0.239988,True,0.003700,1
1872,1774269721.729556,1774269971.968229,1094,575,250.232933,2.051889,0.432371,True,0.005739,3
1178,1774268720.174749,1774268954.144454,998,402,233.966035,7.021573,0.565946,True,0.003669,1
1617,1774269338.487193,1774269361.799234,1786,50,23.306329,4.415827,0.385520,True,0.005712,1
839,1774268293.850663,1774268368.600494,203,193,74.742175,0.862462,0.384790,True,0.007656,1
1873,1774269721.943041,1774269972.893044,1086,446,250.941278,1.220914,0.561169,True,0.008724,2
1179,1774268721.141626,1774268777.847167,406,81,56.694551,5.336862,0.641971,True,0.010990,1
1618,1774269338.705614,1774269512.862434,1081,414,174.153053,1.304262,0.418520,True,0.003767,1
840,1774268294.943083,1774268441.310208,1135,410,146.358569,1.435175,0.354336,True,0.008555,1
1874,1774269727.042306,1774269968.000654,991,394,240.952619,1.237292,0.609963,True,0.005728,2
1180,1774268721.295961,1774268950.136258,1130,402,228.831663,5.693581,0.556454,True,0.008634,1
1619,1774269339.685311,1774269487.084047,1130,459,147.398125,4.529728,0.311940,True,0.000611,1
841,1774268295.668357,1774268436.864904,1009,393,141.191767,1.858751,0.355441,True,0.004779,1
1875,1774269730.124359,1774269742.044334,383,59,11.919409,0.832778,0.191149,True,0.000566,1
1181,1774268722.549099,1774268871.993299,181,257,149.441453,4.700622,0.565394,True,0.002747,1
1620,1774269342.528957,1774269425.854511,1320,192,83.320772,1.588138,0.427920,True,0.004783,1
842,1774268295.814592,1774268402.814880,1249,413,106.997572,2.333422,0.254039,True,0.002716,1
1876,1774269735.012970,1774269962.414457,976,388,227.396765,1.036967,0.584909,True,0.004722,2
1182,1774268726.422734,1774268873.851697,1169,373,147.418374,15.773771,0.353883,True,0.010589,1
1621,1774269343.018754,1774269501.911172,1023,377,158.883612,2.371972,0.416254,True,0.008806,1
843,1774268297.034432,1774268334.093000,391,94,37.053826,1.257585,0.384906,True,0.004742,1
1877,1774269736.655800,1774269979.772183,1158,400,243.109728,1.411201,0.605761,True,0.006655,2
1183,1774268726.931248,1774268962.638926,1029,418,235.698856,1.463826,0.561715,True,0.008822,1
1622,1774269345.365404,1774269352.773632,238,14,7.401497,0.522487,0.529155,True,0.006730,1
844,1774268297.185856,1774268358.742313,163,158,61.550668,0.760673,0.387197,True,0.005789,1
1878,1774269737.384310,1774270167.143054,1089,1000,429.749007,2.213275,0.427964,True,0.009738,2
1184,1774268727.270461,1774268949.461469,923,399,222.185354,1.523431,0.554427,True,0.005655,1
1623,1774269347.971500,1774269387.326653,1314,137,39.346475,2.442755,0.271351,True,0.008678,1
845,1774268297.928207,1774268325.882185,404,71,27.947269,0.786509,0.388011,True,0.006709,1
1879,1774269737.420170,1774269964.684152,1031,388,227.259272,1.910581,0.582296,True,0.004709,2
1185,1774268727.280219,1774268949.254877,1144,395,221.967615,2.191175,0.557808,True,0.007043,1
1624,1774269348.474997,1774269479.021949,1072,398,130.538144,4.072219,0.318554,True,0.008808,1
846,1774268299.217421,1774268320.126023,871,103,20.904645,1.754170,0.187750,True,0.003956,1
1880,1774269741.160511,1774269979.922683,1134,394,238.756505,1.417499,0.603916,True,0.005667,2
1186,1774268727.492176,1774268938.033571,1134,379,210.530694,2.702656,0.549810,True,0.010701,1
1625,1774269349.117608,1774269389.882796,394,89,40.762343,0.738896,0.454812,True,0.002845,1
847,1774268302.378400,1774268443.399336,978,401,141.016233,1.278319,0.349345,True,0.004703,1
1881,1774269741.642976,1774269869.712362,1314,227,128.060608,2.606601,0.555106,True,0.008778,1
1187,1774268728.056719,1774268885.477706,1151,407,157.416256,12.657145,0.356550,True,0.004730,1
1626,1774269351.713231,1774269370.193476,373,60,18.477512,1.760214,0.283344,True,0.002733,1
848,1774268304.162663,1774268318.555942,372,28,14.391429,0.755869,0.505021,True,0.001850,1
1882,1774269742.054726,1774269796.687850,400,90,54.625447,1.074744,0.601693,True,0.007677,1
1188,1774268728.520539,1774268896.888776,1183,429,168.367486,15.975264,0.356057,True,0.000751,1
1627,1774269353.245203,1774269371.720312,375,66,18.474548,1.084791,0.267535,True,0.000561,1
849,1774268305.591784,1774268331.770955,372,67,26.176475,0.662453,0.386576,True,0.002697,1
1883,1774269742.972442,1774270049.834167,1025,604,306.861178,2.527698,0.504699,True,0.000547,2
1189,1774268728.568872,1774268939.675780,1017,386,211.103147,2.082680,0.542910,True,0.003761,1
1628,1774269354.443429,1774269572.775579,1142,491,218.329349,1.309010,0.442899,True,0.002801,1
850,1774268307.238000,1774268458.153696,1165,411,150.909693,1.419598,0.364610,True,0.006002,1
1884,1774269743.546872,1774269994.427436,1052,415,250.869879,2.472545,0.599994,True,0.010686,2
1406,1774269000.695757,1774269104.792139,28,265,104.095301,0.318520,0.393094,True,0.001081,1
1190,1774268729.146787,1774268964.779896,1203,421,235.627261,2.227222,0.555714,True,0.005848,1
1629,1774269354.725407,1774269407.793420,395,116,53.059093,1.608917,0.447393,True,0.008921,1
851,1774268307.519732,1774268439.630701,1262,373,132.105335,3.777925,0.344966,True,0.005635,1
1885,1774269745.802104,1774269983.521681,1020,420,237.713872,1.362039,0.564086,True,0.005704,2
1191,1774268730.442222,1774268780.327024,380,81,49.882051,11.762079,0.476500,True,0.002751,1
1630,1774269356.017484,1774269480.102769,1044,394,124.079100,2.040978,0.310530,True,0.006184,1
852,1774268308.676501,1774268464.668704,1216,421,155.984461,2.619089,0.365156,True,0.007742,1
1886,1774269745.844774,1774269801.908421,410,99,56.058045,1.459160,0.557131,True,0.005601,1
1192,1774268733.107860,1774268949.564273,1156,388,216.448729,1.303143,0.555932,True,0.007684,1
1631,1774269357.905530,1774269536.386277,1021,398,178.473836,1.506126,0.445762,True,0.006910,1
853,1774268308.975293,1774268317.522999,237,14,8.540991,3.683551,0.373649,True,0.006715,1
1887,1774269746.690936,1774269971.225934,998,385,224.529275,1.798667,0.580028,True,0.005722,2
1193,1774268734.153221,1774268959.231083,1191,409,225.077304,1.731943,0.547415,True,0.000557,1
1632,1774269357.911781,1774269400.470137,406,91,42.546923,0.546284,0.466674,True,0.011434,1
854,1774268309.160720,1774268320.612514,91,24,11.446248,3.843046,0.330574,True,0.005546,1
1888,1774269747.369245,1774269944.927894,1120,419,197.555976,2.128020,0.467531,True,0.002673,3
1194,1774268735.983024,1774268885.685071,1156,408,149.699305,9.588778,0.344252,True,0.002743,1
1633,1774269358.491591,1774269557.216170,996,446,198.719791,1.718157,0.442700,True,0.004788,1
855,1774268309.189332,1774268443.098770,1196,385,133.900803,3.413306,0.339811,True,0.008635,1
1889,1774269748.145250,1774269951.976102,1112,394,203.830258,4.389718,0.507482,True,0.000594,3
1195,1774268736.523992,1774268964.533507,1102,612,228.005845,7.968852,0.360126,True,0.003670,1
1634,1774269360.086062,1774269629.442660,1010,635,269.352938,1.345640,0.422724,True,0.003659,1
856,1774268310.435551,1774268458.331053,1116,411,147.885551,2.471825,0.354668,True,0.009951,1
1890,1774269748.480867,1774270042.655239,973,565,294.163446,1.148041,0.519531,True,0.010927,2
1407,1774269000.771484,1774269160.791497,1052,412,160.012419,1.285693,0.386196,True,0.007595,1
1196,1774268737.037159,1774268954.250267,1149,385,217.210381,1.276377,0.562328,True,0.002727,1
1635,1774269361.358990,1774269548.400004,1156,424,187.040411,1.399543,0.438867,True,0.000603,1
857,1774268311.962230,1774268473.925059,1102,427,161.952069,1.784487,0.375980,True,0.010761,1
1891,1774269748.672369,1774269807.625573,1351,148,58.948552,3.241762,0.378958,True,0.004652,1
1197,1774268737.364047,1774268959.332874,1064,394,221.966016,2.276034,0.559008,True,0.002811,1
1636,1774269363.817856,1774269545.109592,1115,413,181.289076,1.236507,0.437021,True,0.002661,1
858,1774268313.126911,1774268340.305573,414,84,27.172892,1.264451,0.312150,True,0.005769,1
1892,1774269750.785571,1774269827.360192,16,163,76.566451,0.442857,0.469899,True,0.008170,1
1198,1774268739.060471,1774268955.803218,1182,388,216.740024,1.851016,0.555269,True,0.002722,1
1637,1774269364.084056,1774269539.719940,1116,401,175.632199,3.231778,0.431001,True,0.003685,1
859,1774268315.632384,1774268340.083424,392,74,24.442339,0.659952,0.325786,True,0.008701,1
1893,1774269750.787882,1774269952.525541,1069,396,201.721827,3.699353,0.501323,True,0.015833,3
1199,1774268740.802483,1774268962.124722,981,400,221.313408,1.266871,0.551495,True,0.008832,1
1638,1774269364.160375,1774269536.664806,1045,390,172.503805,3.158604,0.435335,True,0.000626,1
860,1774268317.133543,1774268334.223944,386,57,17.089870,0.859156,0.289834,True,0.000530,1
1894,1774269752.021811,1774269818.704333,1316,193,66.676815,4.333008,0.324707,True,0.005707,1
1200,1774268741.297283,1774268784.320116,1339,69,43.016894,2.256108,0.599423,True,0.005939,1
1639,1774269365.345706,1774269390.731472,1529,56,25.381127,3.653253,0.395052,True,0.004638,1
861,1774268320.139400,1774268480.695177,1111,415,160.550056,1.448070,0.384304,True,0.005721,1
1895,1774269752.520929,1774270043.736963,1025,514,291.213253,1.272681,0.565186,True,0.002781,2
1201,1774268744.831861,1774268965.578319,1033,406,220.742732,1.124739,0.542267,True,0.003726,1
1640,1774269366.307603,1774269486.290145,1163,386,119.979774,2.144219,0.306066,True,0.002769,1
862,1774268320.526176,1774268437.080040,997,393,116.542861,3.664431,0.287955,True,0.011003,1
1896,1774269752.744280,1774269797.451632,2006,77,44.699682,3.178742,0.546328,True,0.007670,1
1202,1774268745.461216,1774268974.832741,1112,431,229.364759,1.870246,0.529057,True,0.006766,1
1641,1774269370.373284,1774269420.614968,440,117,50.230893,0.530120,0.428455,True,0.010791,1
863,1774268320.590489,1774268437.079891,987,393,116.480531,3.602150,0.287955,True,0.008871,1
1897,1774269757.241348,1774269785.971548,378,51,28.725533,0.676675,0.560977,True,0.004667,1
1203,1774268749.462158,1774268960.733611,1051,382,211.263621,1.190312,0.551374,True,0.007832,1
1642,1774269371.282649,1774269413.359073,457,98,42.071682,0.594168,0.427603,True,0.004742,1
864,1774268324.702253,1774268370.907555,203,167,46.200585,0.516976,0.275202,True,0.004717,1
1898,1774269758.128725,1774269984.057414,1036,398,225.921989,1.257731,0.565905,True,0.006700,2
1204,1774268749.677815,1774268891.256698,1010,397,141.569500,2.014526,0.352412,True,0.009383,1
1643,1774269371.573970,1774269428.315814,1313,135,56.738126,2.360978,0.405800,True,0.003717,1
865,1774268326.366580,1774268386.176256,209,217,59.799620,0.586899,0.274133,True,0.010056,1
1899,1774269758.163404,1774270020.809077,1042,558,262.642023,1.944108,0.468039,True,0.003649,3
1205,1774268750.003771,1774268971.992769,1115,413,221.986330,1.846422,0.534320,True,0.002667,1
1644,1774269371.839102,1774269533.359797,1044,368,161.517076,1.146519,0.436977,True,0.003619,1
866,1774268326.667556,1774268361.442577,908,90,34.766280,0.985440,0.379560,True,0.008741,1
1900,1774269759.981729,1774269973.251365,1089,372,213.259045,1.180843,0.571639,True,0.010592,2
1206,1774268751.992796,1774268898.392054,1025,407,146.392549,2.020293,0.355597,True,0.006709,1
1645,1774269376.682364,1774269784.144183,1170,939,407.457501,1.311091,0.432992,True,0.004317,1
867,1774268328.267988,1774268373.196619,404,126,44.919884,0.649728,0.354161,True,0.008747,1
1901,1774269761.785879,1774269989.046195,1146,395,227.255658,1.468975,0.573063,True,0.004658,2
1207,1774268752.388274,1774268886.989099,1143,393,134.598132,3.761930,0.333766,True,0.002692,1
1646,1774269376.905527,1774269547.469588,1038,396,170.557269,2.033298,0.426643,True,0.006791,1
868,1774268329.297894,1774268468.200505,1296,448,138.891883,2.454817,0.305228,True,0.010728,1
1902,1774269762.163135,1774269996.489657,1011,411,234.323971,2.193234,0.566173,True,0.002551,2
1208,1774268752.607794,1774268963.603764,1226,379,210.985245,1.535969,0.554099,True,0.010725,1
1647,1774269377.391157,1774269406.320162,2001,74,28.926349,3.037773,0.354638,True,0.002656,1
869,1774268331.542995,1774268364.467214,396,87,32.921395,0.589435,0.375953,True,0.002824,1
1903,1774269766.224430,1774269995.623780,981,382,229.390791,1.381325,0.598450,True,0.008559,2
1209,1774268755.177865,1774268978.236031,1024,419,223.055376,1.247803,0.530640,True,0.002790,1
1648,1774269378.815967,1774269423.249031,392,103,44.422220,2.196812,0.413975,True,0.010844,1
870,1774268332.492129,1774268491.844334,1035,411,159.340808,1.231694,0.385632,True,0.011397,1
1904,1774269768.989358,1774269971.676895,1138,414,202.683784,2.072544,0.485742,True,0.003752,3
1210,1774268756.674637,1774268901.433997,1136,418,144.752593,2.153053,0.341965,True,0.006767,1
1649,1774269380.668034,1774269505.219746,966,403,124.544001,2.036240,0.304746,True,0.007711,1
871,1774268332.980191,1774268369.932862,416,99,36.948022,1.439534,0.362332,True,0.004649,1
1905,1774269770.423175,1774269973.834566,1163,418,203.406641,2.838641,0.480978,True,0.004750,3
1211,1774268757.124496,1774268972.195859,1083,399,215.068641,1.201197,0.537355,True,0.002723,1
1650,1774269384.238616,1774269386.798230,120,12,2.550877,0.360965,0.199083,True,0.008737,1
872,1774268333.806988,1774268403.291819,167,205,69.479145,0.764401,0.336837,True,0.005687,1
1906,1774269770.427423,1774270015.071133,1087,417,244.632425,1.218829,0.585129,True,0.011286,2
1212,1774268757.435841,1774268811.151341,1989,83,53.714814,3.200619,0.616027,True,0.000686,1
1651,1774269387.423577,1774269514.817077,1201,402,127.387806,2.301593,0.311936,True,0.005694,1
873,1774268334.634511,1774268467.342709,907,429,132.707611,1.799879,0.305859,True,0.000587,1
1907,1774269771.638368,1774270066.346364,1138,517,294.704155,1.282763,0.568646,True,0.003841,2
1213,1774268757.770860,1774268988.167034,1046,438,230.395577,3.017820,0.520315,True,0.000596,1
1652,1774269387.683515,1774269564.732140,1152,400,177.043998,1.429450,0.440137,True,0.004627,1
874,1774268334.855396,1774268367.154075,429,108,32.288026,2.111443,0.282024,True,0.010654,1
1908,1774269772.031148,1774270041.949045,1160,468,269.917262,2.223994,0.573219,True,0.000635,2
1214,1774268758.506666,1774268964.624804,1025,375,206.110831,2.579957,0.544200,True,0.007307,1
1653,1774269390.707011,1774269393.819260,238,14,3.111638,0.552956,0.196822,True,0.000612,1
875,1774268335.150903,1774268365.187551,1361,98,30.032925,3.799031,0.270453,True,0.003724,1
1909,1774269772.433879,1774269869.289739,21,165,96.852262,1.909176,0.578921,True,0.003598,1
1215,1774268759.003617,1774268868.197064,1317,192,109.189669,4.083421,0.550294,True,0.003778,1
1654,1774269394.701091,1774269569.519970,997,393,174.816064,1.120270,0.443102,True,0.002816,1
876,1774268335.351275,1774268384.083910,130,173,48.723973,3.707414,0.261724,True,0.008662,1
1910,1774269773.093569,1774269991.369657,1091,378,218.270353,2.138913,0.573293,True,0.005735,2
1216,1774268759.739435,1774268975.116402,1083,407,215.376348,2.347395,0.524702,True,0.000619,1
1655,1774269394.890734,1774269569.800169,1025,394,174.898746,3.145527,0.437031,True,0.010689,1
877,1774268335.674109,1774268410.922557,203,217,75.244806,0.533680,0.345885,True,0.003641,1
1911,1774269773.541884,1774270008.162399,1149,407,234.620006,2.299215,0.572219,True,0.000509,2
1217,1774268759.770017,1774269031.892676,1036,538,272.122129,2.805784,0.501520,True,0.000529,1
1656,1774269395.575254,1774269589.568644,1121,440,193.992824,2.471153,0.436268,True,0.000566,1
878,1774268336.137753,1774268405.963588,126,203,69.823174,0.474261,0.343311,True,0.002661,1
1912,1774269774.755593,1774269815.242032,1378,85,40.480706,2.677256,0.450041,True,0.005732,1
1218,1774268760.582565,1774268897.914614,1035,398,137.325228,1.969428,0.340947,True,0.006821,1
1657,1774269396.533415,1774269457.029763,1312,141,60.490683,2.391975,0.414991,True,0.005665,1
879,1774268336.246702,1774268366.608793,1082,105,30.355427,3.949178,0.253906,True,0.006665,1
1913,1774269775.320842,1774269974.865153,1013,397,199.538662,1.908343,0.499066,True,0.005650,3
1219,1774268762.954454,1774268814.980392,398,94,52.021127,0.675443,0.552104,True,0.004811,1
1658,1774269396.982193,1774269445.258262,403,113,48.271389,2.792867,0.406058,True,0.004679,1
880,1774268337.397760,1774268360.002422,397,54,22.598924,0.459852,0.417718,True,0.005738,1
1914,1774269775.947120,1774270008.479989,1053,408,232.522164,1.637100,0.567285,True,0.010705,2
1220,1774268764.172237,1774268942.542186,1179,511,178.369426,2.287456,0.345259,True,0.000523,1
1659,1774269399.377876,1774269522.303853,1036,388,122.917278,2.427148,0.311344,True,0.008699,1
881,1774268341.472339,1774268369.709382,383,72,28.229522,0.643319,0.388538,True,0.007522,1
1915,1774269776.738839,1774270005.779924,1049,398,229.038362,2.095119,0.571645,True,0.002723,2
1221,1774268765.364590,1774268976.783096,1009,399,211.417842,1.131703,0.528357,True,0.000664,1
1660,1774269401.685935,1774269435.691075,385,80,33.999320,0.611583,0.422630,True,0.005820,1
882,1774268341.960504,1774268393.301739,416,144,51.336020,0.711699,0.354016,True,0.005215,1
1916,1774269777.485900,1774269821.926202,1474,94,44.433552,2.236159,0.453735,True,0.006751,1
1222,1774268765.502724,1774268974.878934,1030,396,209.369533,1.607328,0.525980,True,0.006678,1
1661,1774269402.482714,1774269440.356920,444,101,37.872644,0.897059,0.369756,True,0.001562,1
883,1774268343.019703,1774268504.880272,1072,411,161.851815,1.413367,0.391313,True,0.008753,1
1917,1774269777.509784,1774269785.217341,243,14,7.703948,0.498369,0.554275,True,0.003609,1
1223,1774268765.521333,1774268822.471627,403,94,56.941632,1.726324,0.593713,True,0.008663,1
1662,1774269402.768981,1774269604.912250,1012,461,202.140600,1.256856,0.436704,True,0.002668,1
884,1774268343.189327,1774268385.147598,380,112,41.951625,1.447608,0.364901,True,0.006646,1
1918,1774269777.513266,1774269811.736672,401,95,34.212098,0.841418,0.355007,True,0.011308,1
1224,1774268765.786788,1774268886.785253,1003,372,120.988426,2.412489,0.319612,True,0.010039,1
1663,1774269403.113776,1774269656.168258,1036,590,253.047796,2.566855,0.425265,True,0.006685,1
885,1774268344.105331,1774268515.458052,1161,440,171.348976,1.701553,0.386441,True,0.003744,1
1919,1774269778.133009,1774269824.395930,430,106,46.258284,1.998863,0.421518,True,0.004637,1
1225,1774268765.962081,1774268815.279114,181,136,49.308380,2.514120,0.346624,True,0.008653,1
1664,1774269403.330765,1774269570.223765,1036,375,166.889302,1.840583,0.441307,True,0.003698,1
886,1774268344.182327,1774268417.855158,197,217,73.662105,0.657053,0.337986,True,0.010726,1
1920,1774269780.249523,1774270013.322038,1044,415,233.066799,1.376156,0.559639,True,0.005717,2
1226,1774268766.887679,1774268898.322505,1037,390,131.428108,3.375247,0.329185,True,0.006718,1
1665,1774269405.589780,1774269434.639592,380,61,29.046091,0.889258,0.469281,True,0.003721,1
887,1774268345.190656,1774268368.153539,368,62,22.957143,1.233437,0.356126,True,0.005740,1
1921,1774269782.470068,1774270006.697488,1179,398,224.216132,1.282182,0.561546,True,0.011287,2
1227,1774268768.091810,1774268973.173741,1070,387,205.074180,1.975162,0.526163,True,0.007751,1
1666,1774269406.480623,1774269430.187014,378,56,23.698936,0.632169,0.419396,True,0.007455,1
888,1774268345.353980,1774268467.738883,1101,402,122.379202,2.012168,0.300167,True,0.005701,1
1922,1774269782.973582,1774269995.261492,1175,401,212.284242,2.141356,0.525357,True,0.003668,3
1228,1774268768.102602,1774268981.184092,1054,397,213.073787,1.142654,0.535180,True,0.007702,1
1667,1774269408.275870,1774269574.260980,1052,378,165.984453,1.170808,0.437171,True,0.000657,1
889,1774268345.361776,1774268395.180219,405,142,49.810185,1.290725,0.344110,True,0.008258,1
1923,1774269786.341599,1774270015.494372,1034,395,229.145844,1.176505,0.578602,True,0.006929,2
1229,1774268769.383061,1774268982.277283,1171,402,212.891430,1.973370,0.525980,True,0.002792,1
1668,1774269408.559796,1774269592.114762,1039,417,183.548297,2.076348,0.436231,True,0.006669,1
890,1774268345.656466,1774268386.434439,181,119,40.769188,0.485980,0.341383,True,0.008784,1
1924,1774269786.685888,1774269809.023371,1951,46,22.333847,2.946021,0.430841,True,0.003637,1
1230,1774268770.177702,1774268822.907289,1474,94,52.728975,2.265564,0.542617,True,0.000612,1
1669,1774269408.994241,1774269589.756166,1097,409,180.759258,2.383311,0.437196,True,0.002667,1
891,1774268346.168130,1774268368.108659,910,60,21.933850,1.264600,0.350326,True,0.006679,1
1925,1774269787.986535,1774270012.645300,1134,394,224.655044,3.013003,0.563975,True,0.003721,2
1231,1774268773.474090,1774268981.370347,1111,396,207.885479,1.355523,0.522861,True,0.010778,1
1670,1774269409.942206,1774269573.471996,1052,373,163.519099,2.640386,0.432470,True,0.010692,1
892,1774268349.982269,1774268502.582440,994,396,152.596467,1.324540,0.382967,True,0.003705,1
1926,1774269788.306892,1774269823.225609,415,101,34.918145,0.959308,0.339588,True,0.000571,1
1232,1774268773.498215,1774268973.277572,983,373,199.771601,1.769577,0.532264,True,0.007756,1
1671,1774269411.498154,1774269533.309388,1036,397,121.810689,1.978505,0.302607,True,0.000546,1
893,1774268350.422817,1774268542.861116,1201,497,192.431522,2.226386,0.383478,True,0.006778,1
1927,1774269788.716018,1774270004.355637,1157,416,215.639133,2.625781,0.513285,True,0.000485,3
1233,1774268774.851797,1774268903.444563,1150,389,128.589010,2.311697,0.325457,True,0.003757,1
1672,1774269412.100331,1774269446.203110,376,74,34.093992,2.133890,0.437810,True,0.008787,1
894,1774268354.646186,1774268385.325376,400,95,30.672060,0.668697,0.319185,True,0.007131,1
1928,1774269790.488236,1774269841.278101,983,151,50.782115,3.360018,0.316147,True,0.007750,1
1234,1774268775.295404,1774268992.346924,986,426,217.050839,1.114216,0.508086,True,0.000681,1
1673,1774269414.173479,1774269533.244045,1043,397,119.067878,2.133112,0.295290,True,0.002687,1
895,1774268354.955444,1774268383.899199,404,101,28.936847,0.848609,0.280882,True,0.006908,1
1929,1774269790.982006,1774270020.309433,1059,448,229.326848,2.087589,0.508365,True,0.000579,3
1235,1774268775.858192,1774269006.709617,1015,446,230.840429,1.743412,0.514825,True,0.010996,1
1674,1774269414.747328,1774269607.084720,1020,445,192.332080,1.188910,0.430503,True,0.005312,1
896,1774268356.269886,1774268498.342391,1001,371,142.065770,1.347814,0.380319,True,0.006735,1
1930,1774269791.444714,1774270005.335967,969,375,213.890673,1.299957,0.568424,True,0.000579,2
1236,1774268777.006146,1774268988.630705,1010,415,211.623831,1.796824,0.506829,True,0.000728,1
1675,1774269415.211206,1774269543.131745,1105,429,127.909857,3.058348,0.291709,True,0.010683,1
897,1774268356.485950,1774268515.637131,1004,412,159.144164,1.617290,0.383277,True,0.007017,1
1931,1774269793.994481,1774269799.064986,243,14,5.066789,0.690681,0.336624,True,0.003716,1
1237,1774268778.826620,1774268849.897428,1317,135,71.070042,1.516057,0.519060,True,0.000766,1
1676,1774269416.300753,1774269598.569613,1095,420,182.268275,1.327144,0.431840,True,0.000585,1
898,1774268357.049948,1774268474.861129,1118,385,117.802491,2.089724,0.301335,True,0.008689,1
1932,1774269794.064023,1774270008.208298,1011,373,214.137684,1.223669,0.572350,True,0.006591,2
1238,1774268779.038183,1774269011.003931,1142,458,231.959388,2.514510,0.502068,True,0.006360,1
1677,1774269417.940345,1774269591.465304,1033,403,173.524309,1.185773,0.428703,True,0.000649,1
899,1774268358.132259,1774268388.563990,391,98,30.429023,0.560167,0.307926,True,0.002708,1
1933,1774269794.715919,1774270012.735680,1040,385,218.019269,1.733982,0.563243,True,0.000491,2
1239,1774268779.038317,1774268976.067224,1082,385,197.011860,2.987142,0.505273,True,0.017046,1
1678,1774269418.936817,1774269453.308421,1063,93,34.365879,1.488796,0.357360,True,0.005724,1
900,1774268358.763795,1774268380.423093,374,70,21.654639,0.736562,0.303161,True,0.004658,1
1934,1774269797.020297,1774270010.281863,1047,419,213.250522,1.963498,0.505471,True,0.011044,3
1240,1774268784.380293,1774269000.972703,1170,422,216.585713,2.280363,0.509039,True,0.006698,1
1679,1774269420.882253,1774269594.620244,981,402,173.733057,1.280724,0.430056,True,0.004934,1
901,1774268359.960493,1774268402.111259,395,132,42.139530,0.524803,0.317670,True,0.011236,1
1935,1774269797.973733,1774270028.154387,1135,396,230.176958,1.277007,0.579494,True,0.003695,2
1241,1774268784.445738,1774268832.732169,1785,91,48.282766,2.052317,0.513672,True,0.003664,1
1680,1774269421.081964,1774269597.787657,999,411,176.705056,1.622772,0.427030,True,0.000637,1
902,1774268360.536116,1774268399.274333,1318,151,38.732552,2.475847,0.241711,True,0.005664,1
1936,1774269799.215856,1774270004.283991,1162,401,205.063344,2.223845,0.507099,True,0.004791,3
1242,1774268784.735429,1774268822.226224,1896,68,37.488049,3.912296,0.501131,True,0.002746,1
1681,1774269421.666022,1774269541.908993,1010,401,120.241121,1.990936,0.295625,True,0.001850,1
903,1774268362.922869,1774268392.082310,373,126,29.155735,0.876463,0.226234,True,0.003707,1
1937,1774269799.217053,1774270021.867287,1150,395,222.636149,1.365210,0.561601,True,0.014085,2
1243,1774268788.532222,1774268867.996633,1312,157,79.461641,1.569611,0.499308,True,0.002770,1
1682,1774269422.973480,1774269537.392047,1018,396,114.410318,2.690206,0.282836,True,0.008249,1
904,1774268363.149494,1774268436.947242,167,217,73.794994,0.411825,0.339737,True,0.002754,1
1938,1774269801.764684,1774269873.745133,20,177,71.977570,0.392158,0.406735,True,0.002880,2
1244,1774268790.339700,1774268935.831254,1039,397,145.490971,1.981196,0.362398,True,0.000583,1
1683,1774269426.573358,1774269533.637164,1145,374,107.058165,2.106144,0.281373,True,0.005641,1
905,1774268367.045862,1774268398.565345,404,96,31.516838,0.611417,0.325320,True,0.002645,1
1939,1774269802.687258,1774269821.635683,379,70,18.941787,0.809385,0.262788,True,0.006637,1
1245,1774268790.384220,1774268989.137595,1172,402,198.745776,1.388502,0.492163,True,0.007599,1
1684,1774269426.771262,1774269560.941626,1059,477,134.162667,5.300833,0.270718,True,0.007698,1
906,1774268369.607881,1774268400.315584,399,91,30.703085,0.600163,0.334477,True,0.004618,1
1940,1774269803.546718,1774270005.154620,1106,396,201.597751,2.098861,0.505060,True,0.010151,3
1246,1774268794.704143,1774269018.552045,995,452,223.844166,1.208890,0.493648,True,0.003736,1
1685,1774269427.359858,1774269537.712217,1080,395,110.345715,3.310235,0.271664,True,0.006645,1
907,1774268370.692375,1774268376.654197,309,18,5.958186,0.723224,0.307939,True,0.003637,1
1941,1774269806.188535,1774269833.581118,414,95,27.388861,0.816160,0.282688,True,0.003723,1
1247,1774268794.712932,1774268994.065790,1020,400,199.347380,1.457060,0.495966,True,0.005478,1
1686,1774269431.117992,1774269506.991919,1321,182,75.871253,1.537968,0.410681,True,0.002674,1
908,1774268371.573968,1774268396.761811,914,100,25.182244,1.763618,0.236552,True,0.005599,1
1942,1774269806.816901,1774270044.605355,1072,415,237.786802,1.268552,0.571300,True,0.001652,2
1248,1774268794.866329,1774268939.459481,1140,404,144.585545,2.124755,0.353501,True,0.007608,1
1687,1774269431.434087,1774269606.205464,1035,400,174.764444,2.145521,0.432629,True,0.006933,1
909,1774268373.799470,1774268407.686407,398,99,33.886339,0.658993,0.339055,True,0.000598,1
1943,1774269810.751476,1774269814.013886,238,14,3.254751,0.636419,0.201410,True,0.007659,1
1249,1774268795.140916,1774269009.468295,1088,421,214.326839,2.691045,0.503895,True,0.000539,1
1688,1774269431.436322,1774269542.102301,1004,394,110.650878,2.375612,0.275510,True,0.015101,1
910,1774268373.835144,1774268539.763637,923,416,165.921333,1.202772,0.396912,True,0.007160,1
1944,1774269811.138721,1774269866.382313,385,87,55.242942,0.515839,0.636362,True,0.000650,1
1250,1774268795.519581,1774268990.703323,998,399,195.176064,1.606933,0.486355,True,0.007679,1
1689,1774269435.707471,1774269616.535819,1165,421,180.825688,1.244215,0.427575,True,0.002659,1
911,1774268375.142914,1774268397.985652,392,91,22.841021,0.890297,0.243897,True,0.001717,1
1945,1774269813.516610,1774269822.763666,322,18,9.246555,0.596784,0.508810,True,0.000502,1
1251,1774268795.716377,1774268849.994749,420,112,54.273767,1.554455,0.474949,True,0.004604,1
1690,1774269436.387462,1774269628.655891,1108,459,192.265393,1.996245,0.415435,True,0.003036,1
912,1774268379.948805,1774268438.720028,206,171,58.762490,0.418802,0.343198,True,0.008733,1
1946,1774269813.799503,1774270045.560888,1026,396,231.753795,1.293480,0.583444,True,0.007590,2
1252,1774268796.517838,1774268939.596447,1171,402,143.070958,2.761081,0.349900,True,0.007650,1
1691,1774269440.513559,1774269547.299221,978,391,106.780963,1.769960,0.269259,True,0.004698,1
913,1774268381.522491,1774268548.337091,1231,416,166.806733,1.489841,0.398354,True,0.007866,1
1947,1774269816.007311,1774270035.614157,970,403,219.599220,1.948287,0.541420,True,0.007626,3
1253,1774268799.362155,1774269010.634281,1189,415,211.267442,1.292442,0.507186,True,0.004683,1
1692,1774269440.522409,1774269496.900475,414,137,56.371664,0.513613,0.410721,True,0.006401,1
914,1774268381.534472,1774268501.720869,1181,415,120.180021,2.231115,0.284901,True,0.006376,1
1948,1774269817.099015,1774269874.463383,1378,85,57.361751,1.558906,0.664320,True,0.002617,1
1254,1774268800.103733,1774268938.488076,1119,395,138.380632,2.119558,0.345840,True,0.003712,1
1693,1774269441.356054,1774269472.402949,400,103,31.034845,3.278637,0.272120,True,0.012049,1
915,1774268382.977990,1774268407.023475,374,73,24.036783,0.656536,0.324726,True,0.008702,1
1949,1774269818.399637,1774269953.699331,13,172,135.296005,0.528389,0.788115,True,0.003689,2
1255,1774268800.136160,1774268823.149940,1076,51,23.011054,1.708582,0.426049,True,0.002727,1
1694,1774269441.734336,1774269549.251590,998,396,107.513544,2.684742,0.265389,True,0.003711,1
916,1774268383.859331,1774268422.613876,396,120,38.745392,0.672294,0.319942,True,0.009153,1
1950,1774269818.663385,1774270045.378687,1004,388,226.709586,1.316984,0.582410,True,0.005716,2
1256,1774268800.702666,1774268941.928968,1191,409,141.218516,3.807862,0.336791,True,0.007786,1
1695,1774269442.274631,1774269613.816423,1045,393,171.531038,1.316310,0.434221,True,0.010754,1
917,1774268384.337320,1774268459.933448,181,209,75.591453,0.628243,0.360400,True,0.004675,1
1951,1774269819.205013,1774270039.737371,980,372,220.531573,2.015635,0.588992,True,0.000786,2
1257,1774268802.662730,1774269000.373396,1009,396,197.704906,1.414206,0.496938,True,0.005759,1
1696,1774269446.755477,1774269553.184114,1002,407,106.418678,2.517118,0.255915,True,0.009958,1
238,1774267515.535647,1774267663.157604,1070,411,147.618232,19.781878,0.311796,True,0.003726,1
1782,1774269577.936372,1774269692.578723,1029,405,114.639726,2.027194,0.278744,True,0.002625,1
239,1774267517.574580,1774267731.875242,972,575,214.297066,1.325027,0.371031,True,0.003597,1
1783,1774269578.455106,1774269611.688781,374,91,33.230034,0.603481,0.362517,True,0.003641,1
240,1774267518.567397,1774267660.641142,1099,394,142.062997,17.490179,0.316979,True,0.010748,1
1784,1774269579.480927,1774269749.964063,1023,415,170.472073,1.385721,0.408421,True,0.011063,1
241,1774267518.807738,1774267665.367706,980,384,146.556251,1.207042,0.379502,True,0.003717,1
1785,1774269580.900663,1774269599.867975,956,59,18.962572,2.052238,0.291557,True,0.004740,1
242,1774267526.353137,1774267677.976184,1057,393,151.622377,1.124361,0.383924,True,0.000669,1
1786,1774269582.626981,1774269736.736254,1057,388,154.105563,1.247588,0.394982,True,0.003711,1
243,1774267528.288842,1774267686.470123,1082,409,158.173454,1.317000,0.384452,True,0.007827,1
1787,1774269583.049359,1774269690.710761,1053,385,107.658683,2.062068,0.274991,True,0.002720,1
244,1774267528.884716,1774267680.849800,1072,400,151.959318,1.844947,0.376226,True,0.005766,1
1788,1774269587.010235,1774269750.467731,1041,395,163.456846,1.390311,0.411336,True,0.000651,1
245,1774267529.529174,1774267564.514175,385,98,34.974364,6.741801,0.291057,True,0.010637,1
1789,1774269592.305204,1774269701.276341,1146,401,108.964464,2.152174,0.267031,True,0.006673,1
246,1774267529.702251,1774267587.123802,78,141,57.419804,1.344048,0.400541,True,0.001747,1
1790,1774269593.277968,1774269761.903292,1038,401,168.618707,1.240622,0.418445,True,0.006616,1
247,1774267531.123746,1774267573.257222,412,100,42.127685,0.623012,0.419239,True,0.005791,1
1791,1774269594.077631,1774269787.849452,1051,440,193.761010,1.659364,0.437589,True,0.010811,1
248,1774267532.242482,1774267680.460293,1027,388,148.213013,1.239189,0.379777,True,0.004798,1
1792,1774269594.644761,1774269650.295073,15,134,55.645572,1.374923,0.408050,True,0.004739,1
249,1774267533.875426,1774267711.828042,1146,466,177.948787,1.242273,0.380014,True,0.003829,1
1793,1774269595.735754,1774269701.148518,1006,394,105.407066,1.968346,0.263203,True,0.005698,1
250,1774267535.021074,1774267664.736164,994,419,129.706396,2.207686,0.305021,True,0.008694,1
1794,1774269597.766628,1774269623.109324,424,102,25.338018,0.896565,0.241995,True,0.004678,1
251,1774267538.388799,1774267582.076805,846,108,43.682329,1.135859,0.397631,True,0.005677,1
1795,1774269599.107873,1774269782.431048,1029,415,183.315252,1.377908,0.439462,True,0.007923,1
252,1774267539.806955,1774267702.926516,1140,430,163.112863,1.321913,0.377135,True,0.006698,1
1796,1774269599.350611,1774269812.170520,1006,488,212.816898,1.801202,0.433297,True,0.003011,1
253,1774267544.051094,1774267784.428763,1059,649,240.373944,1.336236,0.368885,True,0.003726,1
1797,1774269602.413086,1774269703.769077,1005,386,101.350263,1.950437,0.258181,True,0.005729,1
254,1774267544.408586,1774267619.526276,1354,200,75.108543,2.228771,0.366230,True,0.009147,1
1798,1774269605.203368,1774269645.867746,404,96,40.659650,0.762191,0.419973,True,0.004728,1
255,1774267546.635561,1774267611.494629,167,171,64.853319,0.423023,0.379002,True,0.005749,1
1799,1774269607.011759,1774269830.977935,1147,509,223.963445,1.451498,0.438016,True,0.002732,1
256,1774267546.772910,1774267568.544021,1792,50,21.767463,2.201593,0.399303,True,0.003648,1
1800,1774269607.567922,1774269641.295286,1314,138,33.725502,2.428330,0.228447,True,0.001862,1
257,1774267546.975791,1774267599.236246,40,134,52.252846,2.041020,0.377533,True,0.007609,1
1801,1774269608.841760,1774269791.709437,1008,408,182.867033,1.132502,0.446522,True,0.000643,1
258,1774267550.001248,1774267590.374655,407,104,40.366714,0.594755,0.386136,True,0.006694,1
1802,1774269611.611108,1774269651.418049,397,93,39.802215,0.764415,0.424324,True,0.004726,1
259,1774267550.424209,1774267703.058639,1065,411,152.627794,1.522995,0.368548,True,0.006636,1
1803,1774269612.458651,1774269733.311961,1027,450,120.848532,2.015246,0.264662,True,0.004778,1
260,1774267550.463393,1774267637.990224,181,241,87.518114,0.469069,0.362704,True,0.008717,1
1804,1774269620.087843,1774269663.673732,424,96,43.578186,0.553026,0.452896,True,0.007702,1
261,1774267551.113641,1774267611.980097,1314,137,60.857739,2.586738,0.428463,True,0.008718,1
1805,1774269622.525548,1774269815.520045,1042,424,192.985709,1.270246,0.453228,True,0.008789,1
262,1774267551.325789,1774267601.297301,181,128,49.970899,1.139697,0.384498,True,0.000612,1
1806,1774269625.766944,1774269805.088425,1094,385,179.313720,1.340525,0.463472,True,0.007761,1
263,1774267553.249408,1774267629.310592,163,205,76.050354,0.565456,0.370024,True,0.010829,1
1807,1774269627.526716,1774269668.109583,415,93,40.580139,0.612528,0.434431,True,0.002727,1
264,1774267553.259654,1774267588.680910,2,93,35.410148,2.824254,0.354195,True,0.011107,1
1808,1774269627.887575,1774269739.801931,1096,411,111.913788,2.112222,0.267809,True,0.000569,1
265,1774267553.429775,1774267629.519867,1314,203,76.083448,2.658596,0.363489,True,0.006643,1
1809,1774269629.086765,1774269686.620682,398,127,57.533368,0.637009,0.451558,True,0.000549,1
266,1774267554.501774,1774267701.878155,1056,394,147.372447,1.167224,0.372023,True,0.003933,1
1810,1774269630.177983,1774269945.772353,1052,564,315.588706,1.176189,0.558459,True,0.005664,2
267,1774267555.622175,1774267719.192400,978,442,163.569588,1.147153,0.368305,True,0.000637,1
1811,1774269631.287461,1774269811.797605,1089,394,180.505332,1.460172,0.455586,True,0.004812,1
268,1774267556.906388,1774267762.583491,1217,565,205.669425,1.323183,0.362316,True,0.007678,1
1812,1774269631.930414,1774269833.950203,1160,443,202.009098,2.046955,0.452403,True,0.010691,1
269,1774267557.053005,1774267677.102242,1056,398,120.042575,2.027291,0.297268,True,0.006663,1
1813,1774269633.164579,1774269656.121123,1786,50,22.949735,2.762543,0.411984,True,0.006809,1
270,1774267559.897358,1774267724.320053,951,445,164.416935,1.102169,0.367826,True,0.005759,1
1814,1774269634.972603,1774269948.352225,1090,558,313.374906,2.106179,0.558831,True,0.004715,2
271,1774267561.395227,1774267709.275203,1233,401,147.872535,1.504997,0.365919,True,0.007442,1
1815,1774269636.203976,1774269710.372518,1317,180,74.163877,2.333804,0.401285,True,0.004665,1
272,1774267564.298589,1774267628.690548,1317,169,64.384964,2.516611,0.368264,True,0.006996,1
1816,1774269638.284710,1774269785.908625,1179,511,147.620187,2.186504,0.285164,True,0.003728,1
273,1774267566.922126,1774267750.343701,1103,520,183.421000,1.143188,0.351210,True,0.000574,1
1817,1774269639.968004,1774269805.834197,1116,368,165.859499,1.224047,0.448598,True,0.006694,1
274,1774267567.185278,1774267679.582499,887,375,112.393498,1.777616,0.295764,True,0.003722,1
1818,1774269640.440117,1774269663.443701,388,55,22.999864,1.354415,0.400842,True,0.003720,1
275,1774267569.006936,1774267716.530446,1123,396,147.512739,1.244398,0.370300,True,0.010771,1
1819,1774269643.999989,1774269688.698670,887,112,44.689668,1.062433,0.393038,True,0.009014,1
276,1774267569.511887,1774267710.249036,1095,379,140.726449,1.957625,0.367113,True,0.010700,1
1820,1774269644.157009,1774269747.258379,1020,385,103.094710,1.981409,0.263316,True,0.006660,1
277,1774267572.039740,1774267702.312983,1079,419,130.266819,2.153531,0.306491,True,0.006424,1
1821,1774269646.826102,1774269699.505067,1313,135,52.668237,1.732525,0.380117,True,0.010727,1
278,1774267576.940223,1774267705.515506,1073,420,128.570585,1.990555,0.302100,True,0.004697,1
1822,1774269647.217304,1774269760.375104,1055,395,113.157249,2.077302,0.281929,True,0.000551,1
279,1774267577.311478,1774267727.637974,1147,413,150.322735,1.324882,0.361645,True,0.003761,1
1823,1774269647.490654,1774269821.785959,1130,391,174.292684,2.427016,0.440681,True,0.002621,1
280,1774267578.699925,1774267643.266926,212,183,64.559243,0.414187,0.352445,True,0.007758,1
1824,1774269650.694223,1774269763.829691,1062,398,113.130721,1.959733,0.280028,True,0.004747,1
281,1774267581.958541,1774267612.397549,411,81,30.438363,0.534230,0.373802,True,0.000645,1
1825,1774269652.912144,1774269766.294804,1070,411,113.381018,1.996822,0.271669,True,0.001642,1
282,1774267582.054765,1774267610.001607,380,76,27.938016,0.638546,0.363993,True,0.008826,1
1826,1774269653.624562,1774269660.904483,238,14,7.274241,0.398385,0.528912,True,0.005680,1
283,1774267582.587772,1774267747.947175,990,468,165.358777,1.347263,0.351202,True,0.000626,1
1827,1774269654.089495,1774269785.320731,1060,468,131.230727,2.890450,0.274819,True,0.000510,1
284,1774267583.891471,1774267732.921011,1106,414,149.023766,1.307169,0.357667,True,0.005775,1
1828,1774269656.416299,1774269827.360035,1026,379,170.942986,1.328762,0.448715,True,0.000751,1
285,1774267584.309085,1774267705.843320,1117,396,121.523336,2.198230,0.302089,True,0.010899,1
1829,1774269656.838682,1774269831.351042,1073,385,174.504760,3.258393,0.445954,True,0.007600,1
286,1774267584.983809,1774267705.843466,1147,396,120.852710,3.617295,0.296799,True,0.006948,1
1830,1774269656.846910,1774269737.008317,1325,198,80.151335,2.300089,0.395184,True,0.010072,1
287,1774267587.343270,1774267652.145058,127,178,64.793062,0.346249,0.364106,True,0.008726,1
1831,1774269657.333881,1774269682.333505,387,58,24.995962,2.767136,0.389979,True,0.003662,1
288,1774267588.924899,1774267741.852092,1021,428,152.916368,1.129063,0.355474,True,0.010826,1
1832,1774269657.586897,1774269695.711448,438,93,38.116929,2.659333,0.385409,True,0.007623,1
289,1774267589.304129,1774267706.226964,1081,394,116.918195,2.117100,0.292115,True,0.004640,1
1833,1774269658.335000,1774269691.730615,406,86,33.386727,1.984088,0.369443,True,0.008888,1
290,1774267592.080247,1774267734.814647,1104,394,142.730750,1.334681,0.359786,True,0.003649,1
1834,1774269659.723288,1774269695.666412,388,93,35.939413,0.943130,0.380394,True,0.003711,1
291,1774267593.679124,1774267720.832173,1149,429,127.148364,2.159674,0.292030,True,0.004684,1
1835,1774269664.935391,1774269695.948101,398,107,31.007086,0.834560,0.284646,True,0.005624,1
292,1774267594.851413,1774267625.911965,399,86,31.056824,0.687410,0.357287,True,0.003728,1
1836,1774269668.358540,1774269725.462961,22,131,57.101712,0.298043,0.436951,True,0.002709,1
293,1774267596.244890,1774267707.375047,1127,385,111.126435,2.189893,0.283689,True,0.003722,1
1837,1774269670.294928,1774269716.945705,417,110,46.643090,0.758056,0.420964,True,0.007688,1
294,1774267597.166671,1774267628.273849,766,85,31.100468,2.756237,0.337431,True,0.006710,1
1838,1774269670.998090,1774269873.114678,1052,400,202.110755,1.237105,0.503443,True,0.005832,1
295,1774267597.478656,1774267739.454571,1073,396,141.973178,1.207573,0.356369,True,0.002737,1
1839,1774269671.336364,1774269868.546201,1069,388,197.202178,2.991227,0.501837,True,0.007659,1
296,1774267598.598249,1774267603.827640,91,16,5.226661,0.415653,0.320734,True,0.002730,1
1840,1774269672.093477,1774269882.477080,1019,427,210.374802,1.241754,0.490923,True,0.008802,1
297,1774267598.741607,1774267711.423703,922,402,112.679392,3.710866,0.271742,True,0.002703,1
1841,1774269672.295257,1774269873.798724,1222,396,201.500875,2.683298,0.503336,True,0.002593,1
298,1774267599.013066,1774267660.574036,1314,220,61.552142,4.644057,0.259854,True,0.008827,1
1842,1774269672.359753,1774269685.719071,902,29,13.358732,1.813968,0.412313,True,0.000586,1
299,1774267599.167556,1774267741.201690,1049,396,142.025474,1.333631,0.356182,True,0.008661,1
1843,1774269674.656889,1774269809.319017,1051,440,134.656400,2.033621,0.302102,True,0.005728,1
300,1774267599.398086,1774267710.801778,1048,399,111.399120,2.482580,0.273660,True,0.004571,1
1844,1774269674.805999,1774269750.696918,2006,175,75.880235,2.387907,0.422370,True,0.010684,1
301,1774267602.364952,1774267711.791692,1180,404,109.419014,2.770549,0.264636,True,0.007725,1
1845,1774269674.985980,1774269868.864792,1135,388,193.874142,2.557404,0.494358,True,0.004670,1
302,1774267603.195987,1774267659.969640,194,217,56.765968,2.073717,0.253205,True,0.007685,1
1846,1774269677.579199,1774269726.313154,1349,172,48.728218,2.472104,0.270504,True,0.005737,1
303,1774267604.638182,1774267744.955436,1063,396,140.310461,1.344445,0.351813,True,0.006793,1
1847,1774269681.283778,1774269838.720031,1147,525,157.430667,2.223302,0.296197,True,0.005587,1
304,1774267604.814885,1774267688.509653,206,217,83.690095,1.223229,0.381791,True,0.004674,1
1848,1774269682.552841,1774269875.477775,1095,387,192.924358,1.375520,0.496241,True,0.000576,1
305,1774267606.883254,1774267744.056298,1083,386,137.172481,1.183511,0.353218,True,0.000563,1
1849,1774269684.632990,1774269875.877026,1158,383,191.241370,1.472649,0.496777,True,0.002666,1
306,1774267608.406106,1774267725.721748,1016,436,117.309959,2.094108,0.264864,True,0.005683,1
1850,1774269687.850081,1774269812.008085,1090,414,124.151346,2.137019,0.295434,True,0.006657,1
307,1774267610.127410,1774267765.771483,958,427,155.643470,1.143148,0.362677,True,0.000604,1
1851,1774269689.789215,1774269731.303905,396,99,41.508968,0.509084,0.418366,True,0.005722,1
308,1774267610.898005,1774267617.878046,91,16,6.972331,0.427328,0.436334,True,0.007710,1
1852,1774269692.144415,1774269889.169248,1091,397,197.017086,1.335790,0.494145,True,0.007747,1
309,1774267611.206876,1774267616.287537,335,18,5.074021,0.609935,0.262593,True,0.006640,1
1853,1774269693.886215,1774269937.345688,1083,430,243.453726,1.267243,0.564537,True,0.005747,2
310,1774267612.721348,1774267642.987095,895,114,30.260040,1.777131,0.252061,True,0.005707,1
1854,1774269700.838141,1774269949.534994,1136,396,248.695202,1.259382,0.626420,True,0.001651,2
311,1774267614.199981,1774267753.643466,1004,532,139.436704,2.252707,0.258350,True,0.006781,1
1855,1774269701.716952,1774269922.825550,1001,375,221.101929,1.480170,0.587224,True,0.006669,2
312,1774267615.980960,1774267700.597587,194,223,84.607552,0.462815,0.379030,True,0.009075,1
1856,1774269702.671243,1774269742.666799,50,154,39.991800,0.287534,0.259505,True,0.003757,1
313,1774267620.061679,1774267777.300232,1001,427,157.231649,1.351913,0.365915,True,0.006904,1
1857,1774269702.946140,1774269973.789931,1056,499,270.838089,1.529103,0.540781,True,0.005702,2
314,1774267620.614457,1774267765.597560,954,390,144.982362,2.118306,0.367260,True,0.000741,1
1858,1774269703.993174,1774270002.050883,1084,534,298.053022,1.716869,0.555978,True,0.004687,2
315,1774267622.847474,1774267672.052630,203,217,49.204554,0.620471,0.224926,True,0.000602,1
1859,1774269706.471094,1774269839.063015,1062,416,132.586236,1.991073,0.314687,True,0.005685,1
316,1774267623.110246,1774267763.367644,980,385,140.251387,1.476106,0.361394,True,0.006010,1
1860,1774269706.633107,1774269725.278731,773,41,18.645056,1.122207,0.438071,True,0.000568,1
317,1774267625.773771,1774267634.242599,91,24,8.458225,0.535321,0.344474,True,0.010604,1
1861,1774269707.544478,1774269941.770077,1070,373,234.217868,1.387645,0.625888,True,0.007731,2
318,1774267626.380203,1774267667.366724,428,102,40.980831,0.580827,0.400000,True,0.005690,1
1862,1774269708.795732,1774269837.598850,1085,407,128.795406,2.006752,0.312287,True,0.007712,1
319,1774267628.106990,1774267670.736377,878,110,42.619504,1.102725,0.380888,True,0.009883,1
1863,1774269710.226232,1774269740.286292,388,75,30.055328,0.730890,0.396276,True,0.004732,1
320,1774267629.435253,1774267693.786618,212,164,64.343171,0.474786,0.391831,True,0.008195,1
1864,1774269712.577018,1774269734.911797,383,80,22.334190,0.813895,0.272409,True,0.000590,1
321,1774267632.912249,1774267781.004277,982,411,148.091463,1.283030,0.358069,True,0.000565,1
1865,1774269713.225184,1774270046.867967,1027,660,333.642231,1.188049,0.504483,True,0.000553,2
322,1774267638.844282,1774267683.177876,445,174,44.325857,1.203482,0.249262,True,0.007737,1
1866,1774269713.740105,1774269761.495545,414,102,47.754822,1.371549,0.459240,True,0.000617,1
