RequestID,ArrivalTime,CompletionTime,InputTokens,OutputTokens,Latency,TTFT,TPOT,Success,QueueingDelay,SendCount
1376,1774265128.116575,1774265284.995888,1039,385,156.878745,27.343751,0.337331,True,0.000569,1
2056,1774266153.416451,1774266371.404053,1183,501,217.976816,1.380333,0.433193,True,0.010787,1
1546,1774265385.024981,1774265643.859538,1073,454,258.831900,23.545284,0.519397,True,0.002657,1
2226,1774266366.850635,1774266535.739608,1131,396,168.880237,2.213230,0.421942,True,0.008736,1
1716,1774265644.067100,1774265787.721298,1050,362,143.653637,1.157082,0.394727,True,0.000561,1
1377,1774265128.246339,1774265668.285306,1082,538,540.033243,230.779879,0.575891,True,0.005724,2
2057,1774266153.854869,1774266319.650882,1182,372,165.795342,2.498147,0.440154,True,0.000671,1
1547,1774265385.430917,1774265475.084410,2042,56,89.650681,26.505397,1.148096,True,0.002811,1
2227,1774266371.670875,1774266436.312195,1353,144,64.636640,1.588907,0.440893,True,0.004679,1
1717,1774265644.809443,1774265774.106297,1069,410,129.290158,2.136905,0.310888,True,0.006696,1
1378,1774265128.868734,1774265288.654956,1144,404,159.779524,2.800093,0.389527,True,0.006698,1
2058,1774266154.314498,1774266366.396921,1167,398,212.071746,2.421455,0.528086,True,0.010677,1
1548,1774265385.698945,1774265628.147194,1061,408,242.439521,32.874560,0.514902,True,0.008728,1
2228,1774266372.472602,1774266417.522566,1484,159,45.049398,2.812997,0.267319,True,0.000566,1
1718,1774265646.366045,1774265650.495363,242,14,4.123635,1.070902,0.234826,True,0.005682,1
1379,1774265129.096124,1774265698.708921,979,622,569.609999,240.960633,0.529226,True,0.002798,2
2059,1774266154.471844,1774266197.303316,381,76,42.824842,0.851412,0.559646,True,0.006629,1
1549,1774265387.650849,1774265496.177891,17,120,108.526206,20.921451,0.736174,True,0.000836,1
2229,1774266377.418895,1774266539.963357,1183,384,162.535606,1.467078,0.420544,True,0.008856,1
1719,1774265647.193633,1774265822.165731,1116,451,174.961344,1.454251,0.385571,True,0.010754,1
1380,1774265131.562752,1774265191.673231,181,147,60.099576,0.551116,0.407866,True,0.010902,1
2060,1774266155.312018,1774266332.694904,1198,405,177.374090,1.958813,0.434196,True,0.008796,1
1550,1774265392.044440,1774265522.019919,1316,170,129.971797,19.890856,0.651367,True,0.003683,1
2230,1774266378.074754,1774266445.056041,1318,148,66.980574,2.439815,0.439053,True,0.000713,1
1720,1774265648.046768,1774265810.706863,998,411,162.649344,1.839406,0.392219,True,0.010751,1
1381,1774265134.999361,1774265190.625237,1232,80,55.619204,20.454745,0.445120,True,0.006672,1
2061,1774266155.420474,1774266329.675050,1006,397,174.251857,2.975231,0.432517,True,0.002719,1
1551,1774265392.127551,1774265489.165246,439,98,97.035030,26.451820,0.727662,True,0.002665,1
2231,1774266384.574331,1774266426.192541,1907,90,41.615510,1.976277,0.445385,True,0.002700,1
1721,1774265649.337285,1774265805.217928,1103,393,155.879880,1.917560,0.392761,True,0.000763,1
1382,1774265135.122597,1774265314.355917,1126,446,179.226621,1.433794,0.399534,True,0.006699,1
2062,1774266156.969363,1774266324.289803,1026,385,167.310254,1.924130,0.430693,True,0.010186,1
1552,1774265393.183065,1774265512.087518,390,155,118.903922,15.389297,0.672173,True,0.000531,1
2232,1774266386.998318,1774266425.532775,401,82,38.523754,0.548073,0.468836,True,0.010704,1
1722,1774265652.999225,1774265816.587908,1163,418,163.588117,1.326976,0.389115,True,0.000566,1
1383,1774265135.887403,1774265286.796115,1024,385,150.905991,1.888840,0.388065,True,0.002721,1
2063,1774266157.194572,1774266335.984211,1022,413,178.778980,1.952844,0.429190,True,0.010659,1
1553,1774265394.131101,1774265629.927975,1023,406,235.790807,17.802270,0.538243,True,0.006067,1
2233,1774266389.613205,1774266436.224577,1961,95,46.602672,2.260867,0.471721,True,0.008700,1
1723,1774265654.515856,1774265837.819946,1065,474,183.302333,1.245716,0.384898,True,0.001756,1
1384,1774265143.950260,1774265156.816055,917,33,12.863114,0.890977,0.374129,True,0.002681,1
2064,1774266157.841564,1774266209.096477,900,102,51.254270,1.995478,0.487711,True,0.000643,1
1554,1774265394.450413,1774265662.200166,1029,519,267.749125,24.131066,0.470305,True,0.000628,1
2234,1774266389.716115,1774266431.522256,403,135,41.797135,1.002451,0.304438,True,0.009006,1
1724,1774265655.946613,1774265701.771485,1063,93,45.821154,1.376391,0.483095,True,0.003718,1
1385,1774265145.294222,1774265284.927025,1226,393,139.624031,2.375105,0.350125,True,0.008772,1
2065,1774266162.311472,1774266211.254870,911,97,48.937710,1.051548,0.498814,True,0.005688,1
1555,1774265394.751990,1774265505.084980,404,144,110.328289,25.016696,0.596585,True,0.004702,1
2235,1774266389.723547,1774266437.638507,389,100,47.902277,2.287015,0.460760,True,0.012683,1
1725,1774265658.115316,1774265704.290883,398,95,46.174865,0.568460,0.485175,True,0.000701,1
1386,1774265146.145963,1774265287.910367,1171,401,141.758676,3.848670,0.344775,True,0.005728,1
2066,1774266163.533159,1774266335.452021,1096,398,171.913130,1.311159,0.429728,True,0.005732,1
1556,1774265398.509171,1774265630.443913,1124,408,231.929998,13.425103,0.536867,True,0.004744,1
2236,1774266389.784694,1774266439.824907,399,101,50.035434,2.372764,0.476627,True,0.004779,1
1726,1774265659.081627,1774265732.617538,874,169,73.533139,1.178070,0.430685,True,0.002771,1
1387,1774265147.868135,1774265656.607622,1032,502,508.738783,240.515621,0.535376,True,0.000704,2
2067,1774266164.221105,1774266209.228658,389,87,44.998883,1.151700,0.509851,True,0.008669,1
1557,1774265401.861157,1774265631.054004,1044,413,229.186159,24.494077,0.496825,True,0.006688,1
2237,1774266390.039454,1774266494.324474,953,375,104.278377,2.417652,0.272355,True,0.006644,1
1727,1774265659.532856,1774265794.340172,1056,417,134.801337,2.113188,0.318962,True,0.005978,1
1388,1774265148.271991,1774265198.751296,434,124,50.470560,2.567566,0.389455,True,0.008745,1
2068,1774266165.276392,1774266346.991668,1102,420,181.707534,1.331320,0.430492,True,0.007742,1
1558,1774265402.250983,1774265622.512263,1022,390,220.258223,17.519758,0.521179,True,0.003057,1
2238,1774266390.802176,1774266575.080144,1066,431,184.272566,3.302707,0.420860,True,0.005402,1
1728,1774265660.194558,1774265698.269411,1116,79,38.066050,1.348093,0.470743,True,0.008803,1
1389,1774265148.446333,1774265155.692500,311,18,7.238519,1.044116,0.364377,True,0.007648,1
2069,1774266166.258295,1774266335.051292,1010,391,168.792248,1.497145,0.428962,True,0.000748,1
1559,1774265403.670854,1774265494.773511,393,113,91.101918,16.886191,0.662640,True,0.000739,1
2239,1774266391.096678,1774266404.021554,298,18,12.919146,2.191930,0.631013,True,0.005730,1
1729,1774265661.037768,1774265813.091695,1044,396,152.053409,1.851559,0.380258,True,0.000519,1
1390,1774265149.998915,1774265190.383873,1133,92,40.378198,1.348308,0.428900,True,0.006759,1
2070,1774266166.876290,1774266336.999466,1148,398,170.114496,2.181051,0.423006,True,0.008681,1
1560,1774265403.779440,1774265484.321457,406,82,80.537408,22.577858,0.715550,True,0.004609,1
2240,1774266391.220863,1774266561.810043,1146,413,170.585484,1.900859,0.409429,True,0.003696,1
1730,1774265662.354341,1774265815.183191,1075,466,152.827164,2.121199,0.324099,True,0.001685,1
1391,1774265151.097676,1774265207.800621,401,130,56.692059,0.855933,0.432838,True,0.010886,1
2071,1774266167.249733,1774266376.933430,1024,396,209.678788,2.217399,0.525219,True,0.004909,1
1561,1774265404.301770,1774265627.708282,1102,408,223.395806,15.460975,0.510896,True,0.010707,1
2241,1774266393.090463,1774266642.080041,1178,607,248.981741,2.024976,0.407519,True,0.007837,1
1731,1774265664.504335,1774265705.703817,401,89,41.191745,0.682252,0.460335,True,0.007738,1
1392,1774265151.708973,1774265188.579855,376,81,36.865137,0.801008,0.450802,True,0.005745,1
2072,1774266168.050796,1774266335.939933,1023,394,167.886241,2.125684,0.421783,True,0.002896,1
1562,1774265404.383692,1774265438.073086,238,14,33.688685,16.173418,1.347328,True,0.000708,1
2242,1774266394.562155,1774266500.981651,1066,388,106.411727,2.180901,0.269330,True,0.007769,1
1732,1774265666.700128,1774265869.283404,1044,524,202.574332,1.309197,0.384828,True,0.008944,1
1393,1774265157.522124,1774265311.854243,1176,383,154.331576,1.404378,0.400333,True,0.000542,1
2073,1774266168.145134,1774266175.479076,242,14,7.333368,2.088474,0.403453,True,0.000574,1
1563,1774265406.962336,1774265624.953082,1146,396,217.983650,19.392877,0.502761,True,0.007096,1
2243,1774266394.562307,1774266552.140004,1248,378,157.559696,2.007284,0.412606,True,0.018001,1
1733,1774265667.480263,1774265735.582520,1312,157,68.101702,1.884671,0.424468,True,0.000555,1
1394,1774265158.691552,1774265191.087603,1029,71,32.391398,2.093873,0.432822,True,0.004653,1
2074,1774266168.550455,1774266376.933613,1144,396,208.382241,2.995883,0.519965,True,0.000917,1
1564,1774265409.247840,1774265624.477885,1048,396,215.229211,18.301305,0.498552,True,0.000834,1
2244,1774266394.714760,1774266413.395676,387,68,18.672299,2.533411,0.240879,True,0.008617,1
1734,1774265672.292280,1774265824.863481,1039,398,152.564439,1.302502,0.381012,True,0.006762,1
1395,1774265159.532895,1774265221.188871,1312,132,61.653052,1.656650,0.457988,True,0.002924,1
2075,1774266170.957072,1774266363.383075,995,449,192.425360,1.304200,0.426610,True,0.000644,1
1565,1774265409.385598,1774265631.985483,1040,414,222.594219,11.166358,0.511932,True,0.005667,1
2245,1774266395.534054,1774266558.340966,1027,392,162.800226,2.217819,0.410697,True,0.006686,1
1735,1774265675.388458,1774265802.420663,1027,390,127.029527,1.983178,0.321456,True,0.002678,1
1396,1774265160.547143,1774265189.223777,372,63,28.669885,1.023169,0.445915,True,0.006749,1
2076,1774266171.319286,1774266346.947757,1082,411,175.621783,2.199237,0.422982,True,0.006688,1
1566,1774265411.306786,1774265458.741342,750,44,47.426915,15.047378,0.753013,True,0.007642,1
2246,1774266396.095081,1774266442.422700,858,107,46.324739,2.264882,0.415659,True,0.002881,1
1736,1774265675.910988,1774265706.363266,395,93,30.445273,2.260697,0.306354,True,0.007005,1
1397,1774265160.737399,1774265313.180676,1203,385,152.432537,1.738025,0.392434,True,0.010740,1
2077,1774266171.819809,1774266205.511516,1020,74,33.684999,1.925658,0.435059,True,0.006708,1
1567,1774265413.945532,1774265609.044680,1037,373,195.098599,13.603561,0.487890,True,0.000549,1
2247,1774266397.080086,1774266566.624448,1052,413,169.536487,2.048731,0.406524,True,0.007875,1
1737,1774265676.266721,1774265838.393911,1133,423,162.117285,1.472830,0.380674,True,0.009905,1
1398,1774265163.677055,1774265684.232092,1015,596,520.552296,206.379704,0.528021,True,0.002741,2
2078,1774266172.959084,1774266377.174749,989,392,204.215126,2.061093,0.517018,True,0.000539,1
1568,1774265414.482568,1774265623.997809,1156,390,209.514602,14.409672,0.501555,True,0.000639,1
2248,1774266398.057171,1774266571.038513,1034,417,172.977579,2.259617,0.410380,True,0.003764,1
1738,1774265677.435685,1774265896.293718,1156,565,218.855333,1.707087,0.385015,True,0.002699,1
1399,1774265163.689226,1774265318.860796,1018,388,155.170265,1.734257,0.396475,True,0.001306,1
2079,1774266175.442480,1774266188.528423,1717,28,13.080196,1.877346,0.414920,True,0.005747,1
1569,1774265416.786570,1774265651.334272,1034,479,234.542007,9.569692,0.470653,True,0.005695,1
2249,1774266398.414429,1774266558.209122,1038,394,159.786781,2.141134,0.401134,True,0.007913,1
1739,1774265678.148205,1774265881.095378,1082,522,202.941433,2.260418,0.385184,True,0.005740,1
1400,1774265163.850264,1774265686.099357,1045,605,522.244326,206.204675,0.523244,True,0.004768,2
2080,1774266177.018638,1774266371.758172,1013,373,194.734831,2.177836,0.517626,True,0.004703,1
1570,1774265418.088692,1774265487.149522,430,90,69.060233,9.460374,0.669661,True,0.000597,1
2250,1774266399.893120,1774266404.065508,120,12,4.168749,1.048101,0.283695,True,0.003639,1
1740,1774265680.373598,1774265821.186076,1126,375,140.808684,1.387850,0.372783,True,0.003794,1
1401,1774265164.323429,1774265309.639761,1112,431,145.314701,2.306633,0.332577,True,0.001630,1
2081,1774266177.602596,1774266352.970031,1051,427,175.360689,1.333719,0.408514,True,0.006746,1
1571,1774265420.486347,1774265456.022376,1044,35,35.531355,8.401716,0.797931,True,0.004674,1
2251,1774266400.119045,1774266447.245879,435,117,47.121461,1.097486,0.396758,True,0.005373,1
1741,1774265680.953353,1774265762.375681,1314,210,81.421781,2.309477,0.378528,True,0.000546,1
1402,1774265165.126201,1774265199.656639,237,79,34.525454,1.965711,0.417433,True,0.004984,1
2082,1774266178.920613,1774266211.161111,382,64,32.237773,1.088195,0.494438,True,0.002725,1
1572,1774265421.743794,1774265631.563966,1009,415,209.816483,7.629316,0.488375,True,0.003689,1
2252,1774266406.699079,1774266575.518504,1190,403,168.816646,1.478930,0.416263,True,0.002780,1
1742,1774265681.145052,1774265819.123655,1062,373,137.975921,2.266159,0.364811,True,0.002682,1
1403,1774265165.308737,1774265335.120723,1162,427,169.806164,1.560150,0.394944,True,0.005823,1
2083,1774266180.110249,1774266276.599963,1313,204,96.482953,2.705468,0.461958,True,0.006760,1
1573,1774265422.678480,1774265625.588735,1026,400,202.909717,7.428630,0.489928,True,0.000538,1
2253,1774266407.245165,1774266437.462952,955,68,30.213098,1.990168,0.421238,True,0.004690,1
1743,1774265681.312570,1774265684.580918,238,14,3.257684,0.526872,0.210062,True,0.010664,1
1404,1774265167.886977,1774265316.217684,1076,377,148.321483,1.250757,0.391146,True,0.009224,1
2084,1774266182.893752,1774266221.711761,381,88,38.815300,0.545721,0.439880,True,0.002708,1
1574,1774265422.907559,1774265648.955954,1089,465,226.042673,8.005734,0.469907,True,0.005721,1
2254,1774266407.519949,1774266522.104337,1248,423,114.576761,2.470849,0.265654,True,0.007627,1
1744,1774265683.296598,1774265754.455501,1313,181,71.148171,1.678249,0.385944,True,0.010732,1
1405,1774265169.146115,1774265667.389805,1199,534,498.236559,219.231195,0.523462,True,0.007130,2
2085,1774266183.054130,1774266419.905375,1051,538,236.843534,2.275512,0.436812,True,0.007711,1
1575,1774265427.674316,1774265508.743393,62,152,81.058400,3.316337,0.514848,True,0.010676,1
2255,1774266409.876430,1774266451.814269,406,96,41.935010,0.617065,0.434926,True,0.002828,1
1745,1774265684.050196,1774265836.928460,1200,406,152.869476,2.350550,0.371652,True,0.008789,1
1406,1774265169.645085,1774265271.172997,28,265,101.517195,2.900623,0.373548,True,0.010717,1
2086,1774266183.611924,1774266190.055974,243,14,6.441376,0.550181,0.453169,True,0.002674,1
1576,1774265429.541775,1774265473.439146,382,53,43.889416,1.870600,0.808054,True,0.007954,1
2256,1774266410.044715,1774266578.312561,1093,411,168.267268,1.470706,0.406821,True,0.000578,1
1746,1774265685.218012,1774265738.876968,413,137,53.648214,1.733207,0.381728,True,0.010742,1
1407,1774265169.720855,1774265327.200982,1052,412,157.473463,2.096328,0.378047,True,0.006664,1
2087,1774266183.896701,1774266220.284484,1337,79,36.383059,1.697256,0.444690,True,0.004724,1
1577,1774265429.680768,1774265610.041870,998,373,180.350143,3.078856,0.476536,True,0.010959,1
2257,1774266411.146266,1774266444.662113,434,82,33.515249,0.932644,0.402254,True,0.000599,1
1747,1774265686.456757,1774265812.973852,1054,374,126.509358,2.004470,0.333793,True,0.007737,1
1408,1774265170.178064,1774265775.410385,1180,880,605.223537,188.845171,0.473696,True,0.008785,2
2088,1774266185.006638,1774266260.073108,401,164,75.057775,1.263705,0.452724,True,0.008695,1
1578,1774265435.289373,1774265640.443365,936,431,205.143275,1.973600,0.472488,True,0.010717,1
2258,1774266414.978374,1774266438.559488,368,72,23.580544,0.742854,0.321658,True,0.000571,1
1748,1774265688.042061,1774265926.164431,1059,622,238.111631,1.197868,0.381504,True,0.010739,1
1409,1774265171.869715,1774265326.460588,1083,407,154.580365,2.049068,0.375693,True,0.010507,1
2089,1774266186.432309,1774266194.881344,120,12,8.443302,0.406239,0.730642,True,0.005733,1
1579,1774265442.238007,1774265637.722525,1150,404,195.483665,2.238998,0.479515,True,0.000853,1
2259,1774266416.407378,1774266574.511816,988,375,158.098782,1.339216,0.419143,True,0.005656,1
1749,1774265688.348716,1774265839.017474,1050,411,150.668203,2.116949,0.362320,True,0.000556,1
1410,1774265172.505458,1774265229.079809,1785,137,56.564914,2.633356,0.396556,True,0.009438,1
2090,1774266186.542364,1774266352.489218,1130,398,165.937057,1.342037,0.414597,True,0.009796,1
1580,1774265443.047221,1774265640.604634,1099,410,197.551670,3.564106,0.474297,True,0.005743,1
2260,1774266417.077585,1774266463.478444,418,95,46.397207,2.724087,0.464608,True,0.003651,1
1750,1774265689.969978,1774265831.852638,1069,419,141.876935,2.076411,0.334451,True,0.005725,1
1411,1774265172.809965,1774265299.812993,1053,394,126.999317,1.986337,0.318099,True,0.003711,1
2091,1774266186.544528,1774266380.796264,1134,393,194.233530,2.219218,0.489832,True,0.018206,1
1581,1774265445.590580,1774265517.180883,7,136,71.582582,3.735674,0.502570,True,0.007721,1
2261,1774266417.327096,1774266447.202275,1531,70,29.864501,2.064049,0.402905,True,0.010678,1
1751,1774265690.722774,1774265833.126810,1085,426,142.395288,3.367658,0.327124,True,0.008749,1
1412,1774265173.144819,1774265186.115611,243,14,12.964166,4.037576,0.686661,True,0.006625,1
2092,1774266186.673089,1774266349.106133,1053,385,162.427371,1.409703,0.419317,True,0.005674,1
1582,1774265446.013227,1774265640.848236,1033,411,194.834500,2.526260,0.469044,True,0.000509,1
2262,1774266417.626607,1774266528.415724,1135,410,110.780405,2.131172,0.265646,True,0.008712,1
1752,1774265691.552550,1774265853.701109,1012,434,162.139779,1.337866,0.371367,True,0.008780,1
1413,1774265173.613016,1774265318.992679,1028,374,145.374912,2.744280,0.382388,True,0.004751,1
2093,1774266187.386742,1774266383.923203,1015,393,196.529681,3.421769,0.492622,True,0.006779,1
1583,1774265446.342677,1774265641.422147,1071,415,195.073807,2.925913,0.464125,True,0.005663,1
2263,1774266421.002414,1774266458.679935,1142,79,37.670741,1.271523,0.466657,True,0.006781,1
1753,1774265692.511389,1774265709.512797,1537,51,16.992765,4.482857,0.250198,True,0.008642,1
1414,1774265173.802793,1774265311.327350,1101,411,137.515726,3.377522,0.327166,True,0.008831,1
2094,1774266187.842171,1774266260.793695,25,165,72.943676,0.546370,0.441447,True,0.007848,1
1584,1774265447.542736,1774265641.499039,1099,414,193.951563,3.868090,0.460251,True,0.004740,1
2264,1774266421.898372,1774266522.730134,1189,378,100.821087,2.266797,0.261417,True,0.010675,1
1754,1774265695.456272,1774265715.459348,401,80,19.996330,2.414274,0.222558,True,0.006746,1
1415,1774265175.743095,1774265625.041878,1179,921,449.287776,3.722921,0.484310,True,0.011008,1
2095,1774266188.469469,1774266399.198647,1168,453,210.724253,3.266028,0.458978,True,0.004925,1
1585,1774265448.472103,1774265461.920502,238,14,13.439732,1.114185,0.948119,True,0.008667,1
2265,1774266425.931372,1774266452.383020,394,97,26.446942,0.826654,0.266878,True,0.004705,1
1755,1774265695.526457,1774265923.178504,1158,589,227.643384,1.219239,0.385075,True,0.008663,1
1416,1774265179.222557,1774265299.543061,1005,394,120.315773,2.149200,0.300678,True,0.004732,1
2096,1774266189.812073,1774266352.708339,1023,396,162.885547,1.129655,0.409509,True,0.010719,1
1586,1774265449.885467,1774265517.379572,685,137,67.487464,5.003401,0.459442,True,0.006642,1
2266,1774266426.341049,1774266626.182690,1147,498,199.834954,1.302541,0.399462,True,0.006687,1
1756,1774265696.967353,1774265840.232961,1028,396,143.254872,1.197201,0.359640,True,0.010736,1
1417,1774265180.912737,1774265310.519102,1151,404,129.605774,2.600944,0.315148,True,0.000591,1
2097,1774266191.688674,1774266388.902432,964,476,197.209017,1.335155,0.412366,True,0.004741,1
1587,1774265450.482355,1774265667.907017,1020,502,217.415938,2.841340,0.428293,True,0.008723,1
2267,1774266427.006188,1774266602.645453,985,427,175.634517,1.923357,0.407773,True,0.004749,1
1757,1774265697.034275,1774265719.202603,369,57,22.162657,1.315302,0.372274,True,0.005671,1
1418,1774265182.339940,1774265234.100228,181,167,51.752545,1.754081,0.301196,True,0.007743,1
2098,1774266191.926874,1774266235.956753,1360,90,44.026192,1.949206,0.472775,True,0.003688,1
1588,1774265451.121296,1774265523.194325,1315,144,72.064307,3.421293,0.480021,True,0.008721,1
2268,1774266427.628600,1774266453.729668,1047,99,26.095396,2.037938,0.245484,True,0.005671,1
1758,1774265697.997863,1774265885.489794,1133,507,187.489094,1.620972,0.367328,True,0.002838,1
1419,1774265182.863143,1774265325.978535,1149,379,143.106605,1.336330,0.375054,True,0.008787,1
2099,1774266192.146044,1774266359.106397,1048,397,166.956489,2.450065,0.415420,True,0.003863,1
1589,1774265456.991884,1774265541.747186,9,166,84.754680,0.507377,0.510590,True,0.000622,1
2269,1774266427.812977,1774266593.661184,1128,410,165.840310,1.896413,0.400841,True,0.007896,1
1759,1774265699.881730,1774265881.140075,1010,485,181.251397,1.283125,0.371835,True,0.006949,1
1420,1774265193.529293,1774265637.306677,1070,428,443.774613,157.720949,0.669915,True,0.002771,2
2100,1774266193.072288,1774266375.758638,996,441,182.678283,3.126879,0.408071,True,0.008068,1
1590,1774265457.741048,1774265502.507642,421,93,44.757903,0.881020,0.476923,True,0.008691,1
2270,1774266427.815210,1774266464.096963,647,74,36.265715,1.307298,0.478882,True,0.016038,1
1760,1774265706.644988,1774265856.016772,1066,465,149.366125,1.989421,0.317622,True,0.005659,1
1421,1774265194.068391,1774265235.737915,992,97,41.660786,1.884872,0.414332,True,0.008738,1
2101,1774266193.312269,1774266235.555043,890,89,42.239972,2.320042,0.453636,True,0.002802,1
1591,1774265458.522816,1774265674.996819,1200,526,216.466288,2.371813,0.407799,True,0.007715,1
2271,1774266428.730544,1774266586.038733,972,388,157.302386,1.510678,0.402563,True,0.005804,1
1761,1774265707.045346,1774265864.770295,1036,422,157.714158,1.481750,0.371098,True,0.010792,1
1422,1774265195.752861,1774265689.162585,1035,616,493.402984,208.823500,0.462731,True,0.006741,2
2102,1774266193.327981,1774266366.693442,1135,415,173.357900,1.873731,0.414213,True,0.007560,1
1592,1774265459.919898,1774265501.716377,394,91,41.795887,1.790851,0.444500,True,0.000592,1
2272,1774266429.390965,1774266435.958927,242,14,6.563250,1.013465,0.426907,True,0.004711,1
1762,1774265708.470854,1774265860.466072,977,407,151.989492,1.209421,0.371379,True,0.005726,1
1423,1774265198.372955,1774265624.190517,912,395,425.810764,165.967207,0.659501,True,0.006799,2
2103,1774266193.737252,1774266239.393373,408,100,45.649399,1.539894,0.445551,True,0.006722,1
1593,1774265463.380857,1774265489.566040,1628,48,26.177478,3.192504,0.489042,True,0.007705,1
2273,1774266430.128487,1774266595.273927,1048,412,165.142816,1.473436,0.398222,True,0.002624,1
1763,1774265709.269353,1774265861.140189,1097,411,151.862202,1.834208,0.365922,True,0.008634,1
1424,1774265201.893643,1774265288.699956,1353,234,86.798507,1.743385,0.365043,True,0.007805,1
2104,1774266193.995513,1774266362.020903,1266,397,168.020626,3.124147,0.416405,True,0.004765,1
1594,1774265463.695959,1774265654.694346,1046,442,190.987732,3.364787,0.425449,True,0.010655,1
2274,1774266430.794248,1774266588.725111,1062,394,157.928088,2.000881,0.396761,True,0.002775,1
1764,1774265709.391301,1774265740.295795,396,88,30.893903,0.784431,0.346086,True,0.010592,1
1425,1774265202.245523,1774265235.012444,388,88,32.760338,0.931050,0.365854,True,0.006583,1
2105,1774266195.865881,1774266234.740350,403,89,38.873943,1.119488,0.429028,True,0.000527,1
1595,1774265463.708721,1774265502.111862,383,84,38.394368,5.451304,0.396904,True,0.008773,1
2275,1774266431.186306,1774266475.969918,396,97,44.774405,1.746012,0.448212,True,0.009206,1
1765,1774265714.125463,1774265903.591192,1096,514,189.457028,1.342358,0.366695,True,0.008702,1
1426,1774265202.959749,1774265328.266333,1044,394,125.299541,2.116847,0.313442,True,0.007042,1
2106,1774266196.786897,1774266386.045904,1127,398,189.254273,2.367890,0.470747,True,0.004734,1
1596,1774265464.517156,1774265494.773668,376,65,30.253613,5.821140,0.381757,True,0.002899,1
2276,1774266431.197635,1774266476.815387,431,99,45.609472,1.811194,0.446921,True,0.008280,1
1766,1774265717.823422,1774265751.107885,2006,77,33.275191,3.728617,0.388771,True,0.009272,1
1427,1774265203.145994,1774265624.856358,997,393,421.706734,181.176967,0.613596,True,0.003630,2
2107,1774266197.228566,1774266232.906978,390,79,35.675736,0.736615,0.447937,True,0.002676,1
1597,1774265465.078389,1774265502.906877,379,87,37.817642,5.460389,0.376247,True,0.010846,1
2277,1774266433.561060,1774266472.107207,405,92,38.542477,0.583198,0.417135,True,0.003669,1
1767,1774265723.408821,1774265936.626895,1052,667,213.212334,2.043150,0.317071,True,0.005740,1
1428,1774265203.371027,1774265473.850557,1109,488,270.475900,3.715144,0.547763,True,0.003630,1
2108,1774266201.854316,1774266365.090560,1084,390,163.228517,1.291148,0.416291,True,0.007728,1
1598,1774265465.893040,1774265641.725243,1046,395,175.823629,3.267137,0.437961,True,0.008573,1
2278,1774266434.303845,1774266537.748487,959,384,103.443977,1.910253,0.265101,True,0.000665,1
1768,1774265723.928600,1774265860.674449,1082,428,136.738002,3.493636,0.312048,True,0.007847,1
1429,1774265203.943117,1774265256.242848,1311,159,52.296999,4.257942,0.304045,True,0.002732,1
2109,1774266204.060211,1774266369.560013,963,399,165.499240,1.096760,0.413072,True,0.000562,1
1599,1774265466.941452,1774265649.644527,1173,420,182.696469,3.392899,0.427932,True,0.006606,1
2279,1774266437.008156,1774266453.602249,387,68,16.584148,0.951536,0.233323,True,0.009945,1
1769,1774265726.396860,1774265869.903102,1073,378,143.501549,1.414753,0.376888,True,0.004693,1
1430,1774265205.751165,1774265681.515925,1025,589,475.759937,168.645017,0.522304,True,0.004824,2
2110,1774266205.667667,1774266262.068174,404,128,56.399890,0.606249,0.439320,True,0.000617,1
1600,1774265467.380463,1774265549.732245,1351,186,82.346141,5.624841,0.414710,True,0.005641,1
2280,1774266437.514302,1774266607.135342,1254,419,169.620484,1.601705,0.401959,True,0.000556,1
1770,1774265726.445652,1774265780.015645,11,141,53.562165,1.362942,0.372852,True,0.007827,1
1431,1774265208.440643,1774265233.746993,1232,80,25.305760,2.414963,0.289757,True,0.000590,1
2111,1774266206.214137,1774266371.840535,1201,396,165.615724,1.385246,0.415773,True,0.010674,1
1601,1774265468.386626,1774265477.324928,243,14,8.934665,2.312869,0.509369,True,0.003637,1
2281,1774266438.872447,1774266455.892642,396,75,17.019633,0.868907,0.218253,True,0.000562,1
1771,1774265727.309759,1774265854.494049,1093,396,127.176490,2.228343,0.316324,True,0.007801,1
1432,1774265208.920155,1774265625.314604,1106,399,416.391834,185.648489,0.579757,True,0.002615,2
2112,1774266206.860108,1774266380.822925,1115,418,173.951933,2.089763,0.412139,True,0.010885,1
1602,1774265469.725932,1774265508.938554,410,100,39.208960,1.416400,0.381743,True,0.003661,1
2282,1774266442.686588,1774266612.155683,1100,424,169.458389,1.435640,0.397217,True,0.010706,1
1772,1774265727.500840,1774265874.483795,1014,392,146.982402,1.454447,0.372194,True,0.000554,1
1433,1774265211.341061,1774265624.953369,1060,396,413.606315,177.037800,0.598908,True,0.005993,2
2113,1774266208.876066,1774266372.015517,1025,397,163.128715,1.216844,0.408868,True,0.010736,1
1603,1774265475.793980,1774265493.874985,387,52,18.073107,1.003469,0.334699,True,0.007897,1
2283,1774266445.240734,1774266609.046591,1028,408,163.795088,1.334274,0.399167,True,0.010769,1
1773,1774265727.773154,1774265867.455282,1085,375,139.677377,2.021767,0.368063,True,0.004751,1
1434,1774265211.787395,1774265230.370371,398,46,18.582165,1.497899,0.379650,True,0.000811,1
2114,1774266214.053660,1774266270.419049,418,113,56.357682,2.759593,0.478554,True,0.007706,1
1604,1774265477.152071,1774265655.079792,1034,429,177.925100,2.074957,0.410865,True,0.002621,1
2284,1774266447.145392,1774266607.569953,955,394,160.416790,1.066824,0.405471,True,0.007771,1
1774,1774265729.587106,1774265883.140450,1174,411,153.552702,1.602197,0.370611,True,0.000642,1
1435,1774265212.059809,1774265237.644584,1786,67,25.580141,2.848066,0.344425,True,0.004633,1
2115,1774266214.191151,1774266403.205462,984,409,189.009440,2.624931,0.456825,True,0.004871,1
1605,1774265482.263149,1774265635.924847,1162,411,153.658974,3.764116,0.365597,True,0.002725,1
2285,1774266447.886184,1774266495.585260,19,178,47.695403,0.335093,0.267572,True,0.003672,1
1775,1774265731.957984,1774265853.561562,1094,378,121.603018,2.060624,0.317089,True,0.000560,1
1436,1774265212.966191,1774265216.303039,119,12,3.334200,0.409005,0.265927,True,0.002648,1
2116,1774266215.148978,1774266379.291214,1150,394,164.138493,1.302732,0.414340,True,0.003743,1
1606,1774265484.295374,1774265678.070198,1121,506,193.768999,2.991011,0.377778,True,0.005825,1
2286,1774266448.874071,1774266478.415877,373,60,29.538301,0.609860,0.490313,True,0.003505,1
1776,1774265733.493856,1774265885.049483,1086,410,151.551916,1.347955,0.367247,True,0.003710,1
1437,1774265213.105159,1774265216.729537,247,14,3.616738,0.827959,0.214521,True,0.007640,1
2117,1774266216.487694,1774266375.275407,1011,384,158.776782,1.191591,0.411450,True,0.010932,1
1607,1774265490.744842,1774265495.212796,331,18,4.465268,0.414207,0.238298,True,0.002686,1
2287,1774266449.594853,1774266609.871098,1023,396,160.267485,1.180845,0.402751,True,0.008760,1
1777,1774265734.946221,1774265861.721443,987,413,126.769051,1.831167,0.303247,True,0.006171,1
1438,1774265214.022779,1774265615.764807,1013,386,401.735098,145.002522,0.666838,True,0.006929,2
2118,1774266218.976762,1774266399.198995,1149,383,180.211169,2.148044,0.466134,True,0.011064,1
1608,1774265491.243433,1774265636.771998,1081,388,145.520855,1.188794,0.372951,True,0.007709,1
2288,1774266449.604258,1774266574.380402,1105,407,124.766240,2.176963,0.301944,True,0.009904,1
1778,1774265740.068018,1774265875.288604,1088,363,135.211877,1.318484,0.369871,True,0.008709,1
1439,1774265215.907607,1774265243.746236,407,88,27.834850,0.698931,0.311907,True,0.003780,1
2119,1774266219.246712,1774266264.562264,408,103,45.314981,0.679721,0.437601,True,0.000571,1
1609,1774265492.267912,1774265554.123245,30,182,61.851495,0.423362,0.339382,True,0.003838,1
2289,1774266449.782953,1774266601.817719,1028,379,152.028130,1.977711,0.396959,True,0.006636,1
1779,1774265743.667079,1774266400.266179,1102,523,656.593393,331.516584,0.622753,True,0.005707,2
1440,1774265218.540159,1774265334.684060,1030,375,116.133168,1.989108,0.305198,True,0.010733,1
2120,1774266219.897161,1774266249.858310,386,67,29.956452,0.658069,0.443915,True,0.004697,1
1610,1774265497.602235,1774265667.532080,1073,408,169.926152,2.136491,0.412260,True,0.003694,1
2290,1774266452.492104,1774266491.565578,1907,84,39.069827,2.140704,0.444929,True,0.003647,1
1780,1774265744.138275,1774265868.598557,1029,401,124.449621,2.066087,0.305959,True,0.010662,1
1441,1774265218.676843,1774265339.563590,1035,391,120.876119,3.755219,0.300310,True,0.010628,1
2121,1774266223.101125,1774266400.830966,1196,410,177.721105,1.438662,0.431008,True,0.008736,1
1611,1774265501.161192,1774265666.554520,1191,407,165.385604,1.226646,0.404332,True,0.007724,1
2291,1774266452.673663,1774266610.951053,1028,396,158.268722,3.358536,0.392178,True,0.008668,1
1781,1774265746.282419,1774265865.343805,981,381,119.058726,2.046072,0.307928,True,0.002660,1
1442,1774265220.102869,1774265241.479375,385,67,21.368670,0.518973,0.315905,True,0.007836,1
2122,1774266224.245401,1774266401.487179,1008,414,177.241181,1.742819,0.424936,True,0.000597,1
1612,1774265501.531322,1774265643.847813,1094,362,142.309780,2.028333,0.388591,True,0.006712,1
2292,1774266452.741810,1774266646.152051,1364,480,193.406519,3.922836,0.395582,True,0.003722,1
1782,1774265746.885238,1774265899.301563,1029,405,152.410461,1.186198,0.374317,True,0.005863,1
1443,1774265225.121182,1774265253.400524,380,97,28.270613,0.877002,0.285350,True,0.008729,1
2123,1774266225.099706,1774266412.993580,985,421,187.883237,2.061090,0.442434,True,0.010637,1
1613,1774265503.684522,1774265733.260934,459,562,229.565612,0.674573,0.408005,True,0.010801,1
2293,1774266453.105296,1774266619.863176,1034,417,166.757301,2.676923,0.394424,True,0.000580,1
1783,1774265747.405009,1774265780.827792,374,91,33.418088,1.288383,0.356997,True,0.004695,1
1444,1774265225.597857,1774265624.097868,1046,393,398.492019,133.426260,0.676188,True,0.007992,2
2124,1774266225.573202,1774266406.822579,988,432,181.242702,1.590706,0.416826,True,0.006676,1
1614,1774265503.989704,1774265675.779256,985,426,171.782425,1.358889,0.400997,True,0.007127,1
2294,1774266454.665632,1774266618.428902,1084,414,163.758492,2.162312,0.391274,True,0.004779,1
1784,1774265748.430325,1774265873.891188,1023,415,125.453051,2.072786,0.298020,True,0.007812,1
1445,1774265227.358331,1774265622.512441,1036,390,395.153113,152.010582,0.625045,True,0.000996,2
2125,1774266226.048041,1774266411.571398,1027,414,185.522714,3.049616,0.441823,True,0.000643,1
1615,1774265504.867372,1774265537.889330,395,87,33.021333,1.108525,0.371079,True,0.000625,1
2295,1774266455.411670,1774266475.880705,378,45,20.460261,1.998255,0.419591,True,0.008773,1
1785,1774265749.849810,1774265772.220622,956,59,22.364017,1.219988,0.364552,True,0.006794,1
1446,1774265228.054719,1774265523.683151,985,552,295.624231,1.999650,0.532894,True,0.004202,1
2126,1774266226.049549,1774266404.663815,1042,394,178.604067,4.472879,0.443082,True,0.010199,1
1616,1774265506.034511,1774265669.438990,1070,392,163.400684,2.200783,0.412276,True,0.003795,1
2296,1774266456.708564,1774266478.901867,1028,55,22.188721,1.565259,0.381916,True,0.004582,1
1786,1774265751.575767,1774265868.209943,1057,388,116.630455,2.112272,0.295913,True,0.003721,1
1447,1774265233.071091,1774265624.759656,1054,397,391.688009,131.275265,0.657608,True,0.000557,2
2127,1774266226.456254,1774266383.747416,1071,384,157.287495,1.888930,0.405740,True,0.003667,1
1617,1774265507.436173,1774265524.922412,1786,50,17.485587,1.858019,0.318930,True,0.000653,1
2297,1774266457.415494,1774266578.462381,1103,396,121.039472,2.194337,0.300874,True,0.007415,1
1787,1774265751.998703,1774265868.078071,1053,385,116.075595,3.675345,0.292709,True,0.003773,1
1448,1774265238.094651,1774265282.002218,181,126,43.898185,0.429061,0.347753,True,0.009382,1
2128,1774266226.591751,1774266389.421873,1093,401,162.829501,2.285055,0.401361,True,0.000621,1
1618,1774265507.654363,1774265674.283711,1081,414,166.621615,2.762273,0.396754,True,0.007734,1
2298,1774266458.677803,1774266522.296292,1314,156,63.609659,1.678904,0.399553,True,0.008830,1
1788,1774265755.959716,1774265903.812021,1041,395,147.845571,1.240455,0.372094,True,0.006734,1
1449,1774265244.095897,1774265492.977712,1089,412,248.877024,2.018399,0.600629,True,0.004791,1
2129,1774266227.645855,1774266445.582270,1171,523,217.929411,2.528035,0.412646,True,0.007004,1
1619,1774265508.632624,1774265686.304408,1130,459,177.668071,2.348054,0.382795,True,0.003713,1
2299,1774266458.852782,1774266499.923572,404,91,41.061548,1.787340,0.436380,True,0.009243,1
1789,1774265761.255103,1774265880.176652,1146,401,118.920986,2.127216,0.291984,True,0.000563,1
1450,1774265244.933854,1774265277.241951,405,89,32.297309,0.628169,0.359877,True,0.010788,1
2130,1774266228.842341,1774266412.390118,1048,433,183.540993,2.724043,0.418558,True,0.006784,1
1620,1774265511.478129,1774265582.374148,1320,192,70.885400,1.514643,0.363198,True,0.010619,1
2300,1774266459.700317,1774266576.882590,1002,388,117.173533,1.913889,0.297829,True,0.008740,1
1790,1774265762.227366,1774265919.597510,1038,401,157.366304,1.155519,0.390527,True,0.003839,1
1451,1774265245.578667,1774265487.051891,1097,393,241.462411,2.622734,0.609285,True,0.010813,1
2131,1774266228.960463,1774266263.890467,1821,84,34.929456,2.146149,0.394980,True,0.000548,1
1621,1774265511.968989,1774265667.079321,1023,377,155.109813,2.334129,0.406318,True,0.000519,1
2301,1774266460.870746,1774266611.427991,1128,502,150.549474,2.891111,0.294727,True,0.007771,1
1791,1774265763.027644,1774265934.171921,1051,440,171.137527,1.561513,0.386278,True,0.006751,1
1452,1774265247.796581,1774265501.515776,1168,436,253.710438,2.558794,0.577360,True,0.008757,1
2132,1774266230.263632,1774266268.643477,388,98,38.369024,1.575676,0.379313,True,0.010822,1
1622,1774265514.314586,1774265518.979660,238,14,4.654348,0.509680,0.318821,True,0.010726,1
2302,1774266464.283889,1774266579.152100,1018,395,114.861518,2.108384,0.286175,True,0.006694,1
1792,1774265763.594994,1774265802.749615,15,134,39.154073,0.380927,0.291527,True,0.000548,1
1453,1774265249.629717,1774265256.395850,333,18,6.759627,0.513311,0.367430,True,0.006506,1
2133,1774266230.335858,1774266268.958693,1047,99,38.622288,2.208221,0.371572,True,0.000546,1
1623,1774265516.921006,1774265567.903980,1314,137,50.979216,1.543596,0.363497,True,0.003758,1
2303,1774266465.045345,1774266483.186516,840,45,18.135455,0.909689,0.391495,True,0.005716,1
1793,1774265764.684711,1774265914.900036,1006,394,150.208241,1.172315,0.379226,True,0.007085,1
1454,1774265250.392474,1774265631.390642,1053,415,380.990501,128.969253,0.608747,True,0.007667,2
2134,1774266233.528499,1774266296.562177,21,138,63.029852,0.373335,0.457347,True,0.003826,1
1624,1774265517.424448,1774265674.851470,1072,398,157.419355,2.037258,0.391391,True,0.007667,1
2304,1774266468.578356,1774266520.567714,449,119,51.987664,0.614700,0.435364,True,0.001694,1
1794,1774265766.715502,1774265798.756755,424,102,32.038332,0.560289,0.311664,True,0.002921,1
1455,1774265251.846848,1774265293.669319,396,107,41.811513,0.764448,0.387236,True,0.010958,1
2135,1774266236.500592,1774266427.031617,971,444,190.527251,2.043740,0.425471,True,0.003773,1
1625,1774265518.066997,1774265556.318338,394,89,38.243604,2.198560,0.409603,True,0.007737,1
2305,1774266469.834804,1774266529.279545,376,145,59.444165,0.644284,0.408333,True,0.000576,1
1795,1774265768.056855,1774265930.876964,1029,415,162.815407,1.261283,0.390227,True,0.004703,1
1456,1774265258.262215,1774265642.447224,986,448,384.174292,121.096439,0.588541,True,0.010717,2
2136,1774266237.157777,1774266416.379613,1185,434,179.214815,1.284777,0.410924,True,0.007021,1
1626,1774265520.662373,1774265543.751609,373,60,23.085548,0.665249,0.380005,True,0.003689,1
2306,1774266470.483464,1774266623.328150,1030,393,152.843003,1.528583,0.386006,True,0.001682,1
1796,1774265768.299697,1774266388.287593,1006,488,619.979040,322.154720,0.611549,True,0.008856,2
1457,1774265259.343348,1774265538.998129,1315,198,279.650028,104.998904,0.886554,True,0.004753,2
2137,1774266241.074122,1774266406.646079,1231,396,165.568187,1.357023,0.415724,True,0.003770,1
1627,1774265522.194194,1774265551.215697,375,66,29.016851,0.665548,0.436174,True,0.004652,1
2307,1774266470.558334,1774266507.967884,374,79,37.398937,0.588253,0.471932,True,0.010612,1
1797,1774265771.362314,1774265893.820583,1005,386,122.448667,1.945004,0.312997,True,0.009602,1
1458,1774265259.811903,1774265293.669476,407,83,33.846684,2.324896,0.384412,True,0.010888,1
2138,1774266242.155259,1774266285.526743,413,113,43.370921,0.921174,0.379016,True,0.000563,1
1628,1774265523.392352,1774265709.180042,1142,491,185.776970,2.162695,0.374723,True,0.010720,1
2308,1774266470.997428,1774266502.361219,1992,66,31.359159,3.215678,0.432977,True,0.004632,1
1798,1774265774.151869,1774265808.954085,404,96,34.791586,0.710837,0.358745,True,0.010630,1
1459,1774265260.492614,1774265625.042014,1032,398,364.544493,134.074083,0.580530,True,0.004907,2
2139,1774266244.389865,1774266421.300370,1255,414,176.907823,2.587705,0.422083,True,0.002681,1
1629,1774265523.674694,1774265567.739547,395,116,44.057380,0.531190,0.378489,True,0.007473,1
2309,1774266473.681665,1774266623.415123,957,388,149.730621,1.611800,0.382736,True,0.002837,1
1799,1774265775.960699,1774265936.106974,1147,509,160.135480,2.116661,0.311061,True,0.010796,1
1460,1774265261.146821,1774265624.478047,1064,396,363.322640,118.214446,0.620527,True,0.008585,2
2140,1774266246.371270,1774266287.704187,922,104,41.325220,1.250387,0.389076,True,0.007697,1
1630,1774265524.966339,1774265677.450853,1044,394,152.479830,2.556079,0.381485,True,0.004683,1
2310,1774266473.821556,1774266586.386616,1043,377,112.558336,2.054943,0.293892,True,0.006725,1
1800,1774265776.517170,1774265827.734916,1314,138,51.217082,4.010126,0.344576,True,0.000664,1
611,1774264189.301029,1774264423.782131,1035,405,234.477379,30.964016,0.503746,True,0.003723,1
1886,1774265914.794743,1774266204.880325,410,99,290.077890,175.660753,1.167522,True,0.007691,2
101,1774263507.841636,1774263809.982031,1127,426,302.133610,59.436468,0.571052,True,0.006784,2
271,1774263730.344585,1774263883.574678,1233,401,153.219678,1.380800,0.379597,True,0.010415,1
441,1774263985.468351,1774264413.080744,1002,388,427.607419,187.127113,0.621396,True,0.004974,2
612,1774264189.313187,1774264418.974628,1009,395,229.658663,36.349424,0.490633,True,0.002778,1
1887,1774265915.640478,1774266340.122491,998,385,424.476350,140.076567,0.740624,True,0.005662,2
102,1774263512.442818,1774263781.005010,1114,414,268.558459,2.145134,0.645069,True,0.003733,1
272,1774263733.247756,1774263802.101413,1317,169,68.842983,2.489386,0.394962,True,0.010674,1
442,1774263986.141531,1774264413.659955,1021,390,427.511322,201.421203,0.581209,True,0.007102,2
1888,1774265916.319287,1774266367.352001,1120,419,451.029685,139.399874,0.745526,True,0.003029,3
613,1774264189.807620,1774264284.790321,482,73,94.978050,23.869092,0.987624,True,0.004651,1
103,1774263513.532878,1774263774.386023,1083,396,260.849485,3.606362,0.651248,True,0.003660,1
273,1774263735.872178,1774263894.216082,1103,520,158.343302,2.165619,0.300920,True,0.000602,1
443,1774263989.031092,1774264074.759639,209,217,85.722813,0.405744,0.394986,True,0.005734,1
614,1774264191.481053,1774264297.417735,401,104,105.933794,28.784911,0.749018,True,0.002888,1
1889,1774265917.094857,1774266342.903502,1112,394,425.807839,153.589444,0.692668,True,0.000806,2
104,1774263513.627029,1774263668.676007,1313,173,155.046342,4.654492,0.874371,True,0.002637,1
274,1774263736.134609,1774263881.214085,887,375,145.071661,1.120417,0.384896,True,0.007815,1
444,1774263989.914548,1774264014.173463,386,96,24.251197,0.871459,0.246103,True,0.007719,1
615,1774264191.868021,1774264428.407719,1046,429,236.528420,33.786497,0.473696,True,0.011278,1
1890,1774265917.430663,1774266407.494354,973,565,490.052994,168.195029,0.570670,True,0.010698,3
105,1774263514.104178,1774263774.008485,888,395,259.897606,2.120495,0.654257,True,0.006701,1
275,1774263737.956582,1774263863.427223,1123,396,125.464854,2.144634,0.312203,True,0.005787,1
445,1774263990.129279,1774264426.349503,1092,415,436.211761,202.007103,0.565712,True,0.008463,2
616,1774264194.030984,1774264413.369421,1230,389,219.332566,19.644622,0.514660,True,0.005872,1
1891,1774265917.622332,1774266224.889624,1351,148,307.263597,127.993315,1.219526,True,0.003695,2
106,1774263514.196431,1774263693.947432,13,130,179.744281,58.807010,0.937498,True,0.006719,2
276,1774263738.461688,1774263858.639899,1095,379,120.172414,3.714857,0.308089,True,0.005797,1
446,1774263991.565701,1774264049.248247,403,142,57.679824,0.584587,0.404931,True,0.002723,1
617,1774264194.138820,1774264326.146292,161,159,131.996815,26.119360,0.670110,True,0.010657,1
1892,1774265919.735486,1774266234.532952,16,163,314.795768,155.452155,0.983603,True,0.001698,2
107,1774263514.523500,1774263673.321189,874,89,158.788758,52.752640,1.204956,True,0.008931,2
277,1774263740.988964,1774263900.984222,1079,419,159.991521,1.297327,0.379651,True,0.003737,1
447,1774263991.599326,1774264036.494019,415,101,44.894186,0.669620,0.442246,True,0.000507,1
618,1774264197.794447,1774264353.494948,26,238,155.697831,27.868088,0.539366,True,0.002671,1
1893,1774265919.737859,1774266349.683232,1069,396,429.935108,116.259886,0.794114,True,0.010264,3
108,1774263514.955671,1774263774.103557,1065,395,259.137230,4.641326,0.645929,True,0.010656,1
278,1774263745.888971,1774263908.015343,1073,420,162.117627,1.311170,0.383786,True,0.008746,1
448,1774263991.809086,1774264073.522255,1013,363,81.705510,2.004570,0.220168,True,0.007659,1
619,1774264197.916751,1774264420.736626,1108,399,222.817280,15.762012,0.520239,True,0.002595,1
1894,1774265920.971737,1774266247.608252,1316,193,326.633832,140.010153,0.971998,True,0.002683,2
109,1774263516.491082,1774263810.055907,1157,426,293.561050,41.638841,0.592758,True,0.003775,2
279,1774263746.260777,1774263871.701688,1147,413,125.434269,2.357830,0.298729,True,0.006642,1
449,1774263992.480312,1774264418.974956,1014,395,426.485568,204.918993,0.562352,True,0.009075,2
620,1774264198.743858,1774264310.450414,378,124,111.697853,21.516256,0.733184,True,0.008704,1
1895,1774265921.470578,1774266397.486179,1025,514,476.011855,144.314754,0.646583,True,0.003746,3
110,1774263516.655084,1774263766.416790,1077,390,249.758041,3.489524,0.633081,True,0.003665,1
280,1774263747.649161,1774263820.980715,212,183,73.322775,0.400250,0.400673,True,0.008779,1
450,1774263993.082581,1774264411.089257,1034,377,417.997898,199.053389,0.582299,True,0.008779,2
1896,1774265921.694606,1774266195.310029,2006,77,273.612672,139.287294,1.767439,True,0.002751,3
621,1774264198.760814,1774264423.605141,1051,410,224.841664,26.901685,0.483961,True,0.002663,1
111,1774263520.616406,1774263806.340369,1149,411,285.721222,52.390774,0.569099,True,0.002742,2
281,1774263750.907033,1774263784.838614,411,81,33.930959,0.914171,0.412710,True,0.000623,1
451,1774263994.093748,1774264420.558020,1002,396,426.458319,182.859121,0.616707,True,0.005953,2
622,1774264200.277346,1774264292.726979,2,93,92.443980,13.398321,0.859192,True,0.005653,1
1897,1774265926.190934,1774266175.666570,378,51,249.471017,164.267544,1.704069,True,0.004619,2
112,1774263520.854906,1774263801.207072,996,389,280.348452,56.945868,0.575780,True,0.003714,2
282,1774263751.004363,1774263785.638005,380,76,34.626985,0.634175,0.453237,True,0.006658,1
452,1774263996.173725,1774264117.930069,1149,516,121.750054,2.244643,0.232049,True,0.006290,1
623,1774264201.277808,1774264409.885423,1001,373,208.598737,18.982278,0.509722,True,0.008878,1
1898,1774265927.078423,1774266344.103919,1036,398,417.014481,158.547492,0.651050,True,0.011016,3
113,1774263521.913784,1774263776.742325,990,394,254.821802,2.004510,0.643301,True,0.006739,1
283,1774263751.536501,1774263930.660877,990,468,179.115663,1.243965,0.380882,True,0.008713,1
453,1774263997.764771,1774264421.182817,1112,403,423.413347,183.451098,0.596921,True,0.004698,2
624,1774264201.626804,1774264428.407344,1059,429,226.775154,24.033468,0.473696,True,0.005387,1
1899,1774265927.112863,1774266406.807683,1042,558,479.687155,108.887038,0.665709,True,0.007665,3
114,1774263523.234465,1774263715.364923,197,183,192.119694,54.559072,0.755828,True,0.010764,2
284,1774263752.840217,1774263912.963449,1106,414,160.116565,1.247251,0.384671,True,0.006667,1
454,1774263998.179528,1774264063.863894,1314,159,65.673646,3.884399,0.391071,True,0.010720,1
625,1774264202.563315,1774264412.192574,996,385,209.628752,25.668916,0.479062,True,0.000507,1
1900,1774265928.932343,1774266318.115545,1089,372,389.181216,126.787740,0.707260,True,0.001987,2
115,1774263526.732760,1774263702.524347,197,217,175.786866,0.538535,0.811335,True,0.004721,1
285,1774263753.257885,1774263907.078112,1117,396,153.809551,2.835676,0.382212,True,0.010677,1
455,1774263998.832871,1774264027.749927,1917,56,28.916460,2.435694,0.481468,True,0.000596,1
626,1774264202.630443,1774264420.558012,1096,396,217.922520,17.633708,0.507060,True,0.005050,1
1901,1774265930.736406,1774266347.735352,1146,395,416.998069,149.043716,0.680087,True,0.000877,2
116,1774263528.233857,1774263805.322239,1378,407,277.084618,29.895913,0.608839,True,0.003765,2
286,1774263753.933501,1774263906.683719,1147,396,152.743480,1.451384,0.383018,True,0.006737,1
456,1774264000.824726,1774264095.824702,1043,431,94.995251,1.946575,0.216392,True,0.004725,1
627,1774264203.156693,1774264294.385258,417,98,91.222923,22.502926,0.708454,True,0.005642,1
1902,1774265931.113407,1774266365.406851,1011,411,434.289703,134.671945,0.730775,True,0.003741,2
117,1774263529.878507,1774263808.843984,1214,421,278.954521,28.244290,0.596929,True,0.010957,2
287,1774263756.292281,1774263827.479521,127,178,71.184483,0.399515,0.399915,True,0.002757,1
457,1774264000.903533,1774264427.838499,1032,421,426.926188,191.232533,0.561175,True,0.008778,2
628,1774264205.062430,1774264419.917656,1139,396,214.851215,23.166573,0.485278,True,0.004010,1
1903,1774265935.174915,1774266338.643282,981,382,403.460628,105.762675,0.781359,True,0.007739,2
118,1774263531.026157,1774263783.904481,1016,375,252.874603,1.978438,0.670845,True,0.003721,1
288,1774263757.873324,1774263881.953015,1021,428,124.074049,2.156528,0.285521,True,0.005642,1
458,1774264001.707735,1774264411.293370,1093,382,409.576906,170.883951,0.626491,True,0.008730,2
629,1774264205.866226,1774264257.160945,310,18,51.293870,14.402093,2.170105,True,0.000848,1
1904,1774265937.938562,1774266368.217354,1138,414,430.274928,123.042415,0.743904,True,0.003864,3
119,1774263531.672441,1774263802.899150,1186,398,271.219918,50.835372,0.555125,True,0.006791,2
289,1774263758.253718,1774263909.058475,1081,394,150.796989,1.306302,0.380383,True,0.007768,1
459,1774264001.854912,1774264428.935035,1173,429,427.076424,170.741652,0.598913,True,0.003699,2
630,1774264207.707575,1774264441.557416,1027,482,233.845824,17.953834,0.448840,True,0.004017,1
1905,1774265939.372754,1774266367.266776,1163,418,427.889186,110.739009,0.760552,True,0.004836,2
120,1774263532.281877,1774263810.599634,1100,426,278.309004,30.530113,0.583009,True,0.008754,2
290,1774263761.028610,1774263912.309174,1104,394,151.276835,1.279891,0.381672,True,0.003730,1
460,1774264006.473988,1774264076.167292,203,189,69.690521,0.492046,0.368077,True,0.002783,1
631,1774264208.276322,1774264413.080403,1007,388,204.799252,19.951673,0.477642,True,0.004829,1
1906,1774265939.377015,1774266366.828116,1087,417,427.439840,116.333666,0.747851,True,0.011261,2
121,1774263533.252290,1774263730.536508,218,217,197.280321,49.258789,0.685285,True,0.003897,2
291,1774263762.628221,1774263923.112175,1149,429,160.473433,1.400167,0.371667,True,0.010520,1
461,1774264007.541001,1774264045.966087,390,97,38.418319,0.741083,0.392471,True,0.006767,1
632,1774264208.545733,1774264323.371709,161,150,114.815259,20.563227,0.632564,True,0.010716,1
1907,1774265940.588997,1774266398.157454,1138,517,457.567864,109.526910,0.674498,True,0.000593,2
122,1774263535.732146,1774263808.267804,1232,419,272.535130,46.781844,0.540080,True,0.000528,2
292,1774263763.800868,1774263796.747361,399,86,32.943846,0.915067,0.376809,True,0.002647,1
462,1774264011.426722,1774264048.025569,409,93,36.597130,0.714421,0.390029,True,0.001718,1
633,1774264210.802264,1774264418.686334,1025,394,207.881330,21.955346,0.473094,True,0.002740,1
1908,1774265940.980173,1774266383.774566,1160,468,442.786508,104.631475,0.724101,True,0.007885,2
123,1774263537.447642,1774263807.524267,975,416,270.072568,45.063385,0.542191,True,0.004057,2
293,1774263765.193906,1774263912.397382,1127,385,147.195208,1.304909,0.379923,True,0.008267,1
463,1774264012.060001,1774264047.981752,402,92,35.918917,0.802828,0.385891,True,0.002834,1
634,1774264211.153201,1774264425.000419,1044,413,213.840628,17.072851,0.477592,True,0.006590,1
1909,1774265941.383641,1774266232.500855,21,165,291.111922,94.618583,1.198130,True,0.005291,3
124,1774263538.836212,1774263723.400301,209,217,184.555390,0.499970,0.852108,True,0.008699,1
294,1774263766.115201,1774263798.225727,766,85,32.099853,1.532068,0.363902,True,0.010673,1
464,1774264013.206618,1774264102.261079,1354,225,89.044709,1.515067,0.390757,True,0.009752,1
635,1774264211.883857,1774264298.650924,404,108,86.760365,17.229187,0.649824,True,0.006703,1
1910,1774265942.042572,1774266336.431877,1091,378,394.387352,123.744549,0.717885,True,0.001953,2
125,1774263540.841370,1774263672.935730,181,85,132.083595,36.952297,1.132515,True,0.010766,2
295,1774263766.428192,1774263877.939373,1073,396,111.504504,4.957724,0.269739,True,0.006676,1
465,1774264016.386601,1774264100.932773,181,213,84.540767,0.510782,0.396368,True,0.005404,1
636,1774264212.109704,1774264427.426889,1036,425,215.312600,20.645853,0.459120,True,0.004585,1
1911,1774265942.491633,1774266362.317281,1149,407,419.824936,107.624212,0.768967,True,0.000712,3
126,1774263540.998957,1774263800.218196,1029,388,259.209645,26.276127,0.601895,True,0.009595,2
296,1774263767.547299,1774263777.211223,91,16,9.657223,0.480351,0.611791,True,0.006701,1
466,1774264016.768618,1774264425.258454,1035,414,408.484774,141.867201,0.645563,True,0.005062,2
637,1774264212.499430,1774264419.917519,1098,396,207.417178,15.732813,0.485277,True,0.000911,1
1912,1774265943.704947,1774266200.455886,1378,85,256.740237,101.903749,1.843292,True,0.010702,2
127,1774263541.440752,1774263807.524513,888,418,266.082858,1.698973,0.634014,True,0.000903,1
297,1774263767.691134,1774263879.092548,922,402,111.393399,3.693320,0.268579,True,0.008015,1
467,1774264017.550231,1774264427.592546,1033,420,410.034641,145.857822,0.630494,True,0.007675,2
638,1774264213.537301,1774264297.726661,405,105,84.183518,15.576811,0.659680,True,0.005842,1
1913,1774265944.271475,1774266343.806518,1013,397,399.357514,96.496543,0.764800,True,0.177530,2
128,1774263541.820871,1774263796.562893,1113,375,254.733016,16.303841,0.637511,True,0.009006,2
298,1774263767.961572,1774263854.824237,1314,220,86.857002,1.570397,0.389437,True,0.005663,1
468,1774264018.083857,1774264085.404683,206,179,67.317066,1.431571,0.370143,True,0.003760,1
639,1774264213.771513,1774264433.140560,1269,451,219.363382,18.983118,0.445289,True,0.005666,1
1914,1774265944.896165,1774266364.592468,1053,408,346.208761,61.397094,0.699783,True,73.487542,1
129,1774263541.931140,1774263834.211889,1035,520,292.280116,16.201780,0.531943,True,0.000633,2
299,1774263768.116278,1774263918.405574,1049,396,150.282654,2.367500,0.374469,True,0.006642,1
469,1774264019.038650,1774264429.016793,888,426,409.975360,144.374424,0.624943,True,0.002783,2
640,1774264214.374215,1774264275.877607,788,51,61.502748,19.467808,0.840699,True,0.000643,1
1915,1774265945.688221,1774266344.103925,1049,398,325.709682,67.242544,0.651051,True,72.706022,1
130,1774263541.931245,1774263809.740521,1009,425,267.797882,40.572028,0.535910,True,0.011395,2
300,1774263768.347673,1774263878.964619,1048,399,110.613267,5.080981,0.265156,True,0.003679,1
470,1774264019.484944,1774264087.923816,209,183,68.433197,1.111055,0.369902,True,0.005675,1
641,1774264218.378448,1774264420.825744,918,397,202.439584,10.733492,0.484106,True,0.007711,1
1916,1774265946.436154,1774266203.305338,1474,94,184.900238,72.058340,1.213354,True,71.968946,1
131,1774263542.468582,1774263815.751553,869,450,273.279278,20.348655,0.563320,True,0.003693,2
301,1774263771.314547,1774263921.440506,1180,404,150.121112,1.348927,0.369162,True,0.004847,1
471,1774264020.509523,1774264429.307886,1102,433,408.791596,176.891793,0.536805,True,0.006768,2
1917,1774265946.459732,1774266157.819020,243,14,139.402883,61.364661,6.002940,True,71.956405,1
642,1774264219.461908,1774264331.467846,206,179,111.997195,13.289730,0.554536,True,0.008743,1
132,1774263542.745487,1774263811.197584,1183,431,268.451619,2.554660,0.618365,True,0.000477,1
302,1774263772.145375,1774263861.196368,194,217,89.050400,1.064321,0.407343,True,0.000594,1
472,1774264021.538338,1774264427.178945,1007,424,405.637890,175.867213,0.543193,True,0.002716,2
643,1774264221.653401,1774264487.546611,1068,664,265.886403,12.182412,0.382661,True,0.006807,1
1918,1774265946.463958,1774266201.620793,401,95,183.193880,67.209794,1.233873,True,71.962955,1
133,1774263544.845323,1774263802.189919,972,395,257.333960,28.154064,0.581675,True,0.010636,1
303,1774263773.588916,1774263920.412666,1063,396,146.823136,1.297439,0.368419,True,0.000614,1
473,1774264021.868403,1774264083.721946,203,167,61.852831,1.436806,0.363952,True,0.000712,1
644,1774264224.840438,1774264440.487152,1042,472,215.646092,10.231212,0.436125,True,0.000621,1
1919,1774265947.082567,1774266207.081923,430,106,188.644074,87.350092,0.964705,True,71.355281,1
134,1774263546.391539,1774263803.079029,1097,396,256.683341,31.408984,0.570315,True,0.004150,1
304,1774263773.764700,1774263861.589570,206,217,87.823123,1.224948,0.400917,True,0.001747,1
474,1774264022.356749,1774264427.014845,1173,421,404.650687,136.276588,0.638986,True,0.007410,2
645,1774264224.932116,1774264292.308476,417,92,67.375555,7.827579,0.654373,True,0.000805,1
1920,1774265949.198478,1774266366.480848,1044,415,348.031963,61.332157,0.692512,True,69.250407,1
135,1774263547.260883,1774263712.652399,206,183,165.386857,35.249089,0.715043,True,0.004659,1
305,1774263775.832470,1774263919.513016,1083,386,143.679909,1.331407,0.369736,True,0.000637,1
475,1774264022.389423,1774264409.279346,1080,371,386.884326,169.749847,0.586850,True,0.005596,2
646,1774264226.018505,1774264315.566549,409,146,89.537215,7.813309,0.563613,True,0.010829,1
1921,1774265951.420347,1774266344.103732,1179,398,325.644508,67.177673,0.651050,True,67.038877,1
136,1774263547.404340,1774263724.439565,181,208,177.031553,25.602131,0.731543,True,0.003672,1
306,1774263777.356134,1774263895.454104,1016,436,118.093255,2.034862,0.266801,True,0.004715,1
476,1774264024.063536,1774264056.628392,395,92,32.564233,1.364382,0.342856,True,0.000623,1
647,1774264226.137758,1774264409.885257,1002,373,183.743600,8.930779,0.469927,True,0.003899,1
1922,1774265951.922491,1774266364.780852,1175,401,346.311103,87.318147,0.647482,True,66.547258,1
137,1774263547.420099,1774263722.545636,1316,200,175.116967,30.375541,0.727344,True,0.008570,1
307,1774263779.075554,1774263939.443424,958,427,160.361891,1.171417,0.373687,True,0.005980,1
477,1774264024.111863,1774264491.748068,1011,677,467.632436,157.104724,0.459361,True,0.003769,2
648,1774264229.013147,1774264297.519048,942,104,68.500203,6.596859,0.601003,True,0.005699,1
1923,1774265955.291183,1774266347.735040,1034,395,329.254545,77.007377,0.640221,True,63.189313,1
138,1774263547.924641,1774263816.442469,908,456,268.507071,34.579343,0.514127,True,0.010756,1
308,1774263779.847630,1774263786.284892,91,16,6.436661,0.950030,0.365775,True,0.000601,1
478,1774264026.033011,1774264033.318526,91,24,7.277831,0.748551,0.283882,True,0.007684,1
649,1774264230.309685,1774264425.258445,983,414,194.941567,6.375598,0.456576,True,0.007194,1
1924,1774265955.634897,1774266167.758635,1951,46,149.267436,82.521054,1.483253,True,62.856302,1
139,1774263548.839367,1774263809.088114,1094,422,260.242034,24.164076,0.560755,True,0.006713,1
309,1774263780.155965,1774263786.715373,335,18,6.548674,0.542048,0.353331,True,0.010734,1
479,1774264026.376114,1774264084.784962,209,167,58.403318,0.523484,0.348674,True,0.005530,1
650,1774264231.454847,1774264563.891524,1113,1000,332.430952,5.915157,0.326843,True,0.005725,1
1925,1774265956.936407,1774266353.173462,1134,394,334.671275,87.286072,0.629479,True,61.565779,1
140,1774263548.924485,1774263809.659490,996,422,260.731456,28.876242,0.550725,True,0.003549,1
310,1774263781.670296,1774263824.566724,895,114,42.887827,0.976472,0.370897,True,0.008601,1
480,1774264028.335730,1774264130.727268,1159,399,102.386774,2.134525,0.251890,True,0.004764,1
651,1774264231.913128,1774264345.153163,203,217,113.236373,3.698873,0.507118,True,0.003662,1
1926,1774265957.255620,1774266203.409932,415,101,184.897542,76.975396,1.079221,True,61.256770,1
141,1774263549.445116,1774263673.321373,420,89,123.865217,33.058862,1.031890,True,0.011041,1
311,1774263783.149353,1774263976.491195,1004,532,193.341122,1.201017,0.361846,True,0.000720,1
481,1774264028.927216,1774264506.631750,463,739,477.693789,182.854022,0.399512,True,0.010745,2
652,1774264232.416136,1774264287.963709,435,83,55.539906,4.268252,0.625264,True,0.007668,1
1927,1774265957.666121,1774266366.566937,1157,416,348.043333,82.488792,0.639890,True,60.857484,1
142,1774263550.201925,1774263799.493110,1112,385,249.288484,22.805456,0.589800,True,0.002701,1
312,1774263784.930646,1774263870.061430,194,223,85.127035,0.359000,0.381838,True,0.003749,1
482,1774264030.031454,1774264130.540121,1094,398,100.497786,2.707130,0.246324,True,0.010880,1
1928,1774265959.438107,1774266227.383566,983,151,208.849309,87.253939,0.810636,True,59.096151,1
653,1774264233.560430,1774264256.525473,91,16,22.964404,3.814595,1.276654,True,0.000639,1
143,1774263551.665277,1774263803.078854,1133,396,251.407506,38.073324,0.540087,True,0.006071,1
313,1774263789.011257,1774263947.353220,1001,427,158.340294,1.270418,0.368709,True,0.001668,1
483,1774264030.041695,1774264073.873342,130,199,43.820830,2.696851,0.207697,True,0.010818,1
654,1774264234.098388,1774264412.389750,1071,386,178.290588,3.937248,0.452866,True,0.000774,1
1929,1774265959.930738,1774266377.493416,1059,448,358.948925,76.943378,0.630885,True,58.613752,1
144,1774263552.348631,1774263804.203978,890,403,251.854818,40.947816,0.524644,True,0.000528,1
314,1774263789.562213,1774263937.124079,954,390,147.559064,1.849015,0.374576,True,0.002802,1
484,1774264031.698351,1774264088.056091,203,162,56.349988,0.375709,0.347666,True,0.007751,1
655,1774264236.334716,1774264344.041065,167,217,107.700278,1.820360,0.490185,True,0.006071,1
1930,1774265960.395216,1774266323.696641,969,375,305.141607,82.457254,0.595413,True,58.159818,1
145,1774263553.202940,1774263650.450640,833,36,97.240988,19.800491,2.212586,True,0.006713,1
315,1774263791.794754,1774263849.405978,203,217,57.599673,0.613997,0.263823,True,0.011551,1
485,1774264033.836989,1774264115.157777,206,217,81.316150,0.353774,0.374826,True,0.004637,1
656,1774264236.341006,1774264326.758286,200,161,90.407065,1.963031,0.552775,True,0.010216,1
1931,1774265962.944621,1774266158.031675,243,14,139.466158,87.222718,4.018726,True,55.620896,1
146,1774263553.544325,1774263810.599625,1093,426,257.044466,36.189352,0.519659,True,0.010834,1
316,1774263792.059556,1774263937.254380,980,385,145.190196,1.317769,0.374668,True,0.004628,1
486,1774264036.236680,1774264408.471137,1003,373,372.223672,144.972890,0.610889,True,0.010784,2
657,1774264237.145339,1774264292.308628,181,92,55.156262,1.297988,0.591849,True,0.007027,1
1932,1774265963.013867,1774266325.971052,1011,373,307.395472,76.912683,0.619577,True,55.561713,1
147,1774263555.116286,1774263724.626571,206,211,169.503647,38.174005,0.625379,True,0.006639,1
317,1774263794.723035,1774263802.013547,91,24,7.281856,0.371000,0.300472,True,0.008656,1
487,1774264037.849868,1774264058.937774,376,88,21.080204,0.931791,0.231591,True,0.007702,1
658,1774264238.224287,1774264305.552339,181,118,67.325401,0.757919,0.568953,True,0.002651,1
1933,1774265963.665056,1774266340.122497,1040,385,321.535834,82.426544,0.622680,True,54.921607,1
148,1774263556.196295,1774263816.096947,898,454,259.889917,27.470974,0.513066,True,0.010736,1
318,1774263795.328551,1774263836.722536,428,102,41.393426,0.710736,0.402799,True,0.000559,1
488,1774264040.170146,1774264087.172275,401,125,47.001582,0.676324,0.373591,True,0.000546,1
659,1774264241.206851,1774264459.574694,1201,546,218.365138,3.789063,0.393718,True,0.002705,1
1934,1774265965.970172,1774266369.532693,1047,419,350.936140,87.191567,0.630968,True,52.626381,1
149,1774263556.839964,1774263712.845970,1312,180,156.000371,32.898680,0.687719,True,0.005635,1
319,1774263797.056841,1774263840.026453,878,110,42.958946,1.149572,0.383572,True,0.010667,1
489,1774264041.962493,1774264428.483773,1023,427,386.516671,145.602224,0.565527,True,0.004609,2
660,1774264241.222225,1774264424.828060,1208,400,183.597129,2.173871,0.454695,True,0.008706,1
1935,1774265966.923339,1774266349.683054,1135,396,331.075243,76.880533,0.643531,True,51.684473,1
150,1774263556.966688,1774263802.368286,1129,396,245.401027,36.329752,0.529294,True,0.000571,1
320,1774263798.384974,1774263838.807285,212,164,40.415592,0.642381,0.244007,True,0.006719,1
490,1774264043.830912,1774264126.866437,197,217,83.034703,0.412182,0.382512,True,0.000821,1
661,1774264242.194088,1774264282.466415,373,57,40.271799,3.299197,0.660225,True,0.000528,1
1936,1774265968.166589,1774266350.340103,1162,401,331.721901,82.394086,0.623320,True,50.451613,1
151,1774263557.021062,1774263663.918372,375,67,106.889283,26.649090,1.215761,True,0.008027,1
321,1774263801.862525,1774263954.471263,982,411,152.608057,1.145735,0.369420,True,0.000682,1
491,1774264044.093237,1774264047.120042,91,16,3.019195,0.320610,0.179906,True,0.007610,1
662,1774264243.976060,1774264425.762454,1005,407,181.783723,2.920276,0.440550,True,0.002671,1
1937,1774265968.167814,1774266359.236533,1150,395,340.607628,87.159091,0.643270,True,50.461091,1
152,1774263560.775071,1774263810.368350,862,425,249.592700,28.968720,0.520340,True,0.000580,1
322,1774263807.793142,1774263879.086507,445,174,71.287402,0.803596,0.407421,True,0.005963,1
492,1774264048.874108,1774264121.260537,77,187,72.377728,0.501491,0.386431,True,0.008701,1
663,1774264244.510509,1774264343.226965,130,199,98.710659,2.500521,0.485910,True,0.005798,1
1938,1774265970.715702,1774266236.180364,20,177,217.540903,76.848369,0.799389,True,47.923759,1
153,1774263562.334759,1774263711.497335,167,179,149.151885,30.951655,0.664046,True,0.010692,1
323,1774263807.850655,1774263845.128715,394,86,37.266655,0.613394,0.431215,True,0.011406,1
493,1774264050.292269,1774264419.259804,1056,396,368.963598,130.924250,0.602631,True,0.003936,2
664,1774264245.881673,1774264424.568903,1008,398,178.683505,3.018416,0.442481,True,0.003725,1
1939,1774265971.636752,1774266186.206191,379,70,167.555616,82.361698,1.234694,True,47.013824,1
154,1774263562.506971,1774263807.100811,914,414,244.593272,21.170363,0.540976,True,0.000569,1
324,1774263808.081869,1774263965.614513,1023,421,157.524873,1.335137,0.371880,True,0.007771,1
494,1774264052.611065,1774264275.559573,1033,397,222.937813,1.914633,0.558139,True,0.010696,1
665,1774264246.490141,1774264259.788971,91,16,13.294608,2.507716,0.719126,True,0.004223,1
1940,1774265972.496378,1774266361.157281,1106,396,342.495444,87.126635,0.646503,True,46.165458,1
155,1774263564.854015,1774263731.575666,209,217,166.717875,24.886518,0.656627,True,0.003776,1
325,1774263809.441715,1774263870.716916,1314,152,61.268372,1.598516,0.395165,True,0.006828,1
495,1774264052.761096,1774264261.462266,1118,378,208.696565,3.814599,0.543453,True,0.004605,1
666,1774264248.155540,1774264307.421447,392,109,59.265270,2.117229,0.529149,True,0.000637,1
1941,1774265975.138077,1774266201.518173,414,95,182.845811,76.815462,1.127982,True,43.534285,1
156,1774263565.713179,1774263853.735317,982,594,288.016171,27.578113,0.439187,True,0.005967,1
326,1774263810.547835,1774263965.832091,1009,420,155.276501,1.642175,0.366669,True,0.007755,1
496,1774264053.065729,1774264112.651656,1269,152,59.577212,1.582662,0.384070,True,0.008715,1
667,1774264248.587103,1774264297.417567,394,94,48.824543,1.112899,0.513028,True,0.005921,1
1942,1774265975.766473,1774266366.299573,1072,415,347.616344,82.329077,0.640790,True,42.916756,1
157,1774263567.431128,1774263705.437003,200,161,137.995179,16.236127,0.760994,True,0.010695,1
327,1774263811.391936,1774263950.900065,1007,375,139.501445,1.976513,0.367714,True,0.006684,1
497,1774264053.752861,1774264277.251970,1035,401,223.491379,3.487209,0.550010,True,0.007730,1
668,1774264249.658176,1774264440.756209,988,466,191.097456,2.144508,0.406350,True,0.000576,1
1943,1774265979.701211,1774266158.031682,238,14,139.337759,87.094404,4.018720,True,38.992712,1
158,1774263567.609019,1774263704.079359,1313,156,136.464746,22.129680,0.737646,True,0.005593,1
328,1774263813.148067,1774263949.902194,1161,373,136.745480,1.506733,0.363545,True,0.008647,1
498,1774264054.236286,1774264424.656298,1256,414,370.419351,113.950857,0.620989,True,0.000661,2
669,1774264249.895246,1774264413.947113,1146,380,164.044192,2.847126,0.425322,True,0.007675,1
1944,1774265980.088546,1774266197.210037,385,87,178.505366,76.783246,1.182815,True,38.616126,1
159,1774263568.180648,1774263807.524412,999,416,239.342847,25.115988,0.516209,True,0.000917,1
329,1774263815.971436,1774263970.933993,1067,429,154.961863,1.055930,0.359593,True,0.000694,1
499,1774264054.249398,1774264434.121097,1211,450,379.862790,137.886729,0.538922,True,0.008909,2
670,1774264250.480136,1774264433.700985,1091,436,183.217156,4.379453,0.411121,True,0.003693,1
1945,1774265982.466468,1774266158.875546,322,18,140.160604,98.145677,2.471466,True,36.248474,1
160,1774263573.972241,1774263802.721253,1084,397,228.748452,20.330212,0.526309,True,0.000560,1
330,1774263819.334562,1774263967.868766,1038,409,148.533649,1.206367,0.361096,True,0.000555,1
500,1774264054.393106,1774264087.967594,396,89,33.566856,2.003501,0.358674,True,0.007632,1
671,1774264253.577790,1774264295.787282,379,87,42.206710,2.190265,0.465307,True,0.002782,1
1946,1774265982.749625,1774266361.157276,1026,396,342.431288,102.827367,0.606592,True,35.976363,1
161,1774263574.136659,1774263683.237678,399,106,109.092334,15.598806,0.890415,True,0.008686,1
331,1774263822.424585,1774263931.450232,1136,422,109.022927,2.229671,0.253666,True,0.002720,1
501,1774264055.957573,1774264062.093295,91,16,6.128920,0.767654,0.357418,True,0.006802,1
672,1774264254.377990,1774264297.623158,411,93,43.241247,1.710603,0.451420,True,0.003922,1
1947,1774265984.957153,1774266359.040569,970,403,340.304618,76.751816,0.655604,True,33.778797,1
162,1774263575.512859,1774263853.735584,1065,594,278.211749,17.773525,0.439188,True,0.010977,1
332,1774263823.082386,1774263881.575420,169,217,58.489357,1.989316,0.261574,True,0.003676,1
502,1774264057.310510,1774264426.432255,1066,421,369.115988,110.871330,0.614868,True,0.005756,2
673,1774264261.025399,1774264293.971602,396,65,32.942314,1.039306,0.498484,True,0.003890,1
1948,1774265986.048211,1774266195.845461,1378,85,177.098714,98.113883,0.940296,True,32.698536,1
163,1774263583.001273,1774263814.412867,1036,446,231.407764,11.298046,0.494629,True,0.003830,1
333,1774263823.808172,1774263832.729423,313,18,8.916584,0.446736,0.498226,True,0.004668,1
503,1774264057.850473,1774264062.886817,91,24,5.035775,0.307928,0.205559,True,0.000568,1
674,1774264262.934272,1774264429.670380,1060,396,166.733294,2.025098,0.416983,True,0.002814,1
1949,1774265987.349052,1774266238.765615,13,172,220.008359,102.795365,0.685456,True,31.408204,1
164,1774263585.266812,1774263803.599764,1243,398,218.326205,11.041259,0.522128,True,0.006747,1
334,1774263824.395329,1774264041.949901,1116,574,217.543857,1.462706,0.377105,True,0.010715,1
504,1774264058.424425,1774264086.532361,414,79,28.107365,0.862404,0.349294,True,0.000571,1
675,1774264263.131927,1774264436.052083,1046,429,172.912083,4.069085,0.394493,True,0.008073,1
1950,1774265987.612902,1774266342.499713,1004,388,323.731446,76.719782,0.638273,True,31.155365,1
165,1774263586.780107,1774263799.131047,1128,384,212.348170,11.784108,0.523666,True,0.002770,1
335,1774263825.522860,1774263957.765485,1240,501,132.231724,2.447384,0.259569,True,0.010900,1
505,1774264060.195167,1774264070.269450,378,52,10.072635,0.953233,0.178812,True,0.001648,1
676,1774264263.221418,1774264303.955537,398,79,40.733605,2.554386,0.489477,True,0.000513,1
1951,1774265988.153491,1774266318.115711,980,372,299.336987,98.082129,0.542466,True,30.625233,1
166,1774263587.154839,1774263796.562698,1000,375,209.404938,13.570143,0.523622,True,0.002921,1
336,1774263825.559861,1774263848.250136,1060,58,22.685610,1.869012,0.365203,True,0.004665,1
506,1774264060.837548,1774264102.129020,385,112,41.284184,0.581019,0.366695,True,0.007288,1
677,1774264267.147734,1774264313.320969,381,99,46.170532,0.866226,0.462289,True,0.002703,1
1952,1774265993.125096,1774266401.741018,1102,530,382.951694,102.763276,0.529657,True,25.664229,1
167,1774263587.961989,1774263660.815001,992,56,72.847229,8.347145,1.172729,True,0.005782,1
337,1774263825.691384,1774263889.659047,209,167,63.960949,1.735506,0.374852,True,0.006713,1
507,1774264065.959384,1774264379.011240,1314,285,313.048109,110.995464,0.711453,True,0.003747,2
678,1774264268.379664,1774264438.585470,1117,428,170.203188,2.125482,0.393625,True,0.002618,1
1953,1774265993.716806,1774266344.304652,1005,394,325.504480,91.031906,0.596622,True,25.083366,1
168,1774263588.190247,1774263672.740709,920,87,84.549860,10.376158,0.862485,True,0.000603,1
338,1774263826.321433,1774263869.438632,428,108,43.116649,1.755479,0.386553,True,0.000551,1
508,1774264068.513560,1774264102.746080,401,88,34.223739,0.749076,0.384766,True,0.008781,1
679,1774264268.890958,1774264298.036890,383,69,29.145366,2.693589,0.388997,True,0.000566,1
1954,1774265994.742625,1774266201.304921,403,94,182.494678,98.050390,0.908003,True,24.067619,1
169,1774263588.429875,1774263800.306940,1040,388,211.872389,12.293149,0.515709,True,0.004677,1
339,1774263827.670865,1774263975.926944,1093,414,148.245354,1.397550,0.355564,True,0.010724,1
509,1774264072.404812,1774264110.961078,404,98,38.553536,0.552161,0.391767,True,0.002730,1
680,1774264268.947367,1774264316.378522,403,106,47.425550,2.929044,0.423776,True,0.005605,1
1955,1774265996.494155,1774266379.784437,1169,451,360.963651,102.731960,0.573848,True,22.326631,1
170,1774263588.497968,1774263679.274242,411,101,90.768654,7.809194,0.829595,True,0.007620,1
340,1774263831.209059,1774264050.170856,1045,585,218.957024,1.338645,0.372634,True,0.004773,1
510,1774264072.438436,1774264079.246600,91,16,6.807514,0.566388,0.416075,True,0.000650,1
681,1774264270.391452,1774264297.931869,377,69,27.537712,0.908665,0.391604,True,0.002705,1
1956,1774265996.773291,1774266349.968050,1140,397,331.136606,91.000450,0.606404,True,22.058153,1
171,1774263588.541755,1774263673.901640,900,91,85.354222,10.019596,0.837051,True,0.005662,1
341,1774263832.547851,1774263872.858197,435,111,40.301524,0.561465,0.361273,True,0.008823,1
511,1774264074.113575,1774264335.001350,194,188,260.879061,89.293550,0.917570,True,0.008714,2
682,1774264271.058354,1774264314.749175,403,101,43.684162,1.395442,0.422887,True,0.006659,1
1957,1774265997.180037,1774266343.205580,1083,395,324.363729,98.018817,0.574479,True,21.661814,1
172,1774263588.942074,1774263809.819409,1018,425,220.876836,11.784991,0.493141,True,0.000499,1
342,1774263833.938385,1774263972.650976,1037,390,138.704759,1.200474,0.353481,True,0.007832,1
512,1774264076.300385,1774264413.369768,1111,389,337.060391,96.291354,0.620539,True,0.008992,2
683,1774264273.104590,1774264421.575631,1145,396,148.468173,3.733837,0.366416,True,0.002867,1
1958,1774265998.473851,1774266362.232943,1034,398,343.379767,102.699725,0.606247,True,20.379325,1
173,1774263593.068939,1774263678.696615,395,99,85.624969,7.872532,0.793392,True,0.002707,1
343,1774263837.238855,1774263872.991099,422,95,35.742673,0.765006,0.372103,True,0.009571,1
513,1774264077.726448,1774264420.285346,1125,395,342.549687,99.223156,0.617580,True,0.009212,2
684,1774264274.197359,1774264424.667876,1209,403,150.470007,4.056973,0.364212,True,0.000510,1
1959,1774266000.256061,1774266212.839302,404,131,193.975243,90.967821,0.792365,True,18.607999,1
174,1774263594.264189,1774263730.536256,209,217,136.269160,6.815261,0.599324,True,0.002908,1
344,1774263841.228138,1774263915.463669,1313,201,74.230840,1.514111,0.363584,True,0.004691,1
514,1774264079.071021,1774264427.838738,1013,421,348.761076,113.067354,0.561176,True,0.006641,2
685,1774264275.058916,1774264448.876773,893,455,173.811102,3.320994,0.375529,True,0.006755,1
1960,1774266000.698077,1774266368.121502,1073,422,349.246983,97.986249,0.596819,True,18.176442,1
175,1774263603.436037,1774263691.918507,181,113,88.481931,0.512027,0.785446,True,0.000539,1
345,1774263841.344498,1774263947.758943,1184,394,106.411747,2.296633,0.264924,True,0.002698,1
515,1774264079.655093,1774264114.673336,847,89,35.011348,1.663752,0.378950,True,0.006895,1
686,1774264278.916539,1774264439.609460,1036,411,160.682045,2.050788,0.386906,True,0.010876,1
1961,1774266000.951850,1774266158.031666,243,14,139.145595,102.667222,2.806029,True,17.934221,1
176,1774263604.507517,1774263810.827779,1118,414,206.319604,2.126523,0.494414,True,0.000658,1
346,1774263841.377167,1774263980.766748,1001,396,139.388985,1.683220,0.348622,True,0.000597,1
516,1774264084.760450,1774264116.329019,375,101,31.568060,0.792773,0.307753,True,0.000509,1
687,1774264279.814053,1774264359.833974,203,217,80.015174,0.349109,0.368824,True,0.004748,1
1962,1774266002.766975,1774266342.803641,1146,389,323.907498,90.935890,0.600442,True,16.129168,1
177,1774263604.576383,1774263804.721108,972,392,200.141101,2.680215,0.505015,True,0.003624,1
347,1774263842.817726,1774263980.722885,890,387,137.904526,1.433323,0.353552,True,0.000634,1
517,1774264085.063296,1774264419.069840,1046,393,334.000886,73.571570,0.664361,True,0.005658,2
688,1774264281.454658,1774264362.095728,200,217,80.633165,0.379083,0.371547,True,0.007906,1
1963,1774266003.770401,1774266342.903511,1017,394,323.996395,97.953460,0.575173,True,15.136716,1
178,1774263606.031902,1774263663.918536,1847,53,57.878675,4.666670,1.023308,True,0.007960,1
348,1774263844.055527,1774263881.829070,181,140,37.773020,0.570952,0.267641,True,0.000523,1
518,1774264085.543392,1774264108.647152,395,58,23.093123,0.901949,0.389319,True,0.010637,1
689,1774264281.456886,1774264287.813371,299,18,6.340125,0.484929,0.344423,True,0.016360,1
1964,1774266005.966125,1774266359.236356,1164,395,340.318806,102.635204,0.603258,True,12.951426,1
179,1774263607.363861,1774263686.374027,392,96,79.005392,3.553887,0.794226,True,0.004774,1
349,1774263846.152004,1774263952.369859,1119,397,106.212135,2.068418,0.262989,True,0.005720,1
519,1774264086.252002,1774264119.982371,402,86,33.727698,0.693341,0.388639,True,0.002671,1
690,1774264282.863274,1774264448.967446,1142,436,166.097462,1.240578,0.378981,True,0.006710,1
1965,1774266006.393583,1774266224.681630,1312,156,205.753268,90.903635,0.740965,True,12.534780,1
180,1774263608.145764,1774263742.947708,197,217,134.798230,6.096281,0.595842,True,0.003714,1
350,1774263846.968382,1774263883.661518,407,92,36.687370,0.750299,0.394913,True,0.005766,1
520,1774264088.122324,1774264412.389603,1207,386,324.261443,109.280219,0.558393,True,0.005836,2
691,1774264284.328454,1774264371.353084,1318,234,87.020880,1.368089,0.367609,True,0.003750,1
1966,1774266008.865902,1774266343.508700,1096,396,324.569789,97.922175,0.573791,True,10.073009,1
181,1774263608.464261,1774263809.498302,975,409,201.023092,5.770720,0.478560,True,0.010949,1
351,1774263849.822290,1774263989.923862,1188,388,140.100680,1.383584,0.358442,True,0.000892,1
521,1774264088.666155,1774264425.511075,997,415,336.836031,98.894548,0.574738,True,0.008888,2
692,1774264288.591298,1774264294.572922,323,18,5.971377,0.414458,0.326878,True,0.010247,1
1967,1774266010.466602,1774266227.383402,983,151,208.433998,102.603518,0.705537,True,8.482801,1
182,1774263608.708651,1774263816.715234,1025,443,207.995858,3.897012,0.461762,True,0.010725,1
352,1774263850.457900,1774263948.524105,1016,375,98.063550,2.022292,0.256795,True,0.002656,1
522,1774264089.794366,1774264141.033645,191,162,51.231540,0.473293,0.315269,True,0.007739,1
693,1774264289.508265,1774264447.522512,1023,416,158.003514,2.148782,0.375554,True,0.010734,1
1968,1774266012.472662,1774266365.676461,1050,412,346.717007,90.872506,0.622493,True,6.486792,1
183,1774263610.346668,1774263804.635051,1027,388,194.285616,2.976000,0.494340,True,0.002767,1
353,1774263852.240958,1774264007.711070,1095,417,155.462358,1.236512,0.370735,True,0.007754,1
523,1774264090.847313,1774264366.911001,978,430,276.055960,1.751153,0.639405,True,0.007727,1
694,1774264290.230103,1774264525.028853,1039,593,234.797000,1.157212,0.394662,True,0.001750,1
1969,1774266013.384921,1774266197.312580,399,87,178.342702,97.890575,0.935490,True,5.584957,1
184,1774263611.055983,1774263809.498152,1143,409,198.438265,7.015292,0.469174,True,0.003904,1
354,1774263852.900288,1774263997.117195,1027,395,144.210058,1.740370,0.361598,True,0.006849,1
524,1774264091.121467,1774264345.655884,200,217,254.533803,72.293832,0.843704,True,0.000615,2
695,1774264291.565511,1774264449.457614,1024,414,157.891444,1.202829,0.379391,True,0.000658,1
1970,1774266013.806630,1774266210.843250,404,118,191.862566,102.572141,0.763166,True,5.174054,1
185,1774263611.187596,1774263805.579652,1028,394,194.387154,3.691569,0.485230,True,0.004902,1
355,1774263853.804927,1774264028.807202,1102,455,174.997592,2.164911,0.380689,True,0.004683,1
525,1774264092.310390,1774264427.014635,1160,421,334.694319,95.249346,0.570107,True,0.009925,2
24,1774263354.257432,1774263365.548883,389,87,11.283777,0.777700,0.122164,True,0.007674,1
781,1774264375.141737,1774264522.446107,1297,368,147.299329,2.453163,0.394676,True,0.005041,1
951,1774264602.459305,1774265174.968402,1083,429,572.498376,252.635167,0.747344,True,0.010721,2
2396,1774266605.837580,1774266623.976598,954,54,18.138502,1.087593,0.321715,True,0.000516,1
16,1774263314.493331,1774263328.838624,369,74,14.334600,0.458606,0.190082,True,0.010692,1
782,1774264375.192708,1774264544.450639,1012,420,169.252297,1.513608,0.400331,True,0.005634,1
952,1774264602.851472,1774264642.428129,373,69,39.567788,1.781025,0.555688,True,0.008869,1
2397,1774266609.056979,1774266629.246511,419,99,20.184887,0.947267,0.196302,True,0.004645,1
25,1774263362.957268,1774263365.967705,91,16,3.001779,0.312989,0.179253,True,0.008658,1
783,1774264375.202331,1774264393.996800,377,53,18.788126,1.575896,0.331004,True,0.006343,1
953,1774264607.959812,1774264629.566422,401,89,21.596323,0.832962,0.235947,True,0.010287,1
2398,1774266610.912809,1774266648.948042,400,97,38.029530,0.537830,0.390539,True,0.005704,1
17,1774263320.792700,1774263343.018073,206,162,22.216581,0.432203,0.135307,True,0.008792,1
784,1774264376.339340,1774264539.763427,1191,411,163.418377,1.945393,0.393837,True,0.005710,1
954,1774264608.433281,1774264689.947240,203,183,81.513468,0.373858,0.445822,True,0.000492,1
2399,1774266612.196842,1774266771.272522,1146,375,159.068223,1.477265,0.421366,True,0.007456,1
18,1774263321.625099,1774263341.228398,1353,142,19.602686,2.601547,0.120575,True,0.000612,1
785,1774264381.217328,1774264419.734773,393,101,38.516653,1.036334,0.374803,True,0.000792,1
955,1774264609.997531,1774264695.149240,1233,377,85.141001,2.317476,0.220275,True,0.010709,1
2400,1774266612.749685,1774266775.458098,1210,385,162.705657,2.696030,0.416692,True,0.002757,1
19,1774263321.772552,1774263349.886610,197,152,28.103379,0.348991,0.183804,True,0.010678,1
786,1774264382.279983,1774264546.199974,1208,413,163.911165,1.515270,0.394165,True,0.008826,1
956,1774264612.391474,1774265172.930888,1133,429,560.533601,209.963049,0.819090,True,0.005813,2
2401,1774266612.779941,1774266648.432043,396,90,35.648422,1.524631,0.383413,True,0.003679,1
20,1774263327.830884,1774263356.069514,181,154,28.231907,0.370731,0.182099,True,0.006723,1
787,1774264384.382038,1774264406.665796,379,62,22.279648,0.664848,0.354341,True,0.004109,1
957,1774264613.386967,1774265162.670672,1199,396,549.280893,256.742714,0.740603,True,0.002812,2
2402,1774266612.829481,1774266638.478933,435,64,25.643529,1.376220,0.385195,True,0.005924,1
21,1774263328.060648,1774263338.298299,388,54,10.232904,0.622574,0.181327,True,0.004746,1
788,1774264388.607517,1774264413.659965,394,70,25.046265,0.885834,0.350151,True,0.006183,1
958,1774264613.908450,1774264665.090706,1226,95,51.177618,2.493389,0.517917,True,0.004638,1
2403,1774266615.101070,1774266650.312793,375,96,35.207976,1.007438,0.360006,True,0.003746,1
22,1774263350.231575,1774263377.569611,203,147,27.337488,0.388101,0.184585,True,0.000549,1
789,1774264388.839612,1774264422.197919,425,96,33.357737,0.669581,0.344086,True,0.000570,1
959,1774264614.438400,1774265162.956808,1031,397,548.510021,240.658442,0.777403,True,0.008386,2
2404,1774266616.074351,1774266647.269663,381,81,31.190560,0.570326,0.382753,True,0.004752,1
23,1774263352.436489,1774263389.917406,126,194,37.476244,0.321701,0.192511,True,0.004673,1
790,1774264389.652018,1774264395.648317,313,18,5.989514,0.831320,0.303423,True,0.006784,1
960,1774264616.056191,1774264700.358454,206,189,84.293486,1.163354,0.442182,True,0.008776,1
2405,1774266621.997986,1774266644.238812,384,99,22.231979,0.901955,0.217653,True,0.008847,1
26,1774263366.347641,1774263391.016693,181,123,24.658390,0.340237,0.199329,True,0.010662,1
791,1774264389.828373,1774264467.091427,134,202,77.256370,0.434306,0.382199,True,0.006684,1
961,1774264616.186966,1774265201.544046,980,516,585.356480,244.533717,0.661792,True,0.000600,2
2406,1774266628.703271,1774266666.066303,1912,72,37.362444,2.168202,0.495694,True,0.000587,1
27,1774263367.423554,1774263417.573777,191,217,50.147517,0.364737,0.230476,True,0.002707,1
792,1774264390.198015,1774264555.405387,181,418,165.200690,0.541946,0.394865,True,0.006683,1
962,1774264616.243507,1774264661.334218,167,179,45.085059,0.509763,0.250423,True,0.005652,1
2407,1774266629.125193,1774266738.099321,1095,423,108.973391,2.169220,0.253090,True,0.000737,1
28,1774263369.125258,1774263392.690081,27,183,23.562154,0.160965,0.128578,True,0.002670,1
793,1774264393.712533,1774264556.377068,1027,405,162.660766,1.299728,0.399409,True,0.003769,1
963,1774264616.969817,1774264650.983570,405,128,34.009085,0.810008,0.261410,True,0.004668,1
2408,1774266629.422887,1774266808.679873,1201,426,179.246225,3.413540,0.413724,True,0.010761,1
29,1774263371.694496,1774263401.639256,203,217,29.937967,0.478200,0.136388,True,0.006792,1
794,1774264394.579137,1774264566.742790,1035,431,172.160934,1.632319,0.396578,True,0.002719,1
964,1774264617.032600,1774264652.817082,376,62,35.778712,1.134047,0.567945,True,0.005770,1
30,1774263371.724342,1774263388.485349,398,81,16.751772,0.521446,0.202879,True,0.009235,1
795,1774264395.223689,1774264429.438579,391,93,34.214330,1.498344,0.355609,True,0.000559,1
965,1774264617.578782,1774264694.602482,1313,169,77.012975,2.678752,0.442466,True,0.010726,1
2410,1774266630.648109,1774266677.906367,1109,91,47.247538,1.416161,0.509238,True,0.010720,1
31,1774263379.750741,1774263422.460346,126,172,42.707884,0.312815,0.247924,True,0.001722,1
796,1774264396.289254,1774264441.158998,395,118,44.862022,0.707798,0.377387,True,0.007722,1
966,1774264617.599097,1774264715.742996,1320,239,98.143261,1.829453,0.404680,True,0.000638,1
2411,1774266632.427431,1774266670.819448,366,80,38.385295,2.805810,0.450373,True,0.006722,1
32,1774263381.442924,1774263426.343889,209,181,44.895221,0.362602,0.247403,True,0.005744,1
797,1774264400.523200,1774264424.393063,371,58,23.869287,0.933806,0.402377,True,0.000577,1
967,1774264618.093110,1774264666.365302,1052,101,48.265522,2.924833,0.453407,True,0.006670,1
2412,1774266632.709696,1774266685.106797,1730,104,52.386362,2.181982,0.487421,True,0.010739,1
33,1774263383.701952,1774263428.729473,209,181,45.021865,0.509199,0.247293,True,0.005656,1
798,1774264402.577205,1774264560.926228,1098,396,158.340127,1.377234,0.397374,True,0.008896,1
968,1774264620.175549,1774265251.271020,1060,658,631.084667,240.534997,0.594444,True,0.010804,2
2413,1774266636.256137,1774266723.638742,1357,200,87.381998,1.526887,0.431433,True,0.000606,1
34,1774263388.352093,1774263414.570966,28,175,26.210154,0.195053,0.149512,True,0.008718,1
799,1774264403.124381,1774264561.457462,1296,398,158.325381,2.203538,0.393254,True,0.007700,1
969,1774264620.550551,1774264715.057415,1049,395,94.501136,2.084571,0.234560,True,0.005728,1
2414,1774266637.708675,1774266656.240245,372,79,18.520821,0.952866,0.225230,True,0.010749,1
35,1774263392.084352,1774263414.660737,437,88,22.572740,0.542364,0.253223,True,0.003645,1
800,1774264403.646656,1774264464.278267,124,159,60.626923,1.887301,0.371770,True,0.004689,1
970,1774264621.382005,1774264670.257272,408,104,48.874714,1.062021,0.464201,True,0.000553,1
2415,1774266638.383384,1774266808.326022,1025,414,169.941938,1.199264,0.408578,True,0.000701,1
36,1774263392.843342,1774263421.007922,181,104,28.157416,0.362982,0.269849,True,0.007164,1
801,1774264404.600699,1774264444.155010,394,104,39.553659,1.371408,0.370701,True,0.000651,1
971,1774264622.270734,1774264628.991766,91,16,6.720470,0.545792,0.411645,True,0.000562,1
2416,1774266639.153138,1774266800.218585,1171,396,161.064638,1.670525,0.403529,True,0.000808,1
37,1774263393.962951,1774263414.744754,203,138,20.781311,0.480059,0.148184,True,0.000492,1
802,1774264405.094540,1774264511.670922,1230,399,106.568531,2.244340,0.262121,True,0.007851,1
972,1774264623.196558,1774264718.059982,1313,234,94.862746,1.429378,0.401002,True,0.000678,1
2417,1774266642.525609,1774266672.243590,371,62,29.711206,0.496501,0.478930,True,0.006775,1
38,1774263394.814485,1774263440.641820,200,177,45.820663,0.349574,0.258358,True,0.006671,1
803,1774264407.552804,1774264434.876708,380,74,27.315370,0.701058,0.364580,True,0.008534,1
973,1774264624.702856,1774264668.962575,206,186,44.251017,0.591613,0.235997,True,0.008702,1
2418,1774266643.197672,1774266707.394525,881,141,64.194299,1.051913,0.451017,True,0.002554,1
39,1774263395.419594,1774263398.318383,91,16,2.896146,0.403960,0.166146,True,0.002643,1
804,1774264408.648194,1774264414.554086,91,16,5.899188,0.430133,0.364604,True,0.006704,1
974,1774264624.866557,1774264663.532504,128,159,38.665401,0.675138,0.240445,True,0.000546,1
2419,1774266643.489904,1774266695.647923,413,106,52.155224,1.159201,0.485676,True,0.002795,1
40,1774263398.976082,1774263513.197406,1087,401,114.214617,1.249125,0.282414,True,0.006706,1
805,1774264412.705073,1774264571.578846,1298,402,158.863084,1.567410,0.392259,True,0.010688,1
975,1774264627.569937,1774265129.933213,1150,375,502.355297,247.584010,0.681207,True,0.007980,2
2420,1774266644.579375,1774266647.829867,120,12,3.239681,0.395369,0.258574,True,0.010811,1
41,1774263401.000589,1774263418.865243,382,64,17.858943,0.518618,0.275243,True,0.005712,1
806,1774264413.824226,1774264520.626653,1101,405,106.793614,2.159062,0.258996,True,0.008812,1
976,1774264627.624615,1774265170.369216,1196,425,542.739743,217.886999,0.766162,True,0.004859,2
2421,1774266651.548601,1774266755.989701,1087,394,104.436443,2.024991,0.260589,True,0.004657,1
42,1774263401.916465,1774263428.578372,412,102,26.651171,0.654132,0.257396,True,0.010736,1
807,1774264414.953863,1774264543.184846,998,518,128.222961,3.522905,0.241199,True,0.008023,1
977,1774264628.163605,1774264675.528972,406,102,47.356565,2.094702,0.448137,True,0.008801,1
2422,1774266652.874538,1774266821.839550,1136,396,168.961144,1.375037,0.424269,True,0.003869,1
43,1774263402.241121,1774263461.706665,194,217,59.459858,0.698772,0.272042,True,0.005686,1
808,1774264415.869392,1774264431.730239,378,52,15.854175,2.608699,0.259715,True,0.006672,1
978,1774264628.195151,1774264671.223565,388,92,43.019741,1.878080,0.452106,True,0.008673,1
2423,1774266653.364294,1774266677.433644,376,56,24.062660,0.984022,0.419612,True,0.006690,1
44,1774263407.455983,1774263466.531188,203,217,59.069507,0.484010,0.271229,True,0.005697,1
809,1774264415.920761,1774264571.315568,1033,394,155.388055,1.322875,0.392023,True,0.006753,1
979,1774264628.572894,1774265162.571901,980,396,533.990379,237.081716,0.751668,True,0.008628,2
2424,1774266654.199372,1774266821.883987,1244,396,167.680869,1.466001,0.420797,True,0.003747,1
45,1774263408.788911,1774263441.413871,200,217,32.616192,0.483437,0.148763,True,0.008768,1
810,1774264416.585980,1774264450.799425,395,90,34.202711,1.198179,0.370837,True,0.010734,1
980,1774264629.523482,1774264695.458532,173,158,65.926298,3.357758,0.398526,True,0.008752,1
2425,1774266654.316244,1774266843.233470,1184,424,188.916643,1.580871,0.442874,True,0.000583,1
46,1774263412.015241,1774263460.294312,64,174,48.268325,0.451124,0.276400,True,0.010746,1
811,1774264422.030136,1774264588.292692,1120,415,166.258779,1.252538,0.398566,True,0.003777,1
981,1774264629.670362,1774264670.860055,407,91,41.183017,1.306668,0.443071,True,0.006676,1
2426,1774266656.138933,1774266700.899942,1047,87,44.760457,1.308721,0.505253,True,0.000553,1
47,1774263413.594536,1774263446.301492,458,123,32.705246,0.593028,0.263215,True,0.001711,1
812,1774264422.603870,1774264450.377481,420,104,27.770938,0.900323,0.260880,True,0.002673,1
982,1774264629.939589,1774265163.871064,963,407,533.927720,245.218485,0.711106,True,0.003756,2
2427,1774266656.824284,1774266689.997657,1999,97,33.162735,3.727021,0.306622,True,0.010639,1
48,1774263414.944918,1774263458.919685,1352,158,43.966120,1.606111,0.269809,True,0.008647,1
813,1774264424.169725,1774264584.377637,1138,396,160.205089,1.475067,0.401848,True,0.002823,1
983,1774264630.126075,1774264657.674682,1808,56,27.545019,2.760426,0.450629,True,0.003588,1
2428,1774266657.288840,1774266810.265611,1085,375,152.971152,1.342182,0.405425,True,0.005619,1
49,1774263415.120702,1774263538.852027,874,404,123.721368,2.011889,0.302009,True,0.009957,1
814,1774264426.688263,1774264461.711678,406,89,35.014792,0.738130,0.389508,True,0.008624,1
984,1774264631.943515,1774264660.341776,379,59,28.392512,1.580491,0.462276,True,0.005749,1
2429,1774266657.431080,1774266823.381983,1002,398,165.945239,2.001186,0.412957,True,0.005665,1
50,1774263416.060466,1774263430.615516,378,58,14.547346,1.268220,0.232967,True,0.007705,1
815,1774264427.332616,1774264492.125785,1314,152,64.782365,1.691548,0.417820,True,0.010803,1
985,1774264632.462125,1774264674.314987,413,96,41.846131,1.180493,0.428059,True,0.006731,1
2430,1774266658.069892,1774266819.889879,1063,385,161.809192,2.222444,0.415590,True,0.010794,1
51,1774263419.515727,1774263423.358273,91,16,3.839858,0.310128,0.235315,True,0.002688,1
816,1774264430.397342,1774264609.572539,1057,445,179.174632,1.181698,0.400885,True,0.000565,1
986,1774264633.088853,1774264731.607939,1146,425,98.513253,2.243130,0.227052,True,0.005834,1
2431,1774266658.553415,1774266707.788702,1315,163,49.231405,5.130746,0.272226,True,0.003882,1
52,1774263424.562854,1774263439.668892,389,89,15.095222,0.879878,0.161538,True,0.010815,1
817,1774264435.301141,1774264596.516861,1074,403,161.212929,1.383507,0.397586,True,0.002792,1
987,1774264634.962442,1774265162.956797,1060,397,527.988202,235.164177,0.739455,True,0.006153,2
2432,1774266658.721786,1774266763.586440,1150,411,104.855695,3.920987,0.246182,True,0.008960,1
53,1774263431.088860,1774263482.801439,212,183,51.704759,0.356074,0.282136,True,0.007820,1
818,1774264436.271269,1774264608.855906,1133,432,172.584035,2.162848,0.395409,True,0.000602,1
988,1774264635.050578,1774264719.233600,191,217,84.182447,0.413354,0.387820,True,0.000575,1
2433,1774266659.782487,1774266702.083912,1098,88,42.298764,1.769495,0.465854,True,0.002661,1
54,1774263433.196695,1774263534.478391,1085,394,101.275953,2.070640,0.252431,True,0.005743,1
819,1774264436.393377,1774264544.376178,1110,451,107.982230,2.116431,0.235257,True,0.000571,1
989,1774264636.333904,1774264660.794521,394,93,24.460087,0.844677,0.256689,True,0.000530,1
55,1774263434.035304,1774263460.032155,407,131,25.996232,2.134957,0.183548,True,0.000619,1
820,1774264436.411497,1774264484.299611,1005,111,47.884426,1.415163,0.422448,True,0.003689,1
990,1774264636.913868,1774265169.009665,1204,412,532.090514,218.185935,0.763758,True,0.005283,2
2435,1774266661.117869,1774266820.595669,1069,388,159.469127,2.179841,0.406432,True,0.008672,1
56,1774263434.976091,1774263459.584084,396,82,24.601207,0.602345,0.296282,True,0.006786,1
821,1774264436.418244,1774264480.774793,853,106,44.348566,1.531442,0.407782,True,0.007983,1
991,1774264637.098696,1774264720.676653,197,217,83.572236,1.363441,0.380596,True,0.005721,1
2436,1774266661.725743,1774266707.004159,429,100,45.277796,2.134924,0.435787,True,0.000621,1
57,1774263437.805184,1774263803.858259,1029,399,366.050340,125.012854,0.605622,True,0.002736,2
822,1774264438.051547,1774264594.111905,1198,396,156.049596,1.732336,0.390677,True,0.010762,1
992,1774264638.001782,1774265157.467990,1207,386,519.465576,227.660810,0.757934,True,0.000632,2
2437,1774266665.168656,1774266764.897777,1076,404,99.726366,2.013959,0.242463,True,0.002755,1
58,1774263442.889035,1774263607.529263,962,399,164.630586,1.779866,0.409173,True,0.009641,1
823,1774264438.432182,1774264460.904530,372,61,22.467484,1.419981,0.350792,True,0.004864,1
993,1774264638.555151,1774264696.277012,23,149,57.720018,1.193135,0.381938,True,0.001844,1
2438,1774266665.765635,1774266689.745799,385,87,23.979507,2.277214,0.252352,True,0.000657,1
59,1774263443.955332,1774263493.770916,203,217,49.810785,1.418045,0.224040,True,0.004799,1
824,1774264443.570376,1774264470.118915,381,91,26.544943,0.863522,0.285349,True,0.003596,1
994,1774264638.583941,1774264663.060887,396,95,24.473299,0.925916,0.250504,True,0.003647,1
2439,1774266666.235080,1774266731.945129,398,146,65.706350,0.765626,0.447867,True,0.003699,1
60,1774263444.419575,1774263471.732085,898,94,27.309789,1.174053,0.281029,True,0.002721,1
825,1774264444.553081,1774264608.193592,1112,404,163.630631,1.398633,0.402561,True,0.009880,1
995,1774264638.926949,1774265170.202789,923,418,531.275090,211.664590,0.766452,True,0.000750,2
2440,1774266666.543165,1774266820.242014,1035,373,153.696186,1.488000,0.409162,True,0.002662,1
61,1774263444.634581,1774263504.742296,181,253,60.103939,0.444378,0.236744,True,0.003776,1
826,1774264445.428752,1774264475.171134,956,75,29.738447,1.679344,0.379177,True,0.003935,1
996,1774264639.383838,1774264679.062507,396,96,39.667842,2.011488,0.396383,True,0.010827,1
2441,1774266668.992718,1774266763.586745,1089,395,94.586687,2.103599,0.234729,True,0.007340,1
62,1774263445.348771,1774263452.182516,320,18,6.830011,0.754014,0.357412,True,0.003735,1
827,1774264445.499349,1774264472.895896,431,99,27.390869,1.025649,0.269033,True,0.005678,1
997,1774264639.383979,1774264733.431563,923,417,94.025794,2.936577,0.218964,True,0.021790,1
2442,1774266669.156838,1774266756.400903,1316,203,87.236404,1.564475,0.424118,True,0.007660,1
63,1774263445.966493,1774263807.688353,1119,414,361.718108,116.850624,0.592899,True,0.003752,2
828,1774264447.546100,1774264545.336205,957,414,97.779511,1.894037,0.232168,True,0.010593,1
998,1774264639.510284,1774264732.673030,1262,415,93.154285,2.371578,0.219282,True,0.008461,1
2443,1774266669.864855,1774266690.060750,870,81,20.193257,2.925940,0.215841,True,0.002637,1
64,1774263446.423543,1774263479.598225,124,157,33.174149,0.430000,0.209898,True,0.000533,1
829,1774264448.117589,1774264484.345044,400,85,36.221753,0.706554,0.422800,True,0.005702,1
999,1774264639.659480,1774265172.771066,1102,427,533.108970,200.610875,0.780512,True,0.002616,2
65,1774263447.069287,1774263496.487725,1313,179,49.409684,1.734199,0.267840,True,0.008754,1
830,1774264451.649516,1774264475.539267,394,93,23.885047,0.898743,0.249851,True,0.004705,1
1000,1774264640.551949,1774264661.634046,371,85,21.076391,2.597739,0.219984,True,0.005707,1
2445,1774266670.902785,1774266823.425451,1190,375,152.522118,2.406993,0.401377,True,0.000548,1
66,1774263451.952975,1774263798.771255,1096,383,346.811632,121.050472,0.590998,True,0.006648,2
831,1774264455.957203,1774264656.476016,1216,456,200.512077,1.441382,0.437518,True,0.006737,1
1001,1774264643.053671,1774265121.674729,1186,371,478.620426,217.667020,0.705279,True,0.000632,2
2446,1774266672.393085,1774266835.385811,1027,390,162.987975,2.196428,0.413346,True,0.004751,1
67,1774263455.238908,1774263483.153919,400,102,27.912263,0.653378,0.269890,True,0.002748,1
832,1774264456.349476,1774264477.538941,1398,44,21.181712,2.615603,0.431770,True,0.007753,1
1002,1774264643.855788,1774264687.505110,181,111,43.648710,3.146127,0.368205,True,0.000612,1
68,1774263460.304716,1774263809.577436,1057,424,349.266091,112.698470,0.559262,True,0.006629,2
833,1774264457.763079,1774264535.833548,218,179,78.059775,1.691421,0.429036,True,0.010693,1
1003,1774264643.866928,1774265125.049292,1008,373,481.171562,216.843731,0.710559,True,0.010801,2
69,1774263462.596523,1774263511.086088,203,162,48.485857,0.368583,0.298865,True,0.003709,1
834,1774264458.398191,1774264497.453650,391,93,39.047048,1.262480,0.410702,True,0.008411,1
1004,1774264643.925420,1774265162.180516,1225,401,518.251487,231.232669,0.717547,True,0.003609,2
70,1774263464.662405,1774263529.263508,1314,216,64.596698,2.500059,0.288822,True,0.004406,1
835,1774264459.119074,1774264495.082428,383,83,35.955678,0.648874,0.430571,True,0.007677,1
1005,1774264644.673267,1774264736.959897,1181,426,92.280915,2.203075,0.211948,True,0.005714,1
2450,1774266678.718053,1774266691.278523,306,18,12.553990,1.379563,0.657319,True,0.006481,1
71,1774263466.222469,1774263491.575367,2,93,25.342170,0.414629,0.270952,True,0.010728,1
836,1774264459.700156,1774264523.891037,22,147,64.189225,0.389850,0.436982,True,0.001656,1
1006,1774264645.311363,1774264708.146085,1311,169,62.823906,2.487369,0.359146,True,0.010815,1
72,1774263468.330139,1774263701.161817,1065,409,232.820923,1.958093,0.565840,True,0.010754,1
837,1774264461.689600,1774264634.021136,1247,398,172.326751,1.373691,0.430612,True,0.004785,1
1007,1774264647.550792,1774264711.952885,200,179,64.391197,0.651533,0.358088,True,0.010897,1
2452,1774266682.198589,1774266712.449335,957,74,30.248037,1.628790,0.392044,True,0.002708,1
73,1774263472.403396,1774263490.068591,372,60,17.656429,0.427889,0.292009,True,0.008765,1
838,1774264461.970711,1774264499.550754,1318,139,37.575406,2.545284,0.253841,True,0.004638,1
1008,1774264653.855951,1774265162.860181,1060,397,509.000410,196.732731,0.788555,True,0.003821,2
74,1774263474.768581,1774263703.593326,1104,394,228.818980,2.135512,0.576803,True,0.005765,1
839,1774264462.799612,1774264545.212585,203,193,82.405282,0.609933,0.426017,True,0.007692,1
1009,1774264656.011233,1774264662.824022,763,30,6.802090,1.585885,0.179869,True,0.010700,1
2454,1774266684.158640,1774266805.410986,1176,500,121.248656,2.253267,0.238468,True,0.003690,1
75,1774263476.354474,1774263807.352720,1075,415,330.992500,81.773341,0.601979,True,0.005747,2
840,1774264463.892594,1774264558.866016,1135,410,94.966638,2.738719,0.225496,True,0.006784,1
1010,1774264658.201668,1774264724.616769,1353,181,66.414453,1.627804,0.359926,True,0.000648,1
76,1774263478.797841,1774263795.622385,1225,372,316.821803,88.484138,0.615465,True,0.002740,2
841,1774264464.618174,1774264634.067360,1009,393,169.446553,1.306625,0.428928,True,0.002634,1
1011,1774264662.156154,1774265168.397883,1035,411,506.236991,188.431466,0.775135,True,0.004738,2
77,1774263479.419280,1774263724.157478,1118,426,244.731581,2.197463,0.570669,True,0.006617,1
842,1774264464.763365,1774264641.920357,1249,413,177.154297,1.904454,0.425364,True,0.002695,1
1012,1774264665.238387,1774264687.763936,394,110,22.521844,0.819724,0.199102,True,0.003704,1
78,1774263481.300766,1774263513.078243,380,102,31.772728,0.508666,0.309545,True,0.004749,1
843,1774264465.984068,1774264487.606044,391,94,21.621463,1.582499,0.215473,True,0.000513,1
1013,1774264667.095101,1774265050.236089,126,203,383.139183,203.035433,0.891603,True,0.001806,2
2458,1774266688.308933,1774266715.758276,1010,82,27.441575,1.338886,0.322255,True,0.007768,1
79,1774263481.345602,1774263706.890916,1133,385,225.543600,2.318682,0.581315,True,0.001714,1
844,1774264466.136600,1774264535.609583,163,158,69.472360,0.907151,0.436721,True,0.000622,1
1014,1774264667.164796,1774265184.187299,1264,440,517.017457,178.346784,0.771459,True,0.005047,2
2459,1774266688.426996,1774266744.622530,7,143,56.192105,1.265979,0.386804,True,0.003429,1
80,1774263483.724761,1774263530.015908,42,167,46.290494,0.369985,0.276630,True,0.000654,1
845,1774264466.877970,1774264496.511757,404,71,29.629003,0.796281,0.411896,True,0.004783,1
1015,1774264668.942783,1774264676.257604,91,16,7.304147,0.529588,0.451637,True,0.010674,1
2460,1774266692.517865,1774266712.929707,406,80,20.409115,0.832793,0.247802,True,0.002727,1
81,1774263486.349209,1774263797.491549,1140,377,311.131583,91.444262,0.584275,True,0.010758,2
846,1774264468.166716,1774264515.532271,871,103,47.358848,1.198176,0.452556,True,0.006708,1
1016,1774264669.436317,1774264689.138699,382,53,19.700752,0.725849,0.364902,True,0.001630,1
2461,1774266693.621258,1774266724.120479,1109,84,30.494486,1.358759,0.351033,True,0.004735,1
82,1774263490.229427,1774263723.019672,126,203,232.784070,82.774336,0.742622,True,0.006175,2
847,1774264471.327133,1774264648.959286,978,401,177.624387,1.241525,0.440957,True,0.007766,1
1017,1774264669.610257,1774264703.794379,395,88,34.181473,0.834992,0.383293,True,0.002649,1
2462,1774266694.437407,1774266717.989304,430,102,23.551343,0.868300,0.224585,True,0.000554,1
83,1774263491.618412,1774263520.726162,431,84,29.106118,0.963620,0.339066,True,0.001632,1
848,1774264473.111701,1774264486.927684,372,28,13.807729,0.618902,0.488475,True,0.008253,1
1018,1774264671.938989,1774265157.981065,1004,396,486.041541,173.576792,0.791050,True,0.000535,2
2463,1774266695.723446,1774266715.801030,393,59,20.068865,0.675699,0.334365,True,0.008719,1
84,1774263497.478653,1774263758.230906,1115,421,260.749518,2.027650,0.616004,True,0.002734,1
849,1774264474.540533,1774264503.729292,372,67,29.178027,0.482108,0.434787,True,0.010732,1
1019,1774264672.698637,1774265462.729931,181,1000,790.030576,197.433121,0.593191,True,0.000718,2
2464,1774266697.249718,1774266702.169709,309,18,4.917341,0.443527,0.263166,True,0.002649,1
85,1774263498.652547,1774263712.557691,206,179,213.896336,64.159490,0.841218,True,0.008809,2
850,1774264476.186656,1774264653.745884,1165,411,177.556561,1.302042,0.429889,True,0.002668,1
1020,1774264674.108845,1774265162.956804,1031,397,488.844789,166.161368,0.814857,True,0.003170,2
2465,1774266700.613811,1774266720.116233,396,84,19.497686,0.918674,0.223844,True,0.004735,1
86,1774263498.657778,1774263535.641919,400,91,36.969624,0.755967,0.402374,True,0.014518,1
851,1774264476.468625,1774264561.387244,1262,373,84.918011,2.447858,0.221694,True,0.000609,1
1021,1774264674.765699,1774264692.754727,416,86,17.984295,0.962694,0.200254,True,0.004732,1
87,1774263498.745785,1774263750.814918,1123,396,252.060421,2.923628,0.630726,True,0.008712,1
852,1774264477.625987,1774264660.755478,1216,421,183.128833,1.510677,0.432424,True,0.000658,1
1022,1774264677.308714,1774265047.052670,171,198,369.736892,177.789368,0.974353,True,0.007064,2
2467,1774266703.267705,1774266802.693737,1042,403,99.423323,2.059771,0.242198,True,0.002708,1
88,1774263498.857570,1774263798.042919,862,379,299.184801,63.962579,0.622281,True,0.000548,2
853,1774264477.924371,1774264486.072028,237,14,8.147081,1.506567,0.510809,True,0.000577,1
1023,1774264679.359037,1774264707.559139,383,76,28.199457,0.743721,0.366076,True,0.000645,1
2468,1774266703.717445,1774266796.471558,1074,378,92.748427,3.633100,0.236380,True,0.005686,1
89,1774263499.585654,1774263760.421616,859,422,260.825257,2.558198,0.613461,True,0.010704,1
854,1774264478.110371,1774264489.053587,91,24,10.942599,1.365457,0.416397,True,0.000617,1
1024,1774264680.033706,1774265191.478742,1133,463,511.436091,175.062582,0.728081,True,0.008945,2
90,1774263499.621202,1774263753.248495,890,402,253.620687,3.131165,0.624662,True,0.006605,1
855,1774264478.138106,1774264642.750724,1196,385,164.608887,2.405557,0.422405,True,0.003731,1
1025,1774264682.292195,1774264714.528740,419,93,32.228764,0.603198,0.343756,True,0.007781,1
2470,1774266708.403986,1774266727.451286,368,45,19.036545,0.556639,0.419998,True,0.010754,1
91,1774263499.766219,1774263808.925675,1192,419,309.154850,78.033523,0.552922,True,0.004606,2
856,1774264479.384634,1774264657.305090,1116,411,177.911685,2.354223,0.428189,True,0.008771,1
1026,1774264682.885222,1774265158.289115,1083,397,475.400543,192.273741,0.714967,True,0.003349,2
92,1774263500.325190,1774263804.892284,899,403,304.562454,62.490976,0.602168,True,0.004639,2
857,1774264480.912259,1774264662.225844,1102,427,181.307858,2.163669,0.420526,True,0.005727,1
1027,1774264684.584951,1774265161.987364,1146,394,477.394631,181.070321,0.754006,True,0.007782,3
2472,1774266710.533715,1774266766.136153,772,136,55.599604,0.867487,0.405423,True,0.002833,1
93,1774263501.472759,1774263732.515705,163,224,231.039192,65.808174,0.740946,True,0.003753,2
858,1774264482.076171,1774264517.808500,414,84,35.727659,1.399598,0.413591,True,0.004670,1
1028,1774264686.052581,1774264717.878653,385,88,31.818137,0.758761,0.357004,True,0.007935,1
94,1774263502.634728,1774263729.780284,181,212,227.139796,55.493085,0.813492,True,0.005759,2
859,1774264484.581734,1774264516.232648,392,74,31.647190,0.531036,0.426249,True,0.003724,1
1029,1774264689.781803,1774265170.203105,1264,418,480.417276,160.806781,0.766452,True,0.004026,2
95,1774263505.009691,1774263533.459141,416,88,28.448806,0.902155,0.316628,True,0.000645,1
860,1774264486.081418,1774264510.167074,386,57,24.077916,0.746014,0.416641,True,0.007740,1
1030,1774264691.277353,1774264726.290587,402,103,35.008496,0.533906,0.337986,True,0.004738,1
2475,1774266717.223389,1774266756.755503,383,94,39.524945,2.115970,0.402247,True,0.007169,1
96,1774263505.133974,1774263809.982023,1163,426,304.847303,62.150111,0.571052,True,0.000746,2
861,1774264489.088277,1774264665.775854,1111,415,176.686948,1.213871,0.423848,True,0.000629,1
1031,1774264693.148471,1774265017.097930,415,142,323.941784,142.159688,1.289235,True,0.007674,2
97,1774263506.221124,1774263509.159060,243,14,2.930196,0.580291,0.180762,True,0.007740,1
862,1774264489.476078,1774264575.736152,997,393,86.259553,2.019865,0.214897,True,0.000521,1
1032,1774264694.590206,1774264717.562109,386,66,22.971269,0.501851,0.345683,True,0.000634,1
98,1774263506.834733,1774263810.447402,1041,428,303.603878,75.671105,0.533800,True,0.008791,2
863,1774264489.540413,1774264657.213778,987,393,167.664682,1.896109,0.422879,True,0.008682,1
1033,1774264697.216801,1774265014.459973,1312,134,317.232386,177.934194,1.047355,True,0.010786,2
2478,1774266720.716028,1774266753.214379,402,135,32.496623,0.952992,0.235400,True,0.001729,1
99,1774263507.012487,1774263697.615314,1350,146,190.596103,60.265584,0.898831,True,0.006724,2
864,1774264493.651126,1774264532.830945,203,167,39.175277,0.603313,0.232361,True,0.004542,1
1034,1774264697.626303,1774265163.510905,1009,399,465.881567,172.503360,0.737131,True,0.003035,3
100,1774263507.718488,1774263803.079023,1104,396,295.353369,55.095618,0.608247,True,0.007167,2
865,1774264495.315550,1774264543.602749,209,217,48.279519,0.514535,0.221134,True,0.007680,1
1035,1774264697.655147,1774265136.447463,1196,373,438.787284,137.656106,0.809492,True,0.005032,3
186,1774263611.239573,1774263808.184736,874,402,196.941587,4.179139,0.480704,True,0.003576,1
1121,1774264807.439365,1774265019.301751,409,149,200.424804,76.207065,0.839309,True,11.437581,1
187,1774263614.062653,1774263830.960767,997,492,216.892420,4.006662,0.433576,True,0.005695,1
1122,1774264811.317691,1774265167.960789,1211,408,349.073587,97.039043,0.619249,True,7.569511,1
188,1774263614.496282,1774263753.057643,72,245,138.552610,3.657365,0.552849,True,0.008751,1
1123,1774264811.406788,1774265129.933052,1035,375,311.035266,102.142078,0.558538,True,7.490997,1
189,1774263614.502469,1774263806.932967,851,397,192.416711,4.589671,0.474311,True,0.013787,1
1124,1774264812.225237,1774265251.962323,1227,656,433.054490,76.176136,0.544852,True,6.682596,1
190,1774263614.915954,1774263681.942516,408,91,67.019866,5.920938,0.678877,True,0.006696,1
1125,1774264815.097110,1774265171.290690,1203,421,352.372167,97.007693,0.608011,True,3.821414,1
191,1774263615.046371,1774263839.134773,1113,531,224.079668,6.311641,0.410883,True,0.008735,1
1126,1774264815.593760,1774265171.370968,1024,429,352.441842,102.110530,0.584886,True,3.335366,1
192,1774263616.521310,1774263715.651726,1313,170,99.125810,5.854805,0.551899,True,0.004606,1
1127,1774264815.862065,1774265051.700219,171,205,232.760851,76.144754,0.767726,True,3.077303,1
193,1774263617.133975,1774263813.278819,1083,426,196.134158,3.698910,0.452789,True,0.010687,1
1128,1774264815.863246,1774265033.545727,200,174,214.595186,96.975848,0.679881,True,3.087296,1
194,1774263618.369400,1774263805.579501,1139,394,187.209243,5.445299,0.462504,True,0.000858,1
1129,1774264817.746059,1774265163.047355,923,404,344.086601,102.078919,0.600515,True,1.214695,1
195,1774263620.533727,1774263815.959988,978,437,195.423538,3.899691,0.439275,True,0.002723,1
1130,1774264817.831020,1774265039.983782,20,182,221.012003,76.112223,0.800551,True,1.140759,1
196,1774263621.732306,1774263704.758290,26,146,83.015224,2.764574,0.553453,True,0.010759,1
1131,1774264820.103700,1774264992.034260,383,75,171.927912,95.819851,1.028487,True,0.002648,1
197,1774263622.151074,1774263668.772738,386,61,46.613447,2.781657,0.730530,True,0.008217,1
1132,1774264820.278212,1774265214.305243,1156,536,394.016307,100.750700,0.548160,True,0.010724,1
198,1774263625.062347,1774263810.827667,1074,411,185.757386,2.228426,0.447632,True,0.007933,1
1133,1774264821.210625,1774265172.930896,1060,429,351.719590,89.087379,0.613627,True,0.000682,1
199,1774263628.047871,1774263712.940633,209,162,84.892265,0.634457,0.523340,True,0.000497,1
1134,1774264822.827623,1774265042.770531,181,190,219.938227,93.093753,0.671135,True,0.004681,1
200,1774263628.595068,1774263820.582500,1099,455,191.984658,2.208191,0.418010,True,0.002774,1
1135,1774264822.923484,1774265166.729002,1030,411,343.804327,111.834306,0.565781,True,0.001191,1
201,1774263632.804561,1774263654.051002,120,12,21.245861,0.370419,1.897767,True,0.000580,1
1136,1774264822.938587,1774265162.860408,1009,397,339.915047,87.353403,0.637782,True,0.006774,1
202,1774263632.941024,1774263722.640031,126,173,89.692322,0.376093,0.519280,True,0.006685,1
1137,1774264825.532244,1774265172.288033,980,425,346.751036,90.389395,0.604627,True,0.004752,1
203,1774263633.090418,1774263708.048928,416,140,74.957894,1.153739,0.530965,True,0.000616,1
1138,1774264827.838315,1774265166.728992,1204,411,338.884247,106.914443,0.565780,True,0.006430,1
204,1774263633.416662,1774263687.247062,394,83,53.820566,1.094604,0.643000,True,0.009834,1
1139,1774264828.518390,1774264999.772477,402,97,171.250375,81.776574,0.932019,True,0.003712,1
205,1774263633.858738,1774263811.347192,1043,399,177.481650,3.692325,0.436657,True,0.006805,1
1140,1774264831.366197,1774265143.104298,1199,373,311.737112,84.559341,0.610693,True,0.000989,1
206,1774263633.859974,1774263810.055916,1099,396,176.179316,2.414785,0.439910,True,0.016626,1
1141,1774264832.089271,1774265167.784763,998,415,335.687498,102.661282,0.562865,True,0.007994,1
207,1774263633.870751,1774263691.433991,857,91,57.546407,2.851558,0.607721,True,0.016834,1
1142,1774264833.407330,1774265012.899244,415,131,179.485253,76.884408,0.789237,True,0.006661,1
208,1774263635.564797,1774263749.866167,209,217,114.295652,2.447072,0.517818,True,0.005717,1
1143,1774264833.530210,1774265158.793928,1156,390,325.257695,82.390300,0.624338,True,0.006023,1
209,1774263636.665530,1774263802.455613,1109,365,165.789463,3.042480,0.447107,True,0.000620,1
1144,1774264833.741660,1774264959.207322,311,18,125.457739,101.009116,1.438154,True,0.007924,1
210,1774263637.765493,1774263820.447636,993,441,182.673331,3.910897,0.406278,True,0.008812,1
1145,1774264833.942703,1774265162.284915,1264,395,328.331167,76.345280,0.639558,True,0.011045,1
211,1774263638.192425,1774263815.612431,888,418,177.411278,4.057587,0.415716,True,0.008729,1
1146,1774264834.332402,1774265130.139110,1207,368,295.799987,81.587173,0.583686,True,0.006721,1
212,1774263641.895684,1774263808.843799,1141,388,166.944181,2.532938,0.424835,True,0.003934,1
1147,1774264835.363193,1774264991.488043,373,75,156.124333,99.394346,0.766621,True,0.000518,1
213,1774263642.544500,1774263811.048136,1067,394,168.497891,6.068226,0.413307,True,0.005745,1
1148,1774264836.724757,1774265015.202416,436,136,178.471971,73.568105,0.777066,True,0.005687,1
214,1774263643.219588,1774263817.056891,1116,423,173.826658,6.029670,0.397623,True,0.010645,1
1149,1774264839.976563,1774265173.008946,1025,428,333.027762,89.953203,0.569261,True,0.004621,1
215,1774263643.408329,1774263687.150697,416,79,43.737742,1.858305,0.536916,True,0.004625,1
1150,1774264841.640443,1774265023.494809,439,161,181.850685,93.114158,0.554603,True,0.003682,1
216,1774263643.635196,1774263840.754105,1126,520,197.118271,4.982717,0.370203,True,0.000638,1
1151,1774264841.883274,1774265161.691362,963,393,319.803357,68.410591,0.641308,True,0.004731,1
217,1774263643.744705,1774263729.968057,203,179,86.219647,5.511464,0.453417,True,0.003706,1
1152,1774264843.323374,1774264978.301098,1130,45,134.975064,86.608521,1.099240,True,0.002660,1
218,1774263646.951117,1774263712.461905,379,144,65.510159,3.198565,0.435745,True,0.000629,1
1153,1774264843.787639,1774265170.369077,1139,425,326.576564,90.966028,0.555685,True,0.004874,1
219,1774263648.114109,1774263721.975257,56,164,73.858418,1.321614,0.445011,True,0.002730,1
1154,1774264845.321565,1774264980.485401,383,56,135.163273,64.976341,1.276126,True,0.000563,1
220,1774263651.056764,1774263814.836630,1232,410,163.777117,2.887165,0.393374,True,0.002749,1
1155,1774264847.524186,1774265162.380430,912,395,314.849645,82.403673,0.589964,True,0.006600,1
221,1774263651.072923,1774263722.354579,209,162,71.274006,0.581307,0.439085,True,0.007650,1
1156,1774264849.765633,1774265036.334039,206,179,186.564537,84.988920,0.570650,True,0.003870,1
222,1774263651.271181,1774263722.165677,206,162,70.890604,2.671509,0.423721,True,0.003892,1
1157,1774264850.993132,1774265198.308269,1179,498,347.309440,59.299649,0.579497,True,0.005697,1
223,1774263655.568885,1774263810.136286,1083,378,154.566901,2.193916,0.404172,True,0.000501,1
1158,1774264856.962112,1774264957.164139,120,12,100.201366,72.971827,2.475413,True,0.000661,1
224,1774263657.581563,1774263742.285311,171,183,84.695970,0.588988,0.462126,True,0.007777,1
1159,1774264857.377631,1774264959.207490,311,18,101.828958,77.380224,1.438161,True,0.000901,1
225,1774263664.050139,1774263829.414762,982,429,165.358955,1.886527,0.381945,True,0.005668,1
1160,1774264858.929627,1774264996.844289,1989,88,137.903447,66.282561,0.823229,True,0.011214,1
226,1774263666.221990,1774263691.627640,374,54,25.400945,0.792512,0.464310,True,0.004704,1
1161,1774264859.883789,1774265158.793528,1086,390,298.898838,70.039916,0.588326,True,0.010901,1
227,1774263668.956110,1774263828.325996,1019,413,159.360080,2.172107,0.381524,True,0.009807,1
1162,1774264861.700192,1774265151.382112,1219,388,289.673965,73.050507,0.559751,True,0.007955,1
228,1774263669.340821,1774263761.458026,126,205,92.114031,2.318379,0.440175,True,0.003174,1
1163,1774264862.185264,1774265010.004810,392,122,147.818979,63.037757,0.700671,True,0.000567,1
229,1774263672.793673,1774263818.380230,1147,396,145.577746,3.621959,0.359382,True,0.008812,1
1164,1774264863.338002,1774265036.223814,1313,176,172.883020,66.593558,0.607368,True,0.002792,1
230,1774263675.035666,1774263833.947737,1078,428,158.911239,2.005367,0.367461,True,0.000832,1
1165,1774264865.388854,1774265168.569556,1146,418,303.169995,81.249758,0.532183,True,0.010707,1
231,1774263677.028755,1774263824.393130,883,413,147.356686,0.998780,0.355238,True,0.007690,1
1166,1774264867.202113,1774265164.496275,1036,403,297.291563,58.018624,0.595206,True,0.002599,1
232,1774263678.253672,1774263748.968533,169,217,70.708097,0.462066,0.325213,True,0.006763,1
1167,1774264869.337025,1774265057.641673,1024,407,188.298772,3.493084,0.455186,True,0.005876,1
233,1774263679.593179,1774263836.251785,1094,429,156.651896,2.237275,0.360782,True,0.006709,1
1168,1774264871.959966,1774265048.713413,1216,392,176.752796,2.225137,0.446362,True,0.000651,1
234,1774263680.108477,1774263837.246756,1001,427,157.133609,1.084607,0.366312,True,0.004669,1
1169,1774264873.065700,1774264909.869292,790,111,36.802945,1.338043,0.322408,True,0.000646,1
235,1774263681.889425,1774263718.936464,391,93,37.038206,0.845810,0.393396,True,0.008833,1
1170,1774264874.173786,1774264999.880606,1474,94,125.698848,55.752956,0.752106,True,0.007972,1
236,1774263682.608960,1774263824.305245,1085,388,141.687461,1.108752,0.363252,True,0.008824,1
1171,1774264877.709740,1774264902.127439,1733,66,24.409120,1.889915,0.346449,True,0.008579,1
237,1774263683.182992,1774263830.090563,1064,395,146.906979,2.015727,0.367744,True,0.000592,1
1172,1774264877.912807,1774265055.951433,1227,383,178.038042,2.545330,0.459405,True,0.000585,1
238,1774263684.484933,1774263836.635658,1070,411,152.141909,1.125024,0.368334,True,0.008816,1
1173,1774264878.171072,1774265079.415398,1233,423,201.237536,2.821627,0.470180,True,0.006789,1
239,1774263686.523730,1774263898.760658,972,575,212.230000,1.163941,0.367711,True,0.006928,1
1174,1774264881.950220,1774265069.338432,1031,397,187.382119,1.289403,0.469931,True,0.006093,1
240,1774263687.516414,1774263831.485945,1099,394,143.964818,1.304095,0.363004,True,0.004713,1
1175,1774264882.032143,1774265157.674034,1049,395,275.635074,64.610551,0.535595,True,0.006817,1
241,1774263687.757105,1774263829.686016,980,384,141.920217,1.913469,0.365553,True,0.008694,1
1176,1774264888.217462,1774265013.923039,181,132,125.698851,36.999339,0.677096,True,0.006726,1
242,1774263695.302576,1774263842.794160,1057,393,147.480651,1.163959,0.373257,True,0.010933,1
1177,1774264888.631233,1774265143.104292,983,373,254.467835,52.231385,0.543646,True,0.005225,1
243,1774263697.238508,1774263851.297469,1082,409,154.058338,1.285657,0.374443,True,0.000623,1
1178,1774264889.124195,1774265090.415190,998,402,201.286012,1.134004,0.499132,True,0.004983,1
244,1774263697.834399,1774263838.612011,1072,400,140.776988,2.230453,0.347234,True,0.000624,1
1179,1774264890.091295,1774264921.130159,406,81,31.034167,0.725946,0.378853,True,0.004697,1
245,1774263698.478411,1774263733.473806,385,98,34.994789,0.548556,0.355116,True,0.000606,1
1180,1774264890.245168,1774265162.473284,1130,402,272.224546,56.400309,0.538215,True,0.003569,1
246,1774263698.651464,1774263763.344565,78,141,64.689341,1.788544,0.449291,True,0.003759,1
1181,1774264891.498098,1774265015.579796,181,257,124.073011,0.388035,0.483144,True,0.008687,1
247,1774263700.072696,1774263746.734174,412,100,46.654671,0.977440,0.461386,True,0.006807,1
1182,1774264895.372861,1774265086.508292,1169,373,191.132723,1.310859,0.510274,True,0.002709,1
248,1774263701.192533,1774263847.094061,1027,388,145.900903,1.094687,0.374176,True,0.000625,1
1183,1774264895.881181,1774265108.176977,1029,418,212.289987,1.951321,0.504409,True,0.005810,1
249,1774263702.825006,1774263879.086343,1146,466,176.251084,1.258776,0.376328,True,0.010252,1
1184,1774264896.219529,1774265102.358652,923,399,206.136404,2.107955,0.512634,True,0.002718,1
250,1774263703.970980,1774263863.603019,994,419,159.621734,1.201377,0.378996,True,0.010306,1
1185,1774264896.229196,1774265162.284790,1144,395,266.051486,28.990614,0.601677,True,0.004108,1
251,1774263707.338277,1774263743.515636,846,108,36.174597,0.876694,0.329887,True,0.002763,1
1186,1774264896.440948,1774265090.415016,1134,379,193.969180,1.752421,0.508510,True,0.004888,1
252,1774263708.756732,1774263855.936338,1140,430,147.169382,2.236731,0.337838,True,0.010223,1
1187,1774264897.007071,1774265107.113518,1151,407,210.105742,2.557546,0.511202,True,0.000705,1
253,1774263713.000660,1774263910.180281,1059,649,197.168902,2.151715,0.300952,True,0.010719,1
1188,1774264897.469310,1774265114.387256,1183,429,216.913044,2.679230,0.500546,True,0.004902,1
254,1774263713.358058,1774263787.919411,1354,200,74.558660,1.403573,0.367614,True,0.002693,1
1189,1774264897.517683,1774265097.464650,1017,386,199.939244,2.246144,0.513489,True,0.007722,1
255,1774263715.585460,1774263780.511562,167,171,64.925537,0.468173,0.379161,True,0.000565,1
1190,1774264898.096085,1774265109.909475,1203,421,211.806715,2.414513,0.498553,True,0.006674,1
256,1774263715.722307,1774263734.777074,1792,50,19.047016,1.994318,0.348014,True,0.007752,1
1191,1774264899.391958,1774264936.038434,380,81,36.643725,1.671542,0.437152,True,0.002751,1
257,1774263715.925595,1774263780.532481,40,134,64.606344,0.274289,0.483700,True,0.000541,1
1192,1774264902.057166,1774265158.187036,1156,388,256.123080,38.803437,0.561549,True,0.006790,1
258,1774263718.950869,1774263751.925992,407,104,32.972419,0.590686,0.314386,True,0.002704,1
1193,1774264903.102432,1774265109.862820,1191,409,206.759731,1.408906,0.503311,True,0.000658,1
259,1774263719.373367,1774263859.284023,1065,411,139.906756,2.304708,0.335615,True,0.003901,1
1194,1774264904.932585,1774265110.569602,1156,408,205.632178,1.321536,0.501992,True,0.004840,1
260,1774263719.413457,1774263813.064592,181,241,93.646446,0.470139,0.388235,True,0.004689,1
1195,1774264905.473034,1774265236.060569,1102,612,330.579823,41.168493,0.473668,True,0.007711,1
261,1774263720.063521,1774263768.313893,1314,137,48.244619,1.575807,0.343153,True,0.005753,1
1196,1774264905.987189,1774265157.158125,1149,385,251.170059,19.235814,0.603995,True,0.000877,1
262,1774263720.275442,1774263766.675277,181,128,46.399322,1.467649,0.353793,True,0.000514,1
1197,1774264906.312436,1774265162.085757,1064,394,255.762646,34.544197,0.562897,True,0.010675,1
263,1774263722.198289,1774263797.332462,163,205,75.128562,0.362313,0.366501,True,0.005611,1
1198,1774264908.011111,1774265151.381945,1182,388,243.369988,38.637531,0.529024,True,0.000846,1
264,1774263722.208313,1774263750.940630,2,93,28.726267,0.390477,0.307998,True,0.006051,1
1199,1774264909.751793,1774265163.692384,981,400,253.939963,15.471148,0.597666,True,0.000628,1
265,1774263722.378876,1774263796.989321,1314,203,74.599893,1.414031,0.362306,True,0.010553,1
1200,1774264910.247112,1774264952.738025,1339,69,42.482202,1.459275,0.603278,True,0.008711,1
266,1774263723.451159,1774263871.764432,1056,394,148.304630,1.591708,0.373315,True,0.008643,1
1201,1774264913.780941,1774265124.921717,1033,406,211.133121,1.116288,0.518560,True,0.007654,1
267,1774263724.571088,1774263869.892811,978,442,145.314078,1.886861,0.325232,True,0.007645,1
1202,1774264914.411155,1774265136.823901,1112,431,222.409825,1.750639,0.513161,True,0.002922,1
268,1774263725.855384,1774263900.303319,1217,565,174.445179,2.893208,0.304170,True,0.002756,1
1203,1774264918.411457,1774265118.116868,1051,382,199.697619,1.158008,0.521101,True,0.007792,1
269,1774263726.001993,1774263858.769633,1056,398,132.756863,3.377769,0.325892,True,0.010776,1
1204,1774264918.627671,1774265162.956910,1010,397,244.321359,22.231926,0.560832,True,0.007881,1
270,1774263728.847147,1774263894.705333,951,445,165.850395,1.008803,0.371265,True,0.007792,1
1205,1774264918.952602,1774265134.401210,1115,413,215.439764,1.812748,0.518512,True,0.008843,1
1291,1774265023.360488,1774265230.600943,1057,439,207.231665,1.298451,0.470167,True,0.008790,1
1461,1774265261.782088,1774265539.788033,1044,450,277.999239,2.003645,0.614690,True,0.006706,1
1631,1774265526.855258,1774265680.315550,1021,398,153.451370,3.145720,0.378604,True,0.008921,1
1292,1774265023.962392,1774265070.612493,391,90,46.649497,1.306623,0.509471,True,0.000603,1
1462,1774265262.233550,1774265515.305432,1214,406,253.066084,3.704803,0.615707,True,0.005799,1
1632,1774265526.860495,1774265562.109267,406,91,35.234561,1.475991,0.375095,True,0.014210,1
1293,1774265024.231287,1774265215.236170,1094,376,190.994096,2.286977,0.503219,True,0.010787,1
1463,1774265264.116343,1774265627.184419,1033,406,363.059372,100.221887,0.648981,True,0.008704,2
1633,1774265527.440811,1774265716.721606,996,446,189.279104,1.108724,0.422855,True,0.001691,1
1294,1774265024.804123,1774265230.370196,1050,438,205.565309,1.513264,0.466938,True,0.000765,1
1464,1774265264.239261,1774265315.781221,42,154,51.531675,1.909489,0.324328,True,0.010285,1
1634,1774265529.034604,1774265784.932669,1010,635,255.895277,1.087699,0.401905,True,0.002788,1
1295,1774265025.399112,1774265294.113369,1148,614,268.706546,2.234788,0.434701,True,0.007711,1
1465,1774265264.683806,1774265625.862615,1025,401,361.173886,114.680975,0.616232,True,0.004924,2
1635,1774265530.307012,1774265711.299861,1156,424,180.987082,1.326329,0.424730,True,0.005767,1
1296,1774265027.269553,1774265211.801758,1142,361,184.530222,2.286807,0.506232,True,0.001983,1
1466,1774265268.288498,1774265285.879969,1019,52,17.590928,2.000650,0.305692,True,0.000542,1
1636,1774265532.766521,1774265685.550272,1115,413,152.777975,2.100944,0.365721,True,0.005777,1
1297,1774265029.046678,1774265231.384589,1106,434,202.332008,1.273878,0.464337,True,0.005904,1
1467,1774265268.628757,1774265300.283093,450,107,31.643677,4.261020,0.258327,True,0.010660,1
1637,1774265533.032861,1774265703.650249,1116,401,170.606677,1.261498,0.423363,True,0.010710,1
1298,1774265031.106705,1774265228.145258,1226,407,197.034519,2.322182,0.479587,True,0.004034,1
1468,1774265269.645625,1774265455.413701,181,263,185.759018,3.525052,0.695549,True,0.009058,1
1638,1774265533.108384,1774265680.951066,1045,390,147.834035,3.792863,0.370286,True,0.008646,1
1299,1774265031.117710,1774265274.907903,958,554,243.786520,1.048627,0.438947,True,0.003672,1
1469,1774265270.071098,1774265540.377262,1025,441,270.299536,2.822743,0.607902,True,0.006627,1
1639,1774265534.295085,1774265556.679006,1529,56,22.383317,1.764197,0.374893,True,0.000603,1
1300,1774265031.790349,1774265224.451094,1082,391,192.656007,3.789109,0.484274,True,0.004738,1
1470,1774265271.487276,1774265625.862765,1201,401,354.364538,107.871476,0.616233,True,0.010951,2
1640,1774265535.256647,1774265701.588654,1163,386,166.321254,2.143113,0.426437,True,0.010753,1
1301,1774265031.816574,1774265041.108349,245,14,9.281130,2.116737,0.551107,True,0.010645,1
1471,1774265275.526857,1774265525.767675,1021,398,250.231528,1.937158,0.625427,True,0.009291,1
1641,1774265539.321715,1774265585.782451,440,117,46.450019,0.718086,0.394241,True,0.010717,1
1302,1774265034.453495,1774265220.726581,1018,390,186.271364,1.230521,0.475683,True,0.001722,1
1472,1774265278.394023,1774265314.066043,417,117,35.665310,0.929269,0.299449,True,0.006710,1
1642,1774265540.232089,1774265576.931880,457,98,36.694040,0.715243,0.370915,True,0.005751,1
1303,1774265036.096011,1774265081.835027,395,85,45.736196,0.928093,0.533430,True,0.002820,1
1473,1774265279.805762,1774265624.953359,1182,396,345.146643,79.225675,0.673218,True,0.000955,2
1643,1774265540.523549,1774265595.768862,1313,135,55.241644,1.817444,0.398688,True,0.003669,1
1304,1774265038.060890,1774265092.337492,435,114,54.271966,1.071286,0.470802,True,0.004635,1
1474,1774265281.850470,1774265678.611813,1027,569,396.760727,97.518399,0.526835,True,0.000616,2
1644,1774265540.788240,1774265696.803300,1044,368,156.009262,1.921465,0.419858,True,0.005798,1
1305,1774265039.575101,1774265081.626281,379,81,42.048520,1.100403,0.511851,True,0.002660,1
1475,1774265283.103420,1774265503.504111,1351,140,220.396886,105.277298,0.828198,True,0.003805,2
1645,1774265545.630811,1774265920.580719,1170,939,374.942107,1.194898,0.398451,True,0.007802,1
1306,1774265041.426855,1774265236.509623,1099,410,195.077127,1.337856,0.473690,True,0.005641,1
1476,1774265286.991096,1774265325.758191,409,95,38.766453,0.761620,0.404307,True,0.000642,1
1646,1774265545.854091,1774265713.880024,1038,396,168.023217,2.055836,0.420171,True,0.002716,1
1307,1774265042.447569,1774265088.796149,1339,72,46.344841,1.972774,0.624959,True,0.003738,1
1477,1774265290.647184,1774265631.219844,1009,411,340.567037,79.406552,0.636977,True,0.005623,2
1647,1774265546.340705,1774265575.383353,2001,74,29.035874,3.480453,0.350074,True,0.006773,1
1308,1774265042.782983,1774265163.324353,1317,235,120.535624,2.235300,0.505557,True,0.005747,1
1478,1774265291.525796,1774265609.541891,1109,377,318.015512,96.858109,0.588185,True,0.000583,2
1648,1774265547.765786,1774265593.470039,392,103,45.703630,1.074882,0.437537,True,0.000623,1
1309,1774265044.458700,1774265278.762231,1017,537,234.292709,1.891640,0.433584,True,0.010823,1
1479,1774265293.980419,1774265322.062802,1155,75,28.073703,2.237550,0.349137,True,0.008680,1
1649,1774265549.617157,1774265718.467796,966,403,168.850066,1.353264,0.416659,True,0.000572,1
1310,1774265044.564698,1774265319.502061,1139,674,274.930678,2.365938,0.405000,True,0.006686,1
1480,1774265296.344178,1774265615.367921,1066,379,319.015991,87.974713,0.611220,True,0.007752,2
1650,1774265553.187530,1774265556.352378,120,12,3.155019,0.478833,0.243290,True,0.009828,1
1311,1774265046.114124,1774265239.256503,1033,427,193.135645,2.751287,0.446912,True,0.006733,1
1481,1774265296.556615,1774265328.266052,431,94,31.708659,0.838852,0.331933,True,0.000778,1
1651,1774265556.372723,1774265705.293685,1201,402,148.918317,2.286511,0.365665,True,0.002646,1
1312,1774265046.417026,1774265232.666622,1009,397,186.238871,1.131040,0.467444,True,0.010726,1
1482,1774265296.923441,1774265623.511508,1201,391,326.585438,77.474816,0.638745,True,0.002630,2
1652,1774265556.632452,1774265724.205648,1152,400,167.563384,1.349030,0.416577,True,0.009812,1
1313,1774265049.282979,1774265235.829468,1020,400,186.545875,1.144291,0.464666,True,0.000615,1
1483,1774265297.010179,1774265328.459242,387,95,31.441447,1.166978,0.322069,True,0.007617,1
1653,1774265559.654993,1774265563.295217,238,14,3.636056,0.479334,0.242825,True,0.004168,1
1314,1774265049.284284,1774265234.686539,1008,395,185.392281,2.283189,0.464744,True,0.009975,1
1484,1774265297.088970,1774265623.899658,1003,394,326.809929,97.481722,0.583532,True,0.000758,2
1654,1774265563.649614,1774265732.663881,997,393,169.009121,1.178673,0.428139,True,0.005146,1
1315,1774265049.364124,1774265240.891676,1046,418,191.524848,1.571549,0.455523,True,0.002704,1
1485,1774265299.126232,1774265625.685902,1033,396,326.555696,70.929515,0.647155,True,0.003973,2
1655,1774265563.840080,1774265732.848709,1025,394,169.004992,1.785085,0.425496,True,0.003636,1
1316,1774265051.555756,1774265241.343482,1054,419,189.787086,1.202773,0.451159,True,0.000640,1
1486,1774265300.280298,1774265559.265783,1018,388,258.979935,2.064993,0.663863,True,0.005551,1
1656,1774265564.523470,1774265748.975649,1121,440,184.448436,1.988467,0.415626,True,0.003744,1
1317,1774265051.627221,1774265239.398070,1202,411,187.769794,2.244277,0.452501,True,0.001055,1
1487,1774265300.792284,1774265325.256441,1436,66,24.459456,4.212417,0.311493,True,0.004701,1
1657,1774265565.482651,1774265635.635676,1312,141,70.146250,2.660912,0.482038,True,0.006775,1
1318,1774265055.712058,1774265238.326956,1102,396,182.607921,1.412548,0.458722,True,0.006977,1
1488,1774265301.827431,1774265610.042043,983,373,308.208623,82.493575,0.606761,True,0.005988,2
1658,1774265565.931088,1774265623.997799,403,113,58.065947,2.740055,0.493981,True,0.000764,1
1319,1774265056.411797,1774265250.786286,1139,429,194.369805,2.175611,0.449052,True,0.004684,1
1489,1774265303.809154,1774265516.984108,1312,283,213.167231,3.609949,0.743111,True,0.007723,1
1659,1774265568.328663,1774265733.767290,1036,388,165.438025,1.140553,0.424541,True,0.000602,1
1320,1774265056.946941,1774265117.791967,1785,137,60.834302,4.834197,0.411765,True,0.010724,1
1490,1774265306.340517,1774265629.927774,1082,406,323.579190,44.904809,0.688085,True,0.008067,2
1660,1774265570.635758,1774265607.999054,385,80,37.360497,0.613679,0.465150,True,0.002800,1
1321,1774265059.948877,1774265282.180102,1075,516,222.230549,1.908931,0.427809,True,0.000676,1
1491,1774265306.882350,1774265589.860533,998,447,282.970500,2.474042,0.628916,True,0.007683,1
1661,1774265571.432261,1774265615.220507,444,101,43.787680,0.605674,0.431820,True,0.000565,1
1322,1774265059.957446,1774265281.823936,1179,511,221.863396,1.420183,0.432242,True,0.003094,1
1492,1774265307.232320,1774265521.272270,1316,168,214.037244,44.018047,1.018079,True,0.002706,2
1662,1774265571.718339,1774265761.303991,1012,461,189.581974,1.474921,0.408928,True,0.003678,1
1323,1774265060.349621,1774265252.990302,1065,439,192.638000,3.592985,0.431610,True,0.002680,1
1493,1774265309.514619,1774265547.147678,1314,231,237.624287,64.877477,0.751073,True,0.008772,2
1663,1774265572.062522,1774265808.104636,1036,590,236.035299,1.623947,0.397982,True,0.006815,1
1324,1774265061.566818,1774265247.156353,1230,413,185.586810,1.693946,0.446342,True,0.002726,1
1494,1774265313.126388,1774265639.706521,1046,438,326.574463,75.252464,0.575108,True,0.005670,2
1664,1774265572.280006,1774265709.247016,1036,375,136.959754,2.148463,0.360458,True,0.007257,1
1325,1774265062.893416,1774265146.486851,1314,164,83.590698,2.648305,0.496579,True,0.002737,1
1495,1774265313.270213,1774265618.361243,1023,388,305.084363,51.069985,0.656368,True,0.006666,2
1665,1774265574.539361,1774265604.333800,380,61,29.787780,0.585325,0.486708,True,0.006660,1
1326,1774265063.149542,1774265105.703275,1029,71,42.553095,1.287670,0.589506,True,0.000637,1
1496,1774265313.828459,1774265704.823991,1227,652,390.994925,56.230582,0.514231,True,0.000607,2
1666,1774265575.429839,1774265603.544415,378,56,28.112917,0.672259,0.498921,True,0.001658,1
1327,1774265064.633415,1774265248.371452,1051,420,183.731187,2.213377,0.433217,True,0.006850,1
1497,1774265314.387534,1774265623.900005,1019,394,309.505439,80.177153,0.583533,True,0.007032,2
1667,1774265577.223360,1774265712.862033,1052,378,135.631897,2.240678,0.353823,True,0.006776,1
1328,1774265067.636869,1774265304.992382,990,559,237.350740,1.368955,0.422906,True,0.004772,1
1498,1774265315.613778,1774265595.967155,936,432,280.342672,1.749753,0.646387,True,0.010706,1
1668,1774265577.509680,1774265752.450613,1039,417,174.932109,1.222688,0.417571,True,0.008824,1
1329,1774265068.177723,1774265237.244856,1136,375,169.066584,2.359969,0.445740,True,0.000549,1
1499,1774265317.917166,1774265504.294406,46,138,186.372562,52.137734,0.979816,True,0.004678,2
1669,1774265577.943494,1774265751.171273,1097,409,173.219971,2.046413,0.419543,True,0.007808,1
1330,1774265068.857225,1774265157.001528,1315,183,88.139654,1.653562,0.475198,True,0.004649,1
1500,1774265321.781134,1774265485.736042,404,83,163.948156,62.538923,1.236698,True,0.006753,2
1670,1774265578.891930,1774265711.163539,1052,373,132.266773,2.627270,0.348493,True,0.004836,1
1331,1774265069.566991,1774265249.722207,1139,418,180.144382,2.400131,0.426245,True,0.010833,1
1501,1774265322.233997,1774265592.167816,1059,388,269.926143,2.091510,0.692079,True,0.007677,1
1671,1774265580.447868,1774265745.796581,1036,397,165.348122,1.295961,0.414273,True,0.000592,1
1332,1774265071.692457,1774265254.826499,1139,428,183.125339,2.424007,0.423188,True,0.008703,1
1502,1774265326.231803,1774265503.600596,12,139,177.360250,38.106418,1.009086,True,0.008544,2
1672,1774265581.049834,1774265612.899218,376,74,31.844637,1.359193,0.417609,True,0.004747,1
1333,1774265072.438580,1774265252.247241,1180,414,179.805950,1.494019,0.431748,True,0.002711,1
1503,1774265326.829441,1774265650.339457,1044,471,323.509415,57.496542,0.565985,True,0.000602,2
1673,1774265583.122675,1774265749.665942,1043,397,166.537844,1.332968,0.417184,True,0.005424,1
1334,1774265073.757214,1774265290.916548,1034,519,217.148610,1.064366,0.417151,True,0.010723,1
1504,1774265329.307311,1774265610.835509,1134,379,281.525535,17.034224,0.699712,True,0.002663,2
1674,1774265583.696923,1774265739.653075,1020,445,155.948368,1.923228,0.346903,True,0.007783,1
1335,1774265074.346739,1774265254.624144,1166,401,180.272679,2.225709,0.445117,True,0.004725,1
1505,1774265329.549967,1774265477.527334,379,65,147.970710,44.844162,1.611352,True,0.006657,2
1675,1774265584.160086,1774265760.948096,1105,429,176.785322,1.574840,0.409370,True,0.002688,1
1336,1774265074.701872,1774265189.460017,181,246,114.750482,0.703053,0.465500,True,0.007663,1
1506,1774265329.645882,1774265495.373981,429,115,165.724468,40.410121,1.099249,True,0.003631,2
1676,1774265585.249512,1774265758.068326,1095,420,172.818227,1.689091,0.408423,True,0.000587,1
1337,1774265075.196177,1774265156.317565,396,136,81.115681,2.302325,0.583803,True,0.005707,1
1507,1774265329.913195,1774265607.038762,1159,397,277.121860,2.165799,0.694333,True,0.003707,1
1677,1774265586.890712,1774265722.741949,1033,403,135.850584,1.949434,0.333087,True,0.000653,1
1338,1774265076.182354,1774265190.108097,1314,243,113.920989,1.546914,0.464356,True,0.004754,1
1508,1774265330.498479,1774265642.049388,1223,444,311.544291,53.821508,0.581767,True,0.006617,2
1678,1774265587.886762,1774265626.141311,1063,93,38.253964,1.117727,0.403655,True,0.000585,1
1339,1774265079.227454,1774265309.796679,1176,548,230.558526,1.281559,0.419154,True,0.010700,1
1509,1774265331.043434,1774265637.722692,1093,432,306.678373,63.527269,0.564156,True,0.000885,2
1679,1774265589.831323,1774265754.593263,981,402,164.756243,1.050626,0.408243,True,0.005697,1
1340,1774265080.118926,1774265255.231229,1085,409,175.101605,1.685316,0.425040,True,0.010699,1
1510,1774265332.534942,1774265625.955445,1009,397,293.410766,37.514818,0.646202,True,0.009737,2
1680,1774265590.030936,1774265758.655628,999,411,168.623050,1.803888,0.406876,True,0.001642,1
1341,1774265080.238892,1774265116.187290,1282,66,35.943739,2.337454,0.517020,True,0.004659,1
1511,1774265332.972544,1774265475.697472,380,58,142.722220,51.351490,1.602995,True,0.002709,2
1681,1774265590.616074,1774265755.273548,1010,401,164.656857,2.018560,0.406596,True,0.000617,1
1342,1774265082.609187,1774265289.143667,1148,501,206.527809,1.442860,0.410170,True,0.006671,1
1512,1774265336.322137,1774265480.155813,1786,67,143.830031,28.021026,1.754682,True,0.003645,2
1682,1774265591.922034,1774265753.818772,1018,396,161.895044,1.974393,0.404862,True,0.001694,1
1343,1774265083.438136,1774265133.319345,390,96,49.872409,1.215677,0.512176,True,0.008800,1
1513,1774265336.725881,1774265632.154438,1102,427,295.425861,2.121908,0.688507,True,0.002697,1
1683,1774265595.522798,1774265750.125258,1145,374,154.593711,1.441001,0.410597,True,0.008749,1
1344,1774265084.116763,1774265138.822000,1756,111,54.701451,2.134410,0.477882,True,0.003786,1
1514,1774265338.850180,1774265636.891976,1183,429,298.038094,65.729214,0.542778,True,0.003702,2
1684,1774265595.720622,1774265759.759690,1059,477,164.029949,2.080981,0.340229,True,0.009118,1
1345,1774265086.599753,1774265326.982919,1025,591,240.376198,1.338909,0.405148,True,0.006969,1
1515,1774265339.447895,1774265624.097554,1086,393,284.644779,34.948191,0.636981,True,0.004881,2
1685,1774265596.308190,1774265757.436699,1080,395,161.123776,1.796652,0.404384,True,0.004734,1
1346,1774265088.428935,1774265266.738030,1136,429,178.308466,1.531094,0.413031,True,0.000629,1
1516,1774265339.745530,1774265624.669587,1038,398,284.919392,2.299076,0.711890,True,0.004665,1
1686,1774265600.068986,1774265673.831487,1321,182,73.761921,1.608335,0.398639,True,0.000581,1
1347,1774265090.886389,1774265255.545124,1024,402,164.653075,1.211147,0.407586,True,0.005660,1
1517,1774265341.915968,1774265625.685714,1059,397,283.763845,2.200822,0.711018,True,0.005901,1
1687,1774265600.383019,1774265760.858800,1035,400,160.471921,2.672856,0.395486,True,0.003861,1
1348,1774265092.143194,1774265304.463821,1209,522,212.316896,2.377009,0.402956,True,0.003730,1
1518,1774265341.935523,1774265633.247284,1004,419,291.303912,42.383290,0.595504,True,0.007849,2
1688,1774265600.385234,1774265759.738883,1004,394,159.341193,2.337634,0.399500,True,0.012457,1
1349,1774265092.151056,1774265254.288281,1057,394,162.130628,1.189686,0.409519,True,0.006598,1
1519,1774265345.384708,1774265473.438981,371,53,128.046405,49.178848,1.516684,True,0.007867,1
1689,1774265604.656343,1774265750.647055,1165,421,145.985018,2.266536,0.342187,True,0.005694,1
1350,1774265092.219199,1774265184.815937,1314,202,92.596120,2.097020,0.450244,True,0.000618,1
1520,1774265348.654778,1774265502.210983,396,131,153.549473,35.664967,0.906804,True,0.006732,1
1690,1774265605.336639,1774265785.338867,1108,459,179.995169,1.246166,0.390282,True,0.007060,1
1351,1774265092.379655,1774265312.468630,969,554,220.084326,2.008568,0.394350,True,0.004649,1
1521,1774265350.893200,1774265625.775005,1189,399,274.874161,53.682311,0.555758,True,0.007644,1
1691,1774265609.463159,1774265766.896315,978,391,157.430405,1.246412,0.400472,True,0.002751,1
1352,1774265093.740987,1774265136.667330,505,92,42.918652,1.467149,0.455511,True,0.007691,1
1522,1774265352.292642,1774265626.395203,1083,403,274.096891,42.273024,0.576676,True,0.005669,1
1692,1774265609.472194,1774265664.784195,414,137,55.307190,0.518155,0.402861,True,0.004812,1
1353,1774265094.043878,1774265158.793936,403,91,64.739035,1.169156,0.706332,True,0.011024,1
1523,1774265352.620409,1774265640.114897,1152,437,287.491828,46.971306,0.551653,True,0.002661,1
1693,1774265610.306440,1774265648.794225,400,103,38.487092,0.993057,0.367589,True,0.000694,1
1354,1774265094.517608,1774265296.802871,1062,509,202.279571,1.752067,0.394739,True,0.005692,1
1524,1774265352.899913,1774265615.764989,1063,386,262.857133,51.675684,0.548523,True,0.007943,1
1694,1774265610.684758,1774265742.891786,998,396,132.206442,2.106064,0.329368,True,0.000586,1
1355,1774265094.934371,1774265142.770696,692,109,47.828455,1.539578,0.428601,True,0.007870,1
1525,1774265353.031792,1774265698.846714,1108,622,345.807229,41.531819,0.489977,True,0.007693,1
1695,1774265611.224049,1774265741.970229,1045,393,130.738483,3.626604,0.324265,True,0.007697,1
1356,1774265097.487587,1774265296.567689,1061,448,199.075486,31.796711,0.374225,True,0.004616,1
1526,1774265355.549627,1774265626.220563,1017,398,270.660295,44.034128,0.570847,True,0.010641,1
1696,1774265615.704709,1774265750.580157,1002,407,134.867602,1.948729,0.327386,True,0.007845,1
1357,1774265099.313373,1774265279.888625,1041,385,180.564535,2.217100,0.464446,True,0.010717,1
1527,1774265356.558060,1774265608.945463,1120,375,252.381683,48.019504,0.546423,True,0.005720,1
1697,1774265615.709927,1774265677.932934,874,150,62.209738,0.983211,0.410916,True,0.013268,1
1358,1774265100.649233,1774265684.513703,955,602,583.856717,273.743918,0.515995,True,0.007753,2
1528,1774265360.642706,1774265604.556442,1060,365,243.913170,47.929612,0.538416,True,0.000566,1
1698,1774265616.168525,1774265782.182510,1060,415,166.008264,1.872569,0.396463,True,0.005721,1
1359,1774265102.054786,1774265153.173357,857,117,51.114835,1.115089,0.431032,True,0.003735,1
1529,1774265361.374626,1774265626.487454,1009,399,265.104934,38.212172,0.570082,True,0.007893,1
1699,1774265617.481191,1774265652.821220,399,92,35.336385,1.103474,0.376186,True,0.003645,1
1360,1774265108.524997,1774265283.896067,1036,394,175.361123,26.737893,0.378176,True,0.009948,1
1530,1774265361.583119,1774265631.307779,1053,414,269.722078,42.997433,0.548970,True,0.002582,1
1700,1774265618.120711,1774265758.974561,1219,429,140.846100,2.285670,0.323739,True,0.007751,1
1361,1774265108.946702,1774265147.981257,385,88,39.030924,0.648028,0.441183,True,0.003631,1
1531,1774265362.257340,1774265439.156810,304,18,76.891824,46.307855,1.799057,True,0.007646,1
1701,1774265619.537462,1774265738.590552,1100,371,119.045295,2.857245,0.314022,True,0.007794,1
1362,1774265111.007024,1774265202.397554,1313,148,91.389949,18.281103,0.497339,True,0.000581,1
1532,1774265363.288923,1774265632.995527,1097,418,269.695936,36.294764,0.559715,True,0.010668,1
1702,1774265621.817392,1774265787.181273,1064,418,165.355165,1.136479,0.393810,True,0.008717,1
1363,1774265111.478644,1774265274.549068,1035,395,163.061654,1.382967,0.410352,True,0.008770,1
1533,1774265363.692313,1774265650.651851,1018,476,286.956893,40.888214,0.518039,True,0.002645,1
1703,1774265623.065544,1774265786.192114,1064,414,163.125808,1.357141,0.391692,True,0.000761,1
1364,1774265112.442043,1774265269.521235,1171,380,157.070407,1.673841,0.410017,True,0.008785,1
1534,1774265364.132188,1774265481.069721,1143,70,116.926865,44.429878,1.050681,True,0.010668,1
1704,1774265627.768145,1774265764.044172,1003,418,136.269398,2.055427,0.321856,True,0.006629,1
1365,1774265113.286498,1774265232.543707,1314,218,119.252480,29.696699,0.412699,True,0.004730,1
1535,1774265369.741226,1774265493.277749,991,108,123.535928,29.852498,0.875546,True,0.000595,1
1705,1774265630.398616,1774265805.218108,1204,437,174.814531,1.479577,0.397557,True,0.004962,1
1366,1774265113.503392,1774265268.265540,1003,376,154.759361,2.056444,0.407208,True,0.002788,1
1536,1774265370.303392,1774265482.190068,1155,75,111.879997,48.272148,0.859566,True,0.006679,1
1706,1774265630.713746,1774265668.292808,1656,82,37.568414,3.447505,0.421246,True,0.010648,1
1367,1774265113.666900,1774265288.611027,1013,439,174.941316,1.647638,0.395648,True,0.002810,1
1537,1774265372.251010,1774265636.973722,1143,429,264.719026,36.318234,0.533647,True,0.003686,1
1707,1774265630.836310,1774265808.774401,1179,445,177.937576,2.283976,0.395616,True,0.000515,1
1368,1774265114.075544,1774265325.360425,1129,526,211.281127,1.846441,0.398923,True,0.003755,1
1538,1774265373.573460,1774265627.011488,1068,401,253.429292,26.012302,0.568542,True,0.008737,1
1708,1774265631.491849,1774265807.878667,1146,440,176.379097,3.011742,0.394914,True,0.007721,1
1369,1774265118.238285,1774265295.132534,986,441,176.887497,1.251329,0.399173,True,0.006752,1
1539,1774265374.003232,1774265689.776869,1036,619,315.768898,44.574229,0.438826,True,0.004739,1
1709,1774265631.741539,1774265666.779745,420,80,35.035617,2.934595,0.406342,True,0.002589,1
1370,1774265118.751501,1774265278.310927,1028,366,159.551610,26.285795,0.365112,True,0.007817,1
1540,1774265375.566369,1774265642.210647,1032,447,266.639609,33.001912,0.523851,True,0.004669,1
1710,1774265632.904603,1774265799.043551,1136,518,166.130678,2.292494,0.316902,True,0.008270,1
1371,1774265119.573055,1774265285.405122,1160,400,165.831407,14.478381,0.379331,True,0.000660,1
1541,1774265377.576118,1774265626.487462,1015,399,248.910700,22.017759,0.570083,True,0.000643,1
1711,1774265637.535478,1774265666.551304,402,95,29.010018,0.994964,0.298032,True,0.005808,1
1372,1774265120.978206,1774265700.828707,1160,639,579.849822,253.421898,0.511643,True,0.000679,2
1542,1774265378.266393,1774265521.370773,1312,175,143.103852,40.315235,0.590739,True,0.000528,1
1712,1774265638.752332,1774265699.808903,18,128,61.048732,0.363517,0.477836,True,0.007839,1
1373,1774265124.792074,1774265703.063399,1036,650,578.260559,234.229193,0.530095,True,0.010766,2
1543,1774265378.842221,1774265496.178048,685,120,117.331871,29.727063,0.736175,True,0.003955,1
1713,1774265641.111324,1774265710.570403,12,231,69.458519,0.448203,0.300045,True,0.000561,1
1374,1774265124.949201,1774265301.100719,1007,441,176.140875,2.156750,0.395418,True,0.010644,1
1544,1774265379.739572,1774265490.269476,398,98,110.529326,19.854404,0.934793,True,0.000578,1
1714,1774265641.119727,1774265810.263740,1271,423,169.141345,1.536066,0.397169,True,0.002667,1
1375,1774265127.962126,1774265313.534975,1154,482,185.572256,6.089344,0.373145,True,0.000593,1
1545,1774265383.739753,1774265615.467487,1173,385,231.727199,34.841765,0.512722,True,0.000535,1
1715,1774265642.540908,1774265676.002685,434,77,33.459196,0.767530,0.430154,True,0.002580,1
696,1774264294.480275,1774264366.710431,206,165,72.229593,0.672571,0.436323,True,0.000563,1
1971,1774266016.099634,1774266200.242131,1992,91,181.250945,108.172869,0.811979,True,2.891552,1
356,1774263855.880974,1774263971.691430,1026,429,115.807740,2.107334,0.265655,True,0.002716,1
1036,1774264697.841765,1774265162.284656,1007,395,464.438756,152.746916,0.791096,True,0.004135,2
1206,1774264920.941975,1774265163.871053,1025,407,242.926139,25.704514,0.535029,True,0.002939,1
526,1774264092.561640,1774264381.549012,1216,466,288.980635,2.236274,0.616655,True,0.006736,1
1801,1774265777.790841,1774265936.857140,1008,408,159.058515,1.311590,0.387585,True,0.007784,1
697,1774264294.710865,1774264326.550438,371,97,31.831985,0.481844,0.326564,True,0.007589,1
1972,1774266016.585171,1774266364.681444,1163,409,345.679323,112.672989,0.571094,True,2.416950,1
357,1774263856.681597,1774263883.574860,1996,70,26.887337,2.207932,0.357673,True,0.005925,1
1037,1774264699.281250,1774265161.795069,1024,393,462.505824,155.816012,0.782372,True,0.007995,3
1207,1774264921.338295,1774265127.685928,1143,393,206.346982,1.217906,0.523288,True,0.000650,1
527,1774264092.571533,1774264429.237254,912,427,336.658405,99.566031,0.556555,True,0.007315,2
1802,1774265780.560580,1774265809.523078,397,93,28.953779,0.825958,0.305737,True,0.008719,1
698,1774264295.812973,1774264327.779023,373,66,31.958663,1.063024,0.475318,True,0.007387,1
1973,1774266017.390392,1774266413.531301,1103,577,394.518351,118.136551,0.479830,True,1.622558,1
358,1774263856.871014,1774263905.968403,1314,139,49.096852,3.088539,0.333394,True,0.000537,1
1038,1774264702.273500,1774265190.857927,923,468,488.577644,143.235890,0.739490,True,0.006782,2
528,1774264092.576709,1774264136.884257,181,104,44.294497,2.219356,0.408497,True,0.013052,1
1208,1774264921.556773,1774265120.263008,1226,379,198.696318,2.515259,0.518998,True,0.009918,1
1803,1774265781.408191,1774265910.862036,1027,450,129.449045,1.938417,0.283988,True,0.004799,1
699,1774264296.116336,1774264319.678584,385,73,23.558616,0.657963,0.318065,True,0.003631,1
1974,1774266020.250119,1774266434.476144,1123,651,414.215265,106.903182,0.472788,True,0.010759,1
359,1774263856.977732,1774263917.930953,181,173,60.945287,3.076383,0.336447,True,0.007933,1
1039,1774264703.064940,1774265329.931877,1318,918,626.856220,167.056789,0.501417,True,0.010718,3
529,1774264093.535993,1774264325.738754,206,162,232.192003,79.053481,0.951171,True,0.010758,2
1209,1774264924.127202,1774265139.798434,1024,419,215.670610,1.233253,0.513008,True,0.000623,1
1804,1774265789.037286,1774265828.981560,424,96,39.942572,0.665648,0.413441,True,0.001703,1
700,1774264296.674633,1774264361.348960,203,167,64.665516,0.459115,0.386786,True,0.008811,1
1975,1774266020.298272,1774266343.508815,1032,396,323.206564,111.373157,0.536287,True,0.003978,1
360,1774263857.998851,1774264001.358510,1049,397,143.348953,2.538059,0.355583,True,0.010705,1
1040,1774264707.630991,1774264726.794625,432,95,19.163025,0.902018,0.194266,True,0.000608,1
530,1774264097.063234,1774264356.236145,1010,396,259.172243,1.871319,0.651395,True,0.000668,1
1210,1774264925.624449,1774265170.455199,1136,418,244.826115,22.658553,0.532776,True,0.004635,1
1805,1774265791.474770,1774265916.303909,1042,424,124.823368,1.993262,0.290378,True,0.005772,1
701,1774264298.769303,1774264355.731356,398,132,56.956387,1.097678,0.426402,True,0.005666,1
1976,1774266020.615710,1774266159.293077,315,18,138.676778,116.533424,1.302550,True,0.000589,1
361,1774263858.915857,1774264010.077514,1132,414,151.156984,1.965515,0.361238,True,0.004673,1
1041,1774264709.496635,1774265174.968392,1010,429,465.467033,130.771905,0.781998,True,0.004724,2
531,1774264098.062813,1774264121.877013,975,68,23.813553,1.317354,0.335764,True,0.000647,1
1211,1774264926.073680,1774265163.510731,1083,399,237.425922,14.782708,0.559405,True,0.011130,1
1806,1774265794.716235,1774265908.073637,1094,385,113.351721,1.985236,0.290017,True,0.005680,1
702,1774264299.329939,1774264455.926265,1241,421,156.595725,4.303005,0.362602,True,0.000600,1
1977,1774266020.725340,1774266223.127498,1316,151,202.399587,106.435924,0.639758,True,0.002570,1
362,1774263858.970162,1774263958.813604,1088,386,99.840802,2.159272,0.253718,True,0.002639,1
1042,1774264711.400201,1774264743.462628,371,78,32.058778,0.499089,0.409866,True,0.003649,1
532,1774264100.505041,1774264358.258516,1033,396,257.742777,2.033510,0.647365,True,0.010698,1
1212,1774264926.385144,1774264976.468680,1989,83,50.074378,2.298696,0.582630,True,0.009159,1
1807,1774265796.476119,1774265835.855641,415,93,39.368474,0.722096,0.420069,True,0.011048,1
703,1774264299.471992,1774264441.557260,1050,374,142.082303,2.353935,0.374607,True,0.002965,1
1978,1774266021.287126,1774266344.103739,1014,398,322.807587,110.379399,0.535084,True,0.009026,1
363,1774263860.627264,1774263907.345222,125,205,46.715309,0.923964,0.224467,True,0.002650,1
1043,1774264712.212361,1774264729.769563,403,91,17.553490,0.802882,0.186118,True,0.003713,1
533,1774264101.434556,1774264245.107237,163,157,143.665899,1.548904,0.911006,True,0.006781,1
1213,1774264926.720284,1774265147.934846,1046,438,221.208855,3.363235,0.498503,True,0.005707,1
1808,1774265796.835679,1774266367.447848,1096,411,570.609344,264.146199,0.747471,True,0.002825,2
704,1774264301.429155,1774264334.771614,401,86,33.336744,0.520581,0.386073,True,0.005714,1
1979,1774266023.087870,1774266371.265754,1071,426,348.175192,114.059111,0.550861,True,0.002693,1
364,1774263864.548245,1774263903.273469,206,167,38.724658,0.466116,0.230473,True,0.000566,1
1044,1774264714.558364,1774264999.880342,389,94,285.315213,155.567165,1.395140,True,0.006765,2
534,1774264102.579385,1774264123.295434,382,62,20.712409,0.925701,0.324372,True,0.003640,1
1214,1774264927.457134,1774265121.258498,1025,375,193.800764,2.375291,0.511833,True,0.000600,1
1809,1774265798.035605,1774265837.874328,398,127,39.833494,0.867140,0.309257,True,0.005228,1
705,1774264301.987685,1774264452.227408,1436,386,150.229754,1.675274,0.385856,True,0.009968,1
1980,1774266023.189029,1774266399.483760,1069,523,376.291075,103.971351,0.521685,True,0.003656,1
365,1774263865.854298,1774263885.654694,376,73,19.797387,0.790605,0.263983,True,0.003009,1
1045,1774264715.945624,1774265191.627614,1072,468,475.681426,134.646033,0.730269,True,0.000564,2
535,1774264102.646280,1774264428.243246,1082,426,325.588072,69.945326,0.601512,True,0.008894,2
1215,1774264927.953417,1774265042.253273,1317,192,114.299232,22.255713,0.481903,True,0.000624,1
1810,1774265799.127768,1774266407.289580,1052,564,608.151118,271.546458,0.597877,True,0.010694,2
706,1774264303.117583,1774264325.624578,389,65,22.503281,1.131912,0.333928,True,0.003715,1
1981,1774266024.723842,1774266200.988846,421,93,176.256286,106.942569,0.753410,True,0.008718,1
366,1774263869.611694,1774263939.828481,127,198,70.210621,0.398134,0.354378,True,0.006166,1
1046,1774264718.153687,1774265008.822928,391,116,290.662642,122.112700,1.465652,True,0.006599,2
536,1774264103.678039,1774264373.113956,1311,415,269.430125,2.442894,0.644897,True,0.005792,1
1216,1774264928.688926,1774265167.612167,1083,407,238.917880,19.593365,0.540208,True,0.005360,1
1811,1774265800.236989,1774266353.173454,1089,394,552.928950,290.219260,0.668472,True,0.007515,2
707,1774264304.462581,1774264320.277312,386,49,15.806478,0.531763,0.318223,True,0.008253,1
1982,1774266026.752442,1774266208.026888,1474,109,181.267699,110.390335,0.656272,True,0.006747,1
367,1774263872.972492,1774263912.441224,404,109,39.463083,0.607008,0.359778,True,0.005650,1
1047,1774264718.660595,1774264738.050140,396,105,19.384921,0.936318,0.177390,True,0.004624,1
537,1774264103.897806,1774264344.040968,200,217,240.140907,68.700792,0.793704,True,0.002255,2
1217,1774264928.717813,1774265192.042476,1036,538,263.317057,1.627177,0.487318,True,0.007606,1
1812,1774265800.880486,1774266376.276870,1160,443,575.385603,264.897702,0.702461,True,0.010780,2
708,1774264304.645799,1774264471.626982,1069,426,166.970460,1.548801,0.389227,True,0.010723,1
1983,1774266029.366010,1774266344.011664,1097,393,314.639025,97.791274,0.553183,True,0.006629,1
368,1774263875.128950,1774264031.648532,1026,409,156.514823,1.346080,0.380316,True,0.004758,1
1048,1774264723.180722,1774265036.334187,209,179,313.144869,151.972615,0.905462,True,0.008596,2
538,1774264103.982368,1774264109.592410,91,16,5.600898,0.386193,0.347647,True,0.009144,1
1218,1774264929.531247,1774265135.114130,1035,398,205.573876,1.995060,0.512793,True,0.009007,1
1813,1774265802.114459,1774265820.147980,1786,50,18.025691,2.865816,0.309385,True,0.007830,1
709,1774264304.842979,1774264394.844295,212,217,89.992698,0.488453,0.414372,True,0.008618,1
1984,1774266030.853568,1774266367.351673,1086,419,336.488984,100.812941,0.563818,True,0.009121,1
369,1774263876.343334,1774264027.970620,1199,394,151.622540,1.449402,0.382120,True,0.004747,1
1049,1774264724.700410,1774265164.048795,1136,401,439.337869,145.421141,0.734792,True,0.010516,2
539,1774264104.447052,1774264143.663356,181,85,39.210686,0.356521,0.462550,True,0.005617,1
1219,1774264931.904426,1774264982.302134,398,94,50.395878,0.556910,0.535903,True,0.001830,1
1814,1774265803.923857,1774266407.565384,1090,558,603.640932,286.538774,0.569304,True,0.000595,3
710,1774264305.019657,1774264443.474907,991,373,138.448582,2.184587,0.366301,True,0.006668,1
1985,1774266035.205018,1774266158.031506,238,14,122.822249,101.941025,1.606248,True,0.004240,1
370,1774263878.468879,1774263884.873288,91,16,6.403844,0.484508,0.394622,True,0.000565,1
1050,1774264728.273376,1774265040.793904,206,183,312.512748,137.381911,0.962257,True,0.007780,2
540,1774264104.864880,1774264374.133746,1004,412,269.260170,3.165150,0.647433,True,0.008696,1
1220,1774264933.121148,1774265188.300672,1179,511,255.176798,1.362218,0.497676,True,0.002726,1
1815,1774265805.153613,1774265875.332859,1317,180,70.168528,1.448467,0.383911,True,0.010718,1
711,1774264305.474360,1774264348.894638,181,112,43.416578,2.177474,0.371523,True,0.003700,1
1986,1774266035.227316,1774266340.645950,1088,382,305.415929,91.934063,0.560320,True,0.002706,1
371,1774263879.191166,1774264038.492264,1013,422,159.300559,1.269950,0.375370,True,0.000539,1
1051,1774264728.397765,1774265023.809238,203,162,295.403414,132.315307,1.012970,True,0.008060,2
541,1774264107.732697,1774264316.730244,1315,144,208.992839,69.221111,0.977425,True,0.004708,2
1221,1774264934.314267,1774265163.511003,1009,399,229.195863,14.368053,0.539768,True,0.000873,1
1816,1774265807.234453,1774266393.662963,1179,511,586.419716,263.441604,0.633290,True,0.008795,3
712,1774264308.034401,1774264365.118953,395,142,57.073767,0.559550,0.400810,True,0.010785,1
1987,1774266035.923571,1774266366.828126,1088,417,330.897758,95.744777,0.565272,True,0.006797,1
372,1774263879.357683,1774263982.583901,990,392,103.215514,1.953983,0.258981,True,0.010704,1
1052,1774264730.031287,1774265169.178526,1025,414,439.141572,105.278744,0.808385,True,0.005667,2
542,1774264109.275739,1774264325.941262,203,161,216.662781,88.129605,0.803332,True,0.002742,2
1222,1774264934.452367,1774265136.823717,1030,396,202.366492,1.210518,0.509256,True,0.004858,1
1817,1774265808.918750,1774265914.949334,1116,368,106.030022,2.583626,0.281870,True,0.000562,1
713,1774264312.650894,1774264494.546301,1007,451,181.894725,1.146930,0.401662,True,0.000681,1
1988,1774266036.370013,1774266166.276981,724,40,129.900239,100.772833,0.746857,True,0.006728,1
373,1774263881.456908,1774263950.509282,1314,200,69.049530,1.455495,0.339669,True,0.002845,1
1053,1774264731.607599,1774264976.465820,944,40,244.852150,113.902626,3.357680,True,0.006071,2
543,1774264111.293255,1774264421.183105,960,403,309.889030,56.893992,0.629341,True,0.000820,2
1223,1774264934.470217,1774264999.340736,403,94,64.862895,15.731904,0.528290,True,0.007624,1
1818,1774265809.389073,1774265830.902907,388,55,21.510124,0.690933,0.385541,True,0.003710,1
714,1774264312.799705,1774264354.830771,395,91,42.024350,1.499156,0.450280,True,0.006715,1
1989,1774266039.323334,1774266359.319274,1151,404,319.985129,102.038853,0.540810,True,0.010811,1
374,1774263881.815312,1774264009.471591,1069,499,127.649589,3.766394,0.248761,True,0.006689,1
1054,1774264732.254277,1774265239.739964,1227,625,507.476955,122.842043,0.616402,True,0.008732,2
544,1774264115.796584,1774264412.683578,1032,387,296.881316,65.418118,0.599646,True,0.005678,2
1224,1774264934.736428,1774265136.447469,1003,372,201.702025,13.542618,0.507168,True,0.009015,1
1819,1774265812.950419,1774265860.375484,887,112,47.424497,1.178543,0.416630,True,0.000568,1
715,1774264315.758380,1774264322.514764,324,18,6.750679,0.485017,0.368568,True,0.005705,1
1990,1774266039.897409,1774266340.122502,1101,385,300.219580,91.773074,0.542829,True,0.005514,1
375,1774263881.925871,1774264013.237046,1017,519,131.302449,3.653900,0.246426,True,0.008727,1
1055,1774264733.889739,1774265117.583581,1211,368,383.693244,141.271255,0.660550,True,0.000598,2
1225,1774264934.911728,1774265001.143092,181,136,66.222624,1.280893,0.481050,True,0.008740,1
545,1774264116.167089,1774264419.259973,1144,396,303.084406,52.012474,0.635625,True,0.008477,2
1820,1774265813.106231,1774265932.496969,1020,385,119.379802,1.928618,0.305862,True,0.010936,1
716,1774264315.956589,1774264386.567423,200,167,70.608122,0.659232,0.421379,True,0.002712,1
1991,1774266041.217092,1774266407.565373,1090,558,366.343467,95.927967,0.485486,True,0.004814,1
376,1774263885.520575,1774263949.858690,200,183,64.329178,0.460404,0.350927,True,0.008937,1
1056,1774264734.200148,1774265147.905805,1186,377,413.698783,101.108991,0.831356,True,0.006874,2
1226,1774264935.836359,1774265135.010803,1037,390,199.166743,1.253465,0.508774,True,0.007701,1
546,1774264116.232525,1774264263.132202,414,130,146.894837,0.838592,1.132219,True,0.004839,1
1821,1774265815.776872,1774265854.890980,1313,135,39.113473,2.552507,0.272843,True,0.000635,1
717,1774264316.089959,1774264360.907959,397,103,44.814302,0.673611,0.432752,True,0.003698,1
1992,1774266044.112423,1774266365.944973,960,413,321.824750,97.252716,0.545078,True,0.007800,1
377,1774263886.665847,1774263934.905967,124,204,48.236422,0.457374,0.235365,True,0.003698,1
1057,1774264734.564169,1774265012.255853,408,129,277.681065,131.088486,1.145255,True,0.010619,2
1227,1774264937.041445,1774265135.114358,1070,387,198.069048,2.348885,0.507047,True,0.003865,1
547,1774264116.234707,1774264288.491520,399,86,172.243261,64.971940,1.262016,True,0.013552,2
1822,1774265816.168328,1774265935.649986,1055,395,119.480998,4.168361,0.292672,True,0.000660,1
718,1774264316.472226,1774264357.654026,452,101,41.181262,1.009517,0.401717,True,0.000538,1
1993,1774266046.536466,1774266365.223896,1094,411,318.682659,98.398806,0.537278,True,0.004771,1
378,1774263887.554905,1774264036.450260,895,393,148.894761,1.225491,0.376707,True,0.000594,1
1058,1774264736.566096,1774265136.447306,1139,373,399.869475,129.085776,0.727913,True,0.011736,2
1228,1774264937.051244,1774265140.137017,1054,397,203.081049,2.338158,0.506926,True,0.004725,1
548,1774264118.211227,1774264241.157997,1113,98,122.941015,2.061331,1.246182,True,0.005754,1
1823,1774265816.440685,1774265934.734438,1130,391,118.288077,4.690983,0.291275,True,0.005676,1
719,1774264317.198126,1774264355.630851,391,93,38.432097,1.195566,0.404745,True,0.000628,1
1994,1774266049.499642,1774266361.157269,1111,396,311.646183,87.639302,0.567106,True,0.011444,1
379,1774263891.215767,1774263929.710580,399,112,38.492078,0.516308,0.342124,True,0.002735,1
1059,1774264737.684114,1774265013.710155,419,130,276.025461,102.588356,1.344474,True,0.000580,2
549,1774264118.548388,1774264257.160768,181,107,138.606437,2.197278,1.286879,True,0.005943,1
1229,1774264938.331814,1774265140.962440,1171,402,202.624895,3.488289,0.496600,True,0.005731,1
1824,1774265819.643978,1774266362.233249,1062,398,542.578235,225.964493,0.797516,True,0.011036,2
720,1774264317.707836,1774264493.025198,1061,429,175.306667,1.236274,0.406707,True,0.010694,1
1995,1774266049.772184,1774266217.872424,1316,140,168.097588,91.598252,0.550355,True,0.002652,1
380,1774263891.805715,1774263910.240230,410,95,18.425832,0.950372,0.185909,True,0.008683,1
1060,1774264737.937181,1774265185.234489,1199,441,447.293631,97.374984,0.795270,True,0.003677,3
550,1774264119.805066,1774264298.445117,161,193,178.637944,1.067659,0.924845,True,0.002108,1
1230,1774264939.128273,1774264985.285877,1474,94,46.156961,1.869928,0.476205,True,0.000643,1
1825,1774265821.861939,1774266367.447681,1070,411,545.582700,239.119901,0.747470,True,0.003042,2
721,1774264318.442615,1774264454.537571,1007,379,136.092206,2.158144,0.354323,True,0.002750,1
1996,1774266054.713704,1774266330.639454,1094,377,275.920953,90.221534,0.493881,True,0.004798,1
381,1774263895.221140,1774264044.077731,1107,388,148.847953,1.471150,0.380819,True,0.008638,1
1061,1774264738.883288,1774265026.853235,30,164,287.962245,111.701308,1.081355,True,0.007702,2
551,1774264120.991034,1774264385.961501,1001,398,264.960561,1.981460,0.662416,True,0.009907,1
1231,1774264942.423542,1774265139.989978,1111,396,197.560506,1.462140,0.496452,True,0.005931,1
1826,1774265822.574972,1774265831.036094,238,14,8.458382,1.269191,0.553015,True,0.002740,1
722,1774264319.614686,1774264362.395124,398,99,42.769624,0.570586,0.430602,True,0.010814,1
1997,1774266056.635710,1774266200.773115,403,86,144.136785,80.513323,0.748511,True,0.000619,1
382,1774263897.782161,1774263954.815192,212,217,57.032475,0.483624,0.261800,True,0.000556,1
1062,1774264739.443885,1774265125.049441,1008,373,385.602744,121.274730,0.710559,True,0.002812,3
552,1774264121.993661,1774264277.567257,371,54,155.569927,41.418447,2.153802,True,0.003669,2
1232,1774264942.447634,1774265130.622595,983,373,188.172189,1.097411,0.502889,True,0.002771,1
1827,1774265823.038777,1774266383.774556,1060,468,560.724812,222.569772,0.724101,True,0.010967,2
723,1774264319.725545,1774264458.144736,913,398,138.416470,2.699883,0.341855,True,0.002721,1
1998,1774266059.994086,1774266222.503846,1316,149,162.501023,81.370072,0.548182,True,0.008738,1
383,1774263899.639188,1774264046.495266,1007,385,146.855456,1.253603,0.379171,True,0.000621,1
1063,1774264740.124752,1774265157.776961,1150,387,417.641586,95.180478,0.835391,True,0.010623,2
553,1774264122.787010,1774264412.091511,1176,385,289.298770,45.394949,0.635166,True,0.005731,2
1233,1774264943.800636,1774265138.868978,1150,389,195.064538,1.347281,0.499271,True,0.003804,1
1828,1774265825.366340,1774266332.994974,1026,379,507.617887,230.344808,0.733527,True,0.010746,2
724,1774264320.456790,1774264487.337152,999,412,166.873594,1.124030,0.403284,True,0.006768,1
1999,1774266068.756666,1774266258.494399,1114,442,189.730976,3.610856,0.422041,True,0.006757,1
384,1774263904.134853,1774264486.478071,1052,652,582.332433,259.270200,0.496255,True,0.010786,2
1064,1774264741.044847,1774265163.418445,1009,399,422.362974,94.260163,0.824379,True,0.010624,2
554,1774264123.854777,1774264429.670387,1061,429,305.814829,39.560313,0.622090,True,0.000781,2
1234,1774264944.243449,1774265153.594604,986,426,209.350574,2.290865,0.487199,True,0.000582,1
1829,1774265825.788846,1774266340.122316,1073,385,514.332010,244.895429,0.701658,True,0.001461,2
725,1774264320.765566,1774264350.304991,385,84,29.533696,1.873854,0.333251,True,0.005728,1
2000,1774266071.094632,1774266147.834427,1323,213,76.729025,2.733773,0.349034,True,0.010770,1
385,1774263904.164987,1774264052.307525,1143,388,148.140764,1.710250,0.378373,True,0.001774,1
1065,1774264743.274042,1774265211.801942,1231,526,468.517349,107.308035,0.688018,True,0.010551,2
555,1774264125.215882,1774264293.971437,886,95,168.754765,51.741966,1.244817,True,0.000791,2
1235,1774264944.807524,1774265157.741631,1015,446,212.929450,1.496161,0.475131,True,0.004657,1
1830,1774265825.796934,1774265903.413393,1325,198,77.612813,2.377193,0.381907,True,0.003646,1
726,1774264322.847852,1774264488.919219,1161,408,166.068682,1.324595,0.404777,True,0.002685,1
2001,1774266071.868297,1774266236.900740,397,181,165.024740,73.063892,0.510894,True,0.007703,1
386,1774263905.634403,1774263912.266249,307,18,6.626123,0.777792,0.344019,True,0.005722,1
1066,1774264744.505367,1774265167.522514,1027,414,349.232694,72.212814,0.670750,True,73.784453,1
556,1774264126.502151,1774264428.710235,1137,428,302.203398,32.133635,0.632482,True,0.004686,2
1236,1774264945.955092,1774265149.268112,1010,415,203.306893,1.698128,0.486978,True,0.006128,1
1831,1774265826.284093,1774265850.132419,387,58,23.842675,0.679041,0.406380,True,0.005651,1
727,1774264325.410532,1774264375.595099,396,113,50.180873,0.611928,0.442580,True,0.003694,1
2002,1774266072.690035,1774266369.532519,1069,419,296.831493,74.301665,0.532368,True,0.010991,1
387,1774263907.175598,1774263940.557541,392,91,33.371261,0.739519,0.362575,True,0.010681,1
1067,1774264745.068684,1774265039.672240,203,181,221.372535,47.363505,0.966717,True,73.231021,1
557,1774264126.829578,1774264391.913580,1245,389,265.076279,2.339933,0.677156,True,0.007723,1
1237,1774264947.774498,1774265015.307422,1317,135,67.532336,4.033105,0.473875,True,0.000588,1
1832,1774265826.536471,1774265850.394693,438,93,23.847709,0.980054,0.248561,True,0.010513,1
728,1774264327.934961,1774264407.215429,200,188,79.272781,0.420869,0.421668,True,0.007687,1
2003,1774266078.024096,1774266161.116745,1316,207,83.085885,1.491268,0.396090,True,0.006764,1
388,1774263908.397682,1774263973.125510,129,185,64.722160,0.454883,0.349279,True,0.005669,1
1068,1774264745.687559,1774265004.650149,388,103,186.339926,51.822027,1.318803,True,72.622664,1
558,1774264127.010320,1774264296.204748,401,103,169.183266,31.618957,1.348670,True,0.011162,2
1238,1774264947.987436,1774265175.386456,1142,458,227.394265,1.214603,0.494923,True,0.004755,1
1833,1774265827.284265,1774265849.457239,406,86,22.172395,1.106018,0.247840,True,0.000579,1
729,1774264328.302434,1774264493.608663,1116,401,165.305652,1.413785,0.409730,True,0.000577,1
2004,1774266078.303602,1774266105.510754,374,76,27.203462,1.382698,0.344277,True,0.003690,1
389,1774263908.587673,1774263964.960109,129,159,56.369754,0.378150,0.354377,True,0.002682,1
1069,1774264747.930537,1774265157.365552,1231,394,339.044326,72.181264,0.679041,True,70.390690,1
559,1774264127.857548,1774264257.791437,405,83,129.929207,2.235509,1.557240,True,0.004682,1
1239,1774264947.987562,1774265139.068758,1082,385,191.066226,2.187280,0.491872,True,0.014970,1
1834,1774265828.672615,1774265864.904213,388,93,36.223874,0.617131,0.387030,True,0.007725,1
730,1774264328.478810,1774264547.052082,1046,531,218.572601,1.881552,0.408851,True,0.000670,1
2005,1774266082.348206,1774266254.811962,994,396,172.452965,1.070997,0.433878,True,0.010791,1
390,1774263910.220967,1774264073.271667,936,431,163.047885,1.153294,0.376499,True,0.002815,1
1070,1774264747.955970,1774265184.510475,1029,438,366.179024,47.331875,0.729627,True,70.375481,1
560,1774264129.128853,1774264327.910992,1319,169,198.771357,43.460755,0.924468,True,0.010782,2
1240,1774264953.330010,1774265171.121698,1170,422,217.791152,2.317142,0.511815,True,0.000536,1
1835,1774265833.884941,1774265879.076069,398,107,45.186648,0.628739,0.420358,True,0.004480,1
731,1774264329.311436,1774264492.711498,1015,397,163.394298,2.189410,0.407083,True,0.005764,1
2006,1774266082.566859,1774266118.549887,1961,96,35.972318,2.886199,0.348275,True,0.010710,1
391,1774263911.246987,1774263980.953338,128,205,69.702696,0.489150,0.339282,True,0.003656,1
1071,1774264748.338989,1774265157.261318,1009,385,338.919568,66.447208,0.709563,True,70.002762,1
561,1774264131.450488,1774264428.407713,1052,429,296.955923,49.769335,0.577539,True,0.001302,2
1241,1774264953.394781,1774264994.407412,1785,91,41.001893,1.956828,0.433834,True,0.010737,1
1836,1774265837.308499,1774265891.595461,22,131,54.286325,0.419883,0.414357,True,0.000637,1
732,1774264329.416388,1774264371.218074,396,95,41.799002,1.200353,0.431901,True,0.002683,1
2007,1774266084.908594,1774266253.087894,961,388,168.178588,1.862955,0.429756,True,0.000712,1
392,1774263912.725935,1774264062.315170,1025,388,149.580537,1.339956,0.383051,True,0.008698,1
1072,1774264753.391472,1774265156.419807,1205,391,338.066889,72.149347,0.681840,True,64.961447,1
562,1774264132.610760,1774264259.263193,91,24,126.643642,54.949868,3.117121,True,0.008791,2
1242,1774264953.684997,1774264984.366344,1896,68,30.671500,3.774843,0.401443,True,0.009846,1
1837,1774265839.243903,1774265884.872595,417,110,45.626042,0.541245,0.413622,True,0.002650,1
733,1774264329.908678,1774264411.873397,1320,201,81.962080,2.750602,0.396057,True,0.002639,1
2008,1774266084.966846,1774266118.431472,397,94,33.460951,1.870696,0.339680,True,0.003676,1
393,1774263915.877122,1774263996.202959,203,217,80.322945,0.447823,0.369792,True,0.002892,1
1073,1774264755.810739,1774265002.609383,393,99,184.245847,47.299729,1.397409,True,62.552797,1
563,1774264133.023390,1774264398.561407,1062,393,265.530945,1.738310,0.672940,True,0.007072,1
1243,1774264957.481573,1774265028.834933,1312,157,71.349452,1.475750,0.447908,True,0.003908,1
1838,1774265839.947766,1774266350.058686,1052,400,510.102005,215.765260,0.737686,True,0.008914,3
734,1774264329.928069,1774264492.485234,1040,396,162.552471,1.838973,0.406870,True,0.004694,1
2009,1774266085.067096,1774266249.722190,1053,380,164.649422,1.528230,0.430399,True,0.005672,1
0,1774263243.539277,1774263255.214506,374,44,11.674455,3.176529,0.197626,True,0.000774,1
394,1774263918.347793,1774263953.907575,431,97,35.559110,0.604490,0.364111,True,0.000671,1
1074,1774264755.951349,1774264980.593862,369,52,162.219269,66.414398,1.878527,True,62.423244,1
564,1774264133.035521,1774264276.091774,2042,52,143.050349,64.366814,1.542814,True,0.005904,2
1244,1774264959.289058,1774265169.776184,1039,397,210.478487,2.035952,0.526370,True,0.008639,1
1839,1774265840.286644,1774266341.060595,1069,388,500.762938,245.339175,0.660010,True,0.011013,2
735,1774264330.075248,1774264395.106781,416,153,65.031003,1.774110,0.416164,True,0.000530,1
2010,1774266086.070688,1774266124.137911,1314,111,38.056553,2.146797,0.326452,True,0.010671,1
395,1774263919.227484,1774264023.851967,1000,396,104.618703,1.944230,0.259935,True,0.005780,1
1075,1774264757.182431,1774265157.051254,1010,393,338.665987,72.117126,0.679972,True,61.202836,1
565,1774264137.057769,1774264256.948367,328,18,119.879945,31.119242,5.221218,True,0.010654,2
1245,1774264959.333536,1774265172.120035,1172,402,212.779572,2.909479,0.523367,True,0.006928,1
1840,1774265841.042757,1774266369.610516,1019,427,528.557078,224.735551,0.713196,True,0.010682,2
736,1774264330.888965,1774264360.145944,384,61,29.250263,2.276326,0.449566,True,0.006716,1
2011,1774266087.484814,1774266269.987575,1131,432,182.496027,1.939722,0.418924,True,0.006734,1
1,1774263269.361559,1774263287.964612,396,109,18.595206,3.217785,0.142384,True,0.007847,1
396,1774263919.870085,1774264046.822266,1045,496,126.941522,3.214820,0.249953,True,0.010660,1
1076,1774264758.790124,1774265162.284795,1049,395,343.888176,61.907144,0.715688,True,59.606496,1
566,1774264137.350599,1774264308.176333,8,122,170.820056,50.213182,0.996751,True,0.005679,2
1246,1774264963.653725,1774265183.038538,995,452,219.381114,1.909754,0.482198,True,0.003698,1
1841,1774265841.246183,1774266343.508554,1222,396,502.261460,199.698626,0.765982,True,0.000911,3
737,1774264333.333471,1774264500.507155,1288,418,167.168088,1.226660,0.397941,True,0.005596,1
2012,1774266089.994331,1774266258.404941,1198,394,168.399792,1.337877,0.425094,True,0.010818,1
397,1774263921.413255,1774263979.457477,165,192,58.033437,2.114810,0.292768,True,0.010785,1
1077,1774264759.128252,1774264991.377977,387,73,172.970839,66.382049,1.480400,True,59.278886,1
567,1774264138.353267,1774264324.400894,1313,156,186.047014,29.833955,1.007826,True,0.000612,2
1247,1774264963.661571,1774265157.278516,1020,400,193.610347,1.109543,0.482458,True,0.006598,1
1842,1774265841.309457,1774265856.651027,902,29,15.332888,1.412824,0.497145,True,0.008682,1
738,1774264333.828449,1774264399.351438,203,162,65.519217,1.195307,0.399527,True,0.003771,1
2013,1774266092.970216,1774266332.888921,1074,377,239.909539,48.393631,0.509351,True,0.009166,1
398,1774263922.766689,1774264034.102876,1163,429,111.335567,2.614286,0.254022,True,0.000620,1
1078,1774264760.410524,1774265158.289307,1010,397,339.870852,72.084518,0.676228,True,58.007931,1
568,1774264139.051973,1774264425.258302,1129,414,286.205359,19.587964,0.645563,True,0.000970,2
1248,1774264963.815215,1774265159.206914,1140,404,195.385028,2.766479,0.477962,True,0.006670,1
1843,1774265843.606556,1774266372.655719,1051,440,529.045691,197.335349,0.755604,True,0.003471,2
739,1774264333.939781,1774264369.651068,400,82,35.706622,1.294232,0.424844,True,0.004664,1
2014,1774266093.626474,1774266209.804634,44,121,116.177614,51.312911,0.540539,True,0.000546,1
399,1774263924.176777,1774264469.077440,1143,580,544.892859,263.385017,0.486197,True,0.007804,2
1079,1774264761.554503,1774265185.475574,912,442,367.046871,61.874907,0.692000,True,56.874199,1
569,1774264139.111481,1774264289.751325,405,110,150.637200,0.922212,1.373532,True,0.002644,1
1249,1774264964.090468,1774265187.478039,1088,421,223.379988,2.305002,0.526369,True,0.007583,1
1844,1774265843.756394,1774265916.593307,2006,175,72.829344,2.725044,0.402898,True,0.007569,1
740,1774264334.884989,1774264422.242760,209,217,87.357243,0.677258,0.401296,True,0.000528,1
2015,1774266094.001580,1774266154.631166,738,10,60.623827,52.995179,0.847628,True,0.005758,1
400,1774263926.382181,1774264075.596278,1012,389,149.208320,1.738683,0.380076,True,0.005778,1
1080,1774264763.265322,1774265161.794904,981,393,343.355141,66.349584,0.706647,True,55.174440,1
570,1774264139.982459,1774264297.726976,393,105,157.738506,23.427504,1.291452,True,0.006011,2
1250,1774264964.469420,1774265156.209354,998,399,191.733967,1.737935,0.477377,True,0.005967,1
1845,1774265843.936085,1774266342.499911,1135,388,498.559921,235.841145,0.678860,True,0.003905,2
741,1774264335.037376,1774264389.692655,402,134,54.651648,0.725893,0.405457,True,0.003630,1
2016,1774266094.277679,1774266154.736017,738,10,60.449643,47.086626,1.484780,True,0.008694,1
401,1774263926.528959,1774264095.704340,1121,433,169.171714,1.020118,0.389240,True,0.003667,1
1081,1774264763.971397,1774265158.288967,1083,397,339.837749,72.051805,0.676227,True,54.479821,1
571,1774264141.849684,1774264333.389390,167,187,191.536077,16.786973,0.939511,True,0.003629,2
1251,1774264964.666466,1774265017.391915,420,112,52.722735,1.996527,0.456993,True,0.002714,1
1846,1774265846.530360,1774265916.369228,1349,172,69.838231,2.074135,0.396281,True,0.000637,1
742,1774264335.233646,1774264395.749627,906,146,60.515379,1.838059,0.404671,True,0.000602,1
2017,1774266098.810035,1774266106.540035,738,20,7.726272,0.859840,0.361391,True,0.003728,1
402,1774263927.117658,1774264071.918312,971,373,144.798918,2.112686,0.383565,True,0.001737,1
1082,1774264764.072522,1774264978.852467,1076,51,160.391053,61.842001,1.970981,True,54.388892,1
572,1774264141.955632,1774264434.188812,1040,456,292.230813,55.450244,0.520397,True,0.002367,2
1252,1774264965.466621,1774265192.232622,1171,402,226.759337,3.186858,0.557537,True,0.006664,1
1847,1774265850.233935,1774266399.910111,1147,525,549.670439,185.767783,0.694471,True,0.005737,3
743,1774264335.743319,1774264415.804227,1312,204,80.058162,1.462545,0.387171,True,0.002745,1
2018,1774266100.072011,1774266279.387593,1026,418,179.308764,1.173857,0.427182,True,0.006818,1
403,1774263927.999954,1774264023.292630,1088,377,95.287878,2.064086,0.247936,True,0.004798,1
1083,1774264764.336477,1774265201.261431,1195,507,382.789419,66.317352,0.625439,True,54.135535,1
573,1774264143.339786,1774264421.360361,1113,399,278.019990,33.618254,0.614075,True,0.000585,2
1253,1774264968.312634,1774265172.884536,1189,415,204.571155,1.275721,0.491052,True,0.000746,1
1848,1774265851.501971,1774266342.193284,1095,387,490.688472,184.502914,0.793227,True,0.002841,2
744,1774264338.622566,1774264488.062562,1042,373,149.439074,1.201010,0.398489,True,0.000921,1
2019,1774266100.752101,1774266349.771625,1040,399,249.008794,44.177181,0.514652,True,0.010730,1
404,1774263930.611605,1774264121.920610,1028,498,191.305251,1.168441,0.382569,True,0.003754,1
1084,1774264765.788160,1774265167.784949,1007,415,349.302363,72.020173,0.669764,True,52.694425,1
574,1774264143.546489,1774264424.482444,1042,411,280.925261,1.989484,0.680331,True,0.010694,1
1254,1774264969.053241,1774265157.186072,1119,395,188.125101,1.949397,0.472527,True,0.007731,1
1849,1774265853.583467,1774266340.959090,1158,383,487.375046,226.196770,0.683713,True,0.000577,2
745,1774264338.986227,1774264420.914805,128,205,81.928008,0.383046,0.399730,True,0.000570,1
2020,1774266104.050140,1774266285.122271,1133,414,181.069347,1.338062,0.435185,True,0.002784,1
405,1774263931.390043,1774263985.594700,127,202,54.198016,0.404477,0.267630,True,0.006642,1
1085,1774264766.172424,1774265055.451631,167,217,236.958753,61.810659,0.810871,True,52.320454,1
575,1774264143.670664,1774264424.656290,1180,414,280.974782,3.504486,0.671841,True,0.010844,1
1255,1774264969.084694,1774264993.556045,1076,51,24.463735,2.306322,0.443148,True,0.007615,1
1850,1774265856.800736,1774266368.217343,1090,414,511.415660,204.183304,0.743904,True,0.000947,2
746,1774264341.029273,1774264498.274595,1067,398,157.243442,1.261328,0.392902,True,0.001880,1
2021,1774266105.242192,1774266119.883901,808,43,14.638987,1.104874,0.322241,True,0.002722,1
406,1774263932.012441,1774264023.910259,1139,371,91.891140,2.255432,0.242259,True,0.006678,1
1086,1774264767.705081,1774264983.205082,379,60,164.701128,66.285259,1.668066,True,50.798873,1
576,1774264143.859957,1774264428.243479,1069,426,284.375674,14.772875,0.634360,True,0.007848,1
1256,1774264969.651534,1774265185.797112,1191,409,216.140827,4.000573,0.519952,True,0.004751,1
1851,1774265858.738979,1774265895.713903,396,99,36.964160,0.543492,0.371639,True,0.010764,1
747,1774264341.465509,1774264499.971627,1170,398,158.498350,2.059803,0.394052,True,0.007768,1
2022,1774266105.356012,1774266135.439775,373,78,30.083190,1.063919,0.376874,True,0.000574,1
407,1774263932.059981,1774264092.494780,1100,414,160.433177,1.291229,0.385332,True,0.001622,1
1087,1774264768.315862,1774265167.522357,1230,414,349.007316,86.948271,0.634526,True,50.199178,1
577,1774264144.601472,1774264344.040791,209,217,199.069121,42.598131,0.724403,True,0.370197,1
1257,1774264971.612016,1774265162.955520,1009,396,191.336871,1.100047,0.481612,True,0.006634,1
1852,1774265861.093987,1774266361.954352,1091,397,500.853378,214.088391,0.724154,True,0.006987,2
748,1774264343.649841,1774264499.836806,1129,396,156.177889,1.627544,0.391267,True,0.009076,1
2023,1774266106.286093,1774266196.272118,1138,80,89.985445,40.715801,0.623666,True,0.000580,1
408,1774263932.220682,1774264087.747607,1019,403,155.520245,2.308325,0.381124,True,0.006680,1
1088,1774264769.250241,1774264979.180553,1596,52,160.655455,61.778348,1.938767,True,49.274857,1
578,1774264148.831529,1774264429.016785,1065,426,280.179353,57.955764,0.522879,True,0.005903,1
1258,1774264972.147032,1774265177.068112,1054,411,204.916252,1.768355,0.495483,True,0.004827,1
1853,1774265862.836197,1774266370.356846,1083,430,507.517606,187.277750,0.746480,True,0.003043,3
749,1774264346.681235,1774264405.184464,401,144,58.496803,0.884125,0.402886,True,0.006426,1
2024,1774266106.663778,1774266272.059675,1133,379,165.393146,1.276303,0.434172,True,0.002751,1
409,1774263935.460304,1774264043.285454,1022,443,107.822409,1.892787,0.239660,True,0.002741,1
1089,1774264770.327935,1774265201.261589,1195,507,382.725607,66.253414,0.625439,True,48.208046,1
579,1774264148.854995,1774264329.639317,128,173,180.780710,62.933100,0.685161,True,0.003611,1
1259,1774264977.284302,1774265078.716915,1323,205,101.425775,1.605332,0.489316,True,0.006838,1
1854,1774265869.788277,1774266349.683223,1136,396,479.890798,152.791388,0.828100,True,0.004148,2
750,1774264347.463795,1774264507.970010,1032,401,160.500422,1.234229,0.398165,True,0.005793,1
2025,1774266107.932960,1774266157.183177,120,12,49.245473,33.435304,1.437288,True,0.004744,1
410,1774263935.715217,1774264025.951692,1176,373,90.232680,3.743701,0.232497,True,0.003795,1
1090,1774264770.652165,1774264978.080020,1201,45,159.533849,86.916854,1.650386,True,47.894006,1
580,1774264148.919726,1774264425.511231,1037,415,276.590752,38.649249,0.574738,True,0.000753,1
1260,1774264977.712160,1774265176.741171,1046,399,199.026240,2.339739,0.494187,True,0.002770,1
1855,1774265870.666327,1774266323.696821,1001,375,453.022246,200.010692,0.676501,True,0.008248,3
751,1774264348.070645,1774264397.374636,407,122,49.300273,1.257184,0.397050,True,0.003717,1
2026,1774266109.130705,1774266367.351861,1073,419,258.209965,35.798592,0.532085,True,0.011191,1
411,1774263935.865553,1774264089.641495,1007,403,153.769062,1.161453,0.379621,True,0.006881,1
1091,1774264775.643061,1774264998.143361,931,92,179.586913,61.747157,1.294942,True,42.913387,1
581,1774264150.408498,1774264422.419433,966,403,272.005378,56.378854,0.536384,True,0.005557,1
1261,1774264984.781080,1774265014.351541,1896,68,29.569864,3.470146,0.389548,True,0.000597,1
1856,1774265871.620761,1774265936.497815,50,154,64.876467,0.378986,0.421552,True,0.000587,1
752,1774264348.364462,1774264518.930573,1102,425,170.560341,1.690171,0.398279,True,0.005770,1
2027,1774266112.437011,1774266300.784147,1128,428,188.346509,1.209255,0.438261,True,0.000627,1
412,1774263939.029810,1774263948.013802,382,38,8.973266,1.264437,0.208347,True,0.010726,1
1092,1774264775.968728,1774265170.031478,1264,416,351.464676,66.222356,0.687331,True,42.598073,1
582,1774264150.498990,1774264294.699493,380,99,144.193937,61.286087,0.845998,True,0.006567,1
1262,1774264985.496342,1774265022.652878,402,87,37.151858,3.787887,0.387953,True,0.004678,1
1857,1774265871.896169,1774266389.252194,1056,499,517.353323,193.890084,0.649525,True,0.002703,2
753,1774264349.442660,1774264511.706386,1088,407,162.258907,1.867549,0.395053,True,0.004820,1
2028,1774266113.597929,1774266194.342117,1020,74,80.733360,33.393675,0.648489,True,0.010828,1
413,1774263942.518590,1774263972.311062,396,107,29.789679,0.926036,0.272299,True,0.002793,1
1093,1774264775.973970,1774265017.940722,1351,145,199.362991,86.885142,0.781096,True,42.603760,1
583,1774264151.431451,1774264419.917373,1087,396,268.479941,36.132138,0.588222,True,0.005981,1
1263,1774264986.597067,1774265180.757262,998,387,194.152891,1.216898,0.499834,True,0.007304,1
1858,1774265872.942752,1774266401.037961,1084,534,528.092401,197.739447,0.619799,True,0.002808,2
754,1774264350.722580,1774264391.199928,385,107,40.471616,1.108977,0.371346,True,0.005732,1
2029,1774266114.682945,1774266293.192604,1124,411,178.502713,1.355206,0.432067,True,0.006945,1
414,1774263942.678278,1774263997.376801,401,147,54.689893,0.596001,0.370506,True,0.008629,1
1094,1774264776.765777,1774264994.207600,386,86,175.619544,61.715621,1.340046,True,41.822279,1
584,1774264151.761797,1774264332.277657,218,179,180.505129,55.020603,0.704969,True,0.010730,1
1264,1774264987.144773,1774265182.480739,1170,394,195.332265,1.950698,0.492065,True,0.003700,1
1859,1774265875.420516,1774266366.567040,1062,416,491.139487,195.257466,0.712969,True,0.007037,2
755,1774264350.988571,1774264482.259366,967,398,131.265114,1.779660,0.326160,True,0.005681,1
2030,1774266114.809875,1774266288.112209,1048,396,173.297501,1.735948,0.434333,True,0.004833,1
415,1774263943.203908,1774263991.863379,882,135,48.655877,1.184477,0.354264,True,0.003594,1
1095,1774264779.336736,1774265161.012228,1227,392,342.413923,80.916004,0.668793,True,39.261569,1
585,1774264151.995224,1774264285.000027,387,75,133.004296,59.796159,0.989299,True,0.000507,1
1265,1774264987.543626,1774265021.621929,375,67,34.077668,1.690108,0.490721,True,0.000634,1
1860,1774265875.581808,1774265893.079564,773,41,17.497133,1.830968,0.391654,True,0.000623,1
756,1774264351.505338,1774264384.292673,395,83,32.786760,0.953702,0.388208,True,0.000575,1
2031,1774266114.813067,1774266288.157032,1013,394,173.331712,1.947863,0.436091,True,0.012253,1
416,1774263948.030320,1774264114.016747,1161,429,165.978738,1.337580,0.384676,True,0.007689,1
1096,1774264779.443084,1774265158.886186,1009,399,340.277418,86.854507,0.636741,True,39.165685,1
586,1774264152.574853,1774264445.565664,1000,498,292.982171,49.320813,0.490264,True,0.008640,1
1266,1774264987.898178,1774265185.931929,981,401,198.030979,2.134214,0.489742,True,0.002773,1
1861,1774265876.495153,1774266325.970885,1070,373,449.464772,159.501749,0.779470,True,0.010960,2
757,1774264352.384323,1774264504.803856,1160,392,152.415765,1.314448,0.386448,True,0.003768,1
2032,1774266120.521417,1774266148.839087,376,69,28.313011,0.529695,0.408578,True,0.004659,1
417,1774263948.671451,1774264005.582409,21,139,56.910388,1.011813,0.405062,True,0.000570,1
1097,1774264781.057583,1774265157.158048,1007,385,338.538022,61.683886,0.720974,True,37.562443,1
587,1774264158.004722,1774264304.571643,383,114,146.563069,48.784734,0.865295,True,0.003852,1
1267,1774264991.848637,1774265020.487942,373,56,28.630599,0.604778,0.509560,True,0.008706,1
1862,1774265877.745171,1774266362.317270,1085,407,484.563942,172.363491,0.768967,True,0.008158,3
758,1774264353.405447,1774264485.455730,1019,413,132.047551,2.110521,0.315381,True,0.002732,1
2033,1774266122.109250,1774266296.276388,1148,393,174.159719,1.389782,0.440740,True,0.007419,1
418,1774263949.484149,1774264040.942147,1053,383,91.452293,2.114885,0.233868,True,0.005705,1
1098,1774264782.466793,1774265143.104123,1231,373,324.473396,80.883793,0.654811,True,36.163935,1
588,1774264158.256415,1774264428.407724,1093,429,270.145191,53.529789,0.506111,True,0.006118,1
1268,1774264992.912528,1774265192.088931,1015,414,199.170640,1.131683,0.479513,True,0.005763,1
1863,1774265879.176107,1774265904.795806,388,75,25.619126,0.664116,0.337230,True,0.000574,1
759,1774264356.780316,1774264420.019674,181,172,63.236762,0.456583,0.367136,True,0.002596,1
2034,1774266124.095231,1774266299.448057,1018,391,175.342539,1.110335,0.446749,True,0.010287,1
419,1774263951.190788,1774263988.317638,402,102,37.116072,0.720690,0.360350,True,0.010778,1
1099,1774264782.901480,1774265039.253266,130,185,220.612020,86.821765,0.727121,True,35.739766,1
589,1774264160.647551,1774264413.659461,1262,390,253.006889,41.252139,0.544357,True,0.005020,1
1269,1774264994.214873,1774265192.312582,1082,385,198.094061,2.287182,0.509914,True,0.003647,1
1864,1774265881.525401,1774265906.963693,383,80,25.437629,0.965433,0.309775,True,0.000663,1
760,1774264357.569188,1774264366.515808,91,24,8.942944,0.508732,0.366705,True,0.003676,1
2035,1774266124.732181,1774266162.475636,1337,79,37.737792,2.096270,0.456943,True,0.005662,1
420,1774263951.283417,1774264119.585630,1037,434,168.301657,1.365253,0.385534,True,0.000555,1
1100,1774264783.749947,1774264990.939675,391,76,172.287526,61.651322,1.475149,True,34.902202,1
590,1774264161.555997,1774264434.121258,1473,450,272.557227,45.229311,0.506298,True,0.008034,1
1270,1774264994.839020,1774265191.075784,1140,401,196.236064,1.312507,0.487309,True,0.000700,1
1865,1774265882.173551,1774266436.869345,1027,660,554.691115,203.458335,0.532978,True,0.004679,3
761,1774264358.048091,1774264408.975917,409,125,50.927219,1.130469,0.401587,True,0.000607,1
2036,1774266125.675457,1774266148.720578,1099,57,23.044579,3.126374,0.355682,True,0.000542,1
421,1774263954.789687,1774264071.279618,945,504,116.481082,1.707871,0.228177,True,0.008850,1
1101,1774264783.753154,1774264997.277581,380,86,178.614580,80.851206,1.150157,True,34.909847,1
591,1774264165.822686,1774264461.252807,1127,563,295.425408,45.964523,0.443881,True,0.004713,1
1271,1774264996.590632,1774265254.829487,1015,572,258.238178,1.190808,0.450171,True,0.000677,1
1866,1774265882.689690,1774265911.569935,414,102,28.876519,2.650136,0.259667,True,0.003725,1
762,1774264358.169089,1774264382.389898,383,58,24.215129,0.694421,0.412644,True,0.005680,1
2037,1774266126.181747,1774266301.320941,1051,396,175.138463,1.785607,0.438868,True,0.000730,1
422,1774263957.155289,1774264114.498026,1050,403,157.340004,1.242374,0.388303,True,0.002732,1
1102,1774264784.840072,1774265005.079056,407,106,186.405855,86.789655,0.948726,True,33.833128,1
592,1774264170.827870,1774264436.329354,1076,464,265.498774,31.073703,0.506318,True,0.002709,1
1272,1774264996.719567,1774265199.749099,991,414,203.023644,1.537941,0.487859,True,0.005888,1
1867,1774265884.115040,1774266376.521606,1164,444,492.405916,181.673384,0.701428,True,0.000650,3
763,1774264358.585378,1774264475.668342,1363,363,117.080194,4.559514,0.310831,True,0.002770,1
2038,1774266126.216333,1774266301.904013,1138,398,175.679992,2.071295,0.437302,True,0.007688,1
423,1774263959.346559,1774264110.075913,1036,386,150.726504,1.237727,0.388283,True,0.002851,1
1103,1774264785.431356,1774265147.905994,1136,377,329.222249,76.400630,0.672398,True,33.252390,1
593,1774264171.449938,1774264419.735069,1067,393,248.276164,35.334449,0.543219,True,0.008967,1
1273,1774264999.886853,1774265202.469745,1227,420,202.577281,2.382135,0.477793,True,0.005611,1
1868,1774265885.493113,1774266370.356506,1069,430,484.852515,150.503825,0.779368,True,0.010879,2
764,1774264358.624278,1774264521.780002,1034,550,163.149966,2.508335,0.292608,True,0.005758,1
2039,1774266127.738763,1774266290.168547,1148,375,162.418852,2.089355,0.428688,True,0.010931,1
424,1774263959.931946,1774264057.557520,1062,413,97.620927,2.039393,0.231994,True,0.004647,1
1104,1774264785.767525,1774264984.840379,956,65,166.146131,80.819927,1.333222,True,32.926724,1
594,1774264171.493351,1774264284.368262,402,73,112.868282,40.291857,1.008006,True,0.006629,1
1274,1774265001.501189,1774265210.524777,1024,429,209.021816,1.269075,0.485404,True,0.001773,1
1869,1774265886.635366,1774266361.156785,1136,396,474.514256,188.547330,0.723967,True,0.007164,2
765,1774264358.670148,1774264422.109050,200,174,63.438416,0.673107,0.362805,True,0.000486,1
2040,1774266129.985198,1774266207.501417,424,114,77.509511,17.238486,0.533372,True,0.006708,1
425,1774263960.924122,1774264114.981097,1070,398,154.056381,1.226719,0.384961,True,0.000595,1
1105,1774264786.471169,1774265157.674043,1262,395,338.969219,86.758299,0.640129,True,32.233655,1
595,1774264172.149664,1774264330.961334,209,179,158.801026,29.744047,0.725039,True,0.010644,1
1275,1774265002.108147,1774265207.613671,1149,423,205.498680,1.892164,0.482480,True,0.006843,1
1870,1774265888.881650,1774265907.226531,1951,67,18.339201,3.551450,0.224057,True,0.005680,1
766,1774264362.457969,1774264510.659200,998,373,148.190446,1.080446,0.395457,True,0.010786,1
2041,1774266130.559064,1774266166.746689,388,80,36.179902,0.537223,0.451173,True,0.007724,1
426,1774263962.874698,1774264037.697327,206,181,74.818814,0.570290,0.412492,True,0.003815,1
1106,1774264786.582577,1774265117.371755,181,357,298.656082,76.368365,0.624404,True,32.133096,1
596,1774264173.489111,1774264421.891783,1047,401,248.393961,33.295414,0.537746,True,0.008712,1
1276,1774265004.988521,1774265212.877516,1063,428,207.882335,1.290586,0.483821,True,0.006660,1
1871,1774265890.066975,1774266399.555299,1044,527,509.477578,165.644158,0.653676,True,0.010746,2
767,1774264363.204268,1774264447.789854,203,217,84.576700,0.853756,0.387606,True,0.008886,1
2042,1774266130.774839,1774266343.806375,1091,397,213.024588,14.158472,0.502187,True,0.006947,1
2,1774263270.725820,1774263281.583711,879,55,10.857282,4.304039,0.121356,True,0.000610,1
427,1774263964.214523,1774264016.044082,419,130,51.821702,0.561279,0.397368,True,0.007858,1
1107,1774264786.802329,1774264958.451704,91,16,139.725345,80.787905,3.929163,True,31.924030,1
597,1774264175.503782,1774264337.485858,200,193,161.971272,36.277271,0.654656,True,0.010804,1
1277,1774265005.138859,1774265245.938909,1059,525,240.797322,1.656132,0.456376,True,0.002729,1
1872,1774265890.678715,1774266413.129280,1094,575,522.449972,184.510049,0.588746,True,0.000594,2
768,1774264364.821562,1774264468.085495,1317,268,103.260139,1.555908,0.380915,True,0.003794,1
2043,1774266131.125033,1774266174.445584,1484,88,43.317805,1.577466,0.479774,True,0.002746,1
3,1774263271.737086,1774263274.691365,91,16,2.953593,0.258594,0.179667,True,0.000687,1
428,1774263964.314812,1774263995.438391,181,132,31.120884,0.568014,0.233228,True,0.002696,1
1108,1774264787.059178,1774265158.289300,1086,397,339.551355,86.725834,0.638448,True,31.678767,1
598,1774264177.060709,1774264422.067641,942,404,245.003292,24.839821,0.546311,True,0.003640,1
1278,1774265005.735753,1774265219.387873,1085,442,213.651486,2.052514,0.479816,True,0.000634,1
1873,1774265890.892521,1774266377.010504,1086,446,486.117462,145.114619,0.766299,True,0.000520,2
769,1774264365.080131,1774264527.246402,1001,399,162.162570,2.003920,0.402409,True,0.003701,1
2044,1774266135.927395,1774266221.137789,1312,181,85.201549,1.598212,0.464463,True,0.008845,1
4,1774263278.829451,1774263281.956427,91,16,3.124335,0.254124,0.191347,True,0.002641,1
429,1774263964.792438,1774264061.451816,1127,415,96.652712,2.238918,0.228053,True,0.006666,1
1109,1774264789.237817,1774265177.518886,1112,432,358.771119,76.336221,0.655301,True,29.509950,1
599,1774264178.103249,1774264433.281930,1072,446,255.173949,28.685209,0.508963,True,0.004732,1
1279,1774265006.178995,1774265221.650775,1023,446,215.466056,2.088867,0.479499,True,0.005725,1
1874,1774265895.992623,1774266353.173292,991,394,457.179630,179.195952,0.707338,True,0.001040,2
770,1774264365.801987,1774264429.928164,167,168,64.118476,1.548505,0.374670,True,0.007701,1
2045,1774266136.385684,1774266315.093343,1031,403,178.702913,2.303183,0.438805,True,0.004747,1
5,1774263281.342630,1774263298.426301,381,84,17.075863,0.568184,0.198888,True,0.007808,1
430,1774263966.549031,1774264054.598133,1043,394,88.038419,2.464521,0.217745,True,0.010683,1
1110,1774264791.365302,1774265052.745038,200,211,233.986031,80.755508,0.729669,True,27.393705,1
600,1774264178.609180,1774264425.932714,1232,419,247.317678,33.176784,0.512299,True,0.005856,1
1280,1774265009.270814,1774265039.699813,1282,66,30.422336,1.524350,0.444584,True,0.006662,1
1875,1774265899.073868,1774265925.808433,383,59,26.733922,0.671919,0.449345,True,0.000642,1
771,1774264366.566586,1774264494.567948,1093,429,128.000778,2.189870,0.293951,True,0.000584,1
2046,1774266138.256602,1774266365.051215,1089,402,226.790790,10.754775,0.538743,True,0.003822,1
6,1774263289.946354,1774263319.704786,1313,142,29.753709,1.457754,0.200681,True,0.004723,1
431,1774263969.936019,1774264011.378900,413,95,41.431905,0.723178,0.433072,True,0.010977,1
1111,1774264792.589956,1774265158.288976,1120,397,339.519309,102.270465,0.599113,True,26.179711,1
601,1774264179.377591,1774264292.098607,373,91,112.713225,22.518839,1.002160,True,0.007790,1
1281,1774265011.435881,1774265048.023454,421,77,36.584774,0.635496,0.473017,True,0.002800,1
1876,1774265903.962324,1774266341.060742,976,388,437.090365,136.975205,0.775491,True,0.008053,3
772,1774264367.140765,1774264379.646581,373,27,12.497090,0.690099,0.454115,True,0.008727,1
2047,1774266144.192206,1774266343.107812,1135,390,198.908967,5.607321,0.496919,True,0.006639,1
7,1774263292.982662,1774263310.380124,388,84,17.396786,0.536411,0.203137,True,0.000676,1
432,1774263971.218111,1774264121.481999,934,378,150.256065,1.206767,0.395356,True,0.007823,1
1112,1774264793.737972,1774265157.157769,1082,385,338.377476,76.304292,0.682482,True,25.042321,1
602,1774264180.311445,1774264420.285336,999,395,239.966881,39.950470,0.507656,True,0.007010,1
1282,1774265012.242225,1774265242.342475,1144,498,230.099247,1.431612,0.460096,True,0.001003,1
1877,1774265905.605954,1774266350.058695,1158,400,444.449953,135.336624,0.774720,True,0.002788,2
773,1774264369.165160,1774264442.633628,209,194,73.461456,0.386493,0.378627,True,0.007012,1
2048,1774266144.468982,1774266191.261200,391,87,46.783371,0.590761,0.537123,True,0.008847,1
8,1774263293.496693,1774263296.227274,242,14,2.725836,0.390193,0.179665,True,0.004745,1
433,1774263974.487429,1774264126.866265,1039,379,152.369936,1.296794,0.399664,True,0.008899,1
1113,1774264795.525529,1774265162.670445,1156,396,343.879447,80.723262,0.666218,True,23.265468,1
603,1774264181.064690,1774264427.673279,1146,426,246.605009,30.723589,0.507956,True,0.003580,1
1283,1774265012.320395,1774265047.655690,373,72,35.329648,1.485968,0.476672,True,0.005647,1
1878,1774265906.335914,1774266527.436273,1089,1000,621.099757,184.126848,0.437410,True,0.000602,2
774,1774264370.470456,1774264428.791070,1314,161,58.309885,2.419417,0.349315,True,0.010730,1
2049,1774266145.141360,1774266325.493671,974,406,180.351684,1.196823,0.442358,True,0.000627,1
9,1774263294.263999,1774263313.739821,209,152,19.470110,0.436577,0.126050,True,0.005712,1
434,1774263980.380096,1774263992.358697,91,24,11.973868,0.480471,0.499713,True,0.004733,1
1114,1774264796.734312,1774265166.729202,1060,411,347.927135,102.238156,0.599241,True,22.067755,1
604,1774264183.899259,1774264488.109031,1049,667,304.204096,17.999245,0.429737,True,0.005676,1
1284,1774265012.553057,1774265018.986800,324,18,6.423118,1.030897,0.317189,True,0.010625,1
1879,1774265906.369859,1774266341.060877,1031,388,434.681991,134.566710,0.775492,True,0.009027,2
775,1774264370.637640,1774264379.509785,91,16,8.861479,0.347140,0.567623,True,0.010666,1
2050,1774266145.972770,1774266321.218299,1013,396,175.234684,1.479735,0.439886,True,0.010846,1
10,1774263295.675300,1774263311.388329,394,124,15.706324,0.834569,0.120909,True,0.006705,1
435,1774263981.613860,1774264416.189693,1017,393,434.575238,230.177409,0.521423,True,0.000594,2
1115,1774264797.359444,1774265172.689515,1139,428,353.877695,76.272359,0.650130,True,21.452376,1
605,1774264185.989226,1774264410.487049,1130,375,224.497177,34.278920,0.508605,True,0.000646,1
1285,1774265012.953365,1774265210.939404,1072,415,197.977335,1.929327,0.473546,True,0.008704,1
1880,1774265910.110608,1774266344.304498,1134,394,434.183080,169.659502,0.673088,True,0.010810,2
776,1774264372.097874,1774264550.373610,1072,446,178.272966,1.162792,0.398000,True,0.002771,1
2051,1774266147.945080,1774266223.543729,1316,150,75.590925,4.344493,0.478164,True,0.007724,1
11,1774263300.038488,1774263312.880052,394,59,12.833148,0.532381,0.212082,True,0.008415,1
436,1774263981.663897,1774264439.677473,1007,468,458.010888,181.749060,0.591567,True,0.002688,2
1116,1774264800.925717,1774265052.745210,206,211,233.921986,80.691112,0.729671,True,17.897507,1
606,1774264185.989819,1774264425.932882,1009,419,239.931815,39.664398,0.479109,True,0.011248,1
1286,1774265013.639886,1774265242.750575,1136,500,229.107954,1.843891,0.455439,True,0.002735,1
1881,1774265910.592212,1774266262.320677,1314,227,351.725771,164.594433,0.828015,True,0.002694,2
777,1774264373.663334,1774264400.148885,370,69,26.480872,0.858973,0.376793,True,0.004678,1
2052,1774266148.601166,1774266338.691856,1084,429,190.089011,1.374798,0.440921,True,0.001680,1
12,1774263300.968739,1774263335.288492,1315,174,34.319086,1.371692,0.190447,True,0.000667,1
437,1774263981.863044,1774264013.260308,375,66,31.396814,1.657570,0.457527,True,0.000450,1
1117,1774264805.827276,1774265157.365701,1009,394,338.531765,102.205854,0.601338,True,13.006660,1
607,1774264187.427625,1774264388.386062,1317,320,200.947649,14.465956,0.584582,True,0.010789,1
1287,1774265015.858388,1774265216.281957,1141,411,200.415908,1.477077,0.485217,True,0.007660,1
1882,1774265911.004993,1774266202.042590,400,90,291.037078,134.613838,1.757564,True,0.000519,2
778,1774264373.698366,1774264407.309369,379,88,33.600326,0.526760,0.380156,True,0.010677,1
2053,1774266149.029090,1774266325.049688,1162,390,176.013911,2.291399,0.446587,True,0.006688,1
13,1774263306.750937,1774263324.246769,389,90,17.490722,0.510399,0.190790,True,0.005110,1
438,1774263983.152370,1774264046.362996,10,146,63.205862,0.706451,0.431030,True,0.004765,1
1118,1774264806.025656,1774264991.268522,375,77,172.424034,76.239704,1.265583,True,12.818831,1
608,1774264187.550162,1774264304.571385,921,114,117.020550,32.718131,0.746039,True,0.000673,1
1288,1774265018.425893,1774265218.788277,1012,416,200.358675,1.147739,0.480026,True,0.003709,1
1883,1774265911.922101,1774266420.040414,1025,604,508.113640,173.709832,0.554567,True,0.004673,3
779,1774264373.844805,1774264423.868390,1129,136,50.012738,1.693702,0.357919,True,0.010847,1
2054,1774266150.243968,1774266212.181513,1061,117,61.929866,1.727026,0.518990,True,0.007679,1
14,1774263310.421481,1774263331.055544,415,106,20.625308,0.522298,0.191457,True,0.008755,1
439,1774263983.963553,1774264426.099659,994,414,442.128328,179.444561,0.636038,True,0.007779,2
1119,1774264806.349206,1774265024.015558,1314,161,205.160860,80.659533,0.778133,True,12.505493,1
609,1774264188.602460,1774264428.407480,1157,429,239.801648,37.059880,0.473696,True,0.003371,1
1289,1774265019.922422,1774265071.389352,405,90,51.466337,1.137736,0.565490,True,0.000593,1
1884,1774265912.496761,1774266366.480534,1052,415,453.972910,137.609141,0.764164,True,0.010863,2
780,1774264374.164323,1774264409.359795,372,90,35.194965,1.584445,0.377646,True,0.000506,1
2055,1774266150.392375,1774266339.879560,1046,427,189.484546,2.397460,0.439172,True,0.002639,1
15,1774263312.058808,1774263313.804036,120,12,1.738333,0.429059,0.119025,True,0.006895,1
440,1774263984.674797,1774263996.202657,298,18,11.520024,1.147557,0.610145,True,0.007836,1
1120,1774264807.437151,1774265004.116328,435,103,185.250519,102.173858,0.814477,True,11.428659,1
610,1774264189.085520,1774264427.999464,1093,425,238.908294,24.590095,0.505467,True,0.005649,1
1290,1774265022.121749,1774265216.661187,1035,398,194.537612,1.375998,0.486553,True,0.001826,1
1885,1774265914.751893,1774266369.779734,1020,420,455.018169,175.701709,0.666626,True,0.009672,2
866,1774264495.617429,1774264518.888604,908,90,23.268539,1.934158,0.239712,True,0.002636,1
2141,1774266246.951769,1774266404.590636,1080,375,157.636164,1.965754,0.416231,True,0.002703,1
2311,1774266475.070749,1774266507.859541,864,129,32.788147,2.450567,0.237012,True,0.000645,1
867,1774264497.216602,1774264549.622699,404,126,52.399386,0.601087,0.414386,True,0.006711,1
2142,1774266247.786583,1774266267.206771,383,48,19.412447,1.200916,0.387479,True,0.007741,1
2312,1774266479.811428,1774266628.119602,1150,395,148.300511,1.303067,0.373090,True,0.007663,1
868,1774264498.247298,1774264687.369260,1296,448,189.118106,1.402615,0.419945,True,0.003855,1
2143,1774266250.313286,1774266257.908215,120,12,7.594365,0.513634,0.643703,True,0.000564,1
2313,1774266482.037157,1774266495.900176,386,69,13.857368,0.918042,0.190284,True,0.005651,1
869,1774264500.492696,1774264539.178349,396,87,38.678991,0.505611,0.443877,True,0.006662,1
2144,1774266250.478086,1774266292.712405,376,84,42.233749,1.014398,0.496619,True,0.000570,1
2314,1774266482.429964,1774266492.143603,325,18,9.709823,0.526926,0.540170,True,0.003816,1
870,1774264501.441318,1774264675.757342,1035,411,174.310280,1.356641,0.421838,True,0.005744,1
2145,1774266250.797355,1774266330.649024,1315,199,79.841707,1.555010,0.395387,True,0.009962,1
2315,1774266483.999568,1774266650.783316,1114,429,166.782043,1.305336,0.386628,True,0.001705,1
871,1774264501.930166,1774264544.944537,416,99,43.006484,1.424953,0.424301,True,0.007886,1
2146,1774266250.965328,1774266310.614011,36,130,59.641010,0.806219,0.456084,True,0.007673,1
2316,1774266485.146494,1774266639.801619,1093,398,154.650410,1.462605,0.385863,True,0.004714,1
872,1774264502.756716,1774264583.316277,167,205,80.551764,0.651148,0.391670,True,0.007797,1
2147,1774266253.056622,1774266276.364127,422,67,23.299675,0.535614,0.344910,True,0.007830,1
2317,1774266485.445754,1774266626.916564,1052,373,141.469109,1.654484,0.375846,True,0.001701,1
873,1774264503.583374,1774264682.482250,907,429,178.894871,0.989096,0.415668,True,0.004005,1
2148,1774266253.470997,1774266275.652272,374,44,22.176564,1.029502,0.491792,True,0.004711,1
2318,1774266486.827774,1774266627.734206,1122,377,140.905842,1.560202,0.370600,True,0.000590,1
874,1774264503.803924,1774264529.278929,429,108,25.474475,0.990895,0.228819,True,0.000530,1
2149,1774266254.589012,1774266289.677948,1360,94,35.088343,1.501261,0.361151,True,0.000594,1
2319,1774266488.119433,1774266627.433544,1002,373,139.306510,1.603675,0.370169,True,0.007601,1
875,1774264504.101725,1774264545.572615,1361,98,41.470265,2.077631,0.406110,True,0.000625,1
2150,1774266255.627501,1774266420.512605,1076,396,164.879326,2.181492,0.411893,True,0.005778,1
2320,1774266494.485354,1774266651.211338,1071,405,156.715216,2.883236,0.380772,True,0.010767,1
876,1774264504.300670,1774264542.825594,130,173,38.520340,1.156538,0.217231,True,0.004584,1
2151,1774266255.743120,1774266306.837524,1313,137,51.091764,1.910004,0.361631,True,0.002640,1
2321,1774266494.637249,1774266515.789791,1369,44,21.148678,2.738271,0.428149,True,0.003864,1
877,1774264504.622856,1774264550.556733,203,217,45.926862,0.591856,0.209884,True,0.007015,1
2152,1774266257.203727,1774266301.925769,890,89,44.716012,1.879582,0.486778,True,0.006030,1
2322,1774266495.208939,1774266689.831977,1160,468,194.614297,4.389321,0.407334,True,0.008742,1
878,1774264505.087161,1774264548.346334,126,203,43.253529,0.599731,0.211157,True,0.005643,1
2153,1774266257.457346,1774266425.373008,1161,395,167.906966,2.648806,0.419437,True,0.008696,1
2323,1774266495.605686,1774266527.603081,1868,82,31.996788,3.826312,0.347784,True,0.000607,1
879,1774264505.195959,1774264548.344482,1082,105,43.139790,2.211276,0.393543,True,0.008732,1
2154,1774266259.986651,1774266290.168705,382,86,30.171055,0.522373,0.348808,True,0.010998,1
2324,1774266497.927290,1774266522.479781,1571,89,24.547801,2.854340,0.246517,True,0.004690,1
880,1774264506.346592,1774264531.574407,397,54,25.224076,1.171511,0.453822,True,0.003738,1
2155,1774266261.290379,1774266292.436398,397,86,31.142345,0.590921,0.359429,True,0.003675,1
2325,1774266501.003401,1774266540.006609,719,113,38.995508,0.855289,0.340538,True,0.007700,1
881,1774264510.422083,1774264540.852601,383,72,30.421844,0.719062,0.418349,True,0.008674,1
2156,1774266261.752931,1774266293.460151,420,88,31.704543,0.872890,0.354387,True,0.002677,1
2326,1774266501.908549,1774266528.107875,413,102,26.196612,0.827487,0.251179,True,0.002714,1
882,1774264510.909283,1774264568.192040,416,144,57.273860,0.740382,0.395339,True,0.008898,1
2157,1774266262.463262,1774266430.074619,1062,397,167.605623,2.104933,0.417931,True,0.005735,1
2327,1774266504.115376,1774266675.295102,1066,431,171.173930,1.252586,0.395166,True,0.005796,1
883,1774264511.969536,1774264682.996490,1072,411,171.021558,1.754201,0.412847,True,0.005397,1
2158,1774266263.526842,1774266429.940706,1122,377,166.404516,3.207699,0.434034,True,0.009349,1
2328,1774266505.426539,1774266668.300245,1058,419,162.866883,1.174320,0.386824,True,0.006823,1
884,1774264512.139718,1774264555.008274,380,112,42.867988,1.588811,0.371884,True,0.000568,1
2159,1774266265.313978,1774266442.422996,1099,420,177.108099,1.256487,0.419694,True,0.000919,1
2329,1774266505.556399,1774266620.246767,1000,375,114.687735,1.855001,0.301692,True,0.002633,1
885,1774264513.054992,1774264695.596670,1161,440,182.541164,2.104856,0.411017,True,0.000514,1
2160,1774266270.386354,1774266433.109257,1048,379,162.718037,1.260958,0.427135,True,0.004866,1
2330,1774266505.934132,1774266528.750443,404,68,22.813653,1.315823,0.320863,True,0.002658,1
886,1774264513.131382,1774264595.357533,197,217,82.220442,2.077069,0.371034,True,0.005709,1
2161,1774266273.091949,1774266440.268734,1055,413,167.171047,2.121361,0.400606,True,0.005738,1
2331,1774266507.699776,1774266561.460529,1484,159,53.756689,1.647386,0.329806,True,0.004064,1
887,1774264514.139811,1774264539.222800,368,62,25.078263,1.696390,0.383309,True,0.004727,1
2162,1774266277.936179,1774266297.974737,1006,44,20.029840,1.123606,0.439680,True,0.008718,1
2332,1774266510.336528,1774266537.988122,400,98,27.648919,0.959042,0.275153,True,0.002676,1
888,1774264514.303862,1774264602.192134,1101,402,87.883654,2.090111,0.213949,True,0.004618,1
2163,1774266278.647629,1774266329.098708,1670,117,50.447136,2.322215,0.414870,True,0.003942,1
2333,1774266510.790685,1774266530.742748,429,84,19.950395,1.470096,0.222654,True,0.001668,1
889,1774264514.310678,1774264568.635609,405,142,54.316741,1.640376,0.373591,True,0.008191,1
2164,1774266279.013966,1774266330.843277,411,81,51.824598,0.912802,0.636397,True,0.004714,1
2334,1774266514.411277,1774266680.890745,1054,414,166.478901,1.284946,0.399985,True,0.000566,1
890,1774264514.606326,1774264541.505184,181,119,26.898279,3.721689,0.196412,True,0.000578,1
2165,1774266281.718240,1774266341.884786,1757,45,60.162838,3.275736,1.292889,True,0.003708,1
2335,1774266514.424462,1774266527.374229,691,51,12.941143,1.416718,0.230489,True,0.008624,1
891,1774264515.117056,1774264529.581990,910,60,14.458304,2.934649,0.195316,True,0.006630,1
2166,1774266281.782732,1774266464.317590,999,419,182.534325,1.241786,0.433714,True,0.000532,1
2336,1774266514.582148,1774266543.400337,396,90,28.810548,1.611129,0.305611,True,0.007642,1
892,1774264518.931682,1774264685.372562,994,396,166.439204,1.359539,0.417923,True,0.001676,1
2167,1774266282.436256,1774266287.614202,247,14,5.174186,1.012311,0.320144,True,0.003760,1
2337,1774266516.380051,1774266547.931711,387,97,31.548334,0.668870,0.321661,True,0.003326,1
893,1774264519.372173,1774264720.271746,1201,497,200.892814,2.297871,0.400393,True,0.006758,1
2168,1774266283.113329,1774266452.900379,1020,388,169.780444,3.905412,0.428618,True,0.006606,1
2338,1774266523.010767,1774266637.769022,1185,384,114.750541,2.142061,0.294017,True,0.007714,1
894,1774264523.595571,1774264559.400497,400,95,35.798491,0.693206,0.373460,True,0.006435,1
2169,1774266283.672618,1774266323.394646,442,99,39.712021,0.654916,0.398542,True,0.010007,1
2339,1774266524.772692,1774266773.567619,1130,609,248.786941,1.408642,0.406872,True,0.007986,1
895,1774264523.905141,1774264562.115992,404,101,38.200184,0.971543,0.372286,True,0.010667,1
2170,1774266284.455276,1774266289.900548,324,18,5.439579,0.613122,0.283909,True,0.005693,1
2340,1774266530.440584,1774266584.886802,1313,145,54.442135,2.563069,0.360271,True,0.004082,1
896,1774264525.218997,1774264679.836246,1001,371,154.614614,1.173392,0.414706,True,0.002635,1
2171,1774266285.166159,1774266443.787046,1009,410,158.612757,2.565423,0.381534,True,0.008131,1
2341,1774266531.547882,1774266578.750764,398,123,47.197082,0.604752,0.381904,True,0.005799,1
897,1774264525.435815,1774264695.505609,1004,412,170.066124,1.759257,0.409506,True,0.003671,1
2172,1774266285.316809,1774266329.187266,391,104,43.868718,0.580389,0.420275,True,0.001740,1
2342,1774266531.686959,1774266706.960362,1121,423,175.272745,1.635342,0.411463,True,0.000658,1
898,1774264525.999656,1774264686.464586,1118,385,160.461218,2.453245,0.411479,True,0.003712,1
2173,1774266290.681985,1774266360.249628,1313,157,69.562824,1.433697,0.436725,True,0.004819,1
2343,1774266531.945679,1774266572.006404,428,101,40.050007,1.444368,0.386056,True,0.010718,1
899,1774264527.081082,1774264547.226964,391,98,20.140165,0.917040,0.198177,True,0.005718,1
2174,1774266294.066211,1774266377.457402,1317,198,83.390644,1.939621,0.413457,True,0.000546,1
2344,1774266532.146495,1774266696.763215,1077,391,164.614039,2.127864,0.416631,True,0.002681,1
900,1774264527.712634,1774264551.995920,374,70,24.277590,1.234095,0.333964,True,0.005696,1
2175,1774266294.093771,1774266338.289255,386,99,44.190805,1.908048,0.431457,True,0.004679,1
2345,1774266533.364170,1774266548.742399,1341,50,15.372945,2.515673,0.262393,True,0.005285,1
901,1774264528.909958,1774264574.085445,395,132,45.167114,0.669128,0.339679,True,0.008373,1
2176,1774266294.449797,1774266470.043603,1043,401,175.593233,3.296938,0.430741,True,0.000573,1
2346,1774266542.125253,1774266573.808501,384,69,31.678593,0.696952,0.455612,True,0.004656,1
902,1774264529.485541,1774264584.602329,1318,151,55.111116,1.538563,0.357150,True,0.005672,1
2177,1774266295.640461,1774266315.362298,1165,45,19.721291,1.650033,0.410710,True,0.000546,1
2347,1774266542.270602,1774266648.240498,1085,363,105.966200,2.071203,0.287003,True,0.003696,1
903,1774264531.872452,1774264559.278805,373,126,27.401754,0.770775,0.213048,True,0.004598,1
2178,1774266296.291802,1774266477.749622,1028,414,181.454065,2.700055,0.432818,True,0.003755,1
2348,1774266544.633362,1774266581.982324,404,93,37.345195,0.582874,0.399590,True,0.003767,1
904,1774264532.098584,1774264611.679003,167,217,79.575703,0.346287,0.366803,True,0.004716,1
2179,1774266298.447661,1774266386.496710,1821,143,88.043328,3.249368,0.597141,True,0.005720,1
2349,1774266544.833179,1774266594.968976,1386,125,50.133169,1.788162,0.389879,True,0.002628,1
905,1774264535.995622,1774264569.472317,404,96,33.470960,0.604664,0.345961,True,0.005735,1
2180,1774266302.375124,1774266340.122622,237,14,37.746252,20.356214,1.337695,True,0.001245,1
2350,1774266545.021880,1774266575.092044,382,57,30.059530,0.865622,0.521320,True,0.010633,1
906,1774264538.556978,1774264558.926080,399,91,20.366462,0.838816,0.216974,True,0.002641,1
2181,1774266303.449983,1774266493.567724,1151,434,190.117001,1.237957,0.436210,True,0.000741,1
2351,1774266545.811720,1774266586.999493,396,104,41.183118,1.355855,0.386672,True,0.004654,1
907,1774264539.641155,1774264546.738801,309,18,7.090970,0.658857,0.378360,True,0.006676,1
2182,1774266308.017118,1774266376.063743,1484,159,68.035864,1.731023,0.419651,True,0.010761,1
2352,1774266545.939390,1774266608.307236,410,152,62.357141,1.450521,0.403355,True,0.010704,1
908,1774264540.523336,1774264576.589583,914,100,36.063547,1.223370,0.351921,True,0.002701,1
2183,1774266309.220511,1774266348.797002,427,93,39.575847,1.067258,0.418572,True,0.000644,1
2353,1774266546.390157,1774266572.495370,993,40,26.097474,2.037864,0.616913,True,0.007739,1
909,1774264542.747702,1774264579.397768,398,99,36.641353,1.287687,0.360752,True,0.008714,1
2184,1774266309.935988,1774266487.372043,1207,400,177.433077,1.882572,0.439976,True,0.002978,1
2354,1774266548.724401,1774266576.312352,391,57,27.577271,0.802110,0.478128,True,0.010679,1
910,1774264542.783541,1774264711.999779,923,416,169.212494,1.047495,0.405217,True,0.003743,1
2185,1774266310.405755,1774266479.929272,1001,407,169.517848,48.532302,0.297994,True,0.005670,1
2355,1774266549.925328,1774266707.959863,1190,375,158.030798,1.370151,0.418879,True,0.003737,1
911,1774264544.092343,1774264563.659717,392,91,19.566840,0.945742,0.206901,True,0.000534,1
2186,1774266311.347628,1774266381.339386,50,168,69.987983,0.832231,0.414106,True,0.003774,1
2356,1774266552.541945,1774266581.417109,1912,72,28.871455,2.276560,0.374576,True,0.003709,1
912,1774264548.898481,1774264621.116631,206,171,72.217569,0.586682,0.421358,True,0.000582,1
2187,1774266311.875951,1774266329.098912,1381,40,17.215935,1.529910,0.402206,True,0.007025,1
2357,1774266552.590979,1774266736.752182,1101,430,184.152945,2.385405,0.423701,True,0.008258,1
913,1774264550.472382,1774264721.935567,1231,416,171.452491,1.421199,0.409714,True,0.010694,1
2188,1774266314.088111,1774266350.997656,396,93,36.901080,0.678610,0.393723,True,0.008465,1
2358,1774266553.278537,1774266600.855626,719,113,47.566435,2.619796,0.401309,True,0.010654,1
914,1774264550.483023,1774264643.338752,1181,415,92.845225,2.222518,0.218895,True,0.010504,1
2189,1774266316.966663,1774266492.634672,1040,396,175.667415,1.376063,0.441244,True,0.000594,1
2359,1774266554.437512,1774266610.720220,1314,144,56.276973,2.565431,0.375605,True,0.005735,1
915,1774264551.927362,1774264566.449673,374,73,14.511569,1.659060,0.178507,True,0.010742,1
2190,1774266317.195026,1774266386.720348,394,88,69.515177,41.738609,0.319271,True,0.010144,1
2360,1774266554.992259,1774266676.389542,1024,395,121.394613,3.998151,0.297961,True,0.002670,1
916,1774264552.808123,1774264595.982191,396,120,43.167276,0.644258,0.357336,True,0.006792,1
2191,1774266317.981352,1774266339.835698,378,48,21.853524,0.858278,0.446707,True,0.000822,1
2361,1774266557.702733,1774266678.015335,1126,397,120.303860,3.426836,0.295144,True,0.008741,1
917,1774264553.286671,1774264597.631565,181,209,44.344330,0.774492,0.209470,True,0.000563,1
2192,1774266321.487141,1774266536.668408,1307,501,215.179283,1.454081,0.427450,True,0.001984,1
2362,1774266558.268283,1774266722.513142,976,599,164.239165,3.491344,0.268809,True,0.005695,1
918,1774264557.370802,1774264588.690804,1658,82,31.315203,1.935982,0.362706,True,0.004799,1
2193,1774266323.070362,1774266501.126644,974,402,178.048512,1.116928,0.441226,True,0.007771,1
2363,1774266560.859271,1774266682.934123,1110,427,122.074200,3.006302,0.279502,True,0.000651,1
919,1774264557.375465,1774264626.405711,165,158,69.019455,0.375609,0.437222,True,0.010790,1
2194,1774266323.149868,1774266486.424126,1129,467,163.273610,2.590894,0.344813,True,0.000648,1
2364,1774266561.834515,1774266733.928695,1091,401,172.083449,1.505893,0.426444,True,0.010731,1
920,1774264558.865386,1774264611.052511,405,133,52.178695,1.029553,0.387494,True,0.008430,1
2195,1774266324.173077,1774266466.730665,1040,388,142.549766,3.519405,0.359252,True,0.007823,1
2365,1774266562.590892,1774266678.208235,1093,396,115.609653,3.309164,0.284305,True,0.007691,1
921,1774264561.889948,1774264728.490441,1205,409,166.596861,1.348259,0.405021,True,0.003632,1
2196,1774266325.197262,1774266506.701404,1159,405,181.501380,1.397289,0.445802,True,0.002762,1
2366,1774266562.862964,1774266733.749745,983,400,170.876094,1.673998,0.424065,True,0.010687,1
922,1774264562.785451,1774264724.974631,1120,397,162.184455,1.795907,0.405022,True,0.004725,1
2197,1774266325.729667,1774266469.078060,946,398,143.347787,6.622728,0.344396,True,0.000606,1
2367,1774266563.470817,1774266622.417934,1314,152,58.943369,1.857471,0.378052,True,0.003748,1
923,1774264564.161462,1774264582.911502,367,49,18.749364,1.091215,0.367878,True,0.000676,1
2198,1774266327.246472,1774266511.364952,967,419,184.114691,1.040824,0.437976,True,0.003789,1
2368,1774266565.286566,1774266756.489980,1015,458,191.197676,1.239735,0.415663,True,0.005738,1
924,1774264565.387451,1774264600.138165,405,96,34.741984,0.763455,0.357669,True,0.008729,1
2199,1774266331.096009,1774266500.549728,1109,383,169.444922,1.319159,0.440120,True,0.008797,1
2369,1774266565.679859,1774266677.304045,1152,395,111.621451,2.360250,0.277313,True,0.002735,1
925,1774264568.421876,1774264586.932690,442,78,18.509127,0.999564,0.227397,True,0.001687,1
2200,1774266332.118863,1774266502.056064,1171,526,169.932463,6.404428,0.311482,True,0.004737,1
2370,1774266565.736142,1774266610.217577,12,113,44.473747,1.093837,0.387321,True,0.007688,1
926,1774264571.930394,1774264739.467639,1009,399,167.534545,1.272312,0.417744,True,0.002700,1
2201,1774266332.164575,1774266360.558181,1670,65,28.392856,2.127411,0.410398,True,0.000751,1
2371,1774266566.197584,1774266693.917376,1125,468,127.714089,3.951256,0.265017,True,0.005702,1
927,1774264573.533774,1774264596.885936,375,94,23.351159,0.809167,0.242387,True,0.001004,1
2202,1774266336.690862,1774266511.898065,1039,399,175.206575,1.282966,0.436994,True,0.000628,1
2372,1774266567.102409,1774266739.781816,1024,410,172.668402,1.157938,0.419341,True,0.011006,1
928,1774264575.229115,1774265158.886195,1009,399,583.652253,270.282446,0.787361,True,0.004827,2
2203,1774266338.410240,1774266516.514459,1184,405,178.101541,1.374900,0.437442,True,0.002678,1
2373,1774266567.401654,1774266602.384707,1571,89,34.972350,2.632178,0.367502,True,0.010703,1
929,1774264575.686197,1774264653.652412,1313,162,77.958517,2.342512,0.469665,True,0.007698,1
2204,1774266338.896879,1774266384.531447,421,99,45.633962,1.105418,0.454373,True,0.000606,1
2374,1774266567.593201,1774266594.629960,376,91,27.034054,2.771718,0.269582,True,0.002705,1
930,1774264576.034862,1774265172.119877,1133,432,596.077044,284.678510,0.722502,True,0.007971,2
2205,1774266338.989284,1774266515.879196,1046,398,176.889238,2.279401,0.439823,True,0.000674,1
2375,1774266569.855580,1774266680.767484,1049,411,110.904060,2.498903,0.264403,True,0.007844,1
931,1774264577.179135,1774264596.885630,385,77,19.702658,0.855422,0.247990,True,0.003837,1
2206,1774266339.648187,1774266524.293617,1034,428,184.642614,1.363292,0.429226,True,0.002816,1
2376,1774266571.691123,1774266589.205089,1139,50,17.513334,1.364963,0.329559,True,0.000632,1
932,1774264577.698112,1774264669.435058,1296,405,91.732188,2.822888,0.220073,True,0.004758,1
2207,1774266340.275960,1774266376.238509,373,93,35.954806,1.373578,0.375883,True,0.007742,1
2377,1774266579.885228,1774266690.307739,977,411,110.412527,2.039836,0.264324,True,0.009984,1
933,1774264579.667875,1774265184.187534,1199,440,604.512488,265.841771,0.771459,True,0.007171,2
2208,1774266341.462391,1774266384.906016,890,115,43.434949,1.222582,0.370284,True,0.008676,1
2378,1774266582.853358,1774266743.163645,1076,375,160.302641,1.226555,0.425337,True,0.007646,1
934,1774264579.737050,1774264663.492522,1321,180,83.744808,1.864833,0.457430,True,0.010664,1
2209,1774266342.892107,1774266362.855092,377,51,19.958318,0.736554,0.384435,True,0.004667,1
2379,1774266584.502312,1774266760.533607,1131,413,176.026629,1.350904,0.423970,True,0.004666,1
935,1774264583.513297,1774264626.040633,437,92,42.524583,0.724046,0.459347,True,0.002754,1
2210,1774266343.946567,1774266398.674874,426,126,54.720593,3.572310,0.409186,True,0.007713,1
2380,1774266586.746063,1774266707.479759,1008,446,120.726050,1.945397,0.266923,True,0.007646,1
936,1774264583.760391,1774264601.687160,440,84,17.923797,0.955501,0.204437,True,0.002972,1
2211,1774266344.009555,1774266382.986967,1508,76,38.970617,3.510190,0.472806,True,0.006794,1
2381,1774266586.786249,1774266663.396735,1353,182,76.601868,1.838788,0.413056,True,0.008617,1
937,1774264589.848629,1774264625.357106,381,67,35.505621,0.614053,0.528660,True,0.002856,1
2212,1774266345.913612,1774266479.084888,1059,410,133.166481,3.554741,0.316899,True,0.004794,1
2382,1774266589.579978,1774266607.959081,730,42,18.374375,0.989140,0.424030,True,0.004728,1
938,1774264590.488521,1774264609.374602,420,103,18.882353,0.906845,0.176230,True,0.003728,1
2213,1774266350.238327,1774266479.670057,1196,410,129.422904,2.242736,0.310954,True,0.008826,1
2383,1774266589.757630,1774266695.623181,1240,398,105.861771,2.482445,0.260401,True,0.003780,1
939,1774264592.212874,1774265187.158072,1060,449,594.939026,273.444202,0.717622,True,0.006172,2
2214,1774266352.564763,1774266533.448455,1072,419,180.875962,1.316238,0.429569,True,0.007730,1
2384,1774266591.515388,1774266628.587961,398,105,37.066695,0.608874,0.350556,True,0.005878,1
940,1774264593.661165,1774264676.262641,1199,373,82.600964,2.226445,0.216061,True,0.000512,1
2215,1774266353.456552,1774266524.426100,1020,394,170.961783,1.582249,0.430991,True,0.007765,1
2385,1774266595.047999,1774266646.195409,1386,125,51.138315,2.937631,0.388715,True,0.009095,1
941,1774264593.793410,1774264649.425073,390,99,55.629976,0.672985,0.560786,True,0.001687,1
2216,1774266353.905724,1774266421.215668,26,150,67.305255,1.317968,0.442868,True,0.004690,1
2386,1774266595.066051,1774266770.083572,1182,411,175.015792,2.927083,0.419729,True,0.001729,1
942,1774264596.595191,1774264696.276865,203,217,99.671024,0.519543,0.459035,True,0.010650,1
2217,1774266354.090745,1774266470.635526,1045,378,116.541162,6.948338,0.290697,True,0.003619,1
2387,1774266596.613444,1774266628.588258,400,92,31.973947,3.207727,0.316112,True,0.000867,1
943,1774264597.118754,1774265227.365090,999,575,630.244686,243.152608,0.674376,True,0.001650,2
2218,1774266355.548968,1774266542.330719,1116,446,186.771074,1.462515,0.416424,True,0.010677,1
2388,1774266596.669552,1774266707.351047,1316,256,110.674851,3.145585,0.421683,True,0.006644,1
944,1774264598.522131,1774265191.478469,1231,463,592.950433,241.744996,0.760185,True,0.005904,2
2219,1774266356.820944,1774266534.987675,1084,418,178.166109,1.477151,0.423715,True,0.000623,1
2389,1774266596.841311,1774266635.544026,398,97,38.691961,3.255977,0.369125,True,0.010755,1
945,1774264600.669726,1774265168.220604,1165,409,567.539792,239.592087,0.803793,True,0.011086,2
2220,1774266356.842311,1774266441.849132,1338,195,85.006225,1.907254,0.428345,True,0.000596,1
2390,1774266597.989024,1774266615.268137,650,54,17.271063,1.240096,0.302471,True,0.008050,1
946,1774264601.397647,1774265157.051353,987,393,555.651030,259.321020,0.755944,True,0.002676,2
2221,1774266357.349354,1774266573.502111,1137,509,216.146820,2.758377,0.420056,True,0.005937,1
2391,1774266598.002198,1774266708.758414,1160,414,110.750534,2.622435,0.261811,True,0.005682,1
947,1774264601.611730,1774264655.689349,414,101,54.073868,0.983670,0.530902,True,0.003752,1
2222,1774266359.531843,1774266556.442974,1130,468,196.910482,2.044533,0.417272,True,0.000648,1
2392,1774266600.825977,1774266621.379920,1187,84,20.551238,2.202657,0.221067,True,0.002705,1
948,1774264602.173052,1774264657.121647,396,102,54.942724,1.626759,0.527881,True,0.005871,1
2223,1774266360.557176,1774266385.964074,387,82,25.404040,1.286080,0.297753,True,0.002858,1
2393,1774266602.447999,1774266707.788424,1094,406,105.335672,2.628985,0.253597,True,0.004754,1
949,1774264602.428262,1774264664.772223,1865,122,62.335289,3.343414,0.487536,True,0.008672,1
2224,1774266362.174757,1774266480.773129,1087,402,118.587550,2.125005,0.290430,True,0.010821,1
2394,1774266603.716686,1774266788.610105,1098,449,184.886638,1.434972,0.409490,True,0.006780,1
950,1774264602.445021,1774264650.908819,390,83,48.461190,3.408472,0.549423,True,0.002608,1
2225,1774266366.303841,1774266536.668680,1075,395,170.362862,1.408319,0.428819,True,0.001977,1
2395,1774266605.689298,1774266636.230625,398,80,30.537603,1.308556,0.369988,True,0.003724,1
2481,1774266725.968319,1774266764.463247,373,88,38.492268,1.080586,0.430019,True,0.002659,1
2482,1774266727.287231,1774266755.561552,387,67,28.273765,0.565046,0.419829,True,0.000557,1
2483,1774266727.894102,1774266798.634429,1315,188,70.739650,1.461306,0.370472,True,0.000677,1
2484,1774266729.174502,1774266787.507341,1315,154,58.330029,1.796736,0.369499,True,0.002811,1
2485,1774266729.628025,1774266760.479294,58,111,30.850610,0.375395,0.277047,True,0.000659,1
2486,1774266732.175194,1774266762.271479,957,74,30.088581,1.033731,0.398012,True,0.007704,1
2487,1774266733.091388,1774266748.342934,647,46,15.245818,1.376916,0.308198,True,0.005728,1
2488,1774266733.292501,1774266842.087286,1022,426,108.794248,2.295066,0.250586,True,0.000536,1
2489,1774266734.355165,1774266755.428803,382,54,21.067930,0.589163,0.386392,True,0.005708,1
2490,1774266734.396985,1774266763.278359,392,104,28.876755,1.688392,0.263965,True,0.004618,1
2491,1774266734.563191,1774266837.981652,1155,403,103.414747,3.097163,0.249546,True,0.003714,1
2494,1774266740.132717,1774266752.604760,1358,51,12.465269,2.498155,0.199342,True,0.006774,1
2496,1774266747.121516,1774266785.568423,391,97,38.444865,0.580664,0.394419,True,0.002042,1
2499,1774266750.391391,1774266785.524807,459,90,35.127737,1.385321,0.379128,True,0.005679,1
2500,1774266751.478646,1774266773.013155,373,80,21.528823,0.934377,0.260689,True,0.005686,1
2502,1774266752.574397,1774266787.418689,1280,91,34.835605,2.015288,0.364670,True,0.008687,1
2504,1774266753.497883,1774266765.313234,869,47,11.809585,1.688570,0.220022,True,0.005766,1
2505,1774266756.868411,1774266773.849810,371,69,16.973737,0.755185,0.238508,True,0.007662,1
2508,1774266758.612019,1774266777.115568,394,79,18.501860,0.948358,0.225045,True,0.001689,1
2509,1774266760.217452,1774266795.839418,849,100,35.613133,1.334579,0.346248,True,0.008833,1
2510,1774266762.189301,1774266785.325377,403,86,23.134356,0.901355,0.261565,True,0.001720,1
2511,1774266762.929802,1774266819.535624,1314,152,56.605160,1.441104,0.365325,True,0.000662,1
2513,1774266767.805978,1774266791.124882,851,85,23.314161,1.675364,0.257605,True,0.004743,1
2514,1774266767.833948,1774266789.570086,902,75,21.728456,2.260612,0.263079,True,0.007682,1
2515,1774266771.159888,1774266790.885426,385,78,19.714780,0.822168,0.245359,True,0.010759,1
2519,1774266779.083119,1774266817.690933,1999,97,38.603058,2.171568,0.379495,True,0.004755,1
2520,1774266781.122417,1774266799.370815,386,79,18.241698,0.773652,0.223949,True,0.006700,1
2522,1774266786.559348,1774266809.519699,371,100,22.959774,0.766705,0.224172,True,0.000577,1
2523,1774266787.523668,1774266808.758346,405,93,21.229074,0.898348,0.220986,True,0.005605,1
2524,1774266788.467205,1774266805.838273,783,45,17.364364,1.117927,0.369237,True,0.006704,1
2527,1774266792.409567,1774266830.097911,430,86,37.685534,0.637694,0.435857,True,0.002810,1
2536,1774266811.106352,1774266837.499321,386,90,26.385259,0.856647,0.286838,True,0.007710,1
2537,1774266812.294612,1774266838.280870,421,92,25.977560,0.892720,0.275658,True,0.008698,1
