RequestID,ArrivalTime,CompletionTime,InputTokens,OutputTokens,Latency,TTFT,TPOT,Success
0,1773638501.776902,1773638620.767973,374,44,237.891689,2.982262,5.463010,True
1,1773638501.777064,1773638545.545313,396,109,87.422526,3.296584,0.778944,True
2,1773638501.777122,1773638526.984529,879,55,50.277799,16.673834,0.622296,True
3,1773638501.777163,1773638607.306513,91,16,210.900737,15.660869,13.015991,True
4,1773638501.777203,1773638607.418961,91,16,211.105268,18.916543,12.812582,True
5,1773638501.777259,1773638645.038990,381,84,286.323762,12.285821,3.301662,True
6,1773638501.777308,1773638538.603776,1313,142,73.432076,1.681972,0.508866,True
7,1773638501.777360,1773638537.342202,388,84,70.886372,9.863519,0.735215,True
8,1773638501.777408,1773638508.590569,242,14,13.362073,3.824653,0.733648,True
9,1773638501.777449,1773638699.694926,209,152,395.549921,15.596563,2.516247,True
10,1773638501.777500,1773638548.583983,394,124,93.306238,16.588684,0.623720,True
11,1773638501.777549,1773638630.713113,394,59,257.543335,18.841570,4.115548,True
12,1773638501.777591,1773638714.538476,1315,174,425.173204,12.211565,2.387061,True
13,1773638501.777641,1773638656.898351,389,90,309.870866,15.554383,3.306927,True
14,1773638501.777681,1773638673.983452,415,106,344.019129,18.809558,3.097234,True
15,1773638501.777734,1773638519.682768,120,12,35.396822,9.778097,2.328975,True
16,1773638501.777781,1773638533.998791,369,74,64.007891,16.524642,0.650455,True
17,1773638501.777821,1773638560.116832,206,162,116.222693,9.757003,0.661278,True
18,1773638501.777863,1773638555.222958,1353,142,106.414543,16.503959,0.637664,True
19,1773638501.777902,1773638698.474907,197,152,392.895996,12.136774,2.521584,True
20,1773638501.777969,1773638701.049914,181,154,398.025879,15.480065,2.500299,True
21,1773638501.778012,1773638527.040246,388,54,49.985195,9.715021,0.759815,True
22,1773638501.778054,1773638696.265443,203,147,388.413191,18.724407,2.532115,True
23,1773638501.778095,1773638729.007307,126,194,453.876154,12.093980,2.289027,True
24,1773638501.778135,1773638539.771243,389,87,75.381546,16.439118,0.685377,True
25,1773638501.778181,1773638522.405786,91,16,40.629940,9.671645,2.063886,True
26,1773638501.778216,1773638534.501857,181,123,64.650875,2.573936,0.508827,True
27,1773638501.778264,1773638575.756008,191,217,147.137065,16.331936,0.605579,True
28,1773638501.778305,1773638727.063084,27,183,449.728701,15.318281,2.386870,True
29,1773638501.778344,1773638749.783889,203,217,495.145163,18.572710,2.206354,True
30,1773638501.778390,1773638642.410527,398,81,280.379952,11.942878,3.355463,True
31,1773638501.778423,1773638545.742546,126,172,87.023965,2.827729,0.492376,True
32,1773638501.778454,1773638725.254389,209,181,446.025590,15.275808,2.393054,True
33,1773638501.778490,1773638725.368975,209,181,446.234971,18.531515,2.376130,True
34,1773638501.778522,1773638717.139013,28,175,429.752033,11.900466,2.401446,True
35,1773638501.778553,1773638653.840446,437,88,303.132701,15.243313,3.309073,True
36,1773638501.778586,1773638542.705264,181,104,80.841234,9.477780,0.692849,True
37,1773638501.778641,1773638691.925239,203,138,379.259284,18.487842,2.633368,True
38,1773638501.778676,1773638717.831385,200,177,431.050601,11.857413,2.381779,True
39,1773638501.778727,1773638508.861829,91,16,13.091152,1.625645,0.764367,True
40,1773638501.778762,1773638602.125448,1087,401,199.596700,16.192422,0.458511,True
41,1773638501.778810,1773638532.675170,382,64,60.673768,9.424266,0.813484,True
42,1773638501.778850,1773638668.447735,412,102,332.196820,15.167436,3.138905,True
43,1773638501.778892,1773638749.783641,194,217,494.845308,18.422754,2.205660,True
44,1773638501.778969,1773638742.528795,203,217,480.315044,11.792779,2.169085,True
45,1773638501.779016,1773638746.425812,200,217,488.086541,15.135789,2.189587,True
46,1773638501.779058,1773638563.569987,64,174,122.356999,16.127939,0.614041,True
47,1773638501.779097,1773638683.059759,458,123,361.313056,18.379933,2.810927,True
48,1773638501.779144,1773638559.226724,1352,158,113.626163,9.348932,0.664186,True
49,1773638501.779187,1773638882.570965,874,404,760.293541,11.738951,1.857456,True
50,1773638501.779226,1773638529.622427,378,58,54.375102,16.084612,0.671763,True
51,1773638501.779264,1773638607.306669,91,16,209.719395,15.070818,12.976572,True
52,1773638501.779309,1773638654.348326,389,89,303.782663,18.325983,3.243826,True
53,1773638501.779348,1773638567.219237,212,183,129.502187,9.294332,0.660483,True
54,1773638501.779392,1773638828.340491,1085,394,651.721251,11.684452,1.628592,True
55,1773638501.779424,1773638686.121207,407,131,367.261966,15.027000,2.709500,True
56,1773638501.779457,1773638645.916822,396,82,286.830811,18.282171,3.315415,True
57,1773638501.779503,1773638850.282382,1029,399,695.542084,11.652457,1.718316,True
58,1773638501.779552,1773638884.275205,962,399,763.505909,14.995259,1.880680,True
59,1773638501.779590,1773638749.783801,203,217,494.501971,18.250414,2.204868,True
60,1773638501.779634,1773638659.892761,898,94,314.697546,11.619473,3.258904,True
61,1773638501.779666,1773638762.732958,181,253,520.357248,14.962485,2.005535,True
62,1773638501.779697,1773638610.142647,320,18,215.156209,18.217827,11.584611,True
63,1773638501.779747,1773638911.389070,1119,414,817.626412,21.429667,1.927837,True
64,1773638501.779782,1773638706.688179,124,157,408.203408,14.930960,2.520977,True
65,1773638501.779828,1773638548.172195,1313,179,91.152320,3.138152,0.494462,True
66,1773638501.779874,1773638824.515370,1096,383,643.816214,18.175747,1.637802,True
67,1773638501.779912,1773638528.374101,400,102,51.512442,2.132462,0.488911,True
68,1773638501.779974,1773638938.433593,1057,424,871.609246,21.376065,2.010008,True
69,1773638501.780631,1773638709.866657,203,162,414.451831,14.876764,2.481833,True
70,1773638501.780692,1773638557.210607,1314,216,109.119673,2.407602,0.496335,True
71,1773638501.780731,1773638660.115649,2,93,314.908644,18.121074,3.225952,True
72,1773638501.780785,1773638896.456234,1065,409,787.566753,21.332531,1.878025,True
73,1773638501.780818,1773638632.743807,372,60,260.121391,14.833653,4.157419,True
74,1773638501.780854,1773638853.555427,1104,394,701.721076,18.089080,1.739522,True
75,1773638501.780901,1773638916.925121,1075,415,828.440115,21.300627,1.949612,True
76,1773638501.780949,1773638804.433235,1225,372,603.435130,14.801162,1.586614,True
77,1773638501.780997,1773638952.190914,1118,426,898.929453,18.056890,2.072641,True
78,1773638501.781029,1773638528.320205,380,102,51.166440,1.204823,0.494669,True
79,1773638501.781069,1773638813.309625,1133,385,621.123130,21.257197,1.562151,True
80,1773638501.781116,1773638714.651127,42,167,423.784063,14.758251,2.464011,True
81,1773638501.781163,1773638813.513806,1140,377,621.489695,27.972599,1.578503,True
82,1773638501.781199,1773638732.160328,126,203,458.760947,21.225603,2.166017,True
83,1773638501.781247,1773638523.908574,431,84,42.237082,2.944050,0.473410,True
84,1773638501.781278,1773638948.867260,1115,421,892.131754,14.715867,2.089085,True
85,1773638501.781308,1773638723.069971,206,179,440.516122,27.930229,2.317898,True
86,1773638501.781340,1773638654.458381,400,91,303.272301,21.183484,3.134320,True
87,1773638501.781398,1773638864.693366,1123,396,723.719204,24.747259,1.769549,True
88,1773638501.781430,1773638818.322714,862,379,630.959786,27.898965,1.595399,True
89,1773638501.781459,1773638933.198397,859,422,860.690226,21.152186,1.994152,True
90,1773638501.781498,1773638599.796264,890,402,193.866501,1.887342,0.478751,True
91,1773638501.781547,1773638938.550169,1192,419,871.352190,24.705975,2.025469,True
92,1773638501.781583,1773638898.937917,899,403,792.105657,27.857066,1.901116,True
93,1773638501.781629,1773638749.894157,163,224,493.996699,21.109573,2.120570,True
94,1773638501.781681,1773638744.737555,181,212,483.661287,24.672597,2.175302,True
95,1773638501.781719,1773638653.950597,416,88,302.064643,27.823705,3.152195,True
96,1773638501.781765,1773638945.457682,1163,426,885.057943,31.014612,2.009514,True
97,1773638501.781800,1773638605.306169,243,14,204.734442,24.640325,13.853394,True
98,1773638501.781847,1773638960.868303,1041,428,915.835892,27.791426,2.079729,True
99,1773638501.781889,1773638693.430622,1350,146,380.939532,30.982038,2.413500,True
100,1773638501.781956,1773638864.693377,1104,396,723.441738,24.608323,1.769199,True
101,1773638501.782012,1773638952.190922,1127,426,898.418669,27.760417,2.048608,True
102,1773638501.782045,1773638911.388871,1114,414,816.791583,30.950449,1.902763,True
103,1773638501.782083,1773638864.693373,1083,396,723.377006,24.576128,1.769116,True
104,1773638501.782123,1773638718.062538,1313,173,430.095773,27.727515,2.339350,True
105,1773638501.782168,1773638834.276159,888,395,662.501925,30.918468,1.603004,True
106,1773638501.782202,1773638685.774369,13,130,365.477517,24.544443,2.642892,True
107,1773638501.782243,1773638654.348163,874,89,302.604901,38.075221,3.006019,True
108,1773638501.782291,1773638834.276366,1065,395,662.440243,30.887053,1.602927,True
109,1773638501.782328,1773638965.323030,1157,426,924.509315,24.512340,2.117640,True
110,1773638501.782373,1773638847.647828,1077,390,689.139695,38.042396,1.673772,True
111,1773638501.782408,1773638903.997522,1149,411,801.815577,30.853648,1.880395,True
112,1773638501.782454,1773638845.163612,996,389,684.126809,24.479231,1.700123,True
113,1773638501.782489,1773638853.555431,990,394,700.887819,38.010105,1.686712,True
114,1773638501.782534,1773638722.839501,197,183,439.434652,30.821406,2.245128,True
115,1773638501.782566,1773638746.425822,197,217,486.584414,24.447332,2.139524,True
116,1773638501.782611,1773638907.854170,1378,407,809.422491,37.977735,1.900110,True
117,1773638501.782653,1773638930.912280,1214,421,855.516756,42.307177,1.936213,True
118,1773638501.782691,1773638806.076110,1016,375,605.823196,34.850920,1.526664,True
119,1773638501.782736,1773638882.789927,1186,398,759.227631,37.945666,1.816831,True
120,1773638501.782771,1773638945.457522,1100,426,884.541012,42.274738,1.981803,True
121,1773638501.782817,1773638746.425817,218,217,486.455690,34.818763,2.090912,True
122,1773638501.782859,1773638933.422001,1232,419,860.429250,37.913391,1.967741,True
123,1773638501.782897,1773638920.559730,975,416,834.682259,42.242844,1.909493,True
124,1773638501.782957,1773638746.425629,209,217,486.392221,34.786763,2.090766,True
125,1773638501.783000,1773638649.507647,181,85,292.536202,37.881175,3.031607,True
126,1773638501.783032,1773638818.426788,1029,388,630.352746,42.210659,1.519747,True
127,1773638501.783063,1773638935.127843,888,418,863.733734,34.754677,1.987959,True
128,1773638501.783115,1773638806.179828,1113,375,605.817814,49.402384,1.487742,True
129,1773638501.783147,1773639053.537559,1035,520,1100.510267,42.178805,2.039174,True
130,1773638501.783189,1773638964.970579,1009,425,923.354020,34.722150,2.095830,True
131,1773638501.783231,1773638985.544694,869,450,964.480720,49.369789,2.038109,True
132,1773638501.783268,1773638965.211413,1183,431,923.794452,42.146793,2.050343,True
133,1773638501.783314,1773638853.448200,972,395,700.246391,34.690373,1.689228,True
134,1773638501.783356,1773638874.189147,1097,396,741.706626,49.338027,1.752832,True
135,1773638501.783394,1773638722.839224,206,183,438.984506,42.114531,2.180604,True
136,1773638501.783437,1773638741.626020,181,208,476.536258,34.657500,2.134680,True
137,1773638501.783469,1773638733.413539,1316,200,460.090423,49.304770,2.064250,True
138,1773638501.783507,1773638989.186816,908,456,971.615013,42.082029,2.042930,True
139,1773638501.783551,1773638952.081753,1094,422,897.383508,34.625660,2.049306,True
140,1773638501.783587,1773638943.803667,996,422,880.806663,49.273002,1.975139,True
141,1773638501.783636,1773638653.386492,420,89,299.951116,52.443896,2.812582,True
142,1773638501.783679,1773638826.636687,1112,385,646.431067,34.594045,1.593326,True
143,1773638501.783727,1773638874.189314,1133,396,741.512989,49.240930,1.752587,True
144,1773638501.783764,1773638874.298743,890,403,741.710748,52.411749,1.714674,True
145,1773638501.783809,1773638617.178240,833,36,227.448865,34.561651,5.511063,True
146,1773638501.783843,1773638952.190767,1093,426,897.450511,49.208612,1.995863,True
147,1773638501.783885,1773638740.490600,206,211,474.029161,52.379198,2.007857,True
148,1773638501.783921,1773638994.592833,898,454,982.212288,45.673558,2.067414,True
149,1773638501.783990,1773638723.414430,1312,180,439.835171,59.026808,2.127421,True
150,1773638501.784026,1773638845.057289,1129,396,683.099233,52.347101,1.596841,True
151,1773638501.784070,1773638636.691527,375,67,266.344752,45.641187,3.343993,True
152,1773638501.784116,1773638949.615758,862,425,892.174181,58.994478,1.965046,True
153,1773638501.784158,1773638719.803033,167,179,432.526710,52.315319,2.136019,True
154,1773638501.784197,1773638929.243284,914,414,851.384598,45.609198,1.951030,True
155,1773638501.784241,1773638749.783795,209,217,492.444065,58.962155,2.006861,True
156,1773638501.784276,1773639123.024526,982,594,1238.904259,52.282522,2.001048,True
157,1773638501.784326,1773638709.516857,200,161,411.866701,45.576652,2.289313,True
158,1773638501.784358,1773638703.508211,1313,156,399.827099,58.929296,2.199341,True
159,1773638501.784396,1773638920.559464,999,416,833.908828,52.249794,1.883516,True
160,1773638501.784441,1773638874.406595,1084,397,741.582638,45.544433,1.757672,True
161,1773638501.784477,1773638673.983756,399,106,340.712534,58.896750,2.683960,True
162,1773638501.784526,1773639123.024689,1065,594,1238.773425,52.217123,2.000938,True
163,1773638501.784558,1773638985.424530,1036,446,963.551902,45.511459,2.063012,True
164,1773638501.784588,1773638882.789931,1243,398,758.260576,58.864658,1.761703,True
165,1773638501.784637,1773638806.280353,1128,384,605.221198,52.185136,1.443958,True
166,1773638501.784675,1773638806.076262,1000,375,604.789726,45.479274,1.495482,True
167,1773638501.784720,1773638626.737380,992,56,246.092079,58.832251,3.404724,True
168,1773638501.784753,1773638649.281247,920,87,291.158415,62.311371,2.661012,True
169,1773638501.784791,1773638834.381304,1040,388,661.338493,45.447642,1.591449,True
170,1773638501.784829,1773638668.564256,411,101,329.680395,58.800249,2.708801,True
171,1773638501.784877,1773638654.458528,900,91,301.449183,62.279705,2.657439,True
172,1773638501.784909,1773638964.970734,1018,425,922.449397,45.414946,2.068477,True
173,1773638501.784958,1773638665.753759,395,99,323.995266,58.767307,2.706408,True
174,1773638501.785002,1773638742.528790,209,217,477.522759,62.246732,1.922574,True
175,1773638501.785033,1773638676.032675,181,113,344.509730,45.382473,2.670779,True
176,1773638501.785062,1773638927.599114,1118,414,847.622497,69.719847,1.883542,True
177,1773638501.785092,1773638824.614137,972,392,641.630246,62.214211,1.481882,True
178,1773638501.785122,1773638625.748613,1847,53,243.879277,55.209554,3.628264,True
179,1773638501.785151,1773638664.374819,392,96,321.108228,69.687303,2.646536,True
180,1773638501.785185,1773638742.528622,197,217,477.394525,62.182516,1.922278,True
181,1773638501.785215,1773638911.502884,975,409,815.322818,55.177661,1.863101,True
182,1773638501.785244,1773638980.184064,1025,443,952.664450,69.655991,1.997757,True
183,1773638501.785275,1773638818.426974,1027,388,629.128927,62.151057,1.465059,True
184,1773638501.785322,1773638911.503057,1143,409,815.257968,55.145586,1.863021,True
185,1773638501.785375,1773638853.555423,1028,394,699.340913,69.624152,1.602333,True
186,1773638501.785419,1773638864.584179,874,402,721.378235,62.118606,1.644039,True
187,1773638501.785458,1773639033.979877,997,492,1060.146913,55.113226,2.046912,True
188,1773638501.785496,1773638760.545043,72,245,513.255530,69.590882,1.818298,True
189,1773638501.785527,1773638847.761136,851,397,687.667263,62.086033,1.579751,True
190,1773638501.785557,1773638657.581343,408,91,307.285737,55.080651,2.802279,True
191,1773638501.785603,1773639069.927219,1113,531,1131.956281,69.558355,2.004524,True
192,1773638501.785650,1773638710.488911,1313,170,413.058654,62.053786,2.076952,True
193,1773638501.785681,1773638965.322724,1083,426,922.704647,55.048304,2.041544,True
194,1773638501.785713,1773638853.555269,1139,394,699.147398,69.526764,1.602088,True
195,1773638501.785764,1773638972.034733,978,437,936.086030,73.187448,1.979125,True
196,1773638501.785801,1773638695.805651,26,146,383.605968,55.016738,2.266133,True
197,1773638501.785830,1773638632.856955,386,61,257.687554,69.495078,3.136541,True
198,1773638501.785860,1773638903.997349,1074,411,799.948275,73.155936,1.772664,True
199,1773638501.785890,1773638709.866905,209,162,411.663261,54.984776,2.215394,True
200,1773638501.785919,1773638989.416723,1099,455,970.744293,69.462764,1.985202,True
201,1773638501.785976,1773638604.862231,120,12,201.611670,73.123275,11.680763,True
202,1773638501.786011,1773638719.920630,126,173,431.708225,54.952668,2.190439,True
203,1773638501.786040,1773638692.620334,416,140,377.087226,69.430959,2.213354,True
204,1773638501.786070,1773638643.478793,394,83,278.782900,73.091871,2.508427,True
205,1773638501.786099,1773638884.275362,1043,399,760.354240,65.562941,1.745707,True
206,1773638501.786128,1773638874.189310,1099,396,740.161305,80.209669,1.670764,True
207,1773638501.786160,1773638654.458617,857,91,300.678989,73.060347,2.529096,True
208,1773638501.786276,1773638746.425825,209,217,484.590792,65.531263,1.940090,True
209,1773638501.786307,1773638802.648834,1109,365,597.015798,80.177391,1.419886,True
210,1773638501.786336,1773638975.753792,993,441,943.203488,73.027631,1.977672,True
211,1773638501.786366,1773638935.127591,888,418,861.929992,65.498519,1.909908,True
212,1773638501.786395,1773638834.481870,1141,388,660.616678,80.144754,1.499927,True
213,1773638501.786428,1773638828.340656,1067,394,648.312903,72.995182,1.463913,True
214,1773638501.786456,1773638960.019269,1116,423,911.648895,65.466713,2.005171,True
215,1773638501.786485,1773638642.973312,416,79,277.537600,80.112990,2.531085,True
216,1773638501.786519,1773639053.537721,1126,520,1098.644364,72.963952,1.976263,True
217,1773638501.786547,1773638723.300969,203,179,438.148807,65.434975,2.093898,True
218,1773638501.786577,1773638695.226360,379,144,381.979309,80.081367,2.111174,True
219,1773638501.786609,1773638708.360965,56,164,408.226518,72.931828,2.057023,True
220,1773638501.786637,1773638917.038619,1232,410,825.562571,65.403455,1.858580,True
221,1773638501.786666,1773638709.634675,209,162,410.731597,80.049373,2.053927,True
222,1773638501.786695,1773638706.571398,206,162,404.583452,72.899175,2.060151,True
223,1773638501.786724,1773638815.251234,1083,378,621.922060,65.370634,1.476264,True
224,1773638501.786753,1773638727.519602,171,183,446.436548,80.016643,2.013296,True
225,1773638501.786785,1773638959.899785,982,429,911.175096,72.866850,1.958664,True
226,1773638501.786813,1773638626.087048,374,54,243.530211,65.338852,3.362101,True
227,1773638501.786842,1773638920.784486,1019,413,832.903486,79.985384,1.827471,True
228,1773638501.786874,1773638732.846573,126,205,457.006405,83.694615,1.829960,True
229,1773638501.786903,1773638864.692904,1147,396,720.677089,65.307064,1.659165,True
230,1773638501.786949,1773638960.868143,1078,428,913.007298,79.953610,1.950945,True
231,1773638501.786988,1773638907.966342,883,413,807.181209,83.662443,1.756114,True
232,1773638501.787018,1773638746.425805,169,217,484.077612,65.275228,1.938900,True
233,1773638501.787047,1773638965.095381,1094,429,921.397417,79.921509,1.966065,True
234,1773638501.787081,1773638949.090746,1001,427,889.366891,83.630635,1.891400,True
235,1773638501.787110,1773638660.330395,391,93,311.825214,76.360779,2.559396,True
236,1773638501.787140,1773638834.481724,1085,388,660.105390,90.182263,1.472670,True
237,1773638501.787169,1773638834.276373,1064,395,659.672894,83.598545,1.462118,True
238,1773638501.787198,1773638920.675196,1070,411,832.450903,76.328670,1.844201,True
239,1773638501.787227,1773639112.859294,972,575,1216.798199,90.150599,1.962801,True
240,1773638501.787261,1773638828.340648,1099,394,647.739263,83.567156,1.435552,True
241,1773638501.787293,1773638824.411046,980,384,639.859634,76.296948,1.471443,True
242,1773638501.787323,1773638850.488680,1057,393,691.994190,90.118833,1.535396,True
243,1773638501.787357,1773638896.456403,1082,409,783.906097,83.534794,1.716596,True
244,1773638501.787388,1773638894.043080,1072,400,779.057190,76.264126,1.761386,True
245,1773638501.787417,1773638665.409832,385,98,321.771249,90.086046,2.388507,True
246,1773638501.787446,1773638691.695194,78,141,374.320084,83.503116,2.077264,True
247,1773638501.787475,1773638665.977850,412,100,322.865276,76.232844,2.491237,True
248,1773638501.787505,1773638834.481865,1027,388,659.850699,90.054672,1.472341,True
249,1773638501.787534,1773639000.693412,1146,466,992.254053,83.471145,1.954372,True
250,1773638501.787567,1773638938.550174,994,419,867.943452,76.200305,1.894122,True
251,1773638501.787596,1773638675.463140,846,108,341.750724,90.022670,2.352599,True
252,1773638501.787628,1773638960.983124,1140,430,912.769936,83.439558,1.933171,True
253,1773638501.787657,1773639182.427964,1059,649,1355.636277,76.168842,1.974487,True
254,1773638501.787687,1773638733.413804,1354,200,457.586775,89.991242,1.847214,True
255,1773638501.787716,1773638713.494730,167,171,417.728701,83.407955,1.966593,True
256,1773638501.787749,1773638624.340458,1792,50,239.399041,76.137725,3.331864,True
257,1773638501.787779,1773638689.288038,40,134,369.272701,89.959819,2.100097,True
258,1773638501.787808,1773638668.334025,407,104,327.344047,92.613429,2.278938,True
259,1773638501.787838,1773638920.675354,1065,411,832.005137,86.073361,1.819346,True
260,1773638501.787868,1773638759.222738,181,241,509.078047,89.927032,1.746463,True
261,1773638501.787900,1773638688.713713,1314,137,368.037360,92.580396,2.025419,True
262,1773638501.787928,1773638683.636304,181,128,357.861305,86.040618,2.140320,True
263,1773638501.787976,1773638741.061466,163,205,472.690500,89.894669,1.876450,True
264,1773638501.788005,1773638658.468178,2,93,307.482154,92.548072,2.336240,True
265,1773638501.788034,1773638737.676336,1314,203,465.878432,86.008751,1.880543,True
266,1773638501.788066,1773638853.555417,1056,394,697.613307,96.665354,1.529130,True
267,1773638501.788095,1773638978.283850,978,442,947.052170,92.516743,1.937722,True
268,1773638501.788124,1773639109.828757,1217,565,1210.118536,85.976767,1.993159,True
269,1773638501.788153,1773638882.789921,1056,398,756.019030,96.632806,1.660922,True
270,1773638501.788190,1773638980.929787,951,445,952.277147,92.483864,1.936471,True
271,1773638501.788221,1773638896.236310,1233,401,782.870457,85.944733,1.742314,True
272,1773638501.788253,1773638714.422850,1317,169,419.223007,96.601210,1.920368,True
273,1773638501.788282,1773639053.537729,1103,520,1097.429303,92.451997,1.936372,True
274,1773638501.788311,1773638806.076268,887,375,602.484459,85.912045,1.381210,True
275,1773638501.788339,1773638874.189304,1123,396,738.686535,96.567623,1.625617,True
276,1773638501.788368,1773638804.327847,1095,379,598.943827,92.419157,1.340012,True
277,1773638501.788397,1773638631.808960,1079,419,246.421013,16.160151,0.550863,True
278,1773638501.788426,1773638626.889346,1073,420,236.049587,20.289452,0.514941,True
279,1773638501.788457,1773638609.311250,1147,413,179.243511,2.385610,0.429267,True
280,1773638501.788486,1773638571.471246,212,183,98.118827,0.556485,0.536057,True
281,1773638501.788515,1773638568.483686,411,81,89.142618,25.450900,0.796146,True
282,1773638501.788543,1773638551.260990,380,76,48.544831,0.943761,0.634681,True
283,1773638501.788572,1773638637.315839,990,468,220.529619,2.397243,0.467093,True
284,1773638501.788601,1773638681.734284,1106,414,306.824542,11.188843,0.715825,True
285,1773638501.788630,1773638631.918745,1117,396,207.067940,1.728460,0.519847,True
286,1773638501.788659,1773638617.024033,1147,396,174.795215,2.415252,0.436405,True
287,1773638501.788688,1773638581.651316,127,178,97.944484,0.467579,0.550717,True
288,1773638501.788720,1773638630.060095,1021,428,192.114527,2.217918,0.444723,True
289,1773638501.788754,1773638711.601840,1081,394,354.192303,67.264853,0.730095,True
290,1773638501.788783,1773638623.105896,1104,394,171.517538,2.363447,0.430418,True
291,1773638501.788812,1773638769.419707,1149,429,461.626082,90.268569,0.867658,True
292,1773638501.788844,1773638563.452741,399,86,47.350942,0.982996,0.545505,True
293,1773638501.788873,1773638627.108130,1127,385,168.789923,2.359180,0.433413,True
294,1773638501.788903,1773638570.648881,766,85,50.193306,1.676120,0.577586,True
295,1773638501.788946,1773638648.292084,1073,396,205.089395,1.060368,0.516529,True
296,1773638501.788979,1773638552.894102,91,16,9.421922,1.424791,0.533142,True
297,1773638501.789008,1773638637.257836,922,402,177.325751,1.956791,0.437329,True
298,1773638501.789041,1773638594.145615,1314,220,85.751286,2.767126,0.378923,True
299,1773638501.789070,1773638689.806810,1049,396,273.813645,16.450605,0.651552,True
300,1773638501.789099,1773638643.493145,1048,399,176.524402,2.266668,0.437834,True
301,1773638501.789133,1773638703.470135,1180,404,292.505215,1.796342,0.721362,True
302,1773638501.789162,1773638599.578596,194,217,80.689884,0.527000,0.371124,True
303,1773638501.789191,1773638650.476091,1063,396,180.712570,2.321995,0.451622,True
304,1773638501.789220,1773638600.882427,206,217,74.849513,0.555767,0.343953,True
305,1773638501.789249,1773638672.879269,1083,386,218.616723,2.633709,0.560995,True
306,1773638501.789279,1773638659.631472,1016,436,184.816526,2.233383,0.419731,True
307,1773638501.789308,1773638741.715652,958,427,346.452461,65.070422,0.660521,True
308,1773638501.789337,1773638573.501261,91,16,5.696634,0.342276,0.356957,True
309,1773638501.789377,1773638578.293413,335,18,13.636443,0.848328,0.752242,True
310,1773638501.789406,1773638614.364594,895,114,81.709337,1.951601,0.705821,True
311,1773638501.789434,1773638725.059252,1004,532,298.594213,30.514828,0.504858,True
312,1773638501.789463,1773638657.788919,194,223,158.973293,0.529064,0.713713,True
313,1773638501.789495,1773638710.670507,1001,427,258.016481,35.069868,0.523349,True
314,1773638501.789524,1773638696.416853,954,390,204.531596,12.125761,0.494617,True
315,1773638501.789553,1773638672.937516,203,217,146.703142,17.146278,0.599800,True
316,1773638501.789582,1773638749.410364,980,385,299.218441,34.697270,0.688857,True
317,1773638501.789610,1773638608.913105,91,24,16.043567,5.385467,0.463396,True
318,1773638501.789640,1773638647.465549,428,102,90.668292,17.770516,0.721760,True
319,1773638501.789672,1773638679.670206,878,110,149.609956,1.585361,1.358024,True
320,1773638501.789700,1773638722.956472,212,164,235.296244,1.654701,1.433384,True
321,1773638501.789729,1773638970.457922,982,411,726.293055,2.280480,1.765884,True
322,1773638501.789758,1773638729.465062,445,174,244.286701,2.270247,1.398939,True
323,1773638501.789787,1773638671.157568,394,86,127.463937,2.372802,1.471660,True
324,1773638501.789816,1773638716.745954,1023,421,215.657528,10.984798,0.487316,True
325,1773638501.789845,1773638663.419541,1314,152,108.194443,16.511759,0.607170,True
326,1773638501.789877,1773638975.282526,1009,420,730.257272,1.713033,1.738769,True
327,1773638501.789907,1773638707.654301,1007,375,186.563561,14.819786,0.459208,True
328,1773638501.789953,1773638713.053241,1161,373,192.048596,17.446660,0.469360,True
329,1773638501.789997,1773639005.566600,1067,429,776.765213,1.657343,1.811000,True
330,1773638501.790030,1773638986.007487,1038,409,730.457496,1.743585,1.786064,True
331,1773638501.790060,1773638733.115856,1136,422,220.011985,18.694950,0.478188,True
332,1773638501.790089,1773638767.310184,169,217,285.929264,0.713289,1.320444,True
333,1773638501.790121,1773638639.890188,313,18,28.270476,0.859896,1.612387,True
334,1773638501.790149,1773639164.061562,1116,574,1075.927437,2.069723,1.874097,True
335,1773638501.790181,1773639093.785519,1240,501,934.088231,3.285181,1.861606,True
336,1773638501.790211,1773638697.425731,1060,58,141.057230,56.662217,1.480614,True
337,1773638501.790239,1773638681.373990,209,167,108.518038,14.689722,0.565231,True
338,1773638501.790272,1773638663.361434,428,108,66.598564,10.392005,0.525295,True
339,1773638501.790303,1773639006.038605,1093,414,750.642374,1.791500,1.813198,True
340,1773638501.790331,1773638830.125969,1045,585,396.612272,59.712631,0.576883,True
341,1773638501.790359,1773638736.636421,435,111,209.427780,2.967022,1.876916,True
342,1773638501.790391,1773638988.951410,1037,390,712.391383,1.743661,1.826858,True
343,1773638501.790424,1773638703.508220,422,95,141.279252,1.842529,1.483369,True
344,1773638501.790452,1773638767.633853,1313,201,261.877347,2.163260,1.298570,True
345,1773638501.790481,1773638729.438520,1184,394,184.353561,8.570385,0.447285,True
346,1773638501.790509,1773638737.133504,1001,396,199.617697,15.225050,0.466817,True
347,1773638501.790624,1773638999.462575,890,387,719.135611,1.594061,1.858916,True
348,1773638501.790655,1773638745.972768,181,140,207.112420,0.712287,1.484893,True
349,1773638501.790684,1773639010.035141,1119,397,734.119472,1.939561,1.848939,True
350,1773638501.790714,1773638717.139287,407,92,147.298332,2.192162,1.594573,True
351,1773638501.790748,1773638749.450148,1188,388,211.900262,6.331228,0.531186,True
352,1773638501.790776,1773638991.906477,1016,375,693.718495,2.053954,1.849370,True
353,1773638501.790806,1773639034.456997,1095,417,777.063699,2.889155,1.860997,True
354,1773638501.790838,1773638771.803396,1027,395,248.654622,29.933477,0.555130,True
355,1773638501.790867,1773638795.289633,1102,455,293.989510,2.064142,0.643007,True
356,1773638501.790898,1773639048.933683,1026,429,799.281168,1.757530,1.863373,True
357,1773638501.790929,1773638701.167332,1996,70,103.317486,3.751292,1.442988,True
358,1773638501.790983,1773638689.676709,1314,139,78.397257,11.789774,0.482663,True
359,1773638501.791012,1773638763.604328,181,173,220.423975,0.717108,1.277366,True
360,1773638501.791045,1773639023.341416,1049,397,738.994487,1.835291,1.861513,True
361,1773638501.791074,1773639037.518082,1132,414,767.117857,2.337110,1.851769,True
362,1773638501.791104,1773639009.807104,1088,386,710.905830,2.424970,1.840210,True
363,1773638501.791133,1773638777.321723,125,205,245.911669,2.918537,1.191143,True
364,1773638501.791162,1773638761.963832,206,167,214.989148,2.988995,1.277109,True
365,1773638501.791191,1773638709.285336,376,73,109.609377,2.803696,1.483412,True
366,1773638501.791220,1773638773.187109,127,198,237.392934,2.967677,1.189976,True
367,1773638501.791249,1773638732.620043,404,109,151.425533,1.324037,1.389829,True
368,1773638501.791279,1773639042.580242,1026,409,769.983190,2.060765,1.882163,True
369,1773638501.791308,1773638754.094535,1199,394,192.599403,11.217137,0.461532,True
370,1773638501.791337,1773638673.412591,91,16,29.866313,1.717515,1.876587,True
371,1773638501.791367,1773638762.046517,1013,422,204.807872,9.369563,0.464224,True
372,1773638501.791396,1773639017.253754,990,392,714.704935,1.685133,1.823580,True
373,1773638501.791425,1773638777.321871,1314,200,234.406736,2.813859,1.163783,True
374,1773638501.791454,1773639135.523844,1069,499,950.379021,3.568222,1.901227,True
375,1773638501.791483,1773638832.608299,1017,519,338.471949,51.762176,0.553494,True
376,1773638501.791512,1773638723.414897,200,183,119.981293,18.376695,0.558267,True
377,1773638501.791543,1773638781.778853,124,204,234.806306,0.677223,1.153345,True
378,1773638501.791573,1773639025.736517,895,393,720.643693,1.579208,1.834348,True
379,1773638501.791602,1773638742.750646,399,112,153.970653,1.886995,1.370123,True
380,1773638501.791631,1773638731.250466,410,95,130.536788,2.107586,1.366268,True
381,1773638501.791661,1773639030.611930,1107,388,724.532483,1.663000,1.867880,True
382,1773638501.791690,1773638787.194390,212,217,237.470778,1.682539,1.091612,True
383,1773638501.791725,1773639020.775768,1007,385,704.399379,2.340695,1.828278,True
384,1773638501.791754,1773639239.083688,1052,652,1135.830911,1.767698,1.742033,True
385,1773638501.791785,1773638795.808542,1143,388,245.852777,48.156143,0.510844,True
386,1773638501.791822,1773638695.329726,307,18,44.770930,20.425636,1.432076,True
387,1773638501.791851,1773638731.134266,392,91,115.439588,0.983202,1.271738,True
388,1773638501.791879,1773638776.680042,129,185,205.383988,1.121764,1.110121,True
389,1773638501.791908,1773638767.094087,129,159,186.190332,1.111211,1.171387,True
390,1773638501.791955,1773639086.280797,936,431,821.632873,1.645575,1.906947,True
391,1773638501.791986,1773638787.086447,128,205,222.092015,1.660289,1.080548,True
392,1773638501.792015,1773639042.462039,1025,388,725.560772,1.746696,1.870321,True
393,1773638501.792044,1773638743.451162,203,217,124.140331,11.989029,0.519219,True
394,1773638501.792077,1773638721.516268,431,97,79.550249,16.063070,0.661325,True
395,1773638501.792106,1773639088.883534,1000,396,811.640965,19.473131,2.005488,True
396,1773638501.792135,1773639160.294065,1045,496,953.307356,1.775930,1.922286,True
397,1773638501.792164,1773638788.358974,165,192,205.163461,0.719984,1.070385,True
398,1773638501.792196,1773639101.905827,1163,429,831.557407,1.995854,1.938228,True
399,1773638501.792226,1773639209.643440,1143,580,1041.850389,1.918211,1.796083,True
400,1773638501.792254,1773639078.244067,1012,389,777.894623,17.145811,1.960693,True
401,1773638501.792284,1773638800.747257,1121,433,222.126968,19.835690,0.468267,True
402,1773638501.792312,1773638869.992966,971,373,360.350545,53.626378,0.824527,True
403,1773638501.792341,1773639083.913930,1088,377,784.431084,3.286381,2.077513,True
404,1773638501.792370,1773639178.709884,1028,498,973.546918,14.505698,1.929660,True
405,1773638501.792402,1773638800.130244,127,202,214.997389,13.810489,1.000930,True
406,1773638501.792431,1773639118.055030,1139,371,849.244992,19.703888,2.242003,True
407,1773638501.792460,1773639118.278549,1100,414,846.096839,20.762111,1.998389,True
408,1773638501.792489,1773638795.865429,1019,403,201.061620,17.431452,0.456791,True
409,1773638501.792518,1773639130.053886,1022,443,868.473910,1.746369,1.960922,True
410,1773638501.792546,1773639080.191260,1176,373,767.836090,23.404462,2.001160,True
411,1773638501.792578,1773638808.781349,1007,403,224.723040,24.618523,0.497772,True
412,1773638501.792607,1773638706.966477,382,38,19.065886,0.738916,0.495324,True
413,1773638501.792635,1773638770.613830,396,107,144.263519,18.297704,1.188357,True
414,1773638501.792669,1773638781.030391,401,147,162.660851,0.992403,1.107318,True
415,1773638501.792696,1773638775.932300,882,135,149.757892,2.331348,1.100198,True
416,1773638501.792725,1773639142.310054,1161,429,882.263101,23.835154,2.005673,True
417,1773638501.792754,1773638737.662109,21,139,68.380356,1.195514,0.486847,True
418,1773638501.792783,1773639101.007991,1053,383,794.989367,23.308951,2.020106,True
419,1773638501.792812,1773638782.100156,402,102,157.152724,33.912408,1.220201,True
420,1773638501.792843,1773639131.032737,1037,434,848.919581,1.542966,1.956990,True
421,1773638501.792873,1773639228.755363,945,504,1044.117000,10.083194,2.055733,True
422,1773638501.792901,1773638840.596926,1050,403,267.247304,15.394427,0.626500,True
423,1773638501.792947,1773638814.032954,1036,386,212.751150,28.305986,0.479078,True
424,1773638501.792979,1773639201.306020,1062,413,985.878540,12.882976,2.361640,True
425,1773638501.793006,1773639173.261273,1070,398,927.943639,28.146468,2.266492,True
426,1773638501.793035,1773638794.970158,206,181,170.884718,0.726291,0.945325,True
427,1773638501.793067,1773638882.789750,419,130,346.293553,27.793558,2.468992,True
428,1773638501.793097,1773638777.213855,181,132,134.687006,2.186997,1.011450,True
429,1773638501.793125,1773639118.171567,1127,415,816.582124,2.176682,1.967163,True
430,1773638501.793154,1773639226.707531,1043,394,1032.432417,34.122849,2.540228,True
431,1773638501.793183,1773638757.271212,413,95,93.187434,25.285752,0.722358,True
432,1773638501.793218,1773638825.933023,934,378,228.650628,2.090011,0.600957,True
433,1773638501.793246,1773638805.922462,1039,379,185.719786,16.142731,0.448617,True
434,1773638501.793275,1773638756.288987,91,24,85.576044,31.112980,2.367959,True
435,1773638501.793308,1773639235.081117,1017,393,1041.294235,36.732842,2.562657,True
436,1773638501.793338,1773639197.928360,1007,468,966.758232,25.360497,2.015841,True
437,1773638501.793376,1773638971.037263,375,66,512.750345,29.951632,7.427673,True
438,1773638501.793405,1773638761.293989,10,146,89.088224,12.455421,0.528502,True
439,1773638501.793437,1773639287.833725,994,414,1141.376254,116.804094,2.480804,True
440,1773638501.793467,1773638903.997516,298,18,373.682405,116.793453,15.111115,True
441,1773638501.793499,1773639254.453041,1002,388,1073.220838,116.106931,2.473163,True
442,1773638501.793529,1773639248.427215,1021,390,1060.717281,101.685218,2.465378,True
443,1773638501.793561,1773638938.550018,209,217,437.483505,20.101869,1.932322,True
444,1773638501.793590,1773639020.775614,386,96,601.687905,114.017995,5.133367,True
445,1773638501.793619,1773638898.332276,1092,415,353.622356,49.725275,0.734051,True
446,1773638501.793648,1773639073.731696,403,142,701.774022,111.105048,4.189142,True
447,1773638501.793679,1773638782.311898,415,101,118.913306,17.054499,1.018588,True
448,1773638501.793708,1773639228.967309,1013,363,1012.014925,103.347354,2.510131,True
449,1773638501.793736,1773639260.184503,1014,395,1074.222921,110.876309,2.445042,True
450,1773638501.793765,1773639160.293885,1034,377,873.971259,26.350740,2.254310,True
451,1773638501.793793,1773638820.658113,1002,396,194.474948,17.678533,0.447586,True
452,1773638501.793822,1773639437.382382,1149,516,1427.901049,121.504431,2.536692,True
453,1773638501.793851,1773638813.976580,1112,403,177.812777,6.608098,0.425882,True
454,1773638501.793879,1773639065.284786,1314,159,680.053319,24.401354,4.149696,True
455,1773638501.793908,1773638980.183927,1917,56,509.606900,119.555853,7.091837,True
456,1773638501.793954,1773639320.671124,1043,431,1187.205314,84.703932,2.563957,True
457,1773638501.793998,1773639302.412045,1032,421,1149.780795,117.414087,2.458016,True
458,1773638501.794028,1773639248.530080,1093,382,1039.035842,112.187474,2.432673,True
459,1773638501.794057,1773638842.813558,1173,429,226.734401,22.356236,0.477519,True
460,1773638501.794087,1773639108.817980,203,189,758.698975,82.304624,3.597842,True
461,1773638501.794116,1773639011.527787,390,97,560.769279,80.630292,5.001448,True
462,1773638501.794148,1773639020.066892,409,93,577.620193,109.943341,5.083444,True
463,1773638501.794178,1773639019.310868,402,92,574.292027,109.035542,5.112709,True
464,1773638501.794207,1773639145.051656,1354,225,824.840413,85.264653,3.301678,True
465,1773638501.794236,1773639134.002363,181,213,802.303646,108.349038,3.273371,True
466,1773638501.794266,1773638825.870056,1035,414,185.502205,7.980349,0.429835,True
467,1773638501.794297,1773639304.512398,1033,420,1142.187307,115.993269,2.449150,True
468,1773638501.794326,1773639104.587059,206,179,742.313047,115.982175,3.518713,True
469,1773638501.794355,1773638850.469955,888,426,227.659294,13.509694,0.503881,True
470,1773638501.794386,1773638782.994456,209,183,91.704135,8.846316,0.455263,True
471,1773638501.794418,1773638877.330917,1102,433,279.335977,1.144551,0.643962,True
472,1773638501.794446,1773639327.631530,1007,424,1179.893861,88.143940,2.580969,True
473,1773638501.794475,1773639093.905050,203,167,706.817958,100.704145,3.651288,True
474,1773638501.794504,1773639315.799843,1173,421,1149.462123,112.150614,2.469789,True
475,1773638501.794533,1773639248.319631,1080,371,1013.378796,86.491064,2.505102,True
476,1773638501.794562,1773638853.157786,395,92,222.868980,2.096059,2.426076,True
477,1773638501.794592,1773639572.691463,1011,677,1660.303374,98.660184,2.310123,True
478,1773638501.794621,1773638927.713754,91,24,370.325412,98.649156,11.812011,True
479,1773638501.794650,1773639093.905208,209,167,702.687042,98.638894,3.638844,True
480,1773638501.794678,1773639278.247387,1159,399,1070.979575,121.705790,2.385110,True
481,1773638501.794707,1773638903.366747,463,739,319.827013,12.055964,0.417034,True
482,1773638501.794736,1773639285.543242,1094,398,1081.600967,97.148431,2.479729,True
483,1773638501.794767,1773639121.251920,130,199,750.535521,95.215813,3.309695,True
484,1773638501.794800,1773639094.015312,203,162,695.172982,95.462314,3.724911,True
485,1773638501.794830,1773639150.188210,206,217,807.497424,95.451700,3.296508,True
486,1773638501.794955,1773639256.375243,1003,373,1019.850709,101.081694,2.469809,True
487,1773638501.794994,1773639016.671327,376,88,540.421034,101.071277,5.049997,True
488,1773638501.795025,1773639067.536147,401,125,642.130133,107.629162,4.310492,True
489,1773638501.795055,1773639352.667043,1023,427,1212.371256,127.588801,2.546438,True
490,1773638501.795085,1773638832.110505,197,217,165.394694,1.012251,0.761030,True
491,1773638501.795114,1773638753.802005,91,16,8.694226,2.575906,0.407888,True
492,1773638501.795143,1773639116.019187,77,187,732.448135,114.668582,3.321395,True
493,1773638501.795173,1773639270.632758,1056,396,1041.654850,114.658376,2.346827,True
494,1773638501.795202,1773639272.624309,1033,397,1045.616845,114.648115,2.350931,True
495,1773638501.795231,1773639252.081729,1118,378,1004.509928,114.637106,2.360405,True
496,1773638501.795260,1773639078.362118,1269,152,656.927379,91.301696,3.745865,True
497,1773638501.795290,1773638873.732055,1035,401,239.846445,22.712807,0.542834,True
498,1773638501.795319,1773638850.508607,1256,414,192.818177,11.196245,0.439763,True
499,1773638501.795365,1773639362.695471,1211,450,1212.801390,90.430830,2.499712,True
500,1773638501.795397,1773638784.330532,396,89,54.106965,8.018577,0.523732,True
501,1773638501.795427,1773638911.612705,91,16,304.771640,105.236868,13.302318,True
502,1773638501.795456,1773639320.449052,1066,421,1119.801318,103.915355,2.418776,True
503,1773638501.795487,1773638798.764731,91,24,74.927694,15.220618,2.595960,True
504,1773638501.795515,1773639009.453445,414,79,494.955901,87.651334,5.221853,True
505,1773638501.795547,1773638787.057239,378,52,50.000017,4.086236,0.900270,True
506,1773638501.795577,1773639051.748784,385,112,578.026876,111.335171,4.204430,True
507,1773638501.795606,1773639191.904848,1314,285,856.596443,88.522202,2.704487,True
508,1773638501.795635,1773639016.790113,401,88,499.374408,97.361575,4.620837,True
509,1773638501.795667,1773639034.333079,404,98,534.022591,106.748698,4.404885,True
510,1773638501.795697,1773638920.675349,91,16,306.065591,106.428272,13.309155,True
511,1773638501.795729,1773638875.686461,194,188,212.527854,2.100314,1.125281,True
512,1773638501.795763,1773639264.420690,1111,389,987.605461,95.540658,2.299136,True
513,1773638501.795817,1773638885.254247,1125,395,226.897683,36.400768,0.483495,True
514,1773638501.795850,1773639315.914566,1013,421,1085.449286,108.655134,2.325700,True
515,1773638501.795878,1773639022.990258,847,89,494.093164,98.126893,4.499617,True
516,1773638501.795907,1773639030.373090,375,101,507.371551,87.776455,4.195951,True
517,1773638501.795955,1773639267.543215,1046,393,980.653612,87.247610,2.279097,True
518,1773638501.795986,1773638992.022359,395,58,429.383148,96.739601,5.835852,True
519,1773638501.796016,1773639014.072893,402,86,473.464501,87.122934,4.545195,True
520,1773638501.796045,1773639278.146989,1207,386,994.211087,93.029254,2.340732,True
521,1773638501.796077,1773639307.470685,997,415,1051.374784,99.530549,2.299141,True
522,1773638501.796109,1773639093.785349,191,162,623.363588,99.210117,3.255612,True
523,1773638501.796138,1773639361.747152,978,430,1158.846834,91.747171,2.487412,True
524,1773638501.796167,1773638841.243175,200,217,116.491261,4.499603,0.518480,True
525,1773638501.796199,1773638893.912839,1160,421,219.142777,21.062704,0.471619,True
526,1773638501.796230,1773638914.662400,1216,466,255.204489,18.343987,0.509377,True
527,1773638501.796263,1773639352.667298,912,427,1131.150995,86.978877,2.451108,True
528,1773638501.796292,1773639034.456829,181,104,494.500823,94.107810,3.887311,True
529,1773638501.796320,1773639099.260823,206,162,621.789385,85.704206,3.329722,True
530,1773638501.796349,1773639295.657093,1010,396,1001.359580,87.358177,2.313928,True
531,1773638501.796381,1773638811.767082,975,68,32.940147,1.803609,0.464724,True
532,1773638501.796409,1773638890.543592,1033,396,189.460679,15.768373,0.439727,True
533,1773638501.796443,1773638849.699291,163,157,107.646307,22.315866,0.546990,True
534,1773638501.796472,1773638825.579326,382,62,53.617114,12.810923,0.668954,True
535,1773638501.796501,1773639333.144585,1082,426,1066.012220,81.175040,2.317264,True
536,1773638501.796530,1773638906.384250,1311,415,211.272346,22.547699,0.455857,True
537,1773638501.796559,1773639145.165928,200,217,685.024876,78.660596,2.807242,True
538,1773638501.796587,1773638927.485729,91,16,246.293170,77.996395,11.219785,True
539,1773638501.796617,1773639020.067074,181,85,431.247958,77.402036,4.212451,True
540,1773638501.796649,1773638899.821574,1004,412,187.782451,10.873095,0.430436,True
541,1773638501.796677,1773639089.207086,1315,144,566.239586,87.605798,3.347089,True
542,1773638501.796709,1773639101.906184,203,161,591.613868,87.594998,3.150118,True
543,1773638501.796739,1773639313.363663,960,403,1014.509178,87.584092,2.305784,True
544,1773638501.796768,1773639262.239259,1032,387,912.115211,75.131563,2.168351,True
545,1773638501.796798,1773639278.033896,1144,396,943.499403,77.873009,2.191459,True
546,1773638501.796827,1773638846.485292,414,130,75.391788,8.014232,0.522307,True
547,1773638501.796858,1773638831.945538,399,86,40.349321,0.584713,0.467819,True
548,1773638501.796888,1773639037.287755,1113,98,447.939348,89.588099,3.694343,True
549,1773638501.796927,1773639037.517644,181,107,447.985321,67.788735,3.586760,True
550,1773638501.796978,1773638858.481469,161,193,89.001831,4.398182,0.440644,True
551,1773638501.797008,1773638909.253849,1001,398,190.423191,16.048880,0.439230,True
552,1773638501.797036,1773638991.377982,371,54,352.248708,78.439695,5.166208,True
553,1773638501.797065,1773639267.653511,1176,385,898.650113,84.576956,2.119982,True
554,1773638501.797094,1773639340.492241,1061,429,1044.120104,62.881655,2.292613,True
555,1773638501.797126,1773639035.786747,886,95,434.688111,84.463347,3.725795,True
556,1773638501.797156,1773638937.385502,1137,428,233.438787,9.425116,0.524622,True
557,1773638501.797185,1773639289.558153,1245,389,930.285945,71.279492,2.213934,True
558,1773638501.797216,1773639034.099176,401,103,419.161545,56.795092,3.552612,True
559,1773638501.797249,1773639023.569656,405,83,397.896781,78.284722,3.897708,True
560,1773638501.797276,1773638863.200066,1319,169,75.227636,9.676015,0.390188,True
561,1773638501.797304,1773638968.415905,1052,429,285.078620,28.955685,0.598418,True
562,1773638501.797333,1773638833.603851,91,24,15.330314,0.610126,0.640008,True
563,1773638501.797373,1773639297.428484,1062,393,941.567072,72.172859,2.217842,True
564,1773638501.797404,1773638996.607309,2042,52,336.524855,78.929158,5.050896,True
565,1773638501.797433,1773638951.963184,328,18,247.214086,78.917552,9.899796,True
566,1773638501.797462,1773639067.766374,8,122,478.799089,78.907158,3.304892,True
567,1773638501.797494,1773638907.208845,1313,156,154.144119,24.083649,0.839100,True
568,1773638501.797526,1773638960.112371,1129,414,256.328130,1.144799,0.617877,True
569,1773638501.797554,1773638860.424580,405,110,56.620565,1.269748,0.507806,True
570,1773638501.797583,1773638856.982175,393,105,48.729867,3.501092,0.434892,True
571,1773638501.797611,1773638880.465208,167,187,93.701009,0.476449,0.501207,True
572,1773638501.797640,1773639397.739959,1040,456,1126.912579,76.755103,2.308038,True
573,1773638501.797669,1773639297.316892,1113,399,926.044341,81.607607,2.121700,True
574,1773638501.797701,1773639333.370051,1042,411,998.130412,64.512695,2.277116,True
575,1773638501.797730,1773639313.143984,1180,414,957.513134,56.660531,2.181241,True
576,1773638501.797761,1773639337.485068,1069,426,1005.984148,56.555233,2.233950,True
577,1773638501.797789,1773639149.962154,209,217,630.917015,56.544060,2.659134,True
578,1773638501.797818,1773639347.114228,1065,426,1025.199730,81.387486,2.220735,True
579,1773638501.797847,1773638884.638595,128,173,88.067714,1.468716,0.503483,True
580,1773638501.797876,1773638990.088094,1037,415,297.674133,64.898317,0.562260,True
581,1773638501.797921,1773638927.124409,966,403,168.599726,2.843328,0.412329,True
582,1773638501.797980,1773639051.748965,380,99,413.370174,71.621142,3.487235,True
583,1773638501.798010,1773639293.219178,1087,396,896.105197,70.735335,2.089544,True
584,1773638501.798039,1773638876.322298,218,179,59.659952,0.590263,0.331852,True
585,1773638501.798073,1773639005.685527,387,75,316.069362,43.396965,3.684762,True
586,1773638501.798101,1773639439.745232,1000,498,1183.962376,70.564720,2.240237,True
587,1773638501.798130,1773638933.733020,383,114,168.047053,56.440123,0.987672,True
588,1773638501.798159,1773639357.485599,1093,429,1014.390362,75.043973,2.194735,True
589,1773638501.798188,1773638945.341578,1262,390,189.725558,1.251883,0.484508,True
590,1773638501.798221,1773639383.364311,1473,450,1065.729832,40.548372,2.283255,True
591,1773638501.798250,1773639023.969610,1127,563,346.918458,58.160272,0.513805,True
592,1773638501.798279,1773638991.172466,1076,464,276.013601,18.735631,0.555676,True
593,1773638501.798308,1773639272.624481,1067,393,838.340737,37.594609,2.042720,True
594,1773638501.798337,1773639009.689340,402,73,312.246380,49.969721,3.642731,True
595,1773638501.798365,1773639116.367180,209,179,525.579184,49.959265,2.672022,True
596,1773638501.798394,1773639300.284860,1047,401,893.393031,56.984867,2.091020,True
597,1773638501.798426,1773639144.710047,200,193,582.224026,63.086401,2.703842,True
598,1773638501.798455,1773639307.470527,942,404,907.721883,56.963890,2.111062,True
599,1773638501.798485,1773638954.895485,1072,446,195.820846,8.425516,0.421113,True
600,1773638501.798517,1773638964.833062,1232,419,212.681048,17.600135,0.466701,True
601,1773638501.798545,1773638883.091592,373,91,45.313363,0.575662,0.497086,True
602,1773638501.798574,1773638960.590108,999,395,194.764131,15.192469,0.455766,True
603,1773638501.798603,1773639376.687691,1146,426,1024.184820,52.089242,2.287284,True
604,1773638501.798632,1773639581.809460,1049,667,1434.221136,55.620996,2.069970,True
605,1773638501.798662,1773639283.571853,1130,375,837.725833,55.610664,2.091217,True
606,1773638501.798690,1773639370.203073,1009,419,1010.968143,62.015433,2.270222,True
607,1773638501.798719,1773639218.707291,1317,320,707.953751,60.604366,2.029308,True
608,1773638501.798748,1773638933.990379,921,114,127.989021,38.958597,0.787880,True
609,1773638501.798780,1773638978.307090,1157,429,209.128096,16.105018,0.450988,True
610,1773638501.798810,1773639367.959598,1093,425,987.528880,53.047330,2.203966,True
611,1773638501.798841,1773639327.747763,1035,405,907.083628,54.796314,2.109622,True
612,1773638501.798871,1773639315.800146,1009,395,883.166698,62.230641,2.083594,True
613,1773638501.798900,1773639025.736687,482,73,303.019487,62.220184,3.344435,True
614,1773638501.798930,1773639063.863146,401,104,379.106145,52.424753,3.171664,True
615,1773638501.798978,1773639357.485753,1046,429,966.142712,50.920946,2.138369,True
616,1773638501.799025,1773638991.224505,1230,389,231.070644,24.581945,0.532187,True
617,1773638501.799061,1773638929.579902,161,159,106.507323,13.521765,0.588516,True
618,1773638501.799089,1773638934.551331,26,238,114.419076,1.200200,0.477717,True
619,1773638501.799118,1773639029.204539,1108,399,297.456973,3.559350,0.738436,True
620,1773638501.799148,1773639077.653913,378,124,390.158237,50.269453,2.763323,True
621,1773638501.799177,1773639350.836138,1051,410,936.082158,62.535837,2.135810,True
622,1773638501.799206,1773639051.506582,2,93,337.400458,62.524671,2.987780,True
623,1773638501.799235,1773639285.655892,1001,373,805.678064,69.019262,1.980266,True
624,1773638501.799264,1773639394.403340,1059,429,1023.150728,76.947904,2.210754,True
625,1773638501.799375,1773639069.203244,996,385,372.213541,64.044100,0.802525,True
626,1773638501.799407,1773639323.340772,1096,396,878.124876,42.456272,2.115617,True
627,1773638501.799437,1773639052.094052,417,98,335.609438,42.445636,3.022307,True
628,1773638501.799467,1773639054.584624,1139,396,339.884338,15.628798,0.820900,True
629,1773638501.799496,1773638897.516516,310,18,24.516896,6.004862,1.088943,True
630,1773638501.799531,1773638994.541824,1027,482,207.982634,2.838995,0.426494,True
631,1773638501.799562,1773638985.024092,1007,388,182.204401,18.861535,0.422075,True
632,1773638501.799594,1773639104.469928,161,150,420.847767,32.688273,2.605097,True
633,1773638501.799624,1773639327.631863,1025,394,862.774324,34.428507,2.107750,True
634,1773638501.799653,1773639337.261046,1044,413,881.601928,36.385135,2.051497,True
635,1773638501.799683,1773639065.166073,404,108,337.391911,38.530267,2.793099,True
636,1773638501.799712,1773638999.677429,1036,425,204.311997,4.412606,0.471461,True
637,1773638501.799743,1773639122.631672,1098,396,448.592958,95.440485,0.894057,True
638,1773638501.799776,1773639069.579966,405,105,341.274704,60.832953,2.696555,True
639,1773638501.799804,1773639049.577626,1269,451,299.505979,32.336195,0.593711,True
640,1773638501.799837,1773638920.808352,788,51,34.871701,9.410699,0.509220,True
641,1773638501.799866,1773639306.360287,918,397,804.704062,30.992090,1.953818,True
642,1773638501.799895,1773639129.594247,206,179,451.149100,36.194834,2.331204,True
643,1773638501.799924,1773639577.968643,1068,664,1347.875694,36.183955,1.978419,True
644,1773638501.799979,1773639009.618111,1042,472,206.463646,10.442987,0.416180,True
645,1773638501.800012,1773638949.218977,417,92,84.010527,2.129150,0.899795,True
646,1773638501.800041,1773639108.933908,409,146,402.155560,51.918648,2.415427,True
647,1773638501.800070,1773639272.736155,1002,373,729.533803,40.768807,1.851519,True
648,1773638501.800100,1773638942.316415,942,104,66.119138,13.413700,0.511703,True
649,1773638501.800129,1773639370.892470,983,414,918.998356,26.715249,2.160492,True
650,1773638501.800158,1773639662.676877,1113,1000,1502.544233,37.333673,1.466677,True
651,1773638501.800191,1773639170.530026,203,217,518.043570,26.600188,2.275201,True
652,1773638501.800220,1773639045.520475,435,83,268.002957,48.255838,2.679843,True
653,1773638501.800252,1773638975.753974,91,16,128.264703,37.117360,6.076490,True
654,1773638501.800281,1773639017.762573,1071,386,206.182876,25.901207,0.468264,True
655,1773638501.800309,1773639170.529845,167,217,507.186951,21.171992,2.250069,True
656,1773638501.800338,1773639114.751084,200,161,395.417562,31.696526,2.273256,True
657,1773638501.800370,1773639059.563167,181,92,277.984699,17.537487,2.862057,True
658,1773638501.800398,1773639080.420866,181,118,319.679246,17.527321,2.582495,True
659,1773638501.800426,1773639512.785829,1201,546,1184.199375,30.242975,2.117351,True
660,1773638501.800455,1773639343.578680,1208,400,845.763993,22.981044,2.062113,True
661,1773638501.800487,1773639017.142627,373,57,192.871681,39.067876,2.746497,True
662,1773638501.800515,1773639340.268901,1005,407,838.958615,32.582855,1.986147,True
663,1773638501.800544,1773638975.291119,130,199,108.960123,19.761253,0.450499,True
664,1773638501.800573,1773639044.732621,1008,398,235.214886,35.546589,0.502943,True
665,1773638501.800604,1773638975.517496,91,16,96.038968,16.180348,5.323908,True
666,1773638501.800636,1773639074.655237,392,109,294.090018,32.164808,2.425233,True
667,1773638501.800665,1773639060.339669,394,94,265.229345,32.810127,2.499131,True
668,1773638501.800693,1773639434.127853,988,466,1009.746384,14.423337,2.140480,True
669,1773638501.800725,1773639047.020539,1146,380,234.871233,38.315089,0.518618,True
670,1773638501.800754,1773639392.222416,1091,436,922.597750,33.916793,2.042945,True
671,1773638501.800783,1773639048.933402,379,87,231.453810,31.633637,2.323490,True
672,1773638501.800812,1773639060.231924,411,93,253.618087,26.352018,2.470283,True
673,1773638501.800841,1773638947.965020,396,65,28.442045,6.828369,0.337714,True
674,1773638501.800869,1773639056.965653,1060,396,245.928876,16.105033,0.581833,True
675,1773638501.800904,1773639044.684239,1046,429,220.250169,1.101665,0.512029,True
676,1773638501.800950,1773639039.336482,398,79,208.395899,8.539040,2.562267,True
677,1773638501.800983,1773639064.927590,381,99,259.553998,8.527994,2.561490,True
678,1773638501.801016,1773639058.887995,1117,428,242.985891,12.839093,0.538985,True
679,1773638501.801054,1773639026.315973,383,69,175.752745,5.238110,2.507568,True
680,1773638501.801084,1773639074.538419,403,106,271.971107,5.781719,2.535137,True
681,1773638501.801113,1773639030.611767,377,69,184.095717,10.929492,2.546562,True
682,1773638501.801142,1773639065.513731,403,101,253.879376,26.265963,2.276134,True
683,1773638501.801171,1773639070.798796,1145,396,256.952503,45.450777,0.535447,True
684,1773638501.801203,1773639346.810415,1209,403,805.997536,15.964028,1.965257,True
685,1773638501.801232,1773639140.008484,893,455,389.326088,85.609456,0.668979,True
686,1773638501.801260,1773639350.613600,1036,411,810.303894,22.202175,1.922199,True
687,1773638501.801289,1773639163.949592,203,217,436.952656,22.190739,1.920194,True
688,1773638501.801318,1773639033.332318,200,217,170.728835,39.805266,0.606128,True
689,1773638501.801347,1773638980.064376,299,18,62.371096,2.211771,3.538784,True
690,1773638501.801389,1773639401.737193,1142,436,905.288120,25.233191,2.023115,True
691,1773638501.801417,1773639098.333285,1318,234,298.214984,43.981207,1.091132,True
692,1773638501.801446,1773638980.183760,323,18,61.121186,10.152083,2.998183,True
693,1773638501.801481,1773639383.247001,1023,416,862.545162,1.872815,2.073909,True
694,1773638501.801509,1773639550.318611,1039,593,1196.462133,11.906076,2.000939,True
695,1773638501.801541,1773639371.009058,1024,414,837.618356,11.792950,1.999577,True
696,1773638501.801572,1773639129.156776,206,165,353.892687,11.782505,2.086038,True
697,1773638501.801603,1773639069.698098,371,97,234.953531,22.104510,2.217177,True
698,1773638501.801632,1773638977.512282,373,66,45.219827,12.997567,0.495727,True
699,1773638501.801660,1773639037.053146,385,73,154.298623,0.836770,2.131415,True
700,1773638501.801689,1773639129.938029,203,167,339.824941,14.300611,1.960990,True
701,1773638501.801718,1773638990.007387,398,132,59.778701,1.363142,0.445920,True
702,1773638501.801756,1773639074.275683,1241,421,227.365135,21.722579,0.489625,True
703,1773638501.801789,1773639293.104696,1050,374,664.450906,6.208930,1.764724,True
704,1773638501.801818,1773639051.506747,401,86,181.231844,6.198156,2.059220,True
705,1773638501.801847,1773639323.226659,1436,386,724.463961,16.838100,1.837989,True
706,1773638501.801876,1773638998.504824,389,65,67.322950,17.472315,0.778916,True
707,1773638501.801905,1773639013.955335,386,49,97.955344,4.714650,1.942514,True
708,1773638501.801953,1773639403.498705,1069,426,877.019239,4.703661,2.052507,True
709,1773638501.801989,1773639172.581956,212,217,414.958915,4.723792,1.899237,True
710,1773638501.802017,1773639304.731872,991,373,679.031551,4.476928,1.813319,True
711,1773638501.802050,1773639084.034188,181,112,237.410037,4.764171,2.095909,True
712,1773638501.802079,1773639112.625562,395,142,294.572245,14.242141,1.988157,True
713,1773638501.802111,1773639093.337902,1007,451,249.828177,24.540951,0.500638,True
714,1773638501.802141,1773639065.284634,395,91,189.641932,0.976426,2.096283,True
715,1773638501.802170,1773638994.475619,324,18,46.854402,8.533037,2.254198,True
716,1773638501.802198,1773639135.744427,200,167,327.395416,7.535593,1.926866,True
717,1773638501.802230,1773639077.185302,397,103,203.800498,0.991067,1.988328,True
718,1773638501.802260,1773639016.356375,452,101,82.123262,17.669905,0.644534,True
719,1773638501.802289,1773639076.033487,391,93,201.018105,2.514621,2.157647,True
720,1773638501.802320,1773639403.729025,1061,429,855.933173,7.411374,1.982528,True
721,1773638501.802349,1773639332.916036,1007,379,714.287911,12.345280,1.856991,True
722,1773638501.802381,1773639005.432878,398,99,55.835429,4.800490,0.520765,True
723,1773638501.802411,1773639374.248203,913,398,791.922331,12.204609,1.964024,True
724,1773638501.802440,1773639088.109292,999,412,219.600971,19.249744,0.487473,True
725,1773638501.802468,1773639065.044379,385,84,169.937477,0.731563,2.038625,True
726,1773638501.802500,1773639386.203690,1161,408,812.029206,2.501676,1.989011,True
727,1773638501.802529,1773639096.015686,396,113,231.632360,1.041911,2.058843,True
728,1773638501.802563,1773639159.396820,200,188,358.374142,2.480742,1.903173,True
729,1773638501.802596,1773639380.396190,1116,401,798.911142,12.520284,1.965977,True
730,1773638501.802624,1773639126.058385,1046,531,282.062932,28.071235,0.479230,True
731,1773638501.802652,1773639392.335303,1015,397,813.809327,1.759191,2.050632,True
732,1773638501.802680,1773639080.191422,396,95,189.270810,1.837292,1.993974,True
733,1773638501.802709,1773639174.817507,1320,201,377.598087,12.965599,1.823162,True
734,1773638501.802737,1773639397.853901,1040,396,817.794427,2.068563,2.065129,True
735,1773638501.802766,1773639142.081059,416,153,305.765737,9.786023,1.947235,True
736,1773638501.802795,1773639055.107130,384,61,131.357339,2.349898,2.150124,True
737,1773638501.802824,1773639114.534267,1288,418,249.031988,1.101672,0.594557,True
738,1773638501.802856,1773639041.177921,203,162,102.170146,23.005340,0.491707,True
739,1773638501.802885,1773639075.831736,400,82,169.296865,64.748672,1.290718,True
740,1773638501.802914,1773639108.320721,209,217,234.171023,67.060668,0.773659,True
741,1773638501.802962,1773639128.948859,402,134,275.139967,2.849764,2.047295,True
742,1773638501.802995,1773639142.196156,906,146,300.557282,2.311113,2.056870,True
743,1773638501.803025,1773639180.745898,1312,204,377.433125,11.993565,1.800195,True
744,1773638501.803054,1773639366.197434,1042,373,743.437924,1.529039,1.994379,True
745,1773638501.803083,1773639037.811011,128,205,86.521900,3.363056,0.407641,True
746,1773638501.803116,1773639386.318379,1067,398,783.433156,9.421449,1.949652,True
747,1773638501.803145,1773639403.728848,1170,398,814.232648,14.787968,2.013715,True
748,1773638501.803175,1773639083.789388,1129,396,170.558998,3.419694,0.423137,True
749,1773638501.803205,1773639145.051810,401,144,291.155853,0.975138,2.029236,True
750,1773638501.803237,1773639135.847538,1032,401,272.328455,7.893183,0.661088,True
751,1773638501.803266,1773639131.254333,407,122,261.112279,18.207097,2.007481,True
752,1773638501.803295,1773639152.454190,1102,425,294.020384,43.789568,0.590167,True
753,1773638501.803328,1773639423.676386,1088,407,836.214722,1.847372,2.055092,True
754,1773638501.803360,1773639115.671618,385,107,219.958438,1.929832,2.056874,True
755,1773638501.803389,1773639418.257094,967,398,824.429507,2.928063,2.069273,True
756,1773638501.803417,1773639098.449486,395,83,177.990065,9.451107,2.055353,True
757,1773638501.803446,1773639103.650216,1160,392,188.042396,10.414106,0.454292,True
758,1773638501.803475,1773639425.993474,1019,413,832.601304,2.664285,2.014410,True
759,1773638501.803504,1773639172.354070,181,172,325.071194,9.885364,1.843192,True
760,1773638501.803533,1773639034.457003,91,24,48.821011,2.633284,2.008162,True
761,1773638501.803561,1773639140.414114,409,125,257.749205,1.700138,2.064912,True
762,1773638501.803590,1773639078.127563,383,58,128.337601,0.983558,2.234281,True
763,1773638501.803622,1773639374.478254,1363,363,720.787789,2.339184,1.984665,True
764,1773638501.803730,1773639158.824245,1034,550,284.927825,11.639079,0.497794,True
765,1773638501.803762,1773639186.621454,200,174,339.876113,0.739345,1.960328,True
766,1773638501.803795,1773639394.403505,998,373,755.212170,1.739194,2.025465,True
767,1773638501.803825,1773639205.887072,203,217,377.471760,2.031554,1.738149,True
768,1773638501.803854,1773639235.912522,1317,268,437.295336,5.596196,1.616851,True
769,1773638501.803883,1773639139.676543,1001,399,243.812049,10.228982,0.586892,True
770,1773638501.803914,1773639170.746010,167,168,302.847525,3.538934,1.792267,True
771,1773638501.803965,1773639449.433034,1093,429,858.713165,5.043091,1.994556,True
772,1773638501.803995,1773639067.766534,373,27,95.359083,18.045517,2.973599,True
773,1773638501.804023,1773639200.968930,209,194,360.373607,17.350617,1.777321,True
774,1773638501.804052,1773639182.644515,1314,161,323.703600,23.946141,1.873484,True
775,1773638501.804081,1773639045.402748,91,16,44.807105,0.654685,2.943495,True
776,1773638501.804114,1773639484.692545,1072,446,922.679865,2.252740,2.068376,True
777,1773638501.804144,1773639108.700900,370,69,170.245809,21.160995,2.192424,True
778,1773638501.804176,1773639078.044377,379,88,108.142309,37.751359,0.809091,True
779,1773638501.804204,1773639157.971078,1129,136,264.455027,2.451237,1.940769,True
780,1773638501.804233,1773639116.367018,372,90,181.223293,2.439700,2.008804,True
781,1773638501.804265,1773639414.228329,1297,368,775.810984,3.921641,2.103241,True
782,1773638501.804294,1773639174.060804,1012,420,289.708950,40.869965,0.593888,True
783,1773638501.804326,1773639084.144759,377,53,107.529052,0.969713,2.049218,True
784,1773638501.804354,1773639451.356474,1191,411,841.481856,2.646844,2.045939,True
785,1773638501.804383,1773639131.032575,393,101,200.809021,2.635449,1.981736,True
786,1773638501.804412,1773639188.302746,1208,413,309.934859,40.881497,0.653042,True
787,1773638501.804440,1773639098.214262,379,62,128.455804,0.983358,2.089712,True
788,1773638501.804469,1773639104.586868,394,70,140.951555,1.554899,2.020241,True
789,1773638501.804498,1773639129.823600,425,96,190.974073,1.329018,1.996264,True
790,1773638501.804527,1773639055.107293,313,18,41.293191,1.994535,2.311686,True
791,1773638501.804555,1773639209.757570,134,202,350.574377,1.426168,1.737056,True
792,1773638501.804583,1773639455.002578,181,418,841.043131,1.973626,2.012157,True
793,1773638501.804612,1773639451.575142,1027,405,831.566083,15.112013,2.020926,True
794,1773638501.804641,1773639480.405096,1035,431,886.697539,1.924130,2.057613,True
795,1773638501.804669,1773639135.744272,391,93,196.894842,13.607594,1.992253,True
796,1773638501.804698,1773639154.291117,395,118,233.531306,2.659673,1.973262,True
797,1773638501.804743,1773639096.483758,371,58,117.894095,2.648555,2.021852,True
798,1773638501.804783,1773639144.642320,1098,396,213.658590,16.039586,0.500301,True
799,1773638501.804811,1773639443.749714,1296,398,808.818344,2.874386,2.030086,True
800,1773638501.804841,1773639114.312083,124,159,146.256365,33.032989,0.716604,True
801,1773638501.804874,1773639145.051815,394,104,205.171171,2.479883,1.967877,True
802,1773638501.804903,1773639447.664336,1230,399,810.145962,15.292329,1.997120,True
803,1773638501.804952,1773639064.263617,380,74,39.139597,1.357689,0.517560,True
804,1773638501.804995,1773639056.465124,91,16,23.461294,9.118128,0.956211,True
805,1773638501.805024,1773639455.223079,1298,402,819.636284,2.168385,2.038573,True
806,1773638501.805057,1773639449.320088,1101,405,807.576498,2.558238,1.992619,True
807,1773638501.805086,1773639191.210885,998,518,288.364525,6.824092,0.544566,True
808,1773638501.805115,1773639101.127040,378,52,104.365145,8.939063,1.871100,True
809,1773638501.805144,1773639440.085066,1033,394,782.259575,8.928288,1.967764,True
810,1773638501.805176,1773639096.103079,395,90,93.042823,5.133327,0.987747,True
811,1773638501.805207,1773639468.579149,1120,415,834.129998,1.898300,2.010221,True
812,1773638501.805236,1773639153.948140,420,104,204.846232,7.165069,1.919235,True
813,1773638501.805265,1773639456.989838,1138,396,810.475301,3.231937,2.043654,True
814,1773638501.805298,1773639140.414269,406,89,177.301558,3.221044,1.978188,True
815,1773638501.805327,1773639189.659407,1314,152,275.115729,6.379244,1.779712,True
816,1773638501.805364,1773639500.513678,1057,445,893.939076,5.890437,2.000110,True
817,1773638501.805395,1773639457.209900,1074,403,807.312531,9.111437,1.985575,True
818,1773638501.805433,1773639500.513843,1133,432,893.897845,17.688967,2.032967,True
819,1773638501.805470,1773639211.729147,1110,451,314.271222,22.193310,0.649062,True
820,1773638501.805498,1773639168.324780,1005,111,226.413072,18.133107,1.893454,True
821,1773638501.805527,1773639163.841262,853,106,217.423780,18.122228,1.898110,True
822,1773638501.805556,1773639198.997449,1198,396,285.042598,31.513498,0.641846,True
823,1773638501.805585,1773639072.659277,372,61,31.365585,1.631898,0.495561,True
824,1773638501.805614,1773639097.958396,381,91,78.132660,15.324919,0.697864,True
825,1773638501.805647,1773639467.801482,1112,404,816.466351,2.097517,2.020766,True
826,1773638501.805677,1773639151.397110,956,75,182.317614,19.353874,2.202213,True
827,1773638501.805706,1773639156.730576,431,99,192.777224,14.067533,1.823568,True
828,1773638501.805738,1773639488.268547,957,414,848.796367,3.299959,2.047207,True
829,1773638501.805768,1773639084.810191,400,85,41.075450,0.595122,0.481909,True
830,1773638501.805814,1773639154.511442,394,93,179.154866,2.236479,1.923026,True
831,1773638501.805860,1773639534.006493,1216,456,937.915208,18.385297,2.020945,True
832,1773638501.805890,1773639106.477373,1398,44,82.606906,4.276960,1.821627,True
833,1773638501.805919,1773639214.494521,218,179,298.413632,9.676394,1.622119,True
834,1773638501.805970,1773639158.495963,391,93,186.393520,14.646490,1.866816,True
835,1773638501.806001,1773639154.060740,383,83,177.089919,14.429320,1.983666,True
836,1773638501.806031,1773639200.068763,22,147,265.058278,8.784202,1.755302,True
837,1773638501.806060,1773639478.703022,1247,398,821.850560,17.909539,2.025040,True
838,1773638501.806089,1773639216.367075,1318,139,297.156875,52.094397,1.775815,True
839,1773638501.806122,1773639159.223522,203,193,180.036960,1.148800,0.931709,True
840,1773638501.806151,1773639490.819166,1135,410,842.465817,13.847712,2.025961,True
841,1773638501.806179,1773639519.668816,1009,393,899.936705,52.966936,2.160637,True
842,1773638501.806208,1773639504.746011,1249,413,869.615139,18.583539,2.065611,True
843,1773638501.806237,1773639107.442654,391,94,73.279821,8.108591,0.700766,True
844,1773638501.806266,1773639109.619082,163,158,73.903887,0.479701,0.467670,True
845,1773638501.806297,1773639177.805422,404,71,208.143364,53.012264,2.216159,True
846,1773638501.806326,1773639111.146470,871,103,73.735664,13.710902,0.588478,True
847,1773638501.806354,1773639498.880712,978,401,848.662069,17.005239,2.079142,True
848,1773638501.806383,1773639114.636027,372,28,79.939867,13.855590,2.447566,True
849,1773638501.806415,1773639142.011825,372,67,132.344615,48.019988,1.277646,True
850,1773638501.806445,1773639519.449848,1165,411,886.826566,24.843537,2.102398,True
851,1773638501.806473,1773639462.955648,1262,373,771.526131,13.440087,2.037866,True
852,1773638501.806502,1773639544.382481,1216,421,933.445637,49.087086,2.105616,True
853,1773638501.806533,1773639097.363034,237,14,38.615725,16.649456,1.689713,True
854,1773638501.806561,1773639127.562766,91,24,98.848119,25.971834,3.168534,True
855,1773638501.806594,1773639478.920979,1196,385,801.338053,17.166098,2.042114,True
856,1773638501.806623,1773639537.505970,1116,411,918.279093,48.379923,2.121705,True
857,1773638501.806651,1773639524.427401,1102,427,888.455643,17.770411,2.043862,True
858,1773638501.806680,1773639174.709078,414,84,188.998324,21.452162,2.018628,True
859,1773638501.806709,1773639168.545046,392,74,176.234639,23.682343,2.089757,True
860,1773638501.806737,1773639100.042792,386,57,32.502974,5.168285,0.488119,True
861,1773638501.806766,1773639526.152356,1111,415,884.454000,20.185234,2.087606,True
862,1773638501.806795,1773639500.728683,997,393,833.380176,22.190532,2.069361,True
863,1773638501.806823,1773639531.615398,987,393,894.927877,51.246649,2.152248,True
864,1773638501.806852,1773639124.243095,203,167,78.850250,0.489514,0.472053,True
865,1773638501.806884,1773639266.890403,209,217,361.208060,19.942754,1.579932,True
866,1773638501.806916,1773639107.617677,908,90,39.009074,2.683591,0.408151,True
867,1773638501.806965,1773639205.215643,404,126,232.640426,20.692543,1.695583,True
868,1773638501.806994,1773639556.411482,1296,448,934.395780,19.243457,2.047321,True
869,1773638501.807023,1773639115.542404,396,87,44.400816,2.223883,0.490429,True
870,1773638501.807051,1773639521.875930,1035,411,856.174399,20.485434,2.038266,True
871,1773638501.807080,1773639204.987607,416,99,222.377727,45.454867,1.805335,True
872,1773638501.807109,1773639260.298398,167,205,332.773021,14.544806,1.559942,True
873,1773638501.807137,1773639543.946412,907,429,900.046059,24.006512,2.046821,True
874,1773638501.807172,1773639207.988721,429,108,227.944430,45.237287,1.707543,True
875,1773638501.807201,1773639192.020636,1361,98,192.000916,16.013558,1.814303,True
876,1773638501.807230,1773639133.371080,130,173,74.514361,0.472793,0.430474,True
877,1773638501.807259,1773639285.655898,203,217,378.338446,21.443425,1.652292,True
878,1773638501.807287,1773639149.823778,126,203,104.905601,0.464946,0.517033,True
879,1773638501.807316,1773639127.982092,1082,105,60.029305,7.880165,0.501434,True
880,1773638501.807345,1773639158.189737,397,54,119.943381,13.815107,2.002420,True
881,1773638501.807374,1773639115.850488,383,72,35.012866,0.586438,0.484879,True
882,1773638501.807405,1773639285.764127,416,144,374.611971,78.662644,2.069576,True
883,1773638501.807435,1773639534.220269,1072,411,869.895519,21.086501,2.070266,True
884,1773638501.807463,1773639124.022790,380,112,47.941945,0.940884,0.423433,True
885,1773638501.807492,1773639550.829484,1161,440,899.620040,20.106649,2.003447,True
886,1773638501.807521,1773639418.374593,197,217,634.485043,75.988096,2.585634,True
887,1773638501.807552,1773639186.621289,368,62,169.407897,28.758689,2.305725,True
888,1773638501.807581,1773639541.814239,1101,402,879.773674,31.836886,2.114556,True
889,1773638501.807610,1773639139.211834,405,142,71.100958,3.066385,0.482515,True
890,1773638501.807638,1773639206.551480,181,119,204.141161,16.645142,1.588949,True
891,1773638501.807667,1773639182.427629,910,60,155.667023,29.170388,2.144011,True
892,1773638501.807695,1773639539.308740,994,396,869.407754,39.181287,2.101839,True
893,1773638501.807727,1773639585.510145,1201,497,958.042498,31.987675,1.867046,True
894,1773638501.807756,1773639124.900239,400,95,34.905331,0.971065,0.361003,True
895,1773638501.807788,1773639128.039541,404,101,40.831586,2.089049,0.387425,True
896,1773638501.807816,1773639198.760683,1001,371,180.862201,1.070349,0.485924,True
897,1773638501.807845,1773639548.099471,1004,412,878.775294,29.764158,2.065721,True
898,1773638501.807874,1773639537.399172,1118,385,857.148885,44.769955,2.115570,True
899,1773638501.807905,1773639238.537490,391,98,259.198361,68.182272,1.969238,True
900,1773638501.807951,1773639127.088356,374,70,34.934852,0.590490,0.497744,True
901,1773638501.807987,1773639226.489501,395,132,233.305124,31.658206,1.539289,True
902,1773638501.808015,1773639171.767074,1318,151,121.230918,2.738829,0.789947,True
903,1773638501.808122,1773639259.852840,373,126,294.451840,64.493648,1.839666,True
904,1773638501.808160,1773639357.718066,167,217,489.709315,40.731560,2.078601,True
905,1773638501.808190,1773639134.014149,404,96,39.385087,0.979052,0.404274,True
906,1773638501.808220,1773639137.952355,399,91,46.828498,0.599426,0.513656,True
907,1773638501.808254,1773639163.502774,309,18,97.723963,38.953935,3.457060,True
908,1773638501.808286,1773639244.427258,914,100,259.346446,67.546243,1.937376,True
909,1773638501.808319,1773639149.706343,398,99,68.317659,0.979843,0.687121,True
910,1773638501.808347,1773639562.411476,923,416,893.456612,39.907217,2.056746,True
911,1773638501.808376,1773639139.039302,392,91,46.361944,0.589989,0.508577,True
912,1773638501.808405,1773639285.655714,206,171,339.266045,42.353646,1.746544,True
913,1773638501.808434,1773639567.524235,1231,416,902.307272,49.128607,2.055852,True
914,1773638501.808463,1773639570.061395,1181,415,907.359606,53.572253,2.062288,True
915,1773638501.808491,1773639196.612978,374,73,157.102588,23.433912,1.856509,True
916,1773638501.808521,1773639260.073778,396,120,283.798284,56.176854,1.912785,True
917,1773638501.808553,1773639414.459227,181,209,592.357597,64.020654,2.540081,True
918,1773638501.808585,1773639228.755084,1658,82,214.994309,65.235923,1.848869,True
919,1773638501.808614,1773639162.895978,165,158,80.514873,1.494472,0.503315,True
920,1773638501.808643,1773639302.526394,405,133,358.988560,69.522116,2.192928,True
921,1773638501.808671,1773639584.483752,1205,409,922.883160,79.910110,2.066110,True
922,1773638501.808700,1773639236.214094,1120,397,224.372308,14.061500,0.531088,True
923,1773638501.808734,1773639136.004264,367,49,23.500765,0.583321,0.477447,True
924,1773638501.808764,1773639162.156045,405,96,74.507780,2.017431,0.763056,True
925,1773638501.808794,1773639157.437595,442,78,62.742380,1.796687,0.791503,True
926,1773638501.808824,1773639232.814477,1009,399,211.430467,1.066307,0.528553,True
927,1773638501.808863,1773639207.444540,375,94,159.746936,15.247774,1.553754,True
928,1773638501.808892,1773639242.356798,1009,399,228.735626,20.705239,0.522689,True
929,1773638501.808922,1773639179.640133,1313,162,103.196949,3.989596,0.616195,True
930,1773638501.808970,1773639568.062567,1133,432,878.210530,20.533720,1.989969,True
931,1773638501.809001,1773639217.601022,385,77,176.879949,45.190700,1.732753,True
932,1773638501.809029,1773639588.444061,1296,405,917.682001,82.446231,2.067415,True
933,1773638501.809062,1773639599.790781,1199,440,939.915594,46.512734,2.035086,True
934,1773638501.809091,1773639278.146796,1321,180,296.394951,19.541539,1.546667,True
935,1773638501.809120,1773639289.774887,437,92,319.419623,81.983758,2.609185,True
936,1773638501.809152,1773639205.440008,440,84,148.800303,18.450933,1.570474,True
937,1773638501.809183,1773639196.613136,381,67,131.124075,18.440570,1.707326,True
938,1773638501.809211,1773639333.260507,420,103,404.007788,85.777028,3.119909,True
939,1773638501.809239,1773639254.087976,1060,449,241.419906,15.316205,0.504696,True
940,1773638501.809268,1773639584.177282,1199,373,900.339861,86.324701,2.188213,True
941,1773638501.809296,1773639167.114851,390,99,66.193925,0.959044,0.665662,True
942,1773638501.809325,1773639350.055400,203,217,429.045984,15.061718,1.916594,True
943,1773638501.809364,1773639643.135406,999,575,1014.773859,92.333338,1.607039,True
944,1773638501.809394,1773639615.821772,1231,463,960.124463,97.116343,1.867983,True
945,1773638501.809424,1773639258.762128,1165,409,245.818836,21.056490,0.550888,True
946,1773638501.809453,1773639231.675903,987,393,191.341903,1.071078,0.485385,True
947,1773638501.809481,1773639163.006656,414,101,50.086841,0.584025,0.495028,True
948,1773638501.809514,1773639221.134565,396,102,164.174825,1.235244,1.613263,True
949,1773638501.809542,1773639179.640419,1865,122,80.834080,4.130764,0.633912,True
950,1773638501.809574,1773639169.739223,390,83,60.111587,4.545452,0.677636,True
951,1773638501.809603,1773639262.498902,1083,429,244.975212,20.083612,0.525448,True
952,1773638501.809632,1773639207.777330,373,69,134.712135,22.619604,1.648420,True
953,1773638501.809660,1773639218.156601,401,89,155.450632,22.609262,1.509561,True
954,1773638501.809689,1773639184.805451,203,183,85.571594,0.487335,0.467496,True
955,1773638501.809717,1773639545.458864,1233,377,806.751087,20.957811,2.089876,True
956,1773638501.809745,1773639603.759609,1133,429,923.104009,38.077981,2.067818,True
957,1773638501.809779,1773639595.989547,1199,396,907.336837,90.554389,2.067804,True
958,1773638501.809807,1773639213.390008,1226,95,137.489442,31.845361,1.123873,True
959,1773638501.809835,1773639564.875146,1031,397,840.312961,21.946127,2.066583,True
960,1773638501.809864,1773639341.993010,206,189,393.872571,21.607408,1.980134,True
961,1773638501.809893,1773639603.960897,980,516,917.787147,27.051301,1.729584,True
962,1773638501.809922,1773639339.151930,167,179,388.147053,27.040692,2.028687,True
963,1773638501.809973,1773639433.564061,405,128,576.786421,104.687891,3.717311,True
964,1773638501.810002,1773639167.000786,376,62,34.575434,0.942586,0.551358,True
965,1773638501.810030,1773639209.522624,1313,169,119.389697,11.626685,0.641446,True
966,1773638501.810060,1773639543.946253,1320,239,787.944793,103.943296,2.873956,True
967,1773638501.810098,1773639244.216640,1052,101,188.035003,34.767511,1.532675,True
968,1773638501.810127,1773639665.731621,1060,658,1028.646697,112.891293,1.393844,True
969,1773638501.810156,1773639281.950875,1049,395,258.981285,43.278505,0.547469,True
970,1773638501.810184,1773639423.450132,408,104,538.980893,110.340189,4.161560,True
971,1773638501.810218,1773639243.779371,91,16,179.433607,78.812712,6.708060,True
972,1773638501.810247,1773639549.996196,1313,234,791.394561,115.077389,2.902649,True
973,1773638501.810276,1773639376.687851,206,186,444.343307,30.451358,2.237254,True
974,1773638501.810305,1773639436.822139,128,159,560.178257,76.142875,3.063515,True
975,1773638501.810333,1773639248.788812,1150,375,182.686377,6.995158,0.469763,True
976,1773638501.810365,1773639616.851592,1196,425,917.759187,114.312088,1.894922,True
977,1773638501.810394,1773639246.022383,406,102,175.648573,26.769114,1.474054,True
978,1773638501.810423,1773639353.872917,388,92,390.749025,74.377381,3.476611,True
979,1773638501.810452,1773639264.611743,980,396,211.559567,10.219530,0.509722,True
980,1773638501.810484,1773639210.689550,173,158,102.918446,15.104599,0.559324,True
981,1773638501.810516,1773639421.729897,407,91,524.643733,117.480712,4.524034,True
982,1773638501.810543,1773639578.390221,963,407,836.190760,30.697071,1.983975,True
983,1773638501.810572,1773639221.203583,1808,56,121.795524,34.265138,1.591462,True
984,1773638501.810601,1773639196.497819,379,59,68.661699,8.402516,1.038951,True
985,1773638501.810633,1773639185.683480,413,96,45.559297,0.593597,0.473323,True
986,1773638501.810662,1773639288.057662,1146,425,250.080294,1.225905,0.586921,True
987,1773638501.810690,1773639609.087860,1060,397,891.156110,113.378627,1.964085,True
988,1773638501.810719,1773639542.886423,191,217,758.067982,113.036196,2.986258,True
989,1773638501.810748,1773639254.164589,394,93,180.419711,33.286435,1.599275,True
990,1773638501.810779,1773639602.284708,1204,412,876.433462,73.470216,1.953682,True
991,1773638501.810807,1773639231.800782,197,217,129.592272,17.539987,0.518761,True
992,1773638501.810835,1773639271.295615,1207,386,208.353701,17.425900,0.495916,True
993,1773638501.810864,1773639477.926868,23,149,619.190536,108.556646,3.450229,True
994,1773638501.810892,1773639258.959328,396,95,180.822011,30.489741,1.599279,True
995,1773638501.810921,1773639282.008244,923,418,224.532015,14.802556,0.502948,True
996,1773638501.810977,1773639259.965456,396,96,178.860857,28.502890,1.582715,True
997,1773638501.811007,1773639591.573364,923,417,842.054655,38.533154,1.931542,True
998,1773638501.811036,1773639609.185775,1262,415,876.861160,80.435610,1.923733,True
999,1773638501.811069,1773639296.572633,1102,427,249.599330,29.456358,0.516768,True
1000,1773638501.811097,1773639385.287975,371,85,425.858002,78.831694,4.131266,True
1001,1773638501.811128,1773639601.286063,1186,371,857.399602,104.302359,2.035398,True
1002,1773638501.811157,1773639436.370204,181,111,526.206865,103.622231,3.841678,True
1003,1773638501.811187,1773639302.121001,1008,373,256.110698,1.118219,0.685464,True
1004,1773638501.811219,1773639610.846369,1225,401,872.270234,107.961073,1.910773,True
1005,1773638501.811247,1773639613.839564,1181,426,878.032213,81.428520,1.874362,True
1006,1773638501.811275,1773639489.827186,1311,169,624.026946,84.194870,3.213286,True
1007,1773638501.811304,1773639515.548729,200,179,673.666576,103.957277,3.200614,True
1008,1773638501.811339,1773639274.908395,1060,397,190.526344,7.030727,0.463373,True
1009,1773638501.811368,1773639201.877353,763,30,44.443292,10.217670,1.180194,True
1010,1773638501.811397,1773639510.024870,1353,181,658.544844,85.908255,3.181314,True
1011,1773638501.811427,1773639598.489562,1035,411,832.109067,40.721110,1.930215,True
1012,1773638501.811455,1773639383.246822,394,110,401.601128,40.710275,3.310925,True
1013,1773638501.811485,1773639528.660203,126,203,692.017038,84.008643,3.009943,True
1014,1773638501.811515,1773639317.894442,1264,440,266.162387,28.047520,0.542403,True
1015,1773638501.811543,1773639217.027363,91,16,62.665844,27.166442,2.366627,True
1016,1773638501.811572,1773639327.631857,382,53,282.013608,63.026261,4.211295,True
1017,1773638501.811601,1773639390.243780,395,88,407.217759,63.015946,3.956343,True
1018,1773638501.811633,1773639285.914701,1004,396,195.218145,10.282578,0.468191,True
1019,1773638501.811661,1773639717.974511,181,1000,1056.622624,59.987190,0.997633,True
1020,1773638501.811695,1773639319.651762,1031,397,256.859919,24.290830,0.587296,True
1021,1773638501.811728,1773639397.510639,416,86,411.196908,62.963561,4.096863,True
1022,1773638501.811756,1773639521.990178,171,198,659.927727,74.634621,2.971031,True
1023,1773638501.811789,1773639217.322789,383,76,41.643836,6.229447,0.472192,True
1024,1773638501.811818,1773639624.913046,1133,463,856.593009,61.343101,1.721320,True
1025,1773638501.811847,1773639418.138986,419,93,443.025371,62.996166,4.130752,True
1026,1773638501.811876,1773639612.208727,1083,397,828.549429,84.079265,1.879975,True
1027,1773638501.811905,1773639314.146343,1146,394,230.758337,23.331138,0.527805,True
1028,1773638501.811952,1773639261.768128,385,88,125.525277,40.907790,0.972615,True
1029,1773638501.811987,1773639618.163527,1264,418,836.173528,81.935977,1.808723,True
1030,1773638501.812018,1773639425.772359,402,103,449.602635,68.776772,3.733587,True
1031,1773638501.812050,1773639468.691772,415,142,534.757897,68.435199,3.307253,True
1032,1773638501.812083,1773639223.092624,386,66,42.426896,1.687642,0.626758,True
1033,1773638501.812113,1773639465.715720,1312,134,521.433124,72.691835,3.373995,True
1034,1773638501.812142,1773639611.722775,1009,399,813.007322,82.159991,1.836300,True
1035,1773638501.812174,1773639606.046887,1196,373,801.202749,79.754053,1.939378,True
1036,1773638501.812202,1773639612.013021,1007,395,812.241207,88.627416,1.836583,True
1037,1773638501.812231,1773639612.881372,1024,393,812.638293,95.502036,1.829429,True
1038,1773638501.812260,1773639632.119993,923,468,849.336591,79.397386,1.648692,True
1039,1773638501.812289,1773639710.807022,1318,918,1006.047329,84.644798,1.004801,True
1040,1773638501.812318,1773639423.221117,432,95,430.442091,69.690711,3.837781,True
1041,1773638501.812347,1773639313.326090,1010,429,207.594709,2.976989,0.478079,True
1042,1773638501.812454,1773639421.268794,371,78,423.232471,82.775935,4.421513,True
1043,1773638501.812485,1773639422.192846,403,91,424.854450,70.427216,3.938080,True
1044,1773638501.812515,1773639283.650003,389,94,145.899263,53.057321,0.998300,True
1045,1773638501.812545,1773639396.502498,1072,468,369.531018,2.003995,0.786996,True
1046,1773638501.812575,1773639269.126728,391,116,111.455404,26.514126,0.738620,True
1047,1773638501.812604,1773639440.290001,396,105,451.580635,77.928741,3.592807,True
1048,1773638501.812633,1773639516.996289,209,179,601.235472,63.814318,3.019220,True
1049,1773638501.812662,1773639460.298541,1136,401,486.537113,102.794050,0.959358,True
1050,1773638501.812691,1773639278.087324,206,183,121.515261,2.589911,0.653436,True
1051,1773638501.812721,1773639512.673863,203,162,590.131716,84.456320,3.140841,True
1052,1773638501.812750,1773639620.095777,1025,414,803.865832,78.919137,1.755319,True
1053,1773638501.812783,1773639343.800709,944,40,250.164943,61.474436,4.838218,True
1054,1773638501.812830,1773639442.925367,1227,625,443.567890,13.780642,0.688762,True
1055,1773638501.812873,1773639607.223413,1211,368,772.016124,78.950009,1.888464,True
1056,1773638501.812918,1773639342.854617,1186,377,239.516021,43.871789,0.520330,True
1057,1773638501.812986,1773639475.396173,408,129,497.793720,73.666319,3.313495,True
1058,1773638501.813030,1773639605.947319,1139,373,758.465840,62.720824,1.870282,True
1059,1773638501.813083,1773639471.537084,419,130,485.541532,64.107078,3.266934,True
1060,1773638501.813128,1773639625.606166,1199,441,793.657064,66.424673,1.652801,True
1061,1773638501.813179,1773639515.548562,30,164,573.147784,73.089911,3.067840,True
1062,1773638501.813239,1773639345.433890,1008,373,227.512232,1.947885,0.606356,True
1063,1773638501.813285,1773639354.864814,1150,387,246.106007,41.806295,0.529274,True
1064,1773638501.813327,1773639506.345818,1009,399,547.051039,83.261915,1.165299,True
1065,1773638501.813389,1773639646.101036,1231,526,822.025625,69.076997,1.434188,True
1066,1773638501.813438,1773639619.178827,1027,414,766.510375,63.338314,1.702596,True
1067,1773638501.813487,1773639293.577622,203,181,114.709093,6.577604,0.600730,True
1068,1773638501.813543,1773639443.298616,388,103,409.513790,60.720140,3.419546,True
1069,1773638501.813589,1773639613.743897,1231,394,749.297400,67.146281,1.735753,True
1070,1773638501.813636,1773639346.877514,1029,438,209.019434,2.542418,0.472487,True
1071,1773638501.813689,1773639612.690348,1009,385,737.807810,65.433724,1.750974,True
1072,1773638501.813736,1773639615.354027,1205,391,742.269511,63.133908,1.741373,True
1073,1773638501.813784,1773639443.970581,393,99,399.072889,64.785920,3.411092,True
1074,1773638501.813826,1773639409.032372,369,52,326.017397,69.316899,5.033343,True
1075,1773638501.813855,1773639617.885126,1010,393,739.124682,74.664127,1.695052,True
1076,1773638501.813885,1773639614.313689,1049,395,731.750840,64.355356,1.693897,True
1077,1773638501.813914,1773639422.536154,387,73,348.010273,60.689163,3.990571,True
1078,1773638501.813968,1773639359.650106,1010,397,221.720691,28.246089,0.488572,True
1079,1773638501.814000,1773639627.046839,912,442,749.908079,60.700845,1.562828,True
1080,1773638501.814035,1773639339.234850,981,393,170.277740,4.195565,0.423679,True
1081,1773638501.814063,1773639619.272585,1083,397,730.206398,73.104378,1.659349,True
1082,1773638501.814093,1773639403.729031,1076,51,298.543428,65.752851,4.655812,True
1083,1773638501.814123,1773639645.820248,1195,507,778.877665,70.892527,1.399180,True
1084,1773638501.814156,1773639350.604774,1007,415,183.673262,2.178320,0.438394,True
1085,1773638501.814184,1773639564.558959,167,217,611.188364,68.309426,2.513328,True
1086,1773638501.814216,1773639421.612818,379,60,323.509223,71.720671,4.267603,True
1087,1773638501.814244,1773639619.631561,1230,414,719.319543,52.822027,1.613795,True
1088,1773638501.814273,1773639414.459217,1596,52,308.748639,65.302607,4.773452,True
1089,1773638501.814306,1773639646.035994,1195,507,771.695342,71.390891,1.384001,True
1090,1773638501.814336,1773639411.358116,1201,45,302.112721,76.172905,5.134996,True
1091,1773638501.814365,1773639288.844185,931,92,54.138073,1.962323,0.573360,True
1092,1773638501.814394,1773639620.449516,1264,416,716.402468,52.668920,1.599358,True
1093,1773638501.814424,1773639338.766751,1351,145,152.519912,41.574811,0.770452,True
1094,1773638501.814453,1773639445.396811,386,86,361.940426,72.047566,3.410504,True
1095,1773638501.814485,1773639362.471311,1227,392,195.713212,15.986310,0.459660,True
1096,1773638501.814513,1773639616.289581,1009,399,698.775621,52.821405,1.623001,True
1097,1773638501.814542,1773639612.302722,1007,385,689.502152,52.171440,1.659715,True
1098,1773638501.814574,1773639613.555434,1231,373,691.799183,71.377160,1.667801,True
1099,1773638501.814604,1773639312.002657,130,185,85.738034,0.474346,0.463390,True
1100,1773638501.814636,1773639425.993170,391,76,310.714487,49.086922,3.488368,True
1101,1773638501.814666,1773639303.859311,380,86,65.123536,11.551003,0.630265,True
1102,1773638501.814694,1773639456.764152,407,106,368.267684,47.092497,3.058811,True
1103,1773638501.814727,1773639610.263278,1136,377,675.243544,49.403654,1.664468,True
1104,1773638501.814757,1773639429.191666,956,65,312.893600,69.128485,3.808830,True
1105,1773638501.814786,1773639376.333271,1262,395,202.837636,13.751407,0.479914,True
1106,1773638501.814816,1773639608.105194,181,357,660.125843,53.536185,1.703904,True
1107,1773638501.814850,1773639292.464024,91,16,28.739623,10.571588,1.211202,True
1108,1773638501.814878,1773639619.547227,1086,397,682.778153,53.420515,1.589287,True
1109,1773638501.814908,1773639626.538052,1112,432,696.737877,53.926937,1.491441,True
1110,1773638501.814952,1773639564.129382,200,211,571.755831,63.621452,2.419688,True
1111,1773638501.814987,1773639371.814327,1120,397,179.705316,2.726290,0.446917,True
1112,1773638501.815016,1773639397.164998,1082,385,230.302039,24.030198,0.537166,True
1113,1773638501.815046,1773639620.367115,1156,396,673.579893,53.441421,1.569971,True
1114,1773638501.815075,1773639417.417874,1060,411,267.514355,20.420856,0.602667,True
1115,1773638501.815104,1773639626.282749,1139,428,681.472208,50.214915,1.478354,True
1116,1773638501.815141,1773639559.549044,206,211,547.780207,50.102496,2.369894,True
1117,1773638501.815171,1773639621.720581,1009,394,672.102753,61.013970,1.554933,True
1118,1773638501.815200,1773639434.240404,375,77,297.119508,50.081232,3.250504,True
1119,1773638501.815230,1773639531.615654,1314,161,491.679992,64.154320,2.672035,True
1120,1773638501.815259,1773639332.033691,435,103,92.226432,30.466780,0.605487,True
1121,1773638501.815291,1773639521.989889,409,149,468.302083,62.090710,2.744671,True
1122,1773638501.815320,1773639407.530211,1211,408,238.923302,1.921278,0.582315,True
1123,1773638501.815352,1773639368.821274,1035,375,159.938300,2.256948,0.421608,True
1124,1773638501.815382,1773639674.630892,1227,656,770.129724,57.117887,1.088568,True
1125,1773638501.815414,1773639628.654745,1203,421,677.745071,62.765729,1.464237,True
1126,1773638501.815444,1773639435.612133,1024,429,286.284250,52.502780,0.546218,True
1127,1773638501.815473,1773639555.872648,171,205,525.518763,42.648046,2.367013,True
1128,1773638501.815519,1773639544.382327,200,174,502.313106,59.322371,2.560640,True
1129,1773638501.815549,1773639388.141862,923,404,189.106643,4.829798,0.457263,True
1130,1773638501.815578,1773639547.450602,20,182,503.579558,54.683293,2.480090,True
1131,1773638501.815607,1773639321.769221,383,75,50.379126,2.687452,0.644482,True
1132,1773638501.815636,1773639654.569606,1156,536,714.482937,59.570617,1.224135,True
1133,1773638501.815666,1773639631.329231,1060,429,667.795921,64.196849,1.410278,True
1134,1773638501.815700,1773639544.917754,181,190,489.257135,39.852916,2.377800,True
1135,1773638501.815729,1773639464.100566,1030,411,323.945505,38.429506,0.696380,True
1136,1773638501.815758,1773639618.527485,1009,397,632.224411,37.726862,1.501256,True
1137,1773638501.815787,1773639630.366843,980,425,655.658908,59.089931,1.407002,True
1138,1773638501.815821,1773639450.909179,1204,411,294.087785,53.378091,0.587097,True
1139,1773638501.815868,1773639460.348575,402,97,311.656309,38.121501,2.849321,True
1140,1773638501.815899,1773639617.043215,1199,373,624.609150,52.160402,1.538841,True
1141,1773638501.815928,1773639627.902750,998,415,643.076814,55.263118,1.419840,True
1142,1773638501.815986,1773639490.818979,415,131,366.673106,35.160357,2.550098,True
1143,1773638501.816018,1773639617.972826,1156,390,620.960823,41.131987,1.490563,True
1144,1773638501.816047,1773639325.413885,311,18,26.806516,9.180955,1.036798,True
1145,1773638501.816077,1773639620.178137,1264,395,614.060199,40.603199,1.455475,True
1146,1773638501.816106,1773639438.562325,1207,368,250.453998,48.672968,0.549812,True
1147,1773638501.816135,1773639445.506416,373,75,264.279964,43.532172,2.983078,True
1148,1773638501.816167,1773639475.986392,436,136,323.664585,130.089415,1.433890,True
1149,1773638501.816197,1773639629.554919,1025,428,627.505306,46.771230,1.360033,True
1150,1773638501.816229,1773639531.506864,439,161,431.389623,53.800432,2.359932,True
1151,1773638501.816261,1773639622.437817,963,393,613.023785,50.145788,1.435913,True
1152,1773638501.816292,1773639408.612743,1130,45,181.426857,80.546487,2.292736,True
1153,1773638501.816320,1773639421.869646,1139,425,204.419853,4.367186,0.471822,True
1154,1773638501.816350,1773639430.769987,383,56,220.634150,49.160597,3.117701,True
1155,1773638501.816379,1773639623.857710,912,395,606.361209,42.761451,1.430456,True
1156,1773638501.816408,1773639385.903424,206,179,128.254569,4.087185,0.697570,True
1157,1773638501.816437,1773639648.032142,1179,498,649.588959,44.594637,1.217292,True
1158,1773638501.816466,1773639376.912420,120,12,107.120201,42.719493,5.854610,True
1159,1773638501.816499,1773639346.648868,311,18,42.459987,17.261559,1.482260,True
1160,1773638501.816529,1773639471.647701,1989,88,288.024106,46.014855,2.781716,True
1161,1773638501.816558,1773639624.913038,1086,390,594.530035,52.163446,1.394259,True
1162,1773638501.816588,1773639624.387187,1219,388,593.458434,52.152645,1.398723,True
1163,1773638501.816620,1773639498.994891,392,122,342.483510,41.859945,2.484492,True
1164,1773638501.816649,1773639406.499624,1313,176,148.921770,34.981895,0.651085,True
1165,1773638501.816683,1773639628.903138,1146,418,591.965392,33.151225,1.340082,True
1166,1773638501.816712,1773639624.993505,1036,403,583.683615,40.968568,1.350037,True
1167,1773638501.816741,1773639629.964327,1024,407,593.395647,51.400731,1.334963,True
1168,1773638501.816771,1773639625.606318,1216,392,584.448320,49.738819,1.367543,True
1169,1773638501.816799,1773639507.933552,790,111,341.336725,45.854764,2.686200,True
1170,1773638501.816831,1773639473.728168,1474,94,272.475418,38.954640,2.510976,True
1171,1773638501.816859,1773639480.200659,1733,66,282.860331,126.736856,2.401900,True
1172,1773638501.816888,1773639625.170557,1227,383,572.035585,52.824836,1.359190,True
1173,1773638501.816916,1773639441.299812,1233,423,204.126529,10.443096,0.458965,True
1174,1773638501.816969,1773639628.154276,1031,397,575.765859,49.848739,1.328074,True
1175,1773638501.816998,1773639624.469388,1049,395,567.948251,44.665905,1.328128,True
1176,1773638501.817027,1773639528.436245,181,132,372.869709,52.273571,2.447299,True
1177,1773638501.817056,1773639443.369421,983,373,201.014998,24.158728,0.475420,True
1178,1773638501.817085,1773639630.205994,998,402,573.249008,50.692888,1.303132,True
1179,1773638501.817120,1773639477.701378,406,81,267.789161,46.312990,2.768452,True
1180,1773638501.817148,1773639489.718444,1130,402,288.563739,2.070989,0.714446,True
1181,1773638501.817258,1773639414.380497,181,257,135.449198,3.023772,0.517287,True
1182,1773638501.817289,1773639619.357510,1169,373,545.071368,42.644819,1.350609,True
1183,1773638501.817319,1773639443.425680,1029,418,193.084509,5.852848,0.448997,True
1184,1773638501.817349,1773639629.149301,923,399,564.063398,46.423195,1.300604,True
1185,1773638501.817389,1773639629.232180,1144,395,558.331430,50.296004,1.289430,True
1186,1773638501.817419,1773639624.825233,1134,379,548.419365,49.227978,1.320612,True
1187,1773638501.817448,1773639458.511548,1151,407,215.770125,20.488976,0.480988,True
1188,1773638501.817482,1773639633.608835,1183,429,565.523348,38.619519,1.231084,True
1189,1773638501.817514,1773639628.237340,1017,386,551.124623,52.235455,1.295816,True
1190,1773638501.817543,1773639636.802767,1203,421,568.233634,58.078861,1.214654,True
1191,1773638501.817572,1773639482.781906,380,81,257.796209,45.959469,2.647959,True
1192,1773638501.817600,1773639467.740893,1156,388,225.730061,25.755260,0.516731,True
1193,1773638501.817632,1773639633.220299,1191,409,551.454288,45.880896,1.239150,True
1194,1773638501.817660,1773639633.220558,1156,408,551.432795,51.400340,1.228581,True
1195,1773638501.817688,1773639670.193218,1102,612,624.942663,39.548234,0.958092,True
1196,1773638501.817718,1773639492.101297,1149,385,264.884478,42.162097,0.580006,True
1197,1773638501.817750,1773639631.169580,1064,394,538.823192,53.908720,1.233879,True
1198,1773638501.817778,1773639516.882077,1182,388,308.801534,48.636254,0.672262,True
1199,1773638501.817807,1773639631.328967,981,400,537.259717,46.205492,1.230712,True
1200,1773638501.817836,1773639495.635463,1339,69,258.870372,59.332107,2.934386,True
1201,1773638501.817864,1773639629.063452,1033,406,522.202123,29.307673,1.217023,True
1202,1773638501.817896,1773639470.601214,1112,431,203.553773,5.234382,0.461208,True
1203,1773638501.817924,1773639635.171174,1051,382,529.927985,65.363840,1.219328,True
1204,1773638501.817977,1773639641.181374,1010,397,540.569946,74.263012,1.177543,True
1205,1773638501.818010,1773639638.734771,1115,413,535.429375,57.367937,1.160343,True
1206,1773638501.818041,1773639475.902177,1025,407,208.159383,4.335861,0.502028,True
1207,1773638501.818073,1773639629.639296,1143,393,510.759791,34.644745,1.214579,True
1208,1773638501.818102,1773639631.721869,1226,379,514.471698,58.040645,1.207490,True
1209,1773638501.818131,1773639527.936754,1024,419,303.192652,64.337102,0.571425,True
1210,1773638501.818159,1773639646.035813,1136,418,538.688615,70.737314,1.122185,True
1211,1773638501.818187,1773639642.764336,1083,399,532.122988,76.141682,1.145682,True
1212,1773638501.818218,1773639490.496496,1989,83,227.156584,37.183737,2.316742,True
1213,1773638501.818255,1773639641.103588,1046,438,521.412566,37.616615,1.107085,True
1214,1773638501.818285,1773639637.732787,1025,375,508.948596,73.379987,1.164622,True
1215,1773638501.818316,1773639587.337144,1317,192,408.136919,76.962661,1.733897,True
1216,1773638501.818345,1773639640.799376,1083,407,514.856027,56.249930,1.129572,True
1217,1773638501.818373,1773639660.741771,1036,538,550.889856,32.716711,0.964941,True
1218,1773638501.818402,1773639502.399926,1035,398,232.981152,4.382601,0.575815,True
1219,1773638501.818430,1773639531.173093,398,94,289.928046,53.412559,2.543177,True
1220,1773638501.818459,1773639659.133386,1179,511,545.623883,41.064915,0.989331,True
1221,1773638501.818488,1773639520.507078,1009,399,264.720190,37.535019,0.570817,True
1222,1773638501.818520,1773639642.764054,1030,396,505.033662,69.984248,1.101391,True
1223,1773638501.818548,1773639551.049409,403,94,317.642998,76.228345,2.595856,True
1224,1773638501.818580,1773639630.607018,1003,372,476.527558,38.190223,1.181502,True
1225,1773638501.818609,1773639563.376231,181,136,337.933526,45.211842,2.168309,True
1226,1773638501.818638,1773639639.193657,1037,390,489.547298,56.348339,1.113622,True
1227,1773638501.818666,1773639523.052461,1070,387,253.078041,13.407216,0.620909,True
1228,1773638501.818695,1773639524.374814,1054,397,254.403767,48.390200,0.520236,True
1229,1773638501.818724,1773639647.243078,1171,402,499.442666,75.742895,1.056608,True
1230,1773638501.818755,1773639560.089902,1474,94,324.682453,79.716939,2.634038,True
1231,1773638501.818784,1773639639.731201,1111,396,483.742055,45.086349,1.110521,True
1232,1773638501.818813,1773639634.387729,983,373,465.284894,41.201018,1.140010,True
1233,1773638501.818842,1773639647.043580,1150,389,487.083351,84.421141,1.037789,True
1234,1773638501.818871,1773639647.174798,986,426,486.887702,43.049627,1.044325,True
1235,1773638501.818902,1773639651.266664,1015,446,495.049649,45.342901,1.010577,True
1236,1773638501.818951,1773639645.307158,1010,415,483.109286,47.480597,1.052243,True
1237,1773638501.818983,1773639484.926142,1317,135,156.837155,47.730192,0.814231,True
1238,1773638501.819012,1773639560.256248,1142,458,305.448471,1.920831,0.664174,True
1239,1773638501.819045,1773639570.861136,1082,385,324.485150,53.484763,0.705730,True
1240,1773638501.819074,1773639653.438675,1170,422,488.804984,78.886453,0.973678,True
1241,1773638501.819102,1773639542.995456,1785,91,263.260423,43.400311,2.442890,True
1242,1773638501.819130,1773639552.981437,1896,68,277.502371,83.969612,2.888549,True
1243,1773638501.819159,1773639488.212015,1312,157,147.655031,35.101147,0.721499,True
1244,1773638501.819188,1773639642.461600,1039,397,455.982273,46.712456,1.033510,True
1245,1773638501.819217,1773639645.093241,1172,402,461.224026,52.860955,1.018362,True
1246,1773638501.819246,1773639580.344270,995,452,325.831078,64.358965,0.579761,True
1247,1773638501.819274,1773639652.104351,1020,400,467.914609,82.133362,0.966870,True
1248,1773638501.819304,1773639643.938626,1140,404,451.353532,44.014272,1.010767,True
1249,1773638501.819332,1773639649.525253,1088,421,462.278841,52.131857,0.976540,True
1250,1773638501.819361,1773639657.182140,998,399,471.808451,106.813994,0.917071,True
1251,1773638501.819390,1773639584.282491,420,112,325.334980,106.476975,1.971694,True
1252,1773638501.819418,1773639643.938473,1171,402,444.399679,42.844924,1.001383,True
1253,1773638501.819447,1773639532.322359,1189,415,220.895241,27.611014,0.466870,True
1254,1773638501.819475,1773639646.774399,1119,395,449.140458,58.085662,0.992525,True
1255,1773638501.819504,1773639531.285295,1076,51,217.483719,61.695746,3.115759,True
1256,1773638501.819533,1773639651.844222,1191,409,457.224163,71.234218,0.946054,True
1257,1773638501.819561,1773639644.154811,1009,396,441.386622,46.535582,0.999623,True
1258,1773638501.819593,1773639661.688592,1054,411,476.002194,113.258270,0.884741,True
1259,1773638501.819622,1773639600.786496,1323,205,350.020311,68.689963,1.379070,True
1260,1773638501.819650,1773639646.101044,1046,399,440.192871,49.160913,0.982492,True
1261,1773638501.819684,1773639543.618205,1896,68,235.205629,56.314136,2.670022,True
1262,1773638501.819714,1773639564.129550,402,87,269.852891,65.263545,2.378946,True
1263,1773638501.819764,1773639647.504527,998,387,433.446827,64.623717,0.955500,True
1264,1773638501.819803,1773639650.043030,1170,394,432.941840,70.827988,0.921409,True
1265,1773638501.819831,1773639575.817153,375,67,283.368690,108.304024,2.652495,True
1266,1773638501.819860,1773639651.588180,981,401,434.681856,73.229143,0.903632,True
1267,1773638501.819890,1773639465.057481,373,56,58.876859,18.618716,0.731966,True
1268,1773638501.819919,1773639654.066993,1015,414,435.391824,71.105343,0.882050,True
1269,1773638501.819979,1773639648.358735,1082,385,423.050784,66.487755,0.928550,True
1270,1773638501.820029,1773639656.125474,1140,401,437.473868,86.085559,0.878471,True
1271,1773638501.820059,1773639551.554255,1015,572,225.977588,28.593588,0.345681,True
1272,1773638501.820088,1773639653.940719,991,414,428.369475,63.565104,0.883304,True
1273,1773638501.820117,1773639665.677309,1227,420,451.162277,107.021405,0.821339,True
1274,1773638501.820146,1773639657.486924,1024,429,434.372271,69.041142,0.853577,True
1275,1773638501.820176,1773639535.419740,1149,423,188.222553,21.852404,0.394242,True
1276,1773638501.820208,1773639572.401786,1063,428,258.937198,33.913126,0.526988,True
1277,1773638501.820240,1773639674.201285,1059,525,461.795623,68.797753,0.749996,True
1278,1773638501.820272,1773639539.939918,1085,442,193.125178,31.713277,0.366013,True
1279,1773638501.820300,1773639539.689766,1023,446,192.520137,26.425622,0.373246,True
1280,1773638501.820328,1773639579.321930,1282,66,271.133835,106.122104,2.538642,True
1281,1773638501.820357,1773639564.765991,421,77,241.567791,68.119820,2.282210,True
1282,1773638501.820385,1773639679.366164,1144,498,467.930977,107.247698,0.725721,True
1283,1773638501.820414,1773639563.806475,373,72,236.582387,69.799285,2.349058,True
1284,1773638501.820443,1773639526.047818,324,18,156.743333,67.638930,5.241435,True
1285,1773638501.820472,1773639658.892473,1072,415,419.134507,76.595810,0.827388,True
1286,1773638501.820501,1773639670.562287,1136,500,442.242731,65.873597,0.754247,True
1287,1773638501.820535,1773639543.576523,1141,411,185.313162,36.312162,0.363417,True
1288,1773638501.820564,1773639666.279034,1012,416,429.836885,104.395837,0.784195,True
1289,1773638501.820592,1773639573.827175,405,90,244.482184,69.723823,1.963577,True
1290,1773638501.820622,1773639658.343762,1035,398,406.670126,80.959979,0.820429,True
1291,1773638501.820656,1773639670.142168,1057,439,429.830346,100.529269,0.751829,True
1292,1773638501.820687,1773639579.731135,391,90,245.927495,79.201412,1.873327,True
1293,1773638501.820715,1773639659.555129,1094,376,405.118607,101.477610,0.809709,True
1294,1773638501.820744,1773639662.504073,1050,438,410.584529,66.987086,0.786264,True
1295,1773638501.820773,1773639557.063626,1148,614,197.090451,19.673509,0.289424,True
1296,1773638501.820804,1773639622.401838,1142,361,324.184723,64.639057,0.720960,True
1297,1773638501.820831,1773639665.042571,1106,434,409.382931,78.615513,0.763897,True
1298,1773638501.820859,1773639660.503715,1226,407,395.092444,78.626060,0.779474,True
1299,1773638501.820888,1773639624.683738,958,554,321.144735,17.676245,0.548768,True
1300,1773638501.820916,1773639551.835612,1082,391,173.552596,29.232700,0.370051,True
1301,1773638501.820962,1773639533.786748,245,14,136.138392,58.481313,5.973621,True
1302,1773638501.820998,1773639566.353035,1018,390,197.212568,58.723670,0.356013,True
1303,1773638501.821042,1773639587.034623,395,85,238.450740,90.664117,1.759365,True
1304,1773638501.821072,1773639588.042290,435,114,238.916666,72.999544,1.468293,True
1305,1773638501.821100,1773639573.198344,379,81,209.002338,60.589718,1.855158,True
1306,1773638501.821130,1773639544.604302,1099,410,147.984390,19.806867,0.313392,True
1307,1773638501.821158,1773639584.589028,1339,72,226.097686,90.435720,1.910732,True
1308,1773638501.821187,1773639621.360913,1317,235,299.414859,61.792732,1.015479,True
