RequestID,ArrivalTime,CompletionTime,InputTokens,OutputTokens,Latency,TTFT,TPOT,Success
0,1773636756.371992,1773636869.734386,374,44,226.457384,76.568889,3.485779,True
1,1773636756.372139,1773636999.366267,396,109,485.695533,77.755414,3.777223,True
2,1773636756.372194,1773636956.490746,879,55,399.921460,91.993979,5.702361,True
3,1773636756.372235,1773636937.312588,91,16,361.544632,95.281383,17.750883,True
4,1773636756.372271,1773636863.614845,91,16,214.129511,99.162268,7.664483,True
5,1773636756.372305,1773636877.544139,381,84,241.967156,91.912692,1.807885,True
6,1773636756.372338,1773637018.820245,1313,142,524.496937,88.335379,3.093344,True
7,1773636756.372369,1773636977.437380,388,84,441.709876,91.941119,4.214081,True
8,1773636756.372404,1773636766.242460,242,14,19.300009,4.696615,1.123338,True
9,1773636756.372435,1773637032.906219,209,152,552.603667,95.216706,3.029053,True
10,1773636756.372466,1773636895.427364,394,124,277.625323,99.097711,1.451444,True
11,1773636756.372496,1773636962.333612,394,59,411.415826,88.280910,5.571292,True
12,1773636756.372528,1773636904.245499,1315,174,295.217749,91.836602,1.175614,True
13,1773636756.372558,1773636882.745419,389,90,252.196083,99.065095,1.720573,True
14,1773636756.372590,1773636890.909873,415,106,268.503159,91.814704,1.682747,True
15,1773636756.372621,1773636932.955749,120,12,352.570882,91.853996,23.701535,True
16,1773636756.372655,1773636876.105693,369,74,238.852164,99.032587,1.915337,True
17,1773636756.372684,1773637039.523554,206,162,565.666197,95.130705,2.922581,True
18,1773636756.372715,1773636897.921849,1353,142,282.442500,91.772539,1.352269,True
19,1773636756.372746,1773637029.396151,197,152,545.368408,88.194886,3.027639,True
20,1773636756.372776,1773637034.945891,181,154,556.445915,91.800456,3.036898,True
21,1773636756.372809,1773636956.601431,388,54,399.734675,95.087065,5.748068,True
22,1773636756.372838,1773637025.733453,203,147,537.978029,88.162198,3.080930,True
23,1773636756.372869,1773636909.935777,126,194,306.362067,98.957591,1.074635,True
24,1773636756.372900,1773636980.259445,389,87,446.986380,91.757739,4.130566,True
25,1773636756.372953,1773636937.312756,91,16,361.071546,95.044307,17.735149,True
26,1773636756.372994,1773637005.608303,181,123,497.643536,88.120128,3.356749,True
27,1773636756.373026,1773636915.607881,191,217,317.621822,91.676036,1.046045,True
28,1773636756.373057,1773637059.935923,27,183,606.255591,91.716029,2.827140,True
29,1773636756.373088,1773637079.069014,203,217,644.500052,95.002923,2.543968,True
30,1773636756.373119,1773636782.620175,398,81,51.583723,6.094995,0.568609,True
31,1773636756.373149,1773637047.019207,126,172,580.359805,88.067516,2.878902,True
32,1773636756.373179,1773637057.968833,209,181,602.236562,91.674037,2.836458,True
33,1773636756.373210,1773637058.084564,209,181,602.450310,94.961529,2.819382,True
34,1773636756.373240,1773636805.005378,28,175,96.271526,6.596977,0.515371,True
35,1773636756.373271,1773636980.145183,437,88,446.530286,88.026772,4.120730,True
36,1773636756.373301,1773636890.286481,181,104,266.790744,98.821237,1.630772,True
37,1773636756.373330,1773637020.723532,203,138,527.643269,91.621456,3.182641,True
38,1773636756.373369,1773637054.091865,200,177,594.357261,94.907764,2.837781,True
39,1773636756.373406,1773636767.399502,91,16,20.950642,6.275591,0.978337,True
40,1773636756.373438,1773637214.640051,1087,401,915.410138,87.972062,2.068595,True
41,1773636756.373468,1773636967.676327,382,64,421.460888,91.577475,5.236245,True
42,1773636756.373502,1773636994.135045,412,102,474.354947,94.863821,3.757338,True
43,1773636756.373547,1773637076.795265,194,217,639.652665,87.939042,2.554230,True
44,1773636756.373580,1773637078.954623,203,217,643.949174,91.544382,2.557430,True
45,1773636756.373610,1773636817.344463,200,217,120.710207,5.461995,0.533557,True
46,1773636756.373640,1773636904.245773,64,174,294.490709,91.472985,1.173513,True
47,1773636756.373670,1773637009.158354,458,123,504.295510,94.810291,3.356436,True
48,1773636756.373700,1773637033.019474,1352,158,551.996602,87.885464,2.956122,True
49,1773636756.373729,1773637226.526437,874,404,938.988259,91.491535,2.102970,True
50,1773636756.373759,1773636962.890163,378,58,411.695612,94.778753,5.559945,True
51,1773636756.373788,1773636937.421240,91,16,360.736609,87.853640,18.192198,True
52,1773636756.373818,1773636982.935388,389,89,451.742167,91.459483,4.094121,True
53,1773636756.373847,1773637060.053746,212,183,605.956321,94.746526,2.808845,True
54,1773636756.373876,1773637164.460569,1085,394,814.748023,87.821340,1.849686,True
55,1773636756.373909,1773637015.275673,407,131,516.357507,91.427334,3.268694,True
56,1773636756.373955,1773636978.939342,396,82,443.662929,94.713887,4.308013,True
57,1773636756.373987,1773636957.114620,1029,399,399.994804,98.595098,0.757286,True
58,1773636756.374017,1773637203.564218,962,399,892.871326,87.778544,2.022846,True
59,1773636756.374050,1773637078.954471,203,217,643.629185,91.383922,2.556691,True
60,1773636756.374082,1773636885.053745,898,94,255.808550,91.323508,1.768656,True
61,1773636756.374112,1773637095.816523,181,253,677.313293,94.661103,2.312112,True
62,1773636756.374144,1773636866.218775,320,18,218.095709,98.541296,7.032613,True
63,1773636756.374175,1773637237.060426,1119,414,959.755702,97.734237,2.087219,True
64,1773636756.374204,1773636902.018267,124,157,289.650901,91.280277,1.271607,True
65,1773636756.374233,1773637054.667910,1313,179,594.928509,91.319664,2.829263,True
66,1773636756.374263,1773636943.409543,1096,383,372.389437,98.497355,0.716995,True
67,1773636756.374292,1773636994.134859,400,102,473.816880,94.594915,3.754673,True
68,1773636756.374321,1773637268.000283,1057,424,1021.525870,97.678897,2.184035,True
69,1773636756.374350,1773637039.407563,203,162,564.318076,91.274892,2.938156,True
70,1773636756.374379,1773636814.985776,1314,216,115.453194,5.664133,0.510647,True
71,1773636756.374411,1773636884.922567,2,93,255.305415,91.203164,1.783720,True
72,1773636756.374440,1773636963.215110,1065,409,411.869993,98.432207,0.768230,True
73,1773636756.374469,1773636966.314310,372,60,418.045650,94.530241,5.483312,True
74,1773636756.374498,1773637164.460349,1104,394,814.316328,97.614831,1.823668,True
75,1773636756.374527,1773636862.870961,1075,415,211.117881,6.154561,0.495080,True
76,1773636756.374561,1773636851.920584,1225,372,189.196683,5.877467,0.494122,True
77,1773636756.374590,1773637281.610759,1118,426,1048.554697,91.190198,2.252622,True
78,1773636756.374619,1773636994.135040,380,102,473.581366,94.478055,3.753498,True
79,1773636756.374648,1773636947.647170,1133,385,380.587174,91.119439,0.753822,True
80,1773636756.374680,1773637039.638487,42,167,564.546288,97.551452,2.813222,True
81,1773636756.374712,1773636941.017326,1140,377,367.283465,98.336757,0.715284,True
82,1773636756.374740,1773637072.526038,126,203,630.278165,91.136524,2.669018,True
83,1773636756.374772,1773636877.544401,431,84,240.293900,91.075997,1.797806,True
84,1773636756.374800,1773636972.835917,1115,421,430.855314,98.304103,0.791789,True
85,1773636756.374832,1773637054.783905,206,179,594.729595,94.401902,2.810830,True
86,1773636756.374861,1773636882.678602,400,91,250.497072,91.042976,1.771712,True
87,1773636756.374892,1773637178.140395,1123,396,841.397766,97.475871,1.883347,True
88,1773636756.375038,1773637144.125520,862,379,773.348235,101.860847,1.776422,True
89,1773636756.375088,1773637278.318926,859,422,1041.713000,94.358843,2.250247,True
90,1773636756.375120,1773637218.631540,890,402,922.318488,97.443542,2.057045,True
91,1773636756.375149,1773637264.328411,1192,419,1013.690985,101.829030,2.181488,True
92,1773636756.375179,1773637231.202369,899,403,947.417527,94.327672,2.122114,True
93,1773636756.375221,1773637084.149761,163,224,653.290013,97.411902,2.492727,True
94,1773636756.375251,1773637076.909390,181,212,638.789198,101.797420,2.544985,True
95,1773636756.375280,1773636982.706868,416,88,450.363582,94.295921,4.092732,True
96,1773636756.375310,1773637277.445337,1163,426,1039.817227,97.379977,2.217499,True
97,1773636756.375339,1773636936.868157,243,14,358.643811,101.765496,19.759870,True
98,1773636756.375371,1773637300.342113,1041,428,1085.570236,104.897836,2.296657,True
99,1773636756.375404,1773637023.767303,1350,146,532.398328,108.815658,2.921260,True
100,1773636756.375433,1773637203.342275,1104,396,891.526258,101.733096,1.999476,True
101,1773636756.375462,1773636976.567153,1127,426,437.955266,104.036382,0.785691,True
102,1773636756.375491,1773637259.744293,1114,414,1004.286696,104.854204,2.177803,True
103,1773636756.375520,1773637178.139929,1083,396,841.055429,108.772702,1.853880,True
104,1773636756.375549,1773636804.007262,1313,173,92.772700,4.830417,0.511292,True
105,1773636756.375580,1773637194.956394,888,395,874.649339,101.680357,1.961850,True
106,1773636756.375612,1773637016.056246,13,130,516.825541,104.811943,3.193904,True
107,1773636756.375646,1773636803.181701,874,89,91.056521,25.689821,0.742803,True
108,1773636756.375675,1773636953.929733,1065,395,392.530517,90.808507,0.765792,True
109,1773636756.375704,1773637277.445330,1157,426,1039.536599,108.707779,2.190185,True
110,1773636756.375733,1773636952.476735,1077,390,389.580846,103.939525,0.734296,True
111,1773636756.375767,1773636963.276252,1149,411,411.157217,99.168404,0.760948,True
112,1773636756.375795,1773636950.140000,996,389,384.862474,103.917095,0.724086,True
113,1773636756.375824,1773637188.469710,990,394,861.497816,101.591767,1.933603,True
114,1773636756.375853,1773636806.920623,197,183,98.379558,5.735783,0.509032,True
115,1773636756.375882,1773637079.069006,197,217,642.651522,104.713014,2.490456,True
116,1773636756.375913,1773637226.419992,1378,407,937.335210,108.631239,2.041143,True
117,1773636756.375962,1773637268.204501,1214,421,1020.880864,101.548494,2.188887,True
118,1773636756.376013,1773637139.511274,1016,375,763.472381,104.680030,1.761477,True
119,1773636756.376050,1773637195.177015,1186,398,874.782485,108.597966,1.929936,True
120,1773636756.376096,1773637281.610605,1100,426,1047.629268,101.515918,2.226149,True
121,1773636756.376137,1773637079.068495,218,217,642.520474,104.647888,2.490151,True
122,1773636756.376180,1773637254.505812,1232,419,993.376404,108.566767,2.116769,True
123,1773636756.376222,1773637255.248160,975,416,994.839563,111.834875,2.127722,True
124,1773636756.376264,1773637079.069084,209,217,642.459177,104.615954,2.490015,True
125,1773636756.376307,1773636979.052297,181,85,442.405244,108.533884,3.974659,True
126,1773636756.376348,1773637156.494295,1029,388,797.267364,111.802883,1.771226,True
127,1773636756.376395,1773637267.877819,888,418,1020.014802,104.584255,2.195277,True
128,1773636756.376442,1773637135.954030,1113,375,756.146151,119.520153,1.702209,True
129,1773636756.376484,1773637402.091155,1035,520,1288.398501,111.771572,2.267104,True
130,1773636756.376521,1773637290.329281,1009,425,1064.851659,104.552128,2.264857,True
131,1773636756.376550,1773637319.476210,869,450,1123.123924,119.487631,2.235270,True
132,1773636756.376580,1773637300.570213,1183,431,1085.292956,111.739053,2.264079,True
133,1773636756.376609,1773637203.448118,972,395,891.026865,104.520010,1.996210,True
134,1773636756.376645,1773637178.140107,1097,396,840.387822,119.455770,1.825144,True
135,1773636756.376675,1773637059.935658,206,183,603.957549,111.706694,2.704675,True
136,1773636756.376704,1773637075.652541,181,208,635.371885,104.488155,2.564656,True
137,1773636756.376733,1773637065.180982,1316,200,614.406226,119.424395,2.487346,True
138,1773636756.376762,1773637334.277378,908,456,1152.578343,111.675665,2.287698,True
139,1773636756.376795,1773637278.319109,1094,422,1040.642308,115.822163,2.196722,True
140,1773636756.376824,1773637264.216130,996,422,1012.414126,119.392181,2.121192,True
141,1773636756.376862,1773636982.935235,420,89,449.829691,111.643110,3.843029,True
142,1773636756.376909,1773637156.290381,1112,385,796.520781,115.789772,1.772737,True
143,1773636756.376971,1773637178.140389,1133,396,840.196329,119.360320,1.824901,True
144,1773636756.377008,1773637223.786154,890,403,931.467939,111.611131,2.039445,True
145,1773636756.377053,1773636947.386129,833,36,378.644907,115.757316,7.511074,True
146,1773636756.377086,1773637277.444997,1093,426,1038.742910,119.327934,2.163329,True
147,1773636756.377128,1773637076.565987,206,211,636.965429,111.579341,2.501839,True
148,1773636756.377177,1773637334.392868,898,454,1152.597267,115.725981,2.288899,True
149,1773636756.377214,1773637052.238785,1312,180,588.267920,129.422835,2.563380,True
150,1773636756.377259,1773637203.342114,1129,396,890.452101,122.755494,1.943536,True
151,1773636756.377290,1773636970.272507,375,67,424.293135,115.693835,4.675747,True
152,1773636756.377327,1773637277.098373,862,425,1037.923718,129.391289,2.142765,True
153,1773636756.377380,1773637054.668199,167,179,593.040955,122.723440,2.642233,True
154,1773636756.377416,1773637259.744451,914,414,1003.171159,115.661564,2.148934,True
155,1773636756.377458,1773637076.795272,209,217,637.251366,129.358524,2.351356,True
156,1773636756.377495,1773637478.304147,982,594,1440.248216,122.691001,2.221850,True
157,1773636756.377540,1773637039.176874,200,161,561.970732,115.629184,2.789635,True
158,1773636756.377574,1773637030.911836,1313,156,545.420695,129.326103,2.684481,True
159,1773636756.377615,1773637255.248316,999,416,994.070011,122.658113,2.099788,True
160,1773636756.377652,1773637214.847382,1084,397,913.247222,115.596687,2.014269,True
161,1773636756.377702,1773636992.322272,399,106,468.177702,129.294122,3.227463,True
162,1773636756.377742,1773637478.303997,1065,594,1440.119704,122.626747,2.221742,True
163,1773636756.377791,1773637325.257906,1036,446,1134.005754,115.565140,2.288631,True
164,1773636756.377822,1773637195.177273,1243,398,873.821633,129.262430,1.875464,True
165,1773636756.377851,1773637150.995634,1128,384,785.438896,122.595162,1.730662,True
166,1773636756.377880,1773637139.511449,1000,375,762.447765,125.942036,1.701887,True
167,1773636756.377909,1773636956.715742,992,56,396.837983,129.230772,4.865586,True
168,1773636756.377964,1773636980.259202,920,87,443.902604,122.563271,3.736504,True
169,1773636756.378006,1773637164.667591,1040,388,812.698661,125.910646,1.774646,True
170,1773636756.378056,1773636989.369090,411,101,462.079942,129.198737,3.328812,True
171,1773636756.378098,1773636985.650267,900,91,454.620120,122.531196,3.689877,True
172,1773636756.378137,1773637290.329459,1018,425,1063.957006,125.878179,2.212450,True
173,1773636756.378187,1773636988.351382,395,99,459.981318,129.166748,3.375659,True
174,1773636756.378220,1773637078.954631,209,217,641.164749,122.499567,2.401228,True
175,1773636756.378249,1773637003.804488,181,113,490.845854,125.847044,3.258918,True
176,1773636756.378278,1773637237.060432,1118,414,957.336516,140.243155,1.978434,True
177,1773636756.378307,1773637174.583170,972,392,832.361155,132.824405,1.789097,True
178,1773636756.378343,1773636956.265560,1847,53,395.703732,125.815306,5.190162,True
179,1773636756.378397,1773636986.216768,392,96,455.584946,140.210852,3.319727,True
180,1773636756.378428,1773637078.954252,197,217,641.038207,132.792263,2.352990,True
181,1773636756.378457,1773637237.274671,975,409,957.659220,125.783521,2.038911,True
182,1773636756.378485,1773637312.408632,1025,443,1107.904119,140.178949,2.189423,True
183,1773636756.378514,1773637156.494456,1027,388,796.053880,132.759998,1.713938,True
184,1773636756.378543,1773637237.274532,1143,409,957.592810,125.750998,2.038828,True
185,1773636756.378571,1773637164.460566,1028,394,811.942433,140.147112,1.709403,True
186,1773636756.378600,1773637220.625732,874,402,924.252385,132.728117,1.973876,True
187,1773636756.378628,1773637370.868602,997,492,1224.719135,136.299514,2.216741,True
188,1773636756.378661,1773637091.249687,72,245,665.459367,140.114954,2.153051,True
189,1773636756.378690,1773637210.837006,851,397,904.612233,132.696475,1.949282,True
190,1773636756.378736,1773636985.763813,408,91,454.444524,136.267568,3.535300,True
191,1773636756.378783,1773637421.537708,1113,531,1325.970303,140.082926,2.237523,True
192,1773636756.378820,1773637048.784819,1313,170,580.442461,132.663888,2.649577,True
193,1773636756.378865,1773637295.937926,1083,426,1074.727598,136.235057,2.208218,True
194,1773636756.378896,1773637164.460198,1139,394,811.750605,140.050786,1.709160,True
195,1773636756.378926,1773637312.181242,978,437,1107.171467,132.631861,2.235183,True
196,1773636756.378989,1773637029.283371,26,146,541.354192,136.202487,2.794150,True
197,1773636756.379025,1773636965.705124,386,61,414.175054,140.017537,4.569292,True
198,1773636756.379071,1773637237.168159,1074,411,957.079409,132.598823,2.010928,True
199,1773636756.379107,1773637039.523701,209,162,561.768241,136.169754,2.643469,True
200,1773636756.379153,1773637330.371728,1099,455,1143.441761,139.984843,2.210258,True
201,1773636756.379186,1773636932.956008,120,12,348.588341,132.565872,19.638406,True
202,1773636756.379217,1773637051.434661,126,173,585.525902,136.136940,2.612727,True
203,1773636756.379260,1773637018.130837,416,140,518.896725,139.952596,2.726217,True
204,1773636756.379297,1773636977.095255,394,83,436.804858,143.470811,3.577244,True
205,1773636756.379342,1773637220.409852,1043,399,923.410187,136.104489,1.978155,True
206,1773636756.379374,1773637178.140400,1099,396,838.848867,150.602224,1.742397,True
207,1773636756.379405,1773636985.650423,857,91,453.849076,143.438074,3.449011,True
208,1773636756.379447,1773637079.069010,209,217,640.661972,136.072222,2.336064,True
209,1773636756.379485,1773637131.303492,1109,365,745.112473,150.569597,1.633360,True
210,1773636756.379529,1773637315.316856,993,441,1113.117929,143.406233,2.203890,True
211,1773636756.379560,1773637267.877811,888,418,1018.219947,136.040951,2.115537,True
212,1773636756.379602,1773637150.891495,1141,388,784.225915,150.538580,1.637435,True
213,1773636756.379636,1773637188.469716,1067,394,859.361018,143.375495,1.821846,True
214,1773636756.379667,1773637286.739127,1116,423,1055.879211,136.009717,2.179786,True
215,1773636756.379716,1773636974.541856,416,79,431.464210,150.507411,3.602010,True
216,1773636756.379748,1773637402.091306,1126,520,1286.540237,143.343134,2.202692,True
217,1773636756.379779,1773637054.784072,203,179,591.904852,135.977768,2.561388,True
218,1773636756.379820,1773637020.945907,379,144,524.208405,150.475003,2.613520,True
219,1773636756.379863,1773637045.429286,56,164,573.154100,143.311504,2.637071,True
220,1773636756.379900,1773637245.873392,1232,410,974.019804,135.945918,2.049080,True
221,1773636756.379963,1773637037.504778,209,162,557.262404,150.442906,2.526829,True
222,1773636756.380008,1773637039.407411,206,162,561.042901,143.279031,2.594807,True
223,1773636756.380039,1773637147.648796,1083,378,777.506108,146.827887,1.672887,True
224,1773636756.380076,1773637054.892870,171,183,591.971547,150.410134,2.426162,True
225,1773636756.380121,1773637292.200746,982,429,1066.565007,143.245872,2.157288,True
226,1773636756.380157,1773636956.601579,374,54,395.346742,146.795834,4.689640,True
227,1773636756.380296,1773637233.949265,1019,413,950.020090,150.377673,1.940880,True
228,1773636756.380341,1773637074.511731,126,205,631.123530,143.213925,2.391714,True
229,1773636756.380390,1773637210.941858,1147,396,903.961976,146.763019,1.916959,True
230,1773636756.380426,1773637286.856268,1078,428,1055.766994,150.345148,2.120426,True
231,1773636756.380472,1773637246.098481,883,413,974.231141,143.180964,2.017112,True
232,1773636756.380511,1773637079.068995,169,217,640.146936,146.730026,2.284338,True
233,1773636756.380566,1773637288.910366,1094,429,1059.811366,150.312551,2.124997,True
234,1773636756.380610,1773637286.965893,1001,427,1055.901314,143.148688,2.142612,True
235,1773636756.380654,1773636987.899664,391,93,457.748043,146.697793,3.380981,True
236,1773636756.380692,1773637150.891335,1085,388,783.707726,160.377698,1.610672,True
237,1773636756.380738,1773637194.956147,1064,395,871.817132,153.760185,1.822480,True
238,1773636756.380778,1773637250.342759,1070,411,982.568483,146.665919,2.038787,True
239,1773636756.380813,1773637455.991286,972,575,1393.844593,160.345753,2.148953,True
240,1773636756.380843,1773637188.469557,1099,394,858.777891,153.727969,1.794020,True
241,1773636756.380873,1773637155.978732,980,384,793.777254,146.633417,1.689671,True
242,1773636756.380906,1773637162.203793,1057,393,806.204802,160.313154,1.647683,True
243,1773636756.380949,1773637233.732583,1082,409,949.240173,153.695529,1.949864,True
244,1773636756.380981,1773637223.565730,1072,400,928.884980,146.601152,1.960611,True
245,1773636756.381010,1773636988.015761,385,98,457.765241,160.281328,3.066844,True
246,1773636756.381040,1773637025.851765,78,141,533.417087,153.664658,2.712517,True
247,1773636756.381073,1773636991.868010,412,100,465.427716,146.570061,3.220784,True
248,1773636756.381104,1773637150.891490,1027,388,783.452627,160.249571,1.610344,True
249,1773636756.381132,1773637342.359546,1146,466,1166.368824,153.632740,2.177927,True
250,1773636756.381161,1773637272.626541,994,419,1026.880277,146.537797,2.106082,True
251,1773636756.381192,1773636994.249655,846,108,470.106339,160.217794,2.896155,True
252,1773636756.381225,1773637296.167886,1140,430,1073.920771,153.600737,2.145268,True
253,1773636756.381254,1773637525.264405,1059,649,1532.092922,156.634084,2.122622,True
254,1773636756.381282,1773637065.180808,1354,200,611.904504,160.186285,2.269941,True
255,1773636756.381321,1773637050.625241,167,171,582.772731,153.569341,2.524726,True
256,1773636756.381351,1773636953.704342,1792,50,388.910845,156.602714,4.740982,True
257,1773636756.381395,1773637014.479865,40,134,510.440071,160.154720,2.633724,True
258,1773636756.381425,1773636994.362896,407,104,470.185631,153.537791,3.074251,True
259,1773636756.381454,1773637250.342364,1065,411,982.123527,156.571404,2.013542,True
260,1773636756.381486,1773637089.842165,181,241,661.100784,160.123247,2.087406,True
261,1773636756.381515,1773637020.376984,1314,137,522.149204,153.506057,2.710611,True
262,1773636756.381544,1773637014.709175,181,128,510.792942,156.539240,2.789399,True
263,1773636756.381573,1773637071.377294,163,205,624.107858,160.091603,2.274589,True
264,1773636756.381602,1773636987.787235,2,93,456.907203,153.474545,3.298181,True
265,1773636756.381631,1773637072.303433,1314,203,625.917720,156.508112,2.323810,True
266,1773636756.381660,1773637164.460560,1056,394,810.209937,170.155915,1.628636,True
267,1773636756.381689,1773637317.874645,978,442,1117.017837,163.175294,2.162908,True
268,1773636756.381718,1773637443.576260,1217,565,1368.399707,156.475627,2.148802,True
269,1773636756.381750,1773637195.177166,1056,398,871.579471,170.123227,1.766892,True
270,1773636756.381779,1773637324.792336,951,445,1130.790137,163.143478,2.179384,True
271,1773636756.381808,1773637226.302693,1233,401,933.789491,165.689692,1.920249,True
272,1773636756.381837,1773637045.308965,1317,169,571.780024,170.090945,2.391006,True
273,1773636756.381866,1773637402.091301,1103,520,1285.322095,163.111028,2.162256,True
274,1773636756.381894,1773637139.511443,887,375,760.139443,165.657081,1.589525,True
275,1773636756.381926,1773637178.140404,1123,396,837.376907,170.058936,1.689413,True
276,1773636756.381976,1773637144.125363,1095,379,769.325847,163.078144,1.603830,True
277,1773636756.382006,1773637272.626696,1079,419,1026.306087,165.624472,2.059047,True
278,1773636756.382038,1773637255.470202,1073,420,991.971632,170.026034,1.961684,True
279,1773636756.382067,1773637246.098646,1147,413,973.206371,163.045732,1.966409,True
280,1773636756.382100,1773637060.053600,212,183,601.094910,165.591667,2.392875,True
281,1773636756.382130,1773636976.637719,411,81,434.241242,169.993180,3.303101,True
282,1773636756.382159,1773636972.213814,380,76,425.372668,163.013224,3.498126,True
283,1773636756.382188,1773637344.633624,990,468,1170.191277,165.559922,2.151245,True
284,1773636756.382217,1773637237.060273,1106,414,955.022104,169.961795,1.900872,True
285,1773636756.382246,1773637203.342269,1117,396,887.564315,162.981429,1.834387,True
286,1773636756.382275,1773637210.942130,1147,396,902.743298,165.527821,1.866368,True
287,1773636756.382307,1773637051.548017,127,178,583.934883,169.929308,2.339015,True
288,1773636756.382347,1773636904.750691,1021,428,277.002682,1.036536,0.646291,True
289,1773636756.382378,1773636916.095389,1081,394,297.374065,1.059649,0.753981,True
290,1773636756.382410,1773636909.681837,1104,394,254.113722,34.329497,0.559247,True
291,1773636756.382438,1773636973.170917,1149,429,339.968760,13.767907,0.762152,True
292,1773636756.382467,1773636827.485141,399,86,46.938170,1.197853,0.538121,True
293,1773636756.382496,1773636929.962312,1127,385,249.898401,2.820805,0.643431,True
294,1773636756.382525,1773636883.207460,766,85,152.568117,57.546972,1.131204,True
295,1773636756.382554,1773637044.988737,1073,396,459.984102,96.607515,0.919941,True
296,1773636756.382590,1773636821.153929,91,16,7.607371,0.458759,0.476574,True
297,1773636756.382620,1773636932.356639,922,402,222.399762,0.962249,0.552213,True
298,1773636756.382649,1773636980.270785,1314,220,305.557943,79.269355,1.033281,True
299,1773636756.382679,1773636975.857174,1049,396,247.869427,1.823808,0.622900,True
300,1773636756.382714,1773636999.911378,1048,399,274.073235,21.208587,0.635338,True
301,1773636756.382742,1773636970.056601,1180,404,212.867395,2.461157,0.522100,True
302,1773636756.382771,1773636917.765123,194,217,103.086690,0.545765,0.474727,True
303,1773636756.382800,1773636980.179193,1063,396,220.871688,2.332135,0.553265,True
304,1773636756.382833,1773636925.794550,206,217,99.365888,0.569911,0.457389,True
305,1773636756.382861,1773636989.219262,1083,386,223.346028,4.333317,0.568864,True
306,1773636756.382890,1773637002.955126,1016,436,250.796036,4.322434,0.566606,True
307,1773636756.382920,1773637000.516098,958,427,235.665207,2.052445,0.548387,True
308,1773636756.382984,1773636890.975831,91,16,16.439022,2.097523,0.956100,True
309,1773636756.383016,1773636936.104115,335,18,105.771596,47.971988,3.399977,True
310,1773636756.383046,1773636911.692831,895,114,53.522406,1.975929,0.456164,True
311,1773636756.383075,1773637034.333812,1004,532,298.558737,3.965090,0.554790,True
312,1773636756.383103,1773636933.984560,194,223,87.382376,0.547177,0.391150,True
313,1773636756.383133,1773637023.764558,1001,427,265.703352,9.110883,0.602330,True
314,1773636756.383162,1773636996.048887,954,390,210.124476,2.190461,0.534535,True
315,1773636756.383192,1773636962.686536,203,217,134.496535,0.558273,0.620085,True
316,1773636756.383220,1773637013.981503,980,385,232.117620,8.520116,0.582285,True
317,1773636756.383249,1773636910.394120,91,24,16.747576,4.422646,0.535867,True
318,1773636756.383283,1773636923.130380,428,102,37.747702,3.093921,0.343107,True
319,1773636756.383334,1773636929.933078,878,110,51.331813,10.024533,0.378966,True
320,1773636756.383377,1773636970.942873,212,164,132.366736,28.840498,0.635130,True
321,1773636756.383420,1773637093.043686,982,411,366.701963,65.207759,0.735352,True
322,1773636756.383462,1773637013.134957,445,174,206.389902,32.718907,1.003879,True
323,1773636756.383505,1773636931.407789,394,86,42.015650,3.891658,0.448518,True
324,1773636756.383547,1773637064.240953,1023,421,305.086146,21.843898,0.674386,True
325,1773636756.383590,1773637009.642969,1314,152,188.062431,41.056414,0.973550,True
326,1773636756.383632,1773637033.470918,1009,420,234.729408,1.912266,0.555650,True
327,1773636756.383679,1773637059.208107,1007,375,282.864172,29.552845,0.677303,True
328,1773636756.383726,1773637069.358879,1161,373,292.448874,45.575489,0.663638,True
329,1773636756.383764,1773637076.448482,1067,429,301.302159,21.531358,0.653670,True
330,1773636756.383809,1773637082.842780,1038,409,305.807579,38.770802,0.654502,True
331,1773636756.383851,1773637067.202555,1136,422,274.465244,7.092889,0.635089,True
332,1773636756.383904,1773637046.726177,169,217,230.615740,51.091417,0.831131,True
333,1773636756.383957,1773636938.530904,313,18,12.334944,1.539950,0.635000,True
334,1773636756.383996,1773637465.207309,1116,574,1064.480174,3.557874,1.851522,True
335,1773636756.384042,1773637392.537763,1240,501,919.119902,3.547213,1.831145,True
336,1773636756.384084,1773636983.751193,1060,58,99.521067,18.357024,1.423931,True
337,1773636756.384123,1773637037.381056,209,167,202.532211,1.227475,1.212679,True
338,1773636756.384168,1773637007.100055,428,108,140.450375,0.979139,1.303469,True
339,1773636756.384205,1773637306.344161,1093,414,738.054296,3.541974,1.778480,True
340,1773636756.384253,1773637482.361676,1045,585,1090.069004,3.531561,1.860509,True
341,1773636756.384295,1773637006.982842,435,111,139.101277,3.646632,1.231406,True
342,1773636756.384333,1773637069.803468,1037,390,262.536448,33.276438,0.589357,True
343,1773636756.384382,1773636994.487278,422,95,106.918124,12.331105,1.006245,True
344,1773636756.384414,1773637028.725003,1313,201,170.621139,18.127511,0.762468,True
345,1773636756.384445,1773637306.344007,1184,394,717.897737,1.930034,1.821801,True
346,1773636756.384487,1773637093.844882,1001,396,292.381618,34.855620,0.651965,True
347,1773636756.384526,1773637069.295794,890,387,238.305764,11.399107,0.587841,True
348,1773636756.384571,1773637012.741237,181,140,120.516776,10.603234,0.790745,True
349,1773636756.384608,1773637328.055684,1119,397,748.689960,1.869699,1.885910,True
350,1773636756.384657,1773637020.674908,407,92,133.468491,38.112195,1.047871,True
351,1773636756.384689,1773637317.346128,1188,388,722.154098,3.371762,1.857319,True
352,1773636756.384719,1773637300.341960,1016,375,687.695659,3.146566,1.830345,True
353,1773636756.384751,1773637345.565602,1095,417,777.917375,4.025098,1.860318,True
354,1773636756.384802,1773637330.616007,1027,395,747.998771,4.480313,1.887103,True
355,1773636756.384838,1773637388.433625,1102,455,863.426183,4.924942,1.890972,True
356,1773636756.384884,1773637091.167178,1026,429,268.091380,8.268440,0.607063,True
357,1773636756.384920,1773637008.933294,1996,70,93.176770,3.010247,1.306761,True
358,1773636756.384982,1773637016.230504,1314,139,107.066088,10.007876,0.703320,True
359,1773636756.385025,1773637088.392127,181,173,250.995453,3.076614,1.441389,True
360,1773636756.385063,1773637110.441163,1049,397,294.438265,39.470358,0.643858,True
361,1773636756.385119,1773637087.471559,1132,414,248.375713,12.639333,0.570790,True
362,1773636756.385166,1773637315.544176,1088,386,699.668583,1.841449,1.812538,True
363,1773636756.385203,1773637099.722156,125,205,266.793016,1.801677,1.298977,True
364,1773636756.385252,1773637088.278225,206,167,241.179776,0.710363,1.448611,True
365,1773636756.385284,1773636995.660376,376,73,51.199596,5.862468,0.629682,True
366,1773636756.385432,1773637099.722307,127,198,258.888201,0.676757,1.310718,True
367,1773636756.385467,1773637007.529506,404,109,73.167587,10.538735,0.579897,True
368,1773636756.385503,1773637366.222852,1026,409,788.001251,1.737020,1.927118,True
369,1773636756.385536,1773637079.595889,1199,394,213.508015,6.107568,0.527737,True
370,1773636756.385584,1773636979.882656,91,16,13.401757,1.960129,0.762775,True
371,1773636756.385622,1773637378.120171,1013,422,807.154878,1.740399,1.913099,True
372,1773636756.385667,1773637081.555032,990,392,211.386052,1.839473,0.535925,True
373,1773636756.385703,1773637040.830920,1314,200,128.515773,9.844073,0.596340,True
374,1773636756.385749,1773637470.366642,1069,499,987.441703,4.951624,1.972872,True
375,1773636756.385781,1773637489.196707,1017,519,1024.199302,1.716365,1.973905,True
376,1773636756.385812,1773637099.931616,200,183,244.976655,1.774229,1.336277,True
377,1773636756.385841,1773637108.036317,124,204,258.173448,0.723930,1.268224,True
378,1773636756.385871,1773637366.455508,895,393,774.801011,11.549949,1.947069,True
379,1773636756.385900,1773637074.735458,399,112,189.702117,66.446711,1.110409,True
380,1773636756.385930,1773637057.968681,410,95,155.630495,1.657554,1.638010,True
381,1773636756.385978,1773637107.246023,1107,388,254.122241,26.059290,0.589310,True
382,1773636756.386020,1773637113.041770,212,217,265.542192,1.969873,1.220242,True
383,1773636756.386060,1773637362.266854,1007,385,763.971278,15.349691,1.949535,True
384,1773636756.386105,1773637173.582653,1052,652,386.581916,2.061279,0.590662,True
385,1773636756.386156,1773637353.433154,1143,388,741.433605,1.899288,1.910941,True
386,1773636756.386194,1773637000.224657,307,18,34.557016,2.349022,1.894588,True
387,1773636756.386239,1773637057.621649,392,91,149.329850,2.338683,1.633235,True
388,1773636756.386271,1773637036.881051,129,185,106.253808,3.038983,0.560950,True
389,1773636756.386312,1773637094.706286,129,159,218.107969,1.782107,1.369151,True
390,1773636756.386351,1773637409.550922,936,431,847.775847,1.771564,1.967452,True
391,1773636756.386396,1773637111.236490,128,205,250.942015,1.783029,1.221368,True
392,1773636756.386428,1773637395.055775,1025,388,817.672737,25.437362,2.047120,True
393,1773636756.386459,1773637115.459125,203,217,255.333856,0.731463,1.178715,True
394,1773636756.386510,1773637063.619449,431,97,151.425902,0.990564,1.567035,True
395,1773636756.386542,1773637413.506144,1000,396,850.972204,23.636370,2.094521,True
396,1773636756.386572,1773637522.038548,1045,496,1067.351831,31.886187,2.091850,True
397,1773636756.386602,1773637053.747144,165,192,129.037591,17.016019,0.586500,True
398,1773636756.386631,1773637453.610544,1163,429,928.476785,36.004242,2.085216,True
399,1773636756.386661,1773637542.205093,1143,580,1100.651173,1.899560,1.897671,True
400,1773636756.386690,1773637425.845927,1012,389,867.044516,34.993809,2.144461,True
401,1773636756.386719,1773637417.206959,1121,433,846.120970,5.094673,1.946820,True
402,1773636756.386748,1773637350.506301,971,373,712.699049,5.083967,1.902191,True
403,1773636756.386784,1773637356.601563,1088,377,724.867834,5.073246,1.914347,True
404,1773636756.386820,1773637486.774052,1028,498,985.045246,1.871409,1.978217,True
405,1773636756.386864,1773637125.923151,127,202,263.115807,32.952168,1.145093,True
406,1773636756.386901,1773637099.164545,1139,371,209.348545,3.891375,0.555290,True
407,1773636756.386963,1773637124.599808,1100,414,257.873042,24.813306,0.564309,True
408,1773636756.387005,1773637120.124602,1019,403,248.139489,24.421703,0.556512,True
409,1773636756.387044,1773637489.078086,1022,443,979.421319,32.951499,2.141334,True
410,1773636756.387090,1773637155.699883,1176,373,311.565435,69.160060,0.651627,True
411,1773636756.387121,1773637388.547596,1007,403,776.643942,1.740490,1.927621,True
412,1773636756.387153,1773637013.853131,382,38,26.656082,5.719142,0.565863,True
413,1773636756.387204,1773637044.051983,396,107,82.171899,7.558527,0.703900,True
414,1773636756.387237,1773637098.099763,401,147,188.578586,0.983984,1.284895,True
415,1773636756.387269,1773637107.819343,882,135,204.398896,29.202773,1.307434,True
416,1773636756.387311,1773637434.086695,1161,429,854.184959,1.698053,1.991792,True
417,1773636756.387359,1773637109.107632,21,139,203.993468,27.711096,1.277408,True
418,1773636756.387401,1773637230.384715,1053,383,445.698589,64.196337,0.998697,True
419,1773636756.387439,1773637095.926465,402,102,173.974474,25.882879,1.466253,True
420,1773636756.387484,1773637436.496536,1037,434,854.657998,4.153244,1.964214,True
421,1773636756.387516,1773637151.614976,945,504,283.924452,2.757941,0.558979,True
422,1773636756.387561,1773637139.812094,1050,403,254.123442,18.135801,0.587034,True
423,1773636756.387599,1773637155.530117,1036,386,284.774171,29.811345,0.662241,True
424,1773636756.387645,1773637126.760914,1062,413,225.809688,2.308553,0.542478,True
425,1773636756.387693,1773637120.189548,1070,398,212.398025,8.860928,0.512688,True
426,1773636756.387731,1773637124.013641,206,181,219.057401,23.407706,1.086943,True
427,1773636756.387779,1773637097.451408,419,130,165.479905,0.991093,1.275107,True
428,1773636756.387811,1773637098.965143,181,132,167.357144,1.040916,1.269590,True
429,1773636756.387843,1773637427.408406,1127,415,822.682319,1.934300,1.982483,True
430,1773636756.387891,1773637182.934835,1043,394,333.400614,55.231841,0.707809,True
431,1773636756.387961,1773637097.231808,413,95,158.184293,27.822892,1.386823,True
432,1773636756.388007,1773637441.420015,934,378,845.185120,29.478371,2.163678,True
433,1773636756.388049,1773637395.169502,1039,379,749.575959,1.748263,1.978380,True
434,1773636756.388101,1773637027.881221,91,24,14.404783,3.320864,0.481910,True
435,1773636756.388133,1773637417.090333,1017,393,792.720706,2.796551,2.015113,True
436,1773636756.388165,1773637560.419383,1007,468,1078.925135,32.695897,2.240320,True
437,1773636756.388207,1773637037.465900,375,66,27.394038,1.082743,0.404789,True
438,1773636756.388245,1773637138.396700,10,146,229.235108,29.873159,1.374910,True
439,1773636756.388290,1773637439.268174,994,414,827.058415,2.037555,1.997629,True
440,1773636756.388332,1773637076.794916,298,18,101.884561,43.789777,3.417340,True
441,1773636756.388369,1773637141.555357,1002,388,227.332363,8.532136,0.565375,True
442,1773636756.388415,1773637189.941347,1021,390,322.428717,49.862394,0.700685,True
443,1773636756.388452,1773637133.964356,209,217,209.339549,0.735410,0.965760,True
444,1773636756.388497,1773637108.786792,386,96,158.760134,40.235614,1.247627,True
445,1773636756.388538,1773637585.485393,1092,415,1109.124587,38.719511,2.585520,True
446,1773636756.388581,1773637110.598809,403,142,155.369641,2.346463,1.085271,True
447,1773636756.388620,1773637319.131403,415,101,572.207971,36.614788,5.355932,True
448,1773636756.388665,1773637122.577761,1013,363,178.207826,1.845060,0.487190,True
449,1773636756.388701,1773637148.993116,1014,395,229.300534,5.256376,0.568640,True
450,1773636756.388750,1773637419.633687,1034,377,769.352691,1.958681,2.040942,True
451,1773636756.388792,1773637194.871522,1002,396,315.958830,45.885054,0.683731,True
452,1773636756.388831,1773637247.942873,1149,516,421.107283,31.687996,0.756154,True
453,1773636756.388876,1773637185.811315,1112,403,296.679289,31.257531,0.660253,True
454,1773636756.388911,1773637433.970371,1314,159,792.915406,117.935023,4.272028,True
455,1773636756.388975,1773637079.069001,1917,56,79.758945,4.373490,1.370645,True
456,1773636756.389010,1773637491.837076,1043,431,904.844370,5.110143,2.092405,True
457,1773636756.389039,1773637453.494290,1032,421,828.137592,4.136191,1.961908,True
458,1773636756.389068,1773637462.435791,1093,382,845.814556,10.737804,2.191803,True
459,1773636756.389098,1773637472.699079,1173,429,866.317449,5.641703,2.010925,True
460,1773636756.389128,1773637459.687847,203,189,840.087277,115.804366,3.852569,True
461,1773636756.389156,1773637110.505231,390,97,139.340822,41.942376,1.014567,True
462,1773636756.389185,1773637103.070015,409,93,118.026391,29.167277,0.965860,True
463,1773636756.389214,1773637066.874329,402,92,43.749568,1.717468,0.461891,True
464,1773636756.389243,1773637345.565311,1354,225,600.493771,11.515612,2.629367,True
465,1773636756.389271,1773637492.059105,181,213,893.237346,110.007435,3.694481,True
466,1773636756.389301,1773637199.208320,1035,414,304.958397,26.494732,0.674246,True
467,1773636756.389336,1773637658.086090,1033,420,1222.131748,116.598846,2.638503,True
468,1773636756.389378,1773637328.283824,206,179,558.990253,8.044781,3.095199,True
469,1773636756.389407,1773637568.625588,888,426,1035.978920,8.583207,2.417402,True
470,1773636756.389439,1773637133.964203,209,183,165.036399,7.904427,0.863362,True
471,1773636756.389467,1773637696.236282,1102,433,1289.353248,122.915704,2.700087,True
472,1773636756.389496,1773637670.456510,1007,424,1236.429311,122.233043,2.634034,True
473,1773636756.389525,1773637135.778195,203,167,164.050220,31.971619,0.795654,True
474,1773636756.389555,1773637500.715042,1173,421,893.240896,19.828022,2.079554,True
475,1773636756.389585,1773637576.104691,1080,371,1042.861175,6.747927,2.800306,True
476,1773636756.389614,1773637115.246929,395,92,121.123816,29.004408,1.012301,True
477,1773636756.389642,1773637872.949879,1011,677,1636.323673,123.126005,2.238458,True
478,1773636756.389674,1773637091.477021,91,24,73.355838,28.890324,1.933283,True
479,1773636756.389701,1773637447.806856,209,167,785.805496,119.571075,4.013460,True
480,1773636756.389730,1773637624.597201,1159,399,1133.933286,136.984547,2.504896,True
481,1773636756.389758,1773637891.227002,463,739,1666.508132,136.642391,2.072989,True
482,1773636756.389790,1773637620.606755,1094,398,1125.246186,136.631649,2.490213,True
483,1773636756.389825,1773637309.757584,130,199,503.337077,25.600924,2.412809,True
484,1773636756.389862,1773637130.395661,203,162,142.357942,23.560308,0.737874,True
485,1773636756.389893,1773637499.911773,206,217,879.933763,134.670061,3.450295,True
486,1773636756.389922,1773637504.186510,1003,373,888.459877,23.733500,2.324533,True
487,1773636756.389968,1773637358.308059,376,88,596.494434,134.554404,5.309656,True
488,1773636756.390001,1773637162.406677,401,125,204.671160,23.618606,1.460101,True
489,1773636756.390031,1773637585.370784,1023,427,1043.479748,20.058500,2.402397,True
490,1773636756.390060,1773637146.876667,197,217,165.267138,21.481876,0.665673,True
491,1773636756.390089,1773637231.316405,91,16,332.255754,109.287007,14.864583,True
492,1773636756.390118,1773637462.661321,77,187,794.925163,109.276216,3.686285,True
493,1773636756.390147,1773637167.366165,1056,396,200.975990,8.743981,0.486663,True
494,1773636756.390179,1773637305.775534,1033,397,477.138301,90.326549,0.976797,True
495,1773636756.390208,1773637202.256039,1118,378,265.905425,26.809288,0.634207,True
496,1773636756.390236,1773637133.417674,1269,152,128.105903,21.410050,0.706595,True
497,1773636756.390265,1773637285.493570,1035,401,431.372515,105.590340,0.814455,True
498,1773636756.390294,1773637644.815268,1256,414,1146.854147,103.086591,2.527282,True
499,1773636756.390322,1773637677.023236,1211,450,1209.428188,77.530247,2.520931,True
500,1773636756.390351,1773637359.758565,396,89,574.441625,122.080922,5.140463,True
501,1773636756.390382,1773637233.732744,91,16,318.418313,120.092311,13.221733,True
502,1773636756.390411,1773637217.493678,1066,421,285.510350,19.194333,0.634086,True
503,1773636756.390444,1773637226.302863,91,24,301.291165,74.182322,9.874298,True
504,1773636756.390473,1773637110.118236,414,79,67.331841,14.322386,0.679608,True
505,1773636756.390582,1773637324.792240,378,52,496.428452,118.038019,7.419420,True
506,1773636756.390613,1773637381.135089,385,112,608.662700,97.671834,4.603521,True
507,1773636756.390643,1773637547.031125,1314,285,940.433291,97.660500,2.967510,True
508,1773636756.390673,1773637359.758288,401,88,565.860292,121.420138,5.108508,True
509,1773636756.390702,1773637361.922118,404,98,570.003651,97.554518,4.870610,True
510,1773636756.390733,1773637195.063253,91,16,232.211529,70.881358,10.755345,True
511,1773636756.390764,1773637443.576427,194,188,729.214736,70.870422,3.520558,True
512,1773636756.390796,1773637597.192387,1111,389,1036.426180,80.182924,2.464544,True
513,1773636756.390829,1773637615.599274,1125,395,1073.219492,119.255117,2.421229,True
514,1773636756.390857,1773637632.304508,1013,421,1106.462956,80.088784,2.443748,True
515,1773636756.390887,1773637362.039044,847,89,565.907932,119.160920,5.076671,True
516,1773636756.390916,1773637368.852268,375,101,579.512980,85.248310,4.942647,True
517,1773636756.390962,1773637612.606116,1046,393,1067.000112,129.763378,2.390910,True
518,1773636756.390991,1773637323.504451,395,58,488.774573,85.226264,7.079795,True
519,1773636756.391024,1773637358.308213,402,86,558.358752,129.741629,5.042554,True
520,1773636756.391052,1773637597.192546,1207,386,1036.105231,96.441435,2.440685,True
521,1773636756.391084,1773637210.031368,997,415,260.856949,13.654122,0.597108,True
522,1773636756.391113,1773637118.680125,191,162,74.236893,0.489770,0.458057,True
523,1773636756.391142,1773637232.462622,978,430,299.223823,26.677776,0.635305,True
524,1773636756.391171,1773637500.483493,200,217,832.644120,90.314125,3.436713,True
525,1773636756.391200,1773637218.594691,1160,421,262.240122,14.477720,0.589910,True
526,1773636756.391229,1773637748.236693,1216,466,1319.895332,120.580074,2.579173,True
527,1773636756.391258,1773637663.081164,912,427,1149.373953,120.887304,2.414288,True
528,1773636756.391287,1773637370.637194,181,104,561.567249,84.621693,4.630539,True
529,1773636756.391316,1773637145.404124,206,162,108.471812,10.784240,0.606755,True
530,1773636756.391348,1773637617.054915,1010,396,1051.604319,83.222436,2.451600,True
531,1773636756.391380,1773637340.314991,975,68,497.671403,123.036130,5.591571,True
532,1773636756.391414,1773637277.252394,1033,396,368.411833,76.141436,0.739925,True
533,1773636756.391444,1773637155.593992,163,157,123.492206,15.680713,0.691099,True
534,1773636756.391472,1773637337.014421,382,62,484.606226,114.158105,6.072920,True
535,1773636756.391509,1773637663.081064,1082,426,1134.517331,118.693752,2.390173,True
536,1773636756.391540,1773637651.026255,1311,415,1110.182664,92.418952,2.458366,True
537,1773636756.391569,1773637501.522139,200,217,808.568219,91.115621,3.321540,True
538,1773636756.391598,1773637250.342749,91,16,305.769764,117.058705,12.580737,True
539,1773636756.391630,1773637358.421199,181,85,520.631045,116.409509,4.812161,True
540,1773636756.391659,1773637641.992110,1004,412,1086.043806,109.899090,2.375048,True
541,1773636756.391688,1773637163.872371,1315,144,129.393701,23.628158,0.739619,True
542,1773636756.391717,1773637434.196311,203,161,668.943759,114.791032,3.463455,True
543,1773636756.391746,1773637624.704780,960,403,1049.939340,118.771156,2.316339,True
544,1773636756.391774,1773637608.142025,1032,387,1016.398755,112.303439,2.342216,True
545,1773636756.391805,1773637226.753976,1144,396,247.345994,10.509457,0.599586,True
546,1773636756.391833,1773637147.896855,414,130,81.287976,6.337516,0.581011,True
547,1773636756.391862,1773637347.736726,399,86,479.830009,80.532097,4.697622,True
548,1773636756.391893,1773637373.443506,1113,98,530.788263,110.457525,4.333307,True
549,1773636756.391922,1773637378.467875,181,107,539.358596,79.564516,4.337680,True
550,1773636756.391972,1773637475.770843,161,193,733.320442,79.243957,3.406648,True
551,1773636756.392000,1773637241.454278,1001,398,262.650507,16.563703,0.619866,True
552,1773636756.392035,1773637137.075735,371,54,53.246694,3.972881,0.929695,True
553,1773636756.392064,1773637238.107230,1176,385,255.186300,22.244562,0.606619,True
554,1773636756.392094,1773637677.023406,1061,429,1132.831963,111.252290,2.386868,True
555,1773636756.392126,1773637373.443209,886,95,524.400448,113.575260,4.370481,True
556,1773636756.392154,1773637700.176435,1137,428,1174.247290,110.394490,2.491459,True
557,1773636756.392183,1773637607.933724,1245,389,985.362547,114.378974,2.244803,True
558,1773636756.392212,1773637384.493526,401,103,538.050336,107.979087,4.216385,True
559,1773636756.392241,1773637138.641171,405,83,39.910285,0.590476,0.479510,True
560,1773636756.392271,1773637174.571244,1319,169,108.883262,9.298061,0.592769,True
561,1773636756.392300,1773637252.427760,1052,429,264.470905,15.385712,0.581975,True
562,1773636756.392329,1773637128.084646,91,24,10.992081,0.444962,0.458570,True
563,1773636756.392358,1773637612.814092,1062,393,977.588081,64.333647,2.329731,True
564,1773636756.392387,1773637169.080688,2042,52,88.943644,34.958281,1.058537,True
565,1773636756.392416,1773637233.949420,328,18,216.044295,62.427181,9.036301,True
566,1773636756.392445,1773637163.058902,8,122,72.575036,2.773948,0.576868,True
567,1773636756.392474,1773637165.246219,1313,156,74.313422,1.294633,0.471089,True
568,1773636756.392503,1773637277.773477,1129,414,294.749592,36.525912,0.625239,True
569,1773636756.392535,1773637381.134905,405,110,499.654039,57.046073,4.060624,True
570,1773636756.392564,1773637193.972600,393,105,121.096081,33.499952,0.842270,True
571,1773636756.392593,1773637460.265302,167,187,652.589892,95.660677,2.994243,True
572,1773636756.392622,1773637740.513212,1040,456,1213.065482,95.650421,2.455857,True
573,1773636756.392653,1773637247.259170,1113,399,222.958718,3.573748,0.551219,True
574,1773636756.392681,1773637641.889890,1042,411,1011.867150,52.397497,2.340170,True
575,1773636756.392709,1773637257.997071,1180,414,241.830561,6.839103,0.568987,True
576,1773636756.392738,1773637676.157107,1069,426,1075.505816,49.949724,2.413073,True
577,1773636756.392767,1773637192.675821,209,217,108.047691,0.483598,0.497982,True
578,1773636756.392795,1773637688.266753,1065,426,1097.504567,93.313086,2.362803,True
579,1773636756.392823,1773637449.782835,128,173,620.514606,93.302205,3.065188,True
580,1773636756.392856,1773637674.035437,1037,415,1068.998369,105.987523,2.326113,True
581,1773636756.392885,1773637284.692452,966,403,289.750952,32.005615,0.641158,True
582,1773636756.392913,1773637178.729591,380,99,74.336534,7.175933,0.685312,True
583,1773636756.392957,1773637630.741666,1087,396,973.213532,82.049161,2.256112,True
584,1773636756.392988,1773637456.106929,218,179,623.922283,82.038014,3.044294,True
585,1773636756.393016,1773637189.172214,387,75,87.527969,26.414578,0.825857,True
586,1773636756.393048,1773637294.796556,1000,498,295.822008,4.218849,0.586727,True
587,1773636756.393078,1773637401.859291,383,114,508.398625,97.863745,3.633052,True
588,1773636756.393107,1773637267.848303,1093,429,239.880890,5.908397,0.546665,True
589,1773636756.393136,1773637289.135232,1262,390,280.270009,29.335775,0.645075,True
590,1773636756.393165,1773637725.027139,1473,450,1148.257347,37.454967,2.473947,True
591,1773636756.393193,1773637840.883970,1127,563,1379.950280,39.041695,2.385958,True
592,1773636756.393221,1773637755.770401,1076,464,1209.701243,79.829226,2.440328,True
593,1773636756.393253,1773637620.506707,1067,393,939.010052,52.221534,2.262216,True
594,1773636756.393282,1773637194.807524,402,73,86.377251,26.716959,0.828615,True
595,1773636756.393315,1773637229.898051,209,179,148.727826,22.801766,0.707450,True
596,1773636756.393376,1773637303.420355,1047,401,295.647082,29.500887,0.665365,True
597,1773636756.393424,1773637288.613141,200,193,265.804901,2.100253,1.373462,True
598,1773636756.393456,1773637641.782969,942,404,971.586122,89.533815,2.188715,True
599,1773636756.393488,1773637735.161317,1072,446,1157.725887,91.048901,2.397027,True
600,1773636756.393530,1773637696.018417,1232,419,1079.034359,78.858518,2.392765,True
601,1773636756.393567,1773637380.901535,373,91,448.778384,87.293502,4.016499,True
602,1773636756.393616,1773637624.805523,999,395,925.185214,41.010357,2.244099,True
603,1773636756.393647,1773637704.746577,1146,426,1084.672270,91.966951,2.335777,True
604,1773636756.393679,1773637391.420278,1049,667,456.700694,24.875158,0.648387,True
605,1773636756.393721,1773637300.759398,1130,375,273.772278,29.190473,0.653962,True
606,1773636756.393759,1773637662.893746,1009,419,996.846715,38.754755,2.292086,True
607,1773636756.393804,1773637571.013150,1317,320,813.067941,38.744088,2.427348,True
608,1773636756.393839,1773637390.757236,921,114,452.533889,46.227666,3.595630,True
609,1773636756.393889,1773637700.069910,1157,429,1071.138156,46.216361,2.394677,True
610,1773636756.393921,1773637691.714633,1093,425,1054.405154,51.682917,2.364911,True
611,1773636756.393974,1773637648.952844,1035,405,968.551919,89.701066,2.175373,True
612,1773636756.394004,1773637262.373922,1009,395,194.245844,1.067379,0.490301,True
613,1773636756.394034,1773637237.186770,482,73,139.619534,51.458779,1.224455,True
614,1773636756.394066,1773637224.925489,401,104,111.685792,23.980988,0.851503,True
615,1773636756.394109,1773637346.289710,1046,429,345.400447,58.633067,0.670017,True
616,1773636756.394153,1773637312.462532,1230,389,275.770817,27.036659,0.641067,True
617,1773636756.394192,1773637449.316739,161,159,549.456296,69.216939,3.039490,True
618,1773636756.394237,1773637524.043241,26,238,691.799522,38.051378,2.758431,True
619,1773636756.394269,1773637633.875482,1108,399,911.442436,42.027637,2.184459,True
620,1773636756.394308,1773637421.183739,378,124,486.035968,52.108115,3.527869,True
621,1773636756.394346,1773637662.893570,1051,410,969.431749,52.097578,2.242871,True
622,1773636756.394392,1773637373.212098,2,93,390.051415,52.086958,3.673527,True
623,1773636756.394425,1773637609.964879,1001,373,863.535847,58.515813,2.164032,True
624,1773636756.394468,1773637327.366404,1059,429,297.267815,27.760514,0.629690,True
625,1773636756.394505,1773637309.454291,996,385,253.034823,15.948331,0.617413,True
626,1773636756.394550,1773637338.567034,1096,396,305.507000,20.679887,0.721081,True
627,1773636756.394584,1773637386.292205,417,98,395.631006,55.328544,3.508273,True
628,1773636756.394626,1773637644.923299,1139,396,912.872995,61.729953,2.154793,True
629,1773636756.394679,1773637296.168193,310,18,215.340569,61.719460,9.036536,True
630,1773636756.394715,1773637342.599295,1027,482,306.832190,9.701931,0.617734,True
631,1773636756.394756,1773637324.777560,1007,388,269.662439,24.144748,0.634413,True
632,1773636756.394794,1773637227.304648,161,150,69.248018,0.488878,0.461471,True
633,1773636756.394838,1773637332.545524,1025,394,277.143640,28.774562,0.631982,True
634,1773636756.394870,1773637356.742357,1044,413,323.852736,40.185061,0.688514,True
635,1773636756.394900,1773637262.221059,404,108,134.683126,30.916017,0.969786,True
636,1773636756.394950,1773637714.555645,1036,425,1039.186424,55.254815,2.320593,True
637,1773636756.395006,1773637651.133622,1098,396,912.321862,64.651575,2.146001,True
638,1773636756.395045,1773637395.396794,405,105,400.661855,41.647231,3.452064,True
639,1773636756.395092,1773637754.312400,1269,451,1118.263538,48.197316,2.377925,True
640,1773636756.395133,1773637339.529384,788,51,288.676821,59.186458,4.589807,True
641,1773636756.395172,1773637651.025969,918,397,911.647787,48.175345,2.180486,True
642,1773636756.395217,1773637281.931560,206,179,165.428601,35.783740,0.728342,True
643,1773636756.395250,1773637448.951266,1068,664,493.368361,47.886584,0.671918,True
644,1773636756.395380,1773637776.630290,1042,472,1146.562058,56.275035,2.314834,True
645,1773636756.395413,1773637385.856710,417,92,364.993258,56.263915,3.392630,True
646,1773636756.395444,1773637445.452857,409,146,484.163832,56.253616,2.951105,True
647,1773636756.395478,1773637605.491325,1002,373,804.075221,60.293178,1.999414,True
648,1773636756.395508,1773637395.397149,942,104,383.661100,39.811293,3.338348,True
649,1773636756.395537,1773637363.922451,983,414,307.770249,30.903197,0.670380,True
650,1773636756.395566,1773637952.154457,1113,1000,1482.617174,52.900254,1.431148,True
651,1773636756.395596,1773637520.366145,203,217,618.831660,48.674217,2.639618,True
652,1773636756.395625,1773637378.351329,435,83,334.780109,52.785120,3.438963,True
653,1773636756.395654,1773637288.910617,91,16,148.531136,28.733302,7.986522,True
654,1773636756.395683,1773637628.373448,1071,386,827.043904,56.612438,2.001121,True
655,1773636756.395712,1773637271.749084,167,217,108.494980,1.605500,0.494859,True
656,1773636756.395745,1773637287.621166,200,161,138.048974,25.259474,0.704934,True
657,1773636756.395774,1773637381.135094,181,92,324.991615,24.738747,3.299482,True
658,1773636756.395805,1773637417.207125,181,118,393.570759,51.042910,2.927588,True
659,1773636756.395835,1773637841.631009,1201,546,1241.986100,46.774969,2.193048,True
660,1773636756.395864,1773637657.977713,1208,400,868.802112,47.887021,2.057431,True
661,1773636756.395892,1773637350.736223,373,57,253.882605,43.617580,3.754733,True
662,1773636756.395921,1773637370.267811,1005,407,290.680745,18.928722,0.669340,True
663,1773636756.395975,1773637496.539297,130,199,540.465203,45.157848,2.501552,True
664,1773636756.396016,1773637651.236859,1008,398,849.841499,50.652323,2.013071,True
665,1773636756.396064,1773637311.829491,91,16,170.799511,46.076658,8.314857,True
666,1773636756.396096,1773637409.778752,392,109,366.491283,16.844692,3.237468,True
667,1773636756.396126,1773637272.216890,394,94,90.913954,23.393609,0.726025,True
668,1773636756.396159,1773637340.067185,988,466,225.507285,0.975635,0.482864,True
669,1773636756.396204,1773637380.267886,1146,380,300.727902,31.201150,0.711152,True
670,1773636756.396240,1773637415.322823,1091,436,369.870542,56.946697,0.719365,True
671,1773636756.396285,1773637385.621314,379,87,308.815546,45.755286,3.058840,True
672,1773636756.396322,1773637384.725494,411,93,306.795899,12.049746,3.203763,True
673,1773636756.396372,1773637288.562194,396,65,112.181369,28.633587,1.305434,True
674,1773636756.396422,1773637662.897835,1060,396,858.307546,38.762078,2.074799,True
675,1773636756.396459,1773637740.400135,1046,429,1013.290905,52.858181,2.244002,True
676,1773636756.396503,1773637362.266758,398,79,256.611857,9.416512,3.169171,True
677,1773636756.396537,1773637395.397155,381,99,322.849971,21.153588,3.078535,True
678,1773636756.396579,1773637731.091823,1117,428,988.040270,23.955211,2.257810,True
679,1773636756.396610,1773637356.024050,383,69,237.884889,23.944842,3.146177,True
680,1773636756.396639,1773637419.633523,403,106,365.082377,49.520367,3.005352,True
681,1773636756.396668,1773637368.852107,377,69,263.355575,39.794480,3.287663,True
682,1773636756.396697,1773637261.189400,403,101,47.987921,0.592710,0.473952,True
683,1773636756.396741,1773637645.025084,1145,396,815.492965,39.690025,1.964058,True
684,1773636756.396775,1773637688.050622,1209,403,901.522815,29.401444,2.169456,True
685,1773636756.396808,1773637400.830956,893,455,325.441509,18.125030,0.676909,True
686,1773636756.396849,1773637408.568674,1036,411,334.214705,40.274688,0.716927,True
687,1773636756.396886,1773637514.149239,203,217,536.532914,31.086291,2.340031,True
688,1773636756.396950,1773637527.726559,200,217,563.252949,40.512825,2.420093,True
689,1773636756.396990,1773637319.248401,299,18,146.277737,40.502426,6.222077,True
690,1773636756.397028,1773637414.008371,1142,436,333.476261,27.221707,0.704033,True
691,1773636756.397073,1773637362.253054,1318,234,228.612657,59.257190,0.726847,True
692,1773636756.397116,1773637315.433866,323,18,130.161855,33.759854,5.670706,True
693,1773636756.397154,1773637708.458866,1023,416,916.189105,33.748740,2.126362,True
694,1773636756.397198,1773637855.806126,1039,593,1210.862164,33.738354,1.988385,True
695,1773636756.397230,1773637416.973283,1024,414,329.075391,34.415298,0.713463,True
696,1773636756.397261,1773637470.366798,206,165,431.711291,12.180882,2.558112,True
697,1773636756.397303,1773637409.550770,371,97,308.582776,31.353048,2.887810,True
698,1773636756.397341,1773637370.753460,373,66,230.963881,31.341905,3.071107,True
699,1773636756.397398,1773637368.625287,385,73,226.296720,11.214553,2.987252,True
700,1773636756.397431,1773637340.263351,203,167,164.510417,30.995930,0.804304,True
701,1773636756.397470,1773637432.883233,398,132,346.270899,24.365716,2.457291,True
702,1773636756.397514,1773637716.861813,1241,421,914.206270,29.029960,2.107563,True
703,1773636756.397553,1773637362.143381,1050,374,201.900424,11.438391,0.510622,True
704,1773636756.397597,1773637320.993752,401,86,117.535281,26.270013,1.073709,True
705,1773636756.397628,1773637430.803868,1436,386,336.848217,1.369576,0.871373,True
706,1773636756.397658,1773637370.753609,389,65,213.064754,25.445181,2.931556,True
707,1773636756.397687,1773637340.433287,386,49,152.195371,7.333497,3.017956,True
708,1773636756.397717,1773637421.375827,1069,426,307.044692,24.988280,0.663662,True
709,1773636756.397747,1773637519.137124,212,217,502.504911,20.903129,2.229638,True
710,1773636756.397797,1773637620.399673,991,373,705.007584,26.853261,1.822995,True
711,1773636756.397842,1773637425.619220,181,112,315.219888,21.656093,2.644719,True
712,1773636756.397873,1773637449.553782,395,142,362.675251,4.722689,2.538671,True
713,1773636756.397902,1773637407.295396,1007,451,271.088795,6.362019,0.588282,True
714,1773636756.397946,1773637318.855844,395,91,93.270296,20.620736,0.807217,True
715,1773636756.397978,1773637319.363152,324,18,93.470860,22.121601,4.197015,True
716,1773636756.398006,1773637467.560969,200,167,389.846275,22.111087,2.215272,True
717,1773636756.398035,1773637417.321590,397,103,280.427236,0.976658,2.739712,True
718,1773636756.398065,1773637381.950835,452,101,209.375279,1.245310,2.081300,True
719,1773636756.398098,1773637401.628597,391,93,248.357341,4.038367,2.655641,True
720,1773636756.398127,1773637742.564972,1061,429,930.207960,4.027389,2.163973,True
721,1773636756.398156,1773637639.587782,1007,379,724.231351,4.016694,1.905330,True
722,1773636756.398194,1773637331.617718,398,99,107.672619,25.115798,0.842417,True
723,1773636756.398228,1773637670.671293,913,398,784.694426,16.425024,1.935187,True
724,1773636756.398257,1773637708.458875,999,412,860.246949,19.007105,2.046812,True
725,1773636756.398290,1773637388.547835,385,84,213.859131,8.047732,2.479655,True
726,1773636756.398319,1773637712.581600,1161,408,861.907210,14.182721,2.082861,True
727,1773636756.398353,1773637324.713906,396,113,85.548941,10.902012,0.666490,True
728,1773636756.398386,1773637361.847389,200,188,154.297706,18.198802,0.727802,True
729,1773636756.398416,1773637480.438650,1116,401,389.884406,62.705038,0.817948,True
730,1773636756.398445,1773637838.195960,1046,531,1102.903336,17.685838,2.047580,True
731,1773636756.398474,1773637690.788908,1015,397,807.843311,11.925710,2.009893,True
732,1773636756.398503,1773637412.510268,396,95,251.079782,3.123623,2.637831,True
733,1773636756.398535,1773637366.306272,1320,201,157.358455,19.202247,0.690781,True
734,1773636756.398563,1773637421.376013,1040,396,265.611031,8.752899,0.650274,True
735,1773636756.398591,1773637342.718450,416,153,108.193412,18.582078,0.589548,True
736,1773636756.398620,1773637356.372498,384,61,134.900011,3.157544,2.195708,True
737,1773636756.398653,1773637727.817129,1288,418,877.767668,3.146313,2.097413,True
738,1773636756.398685,1773637352.551150,203,162,126.823828,8.183901,0.736894,True
739,1773636756.398714,1773637388.316616,400,82,195.951505,14.089737,2.245207,True
740,1773636756.398746,1773637521.582901,209,217,462.463492,14.079200,2.075853,True
741,1773636756.398776,1773637447.225070,402,134,310.038810,6.588197,2.281584,True
742,1773636756.398805,1773637353.992056,906,146,118.368833,22.061151,0.664191,True
743,1773636756.398835,1773637506.536450,1312,204,421.178990,8.483099,2.032985,True
744,1773636756.398867,1773637635.690769,1042,373,679.037673,4.042923,1.814502,True
745,1773636756.398895,1773637521.398019,128,205,450.430727,8.477711,2.166436,True
746,1773636756.398929,1773637677.023417,1067,398,753.353390,9.050664,1.874818,True
747,1773636756.398975,1773637677.023412,1170,398,753.330094,9.039456,1.874788,True
748,1773636756.399004,1773637690.788753,1129,396,780.424579,5.640464,1.961479,True
749,1773636756.399033,1773637349.988485,401,144,98.450370,6.065992,0.646045,True
750,1773636756.399062,1773637438.283725,1032,401,269.704659,8.179709,0.653812,True
751,1773636756.399091,1773637334.451914,407,122,57.343281,1.807415,0.458974,True
752,1773636756.399120,1773637735.161163,1102,425,857.619333,4.885671,2.011164,True
753,1773636756.399149,1773637725.246496,1088,407,837.769233,12.640855,2.032336,True
754,1773636756.399178,1773637353.797098,385,107,88.677776,16.588327,0.680089,True
755,1773636756.399210,1773637716.861653,967,398,814.185678,17.922902,2.005700,True
756,1773636756.399239,1773637401.743413,395,83,179.805113,0.990052,2.180671,True
757,1773636756.399270,1773637704.630084,1160,392,784.875115,4.701878,1.995328,True
758,1773636756.399300,1773637745.980031,1019,413,867.138418,2.077878,2.099662,True
759,1773636756.399328,1773637377.021924,181,172,129.097506,6.814876,0.715103,True
760,1773636756.399357,1773637340.197981,91,24,49.739717,1.887425,2.080534,True
761,1773636756.399388,1773637448.034041,409,125,265.178370,12.246403,2.039774,True
762,1773636756.399417,1773637381.135098,383,58,131.172118,2.203176,2.262613,True
763,1773636756.399446,1773637637.271096,1363,363,639.831836,12.887373,1.731891,True
764,1773636756.399478,1773637850.541114,1034,550,1065.318825,4.129415,1.932950,True
765,1773636756.399506,1773637379.878138,200,174,122.034360,0.867046,0.700389,True
766,1773636756.399536,1773637660.405380,998,373,682.532687,2.872767,1.827043,True
767,1773636756.399567,1773637535.507157,203,217,432.507720,10.989902,1.951471,True
768,1773636756.399595,1773637571.013303,1317,268,503.295932,3.901448,1.870391,True
769,1773636756.399623,1773637732.844598,1001,399,826.731976,5.183591,2.064192,True
770,1773636756.399652,1773637380.332279,167,168,118.667303,5.047824,0.680356,True
771,1773636756.399681,1773637760.875837,1093,429,874.740605,8.663477,2.023545,True
772,1773636756.399710,1773637332.479626,373,27,15.509231,3.485723,0.462443,True
773,1773636756.399739,1773637389.811990,209,194,130.046616,1.711337,0.664950,True
774,1773636756.399768,1773637496.425328,1314,161,343.251972,2.261132,2.131193,True
775,1773636756.399802,1773637339.061878,91,16,28.502765,2.250284,1.750165,True
776,1773636756.399831,1773637782.737814,1072,446,914.947389,11.505187,2.030207,True
777,1773636756.399860,1773637349.787532,370,69,44.830323,1.633758,0.635244,True
778,1773636756.399889,1773637424.678138,379,88,193.230820,8.706429,2.120970,True
779,1773636756.399918,1773637470.482929,1129,136,284.381932,7.580606,2.050380,True
780,1773636756.399963,1773637433.352822,372,90,205.940900,1.994301,2.291535,True
781,1773636756.399993,1773637696.131397,1297,368,731.022216,11.492801,1.960571,True
782,1773636756.400022,1773637467.959175,1012,420,272.673791,3.061719,0.643466,True
783,1773636756.400132,1773637351.238346,377,53,37.503520,2.619992,0.670837,True
784,1773636756.400162,1773637467.959346,1191,411,270.818753,4.481941,0.649602,True
785,1773636756.400196,1773637442.080141,393,101,215.584042,3.358248,2.122258,True
786,1773636756.400225,1773637773.201719,1208,413,877.602204,18.669819,2.084787,True
787,1773636756.400254,1773637351.261978,379,62,33.598988,0.584146,0.541227,True
788,1773636756.400283,1773637424.563254,394,70,175.085886,6.436384,2.444196,True
789,1773636756.400316,1773637373.814497,425,96,70.476978,1.026926,0.731053,True
790,1773636756.400349,1773637362.038781,313,18,45.937156,4.386808,2.444138,True
791,1773636756.400381,1773637540.862011,134,202,402.658843,13.537822,1.935925,True
792,1773636756.400409,1773637442.626569,181,418,205.096720,1.482981,0.488282,True
793,1773636756.400438,1773637765.458894,1027,405,850.511030,7.295538,2.087167,True
794,1773636756.400467,1773637477.418921,1035,431,274.307732,2.266245,0.632655,True
795,1773636756.400496,1773637445.568369,391,93,210.501491,12.753093,2.149439,True
796,1773636756.400525,1773637478.527877,395,118,276.172227,2.430118,2.339676,True
797,1773636756.400553,1773637416.735345,371,58,148.749307,5.138122,2.519494,True
798,1773636756.400582,1773637465.248395,1098,396,245.281414,4.565106,0.609408,True
799,1773636756.400611,1773637458.831169,1296,398,232.221908,21.586647,0.530567,True
800,1773636756.400649,1773637512.376094,124,159,335.476152,8.432489,2.069897,True
801,1773636756.400700,1773637451.393224,394,104,211.633774,4.124192,2.014656,True
802,1773636756.400733,1773637758.193799,1230,399,825.213102,4.113602,2.063064,True
803,1773636756.400765,1773637434.015378,380,74,175.443720,70.389508,1.439099,True
804,1773636756.400807,1773637370.637346,91,16,45.798406,2.515433,2.885532,True
805,1773636756.400845,1773637487.704119,1298,402,275.811239,6.810332,0.670825,True
806,1773636756.400890,1773637495.684128,1101,405,291.375396,16.178230,0.681181,True
807,1773636756.400948,1773637849.408232,998,518,997.787001,4.364473,1.921514,True
808,1773636756.400994,1773637416.034461,378,52,130.584219,3.180793,2.498106,True
809,1773636756.401026,1773637481.679222,1033,394,260.880135,9.755012,0.638995,True
810,1773636756.401066,1773637385.294528,395,90,68.047933,13.036322,0.618108,True
811,1773636756.401097,1773637501.707102,1120,415,298.299456,8.437109,0.700151,True
812,1773636756.401126,1773637451.166451,420,104,195.454727,2.105274,1.877179,True
813,1773636756.401156,1773637491.903987,1138,396,276.202124,15.554779,0.659867,True
814,1773636756.401194,1773637400.112011,406,89,92.223822,23.894541,0.776469,True
815,1773636756.401226,1773637525.040045,1314,152,338.021095,2.148912,2.224319,True
816,1773636756.401255,1773637820.493854,1057,445,928.228342,3.250140,2.083284,True
817,1773636756.401290,1773637767.151712,1074,403,821.087839,4.016814,2.032515,True
818,1773636756.401334,1773637520.742653,1133,432,327.982605,26.567653,0.699339,True
819,1773636756.401390,1773637817.174659,1110,451,917.709951,3.357052,2.031895,True
820,1773636756.401427,1773637475.887330,1005,111,235.114751,5.095875,2.091081,True
821,1773636756.401473,1773637472.698897,853,106,228.553265,13.590539,2.047264,True
822,1773636756.401508,1773637769.635525,1198,396,819.740027,8.613414,2.053485,True
823,1773636756.401554,1773637432.064980,372,61,144.577057,8.603116,2.266232,True
824,1773636756.401606,1773637397.014428,381,91,70.320212,7.503414,0.697964,True
825,1773636756.401643,1773637792.332186,1112,404,860.808460,25.911402,2.071705,True
826,1773636756.401689,1773637460.150859,956,75,196.219453,28.470798,2.266874,True
827,1773636756.401726,1773637478.527710,431,99,232.950598,1.831310,2.358360,True
828,1773636756.401771,1773637480.491856,957,414,236.672528,20.568559,0.523254,True
829,1773636756.401808,1773637384.179102,400,85,43.836427,2.427296,0.492966,True
830,1773636756.401853,1773637468.022073,394,93,211.498611,3.821956,2.257355,True
831,1773636756.401887,1773637837.328998,1216,456,950.092555,3.811184,2.079739,True
832,1773636756.401929,1773637385.790196,1398,44,43.733963,9.825816,0.788562,True
833,1773636756.401990,1773637555.788678,218,179,379.109581,24.277786,1.993437,True
834,1773636756.402028,1773637399.385214,391,93,66.136270,7.432112,0.638089,True
835,1773636756.402074,1773637459.687679,383,83,186.447490,2.781666,2.239827,True
836,1773636756.402106,1773637525.039870,22,147,312.807154,0.908292,2.136294,True
837,1773636756.402137,1773637776.415658,1247,398,815.105336,8.687584,2.031279,True
838,1773636756.402180,1773637509.939437,1318,139,282.130151,8.676834,1.981546,True
839,1773636756.402217,1773637431.295558,203,193,122.037488,3.915217,0.615220,True
840,1773636756.402262,1773637805.575069,1135,410,869.867036,23.470454,2.069429,True
841,1773636756.402311,1773637779.246872,1009,393,817.188967,2.197813,2.079059,True
842,1773636756.402354,1773637812.709060,1249,413,883.906149,27.666610,2.078251,True
843,1773636756.402392,1773637462.550909,391,94,183.567215,6.783870,1.900896,True
844,1773636756.402436,1773637535.275215,163,158,328.809557,1.979159,2.081722,True
845,1773636756.402468,1773637451.284562,404,71,156.138894,4.545259,2.165623,True
846,1773636756.402505,1773637523.929679,871,103,300.957919,56.527364,2.396378,True
847,1773636756.402550,1773637825.078305,978,401,903.233488,56.516513,2.116792,True
848,1773636756.402581,1773637389.744596,372,28,31.844376,9.496429,0.827702,True
849,1773636756.402610,1773637407.473396,372,67,60.894717,16.659466,0.670231,True
850,1773636756.402646,1773637792.543315,1165,411,828.838184,1.952811,2.016794,True
851,1773636756.402692,1773637807.426706,1262,373,858.128751,59.953711,2.145632,True
852,1773636756.402722,1773637810.108867,1216,421,863.266772,4.394316,2.044934,True
853,1773636756.402759,1773637395.847753,237,14,31.929459,13.802344,1.394393,True
854,1773636756.402804,1773637398.760684,91,24,36.973701,13.411606,1.024439,True
855,1773636756.402837,1773637507.498670,1196,385,254.323638,8.293581,0.640703,True
856,1773636756.402868,1773637810.216760,1116,411,858.608331,17.509419,2.051461,True
857,1773636756.402910,1773637817.064917,1102,427,871.848021,3.226090,2.039019,True
858,1773636756.402964,1773637478.186668,414,84,194.067329,4.224484,2.287263,True
859,1773636756.403014,1773637468.022064,392,74,173.716013,8.641884,2.261289,True
860,1773636756.403050,1773637450.247203,386,57,138.145126,8.630760,2.312757,True
861,1773636756.403096,1773637530.114884,1111,415,296.322512,26.297691,0.652234,True
862,1773636756.403131,1773637523.440981,997,393,278.516089,1.985004,0.705436,True
863,1773636756.403177,1773637796.503346,987,393,823.998009,24.328103,2.039974,True
864,1773636756.403219,1773637546.695859,203,167,323.928582,5.073313,1.920815,True
865,1773636756.403257,1773637509.677335,209,217,248.755822,1.147327,1.146336,True
866,1773636756.403303,1773637530.286569,908,90,289.314450,59.226322,2.585260,True
867,1773636756.403335,1773637432.483981,404,126,93.381056,12.102041,0.650232,True
868,1773636756.403367,1773637842.583783,1296,448,913.435815,22.966829,1.992101,True
869,1773636756.403410,1773637496.425490,396,87,220.259944,22.537443,2.299099,True
870,1773636756.403457,1773637844.353202,1035,411,912.066759,58.659859,2.081480,True
871,1773636756.403504,1773637505.102501,416,99,233.314505,20.387850,2.172721,True
872,1773636756.403542,1773637579.020333,167,205,380.922285,20.273815,1.767885,True
873,1773636756.403592,1773637833.950423,907,429,890.762228,3.484165,2.073080,True
874,1773636756.403636,1773637424.987440,429,108,70.473783,3.934829,0.621859,True
875,1773636756.403684,1773637432.483805,1361,98,85.341819,13.800466,0.737540,True
876,1773636756.403721,1773637553.769390,130,173,326.009325,1.648795,1.885817,True
877,1773636756.403766,1773637454.145054,203,217,125.439391,2.699354,0.568241,True
878,1773636756.403800,1773637576.104983,126,203,367.123296,16.289756,1.736800,True
879,1773636756.403842,1773637512.262709,1082,105,234.410980,13.775898,2.121491,True
880,1773636756.403881,1773637451.284415,397,54,112.223349,3.537863,2.050670,True
881,1773636756.403926,1773637475.771029,383,72,160.739359,5.866462,2.181308,True
882,1773636756.403980,1773637536.967488,416,144,283.110952,5.855489,1.938849,True
883,1773636756.404015,1773637812.603269,1072,411,834.361217,5.845095,2.020771,True
884,1773636756.404045,1773637429.754042,380,112,67.796377,0.957791,0.602149,True
885,1773636756.404074,1773637549.778339,1161,440,305.505642,16.653214,0.657978,True
886,1773636756.404104,1773637462.866274,197,217,128.188253,0.545095,0.590941,True
887,1773636756.404133,1773637436.907146,368,62,75.031855,19.160990,0.915916,True
888,1773636756.404164,1773637541.683056,1101,402,283.120107,16.125499,0.665822,True
889,1773636756.404207,1773637455.693364,405,142,109.713014,17.715337,0.652466,True
890,1773636756.404245,1773637523.816130,181,119,244.352427,7.193012,2.009826,True
891,1773636756.404290,1773637516.673157,910,60,229.837107,50.692780,3.036345,True
892,1773636756.404341,1773637798.309660,994,396,792.878199,1.497784,2.003495,True
893,1773636756.404379,1773637858.366323,1201,497,912.539999,10.168123,1.819298,True
894,1773636756.404424,1773637504.418013,400,95,204.621288,10.157736,2.068761,True
895,1773636756.404466,1773637509.826622,404,101,215.419082,10.147519,2.052716,True
896,1773636756.404505,1773637585.279015,1001,371,355.945492,75.261281,0.758606,True
897,1773636756.404550,1773637555.135585,1004,412,295.308195,16.215823,0.679057,True
898,1773636756.404585,1773637558.460389,1118,385,299.781445,27.938204,0.707925,True
899,1773636756.404634,1773637514.717231,391,98,210.317960,9.602310,2.069234,True
900,1773636756.404666,1773637486.076296,374,70,153.015752,9.591839,2.078607,True
901,1773636756.404698,1773637534.933839,395,132,250.300292,3.355803,1.885072,True
902,1773636756.404748,1773637545.688016,1318,151,266.338580,2.801934,1.756911,True
903,1773636756.404781,1773637533.238081,373,126,239.461968,2.399006,1.896504,True
904,1773636756.404812,1773637495.493697,167,217,162.966741,9.686863,0.709629,True
905,1773636756.404854,1773637439.333541,404,96,47.999901,1.735836,0.486990,True
906,1773636756.404892,1773637506.424710,399,91,180.776542,3.123693,1.973921,True
907,1773636756.404951,1773637432.767838,309,18,32.042972,2.413776,1.742894,True
908,1773636756.404991,1773637460.523504,914,100,87.078638,19.523523,0.682375,True
909,1773636756.405040,1773637542.204881,398,99,250.214049,38.041331,2.165028,True
910,1773636756.405077,1773637834.720993,923,416,835.017177,3.725871,2.003112,True
911,1773636756.405121,1773637539.520344,392,91,244.595694,37.916278,2.296438,True
912,1773636756.405153,1773637562.258194,206,171,289.861985,2.587750,1.689848,True
913,1773636756.405192,1773637838.087670,1231,416,836.895352,7.641186,1.998203,True
914,1773636756.405231,1773637841.630816,1181,415,843.959333,16.725318,1.998150,True
915,1773636756.405274,1773637494.847975,374,73,147.320744,0.973317,2.032603,True
916,1773636756.405310,1773637458.774179,396,120,74.780871,3.468955,0.599260,True
917,1773636756.405355,1773637491.712574,181,209,140.636234,3.458159,0.659510,True
918,1773636756.405404,1773637501.521981,1658,82,159.945856,2.885462,1.939017,True
919,1773636756.405445,1773637563.991443,165,158,278.852471,11.810500,1.700904,True
920,1773636756.405484,1773637564.100698,405,133,278.822205,30.449482,1.881612,True
921,1773636756.405519,1773637560.752743,1205,409,271.524593,2.517751,0.659330,True
922,1773636756.406377,1773637837.110261,1120,397,822.977015,15.200456,2.039840,True
923,1773636756.406423,1773637468.022078,367,49,84.346999,4.334047,1.666937,True
924,1773636756.406473,1773637546.587579,405,96,238.350315,37.551837,2.113668,True
925,1773636756.406511,1773637465.313663,442,78,71.105295,1.068449,0.909569,True
926,1773636756.406557,1773637526.819072,1009,399,192.018506,1.084902,0.479733,True
927,1773636756.406599,1773637460.136998,375,94,57.668827,6.451654,0.550722,True
928,1773636756.406637,1773637847.404356,1009,399,830.664778,30.004954,2.011708,True
929,1773636756.406681,1773637504.515317,1313,162,144.051162,8.436780,0.842325,True
930,1773636756.406723,1773637592.654360,1133,432,320.307452,30.297066,0.672878,True
931,1773636756.406762,1773637536.410123,385,77,207.281868,29.308122,2.341760,True
932,1773636756.406808,1773637851.878022,1296,405,837.966622,42.748931,1.968361,True
933,1773636756.406840,1773637849.509966,1199,440,832.306096,2.237399,1.890817,True
934,1773636756.406872,1773637594.690915,1321,180,321.424684,30.774502,1.623744,True
935,1773636756.406915,1773637455.990985,437,92,43.936423,0.612663,0.476085,True
936,1773636756.406974,1773637542.205099,440,84,216.220909,41.549409,2.104476,True
937,1773636756.407017,1773637501.522134,381,67,134.628687,2.586617,2.000637,True
938,1773636756.407059,1773637558.671508,420,103,244.337105,39.140495,2.011731,True
939,1773636756.407091,1773637597.366483,1060,449,320.901503,30.502502,0.648212,True
940,1773636756.407123,1773637578.548906,1199,373,280.516246,35.050755,0.659853,True
941,1773636756.407160,1773637552.203572,390,99,225.848465,25.473603,2.044641,True
942,1773636756.407198,1773637491.968890,203,217,105.257604,0.495130,0.485011,True
943,1773636756.407229,1773637890.854323,999,575,898.858404,1.909354,1.562629,True
944,1773636756.407266,1773637867.183282,1231,463,850.192063,25.347715,1.785377,True
945,1773636756.407307,1773637578.080151,1165,409,270.889286,1.181080,0.661050,True
946,1773636756.407338,1773637849.408396,987,393,811.652595,41.198312,1.965445,True
947,1773636756.407368,1773637562.477059,414,101,237.768286,41.187085,1.965812,True
948,1773636756.407400,1773637553.553160,396,102,216.187342,21.976006,1.922885,True
949,1773636756.407437,1773637585.370775,1865,122,279.594194,64.010134,1.781686,True
950,1773636756.407475,1773637541.756879,390,83,189.053124,25.343393,1.996460,True
951,1773636756.407524,1773637854.704024,1083,429,813.786225,7.821234,1.883096,True
952,1773636756.407562,1773637558.671662,373,69,221.257255,61.541415,2.348762,True
953,1773636756.407596,1773637484.636628,401,89,71.366886,4.402485,0.760959,True
954,1773636756.407625,1773637603.775560,203,183,308.899689,23.247807,1.569516,True
955,1773636756.407657,1773637838.626831,1233,377,778.128951,9.766793,2.043516,True
956,1773636756.407686,1773637869.315683,1133,429,839.051319,62.228507,1.815007,True
957,1773636756.407715,1773637844.775452,1199,396,789.045527,9.076392,1.974605,True
958,1773636756.407743,1773637547.030953,1226,95,191.720442,18.496855,1.842804,True
959,1773636756.407776,1773637849.611540,1031,397,796.631846,26.563285,1.944618,True
960,1773636756.407806,1773637662.668369,206,189,422.723947,60.712177,1.925595,True
961,1773636756.407835,1773637883.483955,980,516,864.166669,20.890951,1.637429,True
962,1773636756.407867,1773637639.799410,167,179,372.600726,58.519136,1.764503,True
963,1773636756.407896,1773637569.710033,405,128,232.190334,18.676598,1.681211,True
964,1773636756.407925,1773637479.486062,376,62,50.663875,0.950660,0.814971,True
965,1773636756.407978,1773637527.542690,1313,169,143.690743,17.644185,0.750277,True
966,1773636756.408008,1773637704.629780,1320,239,497.267308,26.245511,1.979083,True
967,1773636756.408037,1773637506.158124,1052,101,100.301810,25.325812,0.749760,True
968,1773636756.408066,1773637921.952492,1060,658,931.684821,21.278283,1.385702,True
969,1773636756.408095,1773637585.733807,1049,395,253.902611,6.271359,0.628506,True
970,1773636756.408129,1773637485.171481,408,104,52.675404,1.467487,0.497164,True
971,1773636756.408162,1773637494.847690,91,16,70.298063,17.689479,3.507239,True
972,1773636756.408191,1773637676.810221,1313,234,434.201474,23.758290,1.761559,True
973,1773636756.408220,1773637532.423498,206,186,144.563020,13.199580,0.710073,True
974,1773636756.408249,1773637590.823545,128,159,261.341835,22.088888,1.514259,True
975,1773636756.408278,1773637855.205620,1150,375,789.857538,58.504124,1.955490,True
976,1773636756.408308,1773637618.463277,1196,425,315.876046,34.115831,0.664529,True
977,1773636756.408337,1773637559.548515,406,102,194.208131,19.797762,1.726835,True
978,1773636756.408365,1773637575.887609,388,92,226.659596,56.222521,1.872935,True
979,1773636756.408394,1773637851.979274,980,396,778.613096,27.749770,1.900920,True
980,1773636756.408429,1773637524.070448,173,158,122.404768,4.766211,0.749290,True
981,1773636756.408457,1773637552.542400,407,91,174.661494,17.030310,1.751458,True
982,1773636756.408485,1773637597.304699,963,407,264.105254,14.102512,0.615770,True
983,1773636756.408514,1773637514.935459,1808,56,99.223277,34.260730,1.181137,True
984,1773636756.408545,1773637558.005833,379,59,180.881717,52.215475,2.218383,True
985,1773636756.408575,1773637533.461209,413,96,130.988015,37.449669,0.984614,True
986,1773636756.408604,1773637630.570273,1146,425,325.185042,43.798844,0.663647,True
987,1773636756.408635,1773637853.799847,1060,397,771.536982,28.259718,1.876963,True
988,1773636756.408663,1773637703.850781,191,217,471.616830,35.895653,2.017228,True
989,1773636756.408695,1773637563.883285,394,93,191.661795,35.885229,1.693224,True
990,1773636756.408724,1773637861.215860,1204,412,781.675703,33.560031,1.820233,True
991,1773636756.408753,1773637649.168792,197,217,357.561380,11.853494,1.600499,True
992,1773636756.408785,1773637861.510252,1207,386,782.036430,57.112332,1.882920,True
993,1773636756.408813,1773637607.289980,23,149,269.171652,47.076534,1.500643,True
994,1773636756.408845,1773637581.801153,396,95,218.170844,51.857970,1.769286,True
995,1773636756.408875,1773637870.849764,923,418,790.135694,51.822342,1.770536,True
996,1773636756.408903,1773637556.126376,396,96,160.666214,6.448967,1.623339,True
997,1773636756.408946,1773637876.367096,923,417,800.937089,62.371926,1.775397,True
998,1773636756.408981,1773637610.924105,1262,415,266.993151,6.815261,0.628449,True
999,1773636756.409009,1773637861.016571,1102,427,765.655543,10.649197,1.772315,True
1000,1773636756.409038,1773637552.879898,371,85,149.135707,10.525860,1.650117,True
1001,1773636756.409070,1773637868.254409,1186,371,779.863655,73.417909,1.909313,True
1002,1773636756.409100,1773637612.814246,181,111,268.549541,73.201372,1.775892,True
1003,1773636756.409128,1773637868.832754,1008,373,780.566081,73.190611,1.901547,True
1004,1773636756.409157,1773637603.856821,1225,401,248.727495,7.691105,0.602591,True
1005,1773636756.409185,1773637595.939648,1181,426,230.996283,12.497415,0.514115,True
1006,1773636756.409214,1773637608.268183,1311,169,255.551416,51.633742,1.213796,True
1007,1773636756.409246,1773637546.558277,200,179,129.739711,8.084617,0.683456,True
1008,1773636756.409274,1773637864.951303,1060,397,765.162949,46.190315,1.815587,True
1009,1773636756.409302,1773637500.570465,763,30,31.860020,5.132289,0.921646,True
1010,1773636756.409331,1773637567.156315,1353,181,163.961928,39.714518,0.690263,True
1011,1773636756.409373,1773637856.594537,1035,411,741.027540,5.395712,1.794224,True
1012,1773636756.409409,1773637566.486616,394,110,159.411944,4.695930,1.419413,True
1013,1773636756.409437,1773637549.591016,126,203,123.769577,2.433275,0.600675,True
1014,1773636756.409468,1773637865.433201,1264,440,752.694043,4.522325,1.704264,True
1015,1773636756.409499,1773637559.437100,91,16,140.472211,62.539513,5.195513,True
1016,1773636756.409532,1773637513.431051,382,53,43.426959,0.978777,0.816311,True
1017,1773636756.409561,1773637556.460743,395,88,129.238712,2.411440,1.457785,True
1018,1773636756.409590,1773637622.156118,1004,396,260.486912,19.863998,0.609172,True
1019,1773636756.409625,1773637738.051211,181,1000,492.152843,1.239601,0.491405,True
1020,1773636756.409656,1773637875.797793,1031,397,767.455655,59.670240,1.787337,True
1021,1773636756.409684,1773637607.399678,416,86,225.098744,66.413886,1.866881,True
1022,1773636756.409713,1773637781.857727,171,198,573.994244,66.403064,2.576605,True
1023,1773636756.409742,1773637523.940805,383,76,56.875721,0.979116,0.745288,True
1024,1773636756.409771,1773637649.265405,1133,463,307.156513,23.547764,0.613872,True
1025,1773636756.409804,1773637561.384298,419,93,129.895759,2.427366,1.385526,True
1026,1773636756.409833,1773637853.899629,1083,397,714.905073,2.416453,1.799214,True
1027,1773636756.409862,1773637865.535266,1146,394,737.986927,35.888601,1.786510,True
1028,1773636756.409896,1773637563.341236,385,88,126.849822,5.808965,1.391274,True
1029,1773636756.409964,1773637892.825275,1264,418,784.677342,74.521618,1.703011,True
1030,1773636756.410003,1773637533.526566,402,103,65.890341,0.991552,0.636263,True
1031,1773636756.410042,1773637614.124067,415,142,226.815446,31.713985,1.383698,True
1032,1773636756.410073,1773637607.718851,386,66,212.381641,73.480115,2.136947,True
1033,1773636756.410102,1773637752.532442,1312,134,501.987821,73.470005,3.221938,True
1034,1773636756.410136,1773637907.361832,1009,399,811.625421,113.937325,1.752985,True
1035,1773636756.410165,1773637607.782745,1196,373,212.137619,2.472767,0.563615,True
1036,1773636756.410194,1773637873.338608,1007,395,738.294264,41.038617,1.769684,True
1037,1773636756.410222,1773637857.775358,1024,393,706.710109,9.260486,1.779208,True
1038,1773636756.410251,1773637667.941348,923,468,326.836565,25.678859,0.644877,True
1039,1773636756.410280,1773637977.508780,1318,918,944.796918,11.437323,1.017840,True
1040,1773636756.410309,1773637529.621754,432,95,46.917645,0.671564,0.491980,True
1041,1773636756.410341,1773637887.267994,1010,429,761.673566,51.451463,1.659397,True
1042,1773636756.410370,1773637589.958316,371,78,166.825737,38.684764,1.664168,True
1043,1773636756.410420,1773637548.647147,403,91,82.277675,22.693591,0.662045,True
1044,1773636756.410456,1773637548.270078,389,94,77.163764,15.201656,0.666259,True
1045,1773636756.410509,1773637904.127404,1072,468,788.589451,58.131426,1.564150,True
1046,1773636756.410541,1773637614.123884,391,116,208.353493,35.283725,1.504955,True
1047,1773636756.410571,1773637670.565718,396,105,316.590225,57.211184,2.494029,True
1048,1773636756.410602,1773637745.533822,209,179,466.299906,32.846151,2.435133,True
1049,1773636756.410645,1773637640.671598,1136,401,254.473263,9.581015,0.612231,True
1050,1773636756.410681,1773637748.012596,206,183,467.711819,31.073922,2.399109,True
1051,1773636756.410726,1773637764.796485,203,162,500.135931,54.753221,2.766352,True
1052,1773636756.410769,1773637676.021532,1025,414,322.149796,38.864376,0.685921,True
1053,1773636756.410806,1773637602.591412,944,40,171.832509,48.745136,3.156086,True
1054,1773636756.410851,1773637945.360289,1227,625,852.442141,69.188145,1.255215,True
1055,1773636756.410884,1773637879.596381,1211,368,718.458549,57.976718,1.799678,True
1056,1773636756.410929,1773637633.788982,1186,377,226.070747,5.681427,0.586142,True
1057,1773636756.410979,1773637754.088549,408,129,465.368483,56.939730,3.190850,True
1058,1773636756.411023,1773637893.583697,1139,373,743.988511,79.601140,1.785988,True
1059,1773636756.411058,1773637800.681920,419,130,557.278757,93.443361,3.595623,True
1060,1773636756.411087,1773637672.489230,1199,441,298.080853,45.447356,0.574167,True
1061,1773636756.497313,1773637786.009451,30,164,524.383682,54.526675,2.882558,True
1062,1773636756.497380,1773637893.583547,1008,373,739.284974,77.249409,1.779665,True
1063,1773636756.497422,1773637663.067380,1150,387,278.231587,22.472899,0.662587,True
1064,1773636756.497462,1773637907.635326,1009,399,767.161985,96.118808,1.686038,True
1065,1773636756.497494,1773637708.499143,1231,526,368.847987,34.316765,0.637202,True
1066,1773636756.497525,1773637911.640662,1027,414,773.193432,95.129137,1.641802,True
1067,1773636756.497571,1773637844.775301,203,181,639.441420,97.640538,3.010005,True
1068,1773636756.497604,1773637758.303111,388,103,466.066548,75.920678,3.824960,True
1069,1773636756.497634,1773637670.351361,1231,394,287.050904,52.295536,0.597342,True
1070,1773636756.497663,1773637686.135515,1029,438,317.167712,26.259070,0.665695,True
1071,1773636756.497694,1773637902.452041,1009,385,749.428281,86.270406,1.726974,True
1072,1773636756.497724,1773637687.560193,1205,391,315.871322,67.290810,0.637386,True
1073,1773636756.497754,1773637610.607153,393,99,160.974817,56.608999,1.064957,True
1074,1773636756.497784,1773637676.044270,369,52,291.492928,70.892428,4.325500,True
1075,1773636756.497814,1773637682.296853,1010,393,299.725478,28.125889,0.692856,True
1076,1773636756.497844,1773637906.813055,1049,395,747.138592,89.451199,1.669257,True
1077,1773636756.497873,1773637573.115378,387,73,79.289235,24.921259,0.755111,True
1078,1773636756.497903,1773637704.702173,1010,397,342.338084,49.223974,0.740187,True
1079,1773636756.497952,1773637919.205493,912,442,768.524940,92.234811,1.533538,True
1080,1773636756.497985,1773637908.997388,981,393,747.429847,99.964245,1.651698,True
1081,1773636756.498014,1773637903.954710,1083,397,736.890342,71.446025,1.680415,True
1082,1773636756.498044,1773637717.081113,1076,51,361.320689,81.507341,5.596267,True
1083,1773636756.498074,1773637935.045912,1195,507,796.135532,104.252715,1.367357,True
1084,1773636756.498105,1773637909.720010,1007,415,740.376011,69.995242,1.619277,True
1085,1773636756.498134,1773637853.093164,167,217,624.453460,68.660886,2.573114,True
1086,1773636756.498163,1773637571.852545,379,60,60.323133,22.552061,0.640188,True
1087,1773636756.498192,1773637911.206285,1230,414,738.884479,82.497025,1.589316,True
1088,1773636756.498221,1773637723.421955,1596,52,362.412277,74.726505,5.640897,True
1089,1773636756.498250,1773637932.124084,1195,507,779.794702,79.811196,1.383367,True
1090,1773636756.498279,1773637716.861821,1201,45,349.245894,84.510023,6.016724,True
1091,1773636756.498308,1773637784.258035,931,92,477.118218,98.370139,4.162067,True
1092,1773636756.498338,1773637694.100712,1264,416,295.074557,17.679712,0.668421,True
1093,1773636756.498367,1773637831.704875,1351,145,570.220691,83.919471,3.377092,True
1094,1773636756.498395,1773637779.578373,386,86,465.758637,97.370333,4.333980,True
1095,1773636756.498425,1773637910.597664,1227,392,727.111107,99.521472,1.605089,True
1096,1773636756.498454,1773637913.147506,1009,399,732.190530,109.012733,1.565773,True
1097,1773636756.498483,1773637716.668053,1007,385,336.774252,20.615290,0.823331,True
1098,1773636756.498512,1773637711.974728,1231,373,326.642929,53.343978,0.734675,True
1099,1773636756.498541,1773637637.468670,130,185,175.737339,14.643030,0.875513,True
1100,1773636756.498570,1773637628.258488,391,76,156.942213,52.209815,1.396432,True
1101,1773636756.498598,1773637765.458608,380,86,426.487967,72.046156,4.169904,True
1102,1773636756.498627,1773637784.367100,407,106,463.642838,71.715297,3.732643,True
1103,1773636756.498656,1773637901.332842,1136,377,696.893640,73.310580,1.658466,True
1104,1773636756.498685,1773637750.157421,956,65,393.203841,78.627608,4.915254,True
1105,1773636756.498714,1773637912.146896,1262,395,716.750842,102.293580,1.559536,True
1106,1773636756.498743,1773637699.719195,181,357,289.145074,33.901993,0.716975,True
1107,1773636756.498772,1773637658.186764,91,16,204.782406,76.387007,8.559693,True
1108,1773636756.498801,1773637909.618791,1086,397,706.962010,81.011653,1.580683,True
1109,1773636756.498830,1773637919.513592,1112,432,726.093980,88.118382,1.480222,True
1110,1773636756.498859,1773637855.505375,200,211,594.980881,72.499001,2.488009,True
1111,1773636756.498888,1773637729.531514,1120,397,342.124219,62.258571,0.706731,True
1112,1773636756.498917,1773637905.894533,1082,385,694.437583,75.081264,1.612907,True
1113,1773636756.498962,1773637909.986817,1156,396,702.599461,80.782798,1.574219,True
1114,1773636756.498991,1773637914.720870,1060,411,710.543872,88.507595,1.517162,True
1115,1773636756.499026,1773637920.132463,1139,428,721.163727,96.514410,1.462879,True
1116,1773636756.499057,1773637860.038971,206,211,599.224297,95.638612,2.398027,True
1117,1773636756.499086,1773637716.956178,1009,394,312.398485,39.398490,0.694656,True
1118,1773636756.499116,1773637775.640485,375,77,428.507310,86.569454,4.499182,True
1119,1773636756.499146,1773637846.673451,1314,161,568.822421,105.777541,2.894031,True
1120,1773636756.499175,1773637788.092833,435,103,451.225420,76.989062,3.668984,True
1121,1773636756.499206,1773637839.056538,409,149,551.408601,84.603510,3.154088,True
1122,1773636756.499235,1773637914.720722,1211,408,701.659476,92.711405,1.496187,True
1123,1773636756.499264,1773637905.065706,1035,375,682.142717,79.229561,1.612067,True
1124,1773636756.499293,1773637962.571175,1227,656,796.925243,103.931147,1.058006,True
1125,1773636756.499323,1773637918.814292,1203,421,704.633073,96.046222,1.449016,True
1126,1773636756.499353,1773637777.336444,1024,429,420.352732,107.163983,0.731749,True
1127,1773636756.499382,1773637858.660778,171,205,580.053742,93.910299,2.383056,True
1128,1773636756.499411,1773637850.747724,200,174,562.056463,98.320166,2.680557,True
1129,1773636756.499440,1773637915.868419,923,404,689.708744,97.025744,1.470677,True
1130,1773636756.499470,1773637853.193615,20,182,564.337587,97.014973,2.581893,True
1131,1773636756.499498,1773637628.453155,383,75,113.183256,28.293648,1.147157,True
1132,1773636756.499527,1773637759.505446,1156,536,372.768298,33.633086,0.633898,True
1133,1773636756.499557,1773637919.362285,1060,429,686.931128,72.719815,1.435073,True
1134,1773636756.499586,1773637854.200504,181,190,556.172794,86.429991,2.485412,True
1135,1773636756.499615,1773637916.673931,1030,411,681.099067,92.384604,1.435889,True
1136,1773636756.499645,1773637724.020221,1009,397,291.876495,1.898428,0.732268,True
1137,1773636756.499675,1773637738.907274,980,425,320.704767,46.359774,0.647040,True
1138,1773636756.499704,1773637916.914200,1204,411,675.779385,94.055289,1.418839,True
1139,1773636756.499734,1773637787.766474,402,97,411.926269,66.813284,3.594927,True
1140,1773636756.499763,1773637695.840913,1199,373,221.106064,23.961066,0.529960,True
1141,1773636756.499792,1773637916.275341,998,415,661.786596,65.523029,1.440250,True
1142,1773636756.499822,1773637825.078299,415,131,479.368998,65.511899,3.183516,True
1143,1773636756.499851,1773637912.648150,1156,390,654.303329,87.044226,1.458250,True
1144,1773636756.499881,1773637613.923517,311,18,56.361756,21.011676,2.079416,True
1145,1773636756.499909,1773637911.557914,1264,395,643.188446,67.676544,1.460690,True
1146,1773636756.499954,1773637908.266996,1207,368,634.874537,103.742933,1.447225,True
1147,1773636756.499984,1773637647.219034,373,75,109.110974,32.251293,1.038644,True
1148,1773636756.500013,1773637840.668186,436,136,491.941986,99.875408,2.904197,True
1149,1773636756.500042,1773637791.853549,1025,428,391.818077,92.489395,0.701004,True
1150,1773636756.500072,1773637844.033153,439,161,493.658193,60.436492,2.707636,True
1151,1773636756.500101,1773637911.300042,963,393,628.172392,62.636278,1.442694,True
1152,1773636756.500129,1773637625.372453,1130,45,56.129401,13.225465,0.975089,True
1153,1773636756.500159,1773637748.329273,1139,425,301.918159,35.831686,0.627562,True
1154,1773636756.500188,1773637757.310591,383,56,309.429949,57.254560,4.585007,True
1155,1773636756.500216,1773637915.211142,912,395,622.859989,90.791864,1.350427,True
1156,1773636756.500245,1773637672.246908,206,179,136.767391,6.670059,0.730884,True
1157,1773636756.500274,1773637934.982348,1179,498,658.969739,64.835740,1.195441,True
1158,1773636756.500303,1773637700.283697,120,12,185.974362,63.037090,11.176116,True
1159,1773636756.500332,1773637712.134658,311,18,209.446782,65.129938,8.489226,True
1160,1773636756.500360,1773637788.527752,1989,88,361.610534,71.815907,3.330973,True
1161,1773636756.500390,1773637722.745257,1086,390,229.919480,5.357718,0.577280,True
1162,1773636756.500419,1773637911.041834,1219,388,606.202502,62.392398,1.405194,True
1163,1773636756.500453,1773637835.369179,392,122,454.437242,88.506067,3.024225,True
1164,1773636756.500483,1773637732.547435,1313,176,248.548869,3.429842,1.400680,True
1165,1773636756.500512,1773637921.049846,1146,418,622.151477,80.699214,1.298447,True
1166,1773636756.500542,1773637803.397370,1036,403,385.570691,87.186534,0.742249,True
1167,1773636756.500571,1773637729.594422,1024,407,237.322574,5.120900,0.571925,True
1168,1773636756.500600,1773637915.211293,1216,392,605.191785,90.998149,1.315073,True
1169,1773636756.500629,1773637822.964174,790,111,420.286110,77.851988,3.113037,True
1170,1773636756.500658,1773637802.997562,1474,94,380.330771,83.064953,3.196407,True
1171,1773636756.500687,1773637654.982713,1733,66,82.096326,23.271033,0.905004,True
1172,1773636756.500716,1773637909.987191,1227,383,591.712586,59.561348,1.393066,True
1173,1773636756.500744,1773637920.056223,1233,423,611.831071,61.560237,1.303959,True
1174,1773636756.500773,1773637916.432645,1031,397,601.662487,88.011503,1.297098,True
1175,1773636756.500802,1773637916.111407,1049,395,598.110536,82.662184,1.308245,True
1176,1773636756.500831,1773637674.632335,181,132,112.328105,14.733677,0.744996,True
1177,1773636756.500859,1773637908.644686,983,373,576.474064,67.521429,1.368152,True
1178,1773636756.500888,1773637918.344419,998,402,595.667231,87.102042,1.268242,True
1179,1773636756.500917,1773637787.215661,406,81,333.203886,79.105098,3.176235,True
1180,1773636756.500962,1773637759.567051,1130,402,274.810026,31.595620,0.606520,True
1181,1773636756.500991,1773637878.743998,181,257,508.270781,83.004561,1.661196,True
1182,1773636756.501020,1773637908.644520,1169,373,567.866299,63.217328,1.356583,True
1183,1773636756.501049,1773637921.730705,1029,418,593.834466,76.674464,1.240192,True
1184,1773636756.501078,1773637744.096840,923,399,237.436960,13.991076,0.561422,True
1185,1773636756.501107,1773637764.518774,1144,395,272.512312,25.495167,0.626947,True
1186,1773636756.501136,1773637910.250316,1134,379,563.745860,59.550766,1.333849,True
1187,1773636756.501165,1773637750.869857,1151,407,244.815565,15.308096,0.565289,True
1188,1773636756.501195,1773637788.502664,1183,429,315.842372,49.930635,0.621289,True
1189,1773636756.501224,1773637914.474462,1017,386,567.451120,76.864106,1.274252,True
1190,1773636756.501253,1773637920.516566,1203,421,576.401387,55.612476,1.239974,True
1191,1773636756.501282,1773637675.078969,380,81,82.570091,9.976141,0.907424,True
1192,1773636756.501311,1773637918.972220,1156,388,570.189659,92.743186,1.233712,True
1193,1773636756.501340,1773637920.890928,1191,409,570.377829,78.505840,1.205569,True
1194,1773636756.501380,1773637917.479856,1156,408,560.392082,50.645055,1.252450,True
1195,1773636756.501410,1773637804.773231,1102,612,334.586551,22.879247,0.510159,True
1196,1773636756.501440,1773637918.504453,1149,385,557.827217,91.153671,1.215296,True
1197,1773636756.501469,1773637914.063561,1064,394,548.524331,48.126717,1.273276,True
1198,1773636756.501498,1773637770.658051,1182,388,259.958717,26.940336,0.602115,True
1199,1773636756.501528,1773637915.789661,981,400,548.005319,49.810278,1.248609,True
1200,1773636756.501647,1773637787.323112,1339,69,290.844675,74.500341,3.181534,True
1201,1773636756.501678,1773637923.265573,1033,406,562.542863,88.750326,1.169858,True
1202,1773636756.501708,1773637926.326327,1112,431,563.008703,77.811786,1.128365,True
1203,1773636756.501738,1773637911.814074,1051,382,533.772408,54.104495,1.258971,True
1204,1773636756.501768,1773637921.504156,1010,397,552.945897,87.467917,1.175449,True
1205,1773636756.501797,1773637786.499520,1115,413,278.538828,33.281905,0.595284,True
1206,1773636756.501826,1773637917.954018,1025,407,537.994169,50.074887,1.201772,True
1207,1773636756.501855,1773637921.346092,1143,393,544.344483,92.805248,1.151886,True
1208,1773636756.501885,1773637783.050567,1226,379,267.566939,35.586087,0.613706,True
1209,1773636756.501913,1773637926.463992,1024,419,550.861365,83.218514,1.118763,True
1210,1773636756.501959,1773637928.132638,1136,418,554.176219,98.764476,1.092114,True
1211,1773636756.501990,1773637917.479570,1083,399,532.682999,56.968762,1.195262,True
1212,1773636756.502028,1773637829.597230,1989,83,356.710096,94.053849,3.203125,True
1213,1773636756.502059,1773637797.979695,1046,438,285.985903,43.708879,0.554410,True
1214,1773636756.502090,1773637911.813764,1025,375,507.665368,54.031137,1.212926,True
1215,1773636756.502119,1773637868.638008,1317,192,421.081853,93.862155,1.713192,True
1216,1773636756.502148,1773637925.648669,1083,407,534.917595,89.251285,1.097700,True
1217,1773636756.502177,1773637951.447540,1036,538,582.073958,96.776332,0.903720,True
1218,1773636756.502206,1773637925.217999,1035,398,525.085166,91.288923,1.092686,True
1219,1773636756.502235,1773637809.999808,398,94,294.193179,49.109210,2.635311,True
1220,1773636756.502264,1773637940.283579,1179,511,554.740353,49.098686,0.991454,True
1221,1773636756.502293,1773637926.123026,1009,399,526.397941,97.829452,1.076805,True
1222,1773636756.502323,1773637802.480961,1030,396,278.822840,47.575942,0.585435,True
1223,1773636756.502352,1773637816.301762,403,94,306.419776,58.497339,2.665833,True
1224,1773636756.502381,1773637919.670144,1003,372,513.134782,92.544586,1.133666,True
1225,1773636756.502409,1773637716.893430,181,136,97.888085,20.851814,0.570639,True
1226,1773636756.502439,1773637775.355180,1037,390,209.997978,1.857961,0.535064,True
1227,1773636756.502468,1773637923.549701,1070,387,506.178541,90.292799,1.077424,True
1228,1773636756.502498,1773637918.661248,1054,397,496.169779,51.012975,1.124133,True
1229,1773636756.502527,1773637931.603556,1171,402,521.848398,110.504745,1.025795,True
1230,1773636756.502556,1773637738.969714,1474,94,133.433311,47.733666,0.921502,True
1231,1773636756.502584,1773637834.858194,1111,396,324.716355,45.119807,0.707839,True
1232,1773636756.502613,1773637912.817478,983,373,477.558134,47.550914,1.155933,True
1233,1773636756.502642,1773637795.217242,1150,389,241.168144,14.167992,0.585052,True
1234,1773636756.502671,1773637812.739602,986,426,275.303041,50.463611,0.529034,True
1235,1773636756.502700,1773637809.485881,1015,446,266.914340,38.082508,0.514229,True
1236,1773636756.502728,1773637922.762201,1010,415,493.424018,45.539155,1.081847,True
1237,1773636756.502757,1773637867.088785,1317,135,381.845574,115.719618,1.986015,True
1238,1773636756.502786,1773637945.246919,1142,458,536.866502,115.072545,0.922963,True
1239,1773636756.502815,1773637916.517189,1082,385,478.971631,47.875779,1.122645,True
1240,1773636756.502844,1773637925.150548,1170,422,496.217249,50.655564,1.058341,True
1241,1773636756.502873,1773637825.078148,1785,91,296.049411,63.110816,2.588207,True
1242,1773636756.502902,1773637800.575195,1896,68,247.023496,63.100058,2.745126,True
1243,1773636756.502946,1773637775.964723,1312,157,187.325561,49.916103,0.880830,True
1244,1773636756.502982,1773637817.452461,1039,397,262.625685,54.901734,0.524555,True
1245,1773636756.503011,1773637860.316307,1172,402,345.506476,51.473816,0.733249,True
1246,1773636756.503041,1773637944.550795,995,452,512.977876,108.319602,0.897247,True
1247,1773636756.503070,1773637922.323702,1020,400,468.092286,54.163758,1.037415,True
1248,1773636756.503099,1773637928.332180,1140,404,475.078750,76.236697,0.989683,True
1249,1773636756.503129,1773637932.441524,1088,421,483.275308,81.944813,0.955549,True
1250,1773636756.503158,1773637935.417725,998,399,487.402045,107.971790,0.953342,True
1251,1773636756.503188,1773637754.249086,420,112,120.284751,31.444908,0.800359,True
1252,1773636756.503217,1773637863.293412,1171,402,334.891301,38.640430,0.738780,True
1253,1773636756.503246,1773637931.273600,1189,415,470.502738,76.726174,0.951151,True
1254,1773636756.503275,1773637925.582055,1119,395,458.890939,67.756294,0.992728,True
1255,1773636756.503304,1773637843.818537,1076,51,295.160158,106.418080,3.774842,True
1256,1773636756.503333,1773637814.494766,1191,409,229.528857,34.279171,0.478553,True
1257,1773636756.503362,1773637928.929846,1009,396,457.711624,78.937505,0.958922,True
1258,1773636756.503391,1773637928.802735,1054,411,457.248240,63.714266,0.959839,True
1259,1773636756.503420,1773637889.443991,1323,205,378.306010,104.510142,1.342137,True
1260,1773636756.503454,1773637937.443866,1046,399,467.163983,107.682285,0.903220,True
1261,1773636756.503483,1773637846.144270,1896,68,283.024333,90.817571,2.868758,True
1262,1773636756.503512,1773637852.078526,402,87,294.871996,90.807285,2.372845,True
1263,1773636756.503541,1773637819.520816,998,387,229.633522,45.715390,0.476472,True
1264,1773636756.503569,1773637926.600994,1170,394,443.686477,63.982263,0.966168,True
1265,1773636756.503598,1773637835.156100,375,67,253.372174,66.603760,2.829824,True
1266,1773636756.503627,1773637928.999875,981,401,441.038256,66.593003,0.936113,True
1267,1773636756.503655,1773637754.375842,373,56,91.748023,25.507353,1.204376,True
1268,1773636756.503683,1773637827.107904,1015,414,230.243961,51.142812,0.433659,True
1269,1773636756.503712,1773637935.232397,1082,385,446.183424,101.924002,0.896509,True
1270,1773636756.503740,1773637934.727011,1140,401,444.280566,85.490988,0.896974,True
1271,1773636756.503769,1773637965.512408,1015,572,501.903904,92.414768,0.717144,True
1272,1773636756.503798,1773637884.659550,991,414,335.973282,62.534847,0.662079,True
1273,1773636756.503826,1773637933.465090,1227,420,433.202463,61.202732,0.887828,True
1274,1773636756.503855,1773637936.649490,1024,429,439.548775,67.262111,0.869829,True
1275,1773636756.503884,1773637939.745644,1149,423,445.718406,85.289491,0.854097,True
1276,1773636756.503912,1773637821.122150,1063,428,208.449598,25.916510,0.427478,True
1277,1773636756.503957,1773637839.771185,1059,525,245.624279,51.975988,0.369558,True
1278,1773636756.503989,1773637944.609073,1085,442,455.050311,94.962511,0.816526,True
1279,1773636756.504018,1773637824.040583,1023,446,202.569454,23.463792,0.402485,True
1280,1773636756.504048,1773637849.717090,1282,66,252.587118,86.237376,2.559227,True
1281,1773636756.504078,1773637745.030005,421,77,42.007717,1.450823,0.533643,True
1282,1773636756.504107,1773637955.794897,1144,498,461.527968,94.108001,0.739276,True
1283,1773636756.504136,1773637851.571760,373,72,252.646199,84.411855,2.369498,True
1284,1773636756.504165,1773637837.652250,324,18,219.665827,91.319741,7.549770,True
1285,1773636756.504194,1773637823.010028,1072,415,186.941147,23.558332,0.394644,True
1286,1773636756.504222,1773637838.461097,1136,500,217.721195,39.334296,0.357489,True
1287,1773636756.504251,1773637941.047684,1141,411,419.901386,91.526963,0.800913,True
1288,1773636756.504280,1773637918.092384,1012,416,371.082166,72.774702,0.718813,True
1289,1773636756.504308,1773637860.628346,405,90,255.557887,89.774147,1.862739,True
1290,1773636756.504337,1773637939.386914,1035,398,408.449052,94.309293,0.791284,True
1291,1773636756.504366,1773637946.541152,1057,439,422.737774,94.298975,0.749860,True
1292,1773636756.504395,1773637814.630969,391,90,153.149858,55.183493,1.100746,True
1293,1773636756.504424,1773637819.911965,1094,376,161.992957,17.678096,0.384840,True
1294,1773636756.504453,1773637834.292611,1050,438,190.629471,41.402660,0.341480,True
1295,1773636756.504482,1773637972.970044,1148,614,465.135202,75.256854,0.636017,True
1296,1773636756.504511,1773637932.510216,1142,361,383.989774,88.956198,0.819538,True
1297,1773636756.504540,1773637945.247100,1106,434,405.349111,82.272858,0.746135,True
1298,1773636756.504569,1773637825.565268,1226,407,162.932660,17.957256,0.357082,True
1299,1773636756.504597,1773637871.706188,958,554,253.334551,1.006264,0.456290,True
1300,1773636756.504626,1773637938.479374,1082,391,385.875245,87.620338,0.764756,True
1301,1773636756.504655,1773637837.329006,245,14,182.694975,78.863958,7.987001,True
1302,1773636756.504683,1773637939.387091,1018,390,382.742148,88.535469,0.756315,True
1303,1773636756.504712,1773637856.594690,395,85,216.702927,67.416325,1.777221,True
1304,1773636756.504741,1773637798.038236,435,114,99.404542,35.626538,0.564407,True
1305,1773636756.504770,1773637855.399796,379,81,210.482941,65.500582,1.812279,True
1306,1773636756.504799,1773637837.310166,1099,410,172.862872,21.993405,0.368874,True
1307,1773636756.504828,1773637856.199075,1339,72,207.318488,78.934749,1.808222,True
1308,1773636756.504862,1773637900.771585,1317,235,293.351712,65.648906,0.973089,True
