RequestID,ArrivalTime,CompletionTime,InputTokens,OutputTokens,Latency,TTFT,TPOT,Success
0,1773663948.061812,1773663953.277251,374,44,10.429361,1.099574,0.216972,True
1,1773663955.244623,1773663967.766386,396,109,25.037896,0.173808,0.230223,True
2,1773663955.624216,1773663963.091836,879,55,14.933939,2.714769,0.226281,True
3,1773663955.904787,1773663957.560173,91,16,3.297061,0.229549,0.204501,True
4,1773663957.875479,1773663959.472360,91,16,3.192507,0.169200,0.201554,True
5,1773663958.573333,1773663968.667192,381,84,20.174373,2.841686,0.208828,True
6,1773663960.962690,1773663978.909321,1313,142,35.875761,0.549971,0.250538,True
7,1773663961.805890,1773663972.891036,388,84,22.157476,0.212927,0.264392,True
8,1773663961.949324,1773663963.735347,242,14,3.556414,0.232785,0.255664,True
9,1773663962.161911,1773663980.727013,209,152,37.124659,0.218274,0.244413,True
10,1773663962.553861,1773663977.906822,394,124,30.698255,0.197008,0.247978,True
11,1773663963.765971,1773663971.716647,394,59,15.893927,0.217075,0.270291,True
12,1773663964.024485,1773663984.925728,1315,174,41.794999,0.556973,0.238370,True
13,1773663965.630832,1773663976.633915,389,90,21.992603,0.233277,0.244487,True
14,1773663966.650234,1773663979.385196,415,106,25.460191,0.286620,0.239748,True
15,1773663967.105364,1773663968.615057,120,12,3.005804,0.159997,0.258710,True
16,1773663967.781717,1773663976.820963,369,74,18.071074,0.277959,0.243741,True
17,1773663969.531363,1773663983.278506,206,162,27.482650,0.197409,0.169474,True
18,1773663969.762090,1773663986.475841,1353,142,33.426332,0.621915,0.232655,True
19,1773663969.803419,1773663987.602591,197,152,35.597159,0.188510,0.234494,True
20,1773663971.486201,1773663982.467845,181,154,21.955862,0.253989,0.141842,True
21,1773663971.550455,1773663974.897042,388,54,6.689672,0.672998,0.113522,True
22,1773663977.709288,1773663990.220394,203,147,25.004720,0.256046,0.169511,True
23,1773663978.321956,1773664002.191926,126,194,47.722469,0.176905,0.246350,True
24,1773663978.827675,1773663984.547747,389,87,11.433549,0.431320,0.127933,True
25,1773663981.243880,1773663983.283623,91,16,4.069950,0.175560,0.259626,True
26,1773663982.185182,1773663997.897885,181,123,31.412218,0.152211,0.256230,True
27,1773663982.484219,1773664011.165430,191,217,57.352106,0.249775,0.264363,True
28,1773663982.956891,1773664006.670120,27,183,47.405386,0.144781,0.259674,True
29,1773663983.671005,1773664005.880095,203,217,44.412430,0.287281,0.204283,True
30,1773663983.679460,1773663993.623764,398,81,19.878238,0.231206,0.245588,True
31,1773663985.909002,1773664008.464514,126,172,45.095565,0.159730,0.262783,True
32,1773663986.378892,1773664010.276251,209,181,47.783162,0.199645,0.264353,True
33,1773663987.006239,1773664011.283403,209,181,48.542851,0.188657,0.268634,True
34,1773663988.297439,1773664006.761575,28,175,36.906556,0.150020,0.211244,True
35,1773663989.334362,1773664000.811118,437,88,22.946080,0.255676,0.260809,True
36,1773663989.545709,1773664002.860813,181,104,26.628902,0.242810,0.256176,True
37,1773663989.856461,1773663999.115784,203,138,18.496914,0.273924,0.133015,True
38,1773663990.093219,1773664015.092834,200,177,49.987766,0.230055,0.282714,True
39,1773663990.260742,1773663992.302346,91,16,4.069964,0.164813,0.260343,True
40,1773663991.249165,1773664039.589431,1087,401,96.668215,0.774364,0.239735,True
41,1773663991.811369,1773664000.176303,382,64,16.708431,0.271718,0.260900,True
42,1773663992.065381,1773664006.138664,412,102,28.133209,0.268336,0.275890,True
43,1773663992.156353,1773664026.593048,194,217,68.872148,0.222523,0.317822,True
44,1773663993.604671,1773664007.697980,203,217,28.173044,0.338493,0.128864,True
45,1773663993.974901,1773664030.454196,200,217,72.957285,0.248361,0.336615,True
46,1773663994.871065,1773664020.618366,64,174,51.477381,0.133948,0.296783,True
47,1773663995.309712,1773664012.316106,458,123,34.009363,0.205653,0.277080,True
48,1773663995.684895,1773664018.286030,1352,158,45.198831,0.618773,0.283949,True
49,1773663995.734104,1773664045.527976,874,404,99.577837,0.648878,0.245481,True
50,1773663995.994976,1773664003.327781,378,58,14.644245,0.506054,0.248038,True
51,1773663996.954445,1773663998.915978,91,16,3.901536,0.200899,0.246709,True
52,1773663998.356583,1773664003.232360,389,89,9.750253,0.452859,0.105652,True
53,1773664000.168892,1773664033.929153,212,183,67.512969,0.259519,0.369524,True
54,1773664000.754984,1773664051.341658,1085,394,101.155315,0.781131,0.255405,True
55,1773664000.988305,1773664021.467321,407,131,40.948634,0.231570,0.313208,True
56,1773664001.248860,1773664013.391549,396,82,24.274290,0.294746,0.296044,True
57,1773664002.035192,1773664052.413131,1029,399,100.741930,0.743834,0.251251,True
58,1773664003.447392,1773664053.379263,962,399,99.845720,0.697275,0.249117,True
59,1773664003.743599,1773664046.597820,203,217,85.698689,0.183098,0.395906,True
60,1773664003.872867,1773664013.396303,898,94,19.027007,0.935499,0.194532,True
61,1773664003.932180,1773664055.904672,181,253,103.941669,0.165250,0.411811,True
62,1773664004.130329,1773664007.112735,320,18,5.943404,0.254864,0.334620,True
63,1773664004.302075,1773664097.421279,1119,414,186.224746,0.640876,0.449356,True
64,1773664004.429024,1773664034.761843,124,157,60.647931,0.183971,0.387589,True
65,1773664004.608872,1773664039.962332,1313,179,70.695494,0.933541,0.391921,True
66,1773664005.964542,1773664040.376445,1096,383,68.801953,1.220845,0.176914,True
67,1773664006.877284,1773664015.151457,400,102,16.536973,0.738436,0.156421,True
68,1773664008.284495,1773664061.923716,1057,424,107.256084,0.779584,0.251717,True
69,1773664008.921887,1773664042.220049,203,162,66.578690,0.199850,0.412291,True
70,1773664009.495066,1773664056.101633,1314,216,93.199492,0.507025,0.431128,True
71,1773664009.928512,1773664015.941627,2,93,12.010906,0.190929,0.128478,True
72,1773664010.513690,1773664106.871967,1065,409,192.708462,0.497927,0.471104,True
73,1773664011.645457,1773664022.986384,372,60,22.665679,0.277741,0.379457,True
74,1773664012.302360,1773664103.974199,1104,394,183.335895,0.400189,0.465485,True
75,1773664012.743429,1773664109.673588,1075,415,193.858424,0.438607,0.467198,True
76,1773664013.421514,1773664101.647923,1225,372,176.436845,0.551763,0.474084,True
77,1773664013.594001,1773664054.008724,1118,426,80.825300,1.167912,0.187429,True
78,1773664014.116743,1773664026.685461,380,102,25.127799,0.374307,0.245084,True
79,1773664014.129124,1773664103.633064,1133,385,179.001695,0.454108,0.464968,True
80,1773664014.790959,1773664037.808409,42,167,46.031260,0.126319,0.276536,True
81,1773664015.519814,1773664064.522792,1140,377,97.995433,0.827533,0.258425,True
82,1773664016.596914,1773664032.541219,126,203,31.870256,0.172694,0.156919,True
83,1773664016.982787,1773664037.536822,431,84,41.087423,0.309193,0.491304,True
84,1773664018.611290,1773664122.752778,1115,421,208.270497,0.408206,0.494910,True
85,1773664018.936804,1773664062.188881,206,179,86.498448,0.229786,0.484655,True
86,1773664018.939043,1773664041.094805,400,91,44.290096,0.290085,0.488889,True
87,1773664018.962848,1773664059.174314,1123,396,80.405132,1.281381,0.200313,True
88,1773664018.993855,1773664111.201029,862,379,184.396193,0.484444,0.486539,True
89,1773664019.196648,1773664121.624611,859,422,204.846364,0.567540,0.485223,True
90,1773664019.206260,1773664118.074247,890,402,197.723821,0.720298,0.491281,True
91,1773664019.246673,1773664074.085329,1192,419,109.660097,0.819540,0.260384,True
92,1773664019.402244,1773664116.229498,899,403,193.636653,0.639302,0.480093,True
93,1773664019.720411,1773664072.307023,163,224,105.159705,0.396631,0.469790,True
94,1773664020.043175,1773664040.603530,181,212,41.119297,0.435580,0.192814,True
95,1773664020.702284,1773664041.584476,416,88,41.748395,0.218963,0.477350,True
96,1773664020.737041,1773664123.919588,1163,426,206.357669,0.572140,0.484201,True
97,1773664021.039295,1773664025.055413,243,14,8.022910,0.475967,0.580534,True
98,1773664021.209835,1773664124.693274,1041,428,206.943275,0.563032,0.483326,True
99,1773664021.259313,1773664032.728642,1350,146,22.933216,1.351632,0.148839,True
100,1773664021.455066,1773664116.315525,1104,396,189.707213,1.207041,0.477216,True
101,1773664021.489594,1773664124.604613,1127,426,206.222658,1.175554,0.482464,True
102,1773664022.768060,1773664077.646709,1114,414,109.751399,0.818816,0.263759,True
103,1773664023.070484,1773664061.077193,1083,396,76.009442,1.187251,0.189423,True
104,1773664023.097170,1773664064.070663,1313,173,81.933182,0.617890,0.472763,True
105,1773664023.228700,1773664117.742648,888,395,189.007791,0.582417,0.478237,True
106,1773664023.255146,1773664042.211062,13,130,37.902139,0.477497,0.290114,True
107,1773664023.345795,1773664043.612581,874,89,40.520144,1.037738,0.448664,True
108,1773664023.465537,1773664118.115378,1065,395,189.278462,0.639915,0.478778,True
109,1773664023.892362,1773664079.072357,1157,426,110.344055,0.846961,0.257640,True
110,1773664023.937891,1773664075.051792,1077,390,102.219874,1.292324,0.259454,True
111,1773664025.038289,1773664125.579868,1149,411,201.073613,0.448624,0.489329,True
112,1773664025.103980,1773664119.919471,996,389,189.629343,0.690113,0.486957,True
113,1773664025.398596,1773664120.749823,990,394,190.680937,0.669899,0.483489,True
114,1773664025.765183,1773664067.361888,197,183,83.178374,0.384616,0.454911,True
115,1773664026.737664,1773664077.470456,197,217,101.459915,0.267571,0.468483,True
116,1773664027.153999,1773664125.265819,1378,407,196.208970,0.599741,0.481796,True
117,1773664027.611494,1773664084.828175,1214,421,114.415176,0.805377,0.270500,True
118,1773664027.930163,1773664077.113789,1016,375,98.353386,1.225538,0.259700,True
119,1773664028.109209,1773664124.134488,1186,398,192.041173,0.563118,0.482312,True
120,1773664028.278731,1773664130.339304,1100,426,204.119320,0.739738,0.478540,True
121,1773664028.548269,1773664079.819913,218,217,102.535762,0.546647,0.472172,True
122,1773664029.236883,1773664129.606921,1232,419,200.738883,0.473706,0.479103,True
123,1773664029.713915,1773664129.518246,975,416,199.598704,0.427328,0.479931,True
124,1773664030.099474,1773664054.672038,209,217,49.126522,0.297174,0.226062,True
125,1773664030.656344,1773664047.972468,181,85,34.615757,0.209854,0.409594,True
126,1773664030.700478,1773664068.450475,1029,388,75.488037,1.127426,0.192146,True
127,1773664030.822243,1773664086.539013,888,418,111.431679,0.657392,0.265646,True
128,1773664030.928447,1773664079.237292,1113,375,96.601928,1.832760,0.253393,True
129,1773664030.958833,1773664156.605269,1035,520,251.275213,0.497049,0.483195,True
130,1773664030.958954,1773664087.475175,1009,425,112.992815,1.532391,0.262878,True
131,1773664031.108119,1773664141.430634,869,450,220.635087,0.512695,0.490250,True
132,1773664031.184617,1773664087.840919,1183,431,113.290853,1.082088,0.260951,True
133,1773664031.768699,1773664126.948049,972,395,190.337070,0.389876,0.482099,True
134,1773664032.198092,1773664127.935892,1097,396,191.454251,0.468853,0.483507,True
135,1773664032.439666,1773664074.253153,206,183,83.611173,0.874630,0.454596,True
136,1773664032.478916,1773664059.839022,181,208,54.697914,0.468348,0.261979,True
137,1773664032.484119,1773664078.696693,1316,200,92.391988,0.696054,0.460784,True
138,1773664032.623821,1773664142.363266,908,456,219.474858,0.656056,0.480920,True
139,1773664032.877843,1773664072.656415,1094,422,79.555537,1.152825,0.186230,True
140,1773664032.901321,1773664134.109884,996,422,202.399226,0.823375,0.478802,True
141,1773664033.046602,1773664052.456071,420,89,38.805405,0.464006,0.435698,True
142,1773664033.256271,1773664126.734778,1112,385,186.947318,0.596017,0.485290,True
143,1773664033.664325,1773664071.384136,1133,396,75.437698,1.947142,0.186052,True
144,1773664033.852616,1773664071.596447,890,403,75.471892,1.052978,0.185122,True
145,1773664034.089875,1773664039.521852,833,36,10.842342,0.660856,0.290900,True
146,1773664034.184770,1773664088.802760,1093,426,109.214422,1.150895,0.254267,True
147,1773664034.621251,1773664082.879989,206,211,96.501786,0.284313,0.458178,True
148,1773664034.921098,1773664143.807431,898,454,217.763204,0.486718,0.479639,True
149,1773664035.100958,1773664076.655720,1312,180,83.092154,0.798407,0.459742,True
150,1773664035.135299,1773664130.208079,1129,396,190.131726,0.977153,0.478872,True
151,1773664035.151235,1773664043.548585,375,67,16.791355,0.547910,0.246113,True
152,1773664036.193193,1773664135.670634,862,425,198.946385,0.383411,0.468309,True
153,1773664036.626497,1773664076.938521,167,179,80.608266,0.166238,0.451922,True
154,1773664036.674450,1773664134.435251,914,414,195.513951,0.364345,0.472517,True
155,1773664037.326046,1773664060.521671,209,217,46.383245,0.284809,0.213419,True
156,1773664037.565660,1773664089.091984,982,594,103.040737,1.014287,0.172051,True
157,1773664038.042634,1773664074.127292,200,161,72.151751,0.197191,0.449716,True
158,1773664038.092011,1773664054.838412,1313,156,33.491319,1.787498,0.204541,True
159,1773664038.250285,1773664090.871614,999,416,105.224738,0.690948,0.251889,True
160,1773664039.859981,1773664135.712883,1084,397,191.690089,0.458343,0.482908,True
161,1773664039.904816,1773664064.589490,399,106,49.359493,0.566938,0.464691,True
162,1773664040.287334,1773664186.449980,1065,594,292.303990,0.476577,0.492120,True
163,1773664042.367196,1773664099.197867,1036,446,113.657394,0.743649,0.253739,True
164,1773664042.996796,1773664141.469873,1243,398,196.939514,0.504953,0.494797,True
165,1773664043.417490,1773664092.024559,1128,384,97.210284,0.868917,0.251544,True
166,1773664043.521328,1773664134.605698,1000,375,182.164927,0.510680,0.485707,True
167,1773664043.745888,1773664058.020610,992,56,28.534065,1.042500,0.499847,True
168,1773664043.808496,1773664064.788726,920,87,41.945493,0.769247,0.478794,True
169,1773664043.875441,1773664077.791464,1040,388,67.826217,1.121453,0.172364,True
170,1773664043.894711,1773664067.676988,411,101,47.554940,0.896541,0.466584,True
171,1773664043.906353,1773664065.742867,900,91,43.665220,0.485960,0.479770,True
172,1773664044.017530,1773664079.836030,1018,425,71.625257,2.046647,0.164100,True
173,1773664045.164291,1773664067.797038,395,99,45.238890,0.198595,0.459595,True
174,1773664045.496484,1773664099.436087,209,217,107.877656,0.284055,0.498119,True
175,1773664048.043866,1773664062.357627,181,113,28.616311,0.279835,0.253004,True
176,1773664048.341558,1773664083.928515,1118,414,71.164016,1.180411,0.169452,True
177,1773664048.361005,1773664148.566687,972,392,200.396162,0.423865,0.511438,True
178,1773664048.765370,1773664063.591908,1847,53,29.637095,0.756013,0.555405,True
179,1773664049.135151,1773664073.151203,392,96,48.014084,0.951016,0.495401,True
180,1773664049.352619,1773664103.761400,197,217,108.801595,0.325491,0.502204,True
181,1773664049.440244,1773664151.988509,975,409,205.088390,0.597403,0.501203,True
182,1773664049.509097,1773664104.137723,1025,443,109.241402,0.755280,0.245444,True
183,1773664049.963174,1773664146.270599,1027,388,192.597063,0.600937,0.496114,True
184,1773664050.160905,1773664152.717175,1143,409,205.090271,0.646799,0.501087,True
185,1773664050.197370,1773664148.271532,1028,394,196.136958,0.721667,0.497240,True
186,1773664050.211357,1773664100.618737,874,402,100.810453,0.721259,0.249599,True
187,1773664050.995461,1773664172.941174,997,492,243.883739,0.555785,0.495576,True
188,1773664051.115749,1773664112.100141,72,245,121.948757,0.541414,0.497571,True
189,1773664051.117770,1773664084.458157,851,397,66.643587,0.897731,0.166025,True
190,1773664051.232183,1773664072.988577,408,91,43.493999,0.523075,0.477455,True
191,1773664051.269376,1773664181.961501,1113,531,261.376828,0.789811,0.491674,True
192,1773664051.678677,1773664093.726827,1313,170,84.078382,0.647219,0.493676,True
193,1773664051.849253,1773664086.075476,1083,426,68.442791,1.337383,0.157895,True
194,1773664052.191715,1773664149.807658,1139,394,195.216009,0.694203,0.494966,True
195,1773664052.793195,1773664160.959238,978,437,216.326140,0.492620,0.495031,True
196,1773664053.126805,1773664089.054096,26,146,71.848612,0.385496,0.492849,True
197,1773664053.243801,1773664067.082514,386,61,27.675550,0.353580,0.455366,True
198,1773664054.051184,1773664154.855972,1074,411,201.601871,0.496915,0.490500,True
199,1773664054.880480,1773664095.323119,209,162,80.873568,0.259124,0.500711,True
200,1773664055.032530,1773664168.785652,1099,455,227.484808,0.462774,0.500049,True
201,1773664056.202310,1773664059.099884,120,12,5.779485,0.227082,0.504764,True
202,1773664056.240725,1773664099.479033,126,173,86.475071,0.169831,0.501775,True
203,1773664056.280767,1773664090.339363,416,140,68.111516,0.293575,0.487899,True
204,1773664056.371749,1773664066.279769,394,83,19.804266,0.486206,0.235586,True
205,1773664056.494438,1773664153.841079,1043,399,194.675954,0.594703,0.487641,True
206,1773664056.494538,1773664105.203218,1099,396,97.378695,0.979899,0.244048,True
207,1773664056.497668,1773664064.332534,857,91,15.616841,0.857086,0.163997,True
208,1773664056.968205,1773664109.929965,209,217,105.908034,0.366063,0.488620,True
209,1773664057.274340,1773664146.270876,1109,365,177.974756,0.497191,0.487576,True
210,1773664057.580356,1773664094.791293,993,441,74.406330,1.088260,0.166632,True
211,1773664057.698557,1773664108.045834,888,418,100.685103,0.788679,0.239560,True
212,1773664058.727202,1773664155.243247,1141,388,193.030517,0.526008,0.497428,True
213,1773664058.907405,1773664157.160657,1067,394,196.487746,0.831796,0.497852,True
214,1773664059.094855,1773664164.352314,1116,423,210.499100,0.752430,0.497030,True
215,1773664059.147804,1773664077.388549,416,79,36.467839,0.881058,0.456241,True
216,1773664059.210082,1773664186.363861,1126,520,254.293752,0.765772,0.488493,True
217,1773664059.240796,1773664103.544842,203,179,88.592520,0.499926,0.494902,True
218,1773664060.131172,1773664096.031818,379,144,71.795532,0.337677,0.499705,True
219,1773664060.454292,1773664072.212283,56,164,23.497765,0.118428,0.143432,True
220,1773664061.272358,1773664162.783170,1232,410,203.003146,0.542052,0.495015,True
221,1773664061.276596,1773664101.523468,209,162,80.463157,0.167806,0.498729,True
222,1773664061.332634,1773664101.994567,206,162,81.322860,0.530712,0.501815,True
223,1773664062.525191,1773664155.965002,1083,378,186.859724,0.528850,0.494246,True
224,1773664063.084483,1773664107.669376,171,183,89.149881,0.171492,0.488892,True
225,1773664064.880748,1773664171.230723,982,429,212.681902,0.531165,0.495679,True
226,1773664065.485008,1773664069.279190,374,54,7.584760,0.443438,0.134742,True
227,1773664066.243624,1773664169.206634,1019,413,205.913752,0.512786,0.498546,True
228,1773664066.351372,1773664116.662023,126,205,100.613643,0.482396,0.490839,True
229,1773664067.309627,1773664115.865995,1147,396,97.094678,0.859486,0.243633,True
230,1773664067.933317,1773664176.313111,1078,428,216.758481,0.463625,0.506545,True
231,1773664068.485970,1773664120.168051,883,413,103.362517,0.642808,0.249320,True
232,1773664068.827170,1773664096.902119,169,217,56.142055,0.535586,0.257437,True
233,1773664069.198364,1773664176.698639,1094,429,214.982250,0.433540,0.501282,True
234,1773664069.341599,1773664176.441978,1001,427,214.198920,0.774483,0.500996,True
235,1773664069.836556,1773664095.323236,391,93,50.955287,0.587915,0.547471,True
236,1773664070.036644,1773664106.693263,1085,388,73.309649,1.153261,0.186451,True
237,1773664070.195592,1773664117.303284,1064,395,94.196368,0.752938,0.237166,True
238,1773664070.558090,1773664175.234404,1070,411,209.336355,0.564918,0.509199,True
239,1773664071.123821,1773664214.038101,972,575,285.820877,0.440231,0.497179,True
240,1773664071.399714,1773664169.859018,1099,394,196.896940,0.730832,0.499150,True
241,1773664071.466598,1773664167.820466,980,384,192.695610,0.508481,0.501794,True
242,1773664073.562846,1773664172.986080,1057,393,198.832981,0.433311,0.506122,True
243,1773664074.100410,1773664176.272384,1082,409,204.322114,0.472970,0.499630,True
244,1773664074.265656,1773664175.793177,1072,400,203.053461,0.776122,0.506961,True
245,1773664074.445034,1773664100.508142,385,98,52.109982,0.338536,0.533726,True
246,1773664074.493065,1773664110.555191,78,141,72.122840,0.624705,0.510701,True
247,1773664074.887768,1773664101.101537,412,100,52.417877,0.344260,0.525996,True
248,1773664075.198167,1773664171.404339,1027,388,192.404438,0.477144,0.495936,True
249,1773664075.652476,1773664126.035028,1146,466,100.744424,1.211486,0.214049,True
250,1773664075.970327,1773664127.443987,994,419,102.929247,0.763881,0.244415,True
251,1773664076.905331,1773664104.398642,846,108,54.982886,0.356212,0.510530,True
252,1773664077.299898,1773664184.910764,1140,430,215.204765,0.611627,0.500217,True
253,1773664078.478917,1773664240.749494,1059,649,324.529640,0.574780,0.499930,True
254,1773664078.578299,1773664128.195910,1354,200,99.231571,0.790767,0.494677,True
255,1773664079.196313,1773664123.102849,167,171,87.806903,0.451332,0.513856,True
256,1773664079.234753,1773664087.808104,1792,50,17.131948,1.294834,0.323206,True
257,1773664079.291274,1773664112.829431,40,134,67.068880,0.311172,0.501938,True
258,1773664080.131573,1773664107.797676,407,104,55.312827,0.367455,0.533450,True
259,1773664080.249395,1773664181.834422,1065,411,203.155374,0.549453,0.494161,True
260,1773664080.260077,1773664106.302263,181,241,52.070953,0.210695,0.216084,True
261,1773664080.440245,1773664095.694693,1314,137,30.503119,1.358478,0.214299,True
262,1773664080.499251,1773664097.151268,181,128,33.292596,0.255680,0.260133,True
263,1773664081.033371,1773664132.140771,163,205,102.199014,0.181267,0.500087,True
264,1773664081.036602,1773664093.173929,2,93,24.243549,0.166012,0.261712,True
265,1773664081.083891,1773664130.872664,1314,203,99.557209,0.673170,0.489525,True
266,1773664081.381517,1773664179.050747,1056,394,195.335600,0.875824,0.494809,True
267,1773664081.692999,1773664134.152055,978,442,104.896666,0.874592,0.235878,True
268,1773664082.049812,1773664140.387506,1217,565,116.655767,1.302704,0.204527,True
269,1773664082.090424,1773664129.527083,1056,398,94.872109,1.359518,0.235548,True
270,1773664082.880126,1773664134.826646,951,445,103.871484,1.393957,0.230805,True
271,1773664083.296868,1773664182.464303,1233,401,198.325061,0.555220,0.494425,True
272,1773664084.103255,1773664126.819696,1317,169,85.415252,0.575269,0.505000,True
273,1773664084.831386,1773664214.505294,1103,520,259.338298,0.513812,0.498698,True
274,1773664084.904703,1773664178.445903,887,375,187.070731,0.537880,0.498751,True
275,1773664085.410492,1773664182.506922,1123,396,194.187263,0.622697,0.490037,True
276,1773664085.551289,1773664179.178330,1095,379,187.232671,0.829539,0.493130,True
277,1773664086.253185,1773664132.489027,1079,419,92.453619,1.126688,0.218485,True
278,1773664087.614094,1773664192.049433,1073,420,208.850636,0.446136,0.497385,True
279,1773664087.718198,1773664190.756643,1147,413,206.073452,0.859635,0.498092,True
280,1773664088.103854,1773664133.081599,212,183,89.945429,0.561298,0.491122,True
281,1773664089.008258,1773664109.801430,411,81,41.573392,0.236902,0.516706,True
282,1773664089.034753,1773664099.530027,380,76,20.988724,0.435853,0.274038,True
283,1773664089.182720,1773664205.243370,990,468,232.098442,0.520458,0.495884,True
284,1773664089.545255,1773664192.049299,1106,414,205.005602,0.702675,0.494680,True
285,1773664089.661103,1773664133.563123,1117,396,87.783688,1.191367,0.219221,True
286,1773664089.849380,1773664189.035641,1147,396,198.365708,0.892071,0.499933,True
287,1773664090.503909,1773664133.039667,127,178,85.062117,0.445547,0.478060,True
288,1773664090.942991,1773664136.176985,1021,428,90.444706,1.064769,0.209321,True
289,1773664091.048767,1773664136.679592,1081,394,91.249838,0.748430,0.230283,True
290,1773664091.819819,1773664134.019264,1104,394,84.382917,1.372536,0.211222,True
291,1773664092.264434,1773664200.063790,1149,429,215.595355,0.491317,0.502580,True
292,1773664092.589797,1773664102.303455,399,86,19.408418,0.331572,0.224433,True
293,1773664092.976550,1773664188.222826,1127,385,190.480907,0.525076,0.494677,True
294,1773664093.233087,1773664114.258522,766,85,42.028836,0.657776,0.492513,True
295,1773664093.319600,1773664191.580370,1073,396,196.504523,0.757408,0.495562,True
296,1773664093.630212,1773664094.649890,91,16,2.035691,0.158354,0.125156,True
297,1773664093.670155,1773664192.409185,922,402,197.470418,0.606129,0.490933,True
298,1773664093.745766,1773664120.076105,1314,220,52.655285,1.132609,0.235263,True
299,1773664093.788973,1773664191.158887,1049,396,194.738390,0.932358,0.490648,True
300,1773664093.852784,1773664191.789167,1048,399,195.851413,0.744797,0.490218,True
301,1773664094.677478,1773664195.355847,1180,404,201.341145,0.543569,0.498257,True
302,1773664094.908328,1773664120.055476,194,217,50.283481,0.262073,0.231581,True
303,1773664095.308681,1773664191.624228,1063,396,192.629724,0.416606,0.486615,True
304,1773664095.357228,1773664119.951142,206,217,49.178241,0.245495,0.226540,True
305,1773664095.932560,1773664189.942210,1083,386,188.013487,0.545824,0.486929,True
306,1773664096.355396,1773664142.537453,1016,436,92.348159,1.130640,0.209695,True
307,1773664096.833400,1773664202.968012,958,427,212.248841,0.484923,0.497098,True
308,1773664097.047558,1773664100.419972,91,16,6.732631,0.442295,0.419356,True
309,1773664097.133493,1773664101.401660,335,18,8.530908,0.458126,0.474870,True
310,1773664097.553622,1773664109.279700,895,114,23.440689,0.687509,0.201356,True
311,1773664097.965334,1773664152.044718,1004,532,108.156854,1.099201,0.201615,True
312,1773664098.459080,1773664152.673797,194,223,108.417661,0.323234,0.486912,True
313,1773664099.593209,1773664204.731447,1001,427,210.255288,0.572020,0.492214,True
314,1773664099.746335,1773664196.239193,954,390,192.973001,0.572736,0.494602,True
315,1773664100.366317,1773664152.417118,203,217,104.093680,0.214916,0.480920,True
316,1773664100.439229,1773664195.056518,980,385,189.222704,0.391461,0.491748,True
317,1773664101.179498,1773664107.043968,91,24,11.720518,0.250557,0.498694,True
318,1773664101.348073,1773664125.350974,428,102,47.997734,0.247667,0.472773,True
319,1773664101.827503,1773664117.953675,878,110,32.233379,0.873309,0.287707,True
320,1773664102.198102,1773664142.698665,212,164,80.999566,0.306010,0.495052,True
321,1773664103.162282,1773664145.280005,982,411,84.213370,1.084978,0.202752,True
322,1773664104.809921,1773664149.378088,445,174,89.130438,0.303781,0.513449,True
323,1773664104.826274,1773664114.084057,394,86,18.498079,0.464548,0.212159,True
324,1773664104.890250,1773664209.373359,1023,421,208.950787,0.600209,0.496073,True
325,1773664105.267981,1773664143.375823,1314,152,76.205995,0.820485,0.499242,True
326,1773664105.574925,1773664209.373510,1009,420,207.592493,0.730310,0.493704,True
327,1773664105.809519,1773664200.832487,1007,375,190.028062,0.701540,0.506221,True
328,1773664106.297101,1773664149.994623,1161,373,87.391195,0.919486,0.232451,True
329,1773664107.080868,1773664213.452964,1067,429,212.721036,0.522675,0.495791,True
330,1773664108.015385,1773664209.116284,1038,409,202.179451,0.553479,0.494181,True
331,1773664108.874021,1773664153.065129,1136,422,88.359150,1.239639,0.206935,True
332,1773664109.057196,1773664162.869633,169,217,107.609139,0.244227,0.497060,True
333,1773664109.259104,1773664113.220354,313,18,7.912259,0.185189,0.454534,True
334,1773664109.422040,1773664171.763114,1116,574,124.661561,1.807108,0.214406,True
335,1773664109.734617,1773664169.947574,1240,501,120.424238,0.898243,0.239052,True
336,1773664109.745295,1773664123.527613,1060,58,27.562956,0.589411,0.473220,True
337,1773664109.782170,1773664150.583721,209,167,81.589418,0.176088,0.490442,True
338,1773664109.956532,1773664135.924104,428,108,51.917573,0.673517,0.478916,True
339,1773664110.332320,1773664212.967441,1093,414,205.249038,0.590389,0.495542,True
340,1773664111.314464,1773664172.510568,1045,585,122.377885,1.110534,0.207650,True
341,1773664111.685819,1773664139.038755,435,111,54.684095,0.266584,0.494705,True
342,1773664112.072507,1773664158.303260,1037,390,92.443536,0.765053,0.235677,True
343,1773664112.989975,1773664124.531886,422,95,23.078207,0.418217,0.241064,True
344,1773664114.097401,1773664165.672520,1313,201,103.142294,0.572761,0.512848,True
345,1773664114.130051,1773664153.065252,1184,394,77.863547,1.246497,0.194954,True
346,1773664114.138618,1773664155.550406,1001,396,82.814408,2.311519,0.203805,True
347,1773664114.539179,1773664152.895246,890,387,76.693281,2.361088,0.192570,True
348,1773664114.882623,1773664131.515483,181,140,33.243927,0.193770,0.237771,True
349,1773664115.465914,1773664155.618084,1119,397,80.282212,2.120158,0.197379,True
350,1773664115.691993,1773664137.598804,407,92,43.804090,0.310743,0.477949,True
351,1773664116.484527,1773664213.052574,1188,388,193.118248,0.696561,0.497214,True
352,1773664116.661285,1773664209.585597,1016,375,185.831514,0.936600,0.494371,True
353,1773664117.156919,1773664167.140927,1095,417,99.950184,0.875885,0.238159,True
354,1773664117.340381,1773664214.462860,1027,395,194.239668,0.680596,0.491267,True
355,1773664117.591575,1773664232.371527,1102,455,229.550276,0.784282,0.503890,True
356,1773664118.167410,1773664169.334604,1026,429,102.312401,0.727347,0.237348,True
357,1773664118.390466,1773664133.983768,1996,70,31.173078,0.855872,0.439380,True
358,1773664118.442247,1773664134.613971,1314,139,32.324144,1.494872,0.223401,True
359,1773664118.472880,1773664161.998468,181,173,87.030767,0.810483,0.501281,True
360,1773664118.755957,1773664218.554645,1049,397,199.584569,1.106668,0.501207,True
361,1773664119.011121,1773664222.192423,1132,414,206.341089,0.641827,0.498061,True
362,1773664119.025902,1773664214.377632,1088,386,190.689895,0.749816,0.493351,True
363,1773664119.486449,1773664169.467713,125,205,99.942886,0.589071,0.487029,True
364,1773664120.575102,1773664139.477963,206,167,37.793932,0.244526,0.226201,True
365,1773664120.937889,1773664128.400591,376,73,14.919542,0.413950,0.201467,True
366,1773664121.981812,1773664171.096267,127,198,98.218521,0.327742,0.496908,True
367,1773664122.915237,1773664150.149222,404,109,54.453501,0.295453,0.501463,True
368,1773664123.514638,1773664167.954769,1026,409,88.859494,1.095901,0.215107,True
369,1773664123.851596,1773664223.728007,1199,394,199.739159,0.608574,0.506694,True
370,1773664124.441774,1773664128.486963,91,16,8.072871,0.313143,0.517315,True
371,1773664124.642966,1773664231.179986,1013,422,213.060899,0.436672,0.505046,True
372,1773664124.689170,1773664163.453152,990,392,77.524158,0.953163,0.195834,True
373,1773664125.272066,1773664176.011373,1314,200,101.471092,0.670338,0.506536,True
374,1773664125.372297,1773664248.934314,1069,499,247.108469,0.780313,0.494635,True
375,1773664125.402983,1773664191.277029,1017,519,131.730235,0.735708,0.252885,True
376,1773664126.401266,1773664146.675286,200,183,40.538275,0.280724,0.221195,True
377,1773664126.719282,1773664144.660980,124,204,35.877250,0.167249,0.175911,True
378,1773664126.965978,1773664225.605549,895,393,197.262200,0.477845,0.502001,True
379,1773664127.983217,1773664140.716428,399,112,25.454845,0.370913,0.225981,True
380,1773664128.146825,1773664151.729727,410,95,47.145475,0.239929,0.498995,True
381,1773664129.095823,1773664169.957823,1107,388,81.707610,1.215595,0.207990,True
382,1773664129.806426,1773664183.385194,212,217,107.139858,0.216922,0.495014,True
383,1773664130.323477,1773664225.922418,1007,385,191.186035,0.450280,0.496708,True
384,1773664131.572576,1773664292.674680,1052,652,322.202926,0.718909,0.493831,True
385,1773664131.580346,1773664228.754368,1143,388,194.340500,0.509835,0.500854,True
386,1773664131.987904,1773664135.670765,307,18,7.354657,0.527405,0.401603,True
387,1773664132.416100,1773664142.993862,392,91,21.146503,0.345066,0.231127,True
388,1773664132.755969,1773664153.071566,129,185,40.621737,0.225111,0.219547,True
389,1773664132.808180,1773664146.290006,129,159,26.952003,0.182106,0.169430,True
390,1773664133.262188,1773664188.115881,936,431,109.697088,0.661829,0.253570,True
391,1773664133.548403,1773664183.898039,128,205,100.697906,0.213921,0.492569,True
392,1773664133.957865,1773664232.797745,1025,388,197.664325,0.420332,0.509674,True
393,1773664134.833872,1773664156.762172,203,217,43.848804,0.283088,0.201693,True
394,1773664135.519961,1773664161.785242,431,97,52.518744,0.306269,0.543880,True
395,1773664135.765302,1773664236.661341,1000,396,201.790710,0.517219,0.509553,True
396,1773664135.942189,1773664259.580025,1045,496,247.270248,0.798495,0.497923,True
397,1773664136.371136,1773664183.725591,165,192,94.705104,0.541753,0.493002,True
398,1773664136.747127,1773664245.973271,1163,429,218.430000,0.575144,0.509007,True
399,1773664137.139222,1773664280.476633,1143,580,286.663311,0.864613,0.493607,True
400,1773664137.752086,1773664188.455371,1012,389,101.392647,0.796299,0.259269,True
401,1773664137.791958,1773664247.948022,1121,433,220.296344,0.762304,0.508181,True
402,1773664137.955898,1773664177.014903,971,373,78.096022,1.021858,0.207189,True
403,1773664138.200656,1773664187.567387,1088,377,98.721386,1.093009,0.259650,True
404,1773664138.926883,1773664261.735738,1028,498,245.603996,0.512462,0.493142,True
405,1773664139.143038,1773664158.595173,127,202,38.882628,0.143844,0.192730,True
406,1773664139.316252,1773664230.715638,1139,371,182.796607,0.553339,0.492549,True
407,1773664139.328385,1773664244.761760,1100,414,210.846997,0.912751,0.508315,True
408,1773664139.373679,1773664241.306873,1019,403,203.852807,0.647791,0.505485,True
409,1773664140.273181,1773664250.865210,1022,443,221.176359,0.518190,0.499227,True
410,1773664140.343914,1773664231.441091,1176,373,182.180994,0.684721,0.487893,True
411,1773664140.386115,1773664181.286452,1007,403,81.787343,1.132107,0.200635,True
412,1773664141.264805,1773664150.669440,382,38,18.799109,0.271452,0.500747,True
413,1773664142.234264,1773664169.336690,396,107,54.184164,0.276161,0.508566,True
414,1773664142.278176,1773664160.008847,401,147,35.443023,0.322027,0.240555,True
415,1773664142.424182,1773664176.698757,882,135,68.531230,0.460391,0.507991,True
416,1773664143.765412,1773664252.869440,1161,429,218.198577,0.582456,0.508449,True
417,1773664143.942841,1773664178.575025,21,139,69.250579,0.566391,0.497712,True
418,1773664144.169632,1773664195.285025,1053,383,102.229085,0.761140,0.265623,True
419,1773664144.642820,1773664170.546874,402,102,51.800228,0.293117,0.509971,True
420,1773664144.668344,1773664254.273001,1037,434,219.187648,0.514302,0.505019,True
421,1773664145.642331,1773664269.674745,945,504,248.047156,0.526129,0.492090,True
422,1773664146.300015,1773664248.034114,1050,403,203.460584,0.639742,0.504529,True
423,1773664146.909503,1773664244.420410,1036,386,195.020091,0.457277,0.505358,True
424,1773664147.071057,1773664249.999408,1062,413,205.843203,0.838603,0.497584,True
425,1773664147.348354,1773664189.425350,1070,398,84.152268,1.244802,0.208835,True
426,1773664147.889108,1773664170.823111,206,181,45.864174,0.215396,0.253604,True
427,1773664148.261222,1773664179.992393,419,130,63.452495,0.369791,0.489013,True
428,1773664148.288970,1773664179.050927,181,132,61.504227,0.223662,0.467791,True
429,1773664148.421618,1773664252.615123,1127,415,208.385697,0.507945,0.502120,True
430,1773664148.909482,1773664205.680041,1043,394,113.533217,0.773595,0.286920,True
431,1773664149.849607,1773664160.720211,413,95,21.733393,0.473460,0.226170,True
432,1773664150.206202,1773664189.360340,934,378,78.304736,1.039713,0.204947,True
433,1773664151.114302,1773664247.260904,1039,379,192.287391,0.561847,0.507210,True
434,1773664152.751385,1773664160.693237,91,24,15.867484,0.287242,0.677402,True
435,1773664153.093832,1773664198.060210,1017,393,89.927217,2.016059,0.224263,True
436,1773664153.107717,1773664212.498675,1007,468,118.759891,1.994073,0.250034,True
437,1773664153.163664,1773664170.165641,375,66,33.990181,0.348021,0.517572,True
438,1773664153.521124,1773664189.856792,10,146,72.667114,0.241934,0.499484,True
439,1773664153.746801,1773664220.318136,994,414,133.131735,0.754477,0.320526,True
440,1773664153.944362,1773664156.597803,298,18,5.299320,1.531571,0.221632,True
441,1773664154.164232,1773664252.573660,1002,388,196.797151,0.586954,0.507003,True
442,1773664154.351348,1773664218.417529,1021,390,128.113448,0.918213,0.326980,True
443,1773664155.154690,1773664185.460099,209,217,60.599148,0.376948,0.278806,True
444,1773664155.399755,1773664179.050919,386,96,47.278553,0.333138,0.494162,True
445,1773664155.459646,1773664220.863520,1092,415,130.801934,0.896416,0.313781,True
446,1773664155.858505,1773664191.201473,403,142,70.678429,0.637463,0.496744,True
447,1773664155.867294,1773664181.619027,415,101,51.491591,0.681389,0.508102,True
448,1773664155.925477,1773664248.119216,1013,363,184.366104,0.563544,0.507742,True
449,1773664156.112256,1773664254.650541,1014,395,197.072803,0.995770,0.497657,True
450,1773664156.280818,1773664216.705192,1034,377,120.846867,0.834744,0.319181,True
451,1773664156.561076,1773664256.831142,1002,396,200.536757,0.424305,0.506614,True
452,1773664157.138128,1773664283.596396,1149,516,252.915070,0.483772,0.490158,True
453,1773664157.580374,1773664259.196698,1112,403,203.223221,0.594874,0.504051,True
454,1773664157.695060,1773664198.031983,1314,159,80.661891,0.752473,0.505756,True
455,1773664157.878100,1773664171.926908,1917,56,28.096026,1.333734,0.486587,True
456,1773664158.430663,1773664263.674064,1043,431,210.481036,1.007909,0.487147,True
457,1773664158.452003,1773664263.463443,1032,421,210.017592,0.878775,0.497950,True
458,1773664158.675350,1773664207.571887,1093,382,97.783045,1.167575,0.253584,True
459,1773664158.716270,1773664264.597552,1173,429,211.751377,1.236804,0.491856,True
460,1773664159.999010,1773664186.179344,203,189,52.359289,0.277498,0.277031,True
461,1773664160.296072,1773664183.469641,390,97,46.332316,0.253135,0.479991,True
462,1773664161.375444,1773664172.736022,409,93,22.715299,0.451755,0.241995,True
463,1773664161.551164,1773664182.005275,402,92,40.898416,0.305392,0.446077,True
464,1773664161.869431,1773664183.341377,1354,225,42.928144,1.411718,0.185341,True
465,1773664162.752798,1773664216.111289,181,213,106.696983,0.273957,0.501995,True
466,1773664162.859264,1773664264.264891,1035,414,202.797354,0.585324,0.489618,True
467,1773664163.076247,1773664265.361071,1033,420,204.553785,0.583694,0.486802,True
468,1773664163.225038,1773664206.547971,206,179,86.634393,0.654490,0.483033,True
469,1773664163.489376,1773664266.774991,888,426,206.559707,0.671908,0.484442,True
470,1773664163.613890,1773664191.801376,209,183,56.357257,0.235428,0.308362,True
471,1773664163.898370,1773664217.313980,1102,433,106.819414,1.161330,0.244579,True
472,1773664164.184090,1773664266.362094,1007,424,204.334260,0.525330,0.481818,True
473,1773664164.276093,1773664189.049455,203,167,49.541077,0.246115,0.296958,True
474,1773664164.411340,1773664232.373387,1173,421,135.922280,0.957936,0.321344,True
475,1773664164.420826,1773664256.276613,1080,371,183.708004,0.812136,0.494313,True
476,1773664164.885756,1773664185.714452,395,92,41.656138,0.604068,0.451122,True
477,1773664164.899469,1773664240.579030,1011,677,151.341873,1.242184,0.222041,True
478,1773664165.431975,1773664169.202924,91,24,7.524303,0.218049,0.317663,True
479,1773664165.527373,1773664179.383623,209,167,27.698931,0.752349,0.162329,True
480,1773664166.071990,1773664230.735063,1159,399,129.318068,0.807543,0.322891,True
481,1773664166.236754,1773664347.024229,463,739,361.564224,0.341641,0.489461,True
482,1773664166.542871,1773664214.187793,1094,398,95.287894,1.306159,0.236730,True
483,1773664166.545953,1773664195.184022,130,199,57.259524,0.551939,0.286402,True
484,1773664167.005985,1773664205.839527,203,162,77.657434,0.186688,0.481185,True
485,1773664167.600528,1773664223.256384,206,217,111.300231,0.337178,0.513718,True
486,1773664168.267200,1773664229.517247,1003,373,122.482045,0.796149,0.327113,True
487,1773664168.714728,1773664190.112008,376,88,42.782573,0.345629,0.487781,True
488,1773664169.359876,1773664201.518453,401,125,64.305442,0.355166,0.515728,True
489,1773664169.857753,1773664272.953623,1023,427,206.175451,0.585150,0.482606,True
490,1773664170.375918,1773664224.024919,197,217,107.292213,0.244778,0.495590,True
491,1773664170.449244,1773664174.587636,91,16,8.268861,0.291942,0.531795,True
492,1773664171.777459,1773664220.295108,77,187,97.027679,0.306855,0.520004,True
493,1773664172.171265,1773664268.727407,1056,396,193.100362,0.494094,0.487611,True
494,1773664172.815820,1773664269.058621,1033,397,192.477915,0.532818,0.484710,True
495,1773664172.857087,1773664265.279341,1118,378,184.834887,0.948399,0.487763,True
496,1773664172.941320,1773664186.100889,1269,152,26.306868,1.263899,0.165847,True
497,1773664173.132259,1773664271.621162,1035,401,196.973738,1.018802,0.489887,True
498,1773664173.267464,1773664272.953847,1256,414,199.370543,0.777016,0.480856,True
499,1773664173.270066,1773664246.561254,1211,450,146.564198,0.999334,0.324198,True
500,1773664173.310828,1773664196.366780,396,89,46.091830,0.540488,0.517629,True
501,1773664173.745408,1773664176.879586,91,16,6.258583,0.662372,0.373081,True
502,1773664174.120651,1773664242.546267,1066,421,136.838504,1.109325,0.323165,True
503,1773664174.272442,1773664179.091412,91,24,9.636688,0.222047,0.409332,True
504,1773664174.429761,1773664193.693104,414,79,38.523053,0.314054,0.489859,True
505,1773664174.922411,1773664182.606281,378,52,15.353596,0.682868,0.287661,True
506,1773664175.100919,1773664203.181515,385,112,56.147204,0.237846,0.503688,True
507,1773664176.523422,1773664248.463457,1314,285,143.874085,0.633591,0.504368,True
508,1773664177.233004,1773664200.874413,401,88,47.264927,0.341532,0.539349,True
509,1773664178.313930,1773664194.137344,404,98,31.645337,0.460179,0.321496,True
510,1773664178.323671,1773664181.651998,91,16,6.653150,0.449423,0.413582,True
511,1773664178.787963,1773664209.918725,194,188,62.242403,0.235811,0.331586,True
512,1773664179.395375,1773664242.947787,1111,389,127.088798,0.872535,0.325300,True
513,1773664179.792034,1773664231.733971,1125,395,103.869781,1.293227,0.260347,True
514,1773664180.165638,1773664283.388134,1013,421,206.432887,0.489712,0.490341,True
515,1773664180.328210,1773664194.036130,847,89,27.399744,0.600192,0.304540,True
516,1773664181.746131,1773664196.153683,375,101,28.806631,0.411676,0.283950,True
517,1773664181.830182,1773664277.744663,1046,393,191.820239,0.578398,0.487862,True
518,1773664181.963784,1773664199.070218,395,58,34.195298,0.650304,0.588509,True
519,1773664182.160259,1773664204.945573,402,86,45.552807,0.563780,0.529283,True
520,1773664182.679968,1773664277.149832,1207,386,188.938242,0.527430,0.489379,True
521,1773664182.830767,1773664252.294118,997,415,138.912588,0.770118,0.333677,True
522,1773664183.144629,1773664209.918929,191,162,53.542258,1.175519,0.325259,True
523,1773664183.436419,1773664257.208965,978,430,147.539070,0.818830,0.342005,True
524,1773664183.512569,1773664217.556619,200,217,68.069217,0.310423,0.313698,True
525,1773664183.843146,1773664286.278722,1160,421,204.850783,0.550962,0.486428,True
526,1773664183.914413,1773664241.172374,1216,466,114.514297,1.297635,0.243477,True
527,1773664183.915117,1773664287.883272,912,427,207.914927,0.891743,0.485970,True
528,1773664183.917176,1773664209.500179,181,104,51.126942,0.552330,0.491016,True
529,1773664184.183386,1773664224.874082,206,162,81.363578,0.625111,0.501481,True
530,1773664185.162729,1773664280.810671,1010,396,191.274858,0.490782,0.482998,True
531,1773664185.440722,1773664203.884772,975,68,36.865808,0.731903,0.539312,True
532,1773664186.119542,1773664252.331667,1033,396,132.418275,0.765913,0.333297,True
533,1773664186.378095,1773664227.216233,163,157,81.664110,0.316090,0.521462,True
534,1773664186.695841,1773664199.460559,382,62,25.523788,0.450220,0.411042,True
535,1773664186.714380,1773664290.088622,1082,426,206.737021,0.483437,0.485303,True
536,1773664187.000834,1773664288.005047,1311,415,201.986655,0.856724,0.485821,True
537,1773664187.061671,1773664221.093240,200,217,68.057370,0.348933,0.313465,True
538,1773664187.085850,1773664190.712112,91,16,7.232920,0.276292,0.463775,True
539,1773664187.214425,1773664199.279555,181,85,24.116548,0.206870,0.284639,True
540,1773664187.330494,1773664239.269904,1004,412,103.867459,1.178583,0.249851,True
541,1773664188.127276,1773664224.788159,1315,144,73.311579,0.555974,0.508780,True
542,1773664188.555600,1773664229.813737,203,161,82.494339,0.336777,0.513485,True
543,1773664189.115987,1773664259.127758,960,403,140.001096,0.656643,0.346628,True
544,1773664190.367231,1773664258.235481,1032,387,135.714146,0.862361,0.349357,True
545,1773664190.470453,1773664259.127518,1144,396,137.305693,1.290830,0.344341,True
546,1773664190.488430,1773664224.319855,414,130,67.648088,0.440492,0.520989,True
547,1773664190.488534,1773664212.667490,399,86,44.321231,0.429345,0.516375,True
548,1773664191.037502,1773664213.031849,1113,98,43.966948,1.312346,0.439738,True
549,1773664191.132330,1773664219.151021,181,107,56.036058,0.231086,0.526462,True
550,1773664191.480644,1773664241.135190,161,193,99.303459,0.216848,0.516076,True
551,1773664191.809584,1773664287.633381,1001,398,191.637989,0.502964,0.481448,True
552,1773664192.088197,1773664198.531463,371,54,12.872864,0.334854,0.236566,True
553,1773664192.310196,1773664286.155919,1176,385,187.690184,0.607918,0.487193,True
554,1773664192.605175,1773664246.544415,1061,429,107.860498,1.160664,0.249299,True
555,1773664192.983025,1773664215.849036,886,95,45.722599,0.443738,0.481690,True
556,1773664193.341096,1773664246.579505,1137,428,106.475095,1.639665,0.245516,True
557,1773664193.432218,1773664287.677601,1245,389,188.482965,0.630740,0.484155,True
558,1773664193.482173,1773664219.662043,401,103,52.346221,0.684993,0.506483,True
559,1773664193.717684,1773664213.665018,405,83,39.892438,1.113830,0.472910,True
560,1773664194.070740,1773664236.105338,1319,169,84.067725,0.760770,0.495875,True
561,1773664194.715575,1773664297.954090,1052,429,206.463120,0.582704,0.481029,True
562,1773664195.037783,1773664201.602433,91,24,13.117401,0.384402,0.553609,True
563,1773664195.152327,1773664289.149273,1062,393,187.984223,0.691803,0.477787,True
564,1773664195.155519,1773664208.034509,2042,52,25.732039,2.081420,0.463738,True
565,1773664196.273119,1773664200.604984,328,18,8.653894,1.569888,0.416706,True
566,1773664196.353899,1773664221.804078,8,122,50.886705,0.187405,0.419002,True
567,1773664196.632412,1773664235.890846,1313,156,78.495317,0.644868,0.502261,True
568,1773664196.827837,1773664295.804704,1129,414,197.952350,0.812931,0.477335,True
569,1773664196.843089,1773664224.319993,405,110,54.939582,0.544346,0.499039,True
570,1773664197.085786,1773664214.222510,393,105,34.269954,0.580733,0.323935,True
571,1773664197.603981,1773664232.446917,167,187,69.679974,0.226827,0.373404,True
572,1773664197.632920,1773664275.413337,1040,456,155.550873,0.790479,0.340133,True
573,1773664198.018187,1773664293.499659,1113,399,190.951177,0.995549,0.477275,True
574,1773664198.075695,1773664296.178976,1042,411,196.205067,0.943227,0.476248,True
575,1773664198.110321,1773664245.982103,1180,414,95.727861,1.234812,0.228797,True
576,1773664198.163012,1773664271.748648,1069,426,147.155280,1.038941,0.343803,True
577,1773664198.368179,1773664250.865477,209,217,104.971858,0.857666,0.482010,True
578,1773664199.543868,1773664272.793554,1065,426,146.481144,0.887278,0.342574,True
579,1773664199.550057,1773664231.027771,128,173,62.928222,0.876566,0.360765,True
580,1773664199.567506,1773664297.462223,1037,415,195.775990,0.393613,0.471938,True
581,1773664199.981556,1773664295.312213,966,403,190.657470,0.458806,0.473131,True
582,1773664200.006608,1773664216.078000,380,99,32.127075,0.482269,0.322906,True
583,1773664200.265676,1773664267.774409,1087,396,135.003377,1.060144,0.339097,True
584,1773664200.357583,1773664243.738301,218,179,86.745206,0.251217,0.485921,True
585,1773664200.421621,1773664218.490068,387,75,36.129390,0.401809,0.482805,True
586,1773664200.583384,1773664268.240582,1000,498,135.292481,0.949039,0.270309,True
587,1773664202.091851,1773664230.240963,383,114,56.278592,0.298409,0.495400,True
588,1773664202.161517,1773664274.224961,1093,429,144.116799,0.796252,0.334861,True
589,1773664202.825580,1773664246.785151,1262,390,87.908847,1.577937,0.221930,True
590,1773664203.078130,1773664265.573289,1473,450,124.984618,2.881233,0.271945,True
591,1773664204.263952,1773664296.107542,1127,563,183.685429,0.786248,0.325443,True
592,1773664205.653961,1773664279.438195,1076,464,147.549583,0.749301,0.317063,True
593,1773664205.827252,1773664248.024155,1067,393,84.392125,1.450757,0.211585,True
594,1773664205.838161,1773664225.172122,402,73,38.643327,0.268787,0.532980,True
595,1773664206.020753,1773664237.305571,209,179,62.557955,0.670072,0.347685,True
596,1773664206.394335,1773664303.563251,1047,401,194.336145,0.477636,0.484646,True
597,1773664206.953067,1773664256.318056,200,193,98.708388,0.251262,0.512798,True
598,1773664207.385674,1773664274.767500,942,404,134.754713,0.753278,0.332510,True
599,1773664207.674617,1773664314.435191,1072,446,213.502299,0.539068,0.478569,True
600,1773664207.815568,1773664308.638326,1232,419,201.640736,0.672959,0.480784,True
601,1773664208.028307,1773664232.286156,373,91,48.499911,0.557722,0.532691,True
602,1773664208.288395,1773664253.040198,999,395,89.486997,1.243999,0.223967,True
603,1773664208.497310,1773664276.952498,1146,426,136.896588,0.811442,0.320200,True
604,1773664209.284809,1773664373.790900,1049,667,329.010408,0.583613,0.493133,True
605,1773664209.865628,1773664272.608627,1130,375,125.476027,0.829807,0.333279,True
606,1773664209.865760,1773664310.304377,1009,419,200.847276,0.490121,0.479323,True
607,1773664210.264488,1773664286.686900,1317,320,152.836856,0.900165,0.476291,True
608,1773664210.299431,1773664238.818989,921,114,57.037531,0.453402,0.500745,True
609,1773664210.590795,1773664278.379376,1157,429,135.563005,0.888813,0.314659,True
610,1773664210.725821,1773664277.963624,1093,425,134.461757,1.482635,0.313630,True
611,1773664210.785304,1773664257.402396,1035,405,93.215750,1.154577,0.227874,True
612,1773664210.788770,1773664275.199564,1009,395,128.787859,1.911481,0.322021,True
613,1773664210.925842,1773664230.113608,482,73,38.367892,0.456461,0.526548,True
614,1773664211.390885,1773664237.302279,401,104,51.806594,0.278034,0.500277,True
615,1773664211.498221,1773664278.104399,1046,429,133.204557,0.956197,0.308991,True
616,1773664212.098423,1773664274.151561,1230,389,124.084055,0.914853,0.317446,True
617,1773664212.129277,1773664229.177491,161,159,34.095107,0.258166,0.214158,True
618,1773664213.144591,1773664249.478463,26,238,72.663922,0.168942,0.305886,True
619,1773664213.178416,1773664275.273552,1108,399,124.168416,0.894130,0.309734,True
620,1773664213.407979,1773664245.283713,378,124,63.749914,0.324817,0.515651,True
621,1773664213.412529,1773664276.810295,1051,410,126.782598,1.465368,0.306399,True
622,1773664213.834377,1773664224.309642,2,93,20.949322,0.066072,0.226992,True
623,1773664214.112361,1773664273.235284,1001,373,118.238297,1.203163,0.314611,True
624,1773664214.209305,1773664278.620595,1059,429,128.820758,1.606194,0.297230,True
625,1773664214.468984,1773664307.584977,996,385,186.226164,0.451944,0.483787,True
626,1773664214.488096,1773664267.147012,1096,396,105.307891,1.158285,0.263670,True
627,1773664214.633977,1773664240.458301,417,98,51.641117,0.493153,0.527299,True
628,1773664215.162874,1773664310.386862,1139,396,190.436437,0.546979,0.480733,True
629,1773664215.387798,1773664221.403374,310,18,12.029373,0.548558,0.675342,True
630,1773664215.898160,1773664334.766638,1027,482,237.724822,0.508812,0.493173,True
631,1773664216.056071,1773664310.014493,1007,388,187.911438,0.747379,0.483628,True
632,1773664216.131078,1773664253.716995,161,150,75.150059,0.746953,0.499350,True
633,1773664216.757831,1773664310.712491,1025,394,187.907829,0.481123,0.476913,True
634,1773664216.854706,1773664313.208080,1044,413,192.688472,0.493617,0.466492,True
635,1773664217.058630,1773664244.804736,404,108,55.486357,0.851860,0.510603,True
636,1773664217.121099,1773664279.438010,1036,425,124.627131,0.737650,0.292192,True
637,1773664217.228508,1773664310.958132,1098,396,187.457961,0.630811,0.472980,True
638,1773664217.517920,1773664245.197686,405,105,55.352004,0.642360,0.526054,True
639,1773664217.583098,1773664322.538776,1269,451,209.905487,0.919708,0.464413,True
640,1773664217.750227,1773664224.203959,788,51,12.885850,0.900018,0.239717,True
641,1773664218.862342,1773664270.023063,918,397,102.305158,0.954217,0.255937,True
642,1773664219.163487,1773664263.292828,206,179,88.236886,0.224803,0.494450,True
643,1773664219.772135,1773664384.201812,1068,664,328.849374,0.467513,0.495297,True
644,1773664220.657647,1773664335.444375,1042,472,229.557746,0.500744,0.486321,True
645,1773664220.682862,1773664243.821619,417,92,46.270099,0.534333,0.502591,True
646,1773664220.984368,1773664256.873481,409,146,71.762746,0.802854,0.489379,True
647,1773664221.017678,1773664308.970263,1002,373,175.892014,0.715163,0.470906,True
648,1773664221.816427,1773664232.048381,942,104,20.449921,0.969901,0.189126,True
649,1773664222.176740,1773664319.025427,983,414,193.689247,0.391148,0.468034,True
650,1773664222.495090,1773664488.031429,1113,1000,531.060906,0.576060,0.531016,True
651,1773664222.622313,1773664243.625979,203,217,42.001237,0.516044,0.192061,True
652,1773664222.761899,1773664234.450880,435,83,23.356184,0.385530,0.280130,True
653,1773664223.079637,1773664226.135095,91,16,6.089174,0.282119,0.387137,True
654,1773664223.228968,1773664283.787546,1071,386,121.102928,0.841900,0.312366,True
655,1773664223.850217,1773664272.701836,167,217,97.694497,0.246179,0.451150,True
656,1773664223.852424,1773664262.868359,200,161,78.005594,0.195477,0.486313,True
657,1773664224.075757,1773664246.589427,181,92,45.006256,0.269827,0.491609,True
658,1773664224.374959,1773664235.660596,181,118,22.555848,0.280582,0.190387,True
659,1773664225.203800,1773664292.128647,1201,546,133.847908,1.466269,0.242902,True
660,1773664225.207618,1773664286.941284,1208,400,123.450893,0.825001,0.307333,True
661,1773664225.477171,1773664240.300457,373,57,29.632703,0.217135,0.525278,True
662,1773664225.973209,1773664322.619065,1005,407,193.278099,0.511009,0.474796,True
663,1773664226.120813,1773664259.204098,130,199,66.158879,0.259987,0.332823,True
664,1773664226.502517,1773664319.780456,1008,398,186.544436,0.528776,0.468553,True
665,1773664226.671474,1773664227.919891,91,16,2.485285,0.146080,0.155947,True
666,1773664227.133601,1773664254.693769,392,109,55.118564,0.363131,0.506995,True
667,1773664227.253566,1773664239.766609,394,94,25.010465,0.401395,0.264614,True
668,1773664227.550644,1773664340.904006,988,466,226.704919,0.444260,0.486582,True
669,1773664227.616570,1773664315.438157,1146,380,175.629178,0.731912,0.461470,True
670,1773664227.778969,1773664332.729308,1091,436,209.896979,0.793763,0.480697,True
671,1773664228.639789,1773664249.236591,379,87,41.175416,0.260023,0.475760,True
672,1773664228.862732,1773664251.444310,411,93,45.147499,0.290071,0.487581,True
673,1773664230.708827,1773664247.432831,396,65,33.433917,0.239949,0.518656,True
674,1773664231.239378,1773664322.699931,1060,396,182.907398,0.905417,0.460765,True
675,1773664231.293715,1773664332.477630,1046,429,202.358242,0.853230,0.470806,True
676,1773664231.318850,1773664242.546142,398,79,22.452013,0.427523,0.282365,True
677,1773664232.409573,1773664246.158984,381,99,27.477269,0.384747,0.276454,True
678,1773664232.751564,1773664337.607401,1117,428,209.705906,0.455016,0.490049,True
679,1773664232.893646,1773664249.451363,383,69,33.103157,0.470972,0.479885,True
680,1773664232.910329,1773664259.363180,403,106,52.904108,0.618134,0.497962,True
681,1773664233.310886,1773664250.131232,377,69,33.624628,0.312812,0.489880,True
682,1773664233.496182,1773664244.194120,403,101,21.374789,0.450188,0.209246,True
683,1773664234.064032,1773664327.211909,1145,396,186.284222,0.570999,0.470160,True
684,1773664234.367528,1773664298.954467,1209,403,129.159533,0.920477,0.319003,True
685,1773664234.606672,1773664293.323197,893,455,117.422779,0.905534,0.256646,True
686,1773664235.678243,1773664300.155332,1036,411,128.940168,0.715480,0.312743,True
687,1773664235.927971,1773664269.281485,203,217,66.695046,0.242887,0.307649,True
688,1773664236.383679,1773664272.124043,200,217,71.466468,0.213407,0.329875,True
689,1773664236.383809,1773664241.135435,299,18,9.468748,0.350583,0.536363,True
690,1773664236.775222,1773664342.837429,1142,436,212.103602,0.467338,0.486520,True
691,1773664237.182774,1773664290.618988,1318,234,106.870919,0.713286,0.455612,True
692,1773664238.367175,1773664243.738083,323,18,10.737589,0.317537,0.612944,True
693,1773664238.620334,1773664340.082249,1023,416,202.903720,0.597221,0.487486,True
694,1773664238.821218,1773664384.637037,1039,593,291.615634,0.825955,0.491199,True
695,1773664239.192961,1773664340.335246,1024,414,202.282843,0.674840,0.488155,True
696,1773664240.001607,1773664276.735158,206,165,73.455541,0.248298,0.446386,True
697,1773664240.065339,1773664262.995534,371,97,45.850456,0.297399,0.474511,True
698,1773664240.372139,1773664252.368531,373,66,23.984884,0.342195,0.363734,True
699,1773664240.456543,1773664257.678459,385,73,34.436759,0.240402,0.474949,True
700,1773664240.611048,1773664277.910095,203,167,74.588001,0.210971,0.448054,True
701,1773664241.193626,1773664265.071153,398,132,47.738085,0.343333,0.361792,True
702,1773664241.348839,1773664297.803134,1241,421,112.892856,1.280583,0.265744,True
703,1773664241.388091,1773664327.414053,1050,374,172.030668,0.488586,0.459898,True
704,1773664241.932781,1773664262.305571,401,86,40.744362,0.334334,0.475412,True
705,1773664242.087197,1773664332.605479,1436,386,181.031312,0.724611,0.468329,True
706,1773664242.401335,1773664253.322481,389,65,21.840696,0.649514,0.331112,True
707,1773664242.775094,1773664249.872097,386,49,14.176162,0.804166,0.278583,True
708,1773664242.826416,1773664347.062601,1069,426,208.471203,0.544153,0.489240,True
709,1773664242.880746,1773664278.256279,212,217,70.733333,0.405972,0.325590,True
710,1773664242.929117,1773664328.452968,991,373,171.042100,0.756986,0.457756,True
711,1773664243.055596,1773664267.733213,181,112,49.353803,0.716489,0.438174,True
712,1773664243.766642,1773664275.855013,395,142,64.165115,0.336347,0.452686,True
713,1773664245.049210,1773664318.184493,1007,451,146.268811,0.813409,0.323234,True
714,1773664245.090249,1773664266.994130,395,91,43.803284,0.429386,0.481932,True
715,1773664245.912389,1773664249.579652,324,18,7.318813,0.233871,0.416761,True
716,1773664245.967965,1773664275.349685,200,167,58.752930,0.255142,0.352396,True
717,1773664246.004569,1773664265.743863,397,103,39.456500,0.396786,0.382938,True
718,1773664246.110089,1773664269.264660,452,101,46.287127,0.246078,0.460410,True
719,1773664246.312232,1773664265.033598,391,93,37.430980,0.482374,0.401615,True
720,1773664246.454218,1773664351.629395,1061,429,210.332546,0.540144,0.490169,True
721,1773664246.658256,1773664306.754866,1007,379,120.181192,0.915509,0.315518,True
722,1773664246.984975,1773664269.140773,398,99,44.309527,0.226356,0.449828,True
723,1773664247.014801,1773664300.629394,913,398,107.223204,0.936418,0.267725,True
724,1773664247.217752,1773664304.033302,999,412,113.619176,1.832666,0.271987,True
725,1773664247.303256,1773664264.235261,385,84,33.856506,0.623629,0.400396,True
726,1773664247.882274,1773664311.041996,1161,408,126.311357,0.886847,0.308168,True
727,1773664248.593770,1773664271.447866,396,113,45.702472,0.928131,0.399771,True
728,1773664249.294530,1773664292.632679,200,188,86.658296,0.184680,0.462426,True
729,1773664249.397425,1773664346.774789,1116,401,194.753495,0.549965,0.485509,True
730,1773664249.446259,1773664334.338368,1046,531,169.773309,0.731631,0.318947,True
731,1773664249.677185,1773664312.757725,1015,397,126.150244,1.318776,0.315231,True
732,1773664249.706839,1773664267.022027,396,95,34.616565,0.793477,0.359820,True
733,1773664249.842837,1773664295.929778,1320,201,92.164068,0.707935,0.457281,True
734,1773664249.848125,1773664303.422397,1040,396,107.125797,1.091014,0.268442,True
735,1773664249.889483,1773664277.270641,416,153,54.760899,1.516780,0.350290,True
736,1773664250.115677,1773664266.917176,384,61,33.601594,1.485854,0.535262,True
737,1773664250.794542,1773664351.672114,1288,418,201.741653,0.509914,0.482570,True
738,1773664250.932086,1773664287.964069,203,162,74.056199,0.622356,0.456111,True
739,1773664250.962689,1773664264.996449,400,82,28.058021,0.385154,0.341640,True
740,1773664251.225446,1773664300.589083,209,217,98.725891,0.371821,0.455343,True
741,1773664251.268061,1773664280.769530,402,134,58.981681,0.241197,0.441658,True
742,1773664251.322217,1773664275.205276,906,146,47.744374,0.946184,0.322746,True
743,1773664251.463784,1773664299.757560,1312,204,96.573755,0.667285,0.472446,True
744,1773664252.263492,1773664309.405773,1042,373,114.283261,0.864621,0.304889,True
745,1773664252.364512,1773664281.233867,128,205,57.730781,0.168151,0.282170,True
746,1773664252.931999,1773664314.228144,1067,398,122.580055,0.961169,0.306345,True
747,1773664253.053660,1773664348.187749,1170,398,190.250427,0.475857,0.478022,True
748,1773664253.660095,1773664313.312789,1129,396,119.293352,1.020597,0.299425,True
749,1773664254.502598,1773664286.238090,401,144,63.455621,0.304190,0.441618,True
750,1773664254.719231,1773664351.305168,1032,401,193.155775,0.562596,0.481483,True
751,1773664254.887816,1773664273.051268,407,122,36.313091,0.410885,0.296712,True
752,1773664254.969715,1773664309.114638,1102,425,108.273755,1.171558,0.252600,True
753,1773664255.269705,1773664352.211327,1088,407,193.877349,0.482116,0.476343,True
754,1773664255.625118,1773664272.011527,385,107,32.755013,0.409694,0.305145,True
755,1773664255.699127,1773664315.757780,967,398,120.101616,0.855080,0.300369,True
756,1773664255.841782,1773664267.960856,395,83,24.217645,0.927975,0.284020,True
757,1773664256.085966,1773664306.825107,1160,392,101.470371,1.275003,0.256254,True
758,1773664256.370244,1773664308.541663,1019,413,104.326734,2.104418,0.248112,True
759,1773664257.307708,1773664281.698869,181,172,48.768580,0.202453,0.284012,True
760,1773664257.526727,1773664263.463565,91,24,11.863867,0.386389,0.499021,True
761,1773664257.660080,1773664284.879339,409,125,54.422784,0.250106,0.436876,True
762,1773664257.692818,1773664265.370590,383,58,15.342243,0.339319,0.263209,True
763,1773664257.808970,1773664347.433745,1363,363,179.237591,0.739227,0.493089,True
764,1773664257.819614,1773664394.241261,1034,550,272.831685,0.490735,0.496067,True
765,1773664257.832525,1773664298.196263,200,174,80.720050,0.800594,0.461962,True
766,1773664258.884841,1773664306.150847,998,373,94.525954,1.079876,0.251199,True
767,1773664259.092516,1773664310.178775,203,217,102.169116,0.308456,0.471577,True
768,1773664259.540844,1773664320.758285,1317,268,122.418623,0.747576,0.455697,True
769,1773664259.612622,1773664307.952268,1001,399,96.661495,1.335030,0.239514,True
770,1773664259.813812,1773664296.793230,167,168,73.943101,0.641833,0.438930,True
771,1773664260.026341,1773664310.026679,1093,429,99.993029,1.568352,0.229964,True
772,1773664260.185291,1773664265.527066,373,27,10.666019,0.343544,0.397018,True
773,1773664260.748263,1773664290.838125,209,194,60.161761,0.265871,0.310341,True
774,1773664261.110513,1773664281.305393,1314,161,40.373839,2.304277,0.237935,True
775,1773664261.156794,1773664263.969167,91,16,5.617208,0.182001,0.362347,True
776,1773664261.562014,1773664311.061307,1072,446,98.982721,1.152461,0.219843,True
777,1773664261.997813,1773664272.147144,370,69,20.297127,2.935447,0.255319,True
778,1773664262.007160,1773664281.723161,379,88,39.427949,0.248632,0.450337,True
779,1773664262.047970,1773664279.458465,1129,136,34.815530,1.958921,0.243382,True
780,1773664262.136201,1773664281.764812,372,90,39.243796,0.360048,0.436896,True
781,1773664262.407875,1773664317.516838,1297,368,110.206085,0.863291,0.297937,True
782,1773664262.421626,1773664309.441148,1012,420,94.033588,2.509816,0.218434,True
783,1773664262.424574,1773664272.995334,377,53,21.121828,0.257888,0.401230,True
784,1773664262.740594,1773664308.880459,1191,411,92.274084,2.788440,0.218258,True
785,1773664264.096115,1773664285.879294,393,101,43.560812,0.236522,0.433243,True
786,1773664264.391427,1773664361.443875,1208,413,194.087491,0.573059,0.469695,True
787,1773664264.974912,1773664271.707474,379,62,13.451437,1.003910,0.204058,True
788,1773664266.148705,1773664275.944368,394,70,19.576365,0.434366,0.277420,True
789,1773664266.213178,1773664278.584670,425,96,24.731446,0.484453,0.255232,True
790,1773664266.438824,1773664269.140785,313,18,5.382230,0.431717,0.291207,True
791,1773664266.487227,1773664314.232302,134,202,95.482576,0.195384,0.474066,True
792,1773664266.590207,1773664331.741223,181,418,130.292447,0.349017,0.311615,True
793,1773664267.566684,1773664368.952678,1027,405,202.764429,0.493092,0.500672,True
794,1773664267.807118,1773664373.831059,1035,431,212.038730,0.742410,0.491387,True
795,1773664267.986255,1773664289.517665,391,93,43.053454,0.279807,0.464931,True
796,1773664268.282405,1773664285.884887,395,118,35.203564,0.404582,0.297427,True
797,1773664269.458122,1773664283.804369,371,58,28.682765,0.285481,0.498198,True
798,1773664270.029426,1773664311.330588,1098,396,82.585215,1.145971,0.206175,True
799,1773664270.181052,1773664332.120232,1296,398,123.872642,0.932700,0.309672,True
800,1773664270.326357,1773664295.166247,124,159,49.674189,1.190122,0.306861,True
801,1773664270.590366,1773664285.918906,394,104,30.641663,0.869683,0.289048,True
802,1773664270.728002,1773664368.995380,1230,399,196.524758,0.718851,0.491975,True
803,1773664271.411134,1773664288.945605,380,74,35.046973,0.282312,0.476228,True
804,1773664271.715677,1773664275.568640,91,16,7.690133,0.264906,0.495015,True
805,1773664272.842519,1773664371.091344,1298,402,196.476384,0.517726,0.488675,True
806,1773664273.153375,1773664376.566155,1101,405,206.819755,0.755816,0.510059,True
807,1773664273.466986,1773664322.808028,998,518,98.676112,1.112201,0.188712,True
808,1773664273.721380,1773664285.916420,378,52,24.372804,0.369086,0.470661,True
809,1773664273.736179,1773664370.462063,1033,394,193.442034,0.626204,0.490626,True
810,1773664273.920760,1773664295.148548,395,90,42.441582,0.597992,0.470153,True
811,1773664275.432400,1773664315.754191,1120,415,80.629503,1.167685,0.191937,True
812,1773664275.591592,1773664299.963407,420,104,48.737404,0.338178,0.469895,True
813,1773664276.027458,1773664376.566276,1138,396,201.055614,0.442858,0.507880,True
814,1773664276.726310,1773664283.958143,406,89,14.449845,0.461786,0.158955,True
815,1773664276.905493,1773664312.717570,1314,152,71.614681,0.661933,0.469886,True
816,1773664277.756357,1773664390.808711,1057,445,226.098654,0.557483,0.507976,True
817,1773664279.119292,1773664380.677414,1074,403,203.094628,0.434980,0.504128,True
818,1773664279.388386,1773664347.483614,1133,432,136.188706,2.205450,0.310866,True
819,1773664279.422049,1773664349.749760,1110,451,140.634764,2.162380,0.307716,True
820,1773664279.427258,1773664298.508273,1005,111,38.130444,2.151591,0.327080,True
821,1773664279.429436,1773664305.303082,853,106,51.698176,0.598308,0.486665,True
822,1773664279.882785,1773664344.095976,1198,396,128.418451,2.627559,0.318458,True
823,1773664279.989555,1773664292.095689,372,61,24.210783,1.953840,0.370949,True
824,1773664281.415781,1773664291.542171,381,91,20.237055,0.496379,0.219341,True
825,1773664281.689505,1773664383.664496,1112,404,203.938727,0.528937,0.504739,True
826,1773664281.932140,1773664299.963287,956,75,36.044429,0.942913,0.474345,True
827,1773664281.952265,1773664306.342647,431,99,48.760197,0.921392,0.488151,True
828,1773664282.520827,1773664345.601592,957,414,126.159960,0.674399,0.303839,True
829,1773664282.679236,1773664303.522876,400,85,41.665565,0.441607,0.490761,True
830,1773664283.659990,1773664306.803637,394,93,46.279940,0.255489,0.500266,True
831,1773664284.857313,1773664402.195816,1216,456,234.662891,0.509983,0.514622,True
832,1773664284.966038,1773664291.356117,1398,44,12.774316,1.459857,0.263127,True
833,1773664285.358767,1773664312.791701,218,179,54.860316,0.281329,0.306624,True
834,1773664285.535077,1773664295.226458,391,93,19.371047,1.305876,0.196361,True
835,1773664285.736527,1773664306.168998,383,83,40.863820,0.255071,0.495229,True
836,1773664285.897105,1773664320.961931,22,147,70.116098,0.203682,0.478852,True
837,1773664286.449499,1773664388.369436,1247,398,203.832448,0.620134,0.511870,True
838,1773664286.527268,1773664319.148321,1318,139,65.222586,0.674459,0.467740,True
839,1773664286.757210,1773664335.772038,203,193,98.014283,0.699862,0.506846,True
840,1773664287.061391,1773664350.080124,1135,410,126.024580,0.855800,0.306036,True
841,1773664287.262825,1773664322.917449,1009,393,71.307572,1.002970,0.179348,True
842,1773664287.302972,1773664350.044531,1249,413,125.479159,1.811187,0.300165,True
843,1773664287.641635,1773664295.868140,391,94,16.447378,1.071803,0.165329,True
844,1773664287.683699,1773664311.111771,163,158,46.852642,0.425903,0.295712,True
845,1773664287.890486,1773664298.711119,404,71,21.635802,1.222763,0.291615,True
846,1773664288.248465,1773664312.102344,871,103,47.693597,0.398849,0.463674,True
847,1773664289.126245,1773664349.412666,978,401,120.560821,0.691444,0.299673,True
848,1773664289.621789,1773664297.301869,372,28,15.358871,0.337847,0.556334,True
849,1773664290.019746,1773664299.057079,372,67,18.053008,0.382351,0.267737,True
850,1773664290.475987,1773664395.986389,1165,411,211.014987,0.481119,0.513497,True
851,1773664290.554845,1773664385.741509,1262,373,190.358999,0.789550,0.509595,True
852,1773664290.876556,1773664398.223568,1216,421,214.675864,0.966904,0.508831,True
853,1773664290.958824,1773664294.286592,237,14,6.654031,0.477198,0.475141,True
854,1773664291.010767,1773664292.854255,91,24,3.683348,0.153870,0.153456,True
855,1773664291.018185,1773664390.645347,1196,385,199.244749,0.950613,0.516391,True
856,1773664291.364996,1773664396.776437,1116,411,210.815548,0.846297,0.512120,True
857,1773664291.788360,1773664400.179280,1102,427,216.760650,0.537055,0.507567,True
858,1773664292.112083,1773664303.485853,414,84,22.746021,0.439636,0.268752,True
859,1773664292.808457,1773664310.222851,392,74,34.821207,0.350120,0.472207,True
860,1773664293.224338,1773664299.490449,386,57,12.510314,0.453250,0.215305,True
861,1773664294.060354,1773664401.934140,1111,415,215.743924,0.543785,0.519807,True
862,1773664294.167323,1773664352.123643,997,393,115.890759,0.740849,0.293750,True
863,1773664294.185423,1773664394.897457,987,393,201.416069,0.871969,0.511592,True
864,1773664295.327709,1773664339.955889,203,167,89.241580,0.302477,0.535778,True
865,1773664295.791209,1773664351.425445,209,217,111.266794,0.177659,0.514302,True
866,1773664295.873240,1773664308.057202,908,90,24.364103,0.957624,0.262994,True
867,1773664296.317861,1773664326.403677,404,126,60.159457,0.341057,0.478547,True
868,1773664296.604338,1773664417.203329,1296,448,241.176023,0.595374,0.538212,True
869,1773664297.227352,1773664316.538252,396,87,38.597686,0.298361,0.445341,True
870,1773664297.492905,1773664357.700412,1035,411,120.413351,0.768019,0.291818,True
871,1773664297.627398,1773664319.742148,416,99,44.221529,0.235158,0.448841,True
872,1773664297.856615,1773664349.642307,167,205,103.559914,0.208802,0.506623,True
873,1773664298.086127,1773664332.404987,907,429,68.629687,0.923344,0.158192,True
874,1773664298.148110,1773664322.180442,429,108,48.057450,0.244942,0.446846,True
875,1773664298.229863,1773664321.124181,1361,98,45.781310,0.579927,0.465994,True
876,1773664298.285786,1773664314.720474,130,173,32.868148,0.914680,0.185776,True
877,1773664298.374795,1773664332.815857,203,217,68.872425,0.295779,0.317484,True
878,1773664298.503631,1773664350.562883,126,203,104.116966,0.509175,0.512910,True
879,1773664298.534757,1773664321.856346,1082,105,46.642068,0.785621,0.440927,True
880,1773664298.854211,1773664310.997636,397,54,24.267815,0.561715,0.447285,True
881,1773664299.985995,1773664316.046437,383,72,32.117166,0.348407,0.447447,True
882,1773664300.121360,1773664313.767127,416,144,27.285841,0.466079,0.187551,True
883,1773664300.416391,1773664406.956083,1072,411,213.060125,0.488958,0.518466,True
884,1773664300.462602,1773664326.403455,380,112,51.870608,0.603424,0.461867,True
885,1773664300.717283,1773664334.844265,1161,440,68.252322,1.259600,0.152603,True
886,1773664300.739000,1773664355.454719,197,217,109.410044,0.448451,0.504452,True
887,1773664301.018453,1773664314.354294,368,62,26.650284,0.367930,0.430858,True
888,1773664301.064594,1773664331.828429,1101,402,61.515588,2.057606,0.148274,True
889,1773664301.066783,1773664321.833781,405,142,41.503556,0.424821,0.291339,True
890,1773664301.147916,1773664312.517142,181,119,22.724869,2.082927,0.174932,True
891,1773664301.290845,1773664314.111322,910,60,25.639140,0.561660,0.425042,True
892,1773664302.350349,1773664403.969115,994,396,203.227015,0.502022,0.513228,True
893,1773664302.472312,1773664373.863610,1201,497,142.766712,0.865937,0.286090,True
894,1773664303.645570,1773664324.342194,400,95,41.371745,0.271144,0.437240,True
895,1773664303.731307,1773664326.483961,404,101,45.487772,0.355184,0.451326,True
896,1773664304.095908,1773664401.889686,1001,371,195.569579,0.480218,0.527269,True
897,1773664304.156078,1773664334.125969,1004,412,59.918249,1.119023,0.143064,True
898,1773664304.313103,1773664359.638317,1118,385,110.628633,0.852873,0.285874,True
899,1773664304.613946,1773664326.523706,391,98,43.806109,0.308800,0.448426,True
900,1773664304.788724,1773664316.553396,374,70,23.511750,0.692201,0.330718,True
901,1773664305.121524,1773664340.167539,395,132,70.086562,0.258037,0.533042,True
902,1773664305.281843,1773664344.189711,1318,151,77.797537,0.631909,0.514438,True
903,1773664305.944862,1773664338.851790,373,126,65.803997,0.262805,0.524330,True
904,1773664306.007524,1773664340.921849,167,217,69.816789,0.252977,0.322055,True
905,1773664307.090300,1773664327.739771,404,96,41.291871,0.279000,0.431714,True
906,1773664307.801202,1773664321.390904,399,91,27.167670,0.416214,0.297238,True
907,1773664308.103175,1773664311.489546,309,18,6.750909,0.228181,0.383690,True
908,1773664308.347852,1773664322.370774,914,100,28.036200,0.665879,0.276468,True
909,1773664308.965430,1773664333.790234,398,99,49.630408,0.660477,0.499693,True
910,1773664308.975440,1773664422.178242,923,416,226.385041,0.649874,0.543940,True
911,1773664309.338691,1773664321.834100,392,91,24.982151,0.372645,0.273439,True
912,1773664310.673863,1773664355.369587,206,171,89.383272,0.194957,0.524637,True
913,1773664311.111186,1773664369.661142,1231,416,117.086606,0.857213,0.280071,True
914,1773664311.114871,1773664368.504591,1181,415,114.753015,1.384557,0.273837,True
915,1773664311.515368,1773664321.528169,374,73,20.010105,1.196548,0.261299,True
916,1773664311.760964,1773664320.849969,396,120,18.176605,0.486931,0.148653,True
917,1773664311.893197,1773664366.037500,181,209,108.282993,0.244823,0.519414,True
918,1773664313.027684,1773664337.986448,1658,82,49.907808,0.707047,0.607417,True
919,1773664313.028911,1773664355.120304,165,158,84.153969,0.199496,0.534742,True
920,1773664313.443223,1773664337.179446,405,133,47.464837,0.397358,0.356572,True
921,1773664314.283331,1773664369.821476,1205,409,111.060477,0.904846,0.269989,True
922,1773664314.532004,1773664426.200117,1120,397,223.322755,0.507626,0.562664,True
923,1773664314.913408,1773664326.281747,367,49,22.735247,0.317458,0.467037,True
924,1773664315.254143,1773664330.409864,405,96,30.303591,0.392919,0.314849,True
925,1773664316.097333,1773664339.827839,442,78,47.440240,0.345591,0.611619,True
926,1773664317.071593,1773664429.415143,1009,399,224.672872,0.511347,0.563220,True
927,1773664317.517022,1773664334.197870,375,94,33.358089,0.388102,0.354516,True
928,1773664317.987720,1773664429.739399,1009,399,223.480540,0.444161,0.560393,True
929,1773664318.115108,1773664330.104519,1313,162,23.958103,1.577827,0.139008,True
930,1773664318.212312,1773664441.507851,1133,432,246.577352,0.760025,0.570342,True
931,1773664318.529438,1773664325.074103,385,77,13.067775,1.561374,0.151400,True
932,1773664318.674219,1773664431.872782,1296,405,226.390992,0.936717,0.558055,True
933,1773664319.220998,1773664441.926357,1199,440,245.399089,1.056649,0.556589,True
934,1773664319.239836,1773664366.955738,1321,180,95.416121,0.916198,0.527933,True
935,1773664320.289195,1773664345.565693,437,92,50.534444,0.236174,0.552728,True
936,1773664320.358010,1773664343.508159,440,84,46.294579,0.227515,0.555025,True
937,1773664322.049193,1773664342.297190,381,67,40.480199,0.234779,0.609779,True
938,1773664322.226634,1773664329.001766,420,103,13.534749,0.489447,0.127895,True
939,1773664322.706042,1773664387.465204,1060,449,129.502525,0.796386,0.287290,True
940,1773664323.108232,1773664428.808295,1199,373,211.398709,0.535807,0.566836,True
941,1773664323.144502,1773664329.353992,390,99,12.405344,0.447371,0.122020,True
942,1773664323.922909,1773664382.069524,203,217,116.287900,0.209398,0.537400,True
943,1773664324.069321,1773664406.945155,999,575,165.745534,0.744532,0.287458,True
944,1773664324.458393,1773664458.212799,1231,463,267.488182,0.625778,0.577624,True
945,1773664325.054975,1773664442.249369,1165,409,234.372355,0.539478,0.573120,True
946,1773664325.256822,1773664437.267917,987,393,224.007601,0.724823,0.569599,True
947,1773664325.317224,1773664352.211336,414,101,53.770891,0.822938,0.529480,True
948,1773664325.472299,1773664354.455026,396,102,57.945959,0.561021,0.568168,True
949,1773664325.544347,1773664346.555617,1865,122,42.021075,1.298168,0.336553,True
950,1773664325.547987,1773664330.476305,390,83,9.841361,0.468192,0.114307,True
951,1773664325.552172,1773664387.397508,1083,429,123.661016,1.848943,0.284608,True
952,1773664325.661235,1773664346.352798,373,69,41.381829,0.533415,0.600712,True
953,1773664327.081461,1773664343.106326,401,89,32.048234,0.731329,0.355874,True
954,1773664327.211242,1773664378.502703,203,183,102.572218,0.316100,0.561847,True
955,1773664327.645882,1773664435.422707,1233,377,215.535245,0.546769,0.571778,True
956,1773664328.311529,1773664451.482443,1133,429,246.326229,0.463956,0.574445,True
957,1773664328.588260,1773664383.802023,1199,396,110.421843,0.826480,0.277457,True
958,1773664328.732475,1773664344.936920,1226,95,32.403096,1.566650,0.328047,True
959,1773664328.881140,1773664442.432795,1031,397,227.102029,0.432317,0.572398,True
960,1773664329.328764,1773664381.243475,206,189,103.813889,0.267158,0.550780,True
961,1773664329.365213,1773664481.596160,980,516,304.456281,0.528525,0.590151,True
962,1773664329.380560,1773664375.991115,167,179,93.203748,0.174502,0.522636,True
963,1773664329.582892,1773664361.866295,405,128,64.559139,0.470049,0.504639,True
964,1773664329.600516,1773664340.425356,376,62,21.634812,1.074891,0.337048,True
965,1773664329.751987,1773664374.945984,1313,169,90.367458,0.910065,0.532484,True
966,1773664329.757399,1773664394.679322,1320,239,129.811462,0.633822,0.542763,True
967,1773664329.894610,1773664356.243371,1052,101,52.691583,0.621261,0.520703,True
968,1773664330.473516,1773664431.536347,1060,658,202.112197,0.976804,0.306142,True
969,1773664330.577320,1773664442.616428,1049,395,224.066259,0.550449,0.567299,True
970,1773664330.808277,1773664338.672797,408,104,15.721384,0.459392,0.148175,True
971,1773664331.056195,1773664338.724165,91,16,15.334205,0.362244,0.998131,True
972,1773664331.313788,1773664394.330365,1313,234,126.030838,0.621176,0.538239,True
973,1773664331.730581,1773664354.916750,206,186,46.354482,0.308260,0.248898,True
974,1773664331.776974,1773664343.554963,128,159,23.546387,0.173418,0.147930,True
975,1773664332.527804,1773664438.385865,1150,375,211.701739,1.043993,0.563256,True
976,1773664332.542648,1773664452.367339,1196,425,239.643969,1.033364,0.562761,True
977,1773664332.692792,1773664347.175795,406,102,28.964233,0.619436,0.280642,True
978,1773664332.700854,1773664346.139369,388,92,26.869472,0.608301,0.288584,True
979,1773664332.806428,1773664369.180447,980,396,72.740199,0.999639,0.181622,True
980,1773664333.069563,1773664353.316050,173,158,40.481129,0.495591,0.254685,True
981,1773664333.110810,1773664356.860923,407,91,47.488797,1.410118,0.511985,True
982,1773664333.185411,1773664447.338582,963,407,228.300555,1.447196,0.558752,True
983,1773664333.238332,1773664348.516533,1808,56,30.555430,1.287691,0.532141,True
984,1773664333.742222,1773664342.928375,379,59,18.370804,0.347504,0.310747,True
985,1773664333.886915,1773664357.978505,413,96,48.175343,1.461669,0.491723,True
986,1773664334.060428,1773664454.545424,1146,425,240.956468,1.285250,0.565262,True
987,1773664334.581078,1773664444.823042,1060,397,220.466789,0.456776,0.555581,True
988,1773664334.605396,1773664391.005022,191,217,112.789255,0.475536,0.519971,True
989,1773664334.961282,1773664357.526091,394,93,45.121562,0.716461,0.482664,True
990,1773664335.122797,1773664391.087613,1204,412,111.907861,0.856039,0.270199,True
991,1773664335.174356,1773664393.369707,197,217,116.389262,0.506579,0.536494,True
992,1773664335.425333,1773664441.741786,1207,386,212.611361,0.765065,0.550250,True
993,1773664335.579365,1773664346.416241,23,149,21.665862,0.106363,0.145672,True
994,1773664335.586852,1773664348.494205,396,95,25.800838,1.188107,0.261838,True
995,1773664335.682215,1773664452.228273,923,418,233.084039,0.710436,0.557251,True
996,1773664335.809492,1773664357.608998,396,96,43.597126,1.186488,0.446428,True
997,1773664335.809593,1773664391.019909,923,417,110.397341,0.838320,0.263363,True
998,1773664335.844286,1773664451.482175,1262,415,231.259760,0.853162,0.556538,True
999,1773664335.886049,1773664455.082742,1102,427,238.376158,1.101986,0.556982,True
1000,1773664336.133502,1773664347.176017,371,85,22.062762,0.962965,0.251188,True
1001,1773664336.827924,1773664440.146659,1186,371,206.618650,0.717438,0.556490,True
1002,1773664337.050979,1773664350.306492,181,111,26.501352,0.315251,0.238055,True
1003,1773664337.054195,1773664376.047100,1008,373,77.961490,1.113891,0.206580,True
1004,1773664337.070964,1773664446.657008,1225,401,219.159467,0.863881,0.545739,True
1005,1773664337.278564,1773664457.975766,1181,426,241.376313,0.894935,0.565839,True
1006,1773664337.455441,1773664378.417632,1311,169,81.911086,0.874856,0.482359,True
1007,1773664338.077336,1773664383.751254,200,179,91.335075,0.508935,0.510259,True
1008,1773664339.829572,1773664380.130383,1060,397,80.589733,1.113153,0.200698,True
1009,1773664340.427568,1773664346.940698,763,30,13.004930,0.374724,0.435524,True
1010,1773664341.036641,1773664361.421082,1353,181,40.763189,1.000315,0.220905,True
1011,1773664342.134799,1773664462.055755,1035,411,239.833786,0.524655,0.583681,True
1012,1773664342.990744,1773664351.150599,394,110,16.311164,0.453521,0.145483,True
1013,1773664343.506605,1773664365.599575,126,203,44.169070,0.164898,0.217842,True
1014,1773664343.526136,1773664473.095464,1264,440,259.118248,0.606273,0.588866,True
1015,1773664344.020483,1773664345.380238,91,16,2.708125,0.153381,0.170316,True
1016,1773664344.157386,1773664348.642491,382,53,8.958664,0.421273,0.164181,True
1017,1773664344.204978,1773664365.060009,395,88,41.708937,0.351760,0.475370,True
1018,1773664344.851688,1773664459.457126,1004,396,229.194331,0.573733,0.578786,True
1019,1773664345.063395,1773664637.220978,181,1000,584.296928,0.445552,0.584436,True
1020,1773664345.455407,1773664463.117587,1031,397,235.303753,0.416286,0.593150,True
1021,1773664345.637538,1773664354.664752,416,86,18.042923,0.353518,0.208111,True
1022,1773664346.343834,1773664368.300830,171,198,43.894406,0.219673,0.221699,True
1023,1773664346.912985,1773664363.133957,383,76,32.426360,0.217044,0.429458,True
1024,1773664347.100651,1773664399.939141,1133,463,105.659737,1.182912,0.226140,True
1025,1773664347.728251,1773664358.294774,419,93,21.111290,0.375245,0.225392,True
1026,1773664347.892823,1773664465.727297,1083,397,235.666409,0.575741,0.593663,True
1027,1773664348.364625,1773664466.161562,1146,394,235.587898,0.601512,0.597930,True
1028,1773664348.772254,1773664370.418779,385,88,43.287498,0.406280,0.492888,True
1029,1773664349.808320,1773664474.374853,1264,418,249.110114,0.653071,0.595820,True
1030,1773664350.223911,1773664375.694301,402,103,50.929197,0.447682,0.494917,True
1031,1773664350.743500,1773664388.108595,415,142,74.712561,0.213214,0.528364,True
1032,1773664351.144110,1773664366.487485,386,66,30.674940,0.351330,0.466517,True
1033,1773664351.875054,1773664369.274899,1312,134,34.798308,1.281645,0.252005,True
1034,1773664351.987476,1773664471.619155,1009,399,239.253816,0.545634,0.599769,True
1035,1773664351.995735,1773664396.515421,1196,373,89.025437,2.383168,0.232909,True
1036,1773664352.047277,1773664469.008578,1007,395,233.904875,0.590628,0.592168,True
1037,1773664352.447284,1773664469.651232,1024,393,234.386034,0.642625,0.596284,True
1038,1773664353.278826,1773664407.327045,923,468,108.094575,2.030307,0.227118,True
1039,1773664353.497996,1773664623.277385,1318,918,539.537585,0.690987,0.587619,True
1040,1773664354.767721,1773664381.286241,432,95,53.035308,0.219386,0.561872,True
1041,1773664355.284832,1773664423.704270,1010,429,136.829108,0.777363,0.317878,True
1042,1773664355.814401,1773664364.050098,371,78,16.463505,0.598129,0.206044,True
1043,1773664356.039269,1773664380.894056,403,91,49.687348,0.267242,0.549112,True
1044,1773664356.691097,1773664367.697816,389,94,21.994668,0.351359,0.232724,True
1045,1773664357.077539,1773664410.874769,1072,468,107.570948,1.358630,0.227435,True
1046,1773664357.689323,1773664373.416576,391,116,31.440770,1.544122,0.259971,True
1047,1773664357.830529,1773664372.651236,396,105,29.619561,1.189049,0.273370,True
1048,1773664359.085812,1773664379.000582,209,179,39.819985,0.390474,0.221514,True
1049,1773664359.508583,1773664404.327965,1136,401,89.619603,1.225353,0.220986,True
1050,1773664360.500356,1773664415.065479,206,183,109.122215,0.316682,0.597833,True
1051,1773664360.535671,1773664384.362833,203,162,47.632593,0.249572,0.294304,True
1052,1773664360.989437,1773664406.504978,1025,414,91.022937,1.113891,0.217697,True
1053,1773664361.427314,1773664373.531096,944,40,24.202102,0.389462,0.610581,True
1054,1773664361.606706,1773664554.661820,1227,625,386.106571,0.800817,0.617477,True
1055,1773664362.060461,1773664401.218642,1211,368,78.310521,1.278900,0.209895,True
1056,1773664362.146576,1773664479.404268,1186,377,234.493388,0.927598,0.621186,True
1057,1773664362.248882,1773664400.443002,408,129,76.386398,0.835451,0.590242,True
1058,1773664362.804848,1773664478.534306,1139,373,231.438554,0.858325,0.619839,True
1059,1773664363.115292,1773664400.658931,419,130,75.070071,0.892003,0.575024,True
1060,1773664363.185556,1773664500.082741,1199,441,273.772417,0.819308,0.620348,True
1061,1773664363.447666,1773664412.334035,30,164,97.756763,0.958670,0.593853,True
1062,1773664363.603599,1773664479.007547,1008,373,230.792391,0.727128,0.618455,True
1063,1773664363.792905,1773664482.455060,1150,387,237.313399,0.888198,0.612501,True
1064,1773664364.048673,1773664487.375189,1009,399,246.640775,0.873668,0.617505,True
1065,1773664364.667870,1773664525.576635,1231,526,321.809241,0.757780,0.611527,True
1066,1773664365.009555,1773664439.439591,1027,414,148.843781,0.695897,0.358712,True
1067,1773664365.166378,1773664419.068246,203,181,107.792008,0.517395,0.595970,True
1068,1773664365.338518,1773664383.295690,388,103,35.892649,0.708853,0.344939,True
1069,1773664365.961170,1773664433.670426,1231,394,135.410141,1.212795,0.341469,True
1070,1773664365.968334,1773664502.146671,1029,438,272.344358,0.462976,0.622154,True
1071,1773664366.074610,1773664432.848279,1009,385,133.535883,0.784291,0.345707,True
1072,1773664367.479411,1773664488.942975,1205,391,242.925245,0.720834,0.621037,True
1073,1773664368.149629,1773664395.723206,393,99,55.129293,0.288277,0.559602,True
1074,1773664368.190099,1773664384.332187,369,52,32.263093,0.404326,0.624682,True
1075,1773664368.531141,1773664436.706806,1010,393,136.339301,0.662178,0.346115,True
1076,1773664368.977305,1773664490.447268,1049,395,242.923702,0.587728,0.615066,True
1077,1773664369.071392,1773664391.274017,387,73,44.388282,0.240478,0.613164,True
1078,1773664369.428001,1773664412.807190,1010,397,86.740528,1.110584,0.216237,True
1079,1773664369.746062,1773664506.637152,912,442,273.771007,0.449516,0.619777,True
1080,1773664370.220822,1773664412.709154,981,393,84.963239,1.941175,0.211791,True
1081,1773664370.416887,1773664492.781691,1083,397,244.715625,0.445229,0.616844,True
1082,1773664370.444626,1773664377.247268,1076,51,13.583578,1.184043,0.247991,True
1083,1773664370.518565,1773664463.952478,1195,507,186.849822,0.843210,0.367602,True
1084,1773664370.922014,1773664500.445551,1007,415,259.041181,0.483211,0.624536,True
1085,1773664371.028656,1773664437.408557,167,217,132.738079,0.451493,0.612438,True
1086,1773664371.453808,1773664377.799523,379,60,12.679730,1.121626,0.195900,True
1087,1773664371.623580,1773664446.972317,1230,414,150.691530,0.897198,0.362698,True
1088,1773664371.883516,1773664386.811076,1596,52,29.850445,0.665554,0.572253,True
1089,1773664372.182391,1773664465.079654,1195,507,185.772662,1.206066,0.364756,True
1090,1773664372.272439,1773664386.084354,1201,45,27.617818,0.863167,0.608060,True
1091,1773664373.658738,1773664399.873461,931,92,52.414274,0.415714,0.571413,True
1092,1773664373.749415,1773664501.999680,1264,416,256.494921,0.660697,0.616468,True
1093,1773664373.751727,1773664415.606861,1351,145,83.688295,1.046124,0.573904,True
1094,1773664373.971470,1773664387.329421,386,86,26.712343,0.394835,0.309618,True
1095,1773664374.684989,1773664414.661190,1227,392,79.938417,1.285069,0.201159,True
1096,1773664374.715085,1773664498.209993,1009,399,246.973639,0.578499,0.619083,True
1097,1773664375.163649,1773664443.949104,1007,385,137.558921,0.774034,0.356211,True
1098,1773664375.555102,1773664442.768221,1231,373,134.410435,1.283075,0.357869,True
1099,1773664375.675103,1773664430.765050,130,185,110.177418,0.180819,0.597808,True
1100,1773664375.911373,1773664396.333706,391,76,40.838785,0.426044,0.538837,True
1101,1773664375.911495,1773664399.873585,380,86,47.896482,0.415156,0.558604,True
1102,1773664376.214507,1773664405.951339,407,106,59.466077,0.464325,0.561921,True
1103,1773664376.378527,1773664443.417826,1136,377,134.066609,1.319930,0.353050,True
1104,1773664376.471326,1773664394.504047,956,65,36.053040,0.528231,0.555075,True
1105,1773664376.666823,1773664500.240059,1262,395,247.144508,0.739488,0.625393,True
1106,1773664376.698376,1773664413.127634,181,357,72.856939,0.216276,0.204047,True
1107,1773664376.759056,1773664379.289825,91,16,5.055944,0.253859,0.320139,True
1108,1773664376.830966,1773664500.649051,1086,397,247.630186,0.993562,0.622820,True
1109,1773664377.435363,1773664508.636334,1112,432,262.380990,0.620796,0.607332,True
1110,1773664378.026356,1773664407.185476,200,211,58.302549,0.209763,0.276632,True
1111,1773664378.366695,1773664500.549486,1120,397,244.359212,0.490076,0.615831,True
1112,1773664378.685609,1773664498.355486,1082,385,239.328225,0.754827,0.621285,True
1113,1773664379.181978,1773664501.748136,1156,396,245.130780,0.729537,0.618737,True
1114,1773664379.517489,1773664505.582646,1060,411,252.113270,0.709776,0.613179,True
1115,1773664379.691611,1773664509.797480,1139,428,260.201145,0.753554,0.607606,True
1116,1773664380.682657,1773664442.524166,206,211,123.680931,0.332141,0.587375,True
1117,1773664382.043913,1773664457.824449,1009,394,151.557086,0.771248,0.383679,True
1118,1773664382.099139,1773664393.607907,375,77,22.996247,0.810046,0.291924,True
1119,1773664382.188830,1773664430.395345,1314,161,96.403222,0.601232,0.598762,True
1120,1773664382.491237,1773664396.584553,435,103,28.180377,0.520864,0.271172,True
1121,1773664382.491380,1773664428.246989,409,149,91.483030,0.630490,0.613869,True
1122,1773664383.568766,1773664438.124132,1211,408,109.097237,1.447413,0.264496,True
1123,1773664383.595106,1773664500.649037,1035,375,234.105836,0.555099,0.624467,True
1124,1773664383.822395,1773664466.417856,1227,656,165.189116,2.953199,0.247688,True
1125,1773664384.618445,1773664515.563148,1203,421,261.879785,0.520139,0.622285,True
1126,1773664384.756468,1773664439.625818,1024,429,109.730807,1.352328,0.253221,True
1127,1773664384.832678,1773664445.523636,171,205,121.380246,0.607191,0.592025,True
1128,1773664384.832796,1773664437.597233,200,174,105.505965,0.557171,0.606640,True
1129,1773664385.354757,1773664462.063675,923,404,153.415930,0.642728,0.379090,True
1130,1773664385.377728,1773664439.171539,20,182,107.569018,0.260705,0.592864,True
1131,1773664386.008970,1773664406.124919,383,75,40.220502,0.656031,0.534655,True
1132,1773664386.057564,1773664551.546752,1156,536,330.958153,0.603281,0.617486,True
1133,1773664386.317650,1773664467.521338,1060,429,162.405730,0.805633,0.377570,True
1134,1773664386.766130,1773664442.295614,181,190,111.054940,0.208168,0.586491,True
1135,1773664386.793202,1773664514.318589,1030,411,255.038579,0.498462,0.620830,True
1136,1773664386.797395,1773664508.595827,1009,397,243.571218,0.695101,0.613324,True
1137,1773664387.517698,1773664516.666179,980,425,258.295306,0.451980,0.608121,True
1138,1773664388.157964,1773664514.427830,1204,411,252.522649,0.581183,0.614491,True
1139,1773664388.347157,1773664402.402372,402,97,28.088709,0.360650,0.288834,True
1140,1773664389.138112,1773664504.326469,1199,373,230.375487,0.509397,0.617920,True
1141,1773664389.338368,1773664469.815724,998,415,160.942595,0.797416,0.386824,True
1142,1773664389.704992,1773664411.998399,415,131,44.581144,0.830881,0.336540,True
1143,1773664389.738667,1773664443.598855,1156,390,107.697531,1.217728,0.273727,True
1144,1773664389.797910,1773664394.459472,311,18,9.313574,0.250808,0.533104,True
1145,1773664389.853639,1773664445.337524,1264,395,110.966462,2.391059,0.275572,True
1146,1773664389.961537,1773664503.728381,1207,368,227.520025,0.492625,0.618603,True
1147,1773664390.248637,1773664411.702699,373,75,42.906423,0.513572,0.572876,True
1148,1773664390.627526,1773664430.765173,436,136,80.272688,0.240358,0.592832,True
1149,1773664391.530335,1773664524.365455,1025,428,265.660612,0.624238,0.620694,True
1150,1773664391.991882,1773664440.614195,439,161,97.229139,0.373418,0.605348,True
1151,1773664392.059321,1773664514.798010,963,393,245.472103,0.568844,0.624753,True
1152,1773664392.459929,1773664399.141829,1130,45,13.362216,0.843161,0.284524,True
1153,1773664392.588538,1773664447.992367,1139,425,110.793496,1.165719,0.258556,True
1154,1773664393.014726,1773664406.647784,383,56,27.260532,0.259576,0.490926,True
1155,1773664393.626403,1773664516.763714,912,395,246.258774,0.468005,0.623834,True
1156,1773664394.248755,1773664430.028339,206,179,71.541101,0.252592,0.400497,True
1157,1773664394.591236,1773664488.789230,1179,498,188.392334,0.889923,0.377268,True
1158,1773664396.247647,1773664397.596526,120,12,2.694155,0.227436,0.224247,True
1159,1773664396.363185,1773664402.994588,311,18,13.261094,0.234474,0.766272,True
1160,1773664396.794786,1773664407.227357,1989,88,20.847207,2.041128,0.216162,True
1161,1773664397.059262,1773664520.536201,1086,390,246.946095,0.466189,0.633624,True
1162,1773664397.564177,1773664521.170668,1219,388,247.205046,0.517208,0.637436,True
1163,1773664397.698986,1773664422.630907,392,122,49.854212,0.416439,0.408577,True
1164,1773664398.019328,1773664452.504337,1313,176,108.961689,0.660141,0.618866,True
1165,1773664398.588264,1773664532.254800,1146,418,267.327298,0.632232,0.639557,True
1166,1773664399.092229,1773664526.783892,1036,403,255.368696,0.680497,0.633553,True
1167,1773664399.685390,1773664478.903705,1024,407,158.422373,0.874127,0.388050,True
1168,1773664400.413598,1773664525.424507,1216,392,250.011538,0.613388,0.637847,True
1169,1773664400.720882,1773664423.371467,790,111,45.285308,0.577077,0.406438,True
1170,1773664401.028580,1773664431.273624,1474,94,60.488420,0.763413,0.642204,True
1171,1773664402.012170,1773664424.704396,1733,66,45.382782,0.670096,0.687887,True
1172,1773664402.067617,1773664523.058120,1227,383,241.962239,0.737711,0.631478,True
1173,1773664402.139470,1773664455.401059,1233,423,106.521493,1.285179,0.249375,True
1174,1773664403.189561,1773664529.460387,1031,397,252.525103,0.460307,0.636527,True
1175,1773664403.211743,1773664482.796461,1049,395,159.153336,0.830378,0.401835,True
1176,1773664404.930310,1773664445.431563,181,132,80.994600,0.197097,0.616775,True
1177,1773664405.044471,1773664522.903541,983,373,235.709271,0.513000,0.632248,True
1178,1773664405.181423,1773664455.743211,998,402,101.117491,1.141356,0.249317,True
1179,1773664405.450349,1773664432.102571,406,81,53.292925,0.403203,0.661122,True
1180,1773664405.493159,1773664485.510571,1130,402,160.024925,0.876502,0.396879,True
1181,1773664405.840908,1773664461.025411,181,257,110.346752,0.780682,0.427992,True
1182,1773664406.917295,1773664525.373990,1169,373,236.908666,0.577373,0.635299,True
1183,1773664407.058895,1773664539.346553,1029,418,264.557856,1.315783,0.631276,True
1184,1773664407.153125,1773664535.573778,923,399,256.824023,1.543027,0.641410,True
1185,1773664407.155309,1773664532.612061,1144,395,250.879335,1.211454,0.633675,True
1186,1773664407.214634,1773664529.662523,1134,379,244.876951,1.281064,0.644434,True
1187,1773664407.371630,1773664488.037962,1151,407,161.314274,0.795541,0.395366,True
1188,1773664407.500371,1773664461.377396,1183,429,107.741955,1.184276,0.248967,True
1189,1773664407.513954,1773664484.755438,1017,386,154.477223,1.860446,0.396407,True
1190,1773664407.673776,1773664490.166589,1203,421,164.971971,1.428096,0.389390,True
1191,1773664408.034653,1773664425.911484,380,81,35.751856,0.490848,0.440763,True
1192,1773664408.774330,1773664532.821317,1156,388,248.079185,0.566813,0.639567,True
1193,1773664409.064322,1773664488.238925,1191,409,158.332575,1.111375,0.385346,True
1194,1773664409.573102,1773664488.904341,1156,408,158.643057,1.701665,0.385605,True
1195,1773664409.722788,1773664595.803746,1102,612,372.152012,0.474783,0.608310,True
1196,1773664409.865504,1773664484.796355,1149,385,149.848009,1.146726,0.387243,True
1197,1773664409.956688,1773664537.685222,1064,394,255.435537,0.746010,0.648065,True
1198,1773664410.428480,1773664535.054760,1182,388,249.241468,0.872546,0.641780,True
1199,1773664410.911713,1773664538.273767,981,400,254.706324,0.598365,0.636862,True
1200,1773664411.049232,1773664432.591787,1339,69,43.069433,1.092469,0.617308,True
1201,1773664412.031831,1773664540.186190,1033,406,256.307257,0.748345,0.631010,True
1202,1773664412.206362,1773664550.840191,1112,431,277.259736,0.461984,0.643716,True
1203,1773664413.317045,1773664532.825564,1051,382,239.003328,0.460046,0.626098,True
1204,1773664413.377745,1773664540.086030,1010,397,253.398676,0.507987,0.638613,True
1205,1773664413.467242,1773664544.227588,1115,413,261.515164,0.669961,0.633119,True
1206,1773664414.019886,1773664540.447783,1025,407,252.847794,0.579295,0.621351,True
1207,1773664414.130415,1773664489.899999,1143,393,151.523461,0.857642,0.384352,True
1208,1773664414.191237,1773664488.238951,1226,379,148.075726,1.364869,0.388124,True
1209,1773664414.904774,1773664477.295600,1024,419,124.773690,1.132664,0.295792,True
1210,1773664415.322303,1773664495.567059,1136,418,160.487661,1.310404,0.381720,True
1211,1773664415.445389,1773664490.692044,1083,399,150.487359,0.901621,0.375844,True
1212,1773664415.531960,1773664435.334068,1989,83,39.582141,2.339096,0.454183,True
1213,1773664415.625262,1773664555.555607,1046,438,279.858223,0.529508,0.639196,True
1214,1773664415.829959,1773664536.341867,1025,375,241.019915,0.743521,0.642450,True
1215,1773664415.968189,1773664448.062320,1317,192,64.174503,2.579927,0.322485,True
1216,1773664416.172328,1773664546.548072,1083,407,260.735840,0.836545,0.640146,True
1217,1773664416.179921,1773664579.153143,1036,538,325.922101,0.709648,0.605610,True
1218,1773664416.407086,1773664490.655194,1035,398,148.494370,0.989570,0.371549,True
1219,1773664417.065032,1773664444.637490,398,94,55.131103,0.377595,0.588747,True
1220,1773664417.403042,1773664573.803784,1179,511,312.779580,0.628054,0.612062,True
1221,1773664417.734316,1773664491.844294,1009,399,148.212136,0.775039,0.370445,True
1222,1773664417.773345,1773664542.204774,1030,396,248.848561,0.760402,0.628071,True
1223,1773664417.778552,1773664445.936624,403,94,56.290982,0.467706,0.600250,True
1224,1773664417.851717,1773664536.291140,1003,372,236.877414,0.798584,0.636331,True
1225,1773664417.900767,1773664463.165772,181,136,90.524289,0.392503,0.667643,True
1226,1773664418.158644,1773664471.910675,1037,390,107.502596,2.112342,0.270926,True
1227,1773664418.491846,1773664490.127808,1070,387,143.263743,0.826608,0.369008,True
1228,1773664418.495105,1773664473.210773,1054,397,109.407766,1.212399,0.273221,True
1229,1773664418.851007,1773664544.680275,1171,402,251.646723,0.629926,0.625977,True
1230,1773664419.071464,1773664446.704770,1474,94,55.263077,1.101137,0.582386,True
1231,1773664419.987589,1773664545.475276,1111,396,250.963414,0.707523,0.633559,True
1232,1773664419.993738,1773664466.802183,983,373,93.595643,1.328749,0.248029,True
1233,1773664420.370392,1773664491.437023,1150,389,142.125433,0.657841,0.364607,True
1234,1773664420.493456,1773664477.687070,986,426,114.377279,1.820905,0.264839,True
1235,1773664420.649581,1773664501.840912,1015,446,162.380880,1.273169,0.362040,True
1236,1773664420.968805,1773664551.997083,1010,415,262.054709,0.493544,0.631790,True
1237,1773664421.474886,1773664439.347253,1317,135,35.743234,2.499135,0.248090,True
1238,1773664421.534027,1773664561.691828,1142,458,280.306096,0.476162,0.612319,True
1239,1773664421.534157,1773664540.447653,1082,385,237.794399,0.575569,0.617757,True
1240,1773664423.017705,1773664555.305088,1170,422,264.569272,0.535633,0.627158,True
1241,1773664423.036007,1773664448.787303,1785,91,51.490100,0.851301,0.562653,True
1242,1773664423.116191,1773664442.387808,1896,68,38.521195,1.331249,0.555074,True
1243,1773664424.170537,1773664473.793479,1312,157,99.238091,0.897834,0.630386,True
1244,1773664424.672470,1773664550.433991,1039,397,251.515288,0.722971,0.633314,True
1245,1773664424.685611,1773664499.848001,1172,402,150.320807,0.925391,0.372557,True
1246,1773664425.885197,1773664505.509099,995,452,159.239480,0.672089,0.351591,True
1247,1773664425.887423,1773664499.548766,1020,400,147.296958,1.161096,0.366255,True
1248,1773664425.930530,1773664550.942686,1140,404,250.023110,0.581023,0.618963,True
1249,1773664426.006108,1773664556.725363,1088,421,261.421932,0.724191,0.620709,True
1250,1773664426.111806,1773664551.597086,998,399,250.956856,0.945992,0.628168,True
1251,1773664426.166375,1773664450.002959,420,112,47.665574,1.324031,0.417491,True
1252,1773664426.388816,1773664499.922240,1171,402,147.048960,0.985462,0.364248,True
1253,1773664427.179116,1773664555.604959,1189,415,256.839484,0.633710,0.618855,True
1254,1773664427.384673,1773664479.436022,1119,395,104.089026,1.200368,0.261139,True
1255,1773664427.393966,1773664436.808723,1076,51,18.813837,1.758684,0.341103,True
1256,1773664427.551535,1773664500.774889,1191,409,146.434602,1.057317,0.356317,True
1257,1773664428.096038,1773664479.505652,1009,396,102.813379,1.624257,0.256175,True
1258,1773664428.244286,1773664501.621384,1054,411,146.734821,1.168348,0.355040,True
1259,1773664429.671332,1773664454.118524,1323,205,48.886146,1.358934,0.232977,True
1260,1773664429.790160,1773664553.185032,1046,399,246.768174,0.538317,0.618668,True
1261,1773664431.753964,1773664438.884907,1896,68,14.254150,1.890296,0.184535,True
1262,1773664431.953225,1773664462.763439,402,87,61.614194,0.303819,0.712911,True
1263,1773664432.258693,1773664554.712410,998,387,244.884336,0.583784,0.632903,True
1264,1773664432.410075,1773664555.256200,1170,394,245.680014,0.810485,0.623078,True
1265,1773664432.520759,1773664452.228149,375,67,39.392765,0.743645,0.585593,True
1266,1773664432.620335,1773664556.627593,981,401,248.004508,0.992764,0.617529,True
1267,1773664433.717327,1773664438.196444,373,56,8.942622,0.407016,0.155193,True
1268,1773664434.013125,1773664506.373879,1015,414,144.713307,0.822026,0.348405,True
1269,1773664434.374980,1773664554.459411,1082,385,240.150833,0.626746,0.623761,True
1270,1773664434.547174,1773664558.601835,1140,401,248.101032,0.582882,0.618795,True
1271,1773664435.034421,1773664606.979897,1015,572,343.877763,0.645031,0.601108,True
1272,1773664435.070489,1773664506.553625,991,414,142.962085,0.767771,0.344296,True
1273,1773664435.949724,1773664565.698144,1227,420,259.488915,0.607285,0.617856,True
1274,1773664436.398831,1773664569.555378,1024,429,266.306058,0.719051,0.620530,True
1275,1773664436.567498,1773664508.499607,1149,423,143.859991,0.867690,0.338844,True
1276,1773664437.367012,1773664508.989319,1063,428,143.234820,1.186275,0.332666,True
1277,1773664437.408685,1773664520.001046,1059,525,165.174825,0.905146,0.313492,True
1278,1773664437.574188,1773664510.659399,1085,442,146.154876,1.739708,0.327472,True
1279,1773664437.697705,1773664571.791887,1023,446,268.170482,0.484132,0.601542,True
1280,1773664438.556479,1773664461.130845,1282,66,45.147379,0.512004,0.686698,True
1281,1773664439.158446,1773664466.113062,421,77,53.887677,0.352496,0.704410,True
1282,1773664439.381392,1773664516.465690,1144,498,154.148698,0.800820,0.308547,True
1283,1773664439.403776,1773664464.461784,373,72,50.101169,0.261616,0.701966,True
1284,1773664439.467985,1773664444.776904,324,18,10.605781,0.293099,0.606628,True
1285,1773664439.579736,1773664508.079028,1072,415,136.980377,1.350654,0.327608,True
1286,1773664439.770495,1773664501.918311,1136,500,124.281604,1.420023,0.246216,True
1287,1773664440.386268,1773664568.319190,1141,411,255.850277,0.546430,0.622692,True
1288,1773664441.099326,1773664495.025308,1012,416,107.829802,1.164920,0.257024,True
1289,1773664441.515217,1773664459.890610,405,90,36.732873,0.358556,0.408700,True
1290,1773664442.126869,1773664493.730460,1035,398,103.188912,1.424077,0.256335,True
1291,1773664442.470603,1773664576.756281,1057,439,268.570006,0.608891,0.611783,True
1292,1773664442.637794,1773664474.425214,391,90,63.552954,0.911515,0.703836,True
1293,1773664442.712885,1773664561.180443,1094,376,236.913330,0.836408,0.629538,True
1294,1773664442.871366,1773664576.568312,1050,438,267.377775,0.794763,0.610030,True
1295,1773664443.037245,1773664625.843619,1148,614,365.598718,0.793121,0.595115,True
1296,1773664443.555966,1773664557.884441,1142,361,228.651466,0.838494,0.632814,True
1297,1773664444.049871,1773664496.880313,1106,434,105.648795,1.206517,0.241206,True
1298,1773664444.622545,1773664510.459890,1226,407,131.663643,0.885844,0.322113,True
1299,1773664444.625656,1773664614.461243,958,554,339.645977,0.600436,0.613102,True
1300,1773664444.813555,1773664508.885993,1082,391,128.143093,1.568658,0.324550,True
1301,1773664444.819123,1773664448.809271,245,14,7.968562,0.965376,0.538707,True
1302,1773664445.551782,1773664508.814670,1018,390,126.521984,1.067646,0.322505,True
1303,1773664446.008701,1773664475.668757,395,85,59.299918,0.351986,0.701761,True
1304,1773664446.553674,1773664485.663847,435,114,78.216353,0.360460,0.688990,True
1305,1773664446.974538,1773664454.118779,379,81,14.283650,0.476235,0.172593,True
1306,1773664447.489394,1773664573.374296,1099,410,251.758862,0.528970,0.614254,True
1307,1773664447.772618,1773664462.143763,1339,72,28.728744,0.986763,0.390732,True
1308,1773664447.866092,1773664525.527741,1317,235,155.307461,0.768404,0.660423,True
1309,1773664448.331580,1773664514.352615,1017,537,132.022597,1.137141,0.244189,True
1310,1773664448.361015,1773664649.168607,1139,674,401.613862,0.939042,0.595356,True
1311,1773664448.791529,1773664514.676661,1033,427,131.766495,0.741748,0.307570,True
1312,1773664448.875597,1773664571.694550,1009,397,245.636151,0.892219,0.618040,True
1313,1773664449.671084,1773664572.418543,1020,400,245.482450,0.893147,0.613006,True
1314,1773664449.671252,1773664571.161887,1008,395,242.947428,0.638154,0.614998,True
1315,1773664449.693633,1773664576.710037,1046,418,254.021730,0.508236,0.607946,True
1316,1773664450.302377,1773664576.663637,1054,419,252.718594,0.701398,0.602912,True
1317,1773664450.322068,1773664513.783912,1202,411,126.917751,0.973086,0.307182,True
1318,1773664451.457193,1773664572.127987,1102,396,241.336058,0.481051,0.609760,True
1319,1773664451.651262,1773664515.493656,1139,429,127.668766,0.820568,0.296374,True
1320,1773664451.800469,1773664475.146253,1785,137,46.683703,2.100681,0.327816,True
1321,1773664452.634279,1773664610.238413,1075,516,315.200699,0.559973,0.610953,True
1322,1773664452.636781,1773664524.786493,1179,511,144.274881,2.132694,0.278710,True
1323,1773664452.745109,1773664585.975297,1065,439,266.444125,0.665214,0.606801,True
1324,1773664453.083674,1773664578.679307,1230,413,251.175624,0.581054,0.608239,True
1325,1773664453.452311,1773664505.534047,1314,164,104.161079,0.787121,0.634196,True
1326,1773664453.523203,1773664478.760371,1029,71,50.468164,0.822017,0.709231,True
1327,1773664453.935843,1773664580.621765,1051,420,253.363651,0.899033,0.602541,True
1328,1773664454.770585,1773664622.148808,990,559,334.755000,0.560854,0.598914,True
1329,1773664454.919549,1773664569.252588,1136,375,228.649606,0.817038,0.609178,True
1330,1773664455.108508,1773664512.161742,1315,183,114.084838,1.142339,0.620563,True
1331,1773664455.305930,1773664581.142964,1139,418,251.652446,0.671014,0.601874,True
1332,1773664455.895883,1773664510.885504,1139,428,109.965005,1.155339,0.254824,True
1333,1773664456.103053,1773664579.342291,1180,414,246.466733,0.668798,0.595152,True
1334,1773664456.469526,1773664613.702086,1034,519,314.459436,0.810686,0.605500,True
1335,1773664456.633171,1773664514.609803,1166,401,115.945325,0.851851,0.287734,True
1336,1773664456.732095,1773664533.073311,181,246,152.663574,0.583828,0.620734,True
1337,1773664456.869917,1773664500.851576,396,136,87.953627,0.536547,0.647534,True
1338,1773664457.143949,1773664534.171407,1314,243,154.040575,0.721671,0.633549,True
1339,1773664457.989523,1773664621.674799,1176,548,327.366748,0.646259,0.597295,True
1340,1773664458.236842,1773664510.813202,1085,409,105.140634,1.153848,0.254870,True
1341,1773664458.269670,1773664478.911181,1282,66,41.273268,1.124670,0.617671,True
1342,1773664458.928765,1773664608.590204,1148,501,299.304270,0.829462,0.596950,True
1343,1773664459.159005,1773664488.235746,390,96,58.138478,0.656225,0.605076,True
1344,1773664459.347050,1773664493.994629,1756,111,69.283559,0.948580,0.621227,True
1345,1773664460.037424,1773664634.385967,1025,591,348.684586,0.919684,0.589432,True
1346,1773664460.544890,1773664587.321883,1136,429,253.540583,0.891806,0.590301,True
1347,1773664461.228104,1773664578.537419,1024,402,234.615172,0.765844,0.583165,True
1348,1773664461.577365,1773664527.068113,1209,522,130.967558,2.214178,0.247127,True
1349,1773664461.579587,1773664514.032433,1057,394,104.874700,2.203364,0.261250,True
1350,1773664461.597892,1773664523.057853,1314,202,122.904772,0.792392,0.607524,True
1351,1773664461.642388,1773664622.479481,969,554,321.664695,0.851111,0.580133,True
1352,1773664462.020794,1773664489.298511,505,92,54.538084,0.535291,0.593437,True
1353,1773664462.105000,1773664477.897727,403,91,31.569802,2.167453,0.326693,True
1354,1773664462.236848,1773664532.521143,1062,509,140.546402,0.837234,0.275018,True
1355,1773664462.352377,1773664496.199636,692,109,67.671966,0.553314,0.621469,True
1356,1773664463.061279,1773664595.039269,1061,448,263.937399,0.613564,0.589091,True
1357,1773664463.568930,1773664575.228583,1041,385,223.312429,0.635671,0.579887,True
1358,1773664463.940284,1773664639.539131,955,602,351.188065,0.814451,0.582984,True
1359,1773664464.330445,1773664485.077415,857,117,41.478137,0.699286,0.351542,True
1360,1773664466.128430,1773664520.590618,1036,394,108.922761,0.839663,0.275021,True
1361,1773664466.244642,1773664492.114427,385,88,51.722114,0.264425,0.591468,True
1362,1773664466.817092,1773664491.241591,1313,148,48.831218,1.352159,0.322987,True
1363,1773664466.947632,1773664581.096366,1035,395,228.292133,0.545427,0.578037,True
1364,1773664467.215629,1773664577.231199,1171,380,220.021789,0.653844,0.578807,True
1365,1773664467.450200,1773664502.205278,1314,218,69.494344,1.142118,0.314987,True
1366,1773664467.510624,1773664519.719293,1003,376,104.415674,0.713941,0.276538,True
1367,1773664467.555529,1773664524.212093,1013,439,113.296865,1.597540,0.255021,True
1368,1773664467.669321,1773664538.378303,1129,526,141.403884,1.413758,0.266648,True
1369,1773664468.825848,1773664600.848863,986,441,264.034680,0.513569,0.598912,True
1370,1773664468.968078,1773664514.898572,1028,366,91.844728,1.295253,0.248081,True
1371,1773664469.196353,1773664518.077553,1160,400,97.745512,1.727526,0.240647,True
1372,1773664469.586505,1773664654.390749,1160,639,369.602305,0.747057,0.578143,True
1373,1773664470.646323,1773664656.475679,1036,650,371.654681,0.607974,0.571721,True
1374,1773664470.689414,1773664601.380145,1007,441,261.356176,0.662370,0.592486,True
1375,1773664471.527384,1773664614.868792,1154,482,286.674664,0.652683,0.594640,True
1376,1773664471.569639,1773664586.022826,1039,385,228.898529,0.445870,0.594929,True
1377,1773664471.606089,1773664628.917917,1082,538,314.601922,0.677816,0.584589,True
1378,1773664471.778267,1773664591.817694,1144,404,240.061160,0.761858,0.593795,True
1379,1773664471.842104,1773664546.421475,979,622,149.142747,1.178587,0.238268,True
1380,1773664472.527462,1773664516.515096,181,147,87.967188,0.355723,0.600079,True
1381,1773664473.481901,1773664487.257118,1232,80,27.536405,1.297716,0.332135,True
1382,1773664473.515449,1773664605.128791,1126,446,263.216293,0.645262,0.590047,True
1383,1773664473.727994,1773664518.248411,1024,385,89.018815,2.172049,0.226163,True
1384,1773664475.968369,1773664483.967702,917,33,15.993105,0.750612,0.476328,True
1385,1773664476.342634,1773664527.542781,1226,393,102.398690,1.193737,0.258176,True
1386,1773664476.577705,1773664596.523125,1171,401,239.880795,0.531210,0.598374,True
1387,1773664477.055985,1773664624.995193,1032,502,295.868801,0.488926,0.589581,True
1388,1773664477.168842,1773664498.909325,434,124,43.467626,0.786192,0.347004,True
1389,1773664477.217041,1773664482.504110,311,18,10.553436,0.476518,0.592760,True
1390,1773664477.648340,1773664505.582757,1133,92,55.864690,0.677718,0.606450,True
1391,1773664477.952924,1773664516.816424,401,130,77.709075,0.692482,0.597028,True
1392,1773664478.123235,1773664489.769812,376,81,23.281303,0.455973,0.285317,True
1393,1773664479.738400,1773664528.815408,1176,383,98.152512,0.874722,0.254654,True
1394,1773664480.062903,1773664491.715782,1029,71,23.289803,0.949934,0.319141,True
1395,1773664480.297010,1773664524.657838,1312,132,88.720241,0.615119,0.672558,True
1396,1773664480.577774,1773664501.498609,372,63,41.825763,0.704579,0.663245,True
1397,1773664480.630765,1773664529.091268,1203,385,96.907394,0.931206,0.249938,True
1398,1773664481.447912,1773664653.711132,1015,596,344.520576,0.740067,0.577782,True
1399,1773664481.450523,1773664529.611857,1018,388,96.301920,0.906765,0.246499,True
1400,1773664481.495882,1773664655.787987,1045,605,348.570166,0.468138,0.576328,True
1401,1773664481.627493,1773664532.718018,1112,431,102.176917,1.130977,0.234991,True
1402,1773664481.849887,1773664494.198765,237,79,24.684144,0.810086,0.306078,True
1403,1773664481.900533,1773664529.500178,1162,427,95.183398,2.017141,0.218700,True
1404,1773664482.616799,1773664593.516755,1076,377,221.781172,0.460271,0.588619,True
1405,1773664482.966634,1773664545.587513,1199,534,125.237837,3.199991,0.228964,True
1406,1773664483.105661,1773664514.139265,28,265,62.055452,0.885527,0.231704,True
1407,1773664483.125893,1773664606.883602,1052,412,247.501789,0.826997,0.600182,True
1408,1773664483.253734,1773664734.949676,1180,880,503.381674,0.592316,0.572002,True
1409,1773664483.723142,1773664528.118663,1083,407,88.787471,2.443480,0.212670,True
1410,1773664483.899597,1773664526.981793,1785,137,86.162144,0.825893,0.627472,True
1411,1773664483.984079,1773664600.752001,1053,394,233.534623,0.852329,0.592067,True
1412,1773664484.078531,1773664488.740223,243,14,9.300743,0.834067,0.651283,True
1413,1773664484.207378,1773664593.516630,1028,374,218.601722,1.187199,0.582881,True
1414,1773664484.260921,1773664606.307820,1101,411,244.075937,0.883176,0.593153,True
1415,1773664484.799460,1773664745.801330,1179,921,521.987551,0.485475,0.566850,True
1416,1773664485.765638,1773664602.793736,1005,394,234.044234,0.434820,0.594426,True
1417,1773664486.235100,1773664605.560382,1151,404,238.644572,0.669832,0.590508,True
1418,1773664486.632213,1773664509.434465,181,167,45.598950,0.237420,0.273262,True
1419,1773664486.777207,1773664533.592839,1149,379,93.625537,0.934147,0.245215,True
1420,1773664489.739703,1773664615.725765,1070,428,251.960182,0.535945,0.588816,True
1421,1773664489.890756,1773664498.959597,992,97,18.136145,1.087300,0.177592,True
1422,1773664490.357996,1773664666.372025,1035,616,352.010017,0.483271,0.571588,True
1423,1773664491.085394,1773664608.589929,912,395,234.995275,0.499409,0.595167,True
1424,1773664492.062968,1773664561.980122,1353,234,139.830033,0.603333,0.597539,True
1425,1773664492.161280,1773664505.400511,388,88,26.459042,0.392592,0.299614,True
1426,1773664492.359964,1773664538.751350,1044,394,92.765581,1.176739,0.233050,True
1427,1773664492.411830,1773664542.003343,997,393,99.165463,0.925767,0.250611,True
1428,1773664492.473568,1773664634.385789,1109,488,283.804722,0.673005,0.581379,True
1429,1773664492.633035,1773664542.759955,1311,159,100.246007,0.791610,0.629458,True
1430,1773664493.134828,1773664573.101622,1025,589,159.927470,0.983842,0.270312,True
1431,1773664493.882185,1773664517.252768,1232,80,46.729331,0.624302,0.583608,True
1432,1773664494.014860,1773664542.932438,1106,399,97.821215,0.943225,0.243412,True
1433,1773664494.687394,1773664612.890800,1060,396,236.384783,0.615284,0.596885,True
1434,1773664494.811393,1773664507.590995,398,46,25.553091,0.612632,0.554232,True
1435,1773664494.887301,1773664515.764462,1786,67,41.752735,1.114983,0.615724,True
1436,1773664495.139771,1773664498.928038,119,12,7.554515,0.985202,0.597210,True
1437,1773664495.177391,1773664499.448976,247,14,8.533673,0.867826,0.589681,True
1438,1773664495.432611,1773664608.636758,1013,386,226.391840,1.073063,0.585244,True
1439,1773664495.956748,1773664506.945138,407,88,21.973179,0.368650,0.248328,True
1440,1773664496.687411,1773664606.883469,1030,375,220.369954,0.554468,0.587742,True
1441,1773664496.725057,1773664545.100523,1035,391,96.741199,0.728601,0.246186,True
1442,1773664497.121879,1773664505.255141,385,67,16.247001,0.721546,0.235234,True
1443,1773664498.515515,1773664529.510913,380,97,61.982909,0.248709,0.643065,True
1444,1773664498.647450,1773664613.749772,1046,393,230.188145,0.628100,0.585612,True
1445,1773664499.136474,1773664613.606096,1036,390,228.917206,0.615189,0.586895,True
1446,1773664499.330248,1773664559.214644,985,552,119.756523,1.030523,0.215474,True
1447,1773664500.723492,1773664616.572885,1054,397,231.692901,0.604742,0.583556,True
1448,1773664502.119497,1773664515.656111,181,126,27.053834,0.232904,0.214567,True
1449,1773664503.786757,1773664552.252720,1089,412,96.913743,1.131575,0.233047,True
1450,1773664504.018660,1773664516.492655,405,89,24.933192,1.347670,0.268017,True
1451,1773664504.197923,1773664619.505506,1097,393,230.605294,0.722805,0.586435,True
1452,1773664504.814628,1773664632.070669,1168,436,254.498109,0.599457,0.583675,True
1453,1773664505.324244,1773664510.819361,333,18,10.988708,0.310907,0.628106,True
1454,1773664505.535187,1773664625.277293,1053,415,239.464717,0.452964,0.577323,True
1455,1773664505.939054,1773664540.086169,396,107,68.292296,0.288597,0.641544,True
1456,1773664507.721663,1773664636.586422,986,448,257.720997,0.519178,0.575396,True
1457,1773664508.021241,1773664533.389709,1315,198,50.725005,1.327533,0.250749,True
1458,1773664508.151533,1773664535.320662,407,83,54.316088,0.368498,0.657897,True
1459,1773664508.340712,1773664623.324258,1032,398,229.951231,0.527527,0.577893,True
1460,1773664508.523093,1773664625.181426,1064,396,233.311013,0.568758,0.589221,True
1461,1773664508.699311,1773664558.297381,1044,450,99.190514,1.782891,0.216943,True
1462,1773664508.825037,1773664627.934238,1214,406,238.212690,0.809373,0.586181,True
1463,1773664509.347081,1773664630.429961,1033,406,242.154237,0.907084,0.595672,True
1464,1773664509.381366,1773664556.433685,42,154,94.096683,0.442914,0.612116,True
1465,1773664509.505265,1773664624.946290,1025,401,230.872355,0.634185,0.575595,True
1466,1773664510.506293,1773664528.433714,1019,52,35.838776,0.580209,0.691344,True
1467,1773664510.601333,1773664544.729880,450,107,68.241215,0.601816,0.638108,True
1468,1773664510.883567,1773664587.370114,181,263,152.971651,0.763381,0.580948,True
1469,1773664511.001672,1773664637.766374,1025,441,253.513759,0.496797,0.575039,True
1470,1773664511.395213,1773664555.265145,1201,401,87.733797,1.222324,0.216279,True
1471,1773664512.517164,1773664555.068058,1021,398,85.084573,1.177516,0.211353,True
1472,1773664513.313278,1773664526.305087,417,117,25.970793,0.425745,0.220216,True
1473,1773664513.705838,1773664630.289276,1182,396,233.156446,0.549640,0.588878,True
1474,1773664514.273176,1773664673.078105,1027,569,317.599520,0.461570,0.558341,True
1475,1773664514.623219,1773664557.740291,1351,140,86.232083,0.777336,0.614782,True
1476,1773664515.701695,1773664526.259206,409,95,21.105210,0.466297,0.219563,True
1477,1773664516.717704,1773664635.166980,1009,411,236.889233,0.468354,0.576636,True
1478,1773664516.961413,1773664625.135083,1109,377,216.339519,0.713785,0.573473,True
1479,1773664517.643769,1773664541.189408,1155,75,47.082692,0.520265,0.629222,True
1480,1773664518.299486,1773664573.271770,1066,379,109.928491,0.808061,0.288678,True
1481,1773664518.358344,1773664549.841144,431,94,62.963861,0.300991,0.673794,True
1482,1773664518.460493,1773664632.162185,1201,391,227.393728,0.853154,0.580873,True
1483,1773664518.485206,1773664548.260413,387,95,59.546424,0.515731,0.627986,True
1484,1773664518.507671,1773664631.836556,1003,394,226.656466,0.438520,0.575618,True
1485,1773664519.072411,1773664634.475988,1033,396,230.795675,0.834378,0.582181,True
1486,1773664519.393473,1773664560.306060,1018,388,81.811073,1.141094,0.208450,True
1487,1773664519.535141,1773664527.704298,1436,66,16.336751,2.452920,0.213597,True
1488,1773664519.823301,1773664559.312510,983,373,78.976696,2.632639,0.205226,True
1489,1773664520.373120,1773664603.466006,1312,283,166.164254,0.726803,0.586658,True
1490,1773664521.076386,1773664561.393194,1082,406,80.625623,2.028546,0.194067,True
1491,1773664521.226660,1773664647.169437,998,447,251.863790,0.545534,0.563494,True
1492,1773664521.324077,1773664570.196304,1316,168,97.731045,0.780401,0.580543,True
1493,1773664521.958331,1773664587.561382,1314,231,131.190751,0.825295,0.566806,True
1494,1773664522.961546,1773664646.759825,1046,438,247.594961,0.623464,0.565152,True
1495,1773664523.001407,1773664634.662642,1023,388,223.316439,0.453836,0.575872,True
1496,1773664523.156246,1773664707.562540,1227,652,368.799311,0.820540,0.565252,True
1497,1773664523.312304,1773664635.121142,1019,394,223.602428,0.879763,0.566724,True
1498,1773664523.652448,1773664592.241492,936,432,137.158898,0.719754,0.316564,True
1499,1773664524.292201,1773664562.655087,46,138,76.716053,0.193830,0.558556,True
1500,1773664525.365784,1773664535.982971,404,83,21.226558,0.376251,0.254272,True
1501,1773664525.491905,1773664635.810673,1059,388,220.631676,0.508308,0.568794,True
1502,1773664526.602326,1773664545.055862,12,139,36.905688,0.070572,0.266921,True
1503,1773664526.767796,1773664658.182326,1044,471,262.825009,0.488958,0.558162,True
1504,1773664527.456730,1773664635.583917,1134,379,216.244866,0.758099,0.570071,True
1505,1773664527.524572,1773664547.682763,379,65,40.314626,0.694517,0.619064,True
1506,1773664527.550094,1773664560.703233,429,115,66.292183,0.719042,0.575203,True
1507,1773664527.624195,1773664592.170609,1159,397,129.079630,0.844328,0.323827,True
1508,1773664527.787501,1773664651.686288,1223,444,247.796374,1.179448,0.556697,True
1509,1773664527.938486,1773664649.701513,1093,432,243.515500,0.902570,0.562907,True
1510,1773664528.352697,1773664641.105823,1009,397,225.498305,0.719920,0.567622,True
1511,1773664528.473950,1773664546.195120,380,58,35.421531,0.866644,0.606226,True
1512,1773664529.404568,1773664542.678371,1786,67,26.539010,1.837239,0.374269,True
1513,1773664529.517084,1773664647.396619,1102,427,235.742803,0.663327,0.551830,True
1514,1773664530.106902,1773664568.449264,1183,429,76.683092,2.400419,0.173558,True
1515,1773664530.272761,1773664593.937603,1086,393,127.308469,0.804996,0.322713,True
1516,1773664530.356024,1773664594.463005,1038,398,128.191989,1.437400,0.319281,True
1517,1773664530.959748,1773664642.354190,1059,397,222.786865,0.439926,0.561482,True
1518,1773664530.964483,1773664647.350649,1004,419,232.757785,0.862901,0.554772,True
1519,1773664531.923241,1773664538.822692,371,53,13.794082,0.317794,0.259159,True
1520,1773664532.830774,1773664569.853191,396,131,74.026517,0.460822,0.565890,True
1521,1773664533.452891,1773664567.629007,1189,399,68.332770,1.288015,0.168454,True
1522,1773664533.841117,1773664567.849376,1083,403,67.994366,2.015773,0.164126,True
1523,1773664533.932301,1773664655.339537,1152,437,242.808868,1.062597,0.554464,True
1524,1773664534.009774,1773664642.309258,1063,386,216.580504,0.978681,0.560005,True
1525,1773664534.046791,1773664584.235720,1108,622,100.369885,2.554468,0.157513,True
1526,1773664534.746213,1773664602.684900,1017,398,135.871428,0.727548,0.340413,True
1527,1773664535.025597,1773664566.210119,1120,375,62.362998,2.170117,0.160944,True
1528,1773664536.160177,1773664637.495404,1060,365,202.658128,0.607928,0.555083,True
1529,1773664536.364323,1773664604.697327,1009,399,136.645349,0.725770,0.341506,True
1530,1773664536.421507,1773664651.821462,1053,414,230.789512,0.784536,0.556913,True
1531,1773664536.608653,1773664542.304569,304,18,11.386187,0.647995,0.631658,True
1532,1773664536.896064,1773664609.850707,1097,418,145.907516,1.002083,0.347495,True
1533,1773664537.008650,1773664667.443966,1018,476,260.868822,0.622690,0.547887,True
1534,1773664537.130065,1773664556.969309,1143,70,39.673788,0.722214,0.564516,True
1535,1773664538.688032,1773664548.313162,991,108,19.228727,1.068012,0.169726,True
1536,1773664538.844304,1773664550.340192,1155,75,22.990286,0.855146,0.299124,True
1537,1773664539.385198,1773664656.564881,1143,429,234.353619,0.532824,0.546310,True
1538,1773664539.752685,1773664568.977140,1068,401,58.438966,1.170036,0.143172,True
1539,1773664539.871629,1773664647.763148,1036,619,215.780952,0.701838,0.348024,True
1540,1773664540.305560,1773664662.633800,1032,447,244.640792,0.614394,0.547144,True
1541,1773664540.864559,1773664651.957162,1015,399,222.169315,0.638010,0.556611,True
1542,1773664541.055992,1773664590.048328,1312,175,97.975208,0.856739,0.558152,True
1543,1773664541.215841,1773664572.956795,685,120,63.474062,0.774959,0.526883,True
1544,1773664541.465499,1773664558.601996,398,98,34.257857,0.348863,0.349577,True
1545,1773664542.576419,1773664648.050392,1173,385,210.934318,0.616580,0.547702,True
1546,1773664542.933661,1773664667.355273,1073,454,248.827614,0.737898,0.547659,True
1547,1773664543.046331,1773664555.075358,2042,56,24.056349,1.676117,0.406913,True
1548,1773664543.120964,1773664655.160383,1061,408,224.057206,0.730539,0.548714,True
1549,1773664543.662715,1773664564.841218,17,120,42.349324,1.214789,0.345668,True
1550,1773664544.883597,1773664590.532660,1316,170,91.281680,0.530113,0.536992,True
1551,1773664544.906961,1773664570.582042,439,98,51.337970,0.625413,0.522810,True
1552,1773664545.199465,1773664587.658019,390,155,84.905205,0.617062,0.547326,True
1553,1773664545.463070,1773664615.774069,1023,406,140.615772,0.737749,0.345378,True
1554,1773664545.551530,1773664637.721326,1029,519,184.322015,0.932031,0.354035,True
1555,1773664545.635314,1773664582.537627,404,144,73.788534,0.288861,0.513984,True
1556,1773664546.679334,1773664656.967135,1124,408,220.563102,0.535513,0.540608,True
1557,1773664547.610596,1773664660.239414,1044,413,225.235691,0.479791,0.545524,True
1558,1773664547.718216,1773664654.571619,1022,390,213.684939,0.808333,0.547241,True
1559,1773664548.112969,1773664567.443882,393,113,38.647290,0.381949,0.341655,True
1560,1773664548.143020,1773664569.555140,406,82,42.807075,0.560154,0.521567,True
1561,1773664548.287970,1773664657.912384,1102,408,219.231256,0.843372,0.536580,True
1562,1773664548.311113,1773664550.081738,238,14,3.527862,0.506971,0.232376,True
1563,1773664549.027208,1773664656.699184,1146,396,215.322132,0.693827,0.543363,True
1564,1773664549.661565,1773664580.196545,1048,396,61.051916,1.127702,0.151707,True
1565,1773664549.700469,1773664661.626851,1040,414,223.849138,0.569904,0.540628,True
1566,1773664550.233899,1773664559.887875,750,44,19.298254,0.626520,0.434226,True
1567,1773664550.967267,1773664615.811251,1037,373,129.686390,0.776964,0.346531,True
1568,1773664551.116287,1773664621.029301,1156,390,139.807939,1.403267,0.355796,True
1569,1773664551.755804,1773664638.017320,1034,479,172.500957,1.224349,0.358319,True
1570,1773664552.118367,1773664574.088669,430,90,43.930944,0.250436,0.490792,True
1571,1773664552.783604,1773664558.702177,1044,35,11.827287,0.989567,0.318756,True
1572,1773664553.133241,1773664666.861589,1009,415,227.435375,0.462448,0.548244,True
1573,1773664553.393444,1773664661.581602,1026,400,216.374867,0.750761,0.540411,True
1574,1773664553.457108,1773664636.256639,1089,465,165.580772,1.115744,0.354450,True
1575,1773664554.780666,1773664575.195241,62,152,40.827523,0.191198,0.269115,True
1576,1773664555.299386,1773664563.553046,382,53,16.492509,0.376227,0.309928,True
1577,1773664555.338779,1773664620.954531,998,373,131.208946,0.921062,0.350236,True
1578,1773664556.896015,1773664586.856822,936,431,59.920205,0.935537,0.137174,True
1579,1773664558.826365,1773664631.795632,1150,404,145.932522,0.854025,0.359996,True
1580,1773664559.050524,1773664671.667426,1099,410,225.211887,0.488611,0.549446,True
1581,1773664559.756968,1773664568.263404,7,136,17.005047,0.091591,0.125285,True
1582,1773664559.874268,1773664672.209199,1033,411,224.668725,0.479252,0.546804,True
1583,1773664559.966675,1773664673.256887,1071,415,226.574983,0.578656,0.545885,True
1584,1773664560.299343,1773664635.953099,1099,414,151.299002,0.832141,0.364327,True
1585,1773664560.557884,1773664564.212753,238,14,7.301466,0.321180,0.536945,True
1586,1773664560.950395,1773664600.139291,685,137,78.359807,0.449133,0.572873,True
1587,1773664561.116534,1773664699.912800,1020,502,277.572585,0.508354,0.553022,True
1588,1773664561.294065,1773664583.953085,1315,144,45.316256,0.905527,0.310565,True
1589,1773664562.924324,1773664588.718013,9,166,51.575126,0.145821,0.311693,True
1590,1773664563.132198,1773664590.243227,421,93,54.200409,0.336204,0.585480,True
1591,1773664563.349479,1773664711.044833,1200,526,295.386932,0.708889,0.561292,True
1592,1773664563.738374,1773664590.242775,394,91,53.006986,0.634155,0.581920,True
1593,1773664564.698763,1773664576.615957,1628,48,23.811510,0.730209,0.491092,True
1594,1773664564.786603,1773664684.807355,1046,442,240.025718,0.847945,0.542353,True
1595,1773664564.789804,1773664587.902906,383,84,46.191137,0.689063,0.548218,True
1596,1773664565.014791,1773664569.388029,376,65,8.740361,0.441447,0.129671,True
1597,1773664565.170733,1773664590.243219,379,87,50.137376,0.858239,0.573013,True
1598,1773664565.396759,1773664672.854834,1046,395,214.906704,0.460247,0.544280,True
1599,1773664565.688560,1773664679.406368,1173,420,227.427394,0.824773,0.540818,True
1600,1773664565.810210,1773664598.372986,1351,186,65.109672,1.010663,0.346481,True
1601,1773664566.089926,1773664569.752709,243,14,7.303447,0.557549,0.518915,True
1602,1773664566.461462,1773664594.001369,410,100,55.073904,0.349038,0.552776,True
1603,1773664568.146831,1773664574.488085,387,52,12.670782,0.412812,0.240352,True
1604,1773664568.524115,1773664684.626973,1034,429,232.194161,0.613906,0.541075,True
1605,1773664569.943841,1773664645.893291,1162,411,151.883493,0.815549,0.368458,True
1606,1773664570.508410,1773664613.954093,1121,506,86.869268,1.387179,0.169271,True
1607,1773664572.300122,1773664576.568539,331,18,8.534376,0.214744,0.489390,True
1608,1773664572.438818,1773664602.331100,1081,388,59.782764,1.152049,0.151501,True
1609,1773664572.723121,1773664624.946513,30,182,104.427817,0.298841,0.575298,True
1610,1773664574.205667,1773664686.969149,1073,408,225.516770,0.484847,0.552904,True
1611,1773664575.193324,1773664686.923719,1191,407,223.452961,0.503008,0.549138,True
1612,1773664575.296997,1773664644.767204,1094,362,138.930644,0.840168,0.382522,True
1613,1773664575.894759,1773664734.355186,459,562,316.900830,0.295492,0.564359,True
1614,1773664575.978865,1773664653.143501,985,426,154.306074,0.849097,0.361075,True
1615,1773664576.223396,1773664603.178066,395,87,53.893057,0.279629,0.623412,True
1616,1773664576.547308,1773664684.853365,1070,392,216.589048,0.616349,0.552360,True
1617,1773664576.936967,1773664592.435804,1786,50,30.982301,1.344248,0.604858,True
1618,1773664576.998114,1773664690.548221,1081,414,227.078871,1.279852,0.546729,True
1619,1773664577.269704,1773664657.357909,1130,459,160.162402,0.813090,0.347924,True
1620,1773664578.059843,1773664591.008555,1320,192,25.887756,1.344962,0.128496,True
1621,1773664578.195460,1773664648.099235,1023,377,139.795652,0.744683,0.369816,True
1622,1773664578.847707,1773664582.592358,238,14,7.487785,0.381512,0.546636,True
1623,1773664579.571285,1773664605.273298,1314,137,51.393026,0.900743,0.371267,True
1624,1773664579.711214,1773664688.650695,1072,398,217.877156,0.570326,0.547372,True
1625,1773664579.889590,1773664594.428668,394,89,29.072490,1.003022,0.318971,True
1626,1773664580.610324,1773664600.704876,373,60,40.171277,0.376652,0.674485,True
1627,1773664581.036083,1773664603.322096,375,66,44.559962,0.260913,0.681524,True
1628,1773664581.369374,1773664667.111529,1142,491,171.478404,0.796188,0.348331,True
1629,1773664581.447246,1773664603.861583,395,116,44.810195,1.098945,0.380098,True
1630,1773664581.806629,1773664690.202647,1044,394,216.780637,0.431088,0.550508,True
1631,1773664582.330732,1773664690.861068,1021,398,217.052263,0.965035,0.544300,True
1632,1773664582.332972,1773664612.843372,406,91,60.994865,0.354063,0.673787,True
1633,1773664582.493521,1773664708.649662,996,446,252.290610,0.795359,0.565158,True
1634,1773664582.936208,1773664693.399610,1010,635,220.914509,0.725962,0.347301,True
1635,1773664583.289914,1773664701.655371,1156,424,236.716091,0.533139,0.558352,True
1636,1773664583.972899,1773664655.432273,1115,413,142.906766,0.852705,0.344791,True
1637,1773664584.046905,1773664694.509460,1116,401,220.915534,0.476907,0.551097,True
1638,1773664584.067691,1773664689.379727,1045,390,210.614223,0.674543,0.539691,True
1639,1773664584.397975,1773664603.131079,1529,56,37.444025,0.839452,0.665538,True
1640,1773664584.664505,1773664688.606833,1163,386,207.879005,0.819381,0.537817,True
1641,1773664585.795121,1773664619.408279,440,117,67.224245,0.344887,0.576546,True
1642,1773664586.046652,1773664615.201056,457,98,58.304945,0.927092,0.591524,True
1643,1773664586.127406,1773664625.088693,1313,135,77.911108,0.688341,0.576289,True
1644,1773664586.201247,1773664685.587701,1044,368,198.761719,0.768822,0.539490,True
1645,1773664587.546697,1773664741.858598,1170,939,308.604656,1.051316,0.327882,True
1646,1773664587.608328,1773664695.594406,1038,396,215.968752,0.557141,0.545346,True
1647,1773664587.743190,1773664610.557567,2001,74,45.623081,1.031336,0.610846,True
1648,1773664588.139901,1773664608.042850,392,103,39.794120,0.853611,0.381770,True
1649,1773664588.653419,1773664698.537791,966,403,219.758430,0.522844,0.545362,True
1650,1773664589.645769,1773664592.294909,120,12,5.288888,0.245782,0.458464,True
1651,1773664590.530574,1773664661.089807,1201,402,141.106144,0.913593,0.349607,True
1652,1773664590.602318,1773664701.288281,1152,400,221.355431,0.479947,0.553573,True
1653,1773664591.441747,1773664593.090524,238,14,3.276420,0.249171,0.232865,True
1654,1773664592.551312,1773664701.471967,997,393,217.828894,0.850767,0.553516,True
1655,1773664592.604471,1773664701.655235,1025,394,218.091733,0.798580,0.552909,True
1656,1773664592.793986,1773664716.261906,1121,440,246.926245,1.100004,0.559969,True
1657,1773664593.061084,1773664633.876137,1312,141,81.616072,1.240646,0.574110,True
1658,1773664593.185616,1773664608.144282,403,113,29.903643,0.596684,0.261669,True
1659,1773664593.850959,1773664701.197091,1036,388,214.690728,0.788412,0.552719,True
1660,1773664594.493711,1773664611.340361,385,80,33.691653,0.386379,0.421586,True
1661,1773664594.713766,1773664615.408568,444,101,41.371804,0.501434,0.408704,True
1662,1773664594.792841,1773664648.885186,1012,461,108.178646,1.092365,0.232796,True
1663,1773664594.888586,1773664700.507926,1036,590,211.215462,0.971442,0.356951,True
1664,1773664594.949548,1773664695.914076,1036,375,201.921813,0.501898,0.538556,True
1665,1773664595.576830,1773664609.559601,380,61,27.963931,0.744395,0.453659,True
1666,1773664595.824127,1773664608.151666,378,56,24.653900,0.392964,0.441108,True
1667,1773664596.322655,1773664699.865680,1052,378,207.080025,0.905259,0.546883,True
1668,1773664596.401961,1773664711.778694,1039,417,230.737812,0.820976,0.552685,True
1669,1773664596.522435,1773664668.078295,1097,409,143.104161,0.792886,0.348802,True
1670,1773664596.785190,1773664661.865969,1052,373,130.139635,1.502031,0.345800,True
1671,1773664597.217144,1773664665.400679,1036,397,136.359047,0.840672,0.342218,True
1672,1773664597.384948,1773664618.215322,376,74,41.654702,0.337770,0.565985,True
1673,1773664597.961283,1773664647.303502,1043,397,98.665907,1.123914,0.246318,True
1674,1773664598.120074,1773664676.496587,1020,445,156.743067,0.920117,0.350953,True
1675,1773664598.249299,1773664717.428708,1105,429,238.339188,0.559571,0.555560,True
1676,1773664598.551753,1773664715.805539,1095,420,234.504812,0.799835,0.557768,True
1677,1773664599.007670,1773664648.038001,1033,403,98.054618,1.193777,0.240947,True
1678,1773664599.284671,1773664624.807411,1063,93,51.035864,0.592355,0.548299,True
1679,1773664599.824761,1773664647.796134,981,402,95.940930,1.451565,0.235634,True
1680,1773664599.880534,1773664669.446900,999,411,139.115456,0.760340,0.337452,True
1681,1773664600.042232,1773664710.583272,1010,401,221.078389,0.504654,0.551434,True
1682,1773664600.404860,1773664668.375749,1018,396,135.923681,1.067282,0.341409,True
1683,1773664601.405538,1773664705.655822,1145,374,208.484769,0.573748,0.557402,True
1684,1773664601.460398,1773664734.810474,1059,477,266.688034,0.738621,0.558717,True
1685,1773664601.624235,1773664710.627569,1080,395,217.985818,0.906166,0.550964,True
1686,1773664602.667965,1773664623.678425,1321,182,42.011242,1.307660,0.224882,True
1687,1773664602.755424,1773664674.342959,1035,400,143.152473,0.727745,0.356954,True
1688,1773664602.755619,1773664649.322016,1004,394,93.089857,2.270764,0.231092,True
1689,1773664603.942649,1773664721.822905,1165,421,235.746257,0.834135,0.559315,True
1690,1773664604.131716,1773664656.525069,1108,459,104.778521,2.081587,0.224229,True
1691,1773664605.277657,1773664675.051216,978,391,139.528853,1.098213,0.354950,True
1692,1773664605.279843,1773664632.475666,414,137,54.355617,1.087037,0.391681,True
1693,1773664605.511472,1773664626.349389,400,103,41.667974,1.268417,0.396074,True
1694,1773664605.618184,1773664715.805416,998,396,220.372355,0.585428,0.556423,True
1695,1773664605.766826,1773664714.845108,1045,393,218.140795,0.908084,0.554165,True
1696,1773664607.012721,1773664677.415406,1002,407,140.803469,0.698249,0.345087,True
1697,1773664607.012960,1773664621.430530,874,150,28.812674,0.909668,0.187268,True
1698,1773664607.140875,1773664722.379857,1060,415,230.460081,0.528420,0.555390,True
1699,1773664607.504616,1773664633.155298,399,92,51.291343,0.480646,0.558359,True
1700,1773664607.682928,1773664727.596823,1219,429,239.805162,0.648464,0.558777,True
1701,1773664608.076828,1773664670.289435,1100,371,124.423765,0.893905,0.333864,True
1702,1773664608.709632,1773664726.264967,1064,418,235.088861,0.475519,0.562622,True
1703,1773664609.055807,1773664723.789552,1064,414,229.453851,0.576116,0.554183,True
1704,1773664610.362963,1773664727.456443,1003,418,234.170696,0.593767,0.560137,True
1705,1773664611.093385,1773664732.543488,1204,437,242.878610,0.862553,0.555083,True
1706,1773664611.180368,1773664633.782962,1656,82,45.187501,0.654719,0.549787,True
1707,1773664611.214450,1773664686.750223,1179,445,151.057428,0.854617,0.338295,True
1708,1773664611.396635,1773664733.101308,1146,440,243.399926,1.033548,0.552087,True
1709,1773664611.466668,1773664633.290900,420,80,43.633100,1.073363,0.538731,True
1710,1773664611.789568,1773664675.815114,1136,518,128.045037,1.222601,0.245305,True
1711,1773664613.075459,1773664632.475798,402,95,38.788198,0.381602,0.408581,True
1712,1773664613.413662,1773664627.160002,18,128,27.488948,0.084207,0.215785,True
1713,1773664614.068256,1773664643.895404,12,231,59.642099,0.104796,0.258858,True
1714,1773664614.071465,1773664686.677148,1271,423,145.184034,0.953070,0.341780,True
1715,1773664614.466231,1773664634.939434,434,77,40.940417,0.300234,0.534739,True
1716,1773664614.889685,1773664660.106338,1050,362,90.415177,1.125988,0.247338,True
1717,1773664615.095746,1773664730.207063,1069,410,230.203826,0.564276,0.561466,True
1718,1773664615.529097,1773664618.113547,242,14,5.161160,1.770076,0.260853,True
1719,1773664615.758421,1773664672.038270,1116,451,112.551775,1.409248,0.246983,True
1720,1773664615.995258,1773664686.088083,998,411,140.169728,0.798221,0.339931,True
1721,1773664616.354445,1773664684.495692,1103,393,136.280641,1.270692,0.344413,True
1722,1773664617.371291,1773664734.445196,1163,418,234.139984,0.593592,0.560063,True
1723,1773664617.792968,1773664699.688415,1065,474,163.775417,0.741698,0.344680,True
1724,1773664618.190214,1773664642.990192,1063,93,49.586271,0.520017,0.533329,True
1725,1773664618.792217,1773664643.989688,398,95,50.385988,0.413296,0.531624,True
1726,1773664619.060350,1773664648.395829,874,169,58.654898,0.708217,0.344921,True
1727,1773664619.186518,1773664689.361916,1056,417,140.338905,1.208185,0.334449,True
1728,1773664619.369706,1773664640.600285,1116,79,42.439329,0.478560,0.537959,True
1729,1773664619.604178,1773664670.989157,1044,396,102.759760,1.135518,0.257277,True
1730,1773664619.969485,1773664750.804018,1075,466,261.647307,0.689745,0.561199,True
1731,1773664620.566841,1773664637.270406,401,89,33.385245,0.337752,0.375540,True
1732,1773664621.177166,1773664709.982256,1044,524,177.602077,0.819483,0.338016,True
1733,1773664621.393343,1773664642.163087,1312,157,41.516884,1.291416,0.257856,True
1734,1773664622.730284,1773664733.558471,1039,398,221.644548,0.485580,0.557075,True
1735,1773664623.590856,1773664732.310709,1027,390,217.431752,0.468655,0.557746,True
1736,1773664623.736097,1773664649.701181,395,93,51.912440,0.584517,0.557912,True
1737,1773664623.834506,1773664675.993556,1133,423,104.310144,1.186496,0.244369,True
1738,1773664624.158652,1773664717.354173,1156,565,186.369211,0.779127,0.329060,True
1739,1773664624.357216,1773664711.735105,1082,522,174.739656,1.383389,0.332738,True
1740,1773664624.975376,1773664731.466099,1126,375,212.973290,0.604465,0.567831,True
1741,1773664625.136177,1773664679.048796,1314,210,107.803623,0.645865,0.512717,True
1742,1773664625.189580,1773664731.095771,1062,373,211.789216,0.911050,0.566877,True
1743,1773664625.236458,1773664630.523892,238,14,10.562691,0.636012,0.763591,True
1744,1773664625.787002,1773664671.802767,1313,181,92.009255,0.927123,0.506012,True
1745,1773664625.996290,1773664737.939551,1200,406,223.869092,0.841820,0.550685,True
1746,1773664626.321503,1773664648.986002,413,137,45.313194,0.349591,0.330615,True
1747,1773664626.665596,1773664731.651020,1054,374,209.963132,0.698799,0.561030,True
1748,1773664627.105233,1773664803.288865,1059,622,352.351386,1.039678,0.565719,True
1749,1773664627.190386,1773664740.852445,1050,411,227.311361,0.685060,0.552747,True
1750,1773664627.641498,1773664697.521330,1069,419,139.753646,0.808215,0.332405,True
1751,1773664627.850685,1773664680.630644,1085,426,105.545835,1.130787,0.245682,True
1752,1773664628.081245,1773664747.228873,1012,434,238.293203,0.634499,0.548865,True
1753,1773664628.347569,1773664637.721185,1537,51,18.744724,1.218296,0.350529,True
1754,1773664629.164920,1773664649.478686,401,80,40.614165,0.719231,0.504999,True
1755,1773664629.184839,1773664795.234704,1158,589,332.082491,0.697587,0.563580,True
1756,1773664629.585051,1773664678.148561,1028,396,97.121083,1.139734,0.242991,True
1757,1773664629.603042,1773664642.763321,369,57,26.308485,0.578139,0.459470,True
1758,1773664629.870643,1773664695.666392,1133,507,131.574675,2.043122,0.255991,True
1759,1773664630.394370,1773664710.555864,1010,485,160.315316,0.746523,0.329688,True
1760,1773664632.273450,1773664762.533324,1066,465,260.498215,0.532266,0.560271,True
1761,1773664632.384149,1773664702.883561,1036,422,140.989317,0.809419,0.332969,True
1762,1773664632.780388,1773664700.507958,977,407,135.445284,1.140795,0.330799,True
1763,1773664633.001917,1773664745.801122,1097,411,225.578784,0.562342,0.548821,True
1764,1773664633.035927,1773664655.563493,396,88,45.041720,0.591020,0.510928,True
1765,1773664634.350494,1773664717.070210,1096,514,165.429914,0.796282,0.320923,True
1766,1773664635.377616,1773664647.445570,2006,77,24.115104,2.097561,0.289705,True
1767,1773664636.929508,1773664728.833192,1052,667,183.790145,2.217641,0.272631,True
1768,1773664637.073833,1773664694.024328,1082,428,113.881405,1.512221,0.263160,True
1769,1773664637.759736,1773664745.147703,1073,378,214.756824,0.675084,0.567856,True
1770,1773664637.773207,1773664675.073148,11,141,74.586406,0.239810,0.531047,True
1771,1773664638.012778,1773664751.033651,1093,396,226.023340,1.241437,0.569068,True
1772,1773664638.065978,1773664748.472253,1014,392,220.796956,1.409395,0.561094,True
1773,1773664638.141493,1773664744.593843,1085,375,212.892946,1.116236,0.566248,True
1774,1773664638.645842,1773664752.771780,1174,411,228.230043,1.298445,0.553492,True
1775,1773664639.304000,1773664745.335697,1094,378,212.061906,0.870934,0.560188,True
1776,1773664639.730407,1773664708.748560,1086,410,138.032149,0.872566,0.335354,True
1777,1773664640.134305,1773664692.054004,987,413,103.833752,0.949512,0.249719,True
1778,1773664641.557403,1773664742.176230,1088,363,201.232394,0.556127,0.554354,True
1779,1773664642.556835,1773664725.376486,1102,523,165.616452,0.819215,0.315704,True
1780,1773664642.687575,1773664694.505072,1029,401,103.624392,0.983420,0.256602,True
1781,1773664643.283897,1773664706.477779,981,381,126.377963,0.746623,0.330609,True
1782,1773664643.450324,1773664758.729121,1029,405,230.545671,0.479907,0.569470,True
1783,1773664643.595266,1773664655.542514,374,91,23.884991,0.786313,0.256652,True
1784,1773664643.880234,1773664695.809345,1023,415,103.840133,1.282760,0.247723,True
1785,1773664644.274928,1773664660.465455,956,59,32.371507,0.482733,0.549806,True
1786,1773664644.753403,1773664752.541991,1057,388,215.575803,0.421983,0.555953,True
1787,1773664644.871532,1773664709.259277,1053,385,128.759827,0.708960,0.333466,True
1788,1773664645.971470,1773664759.050423,1041,395,226.136167,0.493597,0.572697,True
1789,1773664647.442198,1773664760.117473,1146,401,225.346522,0.553160,0.561983,True
1790,1773664647.712369,1773664760.117610,1038,401,224.802304,0.709655,0.560232,True
1791,1773664647.935074,1773664773.025860,1051,440,250.159413,0.815120,0.567982,True
1792,1773664648.091847,1773664682.875648,15,134,69.566163,0.886168,0.516391,True
1793,1773664648.394923,1773664761.047454,1006,394,225.289719,0.575980,0.571791,True
1794,1773664648.959032,1773664674.080672,424,102,50.233066,0.370332,0.493690,True
1795,1773664649.331362,1773664703.932851,1029,415,109.182313,1.102726,0.261062,True
1796,1773664649.399419,1773664789.864208,1006,488,280.921624,0.571355,0.575668,True
1797,1773664650.250423,1773664758.448611,1005,386,216.395069,0.435351,0.560934,True
1798,1773664651.024801,1773664675.808888,404,96,49.554391,0.372440,0.517705,True
1799,1773664651.527325,1773664730.345606,1147,509,157.632561,0.870141,0.308587,True
1800,1773664651.681633,1773664671.135044,1314,138,38.893629,1.357739,0.273985,True
1801,1773664652.036162,1773664769.922601,1008,408,235.764799,0.531760,0.577968,True
1802,1773664652.805059,1773664676.771538,397,93,47.920007,0.294542,0.517668,True
1803,1773664653.040562,1773664783.607457,1027,450,261.112095,0.559500,0.580295,True
1804,1773664655.159797,1773664668.757689,424,96,27.172742,0.448944,0.281303,True
1805,1773664655.836697,1773664777.753057,1042,424,243.815003,0.442421,0.575349,True
1806,1773664656.737451,1773664707.776968,1094,385,102.074875,1.365053,0.262265,True
1807,1773664657.225621,1773664676.274923,415,93,38.090967,0.417771,0.409491,True
1808,1773664657.325739,1773664775.532779,1096,411,236.397962,0.482308,0.575404,True
1809,1773664657.660001,1773664681.038194,398,127,46.754050,0.342680,0.368344,True
1810,1773664657.962338,1773664822.338363,1052,564,328.737942,0.511607,0.582995,True
1811,1773664658.270536,1773664708.384397,1089,394,100.223896,1.128885,0.252150,True
1812,1773664658.449493,1773664785.781677,1160,443,254.646565,0.580138,0.574811,True
1813,1773664658.792240,1773664671.575331,1786,50,25.548595,1.024609,0.500490,True
1814,1773664659.294373,1773664747.989409,1090,558,177.381173,0.794010,0.317033,True
1815,1773664659.637232,1773664693.179153,1317,180,67.082207,1.410500,0.366881,True
1816,1773664660.214619,1773664732.310848,1179,511,144.172628,1.219910,0.280299,True
1817,1773664660.682584,1773664770.596540,1116,368,219.820004,0.542498,0.597486,True
1818,1773664660.813537,1773664674.816784,388,55,27.994413,0.662900,0.506139,True
1819,1773664661.801770,1773664690.903120,887,112,58.183692,0.546772,0.519252,True
1820,1773664661.845371,1773664724.534737,1020,385,125.362749,0.721724,0.324586,True
1821,1773664662.587490,1773664700.281612,1313,135,75.379188,0.594247,0.558097,True
1822,1773664662.695698,1773664779.014432,1055,395,232.635591,0.962549,0.588003,True
1823,1773664662.771761,1773664725.376753,1130,391,125.194802,0.757953,0.319069,True
1824,1773664663.661560,1773664725.265553,1062,398,123.199988,1.119648,0.307507,True
1825,1773664664.277364,1773664783.367867,1070,411,238.163333,0.463384,0.579756,True
1826,1773664664.475809,1773664667.891624,238,14,6.813438,0.531435,0.483231,True
1827,1773664664.604790,1773664800.075996,1060,468,270.934390,0.696583,0.578668,True
1828,1773664665.251042,1773664715.523489,1026,379,100.535678,1.159413,0.262900,True
1829,1773664665.368574,1773664727.211684,1073,385,123.682197,0.887307,0.319778,True
1830,1773664665.370425,1773664702.228265,1325,198,73.693660,1.464231,0.366647,True
1831,1773664665.506995,1773664679.181651,387,58,27.348194,0.289382,0.474716,True
1832,1773664665.576072,1773664688.334330,438,93,45.508833,0.384099,0.490486,True
1833,1773664665.784251,1773664676.099929,406,86,20.629862,1.084280,0.229948,True
1834,1773664666.170077,1773664688.963375,388,93,45.576493,0.276604,0.492390,True
1835,1773664667.617373,1773664678.252892,398,107,21.255669,0.509064,0.195723,True
1836,1773664668.568950,1773664707.928552,22,131,78.705611,0.190918,0.603959,True
1837,1773664669.107336,1773664680.699314,417,110,23.182514,0.477279,0.208305,True
1838,1773664669.301742,1773664730.551296,1052,400,122.488978,0.906471,0.304718,True
1839,1773664669.395673,1773664727.234499,1069,388,115.669808,1.287647,0.295561,True
1840,1773664669.606238,1773664734.097392,1019,427,128.959998,1.374440,0.299497,True
1841,1773664669.662253,1773664785.399493,1222,396,231.462672,0.516253,0.584674,True
1842,1773664669.679735,1773664677.039796,902,29,14.700391,0.690661,0.500347,True
1843,1773664670.318038,1773664737.024339,1051,440,133.404587,2.711310,0.297707,True
1844,1773664670.359593,1773664702.374929,2006,175,64.023043,2.669776,0.352605,True
1845,1773664670.409205,1773664784.705738,1135,388,228.578892,0.564474,0.589185,True
1846,1773664671.130049,1773664702.338001,1349,172,62.394052,2.898585,0.347927,True
1847,1773664672.158707,1773664828.934807,1147,525,313.550278,0.507324,0.597410,True
1848,1773664672.511473,1773664729.174704,1095,387,113.324462,1.194862,0.290491,True
1849,1773664673.089458,1773664785.210560,1158,383,224.219518,0.572699,0.585463,True
1850,1773664673.982980,1773664795.663157,1090,414,243.352183,0.511547,0.587992,True
1851,1773664674.521560,1773664705.703430,396,99,62.357637,0.366252,0.632565,True
1852,1773664675.175580,1773664791.140897,1091,397,231.919366,0.441365,0.584540,True
1853,1773664675.659647,1773664802.092189,1083,430,252.855192,0.607363,0.587990,True
1854,1773664677.590261,1773664794.664178,1136,396,234.135647,0.524268,0.591421,True
1855,1773664677.834488,1773664788.146466,1001,375,220.601585,0.694610,0.587987,True
1856,1773664678.099464,1773664727.408784,50,154,98.609051,0.512329,0.641155,True
1857,1773664678.176080,1773664828.701610,1056,499,301.049505,0.683591,0.603144,True
1858,1773664678.467825,1773664764.645873,1084,534,172.354756,0.760582,0.321940,True
1859,1773664679.154988,1773664739.528136,1062,416,120.738132,1.118451,0.288240,True
1860,1773664679.199998,1773664690.502760,773,41,22.600263,0.468299,0.553299,True
1861,1773664679.453205,1773664792.106251,1070,373,225.287721,0.668459,0.603815,True
1862,1773664679.801248,1773664802.414263,1085,407,245.220421,0.745237,0.602156,True
1863,1773664680.198540,1773664703.612481,388,75,46.806286,0.596635,0.624455,True
1864,1773664680.850920,1773664695.340803,383,80,28.967855,0.508871,0.360240,True
1865,1773664681.030787,1773664865.036568,1027,660,368.002142,0.451441,0.557740,True
1866,1773664681.174398,1773664700.432277,414,102,38.498042,0.478888,0.376427,True
1867,1773664681.570456,1773664811.700421,1164,444,260.247069,0.525182,0.586280,True
1868,1773664681.953215,1773664747.298890,1069,430,130.677500,0.845344,0.302639,True
1869,1773664682.269979,1773664741.338515,1136,396,118.125147,1.395819,0.295517,True
1870,1773664682.894516,1773664696.057271,1951,67,26.311759,2.030550,0.367897,True
1871,1773664683.223799,1773664839.403774,1044,527,312.343966,0.594460,0.592680,True
1872,1773664683.393514,1773664759.281471,1094,575,151.765333,2.691242,0.259711,True
1873,1773664683.452474,1773664817.301695,1086,446,267.682740,0.839258,0.599648,True
1874,1773664684.869293,1773664802.952850,991,394,236.152947,0.522198,0.599569,True
1875,1773664685.725270,1773664706.107473,383,59,40.762687,0.242700,0.698620,True
1876,1773664687.083453,1773664744.978300,976,388,115.785789,0.757110,0.297232,True
1877,1773664687.539908,1773664747.645442,1158,400,120.200895,1.077726,0.298554,True
1878,1773664687.741958,1773664831.807892,1089,1000,288.129982,1.147014,0.287270,True
1879,1773664687.751744,1773664805.728957,1031,388,235.949589,0.481568,0.608444,True
1880,1773664688.790880,1773664806.496140,1134,394,235.388752,0.477636,0.597738,True
1881,1773664688.925426,1773664759.097301,1314,227,140.339544,0.825647,0.617318,True
1882,1773664689.039554,1773664719.160157,400,90,60.233535,0.927243,0.666363,True
1883,1773664689.294750,1773664773.166355,1025,604,167.725030,1.100081,0.276327,True
1884,1773664689.453899,1773664753.919625,1052,415,128.919593,0.737272,0.309619,True
1885,1773664690.081113,1773664745.225542,1020,420,110.278745,1.929927,0.258589,True
1886,1773664690.091989,1773664723.003512,410,99,65.812672,0.221555,0.669297,True
1887,1773664690.327321,1773664742.719000,998,385,104.765250,1.131072,0.269881,True
1888,1773664690.516211,1773664745.156843,1120,419,109.263575,2.597585,0.255182,True
1889,1773664690.731256,1773664809.053828,1112,394,236.637323,0.458442,0.600964,True
1890,1773664690.824282,1773664854.978041,973,565,328.295918,0.578014,0.581060,True
1891,1773664690.878415,1773664736.523344,1351,148,91.282594,0.732683,0.615986,True
1892,1773664691.464961,1773664741.668803,16,163,100.386050,0.439941,0.616951,True
1893,1773664691.465113,1773664743.581076,1069,396,104.189942,2.198110,0.258207,True
1894,1773664691.807963,1773664722.767507,1316,193,61.903008,1.099681,0.316684,True
1895,1773664691.947089,1773664846.195512,1025,514,308.483245,0.425011,0.600503,True
1896,1773664692.008771,1773664716.677370,2006,77,49.319119,1.186012,0.633330,True
1897,1773664693.257809,1773664710.131349,378,51,33.724126,0.241230,0.669658,True
1898,1773664693.505668,1773664811.886364,1036,398,236.759741,0.678726,0.594663,True
1899,1773664693.514292,1773664855.566451,1042,558,324.099024,0.453508,0.581051,True
1900,1773664694.019198,1773664748.365069,1089,372,108.682424,0.801298,0.290785,True
1901,1773664694.521697,1773664811.840101,1146,395,234.635200,0.973626,0.593050,True
1902,1773664694.625168,1773664817.535714,1011,411,245.815440,0.867996,0.597433,True
1903,1773664695.753975,1773664809.603036,981,382,227.683812,0.398666,0.596549,True
1904,1773664696.521105,1773664763.286645,1138,414,133.519092,0.805638,0.321340,True
1905,1773664696.920117,1773664821.730721,1163,418,249.600954,0.574012,0.597187,True
1906,1773664696.921338,1773664820.492631,1087,417,247.103419,0.677652,0.592370,True
1907,1773664697.257062,1773664849.836296,1138,517,305.144451,0.718431,0.589973,True
1908,1773664697.366278,1773664770.921040,1160,468,147.101635,0.900547,0.313064,True
1909,1773664697.478753,1773664747.920731,21,165,100.869773,0.573121,0.611565,True
1910,1773664697.661229,1773664809.888652,1091,378,224.453045,0.640685,0.593667,True
1911,1773664697.787130,1773664748.639069,1149,407,101.701907,1.209693,0.247518,True
1912,1773664698.124376,1773664724.913408,1378,85,53.576524,0.813362,0.628133,True
1913,1773664698.280390,1773664761.938119,1013,397,127.299510,0.734042,0.319610,True
1914,1773664698.454266,1773664819.699669,1053,408,242.468955,0.802057,0.593776,True
1915,1773664698.674532,1773664816.633896,1049,398,235.906905,0.994613,0.591719,True
1916,1773664698.882991,1773664709.206356,1474,94,20.645068,1.587378,0.204921,True
1917,1773664698.888733,1773664705.423736,243,14,13.058065,0.459286,0.969137,True
1918,1773664698.888846,1773664712.692457,401,95,27.574579,0.483274,0.288205,True
1919,1773664699.060867,1773664714.895038,430,106,31.649127,0.540208,0.296275,True
1920,1773664699.649212,1773664822.615424,1044,415,245.928170,0.575371,0.592640,True
1921,1773664700.266476,1773664817.205927,1179,398,233.866758,0.652421,0.587442,True
1922,1773664700.405601,1773664818.247405,1175,401,235.673482,0.639719,0.587584,True
1923,1773664701.341460,1773664763.575693,1034,395,124.448554,0.762136,0.313925,True
1924,1773664701.437097,1773664715.989293,1951,46,29.086440,0.839890,0.627701,True
1925,1773664701.798449,1773664818.485174,1134,394,233.371841,1.579069,0.589803,True
1926,1773664701.887162,1773664732.449010,415,101,61.111809,1.485305,0.596265,True
1927,1773664702.001336,1773664825.547522,1157,416,247.082469,1.372088,0.592073,True
1928,1773664702.493089,1773664728.678255,983,151,52.368915,0.966586,0.342682,True
1929,1773664702.630457,1773664834.204141,1059,448,263.125933,1.258474,0.585833,True
1930,1773664702.758879,1773664762.157375,969,375,118.778994,0.770122,0.315532,True
1931,1773664703.467093,1773664707.562294,243,14,8.178593,0.575982,0.584816,True
1932,1773664703.486444,1773664811.557371,1011,373,216.126517,0.511388,0.579611,True
1933,1773664703.668873,1773664816.968554,1040,385,226.597736,0.844558,0.587899,True
1934,1773664704.307429,1773664826.201782,1047,419,243.782691,0.678303,0.581589,True
1935,1773664704.572428,1773664819.980395,1135,396,230.794585,0.647132,0.582652,True
1936,1773664704.917771,1773664766.664223,1162,401,123.469950,0.816958,0.306632,True
1937,1773664704.918245,1773664756.245034,1150,395,102.610373,1.246026,0.257270,True
1938,1773664705.625900,1773664752.908862,20,177,94.547887,0.187389,0.536139,True
1939,1773664705.881901,1773664726.564499,379,70,41.359289,0.387925,0.593788,True
1940,1773664706.121114,1773664820.681005,1106,396,229.113955,0.647000,0.578397,True
1941,1773664706.855566,1773664719.359806,414,95,25.007089,0.387189,0.261914,True
1942,1773664707.028897,1773664770.777100,1072,415,127.484400,1.017329,0.305476,True
1943,1773664708.122193,1773664709.872679,238,14,3.483344,0.320249,0.243315,True
1944,1773664708.230209,1773664733.191516,385,87,49.912650,0.268470,0.577258,True
1945,1773664708.889803,1773664714.301541,322,18,10.801795,0.717502,0.593194,True
1946,1773664708.969329,1773664825.734050,1026,396,233.519699,0.643888,0.589559,True
1947,1773664709.581656,1773664760.512685,970,403,101.850958,1.194031,0.250390,True
1948,1773664709.886061,1773664729.099186,1378,85,38.424452,2.280705,0.430283,True
1949,1773664710.246104,1773664759.785752,13,172,99.067111,0.228677,0.578003,True
1950,1773664710.319657,1773664823.788878,1004,388,226.927119,0.572200,0.584896,True
1951,1773664710.469749,1773664758.526687,980,372,96.112044,2.231337,0.253048,True
1952,1773664711.851310,1773664859.894089,1102,530,296.079786,0.559707,0.558639,True
1953,1773664712.014897,1773664828.001652,1005,394,231.959285,0.816656,0.588149,True
1954,1773664712.300362,1773664729.840744,403,94,35.079372,0.859446,0.367956,True
1955,1773664712.786454,1773664844.603977,1169,451,263.629280,0.614766,0.584477,True
1956,1773664712.864690,1773664760.352992,1140,397,94.961788,1.451015,0.236138,True
1957,1773664712.977550,1773664828.981110,1083,395,231.990859,0.615759,0.587246,True
1958,1773664713.336887,1773664831.172109,1034,398,235.648580,0.765222,0.591646,True
1959,1773664713.832178,1773664750.056089,404,131,72.444488,0.541920,0.553097,True
1960,1773664713.954432,1773664781.264319,1073,422,134.609720,0.860499,0.317694,True
1961,1773664714.025491,1773664717.936715,243,14,7.810582,0.431786,0.567600,True
1962,1773664714.529459,1773664829.446783,1146,389,229.818705,0.617883,0.590724,True
1963,1773664714.808456,1773664829.953865,1017,394,230.270684,0.651997,0.584271,True
1964,1773664715.418518,1773664777.022304,1164,395,123.193559,0.822495,0.310586,True
1965,1773664715.537401,1773664738.332385,1312,156,45.581314,1.366369,0.285258,True
1966,1773664716.223004,1773664765.826853,1096,396,99.193614,1.867459,0.246395,True
1967,1773664716.668394,1773664759.004964,983,151,84.659397,0.425312,0.561561,True
1968,1773664717.225673,1773664836.690243,1050,412,238.927338,0.474593,0.580177,True
1969,1773664717.479173,1773664732.082693,399,87,29.192937,1.062164,0.327102,True
1970,1773664717.595865,1773664750.712030,404,118,66.223087,0.451300,0.562152,True
1971,1773664718.232968,1773664742.658004,1992,91,48.848298,0.827583,0.533563,True
1972,1773664718.368178,1773664838.086272,1163,409,239.434913,1.342679,0.583559,True
1973,1773664718.591580,1773664796.878695,1103,577,156.564069,1.211879,0.269709,True
1974,1773664719.385426,1773664808.181602,1123,651,177.578858,3.289188,0.268138,True
1975,1773664719.399248,1773664769.472213,1032,396,100.137270,1.254278,0.250337,True
1976,1773664719.487347,1773664724.584838,315,18,10.177361,0.421009,0.573903,True
1977,1773664719.517839,1773664738.332258,1316,151,37.606265,3.152797,0.229690,True
1978,1773664719.674241,1773664783.453790,1014,398,127.539964,0.741693,0.319391,True
1979,1773664720.174515,1773664788.413605,1071,426,136.464164,1.054155,0.318612,True
1980,1773664720.202507,1773664863.267704,1069,523,286.108848,0.542186,0.547063,True
1981,1773664720.628530,1773664747.503557,421,93,53.734416,0.435430,0.579337,True
1982,1773664721.192093,1773664750.421865,1474,109,58.443927,0.568600,0.535883,True
1983,1773664721.918241,1773664766.828313,1097,393,89.812502,1.918852,0.224218,True
1984,1773664722.331405,1773664843.687686,1086,419,242.696147,0.469374,0.579490,True
1985,1773664723.540523,1773664728.852077,238,14,10.607435,0.731152,0.759714,True
1986,1773664723.546248,1773664834.841092,1088,382,222.565467,0.720906,0.582269,True
1987,1773664723.739885,1773664846.592722,1088,417,245.690427,0.643103,0.589056,True
1988,1773664723.863390,1773664727.667219,724,40,7.589910,0.720431,0.176140,True
1989,1773664724.684069,1773664842.780840,1151,404,236.187855,0.544182,0.584724,True
1990,1773664724.843454,1773664836.968417,1101,385,224.243750,0.813760,0.581849,True
1991,1773664725.210310,1773664871.196965,1090,558,291.955833,0.804288,0.522714,True
1992,1773664726.013969,1773664846.640653,960,413,241.243507,0.489931,0.584353,True
1993,1773664726.688048,1773664844.242819,1094,411,235.102254,0.476033,0.572259,True
1994,1773664727.510807,1773664842.593330,1111,396,230.144414,0.541816,0.581272,True
1995,1773664727.586670,1773664769.777497,1316,140,84.364870,0.877694,0.600627,True
1996,1773664728.959381,1773664836.734020,1094,377,215.547736,0.583919,0.571712,True
1997,1773664729.492796,1773664751.900146,403,86,44.809103,0.280396,0.523867,True
1998,1773664730.425998,1773664744.602652,1316,149,28.335640,1.373651,0.182176,True
1999,1773664732.859972,1773664793.809639,1114,442,121.880185,1.305900,0.273411,True
2000,1773664733.509206,1773664797.415387,1323,213,127.800692,0.558619,0.600198,True
2001,1773664733.724536,1773664787.453563,397,181,107.436082,0.566659,0.593719,True
2002,1773664733.952790,1773664806.560744,1069,419,145.197181,0.794930,0.345460,True
2003,1773664735.433822,1773664773.905488,1316,207,76.929227,1.098914,0.368108,True
2004,1773664735.512111,1773664758.008541,374,76,44.986637,0.226071,0.596808,True
2005,1773664736.635263,1773664850.980608,994,396,228.685296,0.426976,0.577869,True
2006,1773664736.696013,1773664767.321087,1961,96,61.237927,1.183571,0.632151,True
2007,1773664737.346422,1773664849.882570,961,388,225.064365,1.371952,0.578017,True
2008,1773664737.363074,1773664755.674971,397,94,36.606260,0.417585,0.389126,True
2009,1773664737.391743,1773664849.284764,1053,380,223.783456,1.226893,0.587220,True
2010,1773664737.668982,1773664772.227304,1314,111,69.104822,0.733970,0.621553,True
2011,1773664738.062104,1773664810.431700,1131,432,144.725429,0.870967,0.333769,True
2012,1773664738.759594,1773664806.129048,1198,394,134.728979,1.028674,0.340204,True
2013,1773664739.585478,1773664850.710276,1074,377,222.233292,0.560496,0.589555,True
2014,1773664739.768954,1773664764.040349,44,121,48.541283,0.208754,0.402771,True
2015,1773664739.872075,1773664741.373297,738,10,2.996820,0.549204,0.271957,True
2016,1773664739.948672,1773664741.498724,738,10,3.081955,0.885060,0.244099,True
2017,1773664741.208033,1773664747.734640,738,20,13.049342,0.314991,0.670229,True
2018,1773664741.558637,1773664857.850802,1026,418,232.568244,0.508173,0.556499,True
2019,1773664741.747903,1773664854.436211,1040,399,225.358840,0.754640,0.564332,True
2020,1773664742.663366,1773664858.686096,1133,414,232.027850,0.627281,0.560292,True
2021,1773664742.994779,1773664754.796454,808,43,23.587468,0.766353,0.543360,True
2022,1773664743.026505,1773664762.558854,373,78,39.049167,0.364993,0.502392,True
2023,1773664743.284498,1773664769.542527,1138,80,52.498214,0.647862,0.656334,True
2024,1773664743.389654,1773664852.851258,1133,379,218.909687,0.815831,0.576968,True
2025,1773664743.742301,1773664747.158445,120,12,6.811271,0.209924,0.600122,True
2026,1773664744.074577,1773664813.814015,1073,419,139.456917,0.750907,0.331833,True
2027,1773664744.993381,1773664815.105519,1128,428,140.202223,0.817971,0.326427,True
2028,1773664745.315585,1773664769.637907,1020,74,48.635080,0.425612,0.660404,True
2029,1773664745.617090,1773664813.566650,1124,411,135.893154,1.011359,0.328980,True
2030,1773664745.652635,1773664857.002302,1048,396,222.680511,0.959041,0.561320,True
2031,1773664745.653822,1773664856.647314,1013,394,221.949307,0.948582,0.562343,True
2032,1773664747.238490,1773664757.589588,376,69,20.696475,0.474897,0.297376,True
2033,1773664747.679827,1773664858.642047,1148,393,221.904920,0.546145,0.564691,True
2034,1773664748.231468,1773664858.467710,1018,391,220.469029,0.604651,0.563755,True
2035,1773664748.408405,1773664765.743466,1337,79,34.666544,0.977611,0.431909,True
2036,1773664748.670654,1773664757.834517,1099,57,18.307116,1.173357,0.305960,True
2037,1773664748.812698,1773664813.990710,1051,396,130.354097,1.695468,0.325718,True
2038,1773664748.820728,1773664859.120269,1138,398,220.591574,0.620922,0.554082,True
2039,1773664749.243223,1773664810.538519,1148,375,122.568672,0.936985,0.325218,True
2040,1773664749.867477,1773664783.712296,424,114,67.681966,0.500309,0.594528,True
2041,1773664750.027075,1773664773.784388,388,80,47.492339,0.333759,0.596944,True
2042,1773664750.086914,1773664859.078046,1091,397,217.974225,0.521357,0.549123,True
2043,1773664750.184163,1773664760.286696,1484,88,20.203624,1.535277,0.214579,True
2044,1773664751.518565,1773664783.957040,1312,181,64.854714,1.058921,0.354421,True
2045,1773664751.646099,1773664815.968100,1031,403,128.626444,2.014252,0.314956,True
2046,1773664752.165111,1773664815.624571,1089,402,126.897309,1.176428,0.313518,True
2047,1773664753.814101,1773664819.093796,1135,390,130.540144,1.199337,0.332496,True
2048,1773664753.890739,1773664780.818765,391,87,53.842694,0.316888,0.622393,True
2049,1773664754.077636,1773664864.995818,974,406,221.818708,0.563070,0.546310,True
2050,1773664754.308756,1773664820.304082,1013,396,131.970710,1.815565,0.329507,True
2051,1773664754.856913,1773664802.269205,1316,150,94.823083,1.241694,0.628063,True
2052,1773664755.039649,1773664869.394057,1084,429,228.701047,1.055828,0.531881,True
2053,1773664755.158284,1773664861.817692,1162,390,213.297656,1.173414,0.545307,True
2054,1773664755.495593,1773664775.630732,1061,117,40.262686,0.831264,0.339926,True
2055,1773664755.536374,1773664868.949056,1046,427,226.817785,1.125437,0.529794,True
2056,1773664756.376880,1773664880.289236,1183,501,247.816964,0.529852,0.494574,True
2057,1773664756.498832,1773664860.194384,1182,372,207.375321,0.925797,0.556468,True
2058,1773664756.626308,1773664818.653498,1167,398,124.040143,0.866662,0.310261,True
2059,1773664756.670244,1773664770.090256,381,76,26.830396,0.486355,0.351254,True
2060,1773664756.902950,1773664819.280438,1198,405,124.740962,1.643567,0.304697,True
2061,1773664756.932791,1773664863.351553,1006,397,212.821875,0.690636,0.535685,True
2062,1773664757.363230,1773664816.479357,1026,385,118.214138,0.855472,0.305622,True
2063,1773664757.426325,1773664866.998381,1022,413,219.127384,0.525053,0.530588,True
2064,1773664757.605077,1773664788.292592,900,102,61.358661,0.548875,0.602077,True
2065,1773664758.847863,1773664774.081767,911,97,30.456110,0.693002,0.310032,True
2066,1773664759.186483,1773664819.088281,1096,398,119.799553,1.326979,0.298420,True
2067,1773664759.377401,1773664772.950151,389,87,27.128164,0.548469,0.309066,True
2068,1773664759.671793,1773664821.173790,1102,420,123.002516,1.876795,0.289083,True
2069,1773664759.944081,1773664864.198259,1010,391,208.484708,0.468409,0.533375,True
2070,1773664760.115493,1773664819.088289,1148,398,117.933183,1.183887,0.294079,True
2071,1773664760.219702,1773664819.053698,1024,396,117.658329,1.562129,0.293914,True
2072,1773664760.441275,1773664865.835052,1023,394,210.782069,0.554060,0.534931,True
2073,1773664760.467979,1773664768.070635,242,14,15.191797,0.323707,1.143699,True
2074,1773664760.580198,1773664866.166741,1144,396,211.155114,0.884022,0.532332,True
2075,1773664761.248583,1773664847.203022,995,449,171.896651,0.969590,0.381534,True
2076,1773664761.349732,1773664868.011226,1082,411,213.305382,0.592889,0.518811,True
2077,1773664761.488972,1773664783.247483,1020,74,43.510900,1.820552,0.571101,True
2078,1773664761.804567,1773664864.868437,989,392,206.118107,0.576262,0.525682,True
2079,1773664762.494851,1773664772.698390,1717,28,20.395519,0.756347,0.727377,True
2080,1773664762.932586,1773664862.799325,1013,373,199.725497,0.754395,0.534869,True
2081,1773664763.094867,1773664835.101538,1051,427,143.999166,1.334078,0.334895,True
2082,1773664763.461643,1773664782.412113,382,64,37.893355,0.542902,0.592864,True
2083,1773664763.791214,1773664798.319493,1313,204,69.044738,1.992534,0.330306,True
2084,1773664764.565207,1773664778.673813,381,88,28.199647,0.383702,0.319724,True
2085,1773664764.609754,1773664888.351125,1051,538,247.470175,0.512014,0.459885,True
2086,1773664764.763972,1773664770.502565,243,14,11.463331,0.502553,0.843137,True
2087,1773664764.843391,1773664788.482027,1337,79,47.257666,0.829384,0.595234,True
2088,1773664765.151380,1773664815.521330,401,164,100.733684,0.584686,0.614411,True
2089,1773664765.548165,1773664770.022760,120,12,8.931303,1.200866,0.702767,True
2090,1773664765.578852,1773664867.527890,1130,398,203.876210,0.885798,0.511311,True
2091,1773664765.578976,1773664867.327084,1134,393,203.453267,0.755354,0.517087,True
2092,1773664765.614860,1773664866.251436,1053,385,201.259697,0.488509,0.522842,True
2093,1773664765.813215,1773664827.502859,1015,393,123.368404,0.939451,0.312319,True
2094,1773664765.939101,1773664816.779185,25,165,101.672324,0.614396,0.616207,True
2095,1773664766.113804,1773664848.678196,1168,453,165.114733,1.879668,0.361140,True
2096,1773664766.486733,1773664867.367404,1023,396,201.745653,0.580801,0.509278,True
2097,1773664767.007715,1773664880.662286,964,476,227.299443,0.622890,0.477214,True
2098,1773664767.074101,1773664786.204553,1360,90,38.259376,2.324473,0.403763,True
2099,1773664767.134961,1773664868.867187,1048,397,203.458347,0.712200,0.511985,True
2100,1773664767.391914,1773664875.732451,996,441,216.665202,0.957703,0.490244,True
2101,1773664767.459307,1773664794.282121,890,89,53.639969,0.995139,0.598237,True
2102,1773664767.462793,1773664829.534417,1135,415,124.122285,0.803694,0.297871,True
2103,1773664767.577274,1773664784.097723,408,100,33.020544,1.054236,0.322892,True
2104,1773664767.649217,1773664867.852442,1266,397,200.404575,0.601359,0.504554,True
2105,1773664768.167972,1773664792.200879,403,89,48.059957,0.559695,0.539776,True
2106,1773664768.424734,1773664869.190042,1127,398,201.524926,0.627586,0.506039,True
2107,1773664768.546707,1773664781.122021,390,79,25.138657,0.471624,0.316244,True
2108,1773664769.831856,1773664867.852449,1084,390,196.027223,0.515085,0.502602,True
2109,1773664770.443779,1773664831.808047,963,399,122.722108,0.981346,0.305881,True
2110,1773664770.891054,1773664806.013481,404,128,70.238819,0.381246,0.550060,True
2111,1773664771.043319,1773664829.865279,1201,396,117.630007,0.902266,0.295513,True
2112,1773664771.221993,1773664873.661257,1115,418,204.869184,0.517128,0.490053,True
2113,1773664771.782069,1773664834.790034,1025,397,126.014075,1.137982,0.315344,True
2114,1773664773.219970,1773664793.583002,418,113,40.704221,0.532493,0.358676,True
2115,1773664773.258861,1773664874.045576,984,409,201.567955,0.466655,0.492895,True
2116,1773664773.524295,1773664871.473363,1150,394,195.886455,0.844567,0.496290,True
2117,1773664773.897110,1773664871.437076,1011,384,195.072428,0.837712,0.507140,True
2118,1773664774.588064,1773664835.178382,1149,383,121.158180,1.150664,0.314156,True
2119,1773664774.662708,1773664803.383342,408,103,57.422909,0.433096,0.558724,True
2120,1773664774.843533,1773664787.035514,386,67,24.374263,0.428275,0.362818,True
2121,1773664775.733459,1773664848.841021,1196,410,146.208608,1.573927,0.353630,True
2122,1773664776.051839,1773664839.307617,1008,414,126.493492,0.852310,0.304216,True
2123,1773664776.288813,1773664878.524565,985,421,204.453611,0.570419,0.485436,True
2124,1773664776.420000,1773664849.993519,988,432,147.124979,3.550210,0.333120,True
2125,1773664776.553346,1773664877.458531,1027,414,201.808608,0.744758,0.486837,True
2126,1773664776.553465,1773664873.193168,1042,394,193.255256,0.846790,0.489589,True
2127,1773664776.665761,1773664837.325336,1071,384,121.313268,1.762300,0.312144,True
2128,1773664776.702823,1773664838.059092,1093,401,122.696623,1.057858,0.304097,True
2129,1773664776.996522,1773664856.673316,1171,523,159.351701,2.983705,0.299556,True
2130,1773664777.328213,1773664844.009106,1048,433,133.349721,1.195614,0.305912,True
2131,1773664777.361420,1773664791.022496,1821,84,27.314452,3.514759,0.286743,True
2132,1773664777.724337,1773664792.135051,388,98,28.820074,0.911007,0.287722,True
2133,1773664777.743055,1773664807.316546,1047,99,59.140962,0.604937,0.597306,True
2134,1773664778.630715,1773664818.105569,21,138,78.930039,0.223285,0.574502,True
2135,1773664779.455758,1773664845.929320,971,444,132.929110,0.696404,0.298494,True
2136,1773664779.638676,1773664850.148925,1185,434,141.014620,1.853801,0.321388,True
2137,1773664780.725894,1773664876.001766,1231,396,190.548255,0.646707,0.480763,True
2138,1773664781.027533,1773664817.349539,413,113,72.642539,0.706232,0.642288,True
2139,1773664781.646787,1773664880.182338,1255,414,197.059649,0.605921,0.475675,True
2140,1773664782.197883,1773664798.209805,922,104,32.022218,0.648841,0.304596,True
2141,1773664782.358879,1773664873.895833,1080,375,183.064661,0.477078,0.488202,True
2142,1773664782.591653,1773664796.631727,383,48,28.077725,0.624790,0.584105,True
2143,1773664783.292276,1773664784.277630,120,12,1.965173,0.157769,0.164309,True
2144,1773664783.338245,1773664795.777509,376,84,24.861052,0.395018,0.294771,True
2145,1773664783.426986,1773664841.322726,1315,199,115.783318,0.645327,0.581505,True
2146,1773664783.473558,1773664820.821797,36,130,74.674765,0.591785,0.574287,True
2147,1773664784.054817,1773664804.006197,422,67,39.889159,0.386362,0.598527,True
2148,1773664784.170001,1773664796.631716,374,44,24.909175,0.379022,0.570469,True
2149,1773664784.480629,1773664811.417163,1360,94,53.858813,0.666097,0.571965,True
2150,1773664784.769064,1773664844.773756,1076,396,120.005453,0.760623,0.301886,True
2151,1773664784.800576,1773664800.633589,1313,137,31.662138,1.363269,0.222786,True
2152,1773664785.206925,1773664796.540214,890,89,22.658866,1.825867,0.236739,True
2153,1773664785.277241,1773664844.904598,1161,395,119.242722,1.075485,0.299917,True
2154,1773664785.980989,1773664812.214786,382,86,52.464559,0.385652,0.612693,True
2155,1773664786.342209,1773664812.214663,397,86,51.725623,0.244343,0.605662,True
2156,1773664786.470165,1773664814.378915,420,88,55.806169,0.388991,0.636979,True
2157,1773664786.668034,1773664879.468256,1062,397,185.590430,0.672761,0.466964,True
2158,1773664786.963565,1773664849.363767,1122,377,124.780180,1.219137,0.328620,True
2159,1773664787.458895,1773664883.412902,1099,420,191.886402,0.619227,0.456485,True
2160,1773664788.868829,1773664878.028032,1048,379,178.302118,0.642592,0.469999,True
2161,1773664789.620372,1773664883.752293,1055,413,188.253749,0.553470,0.455583,True
2162,1773664790.965600,1773664798.779237,1006,44,15.613466,0.734929,0.346012,True
2163,1773664791.163405,1773664828.748129,1670,117,75.157449,0.785007,0.641142,True
2164,1773664791.265320,1773664799.124929,411,81,15.701563,0.489976,0.190145,True
2165,1773664792.016880,1773664805.300761,1757,45,26.549568,0.727193,0.586872,True
2166,1773664792.034386,1773664855.961434,999,419,127.850204,1.126822,0.303166,True
2167,1773664792.215473,1773664796.684480,247,14,8.924042,0.897752,0.617407,True
2168,1773664792.403584,1773664881.112176,1020,388,177.405517,0.962455,0.455925,True
2169,1773664792.559635,1773664820.539416,442,99,55.949855,0.555476,0.565249,True
2170,1773664792.776435,1773664796.063787,324,18,6.562927,0.380750,0.363657,True
2171,1773664792.973824,1773664884.606325,1009,410,183.247312,0.715036,0.446289,True
2172,1773664793.016279,1773664809.426483,391,104,32.805112,0.503455,0.313608,True
2173,1773664794.506042,1773664818.150091,1313,157,47.274086,0.904478,0.297241,True
2174,1773664795.446194,1773664851.804298,1317,198,112.713723,1.079826,0.566670,True
2175,1773664795.453919,1773664815.782684,386,99,40.649488,0.476231,0.409931,True
2176,1773664795.553251,1773664884.749308,1043,401,178.372495,0.963749,0.443522,True
2177,1773664795.883585,1773664809.104980,1165,45,26.438699,1.234478,0.572823,True
2178,1773664796.064966,1773664886.599459,1028,414,181.047195,0.899377,0.436193,True
2179,1773664796.663797,1773664816.818101,1821,143,40.302887,1.288211,0.274751,True
2180,1773664797.754596,1773664801.952480,237,14,8.385824,0.354456,0.617797,True
2181,1773664798.052389,1773664890.330133,1151,434,184.539676,0.570136,0.424872,True
2182,1773664799.321373,1773664820.926409,1484,159,43.202285,1.116471,0.266366,True
2183,1773664799.655544,1773664819.367503,427,93,39.412248,0.507699,0.422876,True
2184,1773664799.855914,1773664886.239632,1207,400,172.766192,0.595786,0.431505,True
2185,1773664799.985214,1773664887.547099,1001,407,175.106319,0.563412,0.429909,True
2186,1773664800.247195,1773664827.930009,50,168,55.357685,0.159468,0.330528,True
2187,1773664800.393207,1773664812.030927,1381,40,23.273908,0.861032,0.574689,True
2188,1773664801.007891,1773664814.060682,396,93,26.093991,0.371525,0.279592,True
2189,1773664801.807838,1773664855.655539,1040,396,107.677114,0.747407,0.270708,True
2190,1773664801.871189,1773664827.010034,394,88,50.255457,0.284267,0.574381,True
2191,1773664802.089674,1773664815.759446,378,48,27.318779,0.414592,0.572430,True
2192,1773664803.062887,1773664870.035970,1307,501,133.939941,1.300942,0.265278,True
2193,1773664803.502846,1773664863.616858,974,402,120.205954,1.805376,0.295263,True
2194,1773664803.524609,1773664862.697648,1129,467,118.324441,0.817462,0.252161,True
2195,1773664803.809741,1773664886.985874,1040,388,166.344245,0.559855,0.428383,True
2196,1773664804.093562,1773664889.536321,1159,405,170.869612,0.792011,0.420984,True
2197,1773664804.241789,1773664888.211761,946,398,167.934476,0.851978,0.420863,True
2198,1773664804.663502,1773664864.761487,967,419,120.187784,1.589173,0.283729,True
2199,1773664805.732174,1773664887.129070,1109,383,162.786310,0.701949,0.424305,True
2200,1773664806.016694,1773664906.117183,1171,526,200.195516,0.950977,0.379513,True
2201,1773664806.030504,1773664820.265916,1670,65,28.469260,2.110728,0.411852,True
2202,1773664807.286723,1773664889.950256,1039,399,165.315385,0.445705,0.414245,True
2203,1773664807.764097,1773664890.914605,1184,405,166.285461,0.654178,0.409978,True
2204,1773664807.898967,1773664820.462179,421,99,25.110723,0.376893,0.252386,True
2205,1773664807.924701,1773664863.479159,1046,398,111.101191,1.341795,0.276472,True
2206,1773664808.107824,1773664893.984102,1034,428,171.734837,0.831601,0.400242,True
2207,1773664808.282412,1773664819.997173,373,93,23.410576,0.449132,0.249581,True
2208,1773664808.611664,1773664826.833833,890,115,36.426551,1.513979,0.306251,True
2209,1773664809.009055,1773664825.416451,377,51,32.804933,0.260805,0.650883,True
2210,1773664809.303114,1773664845.689286,426,126,72.770675,0.244273,0.580211,True
2211,1773664809.319535,1773664821.330662,1508,76,24.010541,2.390818,0.288263,True
2212,1773664809.848034,1773664892.286005,1059,410,164.862419,0.455348,0.401973,True
2213,1773664811.049758,1773664862.788722,1196,410,103.476490,0.984033,0.250593,True
2214,1773664811.696106,1773664865.022839,1072,419,106.646639,1.161869,0.252356,True
2215,1773664811.943950,1773664891.771920,1020,394,159.650459,0.544372,0.404850,True
2216,1773664812.069538,1773664853.078001,26,150,82.015558,0.551585,0.546738,True
2217,1773664812.120110,1773664889.327240,1045,378,154.408560,0.829780,0.407371,True
2218,1773664812.524611,1773664898.445570,1116,446,171.819849,0.640441,0.384673,True
2219,1773664812.878101,1773664894.726135,1084,418,163.678173,0.733110,0.390756,True
2220,1773664812.884324,1773664849.284522,1338,195,72.770894,1.448834,0.367639,True
2221,1773664813.024778,1773664906.632407,1137,509,187.213982,0.740007,0.367075,True
2222,1773664813.631954,1773664902.087637,1130,468,176.909976,0.689700,0.377345,True
2223,1773664813.916230,1773664822.048279,387,82,16.250685,0.933144,0.189105,True
2224,1773664814.366899,1773664864.124654,1087,402,99.513519,1.372365,0.244741,True
2225,1773664815.512619,1773664892.829741,1075,395,154.624559,1.059972,0.389758,True
2226,1773664815.663978,1773664892.965843,1131,396,154.586416,0.904612,0.389068,True
2227,1773664817.003381,1773664842.634014,1353,144,51.255588,0.937912,0.351872,True
2228,1773664817.225811,1773664857.984460,1484,159,81.495470,0.763979,0.510959,True
2229,1773664818.599377,1773664892.557815,1183,384,147.899214,0.587791,0.384625,True
2230,1773664818.782319,1773664855.973624,1318,148,74.374629,0.856754,0.500122,True
2231,1773664820.587268,1773664847.893653,1907,90,54.603076,0.851769,0.603947,True
2232,1773664821.260536,1773664836.587444,401,82,30.630720,0.342704,0.373926,True
2233,1773664821.987388,1773664839.139700,1961,95,34.298705,1.892352,0.344748,True
2234,1773664822.015633,1773664845.707234,403,135,47.367299,1.858983,0.339614,True
2235,1773664822.017819,1773664847.366001,389,100,50.662881,0.423028,0.507473,True
2236,1773664822.034419,1773664847.446872,399,101,50.804256,0.849571,0.499547,True
2237,1773664822.105575,1773664867.843721,953,375,91.470095,3.314376,0.235710,True
2238,1773664822.317211,1773664901.154502,1066,431,157.663051,0.570700,0.365331,True
2239,1773664822.399505,1773664826.003909,298,18,7.195288,0.659351,0.384467,True
2240,1773664822.434135,1773664898.775386,1146,413,152.677198,0.673443,0.368941,True
2241,1773664822.954574,1773664919.148196,1178,607,192.385835,0.777996,0.316185,True
2242,1773664823.361789,1773664869.069532,1066,388,91.397345,1.241824,0.232960,True
2243,1773664823.361948,1773664868.117718,1248,378,89.473001,1.264763,0.233974,True
2244,1773664823.404857,1773664843.548481,387,68,40.271402,0.625498,0.591730,True
2245,1773664823.631914,1773664895.804732,1027,392,144.336076,0.658205,0.367463,True
2246,1773664823.787530,1773664842.869030,858,107,38.156359,1.632119,0.344568,True
2247,1773664824.061149,1773664871.235603,1052,413,94.326914,1.832473,0.224501,True
2248,1773664824.333042,1773664899.796812,1034,417,150.920006,0.479763,0.361635,True
2249,1773664824.431893,1773664896.802724,1038,394,144.726124,0.875214,0.366033,True
2250,1773664824.842656,1773664828.794726,120,12,7.883533,0.595179,0.662578,True
2251,1773664824.906090,1773664850.456768,435,117,51.079343,0.531308,0.435759,True
2252,1773664826.733303,1773664899.576389,1190,403,145.668363,0.584512,0.360905,True
2253,1773664826.885415,1773664846.963025,955,68,40.149406,0.841633,0.586683,True
2254,1773664826.961849,1773664901.372541,1248,423,148.820103,0.983580,0.350324,True
2255,1773664827.615775,1773664852.441128,406,96,49.648941,1.030324,0.511775,True
2256,1773664827.662287,1773664900.524248,1093,411,145.710302,0.920564,0.353146,True
2257,1773664827.969047,1773664850.019686,434,82,44.098365,0.619333,0.536778,True
2258,1773664829.032813,1773664850.494522,368,72,42.906951,0.421691,0.598384,True
2259,1773664829.430085,1773664871.340463,988,375,83.814817,1.158861,0.221005,True
2260,1773664829.616909,1773664853.941906,418,95,48.636149,0.399679,0.513154,True
2261,1773664829.685261,1773664848.312371,1531,70,37.232843,0.773105,0.528402,True
2262,1773664829.769254,1773664873.403610,1135,410,87.250798,1.986300,0.208471,True
2263,1773664830.706243,1773664851.358921,1142,79,41.294696,2.207280,0.501121,True
2264,1773664830.955492,1773664872.753755,1189,378,83.588552,1.048922,0.218938,True
2265,1773664832.075724,1773664852.696754,394,97,41.223941,2.384589,0.404577,True
2266,1773664832.189624,1773664911.833859,1147,498,159.269578,0.597272,0.319260,True
2267,1773664832.374253,1773664877.264231,985,427,89.776070,0.788754,0.208890,True
2268,1773664832.546762,1773664856.559180,1047,99,48.013041,0.800561,0.481760,True
2269,1773664832.598174,1773664873.548526,1128,410,81.888576,1.865223,0.195656,True
2270,1773664832.599352,1773664851.939868,647,74,38.651278,0.480958,0.522881,True
2271,1773664832.852968,1773664899.478660,972,388,133.239782,0.800838,0.342219,True
2272,1773664833.037046,1773664836.548512,242,14,7.008987,0.786903,0.478622,True
2273,1773664833.241860,1773664903.017083,1048,412,139.534858,0.537058,0.338194,True
2274,1773664833.426914,1773664874.877795,1062,394,82.883118,0.773796,0.208930,True
2275,1773664833.535455,1773664847.929085,396,97,28.777219,0.903905,0.290347,True
2276,1773664833.538643,1773664856.824722,431,99,46.546435,0.550184,0.469350,True
2277,1773664834.196174,1773664855.840184,405,92,43.282000,0.399995,0.471231,True
2278,1773664834.400851,1773664874.230437,959,384,79.651401,0.751154,0.206006,True
2279,1773664835.152249,1773664845.482695,387,68,20.641249,0.371717,0.302530,True
2280,1773664835.292750,1773664874.604567,1254,419,78.612315,1.443102,0.184615,True
2281,1773664835.670428,1773664854.075850,396,75,36.808759,0.309942,0.493227,True
2282,1773664836.730337,1773664878.804818,1100,424,84.129855,0.775031,0.197056,True
2283,1773664837.438974,1773664874.553581,1028,408,74.215592,1.322482,0.179099,True
2284,1773664837.969050,1773664903.418495,955,394,130.877331,0.485840,0.331785,True
2285,1773664838.174538,1773664873.585466,19,178,70.808342,0.522695,0.397094,True
2286,1773664838.448395,1773664853.349432,373,60,29.800553,0.220886,0.501350,True
2287,1773664838.648756,1773664903.998091,1023,396,130.682819,0.692668,0.329089,True
2288,1773664838.651965,1773664905.253141,1105,407,133.170223,0.464130,0.326862,True
2289,1773664838.701652,1773664873.109675,1028,379,68.800148,1.174456,0.178904,True
2290,1773664839.453754,1773664850.115287,1907,84,21.317529,1.274314,0.241485,True
2291,1773664839.504270,1773664874.031155,1028,396,69.043459,1.490564,0.171020,True
2292,1773664839.522894,1773664912.471833,1364,480,145.882402,0.607245,0.303288,True
2293,1773664839.624164,1773664879.978456,1034,417,80.687221,1.884039,0.189431,True
2294,1773664840.057705,1773664906.201149,1084,414,132.275369,0.603667,0.318818,True
2295,1773664840.264410,1773664851.345469,378,45,22.154166,0.507363,0.491973,True
2296,1773664840.625426,1773664853.669297,1028,55,26.072100,0.494467,0.473660,True
2297,1773664840.821818,1773664904.657456,1103,396,127.659600,0.819655,0.321114,True
2298,1773664841.171807,1773664858.868130,1314,156,35.380760,1.546267,0.218287,True
2299,1773664841.220774,1773664854.163279,404,91,25.866636,1.715353,0.268348,True
2300,1773664841.455590,1773664877.628993,1002,388,72.345533,0.937846,0.184516,True
2301,1773664841.780838,1773664887.730492,1128,502,91.889403,2.053990,0.179312,True
2302,1773664842.729685,1773664905.253264,1018,395,125.029449,0.429776,0.316243,True
2303,1773664842.940759,1773664850.835133,840,45,15.773017,1.770823,0.318232,True
2304,1773664843.922552,1773664866.912524,449,119,45.957909,0.429204,0.385836,True
2305,1773664844.271338,1773664871.473589,376,145,54.398834,0.383158,0.375109,True
2306,1773664844.451625,1773664874.215144,1030,393,59.505474,1.234737,0.148650,True
2307,1773664844.472158,1773664860.280013,374,79,31.614532,0.242538,0.402205,True
2308,1773664844.594724,1773664858.291188,1992,66,27.387105,1.036271,0.405397,True
2309,1773664845.339885,1773664905.541401,957,388,120.391361,0.747581,0.309157,True
2310,1773664845.378423,1773664873.317458,1043,377,55.860669,1.440360,0.144735,True
2311,1773664845.725482,1773664869.271745,864,129,47.087024,0.762469,0.361911,True
2312,1773664847.042580,1773664906.789908,1150,395,119.485155,0.647114,0.301619,True
2313,1773664847.661157,1773664853.689812,386,69,12.049786,0.492401,0.169962,True
2314,1773664847.770060,1773664849.874689,325,18,4.207828,0.740684,0.203950,True
