RequestID,ArrivalTime,CompletionTime,InputTokens,OutputTokens,Latency,TTFT,TPOT,Success
0,1773657426.340782,1773657432.665053,374,44,12.646982,0.987705,0.271146,True
1,1773657433.523857,1773657445.034981,396,109,23.016435,0.669456,0.206916,True
2,1773657433.903351,1773657448.745710,879,55,29.669120,3.236002,0.489502,True
3,1773657434.183384,1773657435.856684,91,16,3.340947,0.195539,0.209694,True
4,1773657436.154583,1773657438.133000,91,16,3.949233,0.151747,0.253166,True
5,1773657436.852602,1773657456.675674,381,84,39.624587,1.392258,0.460630,True
6,1773657439.242574,1773657465.665498,1313,142,52.828249,1.486199,0.364128,True
7,1773657440.085553,1773657448.614921,388,84,17.050908,0.242113,0.202516,True
8,1773657440.228050,1773657443.826526,242,14,7.187380,1.091430,0.468919,True
9,1773657440.441419,1773657460.040080,209,152,39.183670,0.202914,0.258151,True
10,1773657440.833183,1773657467.962150,394,124,54.242431,0.576416,0.436309,True
11,1773657442.046218,1773657447.983346,394,59,11.873015,0.170713,0.201764,True
12,1773657442.303660,1773657472.959847,1315,174,61.290793,1.517479,0.345510,True
13,1773657443.910152,1773657464.080913,389,90,40.323964,2.744407,0.422242,True
14,1773657444.929159,1773657468.067927,415,106,46.274165,0.633321,0.434675,True
15,1773657445.384107,1773657446.944093,120,12,3.098365,0.196388,0.263816,True
16,1773657446.060929,1773657460.286807,369,74,28.432661,0.421903,0.383709,True
17,1773657447.811232,1773657481.591823,206,162,67.557669,0.322865,0.417607,True
18,1773657448.041287,1773657466.592761,1353,142,37.081482,1.098013,0.255202,True
19,1773657448.083206,1773657484.542661,197,152,72.915685,0.394163,0.480275,True
20,1773657449.765734,1773657487.166673,181,154,74.788367,0.369301,0.486399,True
21,1773657449.829033,1773657461.691502,388,54,23.714228,0.632580,0.435503,True
22,1773657455.987758,1773657481.374435,203,147,50.769979,0.346872,0.345364,True
23,1773657456.600931,1773657505.879593,126,194,98.541854,0.343978,0.508797,True
24,1773657457.105987,1773657480.405116,389,87,46.592571,0.551469,0.535362,True
25,1773657459.523131,1773657462.666409,91,16,6.285063,0.280491,0.400305,True
26,1773657460.464635,1773657489.616209,181,123,58.292099,0.378508,0.474702,True
27,1773657460.763959,1773657487.773046,191,217,54.000484,0.314667,0.248545,True
28,1773657461.236286,1773657512.299764,27,183,102.113526,0.279661,0.559527,True
29,1773657461.949689,1773657526.238986,203,217,128.562223,0.361056,0.593524,True
30,1773657461.957967,1773657470.099344,398,81,16.261936,0.169743,0.201152,True
31,1773657464.188957,1773657512.534639,126,172,96.690361,0.384809,0.563190,True
32,1773657464.657449,1773657518.000067,209,181,106.680321,0.318607,0.590898,True
33,1773657465.285973,1773657518.530669,209,181,106.488086,0.494004,0.588856,True
34,1773657466.576850,1773657485.487201,28,175,37.814932,0.189926,0.216236,True
35,1773657467.613326,1773657489.946496,437,88,44.644913,0.475999,0.507689,True
36,1773657467.825065,1773657479.103784,181,104,22.541786,0.188907,0.217018,True
37,1773657468.135097,1773657482.924033,203,138,29.556252,0.152575,0.214625,True
38,1773657468.372440,1773657518.465101,200,177,100.181938,0.324205,0.567373,True
39,1773657468.539742,1773657472.196025,91,16,7.291131,0.489871,0.453417,True
40,1773657469.528821,1773657604.155543,1087,401,269.236258,1.364185,0.669680,True
41,1773657470.090532,1773657486.765972,382,64,33.331844,0.424465,0.522339,True
42,1773657470.345323,1773657497.385132,412,102,54.070103,1.166218,0.523801,True
43,1773657470.435484,1773657494.761415,194,217,48.633307,0.182647,0.224309,True
44,1773657471.884403,1773657496.342130,203,217,48.913874,0.206172,0.225499,True
45,1773657472.254396,1773657539.581976,200,217,134.643734,0.296054,0.621980,True
46,1773657473.149773,1773657492.401746,64,174,38.491669,0.129834,0.221745,True
47,1773657473.588399,1773657505.089258,458,123,62.996046,0.659573,0.510955,True
48,1773657473.964166,1773657525.378381,1352,158,102.827206,1.711835,0.644047,True
49,1773657474.012959,1773657609.862016,874,404,271.689693,1.180098,0.671240,True
50,1773657474.273949,1773657489.852420,378,58,31.155747,1.045730,0.528246,True
51,1773657475.234057,1773657478.004874,91,16,5.525916,0.266274,0.350643,True
52,1773657476.635495,1773657486.371538,389,89,19.462528,0.174030,0.219187,True
53,1773657478.448178,1773657532.687130,212,183,108.474459,0.455475,0.593511,True
54,1773657479.034239,1773657597.974460,1085,394,237.879062,0.975451,0.602808,True
55,1773657479.267218,1773657518.413235,407,131,78.276433,0.546993,0.597919,True
56,1773657479.528167,1773657499.626230,396,82,40.182724,0.567039,0.489083,True
57,1773657480.313959,1773657614.060596,1029,399,267.487792,1.133637,0.669232,True
58,1773657481.726159,1773657537.352341,962,399,111.234203,0.404944,0.278465,True
59,1773657482.022701,1773657548.001284,203,217,131.946596,0.471254,0.608682,True
60,1773657482.152047,1773657509.334730,898,94,54.364163,1.131753,0.572391,True
61,1773657482.211056,1773657566.446284,181,253,168.463262,0.575635,0.666221,True
62,1773657482.409923,1773657488.284703,320,18,11.741980,1.156697,0.622664,True
63,1773657482.580612,1773657635.134694,1119,414,305.086343,1.937263,0.734017,True
64,1773657482.707966,1773657507.951173,124,157,50.469213,0.344639,0.321311,True
65,1773657482.887751,1773657535.900550,1313,179,106.015134,1.547702,0.586896,True
66,1773657484.244162,1773657599.428560,1096,383,230.353343,1.250756,0.599745,True
67,1773657485.157317,1773657497.238725,400,102,24.140959,0.213565,0.236905,True
68,1773657486.564477,1773657546.361880,1057,424,119.578572,0.430016,0.281675,True
69,1773657487.200399,1773657518.315091,203,162,62.227709,0.266628,0.384851,True
70,1773657487.774296,1773657570.465465,1314,216,165.372994,1.607841,0.761698,True
71,1773657488.207667,1773657517.491689,2,93,58.548936,0.302824,0.633110,True
72,1773657488.793257,1773657547.145625,1065,409,116.691465,0.400635,0.285027,True
73,1773657489.924901,1773657500.603252,372,60,21.355200,0.406725,0.355059,True
74,1773657490.581597,1773657562.071876,1104,394,142.970681,0.953220,0.361368,True
75,1773657491.022442,1773657648.250171,1075,415,314.433539,1.225282,0.756542,True
76,1773657491.700553,1773657606.583808,1225,372,229.748810,1.179448,0.616090,True
77,1773657491.873096,1773657568.164584,1118,426,152.570269,0.979514,0.356684,True
78,1773657492.396554,1773657511.003310,380,102,37.212075,0.851473,0.360006,True
79,1773657492.408891,1773657547.683980,1133,385,110.528111,0.496356,0.286541,True
80,1773657493.069963,1773657524.279930,42,167,62.410225,0.358443,0.373806,True
81,1773657493.798567,1773657608.422679,1140,377,229.232590,1.070183,0.606815,True
82,1773657494.876153,1773657524.446562,126,203,59.130972,0.227084,0.291603,True
83,1773657495.261883,1773657507.105486,431,84,23.673996,0.277911,0.281881,True
84,1773657496.890214,1773657627.042033,1115,421,260.285988,0.977425,0.617401,True
85,1773657497.216501,1773657523.972761,206,179,53.497000,0.193842,0.299456,True
86,1773657497.217716,1773657525.778770,400,91,57.088512,0.528014,0.628450,True
87,1773657497.242295,1773657553.925547,1123,396,113.360373,0.556298,0.285580,True
88,1773657497.273528,1773657654.924820,862,379,315.297298,1.177525,0.831005,True
89,1773657497.474972,1773657627.468122,859,422,259.968630,1.390983,0.614199,True
90,1773657497.485636,1773657667.958093,890,402,340.927417,1.808642,0.845683,True
91,1773657497.525814,1773657557.612095,1192,419,120.150345,0.732685,0.285688,True
92,1773657497.680525,1773657671.166493,899,403,346.968379,2.340334,0.857284,True
93,1773657497.999815,1773657580.264607,163,224,164.519921,0.347785,0.736198,True
94,1773657498.322127,1773657577.419274,181,212,158.187532,0.480984,0.747424,True
95,1773657498.981463,1773657532.634747,416,88,67.299469,0.612229,0.766520,True
96,1773657499.016082,1773657680.551691,1163,426,363.048790,2.203884,0.849047,True
97,1773657499.318505,1773657505.826995,243,14,13.009286,0.633474,0.951986,True
98,1773657499.489235,1773657681.049505,1041,428,363.097360,2.764763,0.843870,True
99,1773657499.538401,1773657541.719579,1350,146,84.350461,1.282595,0.572882,True
100,1773657499.734194,1773657618.809767,1104,396,238.133043,1.921765,0.598003,True
101,1773657499.768504,1773657662.918373,1127,426,326.286892,1.318983,0.764630,True
102,1773657501.047211,1773657647.286373,1114,414,292.470789,1.403546,0.704763,True
103,1773657501.349992,1773657653.693449,1083,396,304.675168,1.430423,0.767708,True
104,1773657501.375521,1773657527.131276,1313,173,51.509948,0.497498,0.296584,True
105,1773657501.509637,1773657654.104684,888,395,305.188651,1.731629,0.770195,True
106,1773657501.534267,1773657538.127882,13,130,73.173704,0.514127,0.563253,True
107,1773657501.624893,1773657515.062851,874,89,26.858238,0.624776,0.298108,True
108,1773657501.744981,1773657666.715660,1065,395,329.933828,2.000716,0.832318,True
109,1773657502.171208,1773657664.071200,1157,426,323.788027,2.099580,0.756914,True
110,1773657502.217230,1773657557.905923,1077,390,111.375748,0.470103,0.285104,True
111,1773657503.317114,1773657561.894837,1149,411,117.153324,0.502954,0.284513,True
112,1773657503.383178,1773657642.030586,996,389,277.280942,1.167785,0.711632,True
113,1773657503.678000,1773657643.105852,990,394,278.846192,1.909826,0.704673,True
114,1773657504.044145,1773657554.290967,197,183,100.490016,0.443831,0.549704,True
115,1773657505.016240,1773657582.620081,197,217,155.186139,0.908827,0.714247,True
116,1773657505.433197,1773657580.807357,1378,407,150.746539,1.044841,0.368723,True
117,1773657505.890395,1773657583.563246,1214,421,155.337471,1.495900,0.366289,True
118,1773657506.208653,1773657617.637787,1016,375,222.838982,1.129818,0.592805,True
119,1773657506.388350,1773657673.894497,1186,398,334.994733,1.471591,0.840109,True
120,1773657506.557737,1773657566.790118,1100,426,120.446135,0.422293,0.282409,True
121,1773657506.827671,1773657568.606380,218,217,123.543877,0.955595,0.567538,True
122,1773657507.516094,1773657684.283025,1232,419,353.526848,1.763869,0.841538,True
123,1773657507.992376,1773657638.085512,975,416,260.169929,1.000614,0.624504,True
124,1773657508.378978,1773657547.080652,209,217,77.387697,0.359991,0.356610,True
125,1773657508.934980,1773657532.229859,181,85,46.577743,0.495153,0.548602,True
126,1773657508.979565,1773657579.874815,1029,388,141.782640,0.892746,0.364057,True
127,1773657509.101658,1773657586.768595,888,418,155.319010,1.502621,0.368864,True
128,1773657509.207705,1773657620.779805,1113,375,223.132850,1.117097,0.593625,True
129,1773657509.238180,1773657602.765857,1035,520,187.041745,1.717214,0.357080,True
130,1773657509.238271,1773657671.261786,1009,425,324.011128,1.343453,0.761009,True
131,1773657509.387196,1773657650.474109,869,450,282.166429,1.566690,0.624944,True
132,1773657509.463709,1773657672.691145,1183,431,326.452984,1.883622,0.754812,True
133,1773657510.047520,1773657581.196469,972,395,142.277318,1.657624,0.356903,True
134,1773657510.476589,1773657567.024422,1097,396,113.081536,0.528248,0.284945,True
135,1773657510.719629,1773657579.652109,206,183,137.863602,1.039524,0.751781,True
136,1773657510.758662,1773657586.309463,181,208,151.095984,1.090142,0.724666,True
137,1773657510.763266,1773657545.572187,1316,200,69.600156,1.428995,0.342569,True
138,1773657510.904260,1773657673.730652,908,456,325.651513,1.039943,0.713432,True
139,1773657511.157115,1773657571.069637,1094,422,119.809007,0.432028,0.283556,True
140,1773657511.180842,1773657571.475763,996,422,120.579304,0.598600,0.284990,True
141,1773657511.325682,1773657525.157066,420,89,27.649003,0.548440,0.307961,True
142,1773657511.535457,1773657579.729662,1112,385,136.382365,1.279521,0.351830,True
143,1773657511.941666,1773657567.492558,1133,396,111.097877,0.526815,0.279927,True
144,1773657512.132352,1773657582.977969,890,403,141.669013,1.197252,0.349432,True
145,1773657512.368925,1773657526.179906,833,36,27.618330,2.250114,0.724806,True
146,1773657512.464186,1773657665.839630,1093,426,306.749455,2.156134,0.716690,True
147,1773657512.900571,1773657544.183626,206,211,62.557956,0.214641,0.296873,True
148,1773657513.200974,1773657593.668197,898,454,160.926232,0.874518,0.353315,True
149,1773657513.379312,1773657540.245526,1312,180,53.725277,0.577209,0.296917,True
150,1773657513.414079,1773657651.074515,1129,396,275.297609,2.327814,0.691063,True
151,1773657513.429532,1773657531.598135,375,67,36.324278,0.557391,0.541923,True
152,1773657514.472008,1773657678.302409,862,425,327.646847,1.036216,0.770308,True
153,1773657514.905969,1773657587.152417,167,179,144.487222,1.364820,0.804058,True
154,1773657514.953252,1773657690.235918,914,414,350.551738,1.245128,0.845779,True
155,1773657515.606150,1773657579.867074,209,217,128.504250,0.403762,0.593058,True
156,1773657515.845363,1773657598.297463,982,594,164.902102,0.379479,0.277441,True
157,1773657516.321728,1773657558.613634,200,161,84.574393,0.363500,0.526318,True
158,1773657516.371202,1773657540.065776,1313,156,47.375434,0.545778,0.302127,True
159,1773657516.529958,1773657575.234710,999,416,117.397431,0.803115,0.280950,True
160,1773657518.138864,1773657588.386405,1084,397,140.493350,0.895732,0.352519,True
161,1773657518.184274,1773657558.624597,399,106,80.864593,0.559602,0.764809,True
162,1773657518.566129,1773657755.927658,1065,594,474.721891,1.319146,0.798318,True
163,1773657520.646312,1773657705.602327,1036,446,369.902497,1.566790,0.827721,True
164,1773657521.276379,1773657665.140309,1243,398,287.714409,1.435505,0.721106,True
165,1773657521.695749,1773657575.294077,1128,384,107.179780,0.465722,0.278627,True
166,1773657521.800678,1773657680.489422,1000,375,317.360204,1.800596,0.843742,True
167,1773657522.024807,1773657541.730427,992,56,39.405794,1.706099,0.685449,True
168,1773657522.087503,1773657535.076965,920,87,25.975380,0.485151,0.296398,True
169,1773657522.154816,1773657658.581095,1040,388,272.839028,2.055096,0.699700,True
170,1773657522.173281,1773657563.697385,411,101,83.028392,0.686258,0.823421,True
171,1773657522.185062,1773657547.092290,900,91,49.797951,0.952372,0.542729,True
172,1773657522.296000,1773657580.944157,1018,425,117.290316,0.714563,0.274943,True
173,1773657523.443370,1773657564.002862,395,99,81.096747,0.677164,0.820608,True
174,1773657523.775124,1773657607.922408,209,217,168.281679,0.767194,0.775530,True
175,1773657526.322809,1773657544.792348,181,113,36.931083,0.325861,0.326832,True
176,1773657526.620208,1773657680.712904,1118,414,308.167437,1.303798,0.743011,True
177,1773657526.639225,1773657580.713459,972,392,108.125600,0.418827,0.275465,True
178,1773657527.044194,1773657535.017902,1847,53,15.935684,0.680539,0.293368,True
179,1773657527.413714,1773657558.571129,392,96,62.309321,2.053756,0.634269,True
180,1773657527.632679,1773657557.671181,197,217,60.075124,0.289427,0.276786,True
181,1773657527.719235,1773657673.666559,975,409,291.873021,1.411952,0.711914,True
182,1773657527.788188,1773657714.212203,1025,443,372.836766,1.253486,0.840686,True
183,1773657528.242750,1773657656.769612,1027,388,257.044101,1.023526,0.661552,True
184,1773657528.439224,1773657698.589124,1143,409,340.290352,2.485486,0.827953,True
185,1773657528.476067,1773657687.807976,1028,394,318.641829,1.712879,0.806435,True
186,1773657528.490679,1773657660.799246,874,402,264.602703,1.633869,0.655783,True
187,1773657529.274781,1773657729.181972,997,492,399.810819,1.517669,0.811188,True
188,1773657529.395572,1773657573.168021,72,245,87.528572,0.237785,0.357749,True
189,1773657529.396813,1773657583.021784,851,397,107.214958,0.408785,0.269713,True
190,1773657529.511484,1773657553.891797,408,91,48.745243,1.158372,0.528743,True
191,1773657529.548101,1773657753.441993,1113,531,447.780539,2.350418,0.840434,True
192,1773657529.958276,1773657553.213259,1313,170,46.494167,0.509230,0.272100,True
193,1773657530.127591,1773657589.538363,1083,426,118.817752,0.798277,0.277693,True
194,1773657530.470569,1773657667.236528,1139,394,273.528422,1.501741,0.692180,True
195,1773657531.072188,1773657711.980444,978,437,361.795871,1.535042,0.826286,True
196,1773657531.405554,1773657550.894521,26,146,38.957599,0.175357,0.267464,True
197,1773657531.521514,1773657557.217020,386,61,51.369517,0.994006,0.839592,True
198,1773657532.329713,1773657681.866059,1074,411,299.064354,1.312497,0.726224,True
199,1773657533.158972,1773657561.974375,209,162,57.624993,0.255059,0.356335,True
200,1773657533.311254,1773657722.627668,1099,455,378.616102,1.353935,0.830974,True
201,1773657534.481168,1773657539.413542,120,12,9.849379,0.312948,0.866948,True
202,1773657534.519598,1773657596.486122,126,173,123.931793,0.553031,0.717318,True
203,1773657534.559895,1773657560.111262,416,140,51.097196,0.479457,0.364156,True
204,1773657534.650902,1773657557.274525,394,83,45.230987,0.551090,0.544877,True
205,1773657534.773970,1773657693.229522,1043,399,316.909580,1.471243,0.792559,True
206,1773657534.774080,1773657587.549148,1099,396,105.528450,1.017583,0.264584,True
207,1773657534.777390,1773657547.803170,857,91,26.015299,1.164042,0.276125,True
208,1773657535.248040,1773657623.311881,209,217,176.106151,0.607147,0.812495,True
209,1773657535.552695,1773657601.337846,1109,365,131.550504,1.089599,0.358409,True
210,1773657535.858506,1773657717.286664,993,441,362.842104,1.501416,0.821229,True
211,1773657535.977311,1773657709.103455,888,418,346.246822,1.986874,0.825563,True
212,1773657537.006416,1773657665.636184,1141,388,257.251852,1.060345,0.661994,True
213,1773657537.186668,1773657694.353485,1067,394,314.329273,1.307144,0.796494,True
214,1773657537.374426,1773657674.920802,1116,423,275.086022,1.627445,0.648006,True
215,1773657537.426245,1773657568.055912,416,79,61.251948,1.413101,0.767165,True
216,1773657537.489299,1773657606.043495,1126,520,137.100067,0.516046,0.263168,True
217,1773657537.519656,1773657603.099360,203,179,131.150139,1.457849,0.728608,True
218,1773657538.409979,1773657564.135623,379,144,51.449664,0.387045,0.357081,True
219,1773657538.733394,1773657588.954407,56,164,100.432416,0.566290,0.612676,True
220,1773657539.550740,1773657704.887029,1232,410,330.671159,1.659735,0.804429,True
221,1773657539.555414,1773657568.216916,209,162,57.310049,0.370882,0.353659,True
222,1773657539.610278,1773657595.674794,206,162,112.123735,0.332247,0.694357,True
223,1773657540.803698,1773657689.408594,1083,378,297.206392,1.633115,0.784014,True
224,1773657541.363645,1773657574.344502,171,183,65.953864,0.267175,0.360916,True
225,1773657543.160059,1773657720.208805,982,429,354.091724,1.432580,0.823970,True
226,1773657543.763522,1773657551.073904,374,54,14.606844,0.290180,0.270126,True
227,1773657544.522952,1773657599.695348,1019,413,110.338930,0.391526,0.266863,True
228,1773657544.629454,1773657627.122168,126,205,164.963993,0.314353,0.807106,True
229,1773657545.589250,1773657599.172568,1147,396,107.149080,0.517258,0.269954,True
230,1773657546.211072,1773657724.855618,1078,428,357.283336,1.406193,0.833436,True
231,1773657546.765123,1773657703.733640,883,413,313.921725,1.166726,0.759114,True
232,1773657547.105516,1773657627.980068,169,217,161.747885,1.029349,0.744067,True
233,1773657547.478133,1773657721.139439,1094,429,347.317064,1.393706,0.808232,True
234,1773657547.620751,1773657723.610404,1001,427,351.962450,1.349657,0.823035,True
235,1773657548.115967,1773657584.565433,391,93,72.893311,0.563757,0.786191,True
236,1773657548.315288,1773657675.604428,1085,388,254.572690,1.107020,0.654950,True
237,1773657548.474725,1773657620.157273,1064,395,143.342967,1.076214,0.361083,True
238,1773657548.838118,1773657716.350240,1070,411,335.022903,1.454284,0.813582,True
239,1773657549.402658,1773657651.085774,972,575,203.352162,1.002371,0.352526,True
240,1773657549.678449,1773657623.530075,1099,394,147.697247,1.648345,0.371626,True
241,1773657549.745828,1773657618.840630,980,384,138.174073,1.838060,0.355969,True
242,1773657551.841342,1773657715.194802,1057,393,326.705635,1.287144,0.830149,True
243,1773657552.378921,1773657719.538437,1082,409,334.298141,1.343247,0.816066,True
244,1773657552.545080,1773657622.747052,1072,400,140.397681,0.932215,0.349538,True
245,1773657552.723614,1773657566.082240,385,98,26.699419,0.239059,0.272787,True
246,1773657552.771652,1773657581.245717,78,141,56.942486,0.905855,0.400262,True
247,1773657553.166907,1773657596.582563,412,100,86.820604,0.611121,0.870803,True
248,1773657553.477546,1773657706.018916,1027,388,305.081465,1.486570,0.784483,True
249,1773657553.931663,1773657744.461296,1146,466,381.058048,1.692682,0.815839,True
250,1773657554.249791,1773657702.069993,994,419,295.632658,0.992527,0.704881,True
251,1773657555.184790,1773657570.656015,846,108,30.920569,0.321280,0.285975,True
252,1773657555.579201,1773657724.122747,1140,430,337.084508,1.410310,0.782457,True
253,1773657556.757546,1773657813.116611,1059,649,512.716314,1.449123,0.788993,True
254,1773657556.857132,1773657584.226848,1354,200,54.727530,0.564891,0.272174,True
255,1773657557.476355,1773657626.698084,167,171,138.442035,0.579641,0.810955,True
256,1773657557.513950,1773657577.558333,1792,50,40.077128,12.171148,0.569510,True
257,1773657557.569961,1773657612.771204,40,134,110.397041,0.604706,0.825506,True
258,1773657558.410319,1773657604.537668,407,104,92.239110,0.858326,0.887192,True
259,1773657558.528106,1773657716.572185,1065,411,316.074498,1.186294,0.768020,True
260,1773657558.538790,1773657645.703956,181,241,174.316294,1.370771,0.720606,True
261,1773657558.719523,1773657578.052528,1314,137,38.655610,0.587531,0.279912,True
262,1773657558.778869,1773657611.390169,181,128,105.205207,0.704117,0.822843,True
263,1773657559.312818,1773657628.397367,163,205,138.157101,0.331911,0.675614,True
264,1773657559.315060,1773657597.881967,2,93,77.105395,0.645424,0.831087,True
265,1773657559.362406,1773657632.791203,1314,203,146.838518,1.984208,0.717101,True
266,1773657559.660313,1773657611.128837,1056,394,102.927420,0.505145,0.260616,True
267,1773657559.971489,1773657750.506989,978,442,381.054387,1.456690,0.860766,True
268,1773657560.328115,1773657782.156682,1217,565,443.635407,2.425535,0.782287,True
269,1773657560.370475,1773657724.652425,1056,398,328.562766,1.646629,0.823466,True
270,1773657561.159045,1773657751.855430,951,445,381.385189,1.922528,0.854646,True
271,1773657561.575329,1773657713.945406,1233,401,304.734279,2.591263,0.755358,True
272,1773657562.382331,1773657618.686100,1317,169,112.591834,1.168449,0.663234,True
273,1773657563.111332,1773657760.446763,1103,520,394.669204,2.253349,0.756100,True
274,1773657563.183448,1773657717.407795,887,375,308.438747,1.229570,0.821415,True
275,1773657563.691365,1773657702.742152,1123,396,278.100393,1.175235,0.701076,True
276,1773657563.830354,1773657706.338176,1095,379,285.002525,1.997181,0.748691,True
277,1773657564.532218,1773657733.524408,1079,419,337.962451,1.595025,0.804707,True
278,1773657565.894075,1773657713.011087,1073,420,294.232437,1.047942,0.699724,True
279,1773657565.996241,1773657748.013509,1147,413,364.028502,1.439499,0.880070,True
280,1773657566.382205,1773657604.498552,212,183,76.215156,3.300034,0.400633,True
281,1773657567.287654,1773657582.585113,411,81,30.586902,0.489167,0.376222,True
282,1773657567.314275,1773657595.115907,380,76,55.585943,0.446299,0.735195,True
283,1773657567.462467,1773657736.375867,990,468,337.811882,1.018872,0.721184,True
284,1773657567.824112,1773657621.699639,1106,414,107.743309,0.429905,0.259839,True
285,1773657567.940014,1773657715.487374,1117,396,295.089405,1.433567,0.743433,True
286,1773657568.127886,1773657705.295614,1147,396,274.324101,1.550052,0.690567,True
287,1773657568.783239,1773657608.580528,127,178,79.586544,9.134356,0.398035,True
288,1773657569.222396,1773657624.390277,1021,428,110.325752,0.453693,0.257312,True
289,1773657569.327666,1773657620.439755,1081,394,102.212116,0.728001,0.258229,True
290,1773657570.098787,1773657735.819031,1104,394,331.424716,1.370810,0.839832,True
291,1773657570.542829,1773657719.873052,1149,429,298.638920,0.988467,0.695445,True
292,1773657570.868969,1773657599.138832,399,86,56.518375,1.090379,0.652094,True
293,1773657571.256299,1773657733.275599,1127,385,324.037107,1.565178,0.839771,True
294,1773657571.511620,1773657608.801435,766,85,74.562084,1.124711,0.874254,True
295,1773657571.598684,1773657716.957030,1073,396,290.706191,1.312748,0.732642,True
296,1773657571.909839,1773657574.531396,91,16,5.241517,0.143563,0.339864,True
297,1773657571.951142,1773657736.593813,922,402,329.284142,1.846450,0.816553,True
298,1773657572.024345,1773657601.666966,1314,220,59.283300,0.657265,0.267699,True
299,1773657572.067993,1773657721.585223,1049,396,299.012895,2.033451,0.751847,True
300,1773657572.131566,1773657623.064474,1048,399,101.864084,0.753613,0.254046,True
301,1773657572.956053,1773657714.318574,1180,404,282.715535,1.193628,0.698566,True
302,1773657573.187393,1773657646.902567,194,217,147.420780,1.185920,0.677013,True
303,1773657573.587931,1773657644.488003,1063,396,141.782429,1.562281,0.354988,True
304,1773657573.636590,1773657660.350640,206,217,173.422444,0.352709,0.801249,True
305,1773657574.210760,1773657734.056775,1083,386,319.686292,1.289867,0.827004,True
306,1773657574.633791,1773657766.322264,1016,436,383.375268,2.181205,0.876308,True
307,1773657575.111884,1773657720.436790,958,427,290.648649,1.003480,0.679918,True
308,1773657575.326250,1773657580.518044,91,16,10.374167,0.487209,0.659131,True
309,1773657575.412484,1773657581.133323,335,18,11.440421,1.516040,0.583787,True
310,1773657575.833117,1773657613.435055,895,114,75.187681,1.031242,0.656252,True
311,1773657576.243093,1773657642.311337,1004,532,132.120296,0.402797,0.248056,True
312,1773657576.738752,1773657649.628543,194,223,145.778066,0.491265,0.654445,True
313,1773657577.871741,1773657631.292741,1001,427,106.837926,0.497579,0.249625,True
314,1773657578.024663,1773657712.759043,954,390,269.453062,1.229744,0.689520,True
315,1773657578.645237,1773657649.818659,203,217,142.338614,0.310690,0.657537,True
316,1773657578.718772,1773657735.317389,980,385,313.190429,1.383703,0.811997,True
317,1773657579.458452,1773657591.170843,91,24,23.407277,1.951524,0.932859,True
318,1773657579.626482,1773657610.736908,428,102,62.205962,0.487507,0.611074,True
319,1773657580.106541,1773657624.886806,878,110,89.544899,1.112329,0.811308,True
320,1773657580.475424,1773657650.106628,212,164,139.249932,1.230526,0.846745,True
321,1773657581.441615,1773657654.549276,982,411,146.194943,0.849605,0.354501,True
322,1773657583.089496,1773657643.169715,445,174,120.158455,0.542870,0.691420,True
323,1773657583.105465,1773657609.946880,394,86,53.671296,0.522857,0.625276,True
324,1773657583.169604,1773657752.864326,1023,421,339.374201,1.840766,0.803651,True
325,1773657583.547503,1773657632.187029,1314,152,97.277081,1.213055,0.636186,True
326,1773657583.854690,1773657657.463395,1009,420,147.203280,0.854861,0.349280,True
327,1773657584.088432,1773657751.996187,1007,375,335.812010,1.414148,0.894112,True
328,1773657584.576804,1773657649.234572,1161,373,129.311631,1.176792,0.344448,True
329,1773657585.360058,1773657638.719965,1067,429,106.709714,0.440955,0.248291,True
330,1773657586.294221,1773657731.373034,1038,409,290.142181,1.033499,0.708600,True
331,1773657587.153683,1773657771.282420,1136,422,368.256071,1.432402,0.871315,True
332,1773657587.336103,1773657614.958512,169,217,55.234551,0.149092,0.255025,True
333,1773657587.539272,1773657589.651889,313,18,4.223952,0.154669,0.239370,True
334,1773657587.700385,1773657817.382393,1116,574,459.342286,1.243986,0.799473,True
335,1773657588.014215,1773657784.638885,1240,501,393.241652,1.599347,0.783285,True
336,1773657588.024072,1773657609.987572,1060,58,43.918555,3.377164,0.711252,True
337,1773657588.061074,1773657642.989325,209,167,109.837759,0.459125,0.658907,True
338,1773657588.235648,1773657630.560908,428,108,84.642165,2.096176,0.771458,True
339,1773657588.610765,1773657744.503697,1093,414,311.766431,1.498832,0.751253,True
340,1773657589.594060,1773657692.988805,1045,585,206.787363,0.928408,0.352498,True
341,1773657589.965073,1773657605.123814,435,111,30.305489,0.235984,0.273359,True
342,1773657590.351559,1773657732.502272,1037,390,284.289808,0.986417,0.728286,True
343,1773657591.268355,1773657623.455745,422,95,64.369332,0.771060,0.676577,True
344,1773657592.376297,1773657662.721842,1313,201,140.685512,1.506023,0.695897,True
345,1773657592.409991,1773657641.322406,1184,394,97.823195,0.510388,0.247615,True
346,1773657592.417725,1773657734.763178,1001,396,284.682889,1.012287,0.718153,True
347,1773657592.817624,1773657659.550606,890,387,133.457124,0.758523,0.343779,True
348,1773657593.161845,1773657641.205899,181,140,96.076470,0.478852,0.687753,True
349,1773657593.744355,1773657643.272753,1119,397,99.035255,0.505014,0.248814,True
350,1773657593.971085,1773657629.898701,407,92,71.839775,0.762657,0.781067,True
351,1773657594.764180,1773657743.924909,1188,388,298.312824,1.686986,0.766475,True
352,1773657594.940498,1773657746.945389,1016,375,304.000423,1.408401,0.809070,True
353,1773657595.435470,1773657647.117319,1095,417,103.341663,0.457137,0.247319,True
354,1773657595.619155,1773657752.499840,1027,395,313.751659,2.165709,0.790827,True
355,1773657595.870627,1773657770.630323,1102,455,349.515757,1.882880,0.765711,True
356,1773657596.447253,1773657649.223480,1026,429,105.545910,0.473012,0.245497,True
357,1773657596.669122,1773657631.343641,1996,70,69.339769,2.274541,0.971960,True
358,1773657596.722214,1773657614.044271,1314,139,34.634164,0.796909,0.245197,True
359,1773657596.751262,1773657657.266130,181,173,121.016040,0.355509,0.701515,True
360,1773657597.034758,1773657777.704849,1049,397,361.334482,3.468587,0.903702,True
361,1773657597.290393,1773657760.640179,1132,414,326.690078,1.921363,0.786365,True
362,1773657597.304911,1773657773.627616,1088,386,352.643755,2.972732,0.908236,True
363,1773657597.765010,1773657622.781919,125,205,50.020900,0.168942,0.244372,True
364,1773657598.854073,1773657657.640537,206,167,117.567236,0.388673,0.705895,True
365,1773657599.217203,1773657621.204618,376,73,43.963459,0.631995,0.601826,True
366,1773657600.261007,1773657680.671457,127,198,160.812469,0.589678,0.813314,True
367,1773657601.194285,1773657620.206273,404,109,38.009479,0.449821,0.347775,True
368,1773657601.793878,1773657751.530533,1026,409,299.472115,0.939047,0.731699,True
369,1773657602.131031,1773657758.172611,1199,394,312.061667,1.486031,0.790269,True
370,1773657602.721298,1773657604.660814,91,16,3.859673,0.199633,0.244003,True
371,1773657602.921580,1773657755.490149,1013,422,305.135298,1.040651,0.722315,True
372,1773657602.968308,1773657673.276996,990,392,140.605466,0.802379,0.357553,True
373,1773657603.551619,1773657687.808245,1314,200,168.504622,1.476145,0.839339,True
374,1773657603.650908,1773657837.543533,1069,499,467.769393,2.871870,0.933529,True
375,1773657603.681800,1773657851.138720,1017,519,494.897226,2.179315,0.951193,True
376,1773657604.680357,1773657667.001074,200,183,124.631992,0.486173,0.682120,True
377,1773657604.998296,1773657693.481980,124,204,176.945789,0.470161,0.869338,True
378,1773657605.244772,1773657780.847785,895,393,351.196360,2.357864,0.889894,True
379,1773657606.262043,1773657625.769929,399,112,39.012701,0.566262,0.346364,True
380,1773657606.426044,1773657640.699608,410,95,68.535372,0.738197,0.721247,True
381,1773657607.375144,1773657757.660044,1107,388,300.568497,1.670300,0.772347,True
382,1773657608.086703,1773657690.158884,212,217,164.142345,1.328708,0.753767,True
383,1773657608.602052,1773657780.918619,1007,385,344.612324,1.223511,0.894242,True
384,1773657609.850851,1773657922.026018,1052,652,624.329750,1.047676,0.957423,True
385,1773657609.859616,1773657656.510319,1143,388,93.275077,0.469482,0.239808,True
386,1773657610.267836,1773657612.837726,307,18,5.117865,0.212181,0.288570,True
387,1773657610.695292,1773657643.174391,392,91,64.936737,0.448517,0.716536,True
388,1773657611.035250,1773657674.488201,129,185,126.900300,0.404941,0.687475,True
389,1773657611.087456,1773657641.315357,129,159,60.447751,0.340633,0.380425,True
390,1773657611.542018,1773657800.031983,936,431,376.956970,1.213925,0.873821,True
391,1773657611.826648,1773657699.495759,128,205,175.336653,1.080094,0.854199,True
392,1773657612.236897,1773657658.214490,1025,388,91.937435,0.473093,0.236342,True
393,1773657613.112611,1773657651.134749,203,217,76.028187,0.235221,0.350893,True
394,1773657613.798202,1773657650.600047,431,97,73.595992,0.468772,0.761742,True
395,1773657614.043460,1773657774.457227,1000,396,320.822394,1.199303,0.809172,True
396,1773657614.221254,1773657845.425370,1045,496,462.400592,1.329885,0.931456,True
397,1773657614.650804,1773657698.411257,165,192,167.513046,1.315856,0.870142,True
398,1773657615.026161,1773657782.341239,1163,429,334.618786,1.704788,0.777836,True
399,1773657615.418383,1773657719.105116,1143,580,207.371664,1.079083,0.356291,True
400,1773657616.030757,1773657772.857644,1012,389,313.635383,1.153706,0.805365,True
401,1773657616.071332,1773657808.541539,1121,433,384.938760,1.419777,0.887775,True
402,1773657616.234595,1773657784.336579,971,373,336.192838,1.738922,0.899070,True
403,1773657616.479683,1773657764.828409,1088,377,296.679869,1.745515,0.784400,True
404,1773657617.205329,1773657810.118033,1028,498,385.813000,2.574866,0.771103,True
405,1773657617.422080,1773657654.110300,127,202,73.358657,0.292980,0.363511,True
406,1773657617.594988,1773657756.255313,1139,371,277.314948,1.024548,0.746731,True
407,1773657617.607689,1773657666.938861,1100,414,98.660374,0.473265,0.237741,True
408,1773657617.652306,1773657690.636752,1019,403,145.952254,0.995191,0.360590,True
409,1773657618.552633,1773657802.010960,1022,443,366.903209,1.327245,0.827095,True
410,1773657618.622965,1773657761.345797,1176,373,285.426498,1.730904,0.762623,True
411,1773657618.664652,1773657769.219373,1007,403,301.087389,0.941626,0.746631,True
412,1773657619.544078,1773657624.056627,382,38,9.015242,0.199764,0.238256,True
413,1773657620.512847,1773657655.499763,396,107,69.962585,0.662959,0.653770,True
414,1773657620.557586,1773657679.081758,401,147,117.040860,0.665755,0.797090,True
415,1773657620.702969,1773657645.265697,882,135,49.112647,0.677981,0.361453,True
416,1773657622.043612,1773657827.012999,1161,429,409.922973,1.362774,0.954580,True
417,1773657622.222322,1773657638.221440,21,139,31.984682,0.150923,0.230679,True
418,1773657622.447522,1773657763.975592,1053,383,283.035172,0.948185,0.738448,True
419,1773657622.922213,1773657662.783341,402,102,79.710718,1.102684,0.778297,True
420,1773657622.946998,1773657821.571806,1037,434,397.244285,1.713719,0.913466,True
421,1773657623.921913,1773657806.428221,945,504,365.002858,1.017747,0.723628,True
422,1773657624.579862,1773657787.944644,1050,403,326.728058,1.710285,0.808502,True
423,1773657625.187085,1773657768.836783,1036,386,287.297850,1.133973,0.743283,True
424,1773657625.349619,1773657817.933162,1062,413,385.157398,1.400570,0.931449,True
425,1773657625.625388,1773657697.998445,1070,398,144.724140,0.918581,0.362231,True
426,1773657626.167271,1773657689.531338,206,181,126.710318,0.617389,0.700516,True
427,1773657626.539285,1773657674.649836,419,130,96.198148,0.924490,0.738555,True
428,1773657626.567227,1773657671.109385,181,132,89.074288,0.327181,0.677459,True
429,1773657626.700333,1773657700.648884,1127,415,147.879242,0.955736,0.354888,True
430,1773657627.188665,1773657773.599432,1043,394,292.816113,1.019372,0.742485,True
431,1773657628.129396,1773657659.849511,413,95,63.438704,0.613006,0.668358,True
432,1773657628.485122,1773657769.219106,934,378,281.452274,0.997787,0.743911,True
433,1773657629.393064,1773657801.333156,1039,379,343.861233,1.424176,0.905918,True
434,1773657631.030349,1773657639.998574,91,24,17.914906,0.486962,0.757737,True
435,1773657631.372837,1773657816.841496,1017,393,370.935891,1.970354,0.941239,True
436,1773657631.386726,1773657849.541353,1007,468,436.291826,1.177912,0.931721,True
437,1773657631.442424,1773657639.216129,375,66,15.537610,0.187337,0.236158,True
438,1773657631.800742,1773657649.935796,10,146,36.264340,0.162311,0.248980,True
439,1773657632.025342,1773657828.721008,994,414,393.375532,2.377949,0.946725,True
440,1773657632.223632,1773657635.831282,298,18,7.197625,0.417675,0.398821,True
441,1773657632.443695,1773657808.327920,1002,388,351.756983,1.583027,0.904842,True
442,1773657632.630097,1773657784.457623,1021,390,303.637690,1.347966,0.777094,True
443,1773657633.433074,1773657672.591371,209,217,78.314708,0.348330,0.360955,True
444,1773657633.678546,1773657668.189483,386,96,69.014298,0.622429,0.719914,True
445,1773657633.738167,1773657788.074400,1092,415,308.661147,1.184277,0.742698,True
446,1773657634.137211,1773657687.808138,403,142,107.327608,0.857280,0.755109,True
447,1773657634.146113,1773657668.505998,415,101,68.703207,0.725065,0.679781,True
448,1773657634.204859,1773657769.977836,1013,363,271.544632,1.669646,0.745511,True
449,1773657634.391215,1773657788.120041,1014,395,307.450037,1.571275,0.776342,True
450,1773657634.558840,1773657702.722553,1034,377,136.318794,0.942596,0.360043,True
451,1773657634.839831,1773657797.224154,1002,396,324.758885,1.098167,0.819394,True
452,1773657635.416802,1773657700.343652,1149,516,129.851546,0.537158,0.251096,True
453,1773657635.858781,1773657707.041632,1112,403,142.359876,0.998451,0.351645,True
454,1773657635.974051,1773657701.539897,1314,159,131.126350,1.414685,0.820960,True
455,1773657636.155565,1773657659.493930,1917,56,46.659251,1.856071,0.814603,True
456,1773657636.709429,1773657711.953724,1043,431,150.470872,0.946767,0.347730,True
457,1773657636.730781,1773657800.106736,1032,421,326.734629,1.533358,0.774289,True
458,1773657636.954158,1773657810.397508,1093,382,346.876228,1.816459,0.905669,True
459,1773657636.995602,1773657835.381239,1173,429,396.761473,1.431098,0.923669,True
460,1773657638.278567,1773657719.323418,203,189,162.075647,0.874856,0.857451,True
461,1773657638.574634,1773657686.946127,390,97,96.731543,0.831496,0.998959,True
462,1773657639.654461,1773657671.761984,409,93,64.208048,0.597537,0.691419,True
463,1773657639.830564,1773657672.320068,402,92,64.965116,0.669242,0.706548,True
464,1773657640.149257,1773657667.281003,1354,225,54.257726,0.556817,0.239736,True
465,1773657641.032349,1773657732.989858,181,213,183.902074,0.427330,0.865447,True
466,1773657641.137964,1773657801.056105,1035,414,319.824854,1.533786,0.770681,True
467,1773657641.355123,1773657694.471583,1033,420,106.214826,0.447496,0.252428,True
468,1773657641.503976,1773657719.394691,206,179,155.767320,0.398596,0.872858,True
469,1773657641.769898,1773657795.371135,888,426,307.201181,1.033544,0.720394,True
470,1773657641.892450,1773657718.455141,209,183,153.119586,1.256948,0.834410,True
471,1773657642.176770,1773657797.989266,1102,433,311.621459,1.760425,0.717271,True
472,1773657642.462691,1773657804.266597,1007,424,323.592380,1.889121,0.760528,True
473,1773657642.555065,1773657661.875320,203,167,38.619558,0.221427,0.231314,True
474,1773657642.690975,1773657695.929204,1173,421,106.472965,0.520673,0.252267,True
475,1773657642.699282,1773657806.440337,1080,371,327.473390,1.265304,0.881643,True
476,1773657643.164000,1773657688.187297,395,92,90.039079,1.689813,0.970871,True
477,1773657643.177543,1773657729.248012,1011,677,172.118923,0.465280,0.253926,True
478,1773657643.711761,1773657649.818812,91,24,12.201647,0.275030,0.518549,True
479,1773657643.807179,1773657714.425773,209,167,141.227648,0.548155,0.847467,True
480,1773657644.350697,1773657789.152715,1159,399,289.588625,1.064503,0.724935,True
481,1773657644.515181,1773657947.803418,463,739,606.575228,1.079963,0.820454,True
482,1773657644.822351,1773657832.272528,1094,398,374.883690,1.674988,0.940072,True
483,1773657644.824563,1773657733.131138,130,199,176.579707,0.392542,0.889834,True
484,1773657645.285230,1773657703.723222,203,162,116.862256,0.490506,0.722806,True
485,1773657645.879316,1773657743.319927,206,217,194.863653,1.130768,0.896912,True
486,1773657646.545882,1773657788.537224,1003,373,283.981556,1.404037,0.759617,True
487,1773657646.993979,1773657656.828179,376,88,19.658716,0.231608,0.223300,True
488,1773657647.638353,1773657689.468226,401,125,83.641024,0.715430,0.668755,True
489,1773657648.136801,1773657799.930446,1023,427,303.579297,1.278403,0.709627,True
490,1773657648.655326,1773657686.518032,197,217,75.705141,0.333627,0.348942,True
491,1773657648.727972,1773657654.372859,91,16,11.288417,0.341570,0.729790,True
492,1773657650.056180,1773657672.424980,77,187,44.731851,0.208934,0.239371,True
493,1773657650.450430,1773657842.060611,1056,396,383.202144,1.423049,0.966529,True
494,1773657651.094622,1773657721.246628,1033,397,140.289997,1.236214,0.351146,True
495,1773657651.135844,1773657789.088596,1118,378,275.890045,1.247802,0.728494,True
496,1773657651.220786,1773657717.338342,1269,152,132.223684,1.358082,0.866660,True
497,1773657651.411236,1773657722.681979,1035,401,142.529577,1.729494,0.352000,True
498,1773657651.546357,1773657828.116679,1256,414,353.125036,2.496858,0.848979,True
499,1773657651.549560,1773657812.102722,1211,450,321.075343,2.177472,0.710240,True
500,1773657651.589781,1773657661.343625,396,89,19.494089,0.264023,0.218523,True
501,1773657652.023491,1773657658.390896,91,16,12.725554,2.023065,0.713499,True
502,1773657652.400376,1773657811.344542,1066,421,317.880749,1.777453,0.752627,True
503,1773657652.550021,1773657662.376897,91,24,19.632894,1.558141,0.785859,True
504,1773657652.708638,1773657687.928709,414,79,70.422642,1.676285,0.881364,True
505,1773657653.201484,1773657669.466079,378,52,32.523474,1.094670,0.616251,True
506,1773657653.379590,1773657703.091504,385,112,99.401079,1.158138,0.885072,True
507,1773657654.801834,1773657759.169240,1314,285,208.718706,1.335028,0.730224,True
508,1773657655.512141,1773657692.011148,401,88,72.980078,0.726439,0.830502,True
509,1773657656.592808,1773657700.493425,404,98,87.783729,0.757258,0.897180,True
510,1773657656.601687,1773657664.761106,91,16,16.297779,0.405133,1.059510,True
511,1773657657.067419,1773657739.398104,194,188,164.653696,0.369615,0.878524,True
512,1773657657.674578,1773657794.996218,1111,389,274.631884,1.126454,0.704911,True
513,1773657658.071058,1773657847.109660,1125,395,378.071659,1.518663,0.955718,True
514,1773657658.444512,1773657842.949200,1013,421,368.987760,1.328552,0.875379,True
515,1773657658.606848,1773657699.688290,847,89,82.155604,1.171185,0.920277,True
516,1773657660.024751,1773657691.238775,375,101,62.417888,0.457609,0.619603,True
517,1773657660.108548,1773657806.990485,1046,393,293.754319,1.589298,0.745319,True
518,1773657660.242579,1773657689.738161,395,58,58.979537,1.954766,1.000435,True
519,1773657660.439335,1773657699.625567,402,86,78.356732,2.038348,0.897863,True
520,1773657660.958803,1773657826.940673,1207,386,331.960129,1.287951,0.858889,True
521,1773657661.109857,1773657844.411146,997,415,366.583839,2.385007,0.879707,True
522,1773657661.423694,1773657724.592603,191,162,126.325458,1.761259,0.773691,True
523,1773657661.715836,1773657825.358812,978,430,327.270601,1.394109,0.759619,True
524,1773657661.791425,1773657768.670248,200,217,213.743117,0.495107,0.987259,True
525,1773657662.122126,1773657818.318880,1160,421,312.392220,2.086498,0.738823,True
526,1773657662.191926,1773657837.182867,1216,466,349.973792,3.302903,0.745529,True
527,1773657662.194296,1773657822.019231,912,427,319.624650,2.221941,0.745077,True
528,1773657662.195790,1773657675.343513,181,104,26.251729,0.155334,0.253363,True
529,1773657662.462597,1773657724.592448,206,162,124.249517,2.109265,0.758635,True
530,1773657663.441781,1773657836.004760,1010,396,345.112125,1.182483,0.870708,True
531,1773657663.720122,1773657677.439790,975,68,27.433382,1.043749,0.393875,True
532,1773657664.398912,1773657733.308025,1033,396,137.814468,1.173717,0.345926,True
533,1773657664.657113,1773657744.760850,163,157,160.193110,0.499123,1.023679,True
534,1773657664.975163,1773657691.516569,382,62,53.081608,1.304151,0.848811,True
535,1773657664.992821,1773657721.405109,1082,426,112.816500,0.414431,0.264475,True
536,1773657665.279483,1773657830.157539,1311,415,329.740390,17.681777,0.753765,True
537,1773657665.340729,1773657695.112563,200,217,59.521408,0.242819,0.274438,True
538,1773657665.363891,1773657669.836438,91,16,8.926271,0.400454,0.568388,True
539,1773657665.493471,1773657693.747304,181,85,56.498313,0.267765,0.669411,True
540,1773657665.609107,1773657719.469292,1004,412,107.708592,0.408032,0.261072,True
541,1773657666.406158,1773657693.440455,1315,144,54.055442,1.042093,0.370723,True
542,1773657666.834958,1773657688.979342,203,161,44.268188,0.221492,0.275292,True
543,1773657667.395672,1773657811.850479,960,403,288.908141,0.951941,0.716309,True
544,1773657668.646247,1773657810.532021,1032,387,283.770260,2.269213,0.729277,True
545,1773657668.748816,1773657722.161748,1144,396,106.814611,0.542079,0.269044,True
546,1773657668.766850,1773657726.886099,414,130,116.222568,0.742397,0.895195,True
547,1773657668.768047,1773657703.212900,399,86,68.854955,2.130717,0.784991,True
548,1773657669.317217,1773657685.732252,1113,98,32.826480,0.985513,0.328257,True
549,1773657669.410837,1773657711.115108,181,107,83.405072,1.863063,0.769264,True
550,1773657669.759799,1773657741.524508,161,193,143.511752,1.650173,0.738862,True
551,1773657670.089382,1773657723.325143,1001,398,106.469452,0.465765,0.267012,True
552,1773657670.367139,1773657700.571346,371,54,60.400715,0.545630,1.129341,True
553,1773657670.587749,1773657721.171721,1176,385,101.160054,0.457208,0.262247,True
554,1773657670.883814,1773657857.203346,1061,429,372.635545,1.241276,0.867744,True
555,1773657671.261986,1773657723.154407,886,95,103.763450,1.277729,1.090274,True
556,1773657671.619703,1773657857.872506,1137,428,372.483840,1.969579,0.867715,True
557,1773657671.710336,1773657867.141331,1245,389,390.851018,2.324239,1.001358,True
558,1773657671.761123,1773657710.127977,401,103,76.718035,0.689603,0.745377,True
559,1773657671.997283,1773657711.127257,405,83,78.258765,0.702003,0.945814,True
560,1773657672.349116,1773657744.694959,1319,169,144.682023,2.961219,0.843576,True
561,1773657672.994606,1773657858.140833,1052,429,370.273470,1.598665,0.861390,True
562,1773657673.316611,1773657686.530957,91,24,26.407393,1.987805,1.061721,True
563,1773657673.431925,1773657815.561150,1062,393,284.236575,1.610595,0.720985,True
564,1773657673.434928,1773657700.379343,2042,52,53.851428,3.095558,0.995213,True
565,1773657674.551899,1773657677.440310,328,18,5.774845,0.398720,0.316243,True
566,1773657674.632875,1773657735.889478,8,122,122.503454,0.273998,1.010161,True
567,1773657674.911054,1773657741.155388,1313,156,132.465356,2.756755,0.836830,True
568,1773657675.105895,1773657879.252421,1129,414,408.279145,1.372184,0.985247,True
569,1773657675.122427,1773657730.882628,405,110,111.519383,1.486231,1.009478,True
570,1773657675.365721,1773657690.394196,393,105,30.034789,0.195143,0.286920,True
571,1773657675.883190,1773657751.400119,167,187,151.024000,0.304161,0.810322,True
572,1773657675.912107,1773657835.575542,1040,456,319.311833,1.006609,0.699572,True
573,1773657676.296518,1773657845.855597,1113,399,339.102551,1.667258,0.847827,True
574,1773657676.355491,1773657731.818326,1042,411,110.924042,0.425045,0.269510,True
575,1773657676.389136,1773657854.843119,1180,414,356.892267,1.885660,0.859580,True
576,1773657676.441108,1773657887.066919,1069,426,421.230649,1.216247,0.988269,True
577,1773657676.647601,1773657761.244290,209,217,169.192202,0.753377,0.779809,True
578,1773657677.823105,1773657736.097451,1065,426,116.547073,0.385360,0.273322,True
579,1773657677.828756,1773657768.385121,128,173,181.100251,0.549190,1.049715,True
580,1773657677.847042,1773657854.907920,1037,415,354.104335,1.496765,0.851709,True
581,1773657678.260246,1773657732.568871,966,403,108.606917,0.466327,0.269006,True
582,1773657678.285204,1773657697.411188,380,99,38.250345,0.393513,0.386294,True
583,1773657678.544498,1773657821.295158,1087,396,285.479856,1.147317,0.719829,True
584,1773657678.636977,1773657768.882438,218,179,180.489518,0.551672,1.010887,True
585,1773657678.701172,1773657709.331580,387,75,61.242033,1.230589,0.810965,True
586,1773657678.862108,1773657867.307662,1000,498,376.882140,1.308331,0.755682,True
587,1773657680.370258,1773657696.347034,383,114,31.941695,0.250783,0.280451,True
588,1773657680.440480,1773657832.018702,1093,429,303.140121,1.230742,0.705396,True
589,1773657681.104582,1773657874.500337,1262,390,386.771183,1.971382,0.989203,True
590,1773657681.357532,1773657741.575281,1473,450,120.417852,0.677229,0.266683,True
591,1773657682.542781,1773657757.057516,1127,563,149.010052,0.436001,0.264367,True
592,1773657683.932623,1773657882.165118,1076,464,396.459185,1.389397,0.853282,True
593,1773657684.105879,1773657753.380020,1067,393,138.532286,1.136237,0.350500,True
594,1773657684.117734,1773657709.475888,402,73,50.703183,0.823332,0.692776,True
595,1773657684.299675,1773657757.789054,209,179,146.966403,1.459874,0.817452,True
596,1773657684.671693,1773657888.248506,1047,401,407.135792,1.428844,1.014267,True
597,1773657685.231694,1773657762.195667,200,193,153.906133,0.385933,0.799584,True
598,1773657685.663864,1773657888.318852,942,404,405.294027,1.540521,1.001870,True
599,1773657685.953930,1773657842.873529,1072,446,313.821150,1.086525,0.702774,True
600,1773657686.094490,1773657741.806323,1232,419,111.405807,0.527774,0.265258,True
601,1773657686.307928,1773657733.060498,373,91,93.497441,1.140441,1.026189,True
602,1773657686.567265,1773657755.374484,999,395,137.599052,0.982751,0.346742,True
603,1773657686.776251,1773657835.823324,1146,426,298.084183,1.502433,0.697839,True
604,1773657687.563776,1773658022.598158,1049,667,670.050410,1.282320,1.004156,True
605,1773657688.143761,1773657739.176429,1130,375,102.050860,0.472413,0.271600,True
606,1773657688.143911,1773657759.425391,1009,419,142.527055,0.890203,0.338844,True
607,1773657688.543414,1773657825.001191,1317,320,272.911748,1.545655,0.850677,True
608,1773657688.577698,1773657708.802816,921,114,40.432374,1.219328,0.347018,True
609,1773657688.870239,1773657872.512315,1157,429,367.266697,2.596779,0.852033,True
610,1773657689.004486,1773657761.773034,1093,425,145.535265,1.150122,0.340531,True
611,1773657689.063678,1773657862.713121,1035,405,347.286754,2.719997,0.852888,True
612,1773657689.067853,1773657887.209038,1009,395,396.256620,1.413780,1.002139,True
613,1773657689.204610,1773657698.662029,482,73,18.909009,0.303022,0.258416,True
614,1773657689.670078,1773657702.704916,401,104,26.053893,0.187283,0.251132,True
615,1773657689.777081,1773657840.591384,1046,429,301.618132,1.148125,0.702033,True
616,1773657690.377912,1773657885.499503,1230,389,390.231761,1.414626,1.002106,True
617,1773657690.407590,1773657747.247466,161,159,113.664464,0.605154,0.715565,True
618,1773657691.423397,1773657722.628053,26,238,62.390659,0.125890,0.262721,True
619,1773657691.457437,1773657831.583367,1108,399,280.238040,1.099719,0.701353,True
620,1773657691.686610,1773657753.371262,378,124,123.353236,0.623473,0.997803,True
621,1773657691.691814,1773657839.059485,1051,410,294.707548,1.462196,0.716981,True
622,1773657692.112636,1773657705.008578,2,93,25.788111,0.135846,0.278829,True
623,1773657692.390633,1773657853.527496,1001,373,322.268969,1.043853,0.863508,True
624,1773657692.487560,1773657748.915295,1059,429,112.835943,0.439153,0.262609,True
625,1773657692.748254,1773657828.104272,996,385,270.691415,0.924462,0.702518,True
626,1773657692.766825,1773657831.770618,1096,396,278.002074,1.794499,0.699260,True
627,1773657692.912625,1773657709.193746,417,98,32.552617,0.431750,0.331143,True
628,1773657693.442698,1773657833.454145,1139,396,280.007169,2.003498,0.703807,True
629,1773657693.666152,1773657704.324744,310,18,21.309507,0.540731,1.221693,True
630,1773657694.177509,1773657939.339695,1027,482,490.310566,1.216659,1.016827,True
631,1773657694.334919,1773657758.987336,1007,388,129.290451,0.755220,0.332132,True
632,1773657694.410423,1773657719.445873,161,150,50.057781,0.809107,0.330528,True
633,1773657695.036751,1773657831.646623,1025,394,273.212030,1.478659,0.691434,True
634,1773657695.134145,1773657899.319899,1044,413,408.350167,1.447746,0.987627,True
635,1773657695.336858,1773657749.884226,404,108,109.081167,1.603702,1.004462,True
636,1773657695.399690,1773657875.473351,1036,425,360.131766,1.170386,0.846607,True
637,1773657695.507353,1773657865.276805,1098,396,339.528940,2.362368,0.853586,True
638,1773657695.796743,1773657710.218360,405,105,28.823483,0.303684,0.274229,True
639,1773657695.861259,1773657923.495859,1269,451,455.251489,2.257118,1.006654,True
640,1773657696.028746,1773657714.927991,788,51,37.776930,1.252339,0.730492,True
641,1773657697.141455,1773657865.083644,918,397,335.877953,1.787035,0.843664,True
642,1773657697.442425,1773657778.417794,206,179,161.943067,1.069614,0.903783,True
643,1773657698.051237,1773657950.943824,1068,664,505.775666,1.157153,0.761114,True
644,1773657698.935881,1773657903.901877,1042,472,409.912356,1.173275,0.867811,True
645,1773657698.961104,1773657734.763003,417,92,71.591688,0.885483,0.776991,True
646,1773657699.264674,1773657723.653568,409,146,48.776441,0.414092,0.333533,True
647,1773657699.296576,1773657879.252148,1002,373,359.909508,1.444842,0.963615,True
648,1773657700.095242,1773657742.178720,942,104,84.161372,1.073600,0.806677,True
649,1773657700.455997,1773657840.469121,983,414,280.007009,1.414040,0.674559,True
650,1773657700.773806,1773657832.567758,1113,1000,263.565309,0.509108,0.263320,True
651,1773657700.900969,1773657800.980851,203,217,200.142099,0.619379,0.923716,True
652,1773657701.040424,1773657712.628411,435,83,23.167905,0.436344,0.277214,True
653,1773657701.357872,1773657709.378419,91,16,16.027311,1.439404,0.972527,True
654,1773657701.507480,1773657891.482217,1071,386,379.948056,1.228067,0.983688,True
655,1773657702.128993,1773657800.387027,167,217,196.496870,1.128797,0.904482,True
656,1773657702.131352,1773657761.052469,200,161,117.806465,0.464627,0.733386,True
657,1773657702.353975,1773657737.784050,181,92,70.848557,0.542116,0.772598,True
658,1773657702.654211,1773657763.136002,181,118,120.951525,0.450387,1.029924,True
659,1773657703.482949,1773657775.554538,1201,546,144.134937,0.978801,0.262672,True
660,1773657703.486544,1773657756.537534,1208,400,106.078728,0.967680,0.263436,True
661,1773657703.756390,1773657723.305521,373,57,39.086262,0.786644,0.683922,True
662,1773657704.251972,1773657880.152292,1005,407,351.788921,1.243866,0.863411,True
663,1773657704.399900,1773657731.167396,130,199,53.522977,0.244909,0.269081,True
664,1773657704.780695,1773657900.029372,1008,398,390.495533,1.288528,0.980370,True
665,1773657704.950505,1773657711.999704,91,16,14.082089,1.704404,0.825179,True
666,1773657705.412690,1773657759.154423,392,109,107.468804,1.243488,0.983568,True
667,1773657705.532467,1773657750.792583,394,94,90.515002,2.060863,0.951120,True
668,1773657705.829395,1773657766.436620,988,466,121.198118,0.491826,0.259583,True
669,1773657705.896099,1773657867.170363,1146,380,322.540673,1.697965,0.846551,True
670,1773657706.058758,1773657917.474625,1091,436,422.826272,1.398778,0.968799,True
671,1773657706.919497,1773657739.553366,379,87,65.266557,0.821936,0.749356,True
672,1773657707.141097,1773657746.297076,411,93,78.293878,0.619947,0.844282,True
673,1773657708.988057,1773657730.826182,396,65,43.666563,0.883989,0.668478,True
674,1773657709.517967,1773657877.393501,1060,396,335.745767,1.216231,0.846910,True
675,1773657709.573037,1773657783.513192,1046,429,147.858634,0.919496,0.343316,True
676,1773657709.597253,1773657749.163369,398,79,79.116086,0.607708,1.006518,True
677,1773657710.688604,1773657752.109197,381,99,82.833240,0.563197,0.839490,True
678,1773657711.030874,1773657856.079187,1117,428,290.084922,1.465206,0.675924,True
679,1773657711.172455,1773657742.242305,383,69,62.134101,0.592107,0.905029,True
680,1773657711.188705,1773657750.526214,403,106,78.658054,0.758519,0.741900,True
681,1773657711.590388,1773657720.401439,377,69,17.620479,0.211340,0.256017,True
682,1773657711.775150,1773657750.331007,403,101,77.104130,0.744956,0.763592,True
683,1773657712.342682,1773657772.557829,1145,396,120.420690,7.636667,0.285529,True
684,1773657712.646192,1773657926.888830,1209,403,428.481557,9.904987,1.041235,True
685,1773657712.886323,1773657869.200585,893,455,312.618260,0.980869,0.686426,True
686,1773657713.957902,1773657919.383499,1036,411,410.839273,1.435663,0.998545,True
687,1773657714.206631,1773657792.286124,203,217,156.142158,0.458508,0.720758,True
688,1773657714.663171,1773657825.371089,200,217,221.414463,1.396549,1.018601,True
689,1773657714.663288,1773657723.720715,299,18,18.091967,1.162725,0.995838,True
690,1773657715.053794,1773657790.498182,1142,436,150.870569,0.970984,0.344597,True
691,1773657715.460697,1773657852.424619,1318,234,273.921939,20.066546,1.089508,True
692,1773657716.645484,1773657725.068022,323,18,16.833360,1.810653,0.883689,True
693,1773657716.899280,1773657924.283450,1023,416,414.764933,1.560875,0.995672,True
694,1773657717.099712,1773657987.450209,1039,593,540.698920,1.342228,0.911075,True
695,1773657717.470721,1773657856.570251,1024,414,278.185424,1.192773,0.670684,True
696,1773657718.280831,1773657788.520756,206,165,140.465889,0.525321,0.853296,True
697,1773657718.344698,1773657757.406857,371,97,78.113625,0.954620,0.803740,True
698,1773657718.651055,1773657744.054482,373,66,50.805318,0.543549,0.773258,True
699,1773657718.735386,1773657729.188757,385,73,20.884202,0.303159,0.285848,True
700,1773657718.890636,1773657789.316740,203,167,140.840791,0.670331,0.844400,True
701,1773657719.472399,1773657765.307742,398,132,91.661329,0.669475,0.694594,True
702,1773657719.627860,1773657905.542231,1241,421,371.811397,1.419657,0.881885,True
703,1773657719.667875,1773657881.129101,1050,374,322.901095,1.648824,0.861266,True
704,1773657720.211160,1773657765.683038,401,86,90.925946,0.703414,1.061442,True
705,1773657720.365882,1773657852.540293,1436,386,264.347418,1.365366,0.683070,True
706,1773657720.680436,1773657753.650917,389,65,65.919069,0.897200,1.015967,True
707,1773657721.054066,1773657747.941154,386,49,53.772548,1.741153,1.083987,True
708,1773657721.104903,1773657794.152343,1069,426,146.089065,0.865772,0.341702,True
709,1773657721.159199,1773657757.813200,212,217,73.306582,0.953638,0.334967,True
710,1773657721.208682,1773657881.453212,991,373,320.479507,1.303832,0.857999,True
711,1773657721.335278,1773657761.775981,181,112,80.874203,0.450174,0.724541,True
712,1773657722.045494,1773657771.976165,395,142,99.839020,0.759681,0.702690,True
713,1773657723.328239,1773657877.891286,1007,451,309.120669,1.062098,0.684575,True
714,1773657723.369361,1773657760.923060,395,91,75.096003,1.144576,0.821683,True
715,1773657724.191749,1773657731.194664,324,18,13.990305,0.614410,0.786817,True
716,1773657724.246301,1773657747.121576,200,167,45.737829,0.246250,0.274046,True
717,1773657724.283243,1773657763.155021,397,103,77.720425,0.609113,0.755993,True
718,1773657724.390308,1773657760.877799,452,101,72.953107,0.739776,0.722133,True
719,1773657724.591111,1773657738.349198,391,93,27.495468,0.190638,0.296792,True
720,1773657724.732784,1773657944.754467,1061,429,440.035654,1.325160,1.025025,True
721,1773657724.936969,1773657851.177846,1007,379,252.464020,1.117919,0.664937,True
722,1773657725.262693,1773657739.704384,398,99,28.873038,0.229249,0.292284,True
723,1773657725.293328,1773657903.411890,913,398,356.225494,1.136507,0.894431,True
724,1773657725.496085,1773657936.661117,999,412,422.328749,1.747082,1.023313,True
725,1773657725.581740,1773657759.745320,385,84,68.305644,1.785454,0.801448,True
726,1773657726.160990,1773657865.054968,1161,408,277.780330,1.088060,0.679834,True
727,1773657726.873817,1773657769.091634,396,113,84.433904,1.087209,0.744167,True
728,1773657727.573765,1773657821.356817,200,188,187.556386,0.407255,1.000797,True
729,1773657727.675801,1773657905.269032,1116,401,355.168568,1.467127,0.884254,True
730,1773657727.724919,1773657798.555152,1046,531,141.654036,0.423371,0.266473,True
731,1773657727.956409,1773657859.608662,1015,397,263.294853,1.154129,0.661972,True
732,1773657727.984951,1773657741.691044,396,95,27.395478,0.744199,0.283524,True
733,1773657728.121783,1773657754.558347,1320,201,52.855097,0.503179,0.261760,True
734,1773657728.126987,1773657860.290697,1040,396,264.299559,1.796615,0.664564,True
735,1773657728.167976,1773657799.104610,416,153,141.861657,0.782213,0.928154,True
736,1773657728.394358,1773657737.699966,384,61,18.605234,0.493631,0.301860,True
737,1773657729.073513,1773657784.130522,1288,418,110.091724,0.542797,0.262707,True
738,1773657729.211198,1773657798.694835,203,162,138.949744,0.431222,0.860363,True
739,1773657729.241615,1773657760.668181,400,82,62.833139,1.852781,0.752844,True
740,1773657729.503950,1773657808.705423,209,217,158.387422,0.641306,0.730306,True
741,1773657729.546832,1773657777.455482,402,134,95.804024,1.424178,0.709623,True
742,1773657729.600987,1773657781.246789,906,146,103.283084,1.246397,0.703701,True
743,1773657729.742439,1773657839.727919,1312,204,219.952273,7.490581,1.046609,True
744,1773657730.543145,1773657779.978253,1042,373,98.865918,0.559498,0.264265,True
745,1773657730.643430,1773657767.128304,128,205,72.956065,0.244541,0.356429,True
746,1773657731.211648,1773657861.517683,1067,398,260.595588,1.211855,0.653360,True
747,1773657731.331994,1773657934.796246,1170,398,406.921335,1.436734,1.021372,True
748,1773657731.938855,1773657783.546103,1129,396,103.208494,0.445117,0.260160,True
749,1773657732.781294,1773657795.505224,401,144,125.438066,0.743600,0.871989,True
750,1773657732.998294,1773657909.371961,1032,401,352.728086,1.178627,0.878874,True
751,1773657733.166800,1773657748.565096,407,122,30.778626,0.272420,0.252117,True
752,1773657733.249209,1773657923.406703,1102,425,380.313688,2.234547,0.891696,True
753,1773657733.547727,1773657908.473869,1088,407,349.844162,1.640058,0.857646,True
754,1773657733.904124,1773657773.723721,385,107,79.619269,0.512730,0.746288,True
755,1773657733.977748,1773657900.034958,967,398,332.095075,2.422301,0.830410,True
756,1773657734.121431,1773657764.854420,395,83,61.460531,1.489149,0.731358,True
757,1773657734.365545,1773657861.089826,1160,392,253.431394,1.274576,0.644902,True
758,1773657734.649329,1773657914.939811,1019,413,360.567353,2.153760,0.869936,True
759,1773657735.586669,1773657767.078337,181,172,62.972313,0.259740,0.366740,True
760,1773657735.805804,1773657745.316182,91,24,19.011970,1.163370,0.776026,True
761,1773657735.938806,1773657794.935796,409,125,117.976557,3.341861,0.924473,True
762,1773657735.971838,1773657743.185442,383,58,14.413566,0.213920,0.249117,True
763,1773657736.087637,1773657913.709714,1363,363,355.234219,3.197068,0.972478,True
764,1773657736.098696,1773657807.695731,1034,550,143.184860,0.585051,0.259745,True
765,1773657736.111264,1773657758.445071,200,174,44.661843,0.574026,0.254843,True
766,1773657737.163305,1773657887.559786,998,373,300.775798,1.358885,0.804884,True
767,1773657737.370783,1773657777.119800,203,217,79.477806,0.275909,0.366675,True
768,1773657737.820220,1773657826.533997,1317,268,177.409926,1.549253,0.658654,True
769,1773657737.891717,1773657948.654392,1001,399,421.503888,6.496960,1.042731,True
770,1773657738.092862,1773657822.760024,167,168,169.322619,1.597765,1.004340,True
771,1773657738.304644,1773657818.662717,1093,429,160.711956,0.938135,0.373303,True
772,1773657738.464786,1773657747.130119,373,27,17.311613,0.648751,0.640879,True
773,1773657739.026798,1773657835.453649,209,194,192.831842,0.568569,0.996183,True
774,1773657739.389116,1773657818.004750,1314,161,157.223726,1.545973,0.972986,True
775,1773657739.435543,1773657744.524637,91,16,10.160875,0.486910,0.644931,True
776,1773657739.841759,1773657978.802420,1072,446,477.918977,15.850137,1.038357,True
777,1773657740.276823,1773657772.139805,370,69,63.714442,0.611839,0.927979,True
778,1773657740.286600,1773657777.418622,379,88,74.249641,2.302742,0.826976,True
779,1773657740.326574,1773657787.310813,1129,136,93.950977,1.138228,0.687502,True
780,1773657740.415205,1773657777.634363,372,90,74.427001,2.047838,0.813249,True
781,1773657740.686992,1773657806.018572,1297,368,130.648198,1.052841,0.353121,True
782,1773657740.700963,1773657952.770587,1012,420,424.131659,1.524244,1.008610,True
783,1773657740.704201,1773657760.061497,377,53,38.691032,0.694441,0.730704,True
784,1773657741.019745,1773657817.145330,1191,411,152.249413,1.647947,0.367321,True
785,1773657742.374398,1773657758.840616,393,101,32.924641,0.687196,0.322374,True
786,1773657742.670072,1773657878.506476,1208,413,271.669441,1.187637,0.656509,True
787,1773657743.253445,1773657763.469409,379,62,40.428326,1.242850,0.642385,True
788,1773657744.427153,1773657791.250238,394,70,93.624690,16.235569,1.121581,True
789,1773657744.491844,1773657757.115216,425,96,25.227650,0.242975,0.262997,True
790,1773657744.717565,1773657747.641301,313,18,5.835932,0.439310,0.317448,True
791,1773657744.766659,1773657780.220821,134,202,70.890587,0.452774,0.350437,True
792,1773657744.869191,1773657920.785654,181,418,351.825463,0.547142,0.842394,True
793,1773657745.845706,1773657799.895770,1027,405,108.090920,0.399690,0.266562,True
794,1773657746.086108,1773657942.447582,1035,431,392.715126,1.272499,0.910332,True
795,1773657746.265113,1773657786.857899,391,93,81.177675,0.729846,0.874433,True
796,1773657746.561572,1773657830.575216,395,118,168.019807,26.139762,1.212650,True
797,1773657747.737505,1773657767.250782,371,58,39.019202,0.699615,0.672273,True
798,1773657748.308193,1773657925.752528,1098,396,354.884978,1.248904,0.895281,True
799,1773657748.459570,1773657879.421103,1296,398,261.902494,1.322036,0.656374,True
800,1773657748.605316,1773657770.059551,124,159,42.889756,0.183926,0.270290,True
801,1773657748.869976,1773657762.681696,394,104,27.619266,0.215550,0.266055,True
802,1773657749.007061,1773657823.138813,1230,399,148.257764,1.276290,0.369300,True
803,1773657749.690283,1773657780.989732,380,74,62.583508,0.588493,0.849247,True
804,1773657749.994321,1773657756.884756,91,16,13.769326,0.459419,0.887327,True
805,1773657751.121392,1773657804.390485,1298,402,106.526090,0.511665,0.264375,True
806,1773657751.431992,1773657934.175413,1101,405,365.464539,1.411286,0.901122,True
807,1773657751.745882,1773657992.104653,998,518,480.711955,1.944983,0.926048,True
808,1773657752.000430,1773657769.471579,378,52,34.936685,1.234689,0.660823,True
809,1773657752.014167,1773657881.613743,1033,394,259.179559,0.993003,0.656963,True
810,1773657752.199733,1773657794.149059,395,90,83.894881,0.813772,0.933496,True
811,1773657753.711385,1773657929.662893,1120,415,351.887602,1.538197,0.846255,True
812,1773657753.870451,1773657767.068182,420,104,26.381555,0.269181,0.253518,True
813,1773657754.306320,1773657932.806073,1138,396,356.983927,1.400170,0.900212,True
814,1773657755.005169,1773657766.551188,406,89,23.070331,0.295479,0.258805,True
815,1773657755.184388,1773657833.932248,1314,152,157.480011,2.167743,1.028558,True
816,1773657756.035487,1773657977.100453,1057,445,442.124489,2.520375,0.990099,True
817,1773657757.397819,1773657811.621020,1074,403,108.427822,0.433079,0.268644,True
818,1773657757.666979,1773657815.712022,1133,432,116.068090,0.646865,0.267799,True
819,1773657757.701706,1773657966.674192,1110,451,417.930540,1.377423,0.925674,True
820,1773657757.706896,1773657794.868217,1005,111,74.298071,0.938343,0.666907,True
821,1773657757.708247,1773657803.038665,853,106,90.617545,2.700326,0.837307,True
822,1773657758.162147,1773657955.514142,1198,396,394.690232,1.959726,0.994254,True
823,1773657758.267307,1773657780.705328,372,61,44.863505,0.807365,0.734269,True
824,1773657759.695524,1773657791.050271,381,91,62.707685,0.714901,0.688809,True
825,1773657759.967377,1773657834.774267,1112,404,149.605685,0.862589,0.369090,True
826,1773657760.211357,1773657775.266858,956,75,30.108219,1.329443,0.388902,True
827,1773657760.230504,1773657819.845047,431,99,119.223268,12.471849,1.089300,True
828,1773657760.799594,1773657816.176410,957,414,110.737645,0.418584,0.267116,True
829,1773657760.958445,1773657795.005161,400,85,68.081090,0.672293,0.802486,True
830,1773657761.939088,1773657778.544669,394,93,33.198419,0.381436,0.356706,True
831,1773657763.135728,1773657974.329390,1216,456,422.377036,1.579575,0.924830,True
832,1773657763.244858,1773657787.601109,1398,44,48.708914,3.192241,1.058527,True
833,1773657763.636836,1773657850.924054,218,179,174.570959,0.388583,0.978553,True
834,1773657763.814053,1773657800.387233,391,93,73.139857,0.595886,0.788521,True
835,1773657764.013609,1773657796.498899,383,83,64.967117,0.665175,0.784170,True
836,1773657764.176018,1773657834.613111,22,147,140.852557,2.315023,0.948887,True
837,1773657764.728207,1773657909.363693,1247,398,289.257554,1.421004,0.725029,True
838,1773657764.805966,1773657827.291154,1318,139,124.962811,2.256688,0.889175,True
839,1773657765.036838,1773657854.631554,203,193,179.183536,2.437988,0.920550,True
840,1773657765.339966,1773657955.571555,1135,410,380.457487,3.070040,0.922708,True
841,1773657765.541137,1773657836.480187,1009,393,141.856215,0.807696,0.359818,True
842,1773657765.583081,1773657915.017424,1249,413,298.867432,1.746329,0.721168,True
843,1773657765.920497,1773657801.712014,391,94,71.561483,0.605527,0.762967,True
844,1773657765.962931,1773657839.580845,163,158,147.212601,1.230590,0.929822,True
845,1773657766.168808,1773657800.507862,404,71,68.670344,1.225489,0.963498,True
846,1773657766.526770,1773657799.804482,871,103,66.532767,1.593482,0.636660,True
847,1773657767.405811,1773657821.726787,978,401,108.618662,0.455868,0.270407,True
848,1773657767.900862,1773657783.389340,372,28,30.962361,1.209283,1.101966,True
849,1773657768.298490,1773657780.853564,372,67,25.099429,0.505261,0.372639,True
850,1773657768.755472,1773657823.586704,1165,411,109.660530,0.525609,0.266183,True
851,1773657768.833173,1773657934.724122,1262,373,331.765810,1.720188,0.887219,True
852,1773657769.155385,1773657825.357281,1216,421,112.385642,0.657590,0.266019,True
853,1773657769.237836,1773657771.277669,237,14,4.078038,0.176687,0.300104,True
854,1773657769.289765,1773657772.557511,91,24,6.530677,0.530288,0.260886,True
855,1773657769.296925,1773657838.082653,1196,385,137.559797,0.921916,0.355828,True
856,1773657769.645040,1773657957.940021,1116,411,376.588688,2.224210,0.913084,True
857,1773657770.067653,1773657929.807957,1102,427,319.474902,1.232033,0.747049,True
858,1773657770.391113,1773657807.004786,414,84,73.217903,1.609683,0.862750,True
859,1773657771.087247,1773657784.314413,392,74,26.452908,0.417389,0.356651,True
860,1773657771.503917,1773657778.931180,386,57,14.847037,0.289155,0.259962,True
861,1773657772.338872,1773657954.743999,1111,415,364.796611,1.537083,0.877438,True
862,1773657772.446780,1773657949.102869,997,393,353.300599,1.346538,0.897842,True
863,1773657772.464228,1773657912.204603,987,393,279.460213,1.057588,0.710211,True
864,1773657773.606689,1773657836.030594,203,167,124.846450,0.745050,0.747599,True
865,1773657774.068981,1773657860.762162,209,217,173.378940,0.432811,0.800677,True
866,1773657774.152955,1773657790.204625,908,90,32.097834,0.734402,0.352398,True
867,1773657774.596998,1773657826.727067,404,126,104.237650,0.689167,0.828388,True
868,1773657774.883475,1773657976.569186,1296,448,403.353358,1.677791,0.898603,True
869,1773657775.506476,1773657802.926607,396,87,54.816918,0.681071,0.629487,True
870,1773657775.770432,1773657927.567306,1035,411,303.592058,1.016961,0.737988,True
871,1773657775.906243,1773657813.818619,416,99,75.821472,0.825857,0.765261,True
872,1773657776.135807,1773657837.941979,167,205,123.608673,0.873442,0.601643,True
873,1773657776.365244,1773657965.515113,907,429,378.294124,1.405221,0.880582,True
874,1773657776.426436,1773657815.616650,429,108,78.373184,1.591325,0.717587,True
875,1773657776.509427,1773657790.530904,1361,98,28.035306,0.571656,0.283130,True
876,1773657776.564732,1773657866.998768,130,173,180.866688,0.563559,1.048274,True
877,1773657776.653881,1773657865.280411,203,217,177.241527,1.509971,0.813572,True
878,1773657776.783211,1773657858.828831,126,203,164.085750,1.513580,0.804813,True
879,1773657776.813496,1773657791.352631,1082,105,29.070432,0.657405,0.273202,True
880,1773657777.132757,1773657786.611884,397,54,18.937486,0.486270,0.348136,True
881,1773657778.264964,1773657810.143778,383,72,63.747857,0.738973,0.887449,True
882,1773657778.400304,1773657842.387789,416,144,127.965428,0.765996,0.889507,True
883,1773657778.694988,1773657988.148031,1072,411,418.886403,1.353729,1.018372,True
884,1773657778.741466,1773657797.169056,380,112,36.845590,0.451380,0.327876,True
885,1773657778.996265,1773657975.091225,1161,440,392.188756,1.505528,0.889939,True
886,1773657779.018481,1773657820.373288,197,217,82.707382,0.386202,0.381117,True
887,1773657779.298060,1773657802.009852,368,62,45.418189,0.731750,0.732565,True
888,1773657779.343672,1773657930.454970,1101,402,302.204082,1.195186,0.750646,True
889,1773657779.345870,1773657798.613107,405,142,38.498531,0.262229,0.271179,True
890,1773657779.426951,1773657828.258091,181,119,97.640675,1.432582,0.815323,True
891,1773657779.569064,1773657805.347828,910,60,51.545893,2.088418,0.838262,True
892,1773657780.628768,1773657981.476083,994,396,401.683498,1.542497,1.013015,True
893,1773657780.750764,1773657844.414292,1201,497,127.309000,0.462854,0.255738,True
894,1773657781.923836,1773657794.319170,400,95,24.768468,0.216187,0.261194,True
895,1773657782.010833,1773657794.842892,404,101,25.648183,0.237770,0.254104,True
896,1773657782.375151,1773657972.460712,1001,371,380.149263,1.732237,1.022749,True
897,1773657782.434994,1773657991.822519,1004,412,418.765455,1.287582,1.015761,True
898,1773657782.592037,1773657926.119438,1118,385,287.043378,1.248949,0.744256,True
899,1773657782.892547,1773657798.723486,391,98,31.660599,0.533204,0.320901,True
900,1773657783.067744,1773657792.343967,374,70,18.548691,0.240602,0.265335,True
901,1773657783.401706,1773657840.851524,395,132,114.898449,0.771838,0.871196,True
902,1773657783.560697,1773657862.801609,1318,151,158.464339,2.430732,1.040224,True
903,1773657784.223852,1773657800.531529,373,126,32.607299,0.190390,0.259335,True
904,1773657784.286299,1773657812.720914,167,217,56.859355,0.257107,0.262047,True
905,1773657785.369234,1773657824.653415,404,96,78.551038,0.877860,0.817612,True
906,1773657786.080478,1773657814.796684,399,91,57.414591,0.518850,0.632175,True
907,1773657786.381652,1773657788.603590,309,18,4.422248,0.225641,0.246859,True
908,1773657786.626927,1773657802.035909,914,100,30.802509,0.741334,0.303648,True
909,1773657787.244562,1773657826.691557,398,99,78.875494,0.804742,0.796640,True
910,1773657787.254323,1773657997.178148,923,416,419.828254,1.272356,1.008568,True
911,1773657787.618401,1773657826.066355,392,91,76.888288,0.761467,0.845854,True
912,1773657788.952391,1773657812.200543,206,171,46.483042,0.239678,0.272020,True
913,1773657789.390005,1773657998.866705,1231,416,418.948215,1.639901,1.005562,True
914,1773657789.393008,1773657842.369884,1181,415,105.932255,0.514146,0.254633,True
915,1773657789.794577,1773657821.405758,374,73,63.214989,0.556205,0.870261,True
916,1773657790.039383,1773657805.312431,396,120,30.530179,0.230175,0.254622,True
917,1773657790.171789,1773657817.914460,181,209,55.463378,0.287516,0.265269,True
918,1773657791.306509,1773657858.003892,1658,82,133.393138,16.945177,1.437629,True
919,1773657791.307702,1773657839.103655,165,158,95.569141,0.336148,0.606580,True
920,1773657791.721486,1773657852.147790,405,133,120.836805,0.745868,0.909780,True
921,1773657792.562096,1773657981.690224,1205,409,378.238714,1.654531,0.923000,True
922,1773657792.810341,1773657969.906268,1120,397,354.184170,1.588503,0.890393,True
923,1773657793.192966,1773657822.831761,367,49,59.265703,0.732348,1.219445,True
924,1773657793.534283,1773657839.368975,405,96,91.667976,1.268492,0.951574,True
925,1773657794.375875,1773657825.299202,442,78,61.822982,1.024627,0.789589,True
926,1773657795.350827,1773657953.192507,1009,399,315.671256,0.986351,0.790666,True
927,1773657795.796658,1773657839.791754,375,94,87.976599,0.716986,0.938275,True
928,1773657796.266776,1773658003.259406,1009,399,413.971328,1.331644,1.036783,True
929,1773657796.394353,1773657819.015755,1313,162,45.230723,0.614821,0.277117,True
930,1773657796.491294,1773657851.732607,1133,432,110.470357,0.941402,0.254128,True
931,1773657796.809308,1773657821.735472,385,77,49.846811,0.546527,0.648688,True
932,1773657796.953550,1773657983.525125,1296,405,373.135621,1.662493,0.919488,True
933,1773657797.500457,1773657987.053559,1199,440,379.085991,1.574474,0.859935,True
934,1773657797.519453,1773657875.473554,1321,180,155.903954,2.702030,0.855877,True
935,1773657798.568559,1773657819.150147,437,92,41.147522,0.467752,0.447030,True
936,1773657798.636962,1773657830.444748,440,84,63.610069,1.166578,0.752331,True
937,1773657800.327733,1773657841.988430,381,67,83.319718,0.579385,1.253641,True
938,1773657800.505781,1773657844.967903,420,103,88.914485,0.659385,0.865246,True
939,1773657800.985265,1773658038.014771,1060,449,474.041151,1.475898,1.054833,True
940,1773657801.386823,1773657951.568976,1199,373,300.356834,1.282178,0.803964,True
941,1773657801.423877,1773657815.361288,390,99,27.855767,0.197191,0.282230,True
942,1773657802.202240,1773657875.369318,203,217,146.318658,0.884477,0.673306,True
943,1773657802.347970,1773657910.421474,999,575,216.126388,0.925770,0.374914,True
944,1773657802.736917,1773658013.929644,1231,463,422.367825,1.378846,0.911232,True
945,1773657803.334327,1773658013.693376,1165,409,420.708043,1.250848,1.028081,True
946,1773657803.535888,1773658006.638556,987,393,406.194852,2.190432,1.030624,True
947,1773657803.595515,1773657860.364204,414,101,113.519467,2.486493,1.110330,True
948,1773657803.751226,1773657848.548474,396,102,89.572970,1.017416,0.876788,True
949,1773657803.823892,1773657830.129764,1865,122,52.610167,1.478731,0.422574,True
950,1773657803.827526,1773657835.045232,390,83,62.420169,0.844591,0.750922,True
951,1773657803.830558,1773657972.138005,1083,429,336.583475,1.321843,0.783322,True
952,1773657803.939511,1773657814.030162,373,69,20.160157,0.203699,0.293477,True
953,1773657805.359093,1773657857.932132,401,89,105.136482,1.001197,1.183356,True
954,1773657805.490094,1773657888.352659,203,183,165.703339,0.599037,0.907166,True
955,1773657805.924790,1773657854.892115,1233,377,97.918542,0.501557,0.259088,True
956,1773657806.589600,1773658035.518592,1133,429,457.837925,3.152703,1.062349,True
957,1773657806.866470,1773657880.845863,1199,396,147.944858,0.911570,0.372236,True
958,1773657807.011011,1773657849.092005,1226,95,84.144092,1.744826,0.876588,True
959,1773657807.158407,1773657858.889234,1031,397,103.445127,0.467063,0.260046,True
960,1773657807.608130,1773657897.593486,206,189,179.963163,0.618889,0.953959,True
961,1773657807.644096,1773657900.724265,980,516,186.138171,0.885625,0.359714,True
962,1773657807.660426,1773657883.457063,167,179,151.583856,1.393713,0.843765,True
963,1773657807.861870,1773657832.719757,405,128,49.714308,1.080059,0.382947,True
964,1773657807.879157,1773657835.211442,376,62,54.655162,1.560558,0.870403,True
965,1773657808.030962,1773657908.837257,1313,169,201.598674,13.242516,1.121168,True
966,1773657808.036174,1773657888.500130,1320,239,160.902652,1.336595,0.670446,True
967,1773657808.173527,1773657837.446060,1052,101,58.524584,2.199583,0.563250,True
968,1773657808.752358,1773657895.515879,1060,658,173.516875,0.485889,0.263365,True
969,1773657808.855967,1773657859.740539,1049,395,101.755275,0.767798,0.256313,True
970,1773657809.087234,1773657840.469439,408,104,62.758142,1.676388,0.593027,True
971,1773657809.334791,1773657817.100454,91,16,15.523709,0.453017,1.004713,True
972,1773657809.591066,1773657931.989040,1313,234,244.774488,2.504673,1.039785,True
973,1773657810.009864,1773657872.410207,206,186,124.779124,0.977284,0.669199,True
974,1773657810.055282,1773657838.759454,128,159,57.390388,0.290904,0.361389,True
975,1773657810.806084,1773658000.343033,1150,375,379.067887,2.733386,1.006242,True
976,1773657810.821150,1773657888.010406,1196,425,154.359080,1.035075,0.361613,True
977,1773657810.971049,1773657830.959515,406,102,39.963953,1.016833,0.385615,True
978,1773657810.979763,1773657823.052843,388,92,24.129319,0.277838,0.262104,True
979,1773657811.084720,1773658027.765505,980,396,433.343509,11.520174,1.067907,True
980,1773657811.348783,1773657859.256571,173,158,95.807901,0.370576,0.607881,True
981,1773657811.389261,1773657860.435737,407,91,98.081553,2.285447,1.064401,True
982,1773657811.465608,1773657991.495857,963,407,360.055066,1.463144,0.883231,True
983,1773657811.517357,1773657823.871143,1808,56,24.701872,1.863321,0.415246,True
984,1773657812.021479,1773657860.082861,379,59,96.107423,21.756542,1.281912,True
985,1773657812.165827,1773657855.018849,413,96,85.688600,1.582519,0.885327,True
986,1773657812.340461,1773658033.062728,1146,425,441.438801,2.612861,1.034967,True
987,1773657812.860066,1773657998.248252,1060,397,370.758615,1.424009,0.932663,True
988,1773657812.884623,1773657909.973128,191,217,194.165435,1.402477,0.892421,True
989,1773657813.241122,1773657855.591715,394,93,84.692666,3.285190,0.884864,True
990,1773657813.402591,1773657866.455864,1204,412,106.083796,0.496356,0.256904,True
991,1773657813.454877,1773657853.142528,197,217,79.373717,0.331814,0.365935,True
992,1773657813.705420,1773657993.936346,1207,386,360.460176,1.946742,0.931204,True
993,1773657813.859045,1773657882.258671,23,149,136.787401,0.536519,0.920614,True
994,1773657813.866883,1773657842.379097,396,95,57.007573,0.729575,0.598702,True
995,1773657813.961118,1773658053.001771,923,418,478.063229,18.227043,1.102725,True
996,1773657814.088408,1773657826.039448,396,96,23.886342,0.222714,0.249091,True
997,1773657814.088502,1773658029.380832,923,417,430.546745,2.090488,1.029943,True
998,1773657814.124104,1773658003.693256,1262,415,379.130913,2.267094,0.910299,True
999,1773657814.165087,1773657868.529262,1102,427,108.718038,0.563257,0.253884,True
1000,1773657814.413064,1773657824.900676,371,85,20.957506,0.525266,0.243241,True
1001,1773657815.107975,1773657880.944160,1186,371,131.670554,0.922225,0.353374,True
1002,1773657815.331111,1773657864.016467,181,111,97.356922,0.617975,0.879445,True
1003,1773657815.334327,1773658019.163826,1008,373,407.629868,18.436767,1.046218,True
1004,1773657815.350667,1773657890.908338,1225,401,151.097535,4.784190,0.365783,True
1005,1773657815.557903,1773658000.355009,1181,426,369.576328,1.778662,0.865406,True
1006,1773657815.735667,1773657872.965758,1311,169,114.443295,1.326545,0.673314,True
1007,1773657816.357172,1773657903.654958,200,179,174.594123,0.793190,0.976410,True
1008,1773657818.108268,1773658019.876844,1060,397,403.518968,1.366633,1.015536,True
1009,1773657818.707335,1773657830.157548,763,30,22.883579,1.214440,0.747212,True
1010,1773657819.315680,1773657910.389746,1353,181,182.139905,2.584097,0.997532,True
1011,1773657820.414148,1773657892.476773,1035,411,144.108335,0.917345,0.349246,True
1012,1773657821.270646,1773657834.796076,394,110,27.040765,0.272914,0.245577,True
1013,1773657821.786452,1773657894.396539,126,203,145.216819,0.297101,0.717424,True
1014,1773657821.805847,1773658072.149417,1264,440,500.678931,14.875913,1.106613,True
1015,1773657822.299099,1773657827.613659,91,16,10.613612,0.949383,0.644282,True
1016,1773657822.437283,1773657839.286811,382,53,33.689595,0.814123,0.632221,True
1017,1773657822.484760,1773657833.137871,395,88,21.286138,0.266480,0.241605,True
1018,1773657823.131993,1773658008.680769,1004,396,371.087730,1.213336,0.936391,True
1019,1773657823.342396,1773657959.190545,181,1000,271.688433,0.180362,0.271780,True
1020,1773657823.734640,1773658026.306075,1031,397,405.121249,1.335308,1.019661,True
1021,1773657823.917059,1773657848.956408,416,86,50.064155,0.652210,0.581317,True
1022,1773657824.623744,1773657912.933842,171,198,176.610250,0.299735,0.894977,True
1023,1773657825.192715,1773657837.014073,383,76,23.638907,0.499156,0.308530,True
1024,1773657825.380317,1773658068.036189,1133,463,485.305531,1.554981,1.047079,True
1025,1773657826.007545,1773657867.170451,419,93,82.313906,0.568520,0.888537,True
1026,1773657826.172479,1773658029.452305,1083,397,406.541305,2.036292,1.021477,True
1027,1773657826.644203,1773658041.200391,1146,394,429.096317,12.182462,1.060850,True
1028,1773657827.052265,1773657837.868605,385,88,21.615020,0.289794,0.245118,True
1029,1773657828.088878,1773658024.779858,1264,418,393.360635,1.407224,0.939936,True
1030,1773657828.503424,1773657860.781124,402,103,64.535141,0.498579,0.627809,True
1031,1773657829.023120,1773657855.909781,415,142,53.763471,0.385601,0.378566,True
1032,1773657829.423333,1773657859.585480,386,66,60.318543,0.587733,0.918936,True
1033,1773657830.154850,1773657845.847803,1312,134,31.384376,0.516856,0.232087,True
1034,1773657830.267679,1773658017.787829,1009,399,375.034622,1.370420,0.938855,True
1035,1773657830.275686,1773658017.378624,1196,373,374.194352,1.451988,1.001996,True
1036,1773657830.326742,1773658002.939458,1007,395,345.213950,1.422710,0.872567,True
1037,1773657830.727038,1773658013.857781,1024,393,366.256106,2.122332,0.928913,True
1038,1773657831.557853,1773658049.945862,923,468,436.766352,1.754186,0.931504,True
1039,1773657831.777963,1773658263.244281,1318,918,862.920822,2.543916,0.938252,True
1040,1773657833.047321,1773657844.246445,432,95,22.396586,0.267054,0.235421,True
1041,1773657833.564081,1773658072.220489,1010,429,477.291072,13.032647,1.084716,True
1042,1773657834.093523,1773657867.561286,371,78,66.928040,0.758074,0.859350,True
1043,1773657834.318515,1773657874.362310,403,91,80.069660,0.692666,0.881967,True
1044,1773657834.970900,1773657872.380239,389,94,74.809002,0.601922,0.797926,True
1045,1773657835.356331,1773658052.545766,1072,468,434.362235,2.028613,0.925768,True
1046,1773657835.969272,1773657849.819775,391,116,27.692761,0.222872,0.238869,True
1047,1773657836.109873,1773657879.050980,396,105,85.864469,1.976863,0.806612,True
1048,1773657837.365509,1773657860.647202,209,179,46.561720,0.214154,0.260380,True
1049,1773657837.788269,1773658003.677277,1136,401,331.762420,1.118193,0.826611,True
1050,1773657838.779987,1773657934.652600,206,183,191.731603,0.363368,1.051474,True
1051,1773657838.814531,1773657871.129580,203,162,64.622166,0.257423,0.399781,True
1052,1773657839.268652,1773658007.862345,1025,414,337.171970,1.065669,0.813817,True
1053,1773657839.706761,1773657859.724404,944,40,40.019946,1.053424,0.999142,True
1054,1773657839.885719,1773658114.716910,1227,625,549.650715,1.651755,0.878203,True
1055,1773657840.340875,1773657994.725558,1211,368,308.746329,1.276606,0.837792,True
1056,1773657840.426959,1773658013.996572,1186,377,347.137197,1.533803,0.919158,True
1057,1773657840.528086,1773657886.600458,408,129,92.134165,1.224333,0.710233,True
1058,1773657841.085080,1773658041.200563,1139,373,400.228875,7.305075,1.056247,True
1059,1773657841.394183,1773657914.193407,419,130,145.590934,0.853079,1.121999,True
1060,1773657841.464971,1773657924.595058,1199,441,166.244436,0.989586,0.375579,True
1061,1773657841.727734,1773657874.451062,30,164,65.434627,1.646137,0.391340,True
1062,1773657841.883543,1773657911.458075,1008,373,139.134678,2.056864,0.368489,True
1063,1773657842.072444,1773658015.795594,1150,387,347.432548,1.783678,0.895463,True
1064,1773657842.328415,1773657918.209327,1009,399,151.739309,0.998659,0.378745,True
1065,1773657842.947189,1773658137.567096,1231,526,589.226492,18.712292,1.086694,True
1066,1773657843.289135,1773657920.763783,1027,414,154.929330,1.180269,0.372274,True
1067,1773657843.446234,1773657935.871146,203,181,184.828444,0.805331,1.022351,True
1068,1773657843.617274,1773657864.401564,388,103,41.556673,0.985144,0.397760,True
1069,1773657844.240263,1773658018.081552,1231,394,347.677232,1.651953,0.880471,True
1070,1773657844.247693,1773657924.449932,1029,438,160.391418,1.203354,0.364275,True
1071,1773657844.353722,1773658015.795853,1009,385,342.871554,2.428996,0.886569,True
1072,1773657845.757695,1773658028.222089,1205,391,364.919096,1.747384,0.931210,True
1073,1773657846.429149,1773657898.144171,393,99,103.407089,1.931513,1.035465,True
1074,1773657846.468240,1773657865.483647,369,52,38.021363,0.566590,0.734407,True
1075,1773657846.810323,1773658018.637352,1010,393,343.639765,1.184602,0.873610,True
1076,1773657847.257511,1773658019.007138,1049,395,343.497820,2.207493,0.866219,True
1077,1773657847.351451,1773657858.889143,387,73,23.073134,0.281464,0.316551,True
1078,1773657847.707805,1773657920.909634,1010,397,146.389605,0.927483,0.367329,True
1079,1773657848.025430,1773658096.415771,912,442,496.778956,15.782163,1.090696,True
1080,1773657848.500690,1773658059.998872,981,393,422.980709,2.196412,1.073429,True
1081,1773657848.695931,1773657904.765294,1083,397,112.116697,0.469030,0.281939,True
1082,1773657848.724846,1773657868.953103,1076,51,40.450969,1.022896,0.788561,True
1083,1773657848.797585,1773657920.415318,1195,507,143.226333,0.618131,0.281834,True
1084,1773657849.201627,1773657924.548124,1007,415,150.677106,0.868852,0.361856,True
1085,1773657849.308538,1773657952.255540,167,217,205.884606,0.343611,0.951579,True
1086,1773657849.733708,1773657879.950252,379,60,60.417387,0.770531,1.010964,True
1087,1773657849.903238,1773658042.442518,1230,414,385.072923,1.750451,0.928142,True
1088,1773657850.162889,1773657877.500419,1596,52,54.669290,3.960109,0.994298,True
1089,1773657850.462719,1773658066.469298,1195,507,432.007581,1.738264,0.850335,True
1090,1773657850.552517,1773657858.027178,1201,45,14.932217,0.541380,0.327064,True
1091,1773657851.938747,1773657864.915134,931,92,25.948778,0.375154,0.281029,True
1092,1773657852.028978,1773657909.424153,1264,416,114.772163,0.849871,0.274512,True
1093,1773657852.031186,1773657915.602283,1351,145,127.106886,1.408679,0.872904,True
1094,1773657852.250908,1773657867.823016,386,86,31.132024,0.409101,0.361446,True
1095,1773657852.964754,1773658060.717334,1227,392,415.485913,2.709952,1.055693,True
1096,1773657852.994929,1773657907.578851,1009,399,109.165411,0.448027,0.273159,True
1097,1773657853.442437,1773658014.034455,1007,385,321.160761,1.165276,0.833322,True
1098,1773657853.834577,1773658047.694539,1231,373,387.699752,2.284528,1.036062,True
1099,1773657853.954808,1773657885.797999,130,185,63.674244,0.265900,0.344611,True
1100,1773657854.191072,1773657891.339560,391,76,74.275915,2.061118,0.962864,True
1101,1773657854.191200,1773657889.593532,380,86,70.761688,0.814522,0.822908,True
1102,1773657854.493826,1773657868.415818,407,106,27.839629,0.220742,0.263037,True
1103,1773657854.657286,1773658049.644619,1136,377,389.962527,2.330451,1.030936,True
1104,1773657854.751565,1773657866.700521,956,65,23.883653,0.766676,0.361203,True
1105,1773657854.946664,1773658084.824404,1262,395,459.734400,20.954828,1.113654,True
1106,1773657854.977458,1773658037.799426,181,357,365.642722,2.093010,1.021207,True
1107,1773657855.038070,1773657862.451540,91,16,14.821064,2.098797,0.848151,True
1108,1773657855.109537,1773658024.806459,1086,397,339.386666,1.538713,0.853151,True
1109,1773657855.714885,1773657932.685496,1112,432,153.935520,1.026785,0.354777,True
1110,1773657856.306325,1773657956.704435,200,211,200.788731,0.925894,0.951728,True
1111,1773657856.645921,1773658021.120747,1120,397,328.948416,1.247036,0.827529,True
1112,1773657856.965098,1773657910.017165,1082,385,106.087866,0.557065,0.274820,True
1113,1773657857.461254,1773657912.484312,1156,396,110.035766,0.499975,0.277306,True
1114,1773657857.798707,1773658026.404761,1060,411,337.209911,1.082761,0.819822,True
1115,1773657857.970850,1773658062.272245,1139,428,408.589517,1.337644,0.953751,True
1116,1773657858.962149,1773657958.333691,206,211,198.733375,0.517013,0.943887,True
1117,1773657860.322648,1773658046.957772,1009,394,373.248348,1.188748,0.946717,True
1118,1773657860.378445,1773657873.963428,375,77,27.154869,0.416293,0.351823,True
1119,1773657860.468354,1773657939.685399,1314,161,158.426628,1.718609,0.979425,True
1120,1773657860.770414,1773657908.968573,435,103,96.392922,1.269727,0.932580,True
1121,1773657860.770519,1773657880.026337,409,149,38.486862,0.272319,0.258206,True
1122,1773657861.849014,1773658098.423571,1211,408,473.147434,20.362148,1.112495,True
1123,1773657861.873659,1773657931.709677,1035,375,139.658299,1.106735,0.370459,True
1124,1773657862.100844,1773658133.734967,1227,656,543.250362,1.216192,0.827533,True
1125,1773657862.898332,1773658036.294968,1203,421,346.791512,1.527152,0.822058,True
1126,1773657863.036432,1773657923.220495,1024,429,120.348186,0.439566,0.280160,True
1127,1773657863.110848,1773657969.106880,171,205,211.970235,1.200288,1.033186,True
1128,1773657863.110982,1773657946.738090,200,174,167.211461,0.548438,0.963370,True
1129,1773657863.634284,1773658036.575514,923,404,345.860817,1.340040,0.854890,True
1130,1773657863.657194,1773657888.709334,20,182,50.085776,0.218956,0.275507,True
1131,1773657864.289176,1773657902.043411,383,75,75.496764,0.632544,1.011679,True
1132,1773657864.337998,1773658093.927511,1156,536,459.161041,2.257315,0.854026,True
1133,1773657864.596246,1773658113.656502,1060,429,498.114663,17.612594,1.122668,True
1134,1773657865.045780,1773657957.229968,181,190,184.357736,1.982982,0.964946,True
1135,1773657865.072483,1773658062.414793,1030,411,394.665062,1.214819,0.959635,True
1136,1773657865.076660,1773658053.902601,1009,397,377.618705,1.940842,0.948681,True
1137,1773657865.797089,1773657925.702415,980,425,119.808473,0.424389,0.281566,True
1138,1773657866.437471,1773658034.296480,1204,411,335.702394,1.242263,0.815756,True
1139,1773657866.626059,1773657913.725303,402,97,94.184879,1.299005,0.967561,True
1140,1773657867.417645,1773658068.179851,1199,373,401.505653,1.588269,1.075047,True
1141,1773657867.618065,1773658038.144363,998,415,341.039104,1.265189,0.820710,True
1142,1773657867.984738,1773657884.847653,415,131,33.713911,0.226492,0.257596,True
1143,1773657868.019074,1773658079.383575,1156,390,422.723199,2.569577,1.080086,True
1144,1773657868.077346,1773657870.225032,311,18,4.278669,0.213069,0.239153,True
1145,1773657868.133534,1773658056.815616,1264,395,377.353970,1.551025,0.953815,True
1146,1773657868.240996,1773658018.780650,1207,368,301.078119,1.927670,0.815124,True
1147,1773657868.527610,1773657905.454843,373,75,73.843270,1.019248,0.984108,True
1148,1773657868.907144,1773657936.793095,436,136,135.770610,0.746885,1.000176,True
1149,1773657869.809985,1773658046.333611,1025,428,353.045851,1.547548,0.823181,True
1150,1773657870.271997,1773657896.098105,439,161,51.650818,0.374017,0.320480,True
1151,1773657870.338770,1773658030.545619,963,393,320.400065,1.876971,0.812559,True
1152,1773657870.738556,1773657876.207763,1130,45,10.932675,0.472993,0.237720,True
1153,1773657870.868321,1773658052.672280,1139,425,363.606024,1.607719,0.853770,True
1154,1773657871.294086,1773657908.473684,383,56,74.353279,2.517029,1.306114,True
1155,1773657871.905584,1773658040.692597,912,395,337.559548,1.782599,0.852226,True
1156,1773657872.528400,1773657967.569504,206,179,190.076860,0.347324,1.065896,True
1157,1773657872.869149,1773658115.019628,1179,498,484.285261,1.350667,0.971699,True
1158,1773657874.526818,1773657880.542877,120,12,12.022326,0.353294,1.060821,True
1159,1773657874.642208,1773657891.410823,311,18,33.525931,7.564028,1.527171,True
1160,1773657875.073642,1773657921.467381,1989,88,92.779913,2.468467,1.038063,True
1161,1773657875.338492,1773658040.817645,1086,390,330.952942,4.548165,0.839087,True
1162,1773657875.844085,1773658064.647203,1219,388,377.594422,1.408748,0.972056,True
1163,1773657875.978173,1773657943.325096,392,122,134.679951,0.595273,1.108138,True
1164,1773657876.298958,1773657963.016739,1313,176,173.433991,2.356748,0.977584,True
1165,1773657876.867656,1773658052.672017,1146,418,351.602644,2.147910,0.838021,True
1166,1773657877.371756,1773658047.440331,1036,403,340.117799,2.257159,0.840449,True
1167,1773657877.965105,1773657937.239643,1024,407,118.525846,0.463218,0.290795,True
1168,1773657878.693738,1773657935.079964,1216,392,112.752315,0.519577,0.287040,True
1169,1773657879.000776,1773657932.532708,790,111,107.046324,0.942896,0.964577,True
1170,1773657879.308228,1773657930.454796,1474,94,102.285176,1.567655,1.082984,True
1171,1773657880.290695,1773657892.476929,1733,66,24.349897,1.883121,0.345643,True
1172,1773657880.347151,1773657935.199330,1227,383,109.689617,0.486564,0.285872,True
1173,1773657880.418581,1773657941.822415,1233,423,122.790188,0.893242,0.288855,True
1174,1773657881.468788,1773658093.979544,1031,397,425.004546,1.918389,1.068399,True
1175,1773657881.491873,1773658046.535965,1049,395,330.074887,1.027214,0.835146,True
1176,1773657883.209922,1773657902.565859,181,132,38.703976,0.134552,0.294423,True
1177,1773657883.324012,1773658086.822923,983,373,406.987081,4.774270,1.081217,True
1178,1773657883.461322,1773658078.483250,998,402,390.038107,1.430430,0.969096,True
1179,1773657883.730286,1773657928.343422,406,81,89.210662,0.686129,1.106557,True
1180,1773657883.772739,1773658132.569632,1130,402,497.577850,31.641242,1.161937,True
1181,1773657884.120801,1773657998.318211,181,257,228.380942,0.457771,0.890325,True
1182,1773657885.197298,1773658042.954889,1169,373,315.507110,1.335192,0.844548,True
1183,1773657885.338069,1773657946.094379,1029,418,121.490673,0.556086,0.290011,True
1184,1773657885.432621,1773658053.836610,923,399,336.784822,1.992397,0.841187,True
1185,1773657885.434811,1773658052.795918,1144,395,334.682145,1.529942,0.845564,True
1186,1773657885.493617,1773658043.169769,1134,379,315.346878,1.949801,0.829093,True
1187,1773657885.651211,1773658084.061259,1151,407,396.816575,1.357245,0.974038,True
1188,1773657885.779617,1773658095.759784,1183,429,419.946445,2.174214,0.976103,True
1189,1773657885.792669,1773658049.366554,1017,386,327.138056,2.576486,0.843017,True
1190,1773657885.953623,1773657946.848654,1203,421,121.781892,0.453361,0.288877,True
1191,1773657886.313063,1773657898.856741,380,81,25.073323,0.333537,0.309247,True
1192,1773657887.054203,1773658049.571819,1156,388,325.026731,2.223890,0.834116,True
1193,1773657887.344093,1773657945.915483,1191,409,117.134619,0.505518,0.285856,True
1194,1773657887.852382,1773658108.661602,1156,408,441.616929,1.683705,1.080917,True
1195,1773657888.003058,1773657975.531045,1102,612,175.045847,0.460278,0.285737,True
1196,1773657888.145501,1773657956.838314,1149,385,137.369740,1.044732,0.355013,True
1197,1773657888.235928,1773658075.938597,1064,394,375.401930,1.209943,0.952142,True
1198,1773657888.707925,1773658075.447696,1182,388,373.461519,2.050032,0.959720,True
1199,1773657889.191959,1773658105.011096,981,400,431.637099,1.508365,1.078017,True
1200,1773657889.328986,1773657923.734540,1339,69,68.789345,1.901431,0.983646,True
1201,1773657890.310986,1773658063.754423,1033,406,346.877281,1.106213,0.853756,True
1202,1773657890.486650,1773658101.783175,1112,431,422.591590,1.543713,0.979181,True
1203,1773657891.596733,1773658053.351322,1051,382,323.493506,1.389857,0.845416,True
1204,1773657891.656598,1773658059.702901,1010,397,336.073013,1.019874,0.846094,True
1205,1773657891.747020,1773658065.326037,1115,413,347.150626,1.674729,0.838534,True
1206,1773657892.299518,1773658115.025262,1025,407,445.435767,1.406794,1.093667,True
1207,1773657892.409503,1773658057.385013,1143,393,329.949603,2.526959,0.835262,True
1208,1773657892.470422,1773658053.207462,1226,379,321.470408,1.798440,0.845693,True
1209,1773657893.184663,1773658068.452394,1024,419,350.519351,1.906275,0.834003,True
1210,1773657893.600245,1773658095.759775,1136,418,404.303339,1.335858,0.966349,True
1211,1773657893.724917,1773658086.070438,1083,399,384.670279,1.551681,0.962610,True
1212,1773657893.811852,1773657940.925120,1989,83,94.211313,2.747754,1.115409,True
1213,1773657893.905056,1773658077.104367,1046,438,366.381023,1.638620,0.834651,True
1214,1773657894.109747,1773657949.200371,1025,375,110.172859,0.510687,0.293214,True
1215,1773657894.247562,1773657921.815080,1317,192,55.133472,0.667163,0.285164,True
1216,1773657894.451585,1773658064.110232,1083,407,339.309870,2.217778,0.830276,True
1217,1773657894.460242,1773658153.369040,1036,538,517.805786,2.034322,0.960468,True
1218,1773657894.685528,1773658059.048082,1035,398,328.707439,1.659820,0.823798,True
1219,1773657895.345340,1773657964.515974,398,94,138.329625,20.070506,1.271603,True
1220,1773657895.683993,1773657968.020687,1179,511,144.671655,0.502532,0.282685,True
1221,1773657896.014265,1773658062.547106,1009,399,333.060102,1.524424,0.833004,True
1222,1773657896.052726,1773658111.790299,1030,396,431.463256,1.320525,1.088969,True
1223,1773657896.058061,1773657908.886296,403,94,25.634290,0.364371,0.271720,True
1224,1773657896.131211,1773658098.637161,1003,372,405.010257,1.620009,1.087305,True
1225,1773657896.179806,1773657961.807513,181,136,131.247644,0.681228,0.967159,True
1226,1773657896.437231,1773657952.452359,1037,390,112.013906,0.453173,0.286789,True
1227,1773657896.771510,1773657967.252845,1070,387,140.948156,0.921486,0.362763,True
1228,1773657896.774738,1773658086.278967,1054,397,378.978746,1.390785,0.953505,True
1229,1773657897.130720,1773658065.465232,1171,402,336.661373,1.717140,0.835272,True
1230,1773657897.351101,1773657910.017250,1474,94,25.309848,0.649803,0.265162,True
1231,1773657898.266717,1773658089.070442,1111,396,381.601797,1.656963,0.961886,True
1232,1773657898.273976,1773658051.378607,983,373,306.195898,1.506175,0.819058,True
1233,1773657898.649490,1773658058.067761,1150,389,318.822844,1.667295,0.817411,True
1234,1773657898.772969,1773658107.846231,986,426,418.124895,2.230676,0.978575,True
1235,1773657898.929614,1773658080.469289,1015,446,363.061576,1.150164,0.813284,True
1236,1773657899.247859,1773658098.521343,1010,415,398.540848,2.236558,0.957257,True
1237,1773657899.753703,1773657960.326859,1317,135,121.138691,2.250920,0.887222,True
1238,1773657899.812652,1773658118.314994,1142,458,436.989390,2.160986,0.951484,True
1239,1773657899.812755,1773658057.392031,1082,385,315.121763,1.641720,0.816354,True
1240,1773657901.295952,1773658070.039686,1170,422,337.476723,2.125188,0.796559,True
1241,1773657901.314480,1773657957.928824,1785,91,113.213192,2.257259,1.232844,True
1242,1773657901.394637,1773657918.258087,1896,68,33.704720,1.457472,0.481302,True
1243,1773657902.449298,1773657984.390891,1312,157,163.869318,2.710846,1.033067,True
1244,1773657902.951591,1773657972.894410,1039,397,139.879573,0.954172,0.350822,True
1245,1773657902.964386,1773657960.342506,1172,402,114.755029,0.526757,0.284859,True
1246,1773657904.163965,1773658091.415788,995,452,374.493784,1.015589,0.828111,True
1247,1773657904.166241,1773658065.688097,1020,400,323.015937,1.585134,0.805591,True
1248,1773657904.209677,1773658124.591516,1140,404,440.757859,2.465530,1.087574,True
1249,1773657904.285530,1773658078.337632,1088,421,348.084754,1.536481,0.825115,True
1250,1773657904.390673,1773658066.109139,998,399,323.433542,1.903224,0.807865,True
1251,1773657904.445364,1773657978.946270,420,112,148.982410,22.287972,1.141391,True
1252,1773657904.668214,1773657974.851860,1171,402,140.351461,1.050790,0.347383,True
1253,1773657905.458234,1773658076.149112,1189,415,341.364281,1.659580,0.820543,True
1254,1773657905.663684,1773658064.534354,1119,395,317.719779,1.784498,0.801866,True
1255,1773657905.673902,1773657924.527287,1076,51,37.684047,2.599892,0.701683,True
1256,1773657905.830246,1773657967.782451,1191,409,123.898124,4.120739,0.293572,True
1257,1773657906.374857,1773657974.754146,1009,396,136.740568,0.946274,0.343783,True
1258,1773657906.523481,1773658128.306967,1054,411,443.551396,1.417174,1.078376,True
1259,1773657907.950124,1773657992.405264,1323,205,168.904692,1.281696,0.821681,True
1260,1773657908.068963,1773658134.073617,1046,399,451.989691,10.585756,1.109055,True
1261,1773657910.032569,1773657920.295399,1896,68,20.502257,0.792429,0.294177,True
1262,1773657910.231341,1773657959.859820,402,87,99.253240,0.561797,1.147575,True
1263,1773657910.537832,1773658104.063355,998,387,387.035393,1.309412,0.999290,True
1264,1773657910.690005,1773657966.404158,1170,394,111.424028,0.597593,0.282001,True
1265,1773657910.799736,1773657924.402451,375,67,27.187518,0.363600,0.406423,True
1266,1773657910.899111,1773658069.681492,981,401,317.554965,1.182927,0.790930,True
1267,1773657911.995931,1773657944.284127,373,56,64.558603,0.540907,1.163958,True
1268,1773657912.292275,1773658083.806707,1015,414,343.018796,1.297774,0.827412,True
1269,1773657912.653966,1773657978.259803,1082,385,131.194381,1.007662,0.339028,True
1270,1773657912.826560,1773658112.102233,1140,401,398.543537,1.363263,0.992951,True
1271,1773657913.313803,1773658144.647742,1015,572,462.658112,1.252696,0.808066,True
1272,1773657913.349115,1773658139.701448,991,414,452.702941,8.386492,1.075827,True
1273,1773657914.229318,1773657984.283431,1227,420,140.100368,1.122650,0.331689,True
1274,1773657914.677534,1773658161.647154,1024,429,493.925678,19.173380,1.109234,True
1275,1773657914.846140,1773657985.057581,1149,423,140.413266,1.427312,0.329351,True
1276,1773657915.646156,1773657985.539126,1063,428,139.778261,1.487248,0.323867,True
1277,1773657915.688367,1773658165.992149,1059,525,500.599607,1.696517,0.952105,True
1278,1773657915.853520,1773658155.663615,1085,442,479.608383,1.255341,1.084701,True
1279,1773657915.977384,1773658167.540999,1023,446,503.112417,20.007241,1.085630,True
1280,1773657916.836320,1773657927.133802,1282,66,20.593472,0.505587,0.309044,True
1281,1773657917.436990,1773657958.064447,421,77,81.247132,0.593866,1.061227,True
1282,1773657917.660777,1773658122.527960,1144,498,409.730858,1.334255,0.821724,True
1283,1773657917.682715,1773657967.498683,373,72,99.630432,16.174092,1.175441,True
1284,1773657917.747755,1773657920.415127,324,18,5.311717,0.215741,0.299763,True
1285,1773657917.858971,1773657977.117262,1072,415,118.506370,0.498098,0.285044,True
1286,1773657918.049140,1773658157.928557,1136,500,479.750928,1.716124,0.957986,True
1287,1773657918.665286,1773657980.687195,1141,411,124.037549,3.535912,0.293906,True
1288,1773657919.379502,1773658143.954827,1012,416,449.148787,3.824447,1.073071,True
1289,1773657919.795036,1773657963.229020,405,90,86.850307,0.684959,0.968150,True
1290,1773657920.405469,1773658086.740753,1035,398,332.657136,1.357261,0.834509,True
1291,1773657920.749068,1773658102.563903,1057,439,363.616036,1.863641,0.825919,True
1292,1773657920.916084,1773657936.044895,391,90,30.241906,0.494339,0.334242,True
1293,1773657920.991886,1773657974.304131,1094,376,106.612055,0.515205,0.282925,True
1294,1773657921.150417,1773658102.498265,1050,438,362.685653,2.308999,0.824661,True
1295,1773657921.315685,1773658213.230501,1148,614,583.821922,1.557396,0.949861,True
1296,1773657921.835843,1773657972.391908,1142,361,101.094111,0.591972,0.279173,True
1297,1773657922.329104,1773658101.922356,1106,434,359.184940,2.026322,0.824847,True
1298,1773657922.902694,1773658091.545202,1226,407,337.283430,2.418644,0.824790,True
1299,1773657922.903957,1773658145.258130,958,554,444.687913,2.004897,0.800512,True
1300,1773657923.092075,1773658114.198369,1082,391,382.210491,1.514159,0.976144,True
1301,1773657923.098985,1773657935.688325,245,14,25.169170,1.358654,1.831578,True
1302,1773657923.830842,1773658080.662504,1018,390,313.645643,1.745588,0.801800,True
1303,1773657924.286882,1773657963.467239,395,85,78.359474,0.750001,0.923922,True
1304,1773657924.832624,1773657973.867868,435,114,98.057508,1.148691,0.857600,True
1305,1773657925.253314,1773657937.239338,379,81,23.963390,0.262766,0.296258,True
1306,1773657925.768473,1773658092.016757,1099,410,332.492971,1.406640,0.809502,True
1307,1773657926.051261,1773657936.228979,1339,72,20.334698,0.589624,0.278100,True
1308,1773657926.144217,1773658051.455829,1317,235,250.615556,2.120537,1.061945,True
1309,1773657926.609900,1773658185.942338,1017,537,518.643101,1.351772,0.965096,True
1310,1773657926.639567,1773658225.276265,1139,674,597.269817,1.668891,0.884994,True
1311,1773657927.069865,1773658099.772818,1033,427,345.388294,2.275431,0.805429,True
1312,1773657927.154362,1773658086.608615,1009,397,318.895222,2.193064,0.799753,True
1313,1773657927.949593,1773658147.645048,1020,400,439.380215,10.011892,1.076111,True
1314,1773657927.950820,1773658120.327072,1008,395,384.723241,1.319802,0.973105,True
1315,1773657927.972235,1773658128.719031,1046,418,401.486137,1.916959,0.958199,True
1316,1773657928.581504,1773657996.357215,1054,419,135.529249,0.926718,0.322016,True
1317,1773657928.601254,1773658146.230267,1202,411,435.254248,1.587096,1.057725,True
1318,1773657929.735803,1773658120.800870,1102,396,382.109426,1.457454,0.963676,True
1319,1773657929.930333,1773658105.895226,1139,429,351.924300,1.440872,0.818887,True
1320,1773657930.080068,1773657982.794263,1785,137,105.427047,2.138089,0.759478,True
1321,1773657930.912837,1773658004.521415,1075,516,147.196919,0.950619,0.283973,True
1322,1773657930.915092,1773658003.131582,1179,511,144.396248,0.940282,0.281286,True
1323,1773657931.023955,1773658106.237528,1065,439,350.421847,3.592043,0.791849,True
1324,1773657931.362407,1773658095.730508,1230,413,328.717927,1.976862,0.793061,True
1325,1773657931.731216,1773657995.300482,1314,164,127.125100,1.883730,0.768352,True
1326,1773657931.801394,1773657966.215577,1029,71,68.807936,1.299075,0.964412,True
1327,1773657932.214830,1773658098.093607,1051,420,331.744956,2.397694,0.786032,True
1328,1773657933.049896,1773658180.529045,990,559,494.956771,2.047114,0.883351,True
1329,1773657933.198742,1773658078.019161,1136,375,289.627182,2.231671,0.768437,True
1330,1773657933.387682,1773658057.187805,1315,183,247.588547,23.587185,1.230777,True
1331,1773657933.584398,1773658003.051056,1139,418,138.917098,1.102342,0.330491,True
1332,1773657934.175058,1773657994.982797,1139,428,121.602284,0.412672,0.283816,True
1333,1773657934.382863,1773658155.807127,1180,414,442.832275,6.242613,1.057118,True
1334,1773657934.748580,1773658185.382090,1034,519,501.257109,1.394995,0.964985,True
1335,1773657934.912732,1773657992.504485,1166,401,115.165208,1.723840,0.283603,True
1336,1773657935.010996,1773658065.174659,181,246,260.315560,1.425336,1.056695,True
1337,1773657935.149755,1773657955.077290,396,136,39.853133,0.180059,0.293875,True
1338,1773657935.422971,1773658022.573040,1314,243,174.287640,1.298649,0.714831,True
1339,1773657936.268617,1773658014.909707,1176,548,157.268146,0.597639,0.286418,True
1340,1773657936.515706,1773658095.536860,1085,409,318.019655,1.333757,0.776191,True
1341,1773657936.549206,1773657947.891505,1282,66,22.666913,1.077338,0.332147,True
1342,1773657937.207710,1773658200.981391,1148,501,527.533743,9.049761,1.036968,True
1343,1773657937.437709,1773657970.715073,390,96,66.540520,0.935709,0.690577,True
1344,1773657937.626887,1773657979.128310,1756,111,82.995479,4.952560,0.709481,True
1345,1773657938.315773,1773658023.009956,1025,591,169.366175,0.563582,0.286106,True
1346,1773657938.824335,1773658147.831774,1136,429,418.006640,1.337749,0.973525,True
1347,1773657939.506675,1773658133.281403,1024,402,387.544826,2.654966,0.959825,True
1348,1773657939.855981,1773658014.060455,1209,522,148.397124,0.528559,0.283817,True
1349,1773657939.858187,1773658155.807282,1057,394,431.867834,1.943446,1.093955,True
1350,1773657939.876874,1773657974.303848,1314,202,68.839565,6.779933,0.308754,True
1351,1773657939.921373,1773658205.588877,969,554,531.325510,2.237375,0.956760,True
1352,1773657940.300250,1773657953.411082,505,92,26.217697,0.311098,0.284688,True
1353,1773657940.385557,1773657958.356873,403,91,35.941377,6.277467,0.329599,True
1354,1773657940.515463,1773658028.038733,1062,509,175.032527,0.966263,0.342650,True
1355,1773657940.631099,1773658037.272127,692,109,193.268759,45.122837,1.371721,True
1356,1773657941.340816,1773658155.144667,1061,448,427.591314,2.118743,0.951840,True
1357,1773657941.848104,1773658126.784857,1041,385,369.861953,1.996598,0.957983,True
1358,1773657942.218769,1773658027.475425,955,602,170.505214,0.427490,0.282991,True
1359,1773657942.609061,1773657999.668580,857,117,114.112976,2.326154,0.963679,True
1360,1773657944.406547,1773658099.642330,1036,394,310.466043,1.115137,0.787152,True
1361,1773657944.523596,1773657981.775989,385,88,74.485501,6.895123,0.776901,True
1362,1773657945.096115,1773658013.693640,1313,148,137.176774,2.613918,0.915394,True
1363,1773657945.226537,1773658132.488406,1035,395,374.516084,1.288979,0.947277,True
1364,1773657945.494308,1773658101.857445,1171,380,312.710791,1.604357,0.820861,True
1365,1773657945.729312,1773658087.449288,1314,218,283.430300,8.479875,1.267053,True
1366,1773657945.789892,1773658101.071810,1003,376,310.550201,1.821305,0.823277,True
1367,1773657945.834534,1773658116.344136,1013,439,341.007759,1.381956,0.775401,True
1368,1773657945.948461,1773658147.516076,1129,526,403.121725,1.027625,0.765894,True
1369,1773657947.104140,1773658009.283858,986,441,124.345700,0.444839,0.281593,True
1370,1773657947.246832,1773657998.362605,1028,366,102.208256,0.672709,0.278180,True
1371,1773657947.475355,1773658136.841036,1160,400,378.713989,33.207413,0.865931,True
1372,1773657947.866267,1773658329.103861,1160,639,762.463475,42.232961,1.128888,True
1373,1773657948.924888,1773658044.854451,1036,650,191.837124,0.674698,0.294549,True
1374,1773657948.968689,1773658164.520807,1007,441,431.084263,1.192633,0.977026,True
1375,1773657949.805988,1773658195.062775,1154,482,490.499821,1.581781,1.016462,True
1376,1773657949.848314,1773658109.637486,1039,385,319.564615,1.248559,0.828948,True
1377,1773657949.884165,1773658204.287067,1082,538,508.800113,1.520437,0.944655,True
1378,1773657950.057742,1773658142.103850,1144,404,384.082679,1.830662,0.948516,True
1379,1773657950.121262,1773658241.511738,979,622,582.773533,3.296154,0.933136,True
1380,1773657950.806327,1773658063.828322,181,147,226.023664,34.943826,1.308766,True
1381,1773657951.760731,1773657982.622463,1232,80,61.719953,1.682657,0.759966,True
1382,1773657951.795241,1773658193.541229,1126,446,483.469310,33.996275,1.010052,True
1383,1773657952.007663,1773658135.162065,1024,385,366.296847,4.714613,0.941620,True
1384,1773657954.246983,1773657965.990546,917,33,23.485297,0.909136,0.705505,True
1385,1773657954.619899,1773658193.245372,1226,393,477.239743,23.811163,1.156706,True
1386,1773657954.856962,1773658117.843504,1171,401,325.954985,1.591309,0.810909,True
1387,1773657955.336219,1773658149.482509,1032,502,388.291347,1.072610,0.772892,True
1388,1773657955.447079,1773658000.968861,434,124,91.033882,2.530964,0.719536,True
1389,1773657955.495406,1773657971.553064,311,18,32.096897,7.954728,1.420128,True
1390,1773657955.926697,1773657988.220732,1133,92,64.574542,1.929648,0.688405,True
1391,1773657956.231804,1773658044.830022,401,130,177.174533,11.789368,1.282056,True
1392,1773657956.401676,1773657985.024571,376,81,57.232054,1.809352,0.692784,True
1393,1773657958.017121,1773658140.765027,1176,383,365.478254,1.789536,0.952065,True
1394,1773657958.342216,1773658022.762117,1029,71,128.819510,35.001290,1.340260,True
1395,1773657958.575878,1773658036.059161,1312,132,154.958561,17.918024,1.046111,True
1396,1773657958.856764,1773658025.734242,372,63,133.744301,31.243415,1.653240,True
1397,1773657958.910153,1773658110.752015,1203,385,303.674109,1.393682,0.787189,True
1398,1773657959.726553,1773658200.911019,1015,596,482.356773,7.238787,0.798518,True
1399,1773657959.729921,1773658196.098500,1018,388,472.710877,23.310062,1.161242,True
1400,1773657959.774324,1773658044.558128,1045,605,169.545424,0.495093,0.279885,True
1401,1773657959.906266,1773658021.492521,1112,431,123.164531,0.812675,0.284539,True
1402,1773657960.128774,1773657971.135710,237,79,22.007697,0.282584,0.278527,True
1403,1773657960.180416,1773658158.970562,1162,427,397.572586,33.315202,0.855064,True
1404,1773657960.897562,1773658122.591358,1076,377,323.386420,12.414157,0.827054,True
1405,1773657961.246437,1773658215.762256,1199,534,509.013956,3.350629,0.948712,True
1406,1773657961.384272,1773658065.138501,28,265,207.492981,0.458138,0.784223,True
1407,1773657961.405063,1773658125.873446,1052,412,328.921371,1.431704,0.796812,True
1408,1773657961.532242,1773658126.987169,1180,880,330.894295,1.182403,0.375099,True
1409,1773657962.002055,1773658034.608928,1083,407,145.191745,1.521038,0.353869,True
1410,1773657962.179357,1773658039.739878,1785,137,155.119504,17.541422,1.011604,True
1411,1773657962.263065,1773658154.326966,1053,394,384.124293,5.552389,0.963287,True
1412,1773657962.356658,1773657999.596393,243,14,74.473612,30.994080,3.344579,True
1413,1773657962.486421,1773658165.925572,1028,374,406.855284,4.925999,1.077558,True
1414,1773657962.539331,1773658020.542606,1101,411,115.985020,0.472168,0.281739,True
1415,1773657963.078746,1773658354.263287,1179,921,782.355260,41.683807,0.805078,True
1416,1773657964.045412,1773658182.350243,1005,394,436.604170,55.850595,0.968839,True
1417,1773657964.514724,1773658214.737344,1151,404,500.428552,38.376905,1.146530,True
1418,1773657964.910959,1773658032.402969,181,167,134.962463,8.390674,0.762481,True
1419,1773657965.056324,1773658032.651842,1149,379,135.180950,0.924170,0.355177,True
1420,1773657968.019314,1773658169.629340,1070,428,403.205733,1.238360,0.941376,True
1421,1773657968.168707,1773657982.352441,992,97,28.355616,0.453835,0.290644,True
1422,1773657968.636132,1773658054.592462,1035,616,171.898373,0.461196,0.278760,True
1423,1773657969.364926,1773658164.923220,912,395,391.115184,10.355801,0.966394,True
1424,1773657970.342520,1773658101.856435,1353,234,263.006246,18.803449,1.048081,True
1425,1773657970.440220,1773657982.825814,388,88,24.751761,0.202283,0.282178,True
1426,1773657970.638176,1773658191.344281,1044,394,441.389866,35.677912,1.032346,True
1427,1773657970.690274,1773658185.250381,997,393,429.118949,9.295531,1.070978,True
1428,1773657970.752679,1773658176.844812,1109,488,412.178907,1.532075,0.843217,True
1429,1773657970.911594,1773658056.815770,1311,159,171.786047,12.178248,1.010176,True
1430,1773657971.413731,1773658299.003637,1025,589,655.161980,15.166520,1.088428,True
1431,1773657972.160590,1773658044.590359,1232,80,144.849572,27.354481,1.487280,True
1432,1773657972.294309,1773658029.461034,1106,399,114.319215,0.438704,0.286132,True
1433,1773657972.966300,1773658152.275456,1060,396,358.617120,1.898647,0.903085,True
1434,1773657973.090997,1773657980.627063,398,46,15.070226,0.244689,0.329456,True
1435,1773657973.166703,1773658059.832226,1786,67,173.309466,54.913329,1.793881,True
1436,1773657973.417858,1773657999.204182,119,12,51.571379,22.757061,2.619483,True
1437,1773657973.456253,1773658022.969915,247,14,99.017605,45.853909,4.089515,True
1438,1773657973.711574,1773658028.733779,1013,386,110.022710,0.950408,0.283305,True
1439,1773657974.235313,1773658033.473132,407,88,118.473720,21.189663,1.118208,True
1440,1773657974.966524,1773658214.594497,1030,375,479.248220,42.189911,1.168605,True
1441,1773657975.004656,1773658030.113886,1035,391,110.202199,0.392389,0.281564,True
1442,1773657975.400197,1773658037.466295,385,67,124.130529,20.774537,1.566000,True
1443,1773657976.794228,1773657990.226587,380,97,26.846448,0.190547,0.277666,True
1444,1773657976.926999,1773658191.694545,1046,393,429.524488,17.100692,1.052102,True
1445,1773657977.415488,1773658032.537075,1036,390,110.238940,0.426450,0.282294,True
1446,1773657977.609654,1773658310.939417,985,552,666.650077,39.545770,1.138120,True
1447,1773657979.002474,1773658034.554416,1054,397,111.083546,0.445857,0.279388,True
1448,1773657980.398007,1773658028.373564,181,126,95.932404,0.365183,0.764538,True
1449,1773657982.065485,1773658184.686596,1089,412,405.224682,33.376553,0.904740,True
1450,1773657982.298111,1773658068.903040,405,89,173.192357,33.143940,1.591459,True
1451,1773657982.477549,1773658200.656334,1097,393,436.339383,33.558160,1.027503,True
1452,1773657983.093061,1773658230.377865,1168,436,494.551693,19.797883,1.091388,True
1453,1773657983.602772,1773657985.813646,333,18,4.406300,0.191315,0.247940,True
1454,1773657983.814514,1773658233.756733,1053,415,499.874485,2.769869,1.200736,True
1455,1773657984.218729,1773658070.973386,396,107,173.493846,35.672278,1.300203,True
1456,1773657986.000778,1773658048.931582,986,448,125.853321,0.393778,0.280670,True
1457,1773657986.300523,1773658135.493319,1315,198,298.367646,55.345481,1.233615,True
1458,1773657986.430476,1773657998.362455,407,83,23.857321,0.258762,0.287787,True
1459,1773657986.620266,1773658059.356454,1032,398,145.452763,0.859925,0.364214,True
1460,1773657986.802009,1773658244.996458,1064,396,516.376419,49.902756,1.180946,True
1461,1773657986.978454,1773658215.569323,1044,450,457.173704,44.567070,0.918946,True
1462,1773657987.103639,1773658214.734595,1214,406,455.254394,61.174856,0.973036,True
1463,1773657987.626830,1773658201.191468,1033,406,427.121009,6.402279,1.038812,True
1464,1773657987.660654,1773658093.973433,42,154,212.622022,32.236298,1.178992,True
1465,1773657987.784114,1773658157.544098,1025,401,339.512631,1.476813,0.845090,True
1466,1773657988.785848,1773658027.741796,1019,52,77.890027,17.530566,1.183519,True
1467,1773657988.880436,1773658004.579370,450,107,31.376044,0.249027,0.293651,True
1468,1773657989.162211,1773658026.690763,181,263,75.034795,0.159297,0.285784,True
1469,1773657989.280444,1773658187.361321,1025,441,396.146002,1.526607,0.896862,True
1470,1773657989.673718,1773658045.659342,1201,401,111.965196,0.485440,0.278699,True
1471,1773657990.796187,1773658206.181952,1021,398,430.755703,7.561095,1.065981,True
1472,1773657991.592553,1773658106.231191,417,117,229.269914,50.058489,1.544926,True
1473,1773657991.984683,1773658208.051818,1182,396,432.132881,52.097643,0.962115,True
1474,1773657992.552819,1773658258.944520,1027,569,532.781872,2.872245,0.932939,True
1475,1773657992.901045,1773658013.023257,1351,140,40.229058,0.558729,0.285398,True
1476,1773657993.980683,1773658060.432504,409,95,132.880519,9.794811,1.309422,True
1477,1773657994.996609,1773658053.072577,1009,411,116.146494,0.415669,0.282270,True
1478,1773657995.239891,1773658204.215448,1109,377,417.936418,28.968936,1.034488,True
1479,1773657995.921769,1773658006.980177,1155,75,22.107103,0.446581,0.292710,True
1480,1773657996.578869,1773658206.876727,1066,379,420.579226,54.851033,0.967535,True
1481,1773657996.637499,1773658035.151506,431,94,77.022397,0.644552,0.821267,True
1482,1773657996.740073,1773658057.724023,1201,391,121.955247,7.166992,0.294329,True
1483,1773657996.763347,1773658010.621538,387,95,27.708630,0.259183,0.292015,True
1484,1773657996.785266,1773658073.179976,1003,394,152.783612,0.911010,0.386444,True
1485,1773657997.351776,1773658212.409602,1033,396,430.099514,11.641721,1.059387,True
1486,1773657997.672441,1773658231.011343,1018,388,466.668086,48.065871,1.081659,True
1487,1773657997.814010,1773658062.065126,1436,66,128.479377,27.546663,1.552811,True
1488,1773657998.102238,1773658070.332604,983,373,144.448929,0.776263,0.386217,True
1489,1773657998.652257,1773658051.974350,1312,283,106.628094,1.267240,0.373620,True
1490,1773657999.356069,1773658246.246779,1082,406,493.771645,26.010571,1.154966,True
1491,1773657999.505541,1773658085.952417,998,447,172.871977,1.167585,0.384987,True
1492,1773657999.603792,1773658112.246475,1316,168,225.268961,26.668279,1.189226,True
1493,1773658000.237506,1773658147.644777,1314,231,294.810894,21.071645,1.190171,True
1494,1773658001.240861,1773658062.252751,1046,438,122.007479,0.487295,0.278078,True
1495,1773658001.280395,1773658058.845864,1023,388,115.108941,3.753718,0.287740,True
1496,1773658001.434837,1773658368.805773,1227,652,734.736299,58.340780,1.039010,True
1497,1773658001.591193,1773658213.054842,1019,394,422.915288,53.468972,0.940067,True
1498,1773658001.931776,1773658064.189897,936,432,124.493929,2.917469,0.282080,True
1499,1773658002.571232,1773658026.750856,46,138,48.337116,4.770218,0.318007,True
1500,1773658003.644980,1773658048.189783,404,83,89.067749,2.671393,1.053614,True
1501,1773658003.770887,1773658175.040609,1059,388,342.518808,1.588398,0.880957,True
1502,1773658004.881117,1773658093.328766,12,139,176.879754,26.660731,1.088544,True
1503,1773658005.046546,1773658096.420776,1044,471,182.730691,0.838786,0.387004,True
1504,1773658005.735110,1773658201.191198,1134,379,390.910326,3.265551,1.025515,True
1505,1773658005.802292,1773658082.719131,379,65,153.822115,36.808980,1.828330,True
1506,1773658005.829396,1773658070.530502,429,115,129.380262,9.402429,1.052437,True
1507,1773658005.903526,1773658253.928300,1159,397,496.027888,61.092688,1.098321,True
1508,1773658006.065914,1773658226.845182,1223,444,441.541783,45.363963,0.894307,True
1509,1773658006.217770,1773658233.824793,1093,432,455.209837,24.472563,0.999390,True
1510,1773658006.631551,1773658082.173253,1009,397,151.067535,0.924255,0.379150,True
1511,1773658006.752924,1773658032.516687,380,58,51.522040,1.089731,0.884777,True
1512,1773658007.683520,1773658071.376842,1786,67,127.377060,30.300461,1.470858,True
1513,1773658007.796278,1773658239.433040,1102,427,463.254754,11.140379,1.061301,True
1514,1773658008.386217,1773658090.691180,1183,429,164.601817,0.979702,0.382295,True
1515,1773658008.552208,1773658067.143878,1086,393,117.171007,4.834784,0.286572,True
1516,1773658008.634607,1773658084.707112,1038,398,152.128914,1.782490,0.378706,True
1517,1773658009.237747,1773658064.131724,1059,397,109.781956,0.412080,0.276187,True
1518,1773658009.243556,1773658201.818127,1004,419,385.133204,1.321829,0.918209,True
1519,1773658010.201605,1773658049.644610,371,53,78.873722,8.738484,1.348755,True
1520,1773658011.109261,1773658029.698464,396,131,37.172301,0.281584,0.283775,True
1521,1773658011.731417,1773658196.649700,1189,399,369.814950,1.650888,0.925035,True
1522,1773658012.119858,1773658204.116216,1083,403,383.974197,23.617105,0.896411,True
1523,1773658012.211534,1773658212.816524,1152,437,401.206420,2.833055,0.913700,True
1524,1773658012.288786,1773658066.967078,1063,386,109.338547,2.125199,0.278476,True
1525,1773658012.325006,1773658106.444143,1108,622,188.228696,8.674168,0.289138,True
1526,1773658013.024518,1773658214.087186,1017,398,402.111695,42.034951,0.906994,True
1527,1773658013.304851,1773658228.335282,1120,375,430.045291,37.896264,1.048527,True
1528,1773658014.439746,1773658220.349852,1060,365,411.802562,16.612137,1.085688,True
1529,1773658014.643084,1773658214.989723,1009,399,400.687927,40.905693,0.903975,True
1530,1773658014.700893,1773658248.896784,1053,414,468.376084,44.600449,1.026091,True
1531,1773658014.887631,1773658020.907850,304,18,12.025049,0.775081,0.661763,True
1532,1773658015.175015,1773658226.467346,1097,418,422.578838,15.514781,0.976173,True
1533,1773658015.287050,1773658080.682376,1018,476,130.778602,0.464994,0.274344,True
1534,1773658015.409275,1773658075.840997,1143,70,120.841558,18.881419,1.477683,True
1535,1773658016.966722,1773658101.419305,991,108,168.883341,27.468228,1.321637,True
1536,1773658017.122720,1773658032.945765,1155,75,31.624211,0.976909,0.414153,True
1537,1773658017.664347,1773658249.602038,1143,429,463.865535,9.949467,1.060552,True
1538,1773658018.031481,1773658269.907702,1068,401,503.743080,46.056583,1.144216,True
1539,1773658018.150988,1773658351.842804,1036,619,667.382350,20.833021,1.046196,True
1540,1773658018.584832,1773658079.825483,1032,447,122.468069,0.433830,0.273619,True
1541,1773658019.143109,1773658269.679389,1015,399,501.055233,61.608811,1.104137,True
1542,1773658019.334905,1773658141.033836,1312,175,243.384335,39.967309,1.169063,True
1543,1773658019.494886,1773658092.424656,685,120,145.849844,17.496981,1.078595,True
1544,1773658019.744707,1773658121.170770,398,98,202.842311,54.227825,1.532108,True
1545,1773658020.855689,1773658268.415109,1173,385,495.104874,67.845774,1.112654,True
1546,1773658021.212235,1773658083.225469,1073,454,124.007572,0.640234,0.272334,True
1547,1773658021.325026,1773658033.290381,2042,56,23.926338,1.840685,0.401557,True
1548,1773658021.399308,1773658260.804907,1061,408,478.805360,27.733052,1.108286,True
1549,1773658021.941372,1773658113.582995,17,120,183.273501,20.670853,1.366409,True
1550,1773658023.162910,1773658051.390226,1316,170,56.446339,5.986521,0.298579,True
1551,1773658023.187106,1773658121.170762,439,98,195.965458,50.789493,1.496659,True
1552,1773658023.478806,1773658091.995780,390,155,137.032571,0.711143,0.885204,True
1553,1773658023.742013,1773658103.310453,1023,406,159.120789,0.768017,0.390995,True
1554,1773658023.831834,1773658300.642606,1029,519,553.619686,24.281624,1.021888,True
1555,1773658023.914892,1773658161.414997,404,144,274.996767,73.830768,1.406755,True
1556,1773658024.958083,1773658244.417342,1124,408,438.896176,30.577700,1.003239,True
1557,1773658025.890222,1773658082.338333,1044,413,112.874030,0.481268,0.272798,True
1558,1773658025.997229,1773658227.695436,1022,390,403.379009,4.559362,1.025243,True
1559,1773658026.393368,1773658113.083853,393,113,173.379582,29.152653,1.287740,True
1560,1773658026.422325,1773658062.176486,406,82,71.500922,0.823816,0.872557,True
1561,1773658026.567362,1773658222.325860,1102,408,391.506004,1.736682,0.957664,True
1562,1773658026.589920,1773658028.823151,238,14,4.458816,0.326257,0.317889,True
1563,1773658027.305666,1773658206.940633,1146,396,359.246897,17.659499,0.864778,True
1564,1773658027.941071,1773658210.188574,1048,396,364.493576,19.378590,0.873709,True
1565,1773658027.979816,1773658253.020958,1040,414,450.074639,11.916312,1.060916,True
1566,1773658028.512604,1773658072.149579,750,44,87.251628,14.093558,1.701350,True
1567,1773658029.246412,1773658213.828441,1037,373,369.161667,35.693941,0.896419,True
1568,1773658029.395485,1773658209.363754,1156,390,359.916083,1.634077,0.921033,True
1569,1773658030.035385,1773658123.514326,1034,479,186.945844,0.879576,0.389260,True
1570,1773658030.396957,1773658067.834340,430,90,74.861089,1.309288,0.826425,True
1571,1773658031.063400,1773658035.795988,1044,35,9.455236,0.426132,0.265562,True
1572,1773658031.412238,1773658111.530027,1009,415,160.212691,0.941555,0.384713,True
1573,1773658031.672332,1773658086.264908,1026,400,109.181179,0.497843,0.272389,True
1574,1773658031.735657,1773658291.134066,1089,465,518.774699,19.345216,1.076357,True
1575,1773658033.059742,1773658098.551469,62,152,130.973980,0.384091,0.864834,True
1576,1773658033.578099,1773658057.262689,382,53,47.349412,0.759686,0.895956,True
1577,1773658033.617651,1773658241.651071,998,373,416.063339,19.019048,1.067323,True
1578,1773658035.174506,1773658265.733330,936,431,461.099844,28.099312,1.006978,True
1579,1773658037.105762,1773658092.985032,1150,404,111.752277,0.452887,0.276177,True
1580,1773658037.329453,1773658117.035515,1099,410,159.390979,0.872802,0.387575,True
1581,1773658038.036318,1773658096.466438,7,136,116.849356,0.365499,0.862843,True
1582,1773658038.153781,1773658290.344742,1033,411,504.372603,39.575236,1.133652,True
1583,1773658038.245181,1773658238.114380,1071,415,399.722740,1.881721,0.960969,True
1584,1773658038.578683,1773658213.119067,1099,414,349.079314,2.278451,0.839712,True
1585,1773658038.837188,1773658060.143103,238,14,42.605906,12.252068,2.334911,True
1586,1773658039.229328,1773658065.263909,685,137,52.055243,0.730824,0.377385,True
1587,1773658039.395338,1773658345.798327,1020,502,612.786168,50.268796,1.122789,True
1588,1773658039.572701,1773658112.845240,1315,144,146.531996,12.887438,0.934577,True
1589,1773658041.203675,1773658064.607447,9,166,46.797536,0.198142,0.282421,True
1590,1773658041.411451,1773658092.122709,421,93,101.408928,3.027603,1.069362,True
1591,1773658041.628658,1773658324.066710,1200,526,564.854199,2.302760,1.071527,True
1592,1773658042.016290,1773658091.554886,394,91,99.060594,2.421569,1.073767,True
1593,1773658042.979126,1773658051.239732,1628,48,16.518299,1.344323,0.322851,True
1594,1773658043.066101,1773658258.733384,1046,442,431.318061,10.616235,0.953972,True
1595,1773658043.069325,1773658054.710916,383,84,23.251666,0.215444,0.277545,True
1596,1773658043.293476,1773658070.215448,376,65,53.842458,0.764683,0.829340,True
1597,1773658043.449283,1773658093.907887,379,87,100.895592,1.006819,1.161497,True
1598,1773658043.676901,1773658258.124701,1046,395,428.893914,10.516376,1.061872,True
1599,1773658043.966861,1773658260.899633,1173,420,433.843733,20.315110,0.986942,True
1600,1773658044.089714,1773658122.990825,1351,186,157.800838,1.816643,0.843158,True
1601,1773658044.368731,1773658051.748766,243,14,14.758744,2.022141,0.979739,True
1602,1773658044.740819,1773658058.728132,410,100,27.960463,0.197574,0.280433,True
1603,1773658046.425912,1773658121.135733,387,52,149.397838,51.310729,1.923277,True
1604,1773658046.803725,1773658107.353446,1034,429,121.090029,0.398036,0.281991,True
1605,1773658048.223073,1773658105.828797,1162,411,115.203474,0.521218,0.279713,True
1606,1773658048.787838,1773658290.350554,1121,506,483.123936,1.639782,0.953434,True
1607,1773658050.579142,1773658058.677124,331,18,16.188305,0.671518,0.912752,True
1608,1773658050.718033,1773658105.169025,1081,388,108.879690,0.479760,0.280103,True
1609,1773658051.002833,1773658075.758519,30,182,49.499440,0.318797,0.271716,True
1610,1773658052.485591,1773658110.353700,1073,408,115.734334,0.461157,0.283226,True
1611,1773658053.472759,1773658248.026488,1191,407,389.093839,1.581897,0.954463,True
1612,1773658053.575801,1773658128.789780,1094,362,150.413975,0.974130,0.413961,True
1613,1773658054.173440,1773658131.912333,459,562,155.476038,0.294755,0.276615,True
1614,1773658054.257974,1773658271.849241,985,426,435.160270,1.250190,1.020965,True
1615,1773658054.501856,1773658071.554640,395,87,34.093617,0.397766,0.391812,True
1616,1773658054.827139,1773658243.129334,1070,392,376.602698,1.816103,0.958533,True
1617,1773658055.215780,1773658103.009742,1786,50,95.576032,27.144602,1.396560,True
1618,1773658055.276498,1773658113.601608,1081,414,116.634274,0.390339,0.281462,True
1619,1773658055.548353,1773658302.931834,1130,459,494.749414,21.556783,1.033172,True
1620,1773658056.338454,1773658198.389490,1320,192,284.096430,54.283692,1.203208,True
1621,1773658056.474710,1773658109.640210,1023,377,106.324638,0.405706,0.281699,True
1622,1773658057.126073,1773658068.774178,238,14,23.273751,7.804577,1.189936,True
1623,1773658057.851267,1773658114.759132,1314,137,113.814235,1.436213,0.826309,True
1624,1773658057.990367,1773658217.459717,1072,398,318.921158,2.875895,0.796084,True
1625,1773658058.169093,1773658119.162482,394,89,121.972931,15.801302,1.206496,True
1626,1773658058.889727,1773658079.973892,373,60,42.160917,0.722722,0.702342,True
1627,1773658059.315468,1773658074.997380,375,66,31.347877,0.392415,0.476238,True
1628,1773658059.648483,1773658158.101956,1142,491,196.894334,0.987403,0.399810,True
1629,1773658059.726506,1773658109.284045,395,116,99.109617,1.394841,0.849694,True
1630,1773658060.085348,1773658286.749729,1044,394,453.322199,40.821365,1.049620,True
1631,1773658060.610337,1773658140.502503,1021,398,159.766175,0.876898,0.400225,True
1632,1773658060.611563,1773658079.778225,406,91,38.295478,0.994829,0.414452,True
1633,1773658060.774263,1773658149.547308,996,446,177.544544,1.704799,0.395145,True
1634,1773658061.215539,1773658150.295843,1010,635,178.145961,0.432753,0.280305,True
1635,1773658061.569217,1773658281.103375,1156,424,439.049250,1.597354,1.034165,True
1636,1773658062.251699,1773658154.373846,1115,413,184.226846,1.144808,0.444374,True
1637,1773658062.326576,1773658252.975788,1116,401,381.283231,1.589878,0.949233,True
1638,1773658062.347095,1773658117.123890,1045,390,109.535540,0.388639,0.280583,True
1639,1773658062.676544,1773658070.057693,1529,56,14.739470,0.662952,0.255937,True
1640,1773658062.944159,1773658264.081850,1163,386,402.274092,7.432006,1.025564,True
1641,1773658064.073100,1773658080.207398,440,117,32.258668,0.228485,0.276122,True
1642,1773658064.326219,1773658077.054752,457,98,25.443686,0.212739,0.260113,True
1643,1773658064.407271,1773658100.899452,1313,135,72.964463,9.997419,0.469903,True
1644,1773658064.480098,1773658272.137849,1044,368,415.293788,38.459106,1.026797,True
1645,1773658065.825968,1773658434.962494,1170,939,738.267529,1.772656,0.785176,True
1646,1773658065.887469,1773658144.259231,1038,396,156.733802,0.917408,0.394472,True
1647,1773658066.022802,1773658097.961975,2001,74,63.862801,17.556523,0.634333,True
1648,1773658066.418920,1773658109.732161,392,103,86.614522,0.535403,0.843913,True
1649,1773658066.932652,1773658301.973361,966,403,470.071810,3.439374,1.160777,True
1650,1773658067.924830,1773658075.903046,120,12,15.946168,4.620078,1.029645,True
1651,1773658068.809344,1773658276.228777,1201,402,414.833391,3.041538,1.026912,True
1652,1773658068.881862,1773658225.367729,1152,400,312.962036,1.178757,0.781412,True
1653,1773658069.721101,1773658089.320429,238,14,39.192997,12.642313,2.042360,True
1654,1773658070.830960,1773658338.169649,997,393,534.655284,9.726233,1.339105,True
1655,1773658070.883185,1773658225.688594,1025,394,309.589122,0.998473,0.785218,True
1656,1773658071.074282,1773658283.727798,1121,440,425.305264,1.557058,0.965258,True
1657,1773658071.339659,1773658126.948548,1312,141,111.207931,1.823187,0.781320,True
1658,1773658071.464462,1773658088.112852,403,113,33.286802,0.207508,0.295351,True
1659,1773658072.129599,1773658267.969679,1036,388,391.666302,1.224031,1.008895,True
1660,1773658072.771001,1773658105.982553,385,80,66.410422,0.977247,0.828268,True
1661,1773658072.992415,1773658087.815806,444,101,29.638515,0.194692,0.294438,True
1662,1773658073.072193,1773658265.773454,1012,461,385.388717,15.428818,0.804261,True
1663,1773658073.167305,1773658303.293964,1036,590,460.239878,1.219634,0.779321,True
1664,1773658073.228204,1773658147.594786,1036,375,148.716944,2.574909,0.390754,True
1665,1773658073.855742,1773658104.449302,380,61,61.171506,0.759749,1.006863,True
1666,1773658074.103082,1773658101.978230,378,56,55.746944,1.161863,0.992456,True
1667,1773658074.601694,1773658127.978143,1052,378,106.746603,0.424127,0.282022,True
1668,1773658074.680786,1773658178.077724,1039,417,206.780215,22.548332,0.442865,True
1669,1773658074.801066,1773658296.471284,1097,409,443.336705,11.730297,1.057859,True
1670,1773658075.064958,1773658127.678561,1052,373,105.221370,0.391782,0.281800,True
1671,1773658075.496481,1773658277.982525,1036,397,404.970499,1.323576,1.019310,True
1672,1773658075.663625,1773658126.037340,376,74,100.737688,11.633667,1.220603,True
1673,1773658076.239685,1773658265.804210,1043,397,379.115604,2.092628,0.952078,True
1674,1773658076.399308,1773658297.902396,1020,445,443.002439,8.812054,0.977906,True
1675,1773658076.528483,1773658135.540715,1105,429,118.005868,0.456055,0.274649,True
1676,1773658076.830381,1773658134.475912,1095,420,115.270643,0.573166,0.273741,True
1677,1773658077.286186,1773658182.471348,1033,403,210.360606,15.075292,0.485784,True
1678,1773658077.562761,1773658090.973868,1063,93,26.800829,0.394678,0.287023,True
1679,1773658078.103488,1773658234.114272,981,402,312.008829,1.129244,0.775261,True
1680,1773658078.159308,1773658281.443202,999,411,406.560272,1.454629,0.988063,True
1681,1773658078.320909,1773658164.580655,1010,401,172.497498,7.185638,0.413280,True
1682,1773658078.683967,1773658273.443409,1018,396,389.505293,2.550229,0.979633,True
1683,1773658079.684428,1773658251.658435,1145,374,343.934348,2.463852,0.915470,True
1684,1773658079.739372,1773658145.247451,1059,477,131.005993,0.400339,0.274382,True
1685,1773658079.902609,1773658163.102098,1080,395,166.381083,6.858172,0.404880,True
1686,1773658080.947269,1773658161.143316,1321,182,160.385829,3.200853,0.868425,True
1687,1773658081.035062,1773658238.428551,1035,400,314.770547,2.500313,0.782632,True
1688,1773658081.035173,1773658277.126813,1004,394,392.146597,3.097768,0.989946,True
1689,1773658082.221205,1773658180.440866,1165,421,196.425449,16.820399,0.427631,True
1690,1773658082.410380,1773658214.123313,1108,459,263.419970,36.286049,0.495926,True
1691,1773658083.557313,1773658276.439004,978,391,385.749651,2.135113,0.983627,True
1692,1773658083.559536,1773658133.417880,414,137,99.685646,0.649798,0.728205,True
1693,1773658083.790722,1773658123.413859,400,103,79.236665,0.572454,0.771218,True
1694,1773658083.895797,1773658138.111049,998,396,108.420279,0.537307,0.273121,True
1695,1773658084.046308,1773658239.259855,1045,393,310.425545,4.461014,0.780522,True
1696,1773658085.290831,1773658141.571395,1002,407,112.544334,0.427517,0.276150,True
1697,1773658085.292083,1773658142.840667,874,150,115.062107,0.959717,0.765788,True
1698,1773658085.419077,1773658282.183305,1060,415,393.518833,2.169882,0.945287,True
1699,1773658085.784457,1773658127.321274,399,92,83.065976,1.805477,0.892973,True
1700,1773658085.961826,1773658297.688540,1219,429,423.441710,7.416963,0.972020,True
1701,1773658086.355070,1773658268.070480,1100,371,363.413296,1.522858,0.978082,True
1702,1773658086.988194,1773658289.729617,1064,418,405.468928,2.337893,0.966741,True
1703,1773658087.335339,1773658144.471702,1064,414,114.266620,0.414486,0.275671,True
1704,1773658088.641755,1773658146.077265,1003,418,114.868952,0.566698,0.274106,True
1705,1773658089.371978,1773658295.884729,1204,437,413.019212,1.534252,0.943773,True
1706,1773658089.459779,1773658100.734048,1656,82,22.530966,0.609876,0.270631,True
1707,1773658089.494085,1773658189.739068,1179,445,200.477306,13.082121,0.422061,True
1708,1773658089.675617,1773658314.971508,1146,440,450.586312,1.443490,1.023104,True
1709,1773658089.745087,1773658120.152882,420,80,60.803667,0.584684,0.762266,True
1710,1773658090.068571,1773658342.188832,1136,518,504.224873,7.671000,0.960452,True
1711,1773658091.354439,1773658159.500119,402,95,136.282020,19.265699,1.244854,True
1712,1773658091.692883,1773658109.997930,18,128,36.595665,0.212886,0.286479,True
1713,1773658092.347970,1773658205.464910,12,231,226.230053,0.408706,0.981832,True
1714,1773658092.349847,1773658367.585144,1271,423,550.449892,76.877454,1.122210,True
1715,1773658092.744861,1773658134.073768,434,77,82.634726,2.510182,1.054270,True
1716,1773658093.168880,1773658298.356402,1050,362,410.365178,20.333143,1.080421,True
1717,1773658093.375598,1773658303.562676,1069,410,420.360302,1.744727,1.023510,True
1718,1773658093.807890,1773658175.077168,242,14,162.530270,75.425727,6.700349,True
1719,1773658094.037065,1773658191.493115,1116,451,194.900041,8.539361,0.414135,True
1720,1773658094.274344,1773658254.347109,998,411,320.127945,1.120931,0.778066,True
1721,1773658094.633212,1773658204.707360,1103,393,220.127568,34.006667,0.474798,True
1722,1773658095.650321,1773658153.579607,1163,418,115.842101,0.462536,0.276690,True
1723,1773658096.071832,1773658323.519127,1065,474,454.884860,1.475549,0.958582,True
1724,1773658096.468529,1773658131.262080,1063,93,69.576383,1.293201,0.742209,True
1725,1773658097.071733,1773658137.060751,398,95,79.967897,1.413668,0.835683,True
1726,1773658097.339998,1773658174.304361,874,169,153.916451,1.785796,0.905540,True
1727,1773658097.465435,1773658154.882044,1056,417,114.823131,0.531453,0.274740,True
1728,1773658097.649412,1773658133.415859,1116,79,71.531726,5.766010,0.843150,True
1729,1773658097.882757,1773658152.562313,1044,396,109.345106,0.552835,0.275423,True
1730,1773658098.249110,1773658276.341907,1075,466,356.174134,1.319522,0.763128,True
1731,1773658098.845799,1773658149.604621,401,89,101.505081,2.659869,1.123241,True
1732,1773658099.455812,1773658355.362869,1044,524,511.796313,2.047216,0.974664,True
1733,1773658099.673005,1773658155.861987,1312,157,112.370410,1.211273,0.712559,True
1734,1773658101.009220,1773658307.958514,1039,398,413.877707,1.897342,1.037734,True
1735,1773658101.869708,1773658286.964802,1027,390,370.166399,2.109155,0.946163,True
1736,1773658102.014682,1773658115.090059,395,93,26.149179,0.200892,0.282047,True
1737,1773658102.113600,1773658321.454422,1133,423,438.672146,2.167303,1.034372,True
1738,1773658102.438358,1773658362.994783,1156,565,521.105286,3.217457,0.918241,True
1739,1773658102.636366,1773658350.304889,1082,522,495.333457,1.568990,0.947725,True
1740,1773658103.253960,1773658278.449907,1126,375,350.374990,1.453467,0.932945,True
1741,1773658103.415198,1773658184.171879,1314,210,161.508296,1.428669,0.765931,True
1742,1773658103.468961,1773658288.603736,1062,373,370.267531,2.180827,0.989480,True
1743,1773658103.515305,1773658110.114870,238,14,13.184746,1.626726,0.889079,True
1744,1773658104.066616,1773658215.886305,1313,181,223.627733,25.836578,1.098840,True
1745,1773658104.275687,1773658160.179265,1200,406,111.800849,0.460801,0.274914,True
1746,1773658104.600001,1773658175.575314,413,137,141.932560,0.795553,1.037772,True
1747,1773658104.943851,1773658187.665656,1054,374,165.429645,0.939093,0.440993,True
1748,1773658105.383975,1773658380.111122,1059,622,549.448748,2.178637,0.881272,True
1749,1773658105.469257,1773658302.249519,1050,411,393.538136,1.667834,0.955781,True
1750,1773658105.919866,1773658163.326435,1069,419,114.796724,0.452059,0.273552,True
1751,1773658106.128969,1773658268.632337,1085,426,324.991083,1.146721,0.761987,True
1752,1773658106.359974,1773658165.133710,1012,434,117.534966,0.443501,0.270419,True
1753,1773658106.625757,1773658121.580241,1537,51,29.906186,6.094046,0.476243,True
1754,1773658107.443682,1773658139.232053,401,80,63.564977,17.237559,0.586423,True
1755,1773658107.463105,1773658331.808437,1158,589,448.673843,1.171149,0.761059,True
1756,1773658107.863419,1773658200.833605,1028,396,185.923514,14.522826,0.433926,True
1757,1773658107.881822,1773658128.251098,369,57,40.716340,0.487206,0.718377,True
1758,1773658108.149673,1773658176.234031,1133,507,136.156719,0.442267,0.268210,True
1759,1773658108.672923,1773658173.725453,1010,485,130.094761,0.476438,0.267806,True
1760,1773658110.552294,1773658172.807593,1066,465,124.498483,0.415807,0.267420,True
1761,1773658110.663523,1773658322.338093,1036,422,423.331026,1.355102,1.002318,True
1762,1773658111.059510,1773658267.676259,977,407,313.232141,1.205782,0.768538,True
1763,1773658111.280587,1773658229.973217,1097,411,237.362415,37.186167,0.488235,True
1764,1773658111.315186,1773658158.644068,396,88,94.642266,2.183899,1.062740,True
1765,1773658112.630286,1773658366.360804,1096,514,507.447362,13.253213,0.963341,True
1766,1773658113.656528,1773658165.720461,2006,77,104.121789,37.426426,0.877571,True
1767,1773658115.208322,1773658203.218278,1052,667,176.009655,0.425466,0.263640,True
1768,1773658115.352843,1773658319.845834,1082,428,408.972205,1.367016,0.954579,True
1769,1773658116.038393,1773658231.484726,1073,378,230.876946,43.061543,0.498184,True
1770,1773658116.052208,1773658133.937443,11,141,35.759722,0.171978,0.254198,True
1771,1773658116.291779,1773658268.505184,1093,396,304.419258,1.155353,0.767757,True
1772,1773658116.345385,1773658344.015764,1014,392,455.333289,31.074346,1.085061,True
1773,1773658116.422272,1773658338.240864,1085,375,443.635978,25.733439,1.117386,True
1774,1773658116.924857,1773658275.639457,1174,411,317.411393,1.816782,0.769743,True
1775,1773658117.583385,1773658168.499998,1094,378,101.816890,0.499424,0.268747,True
1776,1773658118.009829,1773658314.662692,1086,410,393.287779,1.553666,0.957785,True
1777,1773658118.413817,1773658353.738073,987,413,470.647083,38.303592,1.049377,True
1778,1773658119.836562,1773658259.035519,1088,363,278.394032,1.154298,0.765856,True
1779,1773658120.835674,1773658228.310822,1102,523,214.934225,9.521031,0.393512,True
1780,1773658120.967193,1773658330.529980,1029,401,419.119960,1.272228,1.044619,True
1781,1773658121.562407,1773658320.883909,981,381,398.629623,1.731477,1.044469,True
1782,1773658121.730118,1773658336.402334,1029,405,429.330997,5.486951,1.049119,True
1783,1773658121.874273,1773658161.448736,374,91,79.129285,0.864382,0.869610,True
1784,1773658122.158645,1773658246.624174,1023,415,248.917131,45.562517,0.491195,True
1785,1773658122.553210,1773658164.571403,956,59,84.014218,11.216578,1.255132,True
1786,1773658123.032504,1773658342.597506,1057,388,439.123563,22.248811,1.077196,True
1787,1773658123.150831,1773658310.293066,1053,385,374.282971,1.209033,0.971547,True
1788,1773658124.250573,1773658315.326799,1041,395,382.136192,1.314020,0.966554,True
1789,1773658125.721927,1773658179.833552,1146,401,108.221675,0.540207,0.269204,True
1790,1773658125.991636,1773658339.469974,1038,401,426.955258,9.265887,1.044223,True
1791,1773658126.213958,1773658185.080884,1051,440,117.717812,0.479498,0.267058,True
1792,1773658126.370962,1773658175.237361,15,134,97.713453,22.097446,0.568541,True
1793,1773658126.674533,1773658279.332362,1006,394,305.298008,1.049697,0.774169,True
1794,1773658127.238693,1773658173.317122,424,102,92.145117,0.597403,0.906413,True
1795,1773658127.610334,1773658215.670114,1029,415,176.096504,2.743024,0.418728,True
1796,1773658127.678288,1773658318.438480,1006,488,381.506355,1.218262,0.780879,True
1797,1773658128.529200,1773658319.489244,1005,386,381.916635,1.210402,0.988847,True
1798,1773658129.304134,1773658172.176926,404,96,85.733954,1.290628,0.888877,True
1799,1773658129.806263,1773658366.607006,1147,509,473.579980,1.668144,0.928960,True
1800,1773658129.961568,1773658230.594329,1314,138,201.264038,37.432815,1.195848,True
1801,1773658130.316024,1773658328.737761,1008,408,396.841934,1.427739,0.971534,True
1802,1773658131.084097,1773658144.351181,397,93,26.524103,0.278086,0.285283,True
1803,1773658131.320025,1773658349.562315,1027,450,436.465585,1.605840,0.968507,True
1804,1773658133.438960,1773658159.444926,424,96,51.997899,8.226660,0.460750,True
1805,1773658134.115530,1773658298.703729,1042,424,329.154240,1.099394,0.775543,True
1806,1773658135.016111,1773658324.768892,1094,385,379.483837,1.871478,0.983366,True
1807,1773658135.505263,1773658149.873332,415,93,28.732323,0.265007,0.309427,True
1808,1773658135.605305,1773658297.100322,1096,411,322.977304,1.099924,0.785067,True
1809,1773658135.938131,1773658186.753396,398,127,101.610271,2.057521,0.790101,True
1810,1773658136.241954,1773658385.119126,1052,564,497.733530,2.926002,0.878877,True
1811,1773658136.549760,1773658330.688797,1089,394,388.276574,2.627850,0.981294,True
1812,1773658136.728418,1773658308.093572,1160,443,342.721298,1.144508,0.772798,True
1813,1773658137.070929,1773658161.074977,1786,50,47.989772,2.607016,0.926179,True
1814,1773658137.573376,1773658211.052694,1090,558,146.956604,0.413499,0.263094,True
1815,1773658137.915640,1773658163.151420,1317,180,50.470021,0.603258,0.278585,True
1816,1773658138.493688,1773658335.586129,1179,511,394.172227,1.118177,0.770694,True
1817,1773658138.961231,1773658326.321086,1116,368,374.705757,1.658008,1.016479,True
1818,1773658139.092397,1773658156.812892,388,55,35.437380,1.108638,0.635717,True
1819,1773658140.081110,1773658156.002577,887,112,31.831016,0.383560,0.283310,True
1820,1773658140.124184,1773658333.903070,1020,385,387.548088,2.063646,1.003866,True
1821,1773658140.866250,1773658159.884082,1313,135,38.029674,0.576075,0.279504,True
1822,1773658140.975273,1773658336.744336,1055,395,391.516443,2.301027,0.987856,True
1823,1773658141.050434,1773658291.544219,1130,391,300.969667,1.138439,0.768798,True
1824,1773658141.940366,1773658343.273911,1062,398,402.655434,1.569609,1.010292,True
1825,1773658142.556622,1773658196.276086,1070,411,107.420732,0.459090,0.260882,True
1826,1773658142.754806,1773658147.387218,238,14,9.247021,0.377301,0.682286,True
1827,1773658142.883518,1773658362.722070,1060,468,439.671462,1.187290,0.938938,True
1828,1773658143.529636,1773658333.403801,1026,379,379.740571,1.571781,1.000447,True
1829,1773658143.647848,1773658332.472707,1073,385,377.628554,3.164003,0.975168,True
1830,1773658143.650087,1773658236.611097,1325,198,185.884513,3.153708,0.927568,True
1831,1773658143.784884,1773658173.683226,387,58,59.773701,0.562041,1.038801,True
1832,1773658143.854730,1773658181.113642,438,93,74.508190,0.594411,0.803411,True
1833,1773658144.063226,1773658184.609815,406,86,81.079700,5.386050,0.890514,True
1834,1773658144.448655,1773658182.090724,388,93,75.268853,0.670575,0.810851,True
1835,1773658145.896724,1773658187.660028,398,107,83.525014,0.593790,0.782370,True
1836,1773658146.847092,1773658164.785928,22,131,35.873716,0.166590,0.274670,True
1837,1773658147.385219,1773658162.857295,417,110,30.926150,0.213760,0.281765,True
1838,1773658147.580979,1773658347.119363,1052,400,399.073028,1.873224,0.995488,True
1839,1773658147.674957,1773658199.000070,1069,388,102.641952,0.488976,0.263961,True
1840,1773658147.884888,1773658203.621212,1019,427,111.467165,0.718916,0.259972,True
1841,1773658147.940630,1773658300.926773,1222,396,305.971079,1.345130,0.771205,True
1842,1773658147.959128,1773658160.460850,902,29,24.996986,1.112449,0.853019,True
1843,1773658148.596783,1773658356.521806,1051,440,415.840281,1.765608,0.943222,True
1844,1773658148.638063,1773658171.884334,2006,175,46.482792,0.741124,0.262883,True
1845,1773658148.688009,1773658337.094428,1135,388,376.795304,2.136678,0.968110,True
1846,1773658149.409169,1773658197.701134,1349,172,96.576825,14.733393,0.478617,True
1847,1773658150.437383,1773658265.487138,1147,525,230.077680,17.279774,0.406103,True
1848,1773658150.790475,1773658343.812725,1095,387,386.043074,1.496381,0.996235,True
1849,1773658151.368217,1773658342.577461,1158,383,382.400829,1.521842,0.997065,True
1850,1773658152.261086,1773658236.594320,1090,414,168.664560,2.945978,0.401256,True
1851,1773658152.800683,1773658194.117429,396,99,82.627823,0.710013,0.835896,True
1852,1773658153.454836,1773658349.224557,1091,397,391.519949,1.549375,0.984774,True
1853,1773658153.937956,1773658359.731450,1083,430,411.572385,1.628623,0.955580,True
1854,1773658155.869229,1773658207.095770,1136,396,102.437160,0.479635,0.258120,True
1855,1773658156.113273,1773658204.618209,1001,375,96.999533,0.680629,0.257537,True
1856,1773658156.378120,1773658243.315400,50,154,173.854982,0.539911,1.132778,True
1857,1773658156.454669,1773658379.063284,1056,499,445.205693,1.192091,0.891594,True
1858,1773658156.746032,1773658354.139495,1084,534,394.768313,1.092930,0.738603,True
1859,1773658157.435734,1773658321.801920,1062,416,328.730918,1.467803,0.788586,True
1860,1773658157.479053,1773658187.423125,773,41,59.867970,1.075973,1.469800,True
1861,1773658157.732544,1773658362.297891,1070,373,409.116965,28.703615,1.022617,True
1862,1773658158.079898,1773658352.355735,1085,407,388.543010,1.260742,0.953897,True
1863,1773658158.476851,1773658182.276458,388,75,47.597688,9.250482,0.518205,True
1864,1773658159.131117,1773658206.301724,383,80,94.339820,0.899913,1.182784,True
1865,1773658159.309571,1773658307.250327,1027,660,295.858957,0.934121,0.447534,True
1866,1773658159.453344,1773658206.707073,414,102,94.497881,0.723286,0.928461,True
1867,1773658159.848765,1773658333.155596,1164,444,346.612261,1.360303,0.779350,True
1868,1773658160.231781,1773658284.127314,1069,430,247.781549,45.291322,0.472005,True
1869,1773658160.549907,1773658318.051180,1136,396,315.000957,2.934810,0.790041,True
1870,1773658161.173454,1773658190.095492,1951,67,57.828387,2.001163,0.845867,True
1871,1773658161.502609,1773658393.382110,1044,527,463.750365,1.557746,0.878693,True
1872,1773658161.672730,1773658236.513052,1094,575,149.672188,0.468227,0.259937,True
1873,1773658161.732253,1773658383.112561,1086,446,442.745130,1.255558,0.992111,True
1874,1773658163.148421,1773658352.355580,991,394,378.393948,1.287586,0.959558,True
1875,1773658164.004854,1773658175.678667,383,59,23.339196,0.933967,0.386297,True
1876,1773658165.361995,1773658354.461662,976,388,378.185042,1.302505,0.973857,True
1877,1773658165.819299,1773658358.366904,1158,400,385.089079,1.411008,0.961599,True
1878,1773658166.021855,1773658488.476643,1089,1000,644.893987,2.461059,0.643076,True
1879,1773658166.030554,1773658352.770507,1031,388,373.459345,2.045685,0.959725,True
1880,1773658167.070508,1773658217.210405,1134,394,100.266712,0.432122,0.254032,True
1881,1773658167.203882,1773658288.916160,1314,227,243.406688,1.963021,1.068335,True
1882,1773658167.318262,1773658183.473440,400,90,32.292130,0.857546,0.353198,True
1883,1773658167.573772,1773658295.065778,1025,604,254.978270,11.547106,0.403700,True
1884,1773658167.732832,1773658330.646769,1052,415,325.806351,1.187232,0.784104,True
1885,1773658168.359602,1773658361.584859,1020,420,386.438707,2.468430,0.916397,True
1886,1773658168.371564,1773658213.571072,410,99,90.388923,1.201246,0.910078,True
1887,1773658168.606265,1773658374.247197,998,385,411.266140,36.702870,0.975425,True
1888,1773658168.795302,1773658263.520108,1120,419,189.435722,16.077980,0.414731,True
1889,1773658169.010602,1773658218.638308,1112,394,99.233802,0.436797,0.251392,True
1890,1773658169.103653,1773658368.613014,973,565,398.995970,1.286854,0.705158,True
1891,1773658169.156485,1773658250.595995,1351,148,162.858610,1.939141,1.094690,True
1892,1773658169.744251,1773658235.768610,16,163,132.034273,2.253454,0.801116,True
1893,1773658169.744379,1773658219.491509,1069,396,99.456704,0.487707,0.250554,True
1894,1773658170.087629,1773658248.309891,1316,193,156.423753,1.850727,0.805068,True
1895,1773658170.225779,1773658390.625363,1025,514,440.787002,1.339827,0.856622,True
1896,1773658170.287697,1773658217.238604,2006,77,93.890160,3.391288,1.190775,True
1897,1773658171.536957,1773658191.944816,378,51,40.801924,1.594270,0.784153,True
1898,1773658171.784727,1773658327.682393,1036,398,311.793592,1.230530,0.782275,True
1899,1773658171.792813,1773658401.912734,1042,558,460.232172,1.383845,0.823785,True
1900,1773658172.298301,1773658319.800524,1089,372,294.990908,2.005696,0.789718,True
1901,1773658172.799475,1773658357.700389,1146,395,369.794381,2.198841,0.932984,True
1902,1773658172.904246,1773658366.388834,1011,411,386.961282,1.418978,0.940347,True
1903,1773658174.032243,1773658358.504470,981,382,368.934986,1.289051,0.964950,True
1904,1773658174.800371,1773658229.030249,1138,414,108.443328,0.442471,0.261503,True
1905,1773658175.199007,1773658367.150629,1163,418,383.889055,1.575231,0.916820,True
1906,1773658175.200208,1773658382.300210,1087,417,414.166695,30.099966,0.923237,True
1907,1773658175.536435,1773658393.159653,1138,517,435.233076,1.503062,0.840562,True
1908,1773658175.645265,1773658347.089277,1160,468,342.883570,1.218767,0.731616,True
1909,1773658175.757165,1773658217.316562,21,165,83.108542,9.118100,0.451161,True
1910,1773658175.940586,1773658356.593498,1091,378,361.304454,2.333407,0.952178,True
1911,1773658176.065258,1773658377.993256,1149,407,403.854573,21.330193,0.942178,True
1912,1773658176.401966,1773658228.439293,1378,85,104.064043,2.245195,1.212129,True
1913,1773658176.559415,1773658383.238718,1013,397,413.353045,41.046442,0.940168,True
1914,1773658176.732678,1773658229.961979,1053,408,106.444547,0.505483,0.260293,True
1915,1773658176.953633,1773658329.811564,1049,398,305.703919,1.057061,0.767372,True
1916,1773658177.160377,1773658215.314198,1474,94,76.286939,1.919841,0.799646,True
1917,1773658177.167598,1773658205.968418,243,14,57.574120,17.522063,3.080928,True
1918,1773658177.168772,1773658251.432446,401,95,148.480210,18.829817,1.379259,True
1919,1773658177.340423,1773658237.236716,430,106,119.773831,3.166612,1.110545,True
1920,1773658177.927911,1773658366.850632,1044,415,377.831619,2.462468,0.906689,True
1921,1773658178.545140,1773658377.552241,1179,398,398.006588,26.767963,0.935110,True
1922,1773658178.684664,1773658361.621737,1175,401,365.852578,1.450816,0.911004,True
1923,1773658179.620985,1773658255.963840,1034,395,152.675924,1.629669,0.383366,True
1924,1773658179.716636,1773658205.864032,1951,46,52.288315,3.203463,1.090774,True
1925,1773658180.077280,1773658364.292073,1134,394,368.426096,1.419680,0.933859,True
1926,1773658180.166267,1773658234.611299,415,101,108.874505,0.935500,1.079390,True
1927,1773658180.279697,1773658234.215674,1157,416,107.853741,0.525301,0.258623,True
1928,1773658180.772215,1773658310.795683,983,151,260.032379,51.798812,1.388224,True
1929,1773658180.909735,1773658238.706381,1059,448,115.587238,0.407564,0.257673,True
1930,1773658181.037922,1773658358.366751,969,375,354.639107,1.537390,0.944122,True
1931,1773658181.746623,1773658192.469882,243,14,21.445030,1.597478,1.526735,True
1932,1773658181.765697,1773658354.648156,1011,373,345.756114,2.946243,0.921532,True
1933,1773658181.946788,1773658370.016275,1040,385,376.121366,1.853332,0.974656,True
1934,1773658182.586912,1773658338.816216,1047,419,312.444906,0.990667,0.745106,True
1935,1773658182.851422,1773658360.707841,1135,396,355.703104,1.606802,0.896446,True
1936,1773658183.196823,1773658377.108162,1162,401,387.821074,16.928959,0.927230,True
1937,1773658183.196995,1773658271.689461,1150,395,176.961305,1.051306,0.446472,True
1938,1773658183.904689,1773658272.066524,20,177,176.317913,2.341580,0.988502,True
1939,1773658184.161484,1773658235.823253,379,70,103.312120,11.854927,1.325467,True
1940,1773658184.400270,1773658361.438563,1106,396,354.064779,1.784732,0.891848,True
1941,1773658185.133372,1773658253.092566,414,95,135.908425,14.988388,1.286383,True
1942,1773658185.307827,1773658386.895718,1072,415,403.160747,33.111101,0.893840,True
1943,1773658186.401042,1773658193.409014,238,14,14.002244,0.576077,1.032782,True
1944,1773658186.508756,1773658222.989198,385,87,72.953238,0.688856,0.840284,True
1945,1773658187.169261,1773658196.608917,322,18,18.873358,0.420496,1.085462,True
1946,1773658187.248130,1773658337.873017,1026,396,301.234356,1.280368,0.759377,True
1947,1773658187.861121,1773658365.940130,970,403,356.150347,1.591210,0.881988,True
1948,1773658188.163835,1773658206.304497,1378,85,36.267530,1.133023,0.418268,True
1949,1773658188.524845,1773658272.349847,13,172,167.628190,1.359872,0.972329,True
1950,1773658188.598632,1773658368.057070,1004,388,358.896070,1.286626,0.924055,True
1951,1773658188.748812,1773658356.123413,980,372,334.739659,2.245836,0.896210,True
1952,1773658190.129802,1773658290.775891,1102,530,201.281232,0.922537,0.378750,True
1953,1773658190.293918,1773658339.133580,1005,394,297.657228,0.988347,0.754883,True
1954,1773658190.579514,1773658237.488592,403,94,93.806424,1.069027,0.997176,True
1955,1773658191.065377,1773658400.931651,1169,451,419.719043,36.797976,0.850936,True
1956,1773658191.144296,1773658378.056392,1140,397,373.822981,17.223853,0.900503,True
1957,1773658191.255949,1773658242.915473,1083,395,103.310928,0.491714,0.260962,True
1958,1773658191.615751,1773658339.822314,1034,398,296.397986,1.069217,0.743901,True
1959,1773658192.110869,1773658241.302100,404,131,98.374689,1.088674,0.748354,True
1960,1773658192.233092,1773658248.015054,1073,422,111.547660,0.482550,0.263813,True
1961,1773658192.304207,1773658212.118834,243,14,39.607758,16.053852,1.811839,True
1962,1773658192.808593,1773658398.814458,1146,389,412.002210,54.706037,0.920866,True
1963,1773658193.087626,1773658372.749411,1017,394,359.307616,1.244910,0.911101,True
1964,1773658193.696981,1773658374.243820,1164,395,361.077981,2.313209,0.910570,True
1965,1773658193.815710,1773658255.798294,1312,156,123.957508,1.252078,0.791648,True
1966,1773658194.502041,1773658372.069275,1096,396,355.112891,1.570669,0.895044,True
1967,1773658194.947667,1773658287.183762,983,151,184.459710,7.083446,1.182508,True
1968,1773658195.505906,1773658345.542453,1050,412,300.071664,0.969711,0.727742,True
1969,1773658195.757742,1773658213.731742,399,87,35.934049,0.476316,0.412299,True
1970,1773658195.874685,1773658270.655210,404,118,149.555448,15.374108,1.146849,True
1971,1773658196.511533,1773658234.436961,1992,91,75.835337,6.177774,0.773973,True
1972,1773658196.646969,1773658345.669599,1163,409,298.028351,1.451191,0.726905,True
1973,1773658196.869900,1773658276.066443,1103,577,158.385399,0.516997,0.274077,True
1974,1773658197.664480,1773658405.610053,1123,651,415.875360,10.311270,0.623945,True
1975,1773658197.678082,1773658342.409441,1032,396,289.453115,1.197205,0.729762,True
1976,1773658197.766215,1773658207.198505,315,18,18.844169,0.707006,1.066892,True
1977,1773658197.796402,1773658227.189698,1316,151,58.780357,1.057480,0.384819,True
1978,1773658197.953120,1773658250.867527,1014,398,105.822711,0.394706,0.265562,True
1979,1773658198.452919,1773658386.087850,1071,426,375.268464,8.739025,0.862422,True
1980,1773658198.481158,1773658408.115673,1069,523,419.260304,1.250696,0.800785,True
1981,1773658198.907171,1773658245.769261,421,93,93.712554,0.841211,1.009471,True
1982,1773658199.470823,1773658220.835732,1474,109,42.711668,1.164883,0.384692,True
1983,1773658200.196741,1773658375.665056,1097,393,350.917163,2.727537,0.888239,True
1984,1773658200.610238,1773658385.695416,1086,419,370.164686,2.320908,0.880009,True
1985,1773658201.819369,1773658203.564546,238,14,3.472402,0.222729,0.249975,True
1986,1773658201.825570,1773658377.804405,1088,382,351.929991,11.866802,0.892554,True
1987,1773658202.020025,1773658313.509810,1088,417,222.957519,30.277798,0.463172,True
1988,1773658202.142331,1773658225.025707,724,40,45.760855,1.218105,1.142122,True
1989,1773658202.962878,1773658376.439029,1151,404,346.942669,1.954173,0.856051,True
1990,1773658203.123622,1773658320.938862,1101,385,235.628726,44.330611,0.498172,True
1991,1773658203.488776,1773658280.468690,1090,558,153.955628,0.485547,0.275530,True
1992,1773658204.293322,1773658383.504805,960,413,358.421695,1.220169,0.866994,True
1993,1773658204.966584,1773658290.873527,1094,411,171.806078,9.972041,0.394717,True
1994,1773658205.789731,1773658345.851773,1111,396,280.114501,1.010799,0.706592,True
1995,1773658205.865672,1773658258.584646,1316,140,105.429347,3.333065,0.734506,True
1996,1773658207.237670,1773658375.343674,1094,377,336.205315,1.616842,0.889863,True
1997,1773658207.772958,1773658238.295634,403,86,61.044033,2.865862,0.684449,True
1998,1773658208.705095,1773658280.526072,1316,149,143.629654,1.547255,0.960016,True
1999,1773658211.138524,1773658393.728891,1114,442,365.165087,3.253704,0.820661,True
2000,1773658211.788576,1773658240.674411,1323,213,57.752862,0.530124,0.269919,True
2001,1773658212.002861,1773658248.134959,397,181,72.253772,0.408554,0.399140,True
2002,1773658212.231788,1773658397.515852,1069,419,370.550584,15.629564,0.849093,True
2003,1773658213.712962,1773658311.045436,1316,207,194.643545,6.709127,0.912303,True
2004,1773658213.790903,1773658257.694149,374,76,87.789695,0.718242,1.160953,True
2005,1773658214.914244,1773658380.878763,994,396,331.910819,1.343786,0.836879,True
2006,1773658214.974884,1773658274.380546,1961,96,118.807955,7.597691,1.170634,True
2007,1773658215.624974,1773658287.062698,961,388,142.859325,0.760777,0.367180,True
2008,1773658215.641392,1773658263.196233,397,94,95.106334,1.468872,1.006854,True
2009,1773658215.669181,1773658349.249834,1053,380,267.147875,1.075840,0.702037,True
2010,1773658215.948400,1773658290.521980,1314,111,149.135142,16.667342,1.204253,True
2011,1773658216.340976,1773658392.285557,1131,432,351.877497,4.086117,0.806941,True
2012,1773658217.037978,1773658389.613072,1198,394,345.140334,16.421662,0.836434,True
2013,1773658217.864403,1773658386.851159,1074,377,337.955575,9.742679,0.872907,True
2014,1773658218.047247,1773658286.255583,44,121,136.410894,0.797623,1.130111,True
2015,1773658218.151788,1773658232.167003,738,10,28.024828,11.196748,1.869787,True
2016,1773658218.228537,1773658222.687349,738,10,8.916130,1.051761,0.873819,True
2017,1773658219.486912,1773658255.391994,738,20,71.796732,25.138978,2.455671,True
2018,1773658219.837681,1773658392.087613,1026,418,344.478182,1.216930,0.823168,True
2019,1773658220.025900,1773658382.821863,1040,399,325.570287,1.846072,0.813377,True
2020,1773658220.942643,1773658280.585190,1133,414,119.262784,0.437778,0.287712,True
2021,1773658221.274162,1773658277.626774,808,43,112.697424,35.046783,1.848825,True
2022,1773658221.305123,1773658237.669540,373,78,32.719370,0.472229,0.418794,True
2023,1773658221.564008,1773658252.804193,1138,80,62.465009,1.028982,0.777671,True
2024,1773658221.668615,1773658275.648896,1133,379,107.948101,0.527282,0.284182,True
2025,1773658222.021332,1773658224.565727,120,12,5.070877,0.351120,0.429069,True
2026,1773658222.354147,1773658281.760355,1073,419,118.796130,0.463610,0.283092,True
2027,1773658223.272161,1773658398.266273,1128,428,349.966452,11.675193,0.792251,True
2028,1773658223.595608,1773658233.983826,1020,74,20.774887,0.473256,0.278105,True
2029,1773658223.895971,1773658393.934101,1124,411,340.070736,5.105300,0.816989,True
2030,1773658223.931654,1773658279.932346,1048,396,111.981415,0.563397,0.282071,True
2031,1773658223.932840,1773658388.966764,1013,394,330.029836,1.724157,0.835383,True
2032,1773658225.518372,1773658234.679177,376,69,18.306581,0.255622,0.265455,True
2033,1773658225.958930,1773658302.186010,1148,393,152.440240,0.937188,0.386487,True
2034,1773658226.511144,1773658303.681209,1018,391,154.318040,2.596797,0.389029,True
2035,1773658226.687777,1773658273.530268,1337,79,93.677407,8.636587,1.090267,True
2036,1773658226.949839,1773658251.709450,1099,57,49.497600,1.233083,0.861866,True
2037,1773658227.090832,1773658282.871726,1051,396,111.547400,0.548687,0.281009,True
2038,1773658227.100243,1773658410.452845,1138,398,366.689678,28.632204,0.851530,True
2039,1773658227.523006,1773658280.468848,1148,375,105.870070,0.608219,0.281449,True
2040,1773658228.146970,1773658242.510984,424,114,28.724195,0.230556,0.252156,True
2041,1773658228.306558,1773658245.251702,388,80,33.872679,0.931880,0.416972,True
2042,1773658228.366773,1773658391.580751,1091,397,326.405057,1.420150,0.820669,True
2043,1773658228.463795,1773658263.218773,1484,88,69.492544,1.531095,0.781166,True
2044,1773658229.797409,1773658342.261669,1312,181,224.916474,21.480948,1.130197,True
2045,1773658229.924690,1773658401.975026,1031,403,344.089167,13.261664,0.822954,True
2046,1773658230.444718,1773658365.074202,1089,402,269.257541,1.159145,0.668575,True
2047,1773658232.093389,1773658307.444570,1135,390,150.688507,1.179610,0.384342,True
2048,1773658232.169752,1773658292.407486,391,87,120.469948,11.019721,1.272677,True
2049,1773658232.357165,1773658311.133366,974,406,157.548553,1.456989,0.385411,True
2050,1773658232.587643,1773658389.384533,1013,396,313.587898,1.516989,0.790053,True
2051,1773658233.136137,1773658357.440800,1316,150,248.593672,64.771766,1.233704,True
2052,1773658233.317965,1773658399.675073,1084,429,332.708694,2.409915,0.771726,True
2053,1773658233.437230,1773658398.025329,1162,390,329.162673,16.043161,0.804934,True
2054,1773658233.774132,1773658309.250383,1061,117,150.944528,11.797963,1.199539,True
2055,1773658233.815497,1773658398.754469,1046,427,329.868449,3.181254,0.766871,True
2056,1773658234.655704,1773658436.226537,1183,501,403.136105,26.095385,0.754081,True
2057,1773658234.777585,1773658286.964681,1182,372,104.359745,0.442034,0.280102,True
2058,1773658234.906400,1773658311.476568,1167,398,153.138679,1.007577,0.383202,True
2059,1773658234.949125,1773658264.753433,381,76,59.586085,0.614033,0.786294,True
2060,1773658235.182288,1773658407.865814,1198,405,345.353269,17.743564,0.810915,True
2061,1773658235.211996,1773658367.474360,1006,397,264.507194,1.262297,0.664760,True
2062,1773658235.642295,1773658392.081210,1026,385,312.866220,10.522903,0.787352,True
2063,1773658235.704930,1773658426.850531,1022,413,382.278443,81.599514,0.729803,True
2064,1773658235.884623,1773658249.996818,900,102,28.205906,0.440528,0.274905,True
2065,1773658237.126255,1773658275.254215,911,97,76.252312,1.101949,0.782816,True
2066,1773658237.465774,1773658401.176414,1096,398,327.407474,21.971875,0.769359,True
2067,1773658237.656410,1773658306.729365,389,87,138.135987,25.062092,1.314813,True
2068,1773658237.949750,1773658349.281039,1102,420,222.654222,0.927376,0.529181,True
2069,1773658238.222535,1773658391.241159,1010,391,306.029785,1.646685,0.780469,True
2070,1773658238.394231,1773658406.212069,1148,398,335.617771,30.851382,0.767674,True
2071,1773658238.497975,1773658398.630558,1024,396,320.242383,16.806886,0.768191,True
2072,1773658238.720395,1773658423.531021,1023,394,369.599556,78.579585,0.740509,True
2073,1773658238.746381,1773658267.327064,242,14,57.149228,23.970912,2.552178,True
2074,1773658238.859221,1773658316.036894,1144,396,154.337241,0.944620,0.388336,True
2075,1773658239.528386,1773658303.354310,995,449,127.635958,0.441558,0.283916,True
2076,1773658239.628958,1773658402.260588,1082,411,325.261668,15.686811,0.755061,True
2077,1773658239.767797,1773658317.529504,1020,74,155.506775,37.630621,1.614742,True
2078,1773658240.083303,1773658402.260845,989,392,324.342376,25.158230,0.765177,True
2079,1773658240.774032,1773658334.396057,1717,28,187.230556,82.780602,3.868517,True
2080,1773658241.212817,1773658366.699259,1013,373,250.971034,1.104852,0.671683,True
2081,1773658241.374126,1773658379.740411,1051,427,276.716921,1.742688,0.645479,True
2082,1773658241.740231,1773658267.803794,382,64,52.115423,1.839010,0.798038,True
2083,1773658242.070514,1773658351.168055,1313,204,218.173519,8.218199,1.034263,True
2084,1773658242.843709,1773658257.186583,381,88,28.665655,0.289579,0.326162,True
2085,1773658242.888002,1773658403.573898,1051,538,321.356373,1.267940,0.596068,True
2086,1773658243.043260,1773658247.900285,243,14,9.698512,0.485131,0.708722,True
2087,1773658243.122955,1773658270.371135,1337,79,54.494681,13.848867,0.521100,True
2088,1773658243.431151,1773658316.230468,401,164,145.588793,0.947463,0.887370,True
2089,1773658243.826642,1773658249.918303,120,12,12.168664,1.692086,0.952416,True
2090,1773658243.857758,1773658300.355628,1130,398,112.979668,0.509120,0.283301,True
2091,1773658243.857867,1773658371.297729,1134,393,254.843201,1.516720,0.646241,True
2092,1773658243.893623,1773658359.415900,1053,385,231.036637,44.337146,0.486197,True
2093,1773658244.091581,1773658371.718849,1015,393,255.246842,0.834707,0.649011,True
2094,1773658244.218877,1773658343.675652,25,165,198.912159,18.503844,1.100051,True
2095,1773658244.392401,1773658308.855449,1168,453,128.915812,0.530829,0.284038,True
2096,1773658244.765710,1773658406.987727,1023,396,324.432350,10.672372,0.794329,True
2097,1773658245.286962,1773658431.224573,964,476,371.861627,22.688298,0.735102,True
2098,1773658245.352903,1773658280.819879,1360,90,70.926136,19.207731,0.581106,True
2099,1773658245.413674,1773658410.162239,1048,397,329.487848,17.749683,0.787218,True
2100,1773658245.671336,1773658383.483312,996,441,275.612329,0.973444,0.624179,True
2101,1773658245.738142,1773658259.806196,890,89,28.133545,0.406044,0.315085,True
2102,1773658245.742695,1773658377.781114,1135,415,264.064213,1.776481,0.633545,True
2103,1773658245.856315,1773658279.966369,408,100,68.204026,1.026477,0.678561,True
2104,1773658245.927518,1773658301.896882,1266,397,111.916822,0.736871,0.280757,True
2105,1773658246.447319,1773658307.158143,403,89,121.417760,8.994835,1.277533,True
2106,1773658246.703305,1773658412.263147,1127,398,331.107933,21.272937,0.780441,True
2107,1773658246.825560,1773658280.869382,390,79,68.069817,19.012110,0.628945,True
2108,1773658248.111136,1773658303.951267,1084,390,111.667498,0.363855,0.286128,True
2109,1773658248.723343,1773658410.349567,963,399,323.251185,11.024244,0.784490,True
2110,1773658249.170151,1773658306.316609,404,128,114.276291,1.165213,0.890638,True
2111,1773658249.321964,1773658409.308515,1201,396,319.965509,31.194904,0.731065,True
2112,1773658249.502030,1773658415.342001,1115,418,331.678623,13.665340,0.762622,True
2113,1773658250.061669,1773658375.709720,1025,397,251.280358,1.056462,0.631879,True
2114,1773658251.499332,1773658268.921730,418,113,34.835990,0.290833,0.308439,True
2115,1773658251.537244,1773658357.592916,984,409,212.093684,29.994310,0.446322,True
2116,1773658251.803634,1773658363.563611,1150,394,223.511667,40.193727,0.466458,True
2117,1773658252.175406,1773658307.076608,1011,384,109.780482,0.440014,0.285484,True
2118,1773658252.866834,1773658407.615680,1149,383,309.477632,15.390679,0.769861,True
2119,1773658252.941540,1773658324.984898,408,103,144.070448,20.432406,1.212138,True
2120,1773658253.122832,1773658286.177770,386,67,66.102336,4.780274,0.929122,True
2121,1773658254.012868,1773658312.387601,1196,410,116.727055,0.607504,0.283911,True
2122,1773658254.330173,1773658408.612687,1008,414,308.557528,3.572846,0.738462,True
2123,1773658254.567893,1773658384.296107,985,421,259.448745,0.902395,0.615587,True
2124,1773658254.699529,1773658419.583906,988,432,329.751088,10.663741,0.740342,True
2125,1773658254.831520,1773658312.680356,1027,414,115.691326,0.466313,0.278995,True
2126,1773658254.831623,1773658410.223755,1042,394,310.758030,10.527285,0.763946,True
2127,1773658254.944676,1773658309.620557,1071,384,109.343794,0.564405,0.284019,True
2128,1773658254.981980,1773658380.740025,1093,401,251.499110,1.733607,0.624414,True
2129,1773658255.276106,1773658445.097634,1171,523,379.641564,19.513833,0.689900,True
2130,1773658255.607391,1773658426.485989,1048,433,341.747465,26.063740,0.730749,True
2131,1773658255.640109,1773658267.712677,1821,84,24.137323,0.706354,0.282301,True
2132,1773658256.002324,1773658296.885004,388,98,81.751194,2.398340,0.818071,True
2133,1773658256.022308,1773658314.833398,1047,99,117.606361,6.693319,1.131766,True
2134,1773658256.909746,1773658307.424798,21,138,101.028893,0.449572,0.734156,True
2135,1773658257.735236,1773658440.346603,971,444,365.204458,18.253040,0.783186,True
2136,1773658257.917247,1773658317.106421,1185,434,118.365352,0.529364,0.272139,True
2137,1773658259.005475,1773658420.376848,1231,396,322.731189,24.640786,0.754659,True
2138,1773658259.305525,1773658274.803483,413,113,30.976909,0.246142,0.274382,True
2139,1773658259.926553,1773658422.625558,1255,414,325.380211,26.159353,0.724506,True
2140,1773658260.476511,1773658327.337086,922,104,133.715478,12.398697,1.177833,True
2141,1773658260.638100,1773658410.259695,1080,375,299.225011,19.873389,0.746929,True
2142,1773658260.869707,1773658299.969224,383,48,78.179978,12.502860,1.397385,True
2143,1773658261.572247,1773658266.755038,120,12,10.343457,0.419527,0.902175,True
2144,1773658261.617220,1773658318.833764,376,84,114.417095,11.756930,1.236869,True
2145,1773658261.707588,1773658335.712813,1315,199,148.008981,1.377935,0.740561,True
2146,1773658261.752720,1773658334.128034,36,130,144.734246,3.611312,1.093976,True
2147,1773658262.333959,1773658332.039191,422,67,139.388513,35.267631,1.577589,True
2148,1773658262.448956,1773658278.121906,374,44,31.344572,1.274242,0.699310,True
2149,1773658262.758949,1773658275.768466,1360,94,26.015299,0.527325,0.274064,True
2150,1773658263.048257,1773658418.231756,1076,396,310.359477,23.042611,0.727384,True
2151,1773658263.080205,1773658328.638173,1313,137,131.108880,1.728095,0.951329,True
2152,1773658263.485930,1773658313.298280,890,89,99.610791,5.896883,1.064931,True
2153,1773658263.556158,1773658317.106689,1161,395,107.098032,0.468670,0.270633,True
2154,1773658264.258649,1773658328.158270,382,86,127.793364,23.376119,1.228438,True
2155,1773658264.621027,1773658275.887652,397,86,22.523328,0.241102,0.262144,True
2156,1773658264.749433,1773658298.318004,420,88,67.117325,0.818078,0.762060,True
2157,1773658264.946264,1773658410.140136,1062,397,290.366743,18.690464,0.686051,True
2158,1773658265.241850,1773658381.852761,1122,377,233.207882,1.527967,0.616170,True
2159,1773658265.738591,1773658325.719334,1099,420,119.949318,2.390192,0.280571,True
2160,1773658267.147734,1773658404.956019,1048,379,275.604909,9.000064,0.705304,True
2161,1773658267.899076,1773658415.618455,1055,413,295.431268,1.434969,0.713583,True
2162,1773658269.244772,1773658278.440425,1006,44,18.371627,0.829041,0.407967,True
2163,1773658269.442077,1773658296.379738,1670,117,53.857323,3.482962,0.434262,True
2164,1773658269.543642,1773658311.300984,411,81,83.489610,0.640208,1.035618,True
2165,1773658270.296379,1773658285.571797,1757,45,30.549263,1.661044,0.656550,True
2166,1773658270.313185,1773658328.462072,999,419,116.287871,0.427518,0.277178,True
2167,1773658270.494754,1773658276.213636,247,14,11.415955,1.691783,0.748013,True
2168,1773658270.682441,1773658387.544218,1020,388,233.722260,2.389879,0.597758,True
2169,1773658270.838217,1773658330.674026,442,99,119.665840,5.312608,1.166870,True
2170,1773658271.055446,1773658279.378064,324,18,16.633526,0.754398,0.934066,True
2171,1773658271.253567,1773658422.421976,1009,410,302.323283,33.480491,0.657317,True
2172,1773658271.295103,1773658286.964361,391,104,31.321635,0.289692,0.301281,True
2173,1773658272.785694,1773658349.946708,1313,157,154.320385,10.860818,0.919613,True
2174,1773658273.724915,1773658375.794596,1317,198,204.123600,26.089044,0.903729,True
2175,1773658273.732553,1773658334.853017,386,99,122.218190,15.175003,1.092277,True
2176,1773658273.831985,1773658350.704341,1043,401,153.732769,0.933789,0.381997,True
2177,1773658274.162592,1773658313.043582,1165,45,77.743763,18.260095,1.351902,True
2178,1773658274.343554,1773658356.317122,1028,414,163.937238,4.907900,0.385059,True
2179,1773658274.942709,1773658347.624381,1821,143,145.361662,5.433747,0.985408,True
2180,1773658276.032838,1773658294.429248,237,14,36.771362,15.958399,1.600997,True
2181,1773658276.331518,1773658371.652325,1151,434,190.631566,19.609940,0.394969,True
2182,1773658277.600328,1773658366.122362,1484,159,177.023350,25.030898,0.961978,True
2183,1773658277.934716,1773658329.176486,427,93,102.474433,2.947712,1.081812,True
2184,1773658278.133961,1773658422.597103,1207,400,288.918824,32.005099,0.643894,True
2185,1773658278.263532,1773658421.657515,1001,407,286.766346,10.644477,0.680103,True
2186,1773658278.526109,1773658302.671041,50,168,48.269107,0.138669,0.288206,True
2187,1773658278.672015,1773658284.692653,1381,40,12.018911,0.701126,0.290200,True
2188,1773658279.288130,1773658292.527445,396,93,26.476772,0.276639,0.284784,True
2189,1773658280.087083,1773658413.283813,1040,396,266.376563,8.268145,0.653439,True
2190,1773658280.150162,1773658292.527698,394,88,24.737656,0.185350,0.282210,True
2191,1773658280.367918,1773658336.329983,378,48,111.903422,29.764628,1.747634,True
2192,1773658281.342154,1773658441.067929,1307,501,319.446000,33.129532,0.572633,True
2193,1773658281.781587,1773658422.260912,974,402,280.945171,9.745919,0.676307,True
2194,1773658281.803710,1773658411.407631,1129,467,259.196328,1.142202,0.553764,True
2195,1773658282.088681,1773658395.262077,1040,388,226.340515,1.692329,0.580486,True
2196,1773658282.373393,1773658429.939050,1159,405,295.113551,49.459915,0.608054,True
2197,1773658282.520527,1773658421.397447,946,398,277.740265,1.321381,0.696269,True
2198,1773658282.941743,1773658339.279580,967,419,112.652698,0.447820,0.268433,True
2199,1773658284.010835,1773658364.637418,1109,383,161.241188,13.374767,0.387085,True
2200,1773658284.294982,1773658450.578655,1171,526,332.559553,1.686245,0.630235,True
2201,1773658284.308239,1773658349.674803,1670,65,130.729437,40.017645,1.417372,True
2202,1773658285.565228,1773658399.165926,1039,399,227.191951,1.237852,0.567724,True
2203,1773658286.042726,1773658424.498515,1184,405,276.901985,1.642901,0.681334,True
2204,1773658286.177549,1773658308.420022,421,99,44.472107,2.050722,0.432871,True
2205,1773658286.204120,1773658372.182047,1046,398,171.954095,16.796455,0.390825,True
2206,1773658286.386914,1773658433.063590,1034,428,293.339684,42.138027,0.588294,True
2207,1773658286.561982,1773658342.261678,373,93,111.397998,16.078999,1.036076,True
2208,1773658286.891309,1773658303.833375,890,115,33.873081,0.311186,0.294403,True
2209,1773658287.288426,1773658306.852194,377,51,39.117928,1.246242,0.757434,True
2210,1773658287.580903,1773658345.533346,426,126,115.903383,1.321162,0.916658,True
2211,1773658287.598586,1773658320.706486,1508,76,66.208251,1.518157,0.862535,True
2212,1773658288.127263,1773658402.958548,1059,410,229.650995,2.164208,0.556202,True
2213,1773658289.328654,1773658343.884271,1196,410,109.109021,0.597686,0.265309,True
2214,1773658289.976122,1773658404.710414,1072,419,229.463922,1.501096,0.545366,True
2215,1773658290.222569,1773658440.074974,1020,394,299.694802,41.590943,0.656753,True
2216,1773658290.346966,1773658343.845113,26,150,106.983749,0.323378,0.715841,True
2217,1773658290.399039,1773658361.028029,1045,378,141.241745,2.211816,0.368780,True
2218,1773658290.804057,1773658348.900850,1116,446,116.191858,0.509234,0.259961,True
2219,1773658291.156736,1773658345.949632,1084,418,109.567804,0.598564,0.261317,True
2220,1773658291.162972,1773658354.139505,1338,195,125.925046,1.690595,0.640384,True
2221,1773658291.304448,1773658355.994058,1137,509,129.365299,0.679172,0.253319,True
2222,1773658291.910123,1773658382.262050,1130,468,180.698235,12.845712,0.359427,True
2223,1773658292.195529,1773658338.672318,387,82,92.935657,0.655562,1.139260,True
2224,1773658292.643849,1773658344.916960,1087,402,104.537886,0.509160,0.259423,True
2225,1773658293.791341,1773658416.331555,1075,395,245.076919,1.369901,0.618546,True
2226,1773658293.943282,1773658375.320367,1131,396,162.736461,14.375178,0.375598,True
2227,1773658295.282232,1773658314.960370,1353,144,39.350128,0.602030,0.270966,True
2228,1773658295.504620,1773658348.698907,1484,159,106.371751,1.519202,0.663624,True
2229,1773658296.878370,1773658426.680134,1183,384,259.591960,1.766900,0.673172,True
2230,1773658297.061276,1773658361.700274,1318,148,129.257967,1.928899,0.866184,True
2231,1773658298.866188,1773658333.347896,1907,90,68.947603,1.921337,0.753104,True
2232,1773658299.540260,1773658332.449514,401,82,65.800657,2.772600,0.778124,True
2233,1773658300.266150,1773658337.986526,1961,95,75.430971,22.712336,0.560837,True
2234,1773658300.294612,1773658344.658419,403,135,88.710337,22.680170,0.492762,True
2235,1773658300.296364,1773658335.713144,389,100,70.797620,1.876953,0.696168,True
2236,1773658300.313480,1773658346.383744,399,101,92.117821,0.613274,0.915045,True
2237,1773658300.384913,1773658414.227821,953,375,227.676373,1.073373,0.605890,True
2238,1773658300.596240,1773658434.557688,1066,431,267.911324,3.477808,0.614962,True
2239,1773658300.678562,1773658303.653395,298,18,5.934043,0.167626,0.339201,True
2240,1773658300.712581,1773658408.017576,1146,413,214.600286,1.348597,0.517601,True
2241,1773658301.232390,1773658373.414996,1178,607,144.353488,0.472571,0.237427,True
2242,1773658301.640471,1773658376.599270,1066,388,149.911438,10.654069,0.359838,True
2243,1773658301.640615,1773658426.184881,1248,378,249.061112,8.857023,0.637146,True
2244,1773658301.683783,1773658328.841734,387,68,54.311553,1.087906,0.794383,True
2245,1773658301.911322,1773658430.682014,1027,392,257.529907,1.461625,0.654906,True
2246,1773658302.066458,1773658355.432203,858,107,106.714237,36.724659,0.660279,True
2247,1773658302.340248,1773658454.207312,1052,413,303.724074,48.473595,0.619540,True
2248,1773658302.612284,1773658354.774455,1034,417,104.318408,0.496603,0.249572,True
2249,1773658302.711257,1773658379.943885,1038,394,154.449136,14.210048,0.356842,True
2250,1773658303.121420,1773658306.465065,120,12,6.685563,0.503445,0.562011,True
2251,1773658303.185132,1773658319.217437,435,117,32.042207,0.276770,0.273840,True
2252,1773658305.012268,1773658438.123829,1190,403,266.204296,16.079640,0.622201,True
2253,1773658305.163737,1773658345.862911,955,68,81.388858,11.640801,1.041016,True
2254,1773658305.240902,1773658357.388613,1248,423,104.290612,0.530485,0.245877,True
2255,1773658305.895229,1773658349.252475,406,96,86.695598,0.758147,0.904605,True
2256,1773658305.940856,1773658356.372228,1093,411,100.850217,0.524190,0.244698,True
2257,1773658306.247801,1773658316.641006,434,82,20.776467,0.462698,0.250787,True
2258,1773658307.311726,1773658334.492059,368,72,54.350615,0.520021,0.758177,True
2259,1773658307.709472,1773658372.275300,988,375,129.125722,1.522969,0.341184,True
2260,1773658307.895793,1773658349.029827,418,95,82.260327,2.243291,0.851245,True
2261,1773658307.964907,1773658334.237016,1531,70,52.527518,1.550764,0.738794,True
2262,1773658308.048117,1773658426.098332,1135,410,236.084942,10.700819,0.551061,True
2263,1773658308.985789,1773658353.868907,1142,79,89.758530,21.325130,0.877351,True
2264,1773658309.234095,1773658405.663816,1189,378,192.846735,1.571114,0.507362,True
2265,1773658310.354824,1773658324.195457,394,97,27.679305,0.201134,0.286231,True
2266,1773658310.468054,1773658429.132298,1147,498,237.323016,1.592427,0.474307,True
2267,1773658310.653202,1773658443.721575,985,427,266.122466,2.289316,0.619327,True
2268,1773658310.826488,1773658354.461670,1047,99,87.268439,2.378341,0.866225,True
2269,1773658310.877295,1773658436.164508,1128,410,250.565577,3.659613,0.603682,True
2270,1773658310.878495,1773658346.944522,647,74,72.103858,2.057117,0.959544,True
2271,1773658311.131746,1773658408.068890,972,388,193.849672,1.998938,0.495738,True
2272,1773658311.315386,1773658323.709774,242,14,24.774993,1.505899,1.789930,True
2273,1773658311.520632,1773658441.829299,1048,412,260.598079,14.953384,0.597676,True
2274,1773658311.705515,1773658443.952505,1062,394,264.472407,26.516418,0.605486,True
2275,1773658311.814514,1773658354.211878,396,97,84.782874,2.147669,0.860783,True
2276,1773658311.817718,1773658354.461829,431,99,85.259586,1.985003,0.849741,True
2277,1773658312.473784,1773658340.515764,405,92,56.082519,1.322290,0.601761,True
2278,1773658312.680067,1773658359.032561,959,384,92.698368,0.406847,0.240970,True
2279,1773658313.431704,1773658352.355740,387,68,77.841596,13.049200,0.967051,True
2280,1773658313.571708,1773658381.896089,1254,419,136.633086,1.186759,0.324034,True
2281,1773658313.948992,1773658329.405811,396,75,30.905851,1.163258,0.401927,True
2282,1773658315.009204,1773658452.439373,1100,424,274.848780,28.327095,0.582794,True
2283,1773658315.718650,1773658442.695337,1028,408,253.931606,14.737432,0.587701,True
2284,1773658316.248987,1773658429.600742,955,394,226.702162,19.860585,0.526314,True
2285,1773658316.453348,1773658339.279732,19,178,45.642536,0.124010,0.257167,True
2286,1773658316.727967,1773658335.902728,373,60,38.342736,0.538543,0.640749,True
2287,1773658316.928285,1773658439.087502,1023,396,244.297436,1.547319,0.614557,True
2288,1773658316.931052,1773658443.171352,1105,407,252.444480,7.911021,0.602299,True
2289,1773658316.980099,1773658447.823682,1028,379,261.666283,26.716561,0.621560,True
2290,1773658317.733179,1773658354.087126,1907,84,72.706547,4.096173,0.826631,True
2291,1773658317.783397,1773658364.696624,1028,396,93.820488,0.961296,0.235087,True
2292,1773658317.801783,1773658373.074839,1364,480,110.534559,0.939903,0.228799,True
2293,1773658317.902730,1773658456.055112,1034,417,276.286507,36.560320,0.576265,True
2294,1773658318.336996,1773658417.093626,1084,414,197.492447,1.254509,0.475152,True
2295,1773658318.543396,1773658325.250922,378,45,13.412577,0.378211,0.296236,True
2296,1773658318.903970,1773658341.512111,1028,55,45.204025,1.244872,0.814058,True
2297,1773658319.100302,1773658364.900635,1103,396,91.590117,0.439745,0.230760,True
2298,1773658319.451186,1773658338.699458,1314,156,38.480654,0.699289,0.243751,True
2299,1773658319.499581,1773658363.539997,404,91,88.079492,10.966749,0.856808,True
2300,1773658319.734677,1773658364.332554,1002,388,89.181645,0.855774,0.228232,True
2301,1773658320.059842,1773658463.481034,1128,502,286.834764,7.629879,0.557295,True
2302,1773658321.008496,1773658439.638513,1018,395,237.246951,2.126267,0.596753,True
2303,1773658321.219998,1773658330.336907,840,45,18.221088,2.491960,0.357480,True
2304,1773658322.201454,1773658389.157525,449,119,133.902431,36.019069,0.829520,True
2305,1773658322.550109,1773658393.539223,376,145,141.976879,31.921440,0.764274,True
2306,1773658322.730100,1773658440.133409,1030,393,234.793057,10.735789,0.571575,True
2307,1773658322.751559,1773658372.877275,374,79,100.237836,25.368258,0.959866,True
2308,1773658322.873423,1773658342.343005,1992,66,38.917727,2.200905,0.564874,True
2309,1773658323.618888,1773658415.130789,957,388,183.012187,2.431163,0.466618,True
2310,1773658323.658080,1773658436.829850,1043,377,226.325622,2.525142,0.595214,True
2311,1773658324.004639,1773658375.035718,864,129,102.049858,7.030516,0.742339,True
2312,1773658325.321874,1773658399.941421,1150,395,149.237649,20.387931,0.327030,True
2313,1773658325.939312,1773658354.323212,386,69,56.766338,10.170212,0.685237,True
2314,1773658326.048751,1773658328.964961,325,18,5.815101,0.411297,0.317871,True
