RequestID,ArrivalTime,CompletionTime,InputTokens,OutputTokens,Latency,TTFT,TPOT,Success
0,1773641600.506178,1773641613.671298,374,44,25.543733,0.674135,0.578363,True
1,1773641600.506355,1773641624.601691,396,109,47.382650,2.301020,0.417422,True
2,1773641600.506437,1773641615.247648,879,55,28.652696,1.476119,0.503270,True
3,1773641600.506499,1773641610.068971,91,16,18.273333,0.642669,1.175378,True
4,1773641600.506554,1773641609.909313,91,16,17.932364,2.268158,1.044280,True
5,1773641600.506608,1773641620.378623,381,84,38.848730,1.482850,0.450191,True
6,1773641600.506660,1773641646.423277,1313,142,90.916840,2.827482,0.624747,True
7,1773641600.506711,1773641628.988848,388,84,56.025415,1.599753,0.655731,True
8,1773641600.506761,1773641619.698205,242,14,37.421918,6.549355,2.374813,True
9,1773641600.506824,1773641641.517375,209,152,81.038023,1.527150,0.526562,True
10,1773641600.506874,1773641638.314122,394,124,74.609549,6.527046,0.553516,True
11,1773641600.506925,1773641625.423652,394,59,48.808057,6.516707,0.729161,True
12,1773641600.507001,1773641644.366045,1315,174,86.670460,6.324648,0.464427,True
13,1773641600.507053,1773641621.296609,389,90,40.509367,1.355523,0.439931,True
14,1773641600.507103,1773641644.219439,415,106,86.333335,2.002301,0.803153,True
15,1773641600.507154,1773641609.153853,120,12,16.180043,0.953167,1.384261,True
16,1773641600.507204,1773641640.860342,369,74,79.572066,9.484891,0.960098,True
17,1773641600.507253,1773641632.494041,206,162,62.817725,2.126187,0.376966,True
18,1773641600.507302,1773641648.499888,1353,142,94.809194,9.175485,0.607331,True
19,1773641600.507352,1773641649.669620,197,152,97.126056,9.452811,0.580618,True
20,1773641600.507401,1773641643.204015,181,154,84.174215,6.419401,0.508201,True
21,1773641600.507450,1773641627.990798,388,54,53.725305,6.227216,0.896190,True
22,1773641600.507504,1773641630.505614,203,147,58.734160,1.258962,0.393666,True
23,1773641600.507557,1773641648.259907,126,194,94.221481,6.387467,0.455099,True
24,1773641600.507608,1773641633.016662,389,87,63.712850,6.195141,0.668811,True
25,1773641600.507657,1773641609.881175,91,16,17.419888,1.265881,1.076934,True
26,1773641600.507710,1773641626.278563,181,123,50.192899,0.835070,0.404572,True
27,1773641600.507761,1773641649.680015,191,217,96.974637,6.163115,0.420424,True
28,1773641600.507811,1773641656.303571,27,183,110.199919,9.068444,0.555667,True
29,1773641600.507864,1773641658.452461,203,217,114.478429,9.346300,0.486723,True
30,1773641600.507913,1773641628.478964,398,81,54.509349,6.311995,0.602467,True
31,1773641600.507983,1773641644.894276,126,172,87.317626,1.459639,0.502093,True
32,1773641600.508034,1773641646.178280,209,181,89.863603,6.289927,0.464298,True
33,1773641600.508084,1773641636.163568,209,181,69.811833,1.953705,0.376990,True
34,1773641600.508133,1773641634.699861,28,175,66.863695,1.129414,0.377783,True
35,1773641600.508182,1773641633.127484,437,88,63.698101,6.076996,0.662312,True
36,1773641600.508244,1773641643.752582,181,104,84.926318,8.981482,0.737329,True
37,1773641600.508295,1773641629.181225,203,138,55.761087,1.136140,0.398722,True
38,1773641600.508343,1773641634.981423,200,177,67.340358,0.705808,0.378605,True
39,1773641600.508392,1773641624.142322,91,16,45.641609,6.406027,2.615705,True
40,1773641600.508440,1773641678.958000,1087,401,155.251159,6.395378,0.372139,True
41,1773641600.508492,1773641617.282510,382,64,31.878988,1.093762,0.488654,True
42,1773641600.508541,1773641623.044089,412,102,43.379894,1.857064,0.411117,True
43,1773641600.508588,1773641658.452588,194,217,114.175170,9.194359,0.486022,True
44,1773641600.508641,1773641659.074135,203,217,115.395904,8.895295,0.493058,True
45,1773641600.508699,1773641651.787857,200,217,100.800925,6.340646,0.437316,True
46,1773641600.508748,1773641634.517032,64,174,66.237710,0.999126,0.377102,True
47,1773641600.508795,1773641626.278824,458,123,49.738588,0.607889,0.402711,True
48,1773641600.508843,1773641631.607797,1352,158,60.376133,1.791480,0.373151,True
49,1773641600.508891,1773641682.936977,874,404,163.013923,8.841065,0.382563,True
50,1773641600.508960,1773641616.105175,378,58,29.326571,0.995132,0.497043,True
51,1773641600.509012,1773641610.068683,91,16,17.231705,0.564169,1.111169,True
52,1773641600.509060,1773641640.562406,389,89,78.197665,8.807643,0.788523,True
53,1773641600.509107,1773641654.970770,212,183,106.992231,9.084747,0.537953,True
54,1773641600.509155,1773641671.451960,1085,394,139.933214,5.870264,0.341127,True
55,1773641600.509201,1773641627.926711,407,131,52.862379,0.941397,0.399392,True
56,1773641600.509248,1773641632.149221,396,82,61.285110,6.221322,0.679800,True
57,1773641600.509294,1773641667.400192,1029,399,131.766387,0.880279,0.328860,True
58,1773641600.509342,1773641684.555678,962,399,166.056614,9.032106,0.394534,True
59,1773641600.509407,1773641649.680007,203,217,96.282223,5.816943,0.418821,True
60,1773641600.509459,1773641621.487238,898,94,39.877014,1.662641,0.410907,True
61,1773641600.509507,1773641646.458717,181,253,89.798767,0.457509,0.354529,True
62,1773641600.509554,1773641622.680104,320,18,42.219035,5.784880,2.143186,True
63,1773641600.509602,1773641685.424758,1119,414,167.688161,8.690136,0.384983,True
64,1773641600.509648,1773641643.536960,124,157,83.889146,5.944182,0.499647,True
65,1773641600.509694,1773641653.136320,1313,179,103.067126,8.956408,0.528712,True
66,1773641600.509745,1773641673.735421,1096,383,144.243016,8.657261,0.354937,True
67,1773641600.509793,1773641623.606308,400,102,43.963655,2.869950,0.406868,True
68,1773641600.509840,1773641691.121467,1057,424,178.972081,6.092075,0.408700,True
69,1773641600.509886,1773641643.600763,203,162,83.906111,6.080660,0.483388,True
70,1773641600.509950,1773641640.649220,1314,216,77.984011,4.525675,0.341667,True
71,1773641600.510002,1773641630.395566,2,93,57.454850,5.868423,0.560722,True
72,1773641600.510054,1773641687.721611,1065,409,172.085117,8.880576,0.400011,True
73,1773641600.510102,1773641616.224146,372,60,29.068115,2.804657,0.445143,True
74,1773641600.510149,1773641666.354887,1104,394,129.309037,3.451121,0.320249,True
75,1773641600.510195,1773641671.227909,1075,415,139.033031,1.603090,0.331956,True
76,1773641600.510242,1773641668.904299,1225,372,134.365425,5.814638,0.346498,True
77,1773641600.510293,1773641695.080832,1118,426,186.696567,8.826593,0.418518,True
78,1773641600.510340,1773641633.389684,380,102,63.292837,5.793260,0.569303,True
79,1773641600.510387,1773641671.889489,1133,385,140.271573,5.782717,0.350231,True
80,1773641600.510435,1773641634.404044,42,167,65.279978,3.387513,0.372846,True
81,1773641600.510483,1773641671.989500,1140,377,140.430261,8.496372,0.350888,True
82,1773641600.510530,1773641638.996088,126,203,74.420775,4.397446,0.346650,True
83,1773641600.510577,1773641619.707833,431,84,35.822858,2.698078,0.399094,True
84,1773641600.510628,1773641688.989553,1115,421,174.364586,8.464104,0.395001,True
85,1773641600.510683,1773641635.905985,206,179,68.176336,4.365138,0.358490,True
86,1773641600.510730,1773641633.840879,400,91,64.024885,5.899546,0.645837,True
87,1773641600.510781,1773641675.455543,1123,396,147.231069,5.516163,0.358772,True
88,1773641600.510828,1773641661.723707,862,379,119.747809,2.644533,0.309797,True
89,1773641600.510876,1773641690.212913,859,422,176.705289,5.867145,0.405791,True
90,1773641600.510923,1773641677.453302,890,402,151.164354,5.665147,0.362841,True
91,1773641600.510991,1773641692.885878,1192,419,182.008595,8.677852,0.414667,True
92,1773641600.511039,1773641686.085861,899,403,168.386889,15.919632,0.379272,True
93,1773641600.511090,1773641642.504484,163,224,81.201660,4.279399,0.344943,True
94,1773641600.511140,1773641640.316124,181,212,76.802736,1.399727,0.357360,True
95,1773641600.511187,1773641621.564658,416,88,39.279442,3.226562,0.414401,True
96,1773641600.511233,1773641673.302741,1163,426,142.732939,2.558361,0.329823,True
97,1773641600.511279,1773641633.483562,243,14,63.074110,15.866004,3.631393,True
98,1773641600.511325,1773641673.857731,1041,428,143.802084,1.357723,0.333593,True
99,1773641600.511371,1773641630.895288,1350,146,57.855225,3.183985,0.377043,True
100,1773641600.511418,1773641666.297143,1104,396,128.638665,1.336700,0.322283,True
101,1773641600.511465,1773641673.407990,1127,426,142.840606,3.163581,0.328652,True
102,1773641600.511513,1773641685.305166,1114,414,166.613724,5.729338,0.389551,True
103,1773641600.511559,1773641676.100878,1083,396,148.183669,5.718630,0.360671,True
104,1773641600.511606,1773641634.326378,1313,173,64.612364,4.162740,0.351451,True
105,1773641600.511657,1773641673.724107,888,395,143.386005,5.324367,0.350410,True
106,1773641600.511703,1773641640.235325,13,130,76.385901,5.494018,0.549549,True
107,1773641600.511751,1773641620.956446,874,89,37.806636,4.662898,0.376633,True
108,1773641600.511797,1773641675.147444,1065,395,146.168018,5.472892,0.357094,True
109,1773641600.511847,1773641684.680899,1157,426,165.212714,5.280949,0.376310,True
110,1773641600.511894,1773641673.865531,1077,390,143.560012,5.450995,0.355036,True
111,1773641600.511961,1773641679.940532,1149,411,155.689057,10.396662,0.354372,True
112,1773641600.512017,1773641663.712534,996,389,123.210786,2.387299,0.311401,True
113,1773641600.512065,1773641665.097104,990,394,125.958242,4.064904,0.310161,True
114,1773641600.512119,1773641636.771812,197,183,69.285079,3.022247,0.364081,True
115,1773641600.512166,1773641659.073978,197,217,113.867108,8.131164,0.489518,True
116,1773641600.512213,1773641679.437886,1378,407,154.573465,9.939903,0.356240,True
117,1773641600.512259,1773641688.989727,1214,421,173.655220,15.010997,0.377724,True
118,1773641600.512305,1773641660.760103,1016,375,117.175898,2.322094,0.307096,True
119,1773641600.512351,1773641666.493232,1186,398,128.620665,4.000159,0.313906,True
120,1773641600.512397,1773641692.099078,1100,426,179.810506,5.533614,0.410063,True
121,1773641600.512575,1773641651.788033,218,217,99.164972,10.474217,0.410605,True
122,1773641600.512630,1773641683.155069,1232,419,161.878145,9.874746,0.363644,True
123,1773641600.512679,1773641683.071852,975,416,161.690547,10.266073,0.364878,True
124,1773641600.512725,1773641640.955048,209,217,77.434764,4.478573,0.337760,True
125,1773641600.512773,1773641619.834807,181,85,35.173896,2.246371,0.391994,True
126,1773641600.512826,1773641674.546235,1029,388,144.574957,15.553805,0.333388,True
127,1773641600.512873,1773641688.166694,888,418,171.794214,10.409931,0.387013,True
128,1773641600.512923,1773641669.454769,1113,375,134.350455,10.212982,0.331918,True
129,1773641600.512991,1773641704.816381,1035,520,205.051570,9.800156,0.376207,True
130,1773641600.513038,1773641672.419376,1009,425,140.235501,3.881387,0.321590,True
131,1773641600.513085,1773641697.002803,869,450,189.381020,14.860841,0.388686,True
132,1773641600.513133,1773641693.211869,1183,431,181.778234,14.850028,0.388205,True
133,1773641600.513179,1773641675.027360,972,395,145.386777,10.345463,0.342744,True
134,1773641600.513233,1773641667.300375,1097,396,129.911366,2.806739,0.321784,True
135,1773641600.513285,1773641656.303327,206,183,107.892885,14.817037,0.511406,True
136,1773641600.513332,1773641639.803430,181,208,74.873307,4.349394,0.340695,True
137,1773641600.513392,1773641638.955541,1316,200,73.157568,2.774435,0.353684,True
138,1773641600.513440,1773641691.339639,908,456,177.903004,10.104472,0.368788,True
139,1773641600.513491,1773641671.403795,1094,422,138.010319,4.903084,0.316169,True
140,1773641600.513536,1773641684.632735,996,422,164.447263,10.083116,0.366661,True
141,1773641600.513583,1773641640.562558,420,89,76.284276,14.752769,0.699222,True
142,1773641600.513627,1773641672.075872,1112,385,139.290843,15.381797,0.322680,True
143,1773641600.513677,1773641675.455740,1133,396,146.027225,9.649516,0.345260,True
144,1773641600.513723,1773641668.409048,890,403,131.913596,4.263653,0.317537,True
145,1773641600.513773,1773641613.147214,833,36,21.368159,5.087918,0.465150,True
146,1773641600.513819,1773641673.365299,1093,426,141.783658,3.709369,0.324881,True
147,1773641600.513865,1773641639.964417,206,211,74.961409,4.818049,0.334016,True
148,1773641600.513915,1773641699.490616,898,454,193.993289,10.185201,0.405757,True
149,1773641600.513982,1773641635.368472,1312,180,65.728223,4.211498,0.343669,True
150,1773641600.514030,1773641679.133474,1129,396,153.234817,15.296493,0.349211,True
151,1773641600.514077,1773641618.083633,375,67,31.114030,5.024639,0.395294,True
152,1773641600.514123,1773641672.419526,862,425,139.763460,5.433425,0.316816,True
153,1773641600.514169,1773641646.672581,167,179,88.249686,10.131793,0.438865,True
154,1773641600.514220,1773641670.669011,914,414,136.221202,4.157533,0.319767,True
155,1773641600.514267,1773641649.680011,209,217,94.222072,9.522349,0.392128,True
156,1773641600.514313,1773641728.440707,982,594,251.723361,14.593745,0.399881,True
157,1773641600.514366,1773641642.663572,200,161,80.146890,9.500967,0.441537,True
158,1773641600.514413,1773641651.807825,1313,156,98.415050,14.572622,0.540919,True
159,1773641600.514459,1773641686.500277,999,416,167.778185,10.068248,0.380024,True
160,1773641600.514509,1773641681.863037,1084,397,158.482771,15.190471,0.361849,True
161,1773641600.514556,1773641634.522524,399,106,63.779536,9.859942,0.513520,True
162,1773641600.514606,1773641702.219029,1065,594,199.151514,4.907869,0.327561,True
163,1773641600.514650,1773641691.722163,1036,446,178.137299,9.437418,0.379101,True
164,1773641600.514696,1773641682.988074,1243,398,160.647150,15.147528,0.366498,True
165,1773641600.514751,1773641671.684465,1128,384,138.018659,15.137030,0.320840,True
166,1773641600.514801,1773641670.820244,1000,375,136.267699,9.993350,0.337632,True
167,1773641600.514848,1773641638.276903,992,56,71.159481,21.984733,0.894086,True
168,1773641600.514898,1773641639.294969,920,87,73.174262,14.465178,0.682664,True
169,1773641600.514966,1773641663.259673,1040,388,121.082595,4.583241,0.301032,True
170,1773641600.515016,1773641642.825505,411,101,80.193186,14.443786,0.657494,True
171,1773641600.515069,1773641620.929270,900,91,36.379602,5.231481,0.346090,True
172,1773641600.515119,1773641672.481439,1018,425,139.462214,4.551253,0.318186,True
173,1773641600.515165,1773641631.595679,395,99,57.669368,9.731451,0.489162,True
174,1773641600.515212,1773641649.680000,209,217,93.815470,9.318936,0.391188,True
175,1773641600.515262,1773641636.341874,181,113,67.117969,9.709450,0.512576,True
176,1773641600.515309,1773641669.858006,1118,414,134.128229,5.177154,0.312230,True
177,1773641600.515355,1773641664.860837,972,392,124.112652,4.497054,0.305922,True
178,1773641600.515404,1773641624.589090,1847,53,43.546993,9.677055,0.651345,True
179,1773641600.515450,1773641642.696361,392,96,79.739713,21.855170,0.609311,True
180,1773641600.515501,1773641641.256747,197,217,76.838834,5.133548,0.331969,True
181,1773641600.515547,1773641681.550120,975,409,157.403476,9.831153,0.361697,True
182,1773641600.515593,1773641677.178899,1025,443,148.640378,3.857378,0.327563,True
183,1773641600.515646,1773641677.562713,1027,388,149.387510,21.312291,0.330944,True
184,1773641600.515698,1773641681.550112,1143,409,157.341008,9.799804,0.361621,True
185,1773641600.515745,1773641665.702882,1028,394,125.624561,4.411090,0.308431,True
186,1773641600.515791,1773641668.043601,874,402,130.285715,5.070160,0.312258,True
187,1773641600.515837,1773641704.309671,997,492,202.796547,21.269945,0.369708,True
188,1773641600.515882,1773641661.812385,72,245,117.779271,21.759444,0.393524,True
189,1773641600.515928,1773641667.807056,851,397,129.747598,4.617855,0.315984,True
190,1773641600.515996,1773641621.629738,408,91,37.371789,3.772388,0.373327,True
191,1773641600.516043,1773641711.716883,1113,531,217.524284,21.226871,0.370372,True
192,1773641600.516089,1773641654.137685,1313,170,102.345045,21.216200,0.480052,True
193,1773641600.516143,1773641673.303020,1083,426,140.653173,4.325622,0.320771,True
194,1773641600.516191,1773641671.451851,1139,394,136.931055,9.104842,0.325258,True
195,1773641600.516237,1773641689.265439,978,437,172.537956,13.927449,0.363786,True
196,1773641600.516288,1773641630.895440,26,146,55.775327,4.543868,0.353320,True
197,1773641600.516334,1773641635.514605,386,61,64.994067,21.163774,0.730505,True
198,1773641600.516381,1773641680.770306,1074,411,155.483506,13.895195,0.345337,True
199,1773641600.516433,1773641643.600849,209,162,81.121402,9.640507,0.443981,True
200,1773641600.516481,1773641679.105385,1099,455,152.112186,3.666636,0.326973,True
201,1773641600.516527,1773641622.660185,120,12,39.199253,9.619184,2.689097,True
202,1773641600.516577,1773641644.254903,126,173,82.368092,13.852852,0.398344,True
203,1773641600.516623,1773641629.744519,416,140,53.325383,4.469479,0.351481,True
204,1773641600.516669,1773641628.880373,394,83,51.575088,13.697343,0.461924,True
205,1773641600.516715,1773641681.436387,1043,399,156.666553,21.078237,0.340674,True
206,1773641600.516760,1773641675.455733,1099,396,144.681236,13.809681,0.331320,True
207,1773641600.516805,1773641633.841065,857,91,61.431267,14.019008,0.526803,True
208,1773641600.516851,1773641640.954918,209,217,75.637917,3.580294,0.333600,True
209,1773641600.516897,1773641666.487452,1109,365,126.681581,13.777150,0.310177,True
210,1773641600.516962,1773641695.138950,993,441,183.963539,13.987118,0.386310,True
211,1773641600.517022,1773641688.166847,888,418,169.998170,13.976590,0.374152,True
212,1773641600.517070,1773641664.358774,1141,388,122.361739,4.373380,0.304879,True
213,1773641600.517120,1773641665.672761,1067,394,124.968979,4.564232,0.306373,True
214,1773641600.517166,1773641690.770432,1116,423,175.143908,20.982909,0.365310,True
215,1773641600.517213,1773641637.483047,416,79,68.548184,20.972411,0.609946,True
216,1773641600.517259,1773641706.254076,1126,520,206.067358,13.570170,0.370900,True
217,1773641600.517309,1773641645.506384,203,179,84.552270,13.693558,0.398083,True
218,1773641600.517365,1773641648.565327,379,144,90.648322,21.440833,0.483968,True
219,1773641600.517414,1773641644.018722,56,164,81.532589,13.891740,0.414975,True
220,1773641600.517468,1773641690.907148,1232,410,175.289058,21.419190,0.376210,True
221,1773641600.517518,1773641644.089628,209,162,81.631763,13.516222,0.423078,True
222,1773641600.517566,1773641642.775497,206,162,78.981252,13.638995,0.405853,True
223,1773641600.517612,1773641668.542561,1083,378,130.493038,13.627723,0.309988,True
224,1773641600.517659,1773641645.948146,171,183,85.280738,13.616594,0.393759,True
225,1773641600.517705,1773641696.388043,982,429,186.141060,21.364185,0.384993,True
226,1773641600.517751,1773641627.990716,374,54,49.325279,13.595837,0.674140,True
227,1773641600.517798,1773641684.058009,1019,413,161.437543,27.099007,0.326064,True
228,1773641600.517848,1773641658.116322,126,205,109.532921,27.088618,0.404139,True
229,1773641600.517898,1773641679.235394,1147,396,151.750326,27.077975,0.315626,True
230,1773641600.517967,1773641685.969738,1078,428,165.196421,13.552341,0.355138,True
231,1773641600.518016,1773641682.071729,883,413,157.379738,13.408241,0.349445,True
232,1773641600.518070,1773641659.074240,169,217,111.362949,27.046000,0.390356,True
233,1773641600.518118,1773641687.456811,1094,429,168.108076,17.397370,0.352128,True
234,1773641600.518164,1773641685.952230,1001,427,165.077115,13.376139,0.356106,True
235,1773641600.518211,1773641630.395255,391,93,53.940664,13.365455,0.441035,True
236,1773641600.518258,1773641670.497994,1085,388,134.125393,17.364987,0.301706,True
237,1773641600.518305,1773641673.724116,1064,395,140.555854,17.354169,0.312695,True
238,1773641600.518355,1773641679.940715,1070,411,152.966247,13.332671,0.340570,True
239,1773641600.518402,1773641723.692837,972,575,240.449060,26.970214,0.371914,True
240,1773641600.518448,1773641677.701211,1099,394,148.444854,21.203085,0.323770,True
241,1773641600.518494,1773641675.917144,980,384,144.856221,26.949239,0.307851,True
242,1773641600.518541,1773641676.239219,1057,393,145.479353,21.182337,0.317084,True
243,1773641600.518588,1773641687.721765,1082,409,168.422826,21.171870,0.360909,True
244,1773641600.518632,1773641676.935518,1072,400,146.830351,13.269626,0.334739,True
245,1773641600.518678,1773641631.487114,385,98,55.912903,13.259498,0.439726,True
246,1773641600.518724,1773641646.344368,78,141,85.605450,21.140025,0.460467,True
247,1773641600.518775,1773641642.741888,412,100,78.378937,26.886051,0.520130,True
248,1773641600.518828,1773641672.980718,1027,388,138.835192,14.709705,0.320738,True
249,1773641600.518875,1773641694.649428,1146,466,182.150587,17.226148,0.354676,True
250,1773641600.518926,1773641687.011294,994,419,166.852498,26.853126,0.334927,True
251,1773641600.518995,1773641645.447360,846,108,83.702843,26.842278,0.531407,True
252,1773641600.519042,1773641687.114244,1140,430,167.015258,14.666461,0.355125,True
253,1773641600.519089,1773641729.431277,1059,649,251.628401,27.447741,0.345958,True
254,1773641600.519145,1773641656.303581,1354,200,105.350744,27.436526,0.391529,True
255,1773641600.519192,1773641652.511255,167,171,97.745480,27.426316,0.413642,True
256,1773641600.519247,1773641626.888620,1792,50,46.479716,17.151450,0.598536,True
257,1773641600.519295,1773641639.380156,40,134,71.440083,17.141065,0.408263,True
258,1773641600.519343,1773641643.355810,407,104,79.372470,27.394925,0.504636,True
259,1773641600.519391,1773641683.290409,1065,411,159.220650,13.463916,0.355504,True
260,1773641600.519547,1773641661.523540,181,241,115.664879,27.373662,0.367880,True
261,1773641600.519601,1773641639.866536,1314,137,72.330039,13.443134,0.432992,True
262,1773641600.519650,1773641638.876612,181,128,70.329856,13.432353,0.448012,True
263,1773641600.519704,1773641650.878122,163,205,94.311476,14.550673,0.390984,True
264,1773641600.519756,1773641635.000853,2,93,62.536913,13.411571,0.533971,True
265,1773641600.519806,1773641649.542861,1314,203,91.599898,13.400811,0.387124,True
266,1773641600.519854,1773641674.221975,1056,394,140.935431,17.677932,0.313632,True
267,1773641600.519901,1773641696.010236,978,442,184.490292,17.667381,0.378283,True
268,1773641600.519968,1773641720.182548,1217,565,232.814238,27.289401,0.364406,True
269,1773641600.520018,1773641677.725998,1056,398,147.879736,17.646076,0.328044,True
270,1773641600.520065,1773641697.790391,951,445,187.987204,17.635501,0.383675,True
271,1773641600.520112,1773641678.958097,1233,401,150.300863,17.624458,0.331691,True
272,1773641600.520159,1773641651.001163,1317,169,94.365928,27.246315,0.399522,True
273,1773641600.520206,1773641713.182525,1103,520,218.708469,27.236154,0.368925,True
274,1773641600.520258,1773641670.820094,887,375,133.962570,17.593327,0.311148,True
275,1773641600.520305,1773641679.133467,1123,396,150.568096,28.507034,0.309015,True
276,1773641600.520352,1773641664.301058,1095,379,110.272360,0.524590,0.290338,True
277,1773641600.520399,1773641675.483852,1079,419,131.200663,0.499642,0.312682,True
278,1773641600.520449,1773641675.831888,1073,420,131.833241,0.489545,0.313469,True
279,1773641600.520496,1773641674.422602,1147,413,128.706079,0.867297,0.310288,True
280,1773641600.520550,1773641638.378493,212,183,56.596991,0.856718,0.306265,True
281,1773641600.520605,1773641625.736996,411,81,25.163441,0.291342,0.310901,True
282,1773641600.520653,1773641626.590763,380,76,25.823251,0.284683,0.340514,True
283,1773641600.520701,1773641690.831215,990,468,151.165534,0.460911,0.322708,True
284,1773641600.520748,1773641682.054302,1106,414,131.886162,0.533450,0.318045,True
285,1773641600.520795,1773641678.859413,1117,396,125.249228,0.516410,0.315779,True
286,1773641600.520843,1773641680.041133,1147,396,125.515600,0.541667,0.316390,True
287,1773641600.520888,1773641645.585886,127,178,55.002668,0.264120,0.309257,True
288,1773641600.520954,1773641689.179239,1021,428,138.958452,0.758167,0.323654,True
289,1773641600.521005,1773641682.498813,1081,394,125.576593,0.490096,0.318286,True
290,1773641600.521054,1773641686.834127,1104,394,133.980815,0.759405,0.338986,True
291,1773641600.521101,1773641688.264041,1149,429,135.754992,0.500437,0.316015,True
292,1773641600.521148,1773641635.311647,399,86,28.761042,0.296711,0.334874,True
293,1773641600.521195,1773641682.718373,1127,385,123.512168,0.533798,0.320256,True
294,1773641600.521243,1773641634.699853,766,85,26.790252,0.392925,0.314254,True
295,1773641600.521289,1773641684.333909,1073,396,125.687665,0.645396,0.316563,True
296,1773641600.521341,1773641623.952719,91,16,4.758340,0.237897,0.301363,True
297,1773641600.521398,1773641685.638798,922,402,128.007865,0.466273,0.318059,True
298,1773641600.521451,1773641654.031879,1314,220,62.729739,1.141987,0.281223,True
299,1773641600.521498,1773641681.839112,1049,396,118.302568,0.785012,0.297513,True
300,1773641600.521545,1773641686.897853,1048,399,127.693531,0.485639,0.319618,True
301,1773641600.521592,1773641713.398784,1180,404,179.578859,0.531527,0.444286,True
302,1773641600.521639,1773641656.417525,194,217,64.907241,0.244457,0.299365,True
303,1773641600.521686,1773641684.780143,1063,396,121.262092,0.783637,0.305009,True
304,1773641600.521732,1773641657.957330,206,217,66.725816,0.286420,0.307590,True
305,1773641600.521779,1773641685.533345,1083,386,121.855333,0.494388,0.315223,True
306,1773641600.521830,1773641699.547348,1016,436,148.245304,0.768590,0.339027,True
307,1773641600.521876,1773641693.008536,958,427,134.525217,0.463461,0.314699,True
308,1773641600.521923,1773641628.503652,91,16,4.443871,0.300674,0.276213,True
309,1773641600.521990,1773641629.117305,335,18,5.649154,0.289513,0.315273,True
310,1773641600.522039,1773641686.359165,895,114,119.528538,36.993352,0.730400,True
311,1773641600.522087,1773641712.574186,1004,532,171.354841,0.762996,0.321265,True
312,1773641600.522134,1773641660.333985,194,223,64.808290,0.251890,0.290795,True
313,1773641600.522186,1773641697.100043,1001,427,138.197156,1.478640,0.320935,True
314,1773641600.522233,1773641690.748486,954,390,125.473232,1.468394,0.318779,True
315,1773641600.522279,1773641660.971799,203,217,64.965614,0.281426,0.299464,True
316,1773641600.522327,1773641690.760592,980,385,124.500507,0.473954,0.322986,True
317,1773641600.522374,1773641634.631849,91,24,11.480704,0.219600,0.489613,True
318,1773641600.522420,1773641647.276700,428,102,36.561499,0.417760,0.357859,True
319,1773641600.522471,1773641645.840573,878,110,33.440962,0.358590,0.303508,True
320,1773641600.522518,1773641653.450110,212,164,48.534229,0.364970,0.295517,True
321,1773641600.522564,1773641694.691728,982,411,129.882293,0.497823,0.315572,True
322,1773641600.522611,1773641657.630869,445,174,54.449002,0.643185,0.311016,True
323,1773641600.522657,1773641645.959352,394,86,31.082707,0.632353,0.358239,True
324,1773641600.522703,1773641733.536876,1023,421,206.051158,33.984279,0.409683,True
325,1773641600.522750,1773641652.759549,1314,152,43.706822,0.916755,0.283378,True
326,1773641600.522796,1773641697.181452,1009,420,132.528714,0.905973,0.314135,True
327,1773641600.522846,1773641696.192807,1007,375,129.402871,0.768473,0.343942,True
328,1773641600.522896,1773641695.045379,1161,373,126.881708,1.455832,0.337166,True
329,1773641600.522967,1773641701.979423,1067,429,140.729377,0.484840,0.327674,True
330,1773641600.523018,1773641704.297405,1038,409,144.282139,0.790864,0.351694,True
331,1773641600.523066,1773641701.199607,1136,422,137.394902,0.523922,0.325109,True
332,1773641600.523113,1773641659.952524,169,217,53.867861,0.281382,0.248086,True
333,1773641600.523160,1773641635.431024,313,18,4.593995,0.411170,0.246049,True
334,1773641600.523211,1773641731.842279,1116,574,196.891732,0.795342,0.342228,True
335,1773641600.523258,1773641710.374704,1240,501,153.768451,1.308455,0.304920,True
336,1773641600.523305,1773641645.112231,1060,58,22.532736,1.041033,0.377047,True
337,1773641600.523355,1773641661.011501,209,167,54.310773,1.030538,0.320965,True
338,1773641600.523406,1773641649.529620,428,108,30.384744,0.293206,0.281229,True
339,1773641600.523453,1773641708.448663,1093,414,148.079416,4.936467,0.346593,True
340,1773641600.523502,1773641763.663816,1045,585,258.276961,29.970269,0.390936,True
341,1773641600.523549,1773641652.186680,435,111,35.302137,0.477779,0.316585,True
342,1773641600.523596,1773641700.734439,1037,390,132.189191,1.042633,0.337138,True
343,1773641600.523643,1773641683.879055,422,95,98.354503,30.332748,0.723636,True
344,1773641600.523689,1773641702.509815,1313,201,135.595735,31.476697,0.520595,True
345,1773641600.523739,1773641699.279455,1184,394,128.590131,0.814883,0.325128,True
346,1773641600.523789,1773641714.566869,1001,396,159.122321,11.116165,0.374699,True
347,1773641600.523836,1773641697.903412,890,387,125.165363,0.450860,0.323095,True
348,1773641600.523885,1773641655.737014,181,140,40.727277,0.557527,0.288991,True
349,1773641600.523948,1773641701.441588,1119,397,132.009332,0.826838,0.331269,True
350,1773641600.524000,1773641650.481130,407,92,29.923160,0.529367,0.323009,True
351,1773641600.524048,1773641707.024193,1188,388,142.217736,5.213026,0.354017,True
352,1773641600.524096,1773641720.193048,1016,375,168.049759,5.458245,0.434737,True
353,1773641600.524142,1773641707.809011,1095,417,142.923311,0.863573,0.341490,True
354,1773641600.524189,1773641717.723041,1027,395,161.890322,16.363177,0.369358,True
355,1773641600.524235,1773641714.391037,1102,455,153.794696,1.208247,0.336093,True
356,1773641600.524282,1773641707.386391,1026,429,138.198280,1.128747,0.320256,True
357,1773641600.524328,1773641648.259746,1996,70,19.881579,1.359214,0.268440,True
358,1773641600.524376,1773641669.755688,1314,139,62.748394,3.156815,0.431823,True
359,1773641600.524423,1773641667.741735,181,173,57.726417,7.243479,0.293505,True
360,1773641600.524470,1773641728.865549,1049,397,179.801319,26.406766,0.387360,True
361,1773641600.524518,1773641735.537688,1132,414,193.061161,28.208600,0.399159,True
362,1773641600.524565,1773641700.051444,1088,386,121.506496,1.177237,0.312544,True
363,1773641600.524617,1773641663.935602,125,205,49.089349,0.231596,0.239499,True
364,1773641600.524668,1773641686.014191,206,167,92.405409,1.726801,0.546257,True
365,1773641600.524715,1773641656.223488,376,73,32.696589,6.246685,0.367360,True
366,1773641600.524762,1773641701.915664,127,198,123.890534,26.218467,0.495797,True
367,1773641600.524809,1773641654.582785,404,109,28.687338,0.408522,0.261841,True
368,1773641600.524857,1773641733.462812,1026,409,186.277218,25.731257,0.393495,True
369,1773641600.524906,1773641702.366213,1199,394,123.599967,1.327482,0.311126,True
370,1773641600.524975,1773641643.836224,91,16,6.519182,1.317049,0.346809,True
371,1773641600.525024,1773641738.271430,1013,422,195.223039,27.751341,0.397795,True
372,1773641600.525071,1773641715.994838,990,392,150.247943,7.534221,0.364997,True
373,1773641600.525118,1773641704.130747,1314,200,126.335108,25.809519,0.505154,True
374,1773641600.525164,1773641751.702775,1069,499,221.456820,27.831028,0.388807,True
375,1773641600.525211,1773641758.683272,1017,519,234.837758,29.200632,0.396983,True
376,1773641600.525258,1773641664.255830,200,183,45.471199,1.511316,0.241538,True
377,1773641600.525305,1773641707.024202,124,204,129.031096,27.956241,0.497906,True
378,1773641600.525367,1773641720.758609,895,393,156.186507,2.287134,0.392600,True
379,1773641600.525418,1773641662.894927,399,112,40.374443,6.326651,0.306737,True
380,1773641600.525465,1773641657.297042,410,95,29.093994,0.507948,0.304107,True
381,1773641600.525517,1773641731.292079,1107,388,177.017918,7.719502,0.437464,True
382,1773641600.525564,1773641667.831290,212,217,49.995402,0.663228,0.228390,True
383,1773641600.525612,1773641714.002918,1007,385,141.585258,3.627260,0.359266,True
384,1773641600.525658,1773641763.914470,1052,652,241.115555,8.995981,0.356558,True
385,1773641600.525706,1773641716.540696,1143,388,145.985521,6.126384,0.361393,True
386,1773641600.525752,1773641650.691816,307,18,14.160433,3.301542,0.638758,True
387,1773641600.525799,1773641661.336725,392,91,35.428703,6.630066,0.319985,True
388,1773641600.525845,1773641665.853706,129,185,44.190672,0.225885,0.238939,True
389,1773641600.525892,1773641663.953953,129,159,40.224180,0.291104,0.252741,True
390,1773641600.525964,1773641726.148739,936,431,164.238414,8.367770,0.362490,True
391,1773641600.526027,1773641678.952127,128,205,69.719927,5.581887,0.314402,True
392,1773641600.526077,1773641705.959150,1025,388,123.457219,1.130318,0.316090,True
393,1773641600.526124,1773641711.477140,203,217,134.431215,6.239982,0.593478,True
394,1773641600.526171,1773641698.836902,431,97,108.920949,26.436578,0.859212,True
395,1773641600.526218,1773641732.171587,1000,396,174.551469,9.804008,0.417082,True
396,1773641600.526265,1773641770.834722,1045,496,251.436814,29.803371,0.447744,True
397,1773641600.526312,1773641666.633144,165,192,42.350938,0.239193,0.220480,True
398,1773641600.526363,1773641746.717457,1163,429,202.411405,28.101509,0.407266,True
399,1773641600.526529,1773641762.519649,1143,580,233.849552,21.463616,0.366815,True
400,1773641600.526587,1773641728.865381,1012,389,166.040731,21.839367,0.371653,True
401,1773641600.526636,1773641750.061647,1121,433,208.204534,27.653566,0.417942,True
402,1773641600.526684,1773641723.938591,971,373,155.937275,3.704466,0.409228,True
403,1773641600.526732,1773641741.889082,1088,377,191.402229,24.627203,0.443551,True
404,1773641600.526778,1773641733.265620,1028,498,173.819643,8.296317,0.333045,True
405,1773641600.526825,1773641674.545930,127,202,56.231793,8.221595,0.238857,True
406,1773641600.526873,1773641728.922743,1139,371,164.921365,23.843335,0.381292,True
407,1773641600.526921,1773641748.501618,1100,414,203.643644,29.313690,0.422106,True
408,1773641600.526988,1773641747.859850,1019,403,201.149550,25.373437,0.437254,True
409,1773641600.527046,1773641757.528184,1022,443,218.527278,25.385600,0.436972,True
410,1773641600.527095,1773641743.797497,1176,373,191.044154,26.333071,0.442772,True
411,1773641600.527143,1773641716.898155,1007,403,136.790447,1.126802,0.337472,True
412,1773641600.527194,1773641658.372686,382,38,19.594456,6.076020,0.365363,True
413,1773641600.527241,1773641690.894211,396,107,82.717946,20.928985,0.582915,True
414,1773641600.527289,1773641710.651645,401,147,122.211996,26.447479,0.655921,True
415,1773641600.527340,1773641668.260314,882,135,37.179807,7.456014,0.221819,True
416,1773641600.527392,1773641746.717185,1161,429,194.072817,23.931958,0.397525,True
417,1773641600.527440,1773641707.068406,21,139,114.754420,23.921483,0.658210,True
418,1773641600.527492,1773641737.204272,1053,383,175.005386,25.642071,0.391003,True
419,1773641600.527542,1773641700.776750,402,102,102.128653,25.631309,0.757399,True
420,1773641600.527589,1773641725.455897,1037,434,149.941603,1.150999,0.343627,True
421,1773641600.527637,1773641772.626767,945,504,243.848191,26.804274,0.431499,True
422,1773641600.527684,1773641750.375154,1050,403,198.989945,25.508208,0.431547,True
423,1773641600.527731,1773641735.576773,1036,386,169.144517,8.665671,0.416828,True
424,1773641600.527779,1773641748.501450,1062,413,193.405213,25.708285,0.407031,True
425,1773641600.527826,1773641719.347138,1070,398,135.075304,1.223699,0.337158,True
426,1773641600.527877,1773641717.254188,206,181,130.866776,25.687044,0.584332,True
427,1773641600.527953,1773641706.950564,419,130,109.505262,24.190509,0.661355,True
428,1773641600.528010,1773641700.424780,181,132,95.809015,7.149952,0.676787,True
429,1773641600.528059,1773641734.286911,1127,415,163.050901,15.465828,0.356486,True
430,1773641600.528108,1773641746.932067,1043,394,187.590130,21.199262,0.423386,True
431,1773641600.528156,1773641687.824975,413,95,68.735097,16.847766,0.551993,True
432,1773641600.528204,1773641740.619046,934,378,173.158496,24.591564,0.394077,True
433,1773641600.528254,1773641734.103979,1039,379,159.930502,1.140425,0.420080,True
434,1773641600.528302,1773641684.190793,91,24,59.194338,21.794480,1.626081,True
435,1773641600.528349,1773641748.334900,1017,393,186.713930,20.910152,0.422969,True
436,1773641600.528400,1773641747.284091,1007,468,183.092345,15.361352,0.359167,True
437,1773641600.528447,1773641701.184293,375,66,89.911298,22.402996,1.038589,True
438,1773641600.528495,1773641715.994983,10,146,119.364707,19.575791,0.688199,True
439,1773641600.528542,1773641748.744533,994,414,184.841228,4.083601,0.437670,True
440,1773641600.528588,1773641678.823296,298,18,44.977307,4.072487,2.406166,True
441,1773641600.528634,1773641735.200560,1002,388,157.544151,17.359411,0.362234,True
442,1773641600.528681,1773641751.934534,1021,390,189.268763,19.979334,0.435191,True
443,1773641600.528727,1773641722.222118,209,217,129.177031,18.755328,0.511212,True
444,1773641600.528774,1773641699.547338,386,96,83.156663,19.264657,0.672547,True
445,1773641600.528825,1773641757.265807,1092,415,198.281259,20.556221,0.429288,True
446,1773641600.528872,1773641715.434040,403,142,114.113547,17.510875,0.685125,True
447,1773641600.528923,1773641706.942834,415,101,96.962428,19.166117,0.777963,True
448,1773641600.528995,1773641741.672307,1013,363,166.401252,19.155667,0.406756,True
449,1773641600.529043,1773641754.642106,1014,395,191.126071,22.144744,0.428887,True
450,1773641600.529091,1773641748.744374,1034,377,179.307413,22.133559,0.418016,True
451,1773641600.529138,1773641755.337285,1002,396,192.472571,23.481500,0.427825,True
452,1773641600.529186,1773641770.238497,1149,516,220.554083,15.382061,0.398392,True
453,1773641600.529233,1773641739.066976,1112,403,157.456230,15.905041,0.352117,True
454,1773641600.529290,1773641696.199440,1314,159,70.876766,7.098192,0.403662,True
455,1773641600.529337,1773641692.050826,1917,56,62.144150,17.643602,0.809101,True
456,1773641600.529397,1773641756.269290,1043,431,190.497146,19.652894,0.397312,True
457,1773641600.529445,1773641751.230461,1032,421,179.765601,19.325419,0.382000,True
458,1773641600.529493,1773641744.642174,1093,382,166.229061,17.459134,0.390472,True
459,1773641600.529540,1773641741.459376,1173,429,159.450323,10.354539,0.348355,True
460,1773641600.529588,1773641722.221798,203,189,120.807332,17.168565,0.551270,True
461,1773641600.529635,1773641705.471999,390,97,85.131604,18.874897,0.690174,True
462,1773641600.529682,1773641689.658481,409,93,52.789270,8.824947,0.477873,True
463,1773641600.529728,1773641689.528879,402,92,51.628350,8.374118,0.475321,True
464,1773641600.529775,1773641717.472080,1354,225,107.057193,14.278493,0.414191,True
465,1773641600.529821,1773641731.292564,181,213,134.656062,18.618209,0.547348,True
466,1773641600.529867,1773641743.050050,1035,414,157.579940,13.962344,0.347742,True
467,1773641600.529919,1773641741.809921,1033,420,154.996299,11.932287,0.341442,True
468,1773641600.529991,1773641703.185104,206,179,77.640874,6.734779,0.398349,True
469,1773641600.530040,1773641741.459369,888,426,153.184376,8.217748,0.341098,True
470,1773641600.530088,1773641703.568903,209,183,76.939806,5.365249,0.393267,True
471,1773641600.530135,1773641741.437564,1102,433,151.521766,6.306078,0.336147,True
472,1773641600.530186,1773641740.783425,1007,424,150.149160,8.725604,0.334335,True
473,1773641600.530233,1773641722.237029,203,167,112.744051,17.539243,0.573523,True
474,1773641600.530280,1773641745.503128,1173,421,158.404305,14.210095,0.343320,True
475,1773641600.530330,1773641730.477422,1080,371,128.227583,5.619211,0.331374,True
476,1773641600.530388,1773641699.775216,395,92,66.565986,11.730108,0.602592,True
477,1773641600.530437,1773641787.548254,1011,677,242.091190,6.391888,0.348668,True
478,1773641600.530484,1773641692.874237,91,24,52.472305,16.765811,1.552456,True
479,1773641600.530531,1773641707.805326,209,167,81.001562,13.206868,0.408402,True
480,1773641600.530578,1773641736.275843,1159,399,137.736851,7.026803,0.328417,True
481,1773641600.530625,1773641812.541771,463,739,289.583125,12.922808,0.374878,True
482,1773641600.530671,1773641747.968313,1094,398,160.311141,14.704992,0.366766,True
483,1773641600.530722,1773641730.540716,130,199,125.413514,15.569838,0.554766,True
484,1773641600.530770,1773641701.726322,203,162,67.344055,4.840157,0.388223,True
485,1773641600.530820,1773641725.647659,206,217,114.754089,13.510354,0.468721,True
486,1773641600.530867,1773641732.663178,1003,373,128.490772,5.875202,0.329612,True
487,1773641600.530914,1773641698.725247,376,88,60.342888,9.668570,0.582463,True
488,1773641600.530982,1773641707.696620,401,125,77.582703,10.378403,0.541970,True
489,1773641600.531018,1773641759.224967,1023,427,179.534760,12.391695,0.392355,True
490,1773641600.531049,1773641711.213260,197,217,82.904615,4.532024,0.362836,True
491,1773641600.531080,1773641676.683172,91,16,13.638274,3.030628,0.707176,True
492,1773641600.531110,1773641712.574033,77,187,84.136144,7.716334,0.410859,True
493,1773641600.531140,1773641737.706639,1056,396,134.065519,4.130236,0.328950,True
494,1773641600.531169,1773641746.723429,1033,397,151.790146,12.242110,0.352394,True
495,1773641600.531199,1773641742.129017,1118,378,142.580442,12.231222,0.345754,True
496,1773641600.531229,1773641703.440843,1269,152,64.408003,6.374963,0.384325,True
497,1773641600.531258,1773641738.208113,1035,401,133.589384,3.020866,0.326421,True
498,1773641600.531288,1773641743.050231,1256,414,143.190672,6.767347,0.330323,True
499,1773641600.531322,1773641757.643175,1211,450,172.355501,8.865122,0.364121,True
500,1773641600.531351,1773641704.841239,396,89,66.292014,10.085714,0.638708,True
501,1773641600.531380,1773641685.841588,91,16,27.882608,9.949126,1.195566,True
502,1773641600.531414,1773641765.474952,1066,421,186.964796,13.356791,0.413352,True
503,1773641600.531464,1773641692.885886,91,24,41.597886,9.694448,1.387106,True
504,1773641600.531514,1773641687.857684,414,79,30.858813,0.803949,0.385319,True
505,1773641600.531551,1773641682.303262,378,52,19.727512,0.792943,0.371266,True
506,1773641600.531596,1773641697.967177,385,112,50.949923,7.012044,0.395837,True
507,1773641600.531627,1773641735.073375,1314,285,124.173848,8.862854,0.406025,True
508,1773641600.531666,1773641694.009026,401,88,41.402751,6.196386,0.404671,True
509,1773641600.531703,1773641691.691720,404,98,36.747241,1.210742,0.366356,True
510,1773641600.531748,1773641681.587262,91,16,16.434466,6.134135,0.686689,True
511,1773641600.531791,1773641718.900805,194,188,90.977788,15.356701,0.404391,True
512,1773641600.531834,1773641740.257303,1111,389,133.050363,7.776650,0.322870,True
513,1773641600.531872,1773641741.983359,1125,395,136.481521,8.863144,0.323905,True
514,1773641600.531916,1773641766.385420,1013,421,185.264222,12.883797,0.410430,True
515,1773641600.531971,1773641693.973101,847,89,40.209549,5.732208,0.391788,True
516,1773641600.532010,1773641704.226365,375,101,60.694634,7.970592,0.527240,True
517,1773641600.532061,1773641745.883600,1046,393,143.317593,10.443747,0.338964,True
518,1773641600.532092,1773641689.221483,395,58,29.583936,5.170838,0.428300,True
519,1773641600.532122,1773641704.601758,402,86,60.095459,7.227005,0.621982,True
520,1773641600.532159,1773641749.531711,1207,386,149.934069,7.216465,0.370695,True
521,1773641600.532204,1773641753.142412,997,415,156.227839,9.640427,0.354076,True
522,1773641600.532237,1773641715.532728,191,162,80.758261,6.696126,0.460013,True
523,1773641600.532269,1773641755.256699,978,430,159.588422,8.447190,0.352311,True
524,1773641600.532319,1773641719.778346,200,217,88.609754,8.436404,0.371173,True
525,1773641600.532352,1773641753.788206,1160,421,156.608920,10.263045,0.348443,True
526,1773641600.532390,1773641769.323698,1216,466,187.658194,18.024059,0.364805,True
527,1773641600.532429,1773641745.465533,912,427,139.262545,0.455009,0.325839,True
528,1773641600.532473,1773641710.561425,181,104,69.267074,10.708861,0.568526,True
529,1773641600.532505,1773641715.250133,206,162,78.276152,8.973261,0.430453,True
530,1773641600.532536,1773641753.421326,1010,396,154.352484,6.661271,0.373902,True
531,1773641600.532578,1773641688.881552,975,68,24.383677,0.538903,0.355892,True
532,1773641600.532625,1773641752.793444,1033,396,151.712219,5.803413,0.369389,True
533,1773641600.532662,1773641706.586064,163,157,58.805489,2.417589,0.361461,True
534,1773641600.532706,1773641697.531765,382,62,40.134531,6.503919,0.551322,True
535,1773641600.532751,1773641770.867728,1082,426,186.598373,11.257334,0.412567,True
536,1773641600.532800,1773641760.971397,1311,415,166.536790,6.770179,0.385910,True
537,1773641600.532838,1773641723.294138,200,217,91.120880,7.351376,0.387822,True
538,1773641600.532995,1773641695.660897,91,16,33.662679,9.996696,1.577732,True
539,1773641600.533033,1773641693.621423,181,85,29.520022,0.767353,0.342294,True
540,1773641600.533066,1773641755.488889,1004,412,153.069647,5.014071,0.360233,True
541,1773641600.533114,1773641712.415996,1315,144,66.902862,7.314178,0.416704,True
542,1773641600.533146,1773641717.031093,203,161,76.111981,7.303598,0.430052,True
543,1773641600.533176,1773641745.565408,960,403,132.905525,3.957982,0.320765,True
544,1773641600.533210,1773641750.650389,1032,387,143.012476,6.618500,0.353352,True
545,1773641600.533239,1773641755.960042,1144,396,153.610162,8.082936,0.368423,True
546,1773641600.533268,1773641717.542046,414,130,76.607620,9.587728,0.519534,True
547,1773641600.533298,1773641703.208541,399,86,47.530171,6.303352,0.485021,True
548,1773641600.533328,1773641705.421859,1113,98,50.948787,5.453126,0.469027,True
549,1773641600.533366,1773641709.408668,181,107,58.901528,6.822537,0.491311,True
550,1773641600.533399,1773641723.170419,161,193,86.236449,13.466473,0.379010,True
551,1773641600.533445,1773641749.185318,1001,398,136.822058,6.569570,0.328092,True
552,1773641600.533477,1773641699.970048,371,54,37.050717,7.381411,0.559798,True
553,1773641600.533522,1773641744.566535,1176,385,126.010766,6.382015,0.311533,True
554,1773641600.533559,1773641759.460219,1061,429,155.776447,6.371032,0.349078,True
555,1773641600.533603,1773641698.753793,886,95,34.319375,1.238475,0.351924,True
556,1773641600.533635,1773641756.796515,1137,428,149.906454,5.500693,0.338187,True
557,1773641600.533667,1773641754.633877,1245,389,145.538067,8.958974,0.352008,True
558,1773641600.533709,1773641711.788140,401,103,59.453863,13.184220,0.453624,True
559,1773641600.533745,1773641703.094386,405,83,42.024011,4.697906,0.455196,True
560,1773641600.533795,1773641712.737986,1319,169,60.859346,2.438676,0.347742,True
561,1773641600.533827,1773641755.172911,1052,429,145.338006,4.195051,0.329773,True
562,1773641600.533866,1773641686.657637,91,24,7.874410,0.475338,0.321699,True
563,1773641600.533904,1773641760.004512,1062,393,154.113299,7.655935,0.373616,True
564,1773641600.533964,1773641700.905246,2042,52,35.830971,7.833949,0.548961,True
565,1773641600.534005,1773641690.017192,328,18,13.884732,3.705690,0.598767,True
566,1773641600.534049,1773641709.057688,8,122,51.799993,5.209445,0.385046,True
567,1773641600.534088,1773641715.250407,1313,156,63.914859,6.478015,0.370560,True
568,1773641600.534139,1773641752.265833,1129,414,136.762981,3.498245,0.322675,True
569,1773641600.534174,1773641711.636380,405,110,55.145021,6.539880,0.445919,True
570,1773641600.534223,1773641708.896997,393,105,49.394299,2.580738,0.450130,True
571,1773641600.534260,1773641716.032956,167,187,63.394443,0.544842,0.337901,True
572,1773641600.534306,1773641773.324828,1040,456,177.523791,7.578113,0.373507,True
573,1773641600.534354,1773641756.125348,1113,399,142.981324,3.211888,0.351179,True
574,1773641600.534396,1773641752.285538,1042,411,135.197627,3.680366,0.320774,True
575,1773641600.534438,1773641756.269131,1180,414,142.955723,4.979716,0.334082,True
576,1773641600.534480,1773641760.873746,1069,426,151.131196,5.589051,0.342452,True
577,1773641600.534519,1773641733.409667,209,217,95.951872,5.170142,0.420286,True
578,1773641600.534563,1773641755.632008,1065,426,140.189695,0.490106,0.328705,True
579,1773641600.534601,1773641714.346750,128,173,57.407102,0.245841,0.332333,True
580,1773641600.534644,1773641762.122182,1037,415,152.543650,3.944128,0.358936,True
581,1773641600.534681,1773641763.376329,966,403,154.846784,5.985513,0.370302,True
582,1773641600.534718,1773641705.757562,380,99,39.566272,2.392745,0.379322,True
583,1773641600.534758,1773641749.329310,1087,396,126.626725,0.511864,0.319278,True
584,1773641600.534787,1773641722.697764,218,179,73.217527,6.052018,0.377334,True
585,1773641600.534816,1773641699.649660,387,75,26.565669,1.015452,0.345273,True
586,1773641600.534846,1773641777.651193,1000,498,182.280182,5.365098,0.355966,True
587,1773641600.534876,1773641706.586349,383,114,39.842723,0.289479,0.350029,True
588,1773641600.534906,1773641757.864747,1093,429,142.048985,0.752531,0.330132,True
589,1773641600.534959,1773641751.214656,1262,390,128.621974,4.457337,0.319189,True
590,1773641600.534998,1773641775.900670,1473,450,177.763962,5.518689,0.383620,True
591,1773641600.535028,1773641792.545782,1127,563,210.847661,6.359448,0.363858,True
592,1773641600.535057,1773641768.353033,1076,464,161.781751,2.502152,0.344016,True
593,1773641600.535086,1773641759.395990,1067,393,143.326796,6.768970,0.348362,True
594,1773641600.535119,1773641705.392711,402,73,35.298863,6.758429,0.396395,True
595,1773641600.535148,1773641717.042958,209,179,58.413975,0.242533,0.326806,True
596,1773641600.535181,1773641751.279470,1047,401,126.822289,0.485607,0.315842,True
597,1773641600.535210,1773641721.980564,200,193,67.617465,3.704671,0.332879,True
598,1773641600.535239,1773641754.669267,942,404,132.973450,5.287306,0.316839,True
599,1773641600.535267,1773641766.687099,1072,446,156.839869,6.978730,0.336767,True
600,1773641600.535300,1773641757.105580,1232,419,136.433754,0.570226,0.325032,True
601,1773641600.535329,1773641708.884781,373,91,39.784668,3.544778,0.402665,True
602,1773641600.535358,1773641761.975100,999,395,145.943779,6.401061,0.354169,True
603,1773641600.535388,1773641768.641568,1146,426,158.902861,4.291440,0.363792,True
604,1773641600.535417,1773641796.582650,1049,667,214.700665,1.912574,0.319502,True
605,1773641600.535447,1773641745.387267,1130,375,112.226197,2.221961,0.294129,True
606,1773641600.535477,1773641761.934244,1009,419,144.806949,4.843978,0.334840,True
607,1773641600.535507,1773641746.093552,1317,320,112.856294,6.998234,0.331843,True
608,1773641600.535536,1773641717.648407,921,114,55.256262,5.947917,0.436357,True
609,1773641600.535566,1773641763.600085,1157,429,146.766544,3.253206,0.335312,True
610,1773641600.535595,1773641760.854485,1093,425,140.197951,1.653215,0.326756,True
611,1773641600.535624,1773641758.395335,1035,405,135.258323,3.597063,0.325894,True
612,1773641600.535653,1773641761.975108,1009,395,142.395830,4.627116,0.349667,True
613,1773641600.535682,1773641705.088797,482,73,28.497199,1.031983,0.381461,True
614,1773641600.535711,1773641714.772492,401,104,47.741984,8.221172,0.383697,True
615,1773641600.535740,1773641770.727421,1046,429,159.630893,5.228030,0.360754,True
616,1773641600.535769,1773641755.115141,1230,389,127.979011,6.327546,0.313535,True
617,1773641600.535801,1773641725.924736,161,159,69.145316,4.616009,0.408413,True
618,1773641600.535831,1773641730.432883,26,238,77.476546,0.298428,0.325646,True
619,1773641600.535863,1773641760.190761,1108,399,136.930672,3.695244,0.334762,True
620,1773641600.535892,1773641719.550755,378,124,54.992206,3.913202,0.415276,True
621,1773641600.535921,1773641761.995529,1051,410,139.779630,5.347108,0.328686,True
622,1773641600.535975,1773641711.060910,2,93,36.369057,2.527919,0.367838,True
623,1773641600.536006,1773641758.158296,1001,373,130.523610,5.463338,0.336184,True
624,1773641600.536035,1773641776.324687,1059,429,166.834943,5.453093,0.377060,True
625,1773641600.536069,1773641759.160743,996,385,132.294516,4.904711,0.331744,True
626,1773641600.536098,1773641774.185580,1096,396,161.930010,8.318329,0.388890,True
627,1773641600.536126,1773641713.273834,417,98,39.303132,5.500545,0.348480,True
628,1773641600.536156,1773641761.766068,1139,396,135.579976,6.113887,0.327762,True
629,1773641600.536185,1773641701.660398,310,18,15.284816,5.105023,0.598811,True
630,1773641600.536215,1773641779.294643,1027,482,169.288764,3.849234,0.343949,True
631,1773641600.536244,1773641764.438016,1007,388,139.470787,8.282104,0.338989,True
632,1773641600.536273,1773641724.974674,161,150,59.840372,1.302359,0.392873,True
633,1773641600.536302,1773641768.979828,1025,394,147.786312,7.791902,0.356220,True
634,1773641600.536330,1773641764.607578,1044,413,138.915220,3.333332,0.329082,True
635,1773641600.536359,1773641724.875323,404,108,58.414366,5.871065,0.491059,True
636,1773641600.536391,1773641768.124565,1036,425,144.206718,4.158883,0.330301,True
637,1773641600.536420,1773641765.264459,1098,396,138.135123,0.884452,0.347470,True
638,1773641600.536449,1773641715.594671,405,105,38.774567,3.614429,0.338078,True
639,1773641600.536477,1773641788.660897,1269,451,184.523862,10.462981,0.386802,True
640,1773641600.536506,1773641713.273530,788,51,32.530321,6.539092,0.519825,True
641,1773641600.536535,1773641765.321378,918,397,136.438752,2.337849,0.338639,True
642,1773641600.536563,1773641730.939739,206,179,67.508368,5.799001,0.346682,True
643,1773641600.536598,1773641813.848004,1068,664,232.622700,2.695532,0.346798,True
644,1773641600.536626,1773641793.004612,1042,472,190.418632,7.307619,0.388771,True
645,1773641600.536657,1773641712.178925,417,92,28.538619,0.385458,0.309375,True
646,1773641600.536687,1773641724.143331,409,146,52.342855,4.117018,0.332592,True
647,1773641600.536716,1773641762.488713,1002,373,127.518879,3.482037,0.333432,True
648,1773641600.536744,1773641722.514752,942,104,47.508300,4.094435,0.421494,True
649,1773641600.536772,1773641772.755456,983,414,147.822748,4.969741,0.345891,True
650,1773641600.536801,1773641859.819546,1113,1000,321.075191,4.714084,0.316678,True
651,1773641600.536829,1773641739.014647,203,217,79.042254,5.609291,0.339967,True
652,1773641600.536862,1773641716.094126,435,83,33.076645,1.064217,0.390395,True
653,1773641600.536893,1773641704.115071,91,16,9.098591,1.053922,0.536311,True
654,1773641600.536921,1773641777.809822,1071,386,156.302374,14.465663,0.368407,True
655,1773641600.536976,1773641732.129414,167,217,64.693110,5.199420,0.275434,True
656,1773641600.537005,1773641733.882279,200,161,67.802573,3.565826,0.401480,True
657,1773641600.537034,1773641723.609203,181,92,47.109914,3.492608,0.479311,True
658,1773641600.537063,1773641725.428586,181,118,49.995395,6.431199,0.372344,True
659,1773641600.537091,1773641797.200424,1201,546,192.920988,1.007017,0.352136,True
660,1773641600.537120,1773641778.049465,1208,400,154.536002,5.732121,0.372942,True
661,1773641600.537153,1773641718.652843,373,57,35.489259,6.397971,0.519487,True
662,1773641600.537182,1773641789.447875,1005,407,176.520538,15.729969,0.396036,True
663,1773641600.537211,1773641731.676720,130,199,60.936428,0.382430,0.305828,True
664,1773641600.537242,1773641790.977267,1008,398,179.058553,16.696946,0.408971,True
665,1773641600.537270,1773641704.395460,91,16,5.458192,0.182187,0.351734,True
666,1773641600.537299,1773641730.189409,392,109,56.920683,13.212108,0.404709,True
667,1773641600.537331,1773641717.041542,394,94,30.247363,0.265608,0.322384,True
668,1773641600.537369,1773641797.870730,988,466,191.760845,20.896802,0.367450,True
669,1773641600.537399,1773641774.233696,1146,380,144.007196,6.727224,0.362216,True
670,1773641600.537431,1773641787.284377,1091,436,169.832715,3.018328,0.383481,True
671,1773641600.537465,1773641742.895426,379,87,80.757353,21.792913,0.685633,True
672,1773641600.537495,1773641721.340368,411,93,36.486058,1.432209,0.381020,True
673,1773641600.537528,1773641713.325331,396,65,20.268941,0.804629,0.304130,True
674,1773641600.537555,1773641803.819922,1060,396,201.217138,18.238052,0.463238,True
675,1773641600.537584,1773641771.382996,1046,429,135.868293,1.070334,0.314949,True
676,1773641600.537612,1773641715.909270,398,79,24.670640,0.301969,0.312419,True
677,1773641600.537723,1773641722.879490,381,99,37.506917,1.828822,0.364062,True
678,1773641600.537760,1773641792.497698,1117,428,176.722246,10.602589,0.389039,True
679,1773641600.537792,1773641718.772708,383,69,29.084618,1.724490,0.402355,True
680,1773641600.537821,1773641729.773675,403,106,50.939131,12.613158,0.365009,True
681,1773641600.537853,1773641720.359096,377,69,32.089447,1.470763,0.450275,True
682,1773641600.537881,1773641721.065005,403,101,33.330702,0.296242,0.330345,True
683,1773641600.537914,1773641781.037636,1145,396,152.862291,4.111604,0.376584,True
684,1773641600.537969,1773641813.983967,1209,403,218.319632,36.200320,0.453033,True
685,1773641600.538000,1773641794.357393,893,455,179.024600,7.936354,0.376846,True
686,1773641600.538032,1773641773.183394,1036,411,136.174346,0.494296,0.330927,True
687,1773641600.538077,1773641739.980374,203,217,69.162766,7.382714,0.286019,True
688,1773641600.538115,1773641740.184411,200,217,69.507808,0.708138,0.318517,True
689,1773641600.538144,1773641717.666895,299,18,24.368524,9.203415,0.892065,True
690,1773641600.538174,1773641822.456177,1142,436,233.383603,37.177012,0.451050,True
691,1773641600.538203,1773641743.291322,1318,234,74.653903,1.376934,0.314493,True
692,1773641600.538232,1773641710.671824,323,18,8.829821,0.356438,0.498434,True
693,1773641600.538261,1773641798.589578,1023,416,183.993074,24.277553,0.384857,True
694,1773641600.538289,1773641830.835138,1039,593,248.462701,26.614779,0.374743,True
695,1773641600.538318,1773641786.454121,1024,414,159.011835,7.738317,0.366280,True
696,1773641600.538347,1773641734.420530,206,165,54.923914,0.288295,0.333144,True
697,1773641600.538379,1773641722.957541,371,97,31.851134,0.373035,0.327897,True
698,1773641600.538408,1773641717.841279,373,66,21.597014,0.362308,0.326688,True
699,1773641600.538437,1773641765.321468,385,73,116.492078,35.866161,1.119804,True
700,1773641600.538465,1773641735.061348,203,167,55.338074,7.293949,0.289422,True
701,1773641600.538494,1773641729.435845,398,132,43.464815,0.392652,0.328795,True
702,1773641600.538527,1773641799.539607,1241,421,183.461820,21.954662,0.384541,True
703,1773641600.538556,1773641772.589529,1050,374,129.539601,0.963813,0.344707,True
704,1773641600.538584,1773641744.092968,401,86,71.282684,21.311936,0.587891,True
705,1773641600.538613,1773641784.122147,1436,386,150.458183,4.217104,0.379847,True
706,1773641600.538645,1773641720.566650,389,65,23.323812,0.390809,0.358328,True
707,1773641600.538673,1773641759.412416,386,49,100.705756,35.349551,1.361588,True
708,1773641600.538702,1773641780.920278,1069,426,143.011967,0.807231,0.334599,True
709,1773641600.538735,1773641740.972074,212,217,61.187678,5.284748,0.258810,True
710,1773641600.538763,1773641781.934766,991,373,142.741111,3.744888,0.373646,True
711,1773641600.538791,1773641730.427253,181,112,39.539748,6.259867,0.299819,True
712,1773641600.538819,1773641732.467405,395,142,43.577282,0.402132,0.306207,True
713,1773641600.538848,1773641799.530267,1007,451,176.932271,4.912733,0.382266,True
714,1773641600.538877,1773641749.205171,395,91,75.971156,21.998867,0.599692,True
715,1773641600.538909,1773641750.061814,324,18,77.162279,32.929047,2.601955,True
716,1773641600.538955,1773641741.175878,200,167,59.058312,4.329833,0.329690,True
717,1773641600.538992,1773641733.328848,397,103,43.218667,4.256987,0.381977,True
718,1773641600.539039,1773641746.785488,452,101,69.986859,17.971249,0.520156,True
719,1773641600.539076,1773641727.259850,391,93,30.147364,0.288853,0.324549,True
720,1773641600.539107,1773641800.215176,1061,429,175.580733,4.492383,0.399739,True
721,1773641600.539141,1773641811.075971,1007,379,196.988056,31.827113,0.436934,True
722,1773641600.539169,1773641769.902373,398,99,114.619333,31.816674,0.844925,True
723,1773641600.539198,1773641779.842496,913,398,134.187178,0.456963,0.336852,True
724,1773641600.539231,1773641789.885234,999,412,153.389144,4.141618,0.363133,True
725,1773641600.539261,1773641732.689166,385,84,38.809311,4.005672,0.419321,True
726,1773641600.539290,1773641801.380818,1161,408,176.170143,20.852521,0.381616,True
727,1773641600.539322,1773641753.915231,396,113,81.175634,20.646256,0.540441,True
728,1773641600.539350,1773641768.083714,200,188,109.347698,20.738730,0.473845,True
729,1773641600.539379,1773641782.220765,1116,401,136.423386,0.848843,0.338936,True
730,1773641600.539412,1773641821.356089,1046,531,214.004710,19.619750,0.366764,True
731,1773641600.539441,1773641793.224198,1015,397,157.655303,4.203046,0.387506,True
732,1773641600.539470,1773641743.713142,396,95,58.286620,2.983576,0.588330,True
733,1773641600.539502,1773641772.316624,1320,201,115.084197,22.051983,0.465161,True
734,1773641600.539530,1773641817.687808,1040,396,204.867154,27.809830,0.448246,True
735,1773641600.539558,1773641782.715524,416,153,134.900668,27.798855,0.704617,True
736,1773641600.539587,1773641723.089751,384,61,15.304861,1.895061,0.223497,True
737,1773641600.539616,1773641787.910048,1288,418,144.739230,1.772130,0.342847,True
738,1773641600.539646,1773641767.193339,203,162,103.181137,22.884384,0.498738,True
739,1773641600.539675,1773641728.383413,400,82,24.932544,0.287477,0.304260,True
740,1773641600.539704,1773641744.298167,209,217,56.592829,2.882737,0.248658,True
741,1773641600.539733,1773641737.548491,402,134,43.071303,4.820509,0.287600,True
742,1773641600.539765,1773641737.643052,906,146,43.218110,0.503613,0.294583,True
743,1773641600.539793,1773641747.859553,1312,204,63.526670,2.341782,0.301403,True
744,1773641600.539821,1773641782.221003,1042,373,131.341835,3.793727,0.342871,True
745,1773641600.539850,1773641747.981089,128,205,62.153912,2.990318,0.290018,True
746,1773641600.539882,1773641820.177967,1067,398,206.276084,28.518335,0.447753,True
747,1773641600.539911,1773641783.550974,1170,398,133.001082,0.535799,0.333666,True
748,1773641600.539958,1773641802.030474,1129,396,169.937850,21.040389,0.376956,True
749,1773641600.539988,1773641784.356729,401,144,134.192817,28.298228,0.740522,True
750,1773641600.540017,1773641818.244421,1032,401,201.528915,28.802315,0.431817,True
751,1773641600.540046,1773641739.188622,407,122,43.271912,2.341577,0.338267,True
752,1773641600.540085,1773641795.917292,1102,425,156.523591,5.951551,0.355123,True
753,1773641600.540114,1773641803.734468,1088,407,172.113841,6.496168,0.407925,True
754,1773641600.540143,1773641748.885694,385,107,62.311993,12.033484,0.474326,True
755,1773641600.540172,1773641784.594207,967,398,133.500189,0.465476,0.335100,True
756,1773641600.540201,1773641739.980206,395,83,42.639467,12.555634,0.366876,True
757,1773641600.540231,1773641790.485113,1160,392,143.420750,5.977698,0.351517,True
758,1773641600.540263,1773641803.023790,1019,413,168.242075,16.034283,0.369436,True
759,1773641600.540291,1773641743.153482,181,172,47.600621,0.747631,0.273994,True
760,1773641600.540319,1773641727.465068,91,24,15.807716,5.191252,0.461585,True
761,1773641600.540349,1773641776.039414,409,125,112.499670,26.493022,0.693602,True
762,1773641600.540378,1773641739.102327,383,58,37.818535,11.022864,0.470099,True
763,1773641600.540408,1773641781.111097,1363,363,121.814885,0.603319,0.334839,True
764,1773641600.540443,1773641819.255435,1034,550,197.769330,1.098293,0.358235,True
765,1773641600.540471,1773641754.503405,200,174,67.851062,4.574398,0.365761,True
766,1773641600.540500,1773641812.622114,998,373,183.719443,28.090626,0.418357,True
767,1773641600.540529,1773641754.645392,203,217,67.138862,0.245567,0.309691,True
768,1773641600.540563,1773641778.143955,1317,268,113.589442,12.091161,0.380143,True
769,1773641600.540593,1773641822.093278,1001,399,200.217345,24.521349,0.441447,True
770,1773641600.540623,1773641766.911815,167,168,89.370205,12.049165,0.463000,True
771,1773641600.540652,1773641810.749255,1093,429,177.023820,13.598398,0.381835,True
772,1773641600.540682,1773641729.431442,373,27,14.365887,2.207707,0.467622,True
773,1773641600.540714,1773641773.123110,209,194,101.212308,15.970314,0.441668,True
774,1773641600.540743,1773641768.979836,1314,161,92.548119,14.445307,0.488143,True
775,1773641600.540772,1773641737.466579,91,16,29.172364,12.955156,1.081147,True
776,1773641600.540802,1773641809.838613,1072,446,173.748436,12.998916,0.361235,True
777,1773641600.540831,1773641743.666510,370,69,41.130868,14.050282,0.398244,True
778,1773641600.540860,1773641750.605520,379,88,54.864445,11.763866,0.495409,True
779,1773641600.540889,1773641783.748030,1129,136,120.893426,24.869309,0.711290,True
780,1773641600.540917,1773641737.788474,372,90,28.352964,0.843297,0.309097,True
781,1773641600.540970,1773641795.573237,1297,368,143.752496,4.152194,0.380382,True
782,1773641600.540999,1773641817.796308,1012,420,187.701344,21.191952,0.397397,True
783,1773641600.541028,1773641747.721760,377,53,47.150504,14.340714,0.630958,True
784,1773641600.541058,1773641801.844989,1191,411,153.918217,2.962986,0.368183,True
785,1773641600.541087,1773641764.596266,393,101,79.231806,20.157265,0.590745,True
786,1773641600.541119,1773641818.360745,1208,413,185.842153,17.800561,0.407868,True
787,1773641600.541151,1773641737.120581,379,62,23.319815,3.376110,0.326946,True
788,1773641600.541179,1773641765.342535,394,70,79.382068,17.588652,0.895557,True
789,1773641600.541208,1773641764.708304,425,96,77.550800,19.204617,0.614170,True
790,1773641600.541236,1773641752.813085,313,18,53.323267,22.019047,1.841425,True
791,1773641600.541269,1773641772.252126,134,202,89.973313,8.698019,0.404355,True
792,1773641600.541301,1773641819.536501,181,418,184.121790,17.661982,0.399184,True
793,1773641600.541329,1773641804.389358,1027,405,151.996432,9.625807,0.352403,True
794,1773641600.541373,1773641805.663150,1035,431,154.440586,2.011252,0.354487,True
795,1773641600.541403,1773641751.638421,391,93,45.540337,6.068774,0.429039,True
796,1773641600.541435,1773641755.899475,395,118,54.040568,6.825992,0.403543,True
797,1773641600.541464,1773641752.626675,371,58,47.392107,12.681769,0.608953,True
798,1773641600.541492,1773641819.432521,1098,396,179.979553,17.277663,0.411904,True
799,1773641600.541521,1773641808.530022,1296,398,158.152600,6.956458,0.380847,True
800,1773641600.541550,1773641777.924516,124,159,96.919971,19.815105,0.488005,True
801,1773641600.541579,1773641775.190865,394,104,90.830125,18.394965,0.703254,True
802,1773641600.541610,1773641805.884178,1230,399,151.383486,11.129942,0.352396,True
803,1773641600.541638,1773641768.124557,380,74,75.388658,17.740845,0.789696,True
804,1773641600.541667,1773641740.413636,91,16,19.945887,7.576375,0.824634,True
805,1773641600.541699,1773641811.123281,1298,402,161.282350,15.849956,0.362674,True
806,1773641600.541731,1773641810.979479,1101,405,160.871936,5.866585,0.383677,True
807,1773641600.541760,1773641822.806354,998,518,183.721546,4.759531,0.346155,True
808,1773641600.541792,1773641747.364597,378,52,32.128408,6.854722,0.495562,True
809,1773641600.541821,1773641816.231875,1033,394,169.842195,17.542263,0.387532,True
810,1773641600.541853,1773641753.738247,395,90,44.104735,7.035948,0.416503,True
811,1773641600.541882,1773641821.432016,1120,415,179.161344,17.428500,0.390659,True
812,1773641600.541911,1773641772.867072,420,104,81.467270,16.719880,0.628615,True
813,1773641600.541960,1773641823.108997,1138,396,181.867341,17.631813,0.415786,True
814,1773641600.541997,1773641767.043791,406,89,69.148989,16.810410,0.594757,True
815,1773641600.542028,1773641773.226622,1314,152,81.115088,15.100064,0.437186,True
816,1773641600.542140,1773641834.824270,1057,445,204.266583,13.119735,0.430511,True
817,1773641600.542177,1773641822.154308,1074,403,177.773674,13.452953,0.408758,True
818,1773641600.542208,1773641832.632604,1133,432,198.603945,18.532371,0.417799,True
819,1773641600.542238,1773641838.113123,1110,451,209.395094,18.447442,0.424328,True
820,1773641600.542267,1773641767.254021,1005,111,67.574296,16.681988,0.462657,True
821,1773641600.542297,1773641760.489733,853,106,53.897361,8.700746,0.430444,True
822,1773641600.542326,1773641826.717419,1198,396,185.648705,19.558436,0.420482,True
823,1773641600.542358,1773641766.385428,372,61,64.540414,19.336488,0.753399,True
824,1773641600.542387,1773641755.328875,381,91,42.076372,5.282039,0.408826,True
825,1773641600.542419,1773641820.629271,1112,404,172.405771,17.153682,0.385241,True
826,1773641600.542448,1773641767.628454,956,75,65.118054,13.123127,0.702634,True
827,1773641600.542477,1773641771.281754,431,99,72.404105,16.500437,0.570446,True
828,1773641600.542506,1773641809.528346,957,414,148.647739,6.967244,0.343052,True
829,1773641600.542535,1773641752.329252,400,85,33.567214,3.176073,0.361799,True
830,1773641600.542564,1773641776.164150,394,93,81.152720,12.604901,0.745085,True
831,1773641600.542593,1773641815.217843,1216,456,157.880020,5.963808,0.333882,True
832,1773641600.542624,1773641768.897219,1398,44,63.536775,19.583539,1.022168,True
833,1773641600.542653,1773641787.350483,218,179,100.273431,11.639456,0.497944,True
834,1773641600.542682,1773641770.306491,391,93,65.661807,14.104499,0.560406,True
835,1773641600.542711,1773641773.085561,383,83,71.052968,11.897911,0.721403,True
836,1773641600.542739,1773641765.309025,22,147,55.310009,1.067662,0.371523,True
837,1773641600.542768,1773641812.868003,1247,398,150.302553,12.432540,0.347280,True
838,1773641600.542797,1773641791.216900,1318,139,106.834352,21.409702,0.619019,True
839,1773641600.542826,1773641773.058416,203,193,69.682735,0.504806,0.360302,True
840,1773641600.542855,1773641809.105590,1135,410,141.650823,5.025676,0.334047,True
841,1773641600.542887,1773641821.244403,1009,393,164.455820,10.790532,0.392003,True
842,1773641600.542919,1773641813.992262,1249,413,149.842855,7.021814,0.346653,True
843,1773641600.542974,1773641777.978931,391,94,77.731801,10.344132,0.724599,True
844,1773641600.543005,1773641797.547209,163,158,116.700108,20.011950,0.615848,True
845,1773641600.543034,1773641767.470567,404,71,54.963100,9.468051,0.649929,True
846,1773641600.543063,1773641778.777609,871,103,77.556568,10.362161,0.658769,True
847,1773641600.543092,1773641824.183610,978,401,167.994307,13.214552,0.386949,True
848,1773641600.543124,1773641756.131821,372,28,31.745381,8.594182,0.857452,True
849,1773641600.543152,1773641753.996298,372,67,27.159564,0.297594,0.407000,True
850,1773641600.543184,1773641827.319299,1165,411,173.384541,12.074242,0.393440,True
851,1773641600.543217,1773641806.385727,1262,373,131.182498,5.753860,0.337174,True
852,1773641600.543247,1773641826.948678,1216,421,171.949625,11.925147,0.381011,True
853,1773641600.543276,1773641761.252851,237,14,40.143845,18.028266,1.701198,True
854,1773641600.543304,1773641753.915545,91,24,24.951402,8.709459,0.706171,True
855,1773641600.543335,1773641813.742532,1196,385,144.563453,10.177686,0.349963,True
856,1773641600.543365,1773641818.859201,1116,411,154.775981,11.527932,0.349385,True
857,1773641600.543393,1773641828.394237,1102,427,173.424201,11.216840,0.380768,True
858,1773641600.543422,1773641760.801894,414,84,37.966768,4.274197,0.405935,True
859,1773641600.543451,1773641771.838880,392,74,59.896174,14.122958,0.627030,True
860,1773641600.543484,1773641764.305568,386,57,44.640290,6.867864,0.674508,True
861,1773641600.543513,1773641828.449324,1111,415,172.618944,10.561259,0.391444,True
862,1773641600.543543,1773641816.252716,997,393,146.703029,10.097860,0.348483,True
863,1773641600.543571,1773641817.223850,987,393,148.335197,6.892799,0.360822,True
864,1773641600.543600,1773641783.419644,203,167,80.704669,6.881781,0.444716,True
865,1773641600.543630,1773641804.707521,209,217,123.094476,16.048910,0.495581,True
866,1773641600.543670,1773641780.634266,908,90,74.675973,17.808067,0.638965,True
867,1773641600.543700,1773641784.133566,404,126,80.927817,10.564080,0.562910,True
868,1773641600.543729,1773641833.264266,1296,448,179.084867,10.506047,0.377134,True
869,1773641600.543758,1773641774.394508,396,87,61.179786,12.209400,0.569423,True
870,1773641600.543787,1773641814.834125,1035,411,141.472438,3.117965,0.337450,True
871,1773641600.543817,1773641779.329858,416,99,70.049967,9.928385,0.613486,True
872,1773641600.543846,1773641798.215901,167,205,107.284684,9.654382,0.478580,True
873,1773641600.543875,1773641831.369999,907,429,173.446259,11.232198,0.379005,True
874,1773641600.543908,1773641774.846629,429,108,58.908743,5.454291,0.499574,True
875,1773641600.543955,1773641770.171989,1361,98,49.391085,6.460691,0.442581,True
876,1773641600.543997,1773641776.951354,130,173,62.888715,1.708677,0.355698,True
877,1773641600.544026,1773641786.046645,203,217,80.952759,6.664339,0.343928,True
878,1773641600.544055,1773641797.992305,126,203,104.205366,8.338433,0.474589,True
879,1773641600.544092,1773641775.043925,1082,105,57.890854,9.464063,0.465642,True
880,1773641600.544121,1773641764.417480,397,54,35.388117,4.123296,0.589902,True
881,1773641600.544151,1773641773.977175,383,72,54.486411,8.269673,0.650940,True
882,1773641600.544180,1773641780.973897,416,144,68.458518,4.102097,0.450045,True
883,1773641600.544209,1773641815.623675,1072,411,137.672422,1.576772,0.331941,True
884,1773641600.544238,1773641783.466852,380,112,73.048327,8.936430,0.577585,True
885,1773641600.544267,1773641822.748327,1161,440,150.910351,4.941381,0.332503,True
886,1773641600.544297,1773641805.516996,197,217,116.299153,13.736753,0.474826,True
887,1773641600.544325,1773641771.285826,368,62,47.112098,13.419577,0.552336,True
888,1773641600.544354,1773641828.764636,1101,402,161.799139,9.439451,0.379949,True
889,1773641600.544383,1773641784.709460,405,142,73.666795,9.428249,0.455593,True
890,1773641600.544411,1773641767.879817,181,119,39.801445,0.517910,0.332911,True
891,1773641600.544444,1773641779.156800,910,60,62.333208,16.847679,0.770941,True
892,1773641600.544473,1773641824.319312,994,396,151.959161,9.569840,0.360479,True
893,1773641600.544506,1773641846.745271,1201,497,196.473478,7.647941,0.380697,True
894,1773641600.544535,1773641778.844389,400,95,60.650417,7.637129,0.563971,True
895,1773641600.544567,1773641787.124688,404,101,76.756379,16.091505,0.606649,True
896,1773641600.544596,1773641830.984968,1001,371,164.456044,16.080676,0.401015,True
897,1773641600.544625,1773641817.910836,1004,412,138.040635,2.093519,0.330772,True
898,1773641600.544654,1773641819.528877,1118,385,140.681571,3.822227,0.356405,True
899,1773641600.544683,1773641769.387452,391,98,40.356787,4.893614,0.365600,True
900,1773641600.544712,1773641770.083477,374,70,41.501086,9.502331,0.463750,True
901,1773641600.544741,1773641786.162087,395,132,73.242575,8.369015,0.495218,True
902,1773641600.544770,1773641785.626655,1318,151,71.124229,4.967063,0.441048,True
903,1773641600.544798,1773641781.197677,373,126,62.245116,4.956664,0.458308,True
904,1773641600.544831,1773641797.088290,167,217,93.421814,6.926954,0.400439,True
905,1773641600.544860,1773641768.575585,404,96,35.917570,1.195955,0.365491,True
906,1773641600.544889,1773641779.172518,399,91,57.028912,7.251508,0.553082,True
907,1773641600.544918,1773641756.492246,309,18,10.549091,1.860641,0.511085,True
908,1773641600.544969,1773641781.199862,914,100,59.921065,6.779699,0.536781,True
909,1773641600.544999,1773641777.551563,398,99,52.540199,9.868074,0.435430,True
910,1773641600.545031,1773641827.588070,923,416,151.897437,7.870552,0.347053,True
911,1773641600.545060,1773641774.423654,392,91,45.420029,7.120953,0.425545,True
912,1773641600.545091,1773641801.686664,206,171,99.487228,12.895427,0.509364,True
913,1773641600.545123,1773641822.587192,1231,416,140.626327,2.828951,0.332042,True
914,1773641600.545156,1773641826.558545,1181,415,148.524353,3.722411,0.349763,True
915,1773641600.545187,1773641774.397773,374,73,44.121883,9.765432,0.477173,True
916,1773641600.545216,1773641779.608923,396,120,53.946937,6.198905,0.401244,True
917,1773641600.545245,1773641795.361191,181,209,85.119337,4.502717,0.387580,True
918,1773641600.545275,1773641775.830249,1658,82,46.013330,5.195596,0.503923,True
919,1773641600.545308,1773641791.222544,165,158,76.154695,4.873628,0.454020,True
920,1773641600.545337,1773641786.454113,405,133,66.060143,5.148912,0.461449,True
921,1773641600.545376,1773641821.966029,1205,409,136.439237,2.351115,0.328647,True
922,1773641600.545409,1773641824.796454,1120,397,141.994689,3.731177,0.349150,True
923,1773641600.545437,1773641770.083629,367,49,32.319628,8.398790,0.498351,True
924,1773641600.545467,1773641777.837754,405,96,47.807190,8.387804,0.414941,True
925,1773641600.545496,1773641770.171870,442,78,32.347328,2.711895,0.384876,True
926,1773641600.545525,1773641828.654763,1009,399,148.290164,3.931322,0.362711,True
927,1773641600.545555,1773641785.490560,375,94,61.693146,10.193938,0.553755,True
928,1773641600.545588,1773641820.296091,1009,399,131.283010,2.946152,0.322454,True
929,1773641600.545618,1773641795.644531,1313,162,81.959634,6.221918,0.470421,True
930,1773641600.545646,1773641834.796276,1133,432,160.242009,5.861657,0.358191,True
931,1773641600.545678,1773641777.537995,385,77,44.834046,5.415860,0.518660,True
932,1773641600.545707,1773641827.876541,1296,405,145.385794,9.274256,0.336910,True
933,1773641600.545737,1773641834.645576,1199,440,158.756278,4.031057,0.352449,True
934,1773641600.545768,1773641790.711494,1321,180,70.742676,7.928812,0.350915,True
935,1773641600.545796,1773641787.043456,437,92,63.385355,10.953895,0.576170,True
936,1773641600.545827,1773641774.394665,440,84,37.800712,2.946849,0.419926,True
937,1773641600.545856,1773641768.662162,381,67,26.050833,1.963650,0.364957,True
938,1773641600.545889,1773641780.014232,420,103,48.221372,7.365529,0.400547,True
939,1773641600.545919,1773641839.977791,1060,449,168.025248,7.275671,0.358816,True
940,1773641600.545968,1773641825.155199,1199,373,138.051668,3.864891,0.360717,True
941,1773641600.545998,1773641777.379325,390,99,42.478857,3.158572,0.401227,True
942,1773641600.546027,1773641802.461146,203,217,92.371675,4.261911,0.407916,True
943,1773641600.546057,1773641863.851550,999,575,215.130970,5.260774,0.365628,True
944,1773641600.546090,1773641831.225522,1231,463,149.462716,1.794379,0.319628,True
945,1773641600.546119,1773641827.545133,1165,409,141.479032,2.493059,0.340652,True
946,1773641600.546148,1773641820.296244,987,393,126.378529,2.146467,0.316919,True
947,1773641600.546177,1773641789.535043,414,101,64.525526,9.032580,0.554929,True
948,1773641600.546206,1773641780.699645,396,102,46.318700,5.609714,0.403059,True
949,1773641600.546239,1773641783.419806,1865,122,51.530823,4.390343,0.389591,True
950,1773641600.546267,1773641779.842240,390,83,43.944647,1.383316,0.519041,True
951,1773641600.546296,1773641833.299045,1083,429,150.277521,5.080529,0.339245,True
952,1773641600.546325,1773641776.887432,373,69,36.976293,3.922839,0.486080,True
953,1773641600.546354,1773641786.003800,401,89,54.626044,12.136080,0.482841,True
954,1773641600.546383,1773641791.558482,203,183,64.773506,4.097203,0.333386,True
955,1773641600.547792,1773641830.761439,1233,377,143.054857,4.914356,0.367395,True
956,1773641600.547843,1773641836.205292,1133,429,153.610449,5.606042,0.345805,True
957,1773641600.547876,1773641828.698116,1199,396,138.554135,4.251069,0.340008,True
958,1773641600.547910,1773641785.199013,1226,95,51.469610,3.560182,0.509675,True
959,1773641600.547964,1773641839.732257,1031,397,159.437055,8.644634,0.380789,True
960,1773641600.547998,1773641796.516335,206,189,72.649382,3.480642,0.367919,True
961,1773641600.548030,1773641846.331026,980,516,171.676610,3.965301,0.325653,True
962,1773641600.548061,1773641790.592591,167,179,59.559371,2.455989,0.320806,True
963,1773641600.548097,1773641787.462495,405,128,53.194533,2.807059,0.396752,True
964,1773641600.548129,1773641775.830406,376,62,29.909190,2.148679,0.455090,True
965,1773641600.548162,1773641802.010065,1313,169,82.061218,7.920108,0.441316,True
966,1773641600.548193,1773641813.221578,1320,239,103.920852,7.397408,0.405561,True
967,1773641600.548226,1773641785.687320,1052,101,47.827330,8.704988,0.391223,True
968,1773641600.548255,1773641875.628691,1060,658,227.376748,10.919668,0.329463,True
969,1773641600.548285,1773641841.037901,1049,395,158.111788,8.321072,0.380179,True
970,1773641600.548314,1773641791.216780,408,104,58.448968,8.310657,0.486780,True
971,1773641600.548344,1773641766.789127,91,16,9.571739,1.145530,0.561747,True
972,1773641600.548373,1773641804.866169,1313,234,85.480369,4.141252,0.349095,True
973,1773641600.548403,1773641795.424774,206,186,65.855804,1.358955,0.348632,True
974,1773641600.548432,1773641788.117353,128,159,51.177369,0.870609,0.318397,True
975,1773641600.548461,1773641833.789636,1150,375,140.812598,4.477572,0.364532,True
976,1773641600.548496,1773641836.781537,1196,425,146.345172,0.884589,0.343067,True
977,1773641600.548525,1773641789.785993,406,102,52.230520,9.189253,0.426151,True
978,1773641600.548557,1773641789.885226,388,92,51.935484,6.727355,0.496793,True
979,1773641600.548587,1773641829.998381,980,396,131.374513,0.721109,0.330768,True
980,1773641600.548616,1773641792.893547,173,158,56.935364,0.776783,0.357698,True
981,1773641600.548646,1773641779.417531,407,91,29.941434,0.301355,0.329334,True
982,1773641600.548675,1773641839.032871,963,407,148.861147,4.923410,0.354526,True
983,1773641600.548705,1773641778.956356,1808,56,28.687866,1.275843,0.498400,True
984,1773641600.548737,1773641777.373637,379,59,25.315107,4.809369,0.353547,True
985,1773641600.548769,1773641786.372201,413,96,42.191353,5.336658,0.387944,True
986,1773641600.548798,1773641837.087440,1146,425,143.536747,5.507752,0.325540,True
987,1773641600.548827,1773641831.754796,1060,397,132.850579,0.893229,0.333226,True
988,1773641600.548856,1773641800.581579,191,217,70.481586,0.882051,0.322220,True
989,1773641600.548885,1773641792.621158,394,93,54.538341,5.292732,0.535278,True
990,1773641600.548914,1773641845.568180,1204,412,160.176937,6.762182,0.373272,True
991,1773641600.548963,1773641813.221738,197,217,93.654197,5.847732,0.406511,True
992,1773641600.548994,1773641843.946282,1207,386,155.082565,11.749069,0.372295,True
993,1773641600.549027,1773641789.972783,23,149,46.567449,0.242743,0.313005,True
994,1773641600.549065,1773641788.665638,396,95,43.742446,2.810937,0.435442,True
995,1773641600.549093,1773641842.280488,923,418,150.725255,3.727015,0.352514,True
996,1773641600.549123,1773641787.581155,396,96,41.052603,5.199779,0.377398,True
997,1773641600.549152,1773641839.225453,923,417,144.048375,7.579463,0.328050,True
998,1773641600.549181,1773641837.865969,1262,415,141.219768,4.804578,0.329505,True
999,1773641600.549210,1773641846.792256,1102,427,158.621399,4.950455,0.360730,True
1000,1773641600.549239,1773641788.371067,371,85,41.463537,4.792607,0.436559,True
1001,1773641600.549272,1773641828.946409,1186,371,122.119247,0.555385,0.328551,True
1002,1773641600.549301,1773641792.039098,181,111,47.888645,6.686038,0.374569,True
1003,1773641600.549334,1773641832.091375,1008,373,127.930212,3.383697,0.334802,True
1004,1773641600.549373,1773641840.249921,1225,401,144.225961,5.415422,0.347026,True
1005,1773641600.549402,1773641838.778025,1181,426,140.828036,0.864588,0.329326,True
1006,1773641600.549431,1773641794.855510,1311,169,52.548198,0.605263,0.309184,True
1007,1773641600.549463,1773641802.335166,200,179,67.381564,3.610248,0.358266,True
1008,1773641600.549492,1773641834.274901,1060,397,131.218028,5.015952,0.318692,True
1009,1773641600.549521,1773641780.553365,763,30,23.300765,9.251252,0.484466,True
1010,1773641600.549551,1773641806.805760,1353,181,75.642264,6.768654,0.382631,True
1011,1773641600.549579,1773641842.628337,1035,411,147.266357,6.758418,0.342702,True
1012,1773641600.549623,1773641786.235103,394,110,33.807819,0.295442,0.307453,True
1013,1773641600.549653,1773641803.514701,126,203,68.242424,2.667060,0.324631,True
1014,1773641600.549683,1773641843.384117,1264,440,146.947548,1.102009,0.332222,True
1015,1773641600.549713,1773641774.581755,91,16,8.986716,1.972036,0.467645,True
1016,1773641600.549743,1773641779.951800,382,53,19.706028,1.961479,0.341241,True
1017,1773641600.549772,1773641788.359038,395,88,36.352376,3.499087,0.377624,True
1018,1773641600.549803,1773641841.169642,1004,396,141.952386,10.139225,0.333704,True
1019,1773641600.549832,1773641933.448771,181,1000,326.405845,0.940570,0.325791,True
1020,1773641600.549861,1773641841.219218,1031,397,141.804206,2.961352,0.350613,True
1021,1773641600.549899,1773641793.495906,416,86,45.514859,7.156399,0.451276,True
1022,1773641600.549927,1773641807.230540,171,198,72.777319,2.710631,0.355668,True
1023,1773641600.549978,1773641795.015531,383,76,48.284259,7.280380,0.546718,True
1024,1773641600.550007,1773641858.249687,1133,463,173.926611,8.304349,0.358490,True
1025,1773641600.550036,1773641790.037333,419,93,37.479662,3.920496,0.364774,True
1026,1773641600.550065,1773641835.953678,1083,397,129.125476,2.384173,0.320054,True
1027,1773641600.550094,1773641846.534597,1146,394,149.376986,7.744610,0.360388,True
1028,1773641600.550127,1773641793.844511,385,88,43.173204,8.074894,0.403429,True
1029,1773641600.550155,1773641842.756602,1264,418,140.872174,6.285735,0.322749,True
1030,1773641600.550188,1773641800.458106,402,103,55.729411,8.853327,0.459569,True
1031,1773641600.550216,1773641799.440237,415,142,53.610908,1.227453,0.371514,True
1032,1773641600.550245,1773641783.308981,386,66,21.096837,0.392434,0.318529,True
1033,1773641600.550274,1773641795.315054,1312,134,44.877313,1.072540,0.329359,True
1034,1773641600.550303,1773641842.693248,1009,399,139.259583,8.423596,0.328734,True
1035,1773641600.550332,1773641834.836687,1196,373,123.482087,4.798976,0.319041,True
1036,1773641600.550361,1773641844.866676,1007,395,143.479790,11.073370,0.336057,True
1037,1773641600.550390,1773641857.037902,1024,393,167.695005,5.415826,0.413977,True
1038,1773641600.550419,1773641849.805966,923,468,153.147439,4.963497,0.317310,True
1039,1773641600.550448,1773641930.986770,1318,918,315.301729,7.542954,0.335615,True
1040,1773641600.550477,1773641792.003981,432,95,36.037656,0.416011,0.378954,True
1041,1773641600.550506,1773641852.668752,1010,429,156.948401,7.498415,0.349182,True
1042,1773641600.550535,1773641785.494470,371,78,22.518121,0.277251,0.288842,True
1043,1773641600.550564,1773641798.352334,403,91,47.903491,7.046256,0.453969,True
1044,1773641600.550592,1773641812.297461,389,94,75.771340,23.960933,0.557101,True
1045,1773641600.550622,1773641862.097898,1072,468,175.351947,9.954704,0.354170,True
1046,1773641600.550651,1773641796.460258,391,116,44.055228,5.385228,0.336261,True
1047,1773641600.550681,1773641800.418958,396,105,51.661438,5.582849,0.443063,True
1048,1773641600.550710,1773641802.200485,209,179,54.689679,0.286542,0.305636,True
1049,1773641600.550744,1773641864.044307,1136,401,177.978759,26.747000,0.378079,True
1050,1773641600.550772,1773641806.687549,206,183,62.972176,0.289546,0.344410,True
1051,1773641600.550802,1773641804.817613,203,162,57.957163,0.909020,0.354336,True
1052,1773641600.550831,1773641846.745586,1025,414,141.790464,0.897985,0.341144,True
1053,1773641600.550859,1773641793.224495,944,40,34.642185,7.315117,0.700694,True
1054,1773641600.550888,1773641876.870562,1227,625,201.646740,3.022352,0.318308,True
1055,1773641600.550917,1773641838.542395,1211,368,124.739083,6.032270,0.323452,True
1056,1773641600.550972,1773641849.382952,1186,377,146.109105,8.950159,0.364784,True
1057,1773641600.551004,1773641796.154064,408,129,38.522741,0.237152,0.299106,True
1058,1773641600.551033,1773641850.959308,1139,373,148.008400,15.971763,0.354937,True
1059,1773641600.551063,1773641799.711501,419,130,44.658360,1.687607,0.333107,True
1060,1773641600.551161,1773641857.249433,1199,441,159.713892,6.984482,0.347112,True
1061,1773641600.551197,1773641805.917822,30,164,56.738009,0.197363,0.346875,True
1062,1773641600.551226,1773641865.542993,1008,373,175.966874,28.700467,0.395877,True
1063,1773641600.551256,1773641841.636702,1150,387,127.967402,0.852656,0.329313,True
1064,1773641600.551286,1773641870.224461,1009,399,184.811018,29.354118,0.390595,True
1065,1773641600.551319,1773641879.411429,1231,526,203.143437,19.504196,0.349789,True
1066,1773641600.551347,1773641851.645438,1027,414,147.420292,6.441647,0.341353,True
1067,1773641600.551376,1773641814.589788,203,181,73.203686,10.014647,0.351050,True
1068,1773641600.551405,1773641796.980788,388,103,37.840524,1.528046,0.356005,True
1069,1773641600.551434,1773641853.596847,1231,394,150.888107,10.892349,0.356223,True
1070,1773641600.551465,1773641861.381263,1029,438,165.193496,9.218150,0.356923,True
1071,1773641600.551493,1773641842.679861,1009,385,127.663393,0.850307,0.330242,True
1072,1773641600.551522,1773641844.796278,1205,391,131.668256,1.675209,0.333316,True
1073,1773641600.551551,1773641803.590212,393,99,48.862818,4.058830,0.457184,True
1074,1773641600.551580,1773641798.301296,369,52,38.242092,8.822205,0.576861,True
1075,1773641600.551611,1773641845.436333,1010,393,132.261137,0.882365,0.335150,True
1076,1773641600.551640,1773641857.342479,1049,395,156.009536,10.400124,0.369567,True
1077,1773641600.551668,1773641789.849392,387,73,20.857418,0.298640,0.285539,True
1078,1773641600.551709,1773641858.418183,1010,397,157.600821,17.726041,0.353219,True
1079,1773641600.551741,1773641851.893690,912,442,144.096632,4.354975,0.316875,True
1080,1773641600.551771,1773641845.465016,981,393,131.217388,5.106399,0.321712,True
1081,1773641600.551801,1773641842.479523,1083,397,125.039743,0.498170,0.314499,True
1082,1773641600.551830,1773641807.044707,1076,51,54.045498,18.955444,0.701801,True
1083,1773641600.551859,1773641866.041485,1195,507,170.961174,4.764280,0.328452,True
1084,1773641600.551892,1773641854.181131,1007,415,147.076820,5.904058,0.340997,True
1085,1773641600.551920,1773641826.345107,167,217,91.278265,8.339607,0.383975,True
1086,1773641600.551974,1773641800.013658,379,60,38.181237,8.122166,0.509476,True
1087,1773641600.552003,1773641853.313162,1230,414,144.656231,4.086797,0.340362,True
1088,1773641600.552032,1773641799.101421,1596,52,36.109439,11.498197,0.482573,True
1089,1773641600.552060,1773641865.601593,1195,507,168.964769,6.974115,0.320140,True
1090,1773641600.552089,1773641791.196736,1201,45,19.990511,3.870304,0.366368,True
1091,1773641600.552118,1773641796.729045,931,92,31.033348,0.718480,0.333130,True
1092,1773641600.552150,1773641856.155833,1264,416,148.421818,7.105668,0.340521,True
1093,1773641600.552182,1773641812.908247,1351,145,61.367069,9.431157,0.360666,True
1094,1773641600.552298,1773641804.312208,386,86,44.153151,9.420547,0.408619,True
1095,1773641600.552329,1773641849.375848,1227,392,133.308004,0.912246,0.338608,True
1096,1773641600.552360,1773641851.399185,1009,399,136.162253,3.583987,0.333111,True
1097,1773641600.552390,1773641849.049991,1007,385,131.252722,3.479920,0.332742,True
1098,1773641600.552418,1773641855.013723,1231,373,143.161835,9.347185,0.359717,True
1099,1773641600.552447,1773641815.645352,130,185,64.341051,9.070195,0.300385,True
1100,1773641600.552476,1773641797.810765,391,76,28.506562,4.535548,0.319614,True
1101,1773641600.552505,1773641797.879744,380,86,28.251388,0.377211,0.327931,True
1102,1773641600.552539,1773641807.721437,407,106,47.194239,4.926529,0.402550,True
1103,1773641600.552567,1773641853.064211,1136,377,137.860091,8.410673,0.344280,True
1104,1773641600.552596,1773641794.850229,956,65,20.975229,0.722546,0.316448,True
1105,1773641600.552625,1773641864.945581,1262,395,160.684324,4.206617,0.397152,True
1106,1773641600.552657,1773641850.363401,181,357,131.293937,6.939676,0.349310,True
1107,1773641600.552685,1773641787.113219,91,16,3.820123,0.227540,0.239506,True
1108,1773641600.552718,1773641848.106574,1086,397,125.218696,1.126939,0.313363,True
1109,1773641600.552748,1773641861.015260,1112,432,151.014916,5.143720,0.338448,True
1110,1773641600.552778,1773641823.419165,200,211,75.573161,7.147393,0.325837,True
1111,1773641600.552808,1773641863.664380,1120,397,155.932620,16.763765,0.351437,True
1112,1773641600.552837,1773641876.916578,1082,385,181.813553,24.289163,0.410220,True
1113,1773641600.552869,1773641865.617002,1156,396,159.129109,17.898378,0.357546,True
1114,1773641600.552898,1773641864.292104,1060,411,156.252660,9.261803,0.358514,True
1115,1773641600.552927,1773641857.128501,1139,428,141.776989,4.942596,0.320455,True
1116,1773641600.552984,1773641828.764459,206,211,84.778205,7.084894,0.369968,True
1117,1773641600.553014,1773641861.025639,1009,394,149.135443,10.901457,0.351740,True
1118,1773641600.553043,1773641808.790607,375,77,44.643585,10.890506,0.444119,True
1119,1773641600.553072,1773641817.376609,1314,161,60.648467,5.846477,0.342512,True
1120,1773641600.553102,1773641802.904108,435,103,31.577545,0.424606,0.305421,True
1121,1773641600.553132,1773641816.517138,409,149,58.760268,5.762042,0.358096,True
1122,1773641600.553161,1773641858.036969,1211,408,141.489655,7.480592,0.329261,True
1123,1773641600.553190,1773641855.979483,1035,375,137.250320,5.425709,0.352472,True
1124,1773641600.553218,1773641903.229877,1227,656,231.523224,8.717904,0.340161,True
1125,1773641600.553247,1773641889.402506,1203,421,203.700831,33.908406,0.404268,True
1126,1773641600.553277,1773641864.223161,1024,429,153.278379,5.875978,0.344398,True
1127,1773641600.553306,1773641830.543697,171,205,85.257043,5.545231,0.390744,True
1128,1773641600.553335,1773641820.700994,200,174,65.157425,3.060237,0.358943,True
1129,1773641600.553382,1773641886.796254,923,404,196.866510,33.097388,0.406375,True
1130,1773641600.553412,1773641817.379864,20,182,58.011976,8.985403,0.270865,True
1131,1773641600.553440,1773641808.642290,383,75,39.956354,8.695272,0.422447,True
1132,1773641600.553473,1773641876.651450,1156,536,175.954725,1.538169,0.326012,True
1133,1773641600.553502,1773641865.828876,1060,429,152.756049,4.763182,0.345778,True
1134,1773641600.553542,1773641824.288731,181,190,69.505558,5.237005,0.340045,True
1135,1773641600.553571,1773641872.055408,1030,411,164.517224,17.376015,0.358881,True
1136,1773641600.553600,1773641853.798208,1009,397,127.874070,2.077662,0.317668,True
1137,1773641600.553630,1773641869.634250,980,425,159.484749,10.298748,0.351854,True
1138,1773641600.553659,1773641872.622867,1204,411,165.440318,13.673609,0.370163,True
1139,1773641600.553688,1773641810.586169,402,97,41.222469,5.181912,0.375422,True
1140,1773641600.553717,1773641868.592538,1199,373,157.108977,19.494872,0.369930,True
1141,1773641600.553746,1773641867.397999,998,415,153.803719,6.254780,0.356398,True
1142,1773641600.553775,1773641817.553652,415,131,53.905919,4.556160,0.379614,True
1143,1773641600.553804,1773641860.873312,1156,390,140.315764,9.637849,0.335933,True
1144,1773641600.553833,1773641798.620342,311,18,15.271950,5.776106,0.558579,True
1145,1773641600.553861,1773641870.711910,1264,395,159.016427,13.388762,0.369613,True
1146,1773641600.553890,1773641850.942185,1207,368,119.433767,5.918940,0.309305,True
1147,1773641600.553922,1773641805.258393,373,75,28.043700,2.977740,0.338729,True
1148,1773641600.553975,1773641816.590374,436,136,50.687577,5.897509,0.331778,True
1149,1773641600.554004,1773641867.953326,1025,428,152.785622,8.792860,0.337220,True
1150,1773641600.554033,1773641815.870799,439,161,47.716058,2.201098,0.284469,True
1151,1773641600.554062,1773641877.837180,963,393,171.583217,22.084199,0.381375,True
1152,1773641600.554092,1773641819.637148,1130,45,54.271149,19.055229,0.800362,True
1153,1773641600.554121,1773641869.521152,1139,425,153.933332,5.353954,0.350423,True
1154,1773641600.554154,1773641811.899438,383,56,38.543001,10.948170,0.501724,True
1155,1773641600.554186,1773641878.568372,912,395,171.345976,20.337686,0.383270,True
1156,1773641600.554223,1773641818.576211,206,179,51.133261,1.389488,0.279459,True
1157,1773641600.554252,1773641875.660573,1179,498,164.864917,7.570226,0.316488,True
1158,1773641600.554281,1773641801.686820,120,12,16.893604,7.559287,0.848574,True
1159,1773641600.554309,1773641806.358568,311,18,25.719465,11.527050,0.834848,True
1160,1773641600.554338,1773641835.875482,1989,88,84.039663,29.829686,0.623103,True
1161,1773641600.554367,1773641870.842198,1086,390,152.948048,10.657644,0.365785,True
1162,1773641600.554396,1773641870.598363,1219,388,151.481822,15.106539,0.352391,True
1163,1773641600.554427,1773641811.564294,392,122,33.393489,0.399341,0.272679,True
1164,1773641600.554456,1773641828.300057,1313,176,66.551278,8.088578,0.334073,True
1165,1773641600.554492,1773641882.383773,1146,418,174.129550,19.411796,0.371026,True
1166,1773641600.554520,1773641865.879995,1036,403,141.015998,3.748795,0.341461,True
1167,1773641600.554549,1773641883.404189,1024,407,175.938107,21.572453,0.380211,True
1168,1773641600.554577,1773641866.041308,1216,392,140.921839,12.065169,0.329557,True
1169,1773641600.554606,1773641821.809532,790,111,52.314241,12.909205,0.358228,True
1170,1773641600.554635,1773641822.945793,1474,94,54.047469,9.993022,0.473704,True
1171,1773641600.554664,1773641825.761250,1733,66,59.198500,18.427804,0.627241,True
1172,1773641600.554693,1773641872.831677,1227,383,152.734546,17.225326,0.354736,True
1173,1773641600.554723,1773641888.372052,1233,423,183.708252,21.617005,0.384102,True
1174,1773641600.554755,1773641875.912110,1031,397,158.642844,17.098944,0.357434,True
1175,1773641600.554784,1773641861.792559,1049,395,130.112124,0.804754,0.328191,True
1176,1773641600.554812,1773641843.275016,181,132,92.580104,21.150314,0.545266,True
1177,1773641600.554841,1773641877.946876,983,373,161.696380,16.422745,0.390521,True
1178,1773641600.554870,1773641885.182040,998,402,175.959481,18.071231,0.393736,True
1179,1773641600.554899,1773641819.255894,406,81,43.393370,10.087164,0.416328,True
1180,1773641600.554947,1773641891.266342,1130,402,186.889171,25.863439,0.401560,True
1181,1773641600.554979,1773641854.939665,181,257,114.130175,16.254586,0.382327,True
1182,1773641600.555016,1773641862.009773,1169,373,128.248098,3.135678,0.336324,True
1183,1773641600.555048,1773641872.078971,1029,418,148.155304,5.708741,0.341598,True
1184,1773641600.555077,1773641877.547114,923,399,158.649237,9.620987,0.374443,True
1185,1773641600.555107,1773641886.363637,1144,395,176.113251,11.623925,0.417486,True
1186,1773641600.555136,1773641880.563354,1134,379,164.403817,16.912384,0.390189,True
1187,1773641600.555166,1773641884.444547,1151,407,171.702026,23.196391,0.365777,True
1188,1773641600.555195,1773641889.827374,1183,429,182.404133,20.363483,0.378600,True
1189,1773641600.555223,1773641888.315022,1017,386,178.423019,22.566827,0.404821,True
1190,1773641600.555253,1773641891.444271,1203,421,183.993901,19.020301,0.392794,True
1191,1773641600.555285,1773641819.255901,380,81,39.448404,8.114463,0.391674,True
1192,1773641600.555318,1773641874.615978,1156,388,150.148979,15.716635,0.347370,True
1193,1773641600.555350,1773641885.983208,1191,409,172.531461,20.578197,0.372434,True
1194,1773641600.555378,1773641890.281110,1156,408,180.523136,18.523654,0.398033,True
1195,1773641600.555407,1773641929.013575,1102,612,257.587222,20.704144,0.387697,True
1196,1773641600.555436,1773641881.054195,1149,385,161.248124,23.084941,0.359800,True
1197,1773641600.555465,1773641891.512453,1064,394,182.102957,20.860494,0.410286,True
1198,1773641600.555493,1773641885.127532,1182,388,169.082324,22.615063,0.378468,True
1199,1773641600.555522,1773641880.800413,981,400,158.817352,14.605610,0.361433,True
1200,1773641600.555551,1773641819.255905,1339,69,35.114932,8.323450,0.393992,True
1201,1773641600.555583,1773641872.167928,1033,406,140.919172,10.332013,0.322437,True
1202,1773641600.555612,1773641880.543318,1112,431,157.378846,13.484470,0.334638,True
1203,1773641600.555640,1773641888.923163,1051,382,173.822345,21.207067,0.400565,True
1204,1773641600.555669,1773641885.697368,1010,397,167.326176,21.480568,0.368297,True
1205,1773641600.555703,1773641891.763301,1115,413,179.123783,21.946437,0.381498,True
1206,1773641600.555732,1773641894.383386,1025,407,184.095047,20.387340,0.403221,True
1207,1773641600.555761,1773641889.544806,1143,393,174.147920,19.514598,0.394473,True
1208,1773641600.555790,1773641886.921651,1226,379,168.012911,19.979465,0.391623,True
1209,1773641600.555819,1773641879.469708,1024,419,152.879729,13.403502,0.333675,True
1210,1773641600.555855,1773641896.563418,1136,418,186.091628,28.135408,0.378792,True
1211,1773641600.555883,1773641873.995720,1083,399,140.789512,11.736975,0.324253,True
1212,1773641600.555912,1773641842.628512,1989,83,77.765222,22.365413,0.675607,True
1213,1773641600.555963,1773641898.739434,1046,438,189.821708,21.538536,0.385087,True
1214,1773641600.555995,1773641887.584486,1025,375,166.540495,18.409279,0.396073,True
1215,1773641600.556023,1773641863.337287,1317,192,117.881111,30.350608,0.458275,True
1216,1773641600.556052,1773641882.589269,1083,407,155.757740,13.756385,0.349757,True
1217,1773641600.556081,1773641918.469007,1036,538,227.289593,19.462993,0.387014,True
1218,1773641600.556110,1773641893.016334,1035,398,176.278773,18.759584,0.396774,True
1219,1773641600.556148,1773641839.251096,398,94,67.974576,19.023384,0.526357,True
1220,1773641600.556176,1773641904.108190,1179,511,197.160399,17.199446,0.352865,True
1221,1773641600.556205,1773641883.735793,1009,399,156.122883,17.053157,0.349421,True
1222,1773641600.556234,1773641879.895355,1030,396,148.016894,10.110485,0.349130,True
1223,1773641600.556263,1773641839.251105,403,94,66.644911,18.358557,0.519208,True
1224,1773641600.556293,1773641892.175812,1003,372,171.617993,21.609516,0.404336,True
1225,1773641600.556322,1773641837.892311,181,136,63.009804,9.609926,0.395555,True
1226,1773641600.556350,1773641894.276482,1037,390,175.170169,21.324060,0.395491,True
1227,1773641600.556380,1773641894.966416,1070,387,176.301394,23.588424,0.395629,True
1228,1773641600.556413,1773641899.333922,1054,397,184.562239,29.732272,0.390985,True
1229,1773641600.556441,1773641896.763408,1171,402,179.052106,22.038553,0.391555,True
1230,1773641600.556471,1773641833.729027,1474,94,51.993985,14.995202,0.397836,True
1231,1773641600.556503,1773641891.129961,1111,396,165.198214,19.489236,0.368883,True
1232,1773641600.556532,1773641892.658167,983,373,168.023968,21.757827,0.393189,True
1233,1773641600.556642,1773641899.649570,1150,389,181.707551,23.471012,0.407826,True
1234,1773641600.556673,1773641885.629732,986,426,153.038094,7.496328,0.342451,True
1235,1773641600.556703,1773641885.755880,1015,446,152.441089,6.898118,0.327063,True
1236,1773641600.556733,1773641904.421515,1010,415,189.147027,26.735220,0.392299,True
1237,1773641600.556766,1773641838.759446,1317,135,56.334798,7.906801,0.361403,True
1238,1773641600.556798,1773641906.899317,1142,458,192.279115,14.174784,0.389725,True
1239,1773641600.556827,1773641888.359442,1082,385,154.737730,18.399323,0.355048,True
1240,1773641600.556856,1773641896.092423,1170,422,170.010728,16.240932,0.365249,True
1241,1773641600.556885,1773641864.640979,1785,91,107.021452,39.346430,0.751945,True
1242,1773641600.556914,1773641851.050977,1896,68,78.952348,22.899073,0.836616,True
1243,1773641600.556962,1773641866.676207,1312,157,109.541810,22.654876,0.556968,True
1244,1773641600.556991,1773641885.151627,1039,397,145.689920,7.050331,0.350100,True
1245,1773641600.557020,1773641904.576725,1172,402,184.053942,23.688587,0.399914,True
1246,1773641600.557052,1773641904.702073,995,452,184.138750,15.525184,0.373866,True
1247,1773641600.557080,1773641915.380114,1020,400,205.012069,38.593610,0.417089,True
1248,1773641600.557112,1773641895.653149,1140,404,165.467378,12.986963,0.378363,True
1249,1773641600.557142,1773641902.570840,1088,421,178.681067,18.847846,0.380555,True
1250,1773641600.557169,1773641899.472225,998,399,172.462260,20.416779,0.382024,True
1251,1773641600.557198,1773641842.756860,420,112,58.017898,5.609614,0.472147,True
1252,1773641600.557227,1773641897.372443,1171,402,167.040923,13.263655,0.383484,True
1253,1773641600.557264,1773641896.092268,1189,415,164.210243,15.471750,0.359272,True
1254,1773641600.557293,1773641883.032327,1119,395,138.067841,9.732509,0.325724,True
1255,1773641600.557323,1773641850.592221,1076,51,71.992796,21.331774,1.013220,True
1256,1773641600.557364,1773641889.264051,1191,409,148.840334,11.426256,0.336799,True
1257,1773641600.557395,1773641903.909498,1009,396,177.367990,24.382406,0.387305,True
1258,1773641600.557423,1773641891.226858,1054,411,151.190442,12.354644,0.338624,True
1259,1773641600.557451,1773641875.212838,1323,205,119.119592,22.124134,0.475468,True
1260,1773641600.557480,1773641903.439051,1046,399,175.114443,20.356638,0.388839,True
1261,1773641600.557508,1773641841.828868,1896,68,51.188326,15.192854,0.537246,True
1262,1773641600.557540,1773641856.074466,402,87,79.637821,27.177110,0.610008,True
1263,1773641600.557569,1773641896.274190,998,387,159.498487,18.228714,0.365984,True
1264,1773641600.557597,1773641898.187270,1170,394,163.178213,20.318214,0.363511,True
1265,1773641600.557626,1773641841.050205,375,67,47.649180,14.201932,0.506776,True
1266,1773641600.557655,1773641900.814083,981,401,166.860915,19.532742,0.368320,True
1267,1773641600.557687,1773641851.824413,373,56,68.859172,20.382441,0.881395,True
1268,1773641600.557719,1773641893.461872,1015,414,151.794256,11.777171,0.339024,True
1269,1773641600.557746,1773641901.293578,1082,385,167.205404,19.826520,0.383799,True
1270,1773641600.557774,1773641899.798093,1140,401,163.986082,12.409509,0.378941,True
1271,1773641600.557804,1773641927.637051,1015,572,219.437962,21.229544,0.347125,True
1272,1773641600.557832,1773641899.638003,991,414,162.773040,14.423244,0.359200,True
1273,1773641600.557861,1773641906.921413,1227,420,177.112986,21.541708,0.371292,True
1274,1773641600.557893,1773641912.487182,1024,429,187.803991,21.342894,0.388928,True
1275,1773641600.557922,1773641912.153123,1149,423,186.574838,24.567003,0.383905,True
1276,1773641600.557975,1773641908.432305,1063,428,178.343039,19.908774,0.371040,True
1277,1773641600.558004,1773641928.301274,1059,525,218.059751,21.693407,0.374745,True
1278,1773641600.558033,1773641912.690661,1085,442,186.816805,22.822714,0.371869,True
1279,1773641600.558062,1773641916.923232,1023,446,195.261138,26.060065,0.380227,True
1280,1773641600.558091,1773641854.490960,1282,66,70.101149,22.133624,0.737962,True
1281,1773641600.558120,1773641845.327959,421,77,51.588740,13.140915,0.505892,True
1282,1773641600.558149,1773641917.382120,1144,498,195.675117,10.670268,0.372243,True
1283,1773641600.558184,1773641868.867595,373,72,98.459517,31.829718,0.938448,True
1284,1773641600.558215,1773641845.659590,324,18,50.949089,20.586297,1.786047,True
1285,1773641600.558244,1773641904.421361,1072,415,168.240923,16.282278,0.367050,True
1286,1773641600.558273,1773641918.489715,1136,500,196.356936,17.263876,0.358904,True
1287,1773641600.558302,1773641902.151266,1141,411,163.023931,11.511178,0.369543,True
1288,1773641600.558331,1773641908.216525,1012,416,175.008731,22.156940,0.368318,True
1289,1773641600.558360,1773641857.954142,405,90,73.397721,19.515803,0.605415,True
1290,1773641600.558388,1773641922.531193,1035,398,202.338243,39.326852,0.410608,True
1291,1773641600.558418,1773641909.765498,1057,439,176.661640,10.715747,0.378872,True
1292,1773641600.558447,1773641858.278096,391,90,72.925179,19.758683,0.597376,True
1293,1773641600.558476,1773641902.521415,1094,376,161.098819,19.588896,0.377360,True
1294,1773641600.558504,1773641919.738512,1050,438,195.282869,20.363939,0.400272,True
1295,1773641600.558536,1773641943.650190,1148,614,242.982464,24.273635,0.356784,True
1296,1773641600.558564,1773641893.463609,1142,361,142.005185,12.933198,0.358533,True
1297,1773641600.558593,1773641913.937463,1106,434,182.684655,20.478093,0.374611,True
1298,1773641600.558622,1773641912.470062,1226,407,179.439416,25.803583,0.378413,True
1299,1773641600.558651,1773641947.882655,958,554,250.140860,37.876670,0.383841,True
1300,1773641600.558680,1773641903.458960,1082,391,161.004698,11.802823,0.382569,True
1301,1773641600.558719,1773641846.094462,245,14,45.964945,19.349186,2.047366,True
1302,1773641600.558749,1773641906.902439,1018,390,166.943456,18.288043,0.382148,True
1303,1773641600.558778,1773641849.277611,395,85,50.166716,10.565387,0.471444,True
1304,1773641600.558810,1773641862.370706,435,114,76.141349,21.053083,0.487507,True
1305,1773641600.558841,1773641859.887211,379,81,71.132616,22.111656,0.612762,True
1306,1773641600.558870,1773641910.599629,1099,410,171.598532,17.716748,0.376239,True
1307,1773641600.558899,1773641855.417663,1339,72,60.504626,16.892707,0.614252,True
1308,1773641600.558928,1773641897.605096,1317,235,143.665610,32.223538,0.476248,True
1309,1773641600.558979,1773641944.579056,1017,537,236.449143,25.960199,0.392703,True
1310,1773641600.559008,1773641948.871000,1139,674,244.618840,18.332264,0.336236,True
1311,1773641600.559037,1773641921.353838,1033,427,189.250541,19.910727,0.397511,True
1312,1773641600.559067,1773641905.377218,1009,397,156.839256,19.475141,0.346879,True
1313,1773641600.559096,1773641908.689391,1020,400,162.736614,16.822075,0.365701,True
1314,1773641600.559125,1773641909.175441,1008,395,163.254781,17.345519,0.370328,True
1315,1773641600.559154,1773641923.939663,1046,418,192.697739,30.404896,0.389191,True
1316,1773641600.559187,1773641915.529916,1054,419,175.302650,18.830785,0.374335,True
1317,1773641600.559215,1773641925.260432,1202,411,193.913230,25.733843,0.410194,True
1318,1773641600.559247,1773641903.568679,1102,396,150.337678,18.032692,0.334949,True
1319,1773641600.559276,1773641917.120589,1139,429,177.336367,15.691049,0.377676,True
1320,1773641600.559308,1773641877.946727,1785,137,98.575384,26.221920,0.532011,True
1321,1773641600.559337,1773641927.397109,1075,516,197.390049,17.526998,0.349249,True
1322,1773641600.559366,1773641942.266554,1179,511,226.986687,27.401904,0.391343,True
1323,1773641600.559398,1773641934.236862,1065,439,210.905502,29.142832,0.414983,True
1324,1773641600.559427,1773641928.802690,1230,413,199.702913,32.376751,0.406131,True
1325,1773641600.559459,1773641872.041677,1314,164,84.067206,19.871277,0.393840,True
1326,1773641600.559488,1773641871.294214,1029,71,81.479065,28.941899,0.750531,True
1327,1773641600.559517,1773641932.585276,1051,420,203.644108,28.733186,0.417449,True
1328,1773641600.559547,1773641952.214521,990,559,242.753999,33.200797,0.375543,True
1329,1773641600.559576,1773641918.484485,1136,375,174.984342,24.459757,0.402472,True
1330,1773641600.559605,1773641873.181401,1315,183,83.905778,14.105684,0.383517,True
1331,1773641600.559634,1773641911.867912,1139,418,160.990272,17.051084,0.345178,True
1332,1773641600.559663,1773641921.647915,1139,428,179.745150,22.912344,0.367290,True
1333,1773641600.559695,1773641915.528370,1180,414,166.862288,13.451300,0.371455,True
1334,1773641600.559724,1773641942.070216,1034,519,218.871402,24.765565,0.374722,True
1335,1773641600.559753,1773641913.601089,1166,401,160.655517,15.665972,0.362474,True
1336,1773641600.559785,1773641882.830237,181,246,99.050490,15.119251,0.342576,True
1337,1773641600.559814,1773641875.384970,396,136,83.308012,23.669175,0.441769,True
1338,1773641600.559843,1773641912.621391,1314,243,157.651490,31.648441,0.520674,True
1339,1773641600.559872,1773641932.409635,1176,548,196.255840,11.605438,0.337569,True
1340,1773641600.559901,1773641918.066637,1085,409,166.820246,20.030985,0.359778,True
1341,1773641600.559930,1773641858.281342,1282,66,46.958403,14.137052,0.504944,True
1342,1773641600.559983,1773641939.458886,1148,501,209.247498,25.245922,0.368003,True
1343,1773641600.560012,1773641864.006686,390,96,58.322624,13.578576,0.470990,True
1344,1773641600.560040,1773641881.789436,1756,111,91.804179,16.648019,0.683238,True
1345,1773641600.560069,1773641959.670745,1025,591,247.418889,29.529334,0.369304,True
1346,1773641600.560097,1773641915.462134,1136,429,158.505628,14.307410,0.336912,True
1347,1773641600.560130,1773641914.711800,1024,402,155.848983,12.152086,0.358346,True
1348,1773641600.560159,1773641950.228771,1209,522,226.274326,28.265604,0.380055,True
1349,1773641600.560192,1773641927.002746,1057,394,178.259598,27.617890,0.383312,True
1350,1773641600.560221,1773641892.674568,1314,202,109.560981,19.602635,0.447554,True
1351,1773641600.560254,1773641953.859269,969,554,231.470497,21.956950,0.378867,True
1352,1773641600.560285,1773641865.904069,505,92,54.701606,12.608482,0.462562,True
1353,1773641600.560313,1773641882.194500,403,91,86.847780,29.792584,0.633947,True
1354,1773641600.560342,1773641939.986547,1062,509,202.411837,16.981090,0.365021,True
1355,1773641600.560371,1773641884.040752,692,109,90.003390,26.404611,0.588878,True
1356,1773641600.560399,1773641936.358585,1061,448,194.244401,25.641837,0.377187,True
1357,1773641600.560428,1773641910.045673,1041,385,141.575921,10.814805,0.340524,True
1358,1773641600.560460,1773641948.965903,955,602,219.394356,13.326010,0.342876,True
1359,1773641600.560488,1773641878.514287,857,117,77.557885,22.201865,0.477207,True
1360,1773641600.560516,1773641913.873906,1036,394,147.784589,14.145644,0.340048,True
1361,1773641600.560545,1773641865.178104,385,88,49.850220,12.341830,0.431131,True
1362,1773641600.560574,1773641893.105148,1313,148,104.119530,28.358512,0.515381,True
1363,1773641600.560603,1773641930.685467,1035,395,179.259653,15.536146,0.415542,True
1364,1773641600.560632,1773641926.683880,1171,380,171.011489,25.418707,0.384150,True
1365,1773641600.560661,1773641908.428405,1314,218,134.395539,25.727757,0.500773,True
1366,1773641600.560690,1773641921.354017,1003,376,159.422523,10.953104,0.395918,True
1367,1773641600.560719,1773641948.871158,1013,439,214.061966,36.301175,0.405847,True
1368,1773641600.560750,1773641939.955980,1129,526,195.337327,14.243359,0.344941,True
1369,1773641600.560781,1773641939.448752,986,441,193.926606,28.608688,0.375723,True
1370,1773641600.560810,1773641909.840847,1028,366,134.411233,13.895832,0.330179,True
1371,1773641600.560838,1773641922.350733,1160,400,159.409029,16.805864,0.357401,True
1372,1773641600.560966,1773641967.468744,1160,639,249.559513,20.942907,0.358333,True
1373,1773641600.561000,1773641972.858750,1036,650,260.318744,23.264375,0.365261,True
1374,1773641600.561030,1773641938.896621,1007,441,192.265181,23.833185,0.382800,True
1375,1773641600.561059,1773641946.313171,1154,482,207.078261,26.236139,0.375971,True
1376,1773641600.561089,1773641942.524527,1039,385,198.486961,35.902758,0.423396,True
1377,1773641600.561120,1773641976.261189,1082,538,265.732852,39.688086,0.420940,True
1378,1773641600.561149,1773641935.673418,1144,404,183.448294,25.454562,0.392044,True
1379,1773641600.561178,1773641964.943601,979,622,240.291014,18.833316,0.356615,True
1380,1773641600.561208,1773641895.640222,181,147,101.539397,21.726341,0.546665,True
1381,1773641600.561238,1773641901.715523,1232,80,112.763367,38.835529,0.935795,True
1382,1773641600.561267,1773641961.643343,1126,446,232.412507,40.437978,0.431403,True
1383,1773641600.561296,1773641938.896463,1024,385,186.856299,32.169412,0.402830,True
1384,1773641600.561332,1773641880.543131,917,33,69.941786,29.318721,1.269471,True
1385,1773641600.561368,1773641932.294878,1226,393,173.257938,18.967764,0.393597,True
1386,1773641600.561402,1773641934.899081,1171,401,177.601845,20.666132,0.392339,True
1387,1773641600.561431,1773641952.679627,1032,502,212.692712,24.276096,0.376081,True
1388,1773641600.561460,1773641887.476767,434,124,81.872740,20.417632,0.499635,True
1389,1773641600.561496,1773641868.613928,311,18,43.729424,20.014646,1.394987,True
1390,1773641600.561525,1773641885.245157,1133,92,76.970792,26.299794,0.556824,True
1391,1773641600.561555,1773641879.062425,401,130,64.519731,13.499574,0.395505,True
1392,1773641600.561584,1773641883.032043,376,81,69.842251,22.983623,0.585733,True
1393,1773641600.561613,1773641947.214094,1176,383,196.322301,38.454939,0.413265,True
1394,1773641600.561642,1773641877.014115,1029,71,55.463273,18.706218,0.525101,True
1395,1773641600.561671,1773641880.719967,1312,132,62.666232,14.254934,0.369552,True
1396,1773641600.561701,1773641882.708021,372,63,66.621045,23.662056,0.692887,True
1397,1773641600.561735,1773641925.327361,1203,385,151.020877,16.281574,0.350884,True
1398,1773641600.561765,1773641971.537405,1015,596,242.338358,19.830999,0.373962,True
1399,1773641600.561798,1773641924.082624,1018,388,146.966872,13.042714,0.346057,True
1400,1773641600.561826,1773641992.199399,1045,605,282.492764,26.922092,0.423130,True
1401,1773641600.561858,1773641939.508116,1112,431,177.086834,22.271508,0.360036,True
1402,1773641600.561886,1773641889.544976,237,79,76.973386,26.051413,0.652846,True
1403,1773641600.561915,1773641955.492613,1162,427,208.182929,36.106771,0.403935,True
1404,1773641600.561972,1773641937.608990,1076,377,171.916901,20.338485,0.403134,True
1405,1773641600.562002,1773641946.458166,1199,534,189.264037,13.649075,0.329484,True
1406,1773641600.562032,1773641921.156955,28,265,138.516137,25.738406,0.427188,True
1407,1773641600.562062,1773641949.242488,1052,412,193.129682,25.197477,0.408594,True
1408,1773641600.562094,1773642006.229739,1180,880,306.313062,14.950810,0.331470,True
1409,1773641600.562122,1773641953.463519,1083,407,200.294822,35.757105,0.405265,True
1410,1773641600.562154,1773641906.019777,1785,137,104.825303,25.976366,0.579772,True
1411,1773641600.562183,1773641936.683590,1053,394,165.758881,21.208827,0.367812,True
1412,1773641600.562212,1773641878.795782,243,14,49.211641,23.685154,1.963576,True
1413,1773641600.562241,1773641928.779425,1028,374,148.569433,16.205149,0.354864,True
1414,1773641600.562269,1773641937.380548,1101,411,164.859708,17.564415,0.359257,True
1415,1773641600.562298,1773642043.176733,1179,921,376.304081,35.549470,0.370385,True
1416,1773641600.562327,1773641945.838484,1005,394,180.823979,24.156660,0.398645,True
1417,1773641600.562359,1773641956.512205,1151,404,201.061872,36.616272,0.408054,True
1418,1773641600.562392,1773641901.067549,181,167,89.982475,16.438854,0.443034,True
1419,1773641600.562422,1773641944.096853,1149,379,175.874088,23.818933,0.402262,True
1420,1773641600.562454,1773641944.799726,1070,428,175.519543,19.310412,0.365829,True
1421,1773641600.562482,1773641896.622051,992,97,78.977587,22.898487,0.584157,True
1422,1773641600.562511,1773641985.234642,1035,616,255.954428,24.701640,0.376021,True
1423,1773641600.562540,1773641933.678321,912,395,152.655878,14.643865,0.350284,True
1424,1773641600.562569,1773641924.002752,1353,234,132.079478,20.491218,0.478920,True
1425,1773641600.562598,1773641894.955016,388,88,73.818178,24.258498,0.569651,True
1426,1773641600.562630,1773641947.497841,1044,394,178.486688,23.704428,0.393848,True
1427,1773641600.562660,1773641935.681272,997,393,154.790344,15.381624,0.355634,True
1428,1773641600.562689,1773641969.862137,1109,488,223.132003,29.826958,0.396930,True
1429,1773641600.562718,1773641902.604150,1311,159,88.366139,17.995641,0.445383,True
1430,1773641600.562746,1773641974.880585,1025,589,230.100001,19.974888,0.357356,True
1431,1773641600.562776,1773641883.241287,1232,80,46.696643,16.881020,0.377413,True
1432,1773641600.562808,1773641946.436418,1106,399,171.109751,23.140160,0.371783,True
1433,1773641600.562838,1773641950.681146,1060,396,179.325587,21.286203,0.400100,True
1434,1773641600.562866,1773641881.389355,398,46,40.721557,15.745522,0.555023,True
1435,1773641600.562900,1773641894.966409,1786,67,67.147609,23.945633,0.654575,True
1436,1773641600.562928,1773641889.325202,119,12,55.051176,26.323810,2.611579,True
1437,1773641600.562979,1773641889.544981,247,14,55.048331,26.102779,2.226581,True
1438,1773641600.563008,1773641949.715071,1013,386,175.223083,23.746550,0.393446,True
1439,1773641600.563040,1773641894.955194,407,88,65.166158,19.932735,0.519924,True
1440,1773641600.563070,1773641937.444035,1030,375,148.209710,14.297900,0.358053,True
1441,1773641600.563100,1773641942.027047,1035,391,156.709350,18.218664,0.355104,True
1442,1773641600.563130,1773641898.418803,385,67,69.117853,24.263450,0.679612,True
1443,1773641600.563159,1773641900.630633,380,97,73.226282,21.320893,0.540681,True
1444,1773641600.563194,1773641938.243729,1046,393,148.391143,12.302235,0.347166,True
1445,1773641600.563226,1773641952.642553,1036,390,176.833229,24.645454,0.391228,True
1446,1773641600.563260,1773641969.323417,985,552,210.051218,23.393312,0.338762,True
1447,1773641600.563290,1773641943.624310,1054,397,157.952415,17.242995,0.355327,True
1448,1773641600.563320,1773641902.400802,181,126,74.900514,17.412011,0.459908,True
1449,1773641600.563350,1773641957.253295,1089,412,184.146641,25.287853,0.386518,True
1450,1773641600.563379,1773641896.548176,405,89,62.002574,16.815611,0.513488,True
1451,1773641600.563408,1773641940.836916,1097,393,150.457024,12.724574,0.351358,True
1452,1773641600.563438,1773641952.215012,1168,436,173.189708,19.713586,0.352819,True
1453,1773641600.563473,1773641893.099679,333,18,54.525654,24.630848,1.758518,True
1454,1773641600.563505,1773641957.104172,1053,415,182.430323,22.982736,0.385139,True
1455,1773641600.563532,1773641902.339577,396,107,72.857556,21.780408,0.481860,True
1456,1773641600.563561,1773641962.478861,986,448,192.864329,17.473805,0.392373,True
1457,1773641600.563590,1773641918.484576,1315,198,104.854084,18.952847,0.436047,True
1458,1773641600.563619,1773641901.322298,407,83,69.288459,22.036392,0.576245,True
1459,1773641600.563648,1773641955.967843,1032,398,177.115873,23.559394,0.386792,True
1460,1773641600.563676,1773641945.523725,1064,396,155.132975,16.064324,0.352073,True
1461,1773641600.563705,1773641954.375329,1044,450,171.543258,11.674696,0.356055,True
1462,1773641600.563737,1773641958.393371,1214,406,179.537130,23.607638,0.385011,True
1463,1773641600.563765,1773641954.173533,1033,406,170.599688,17.356078,0.378379,True
1464,1773641600.563793,1773641919.919618,42,154,100.793185,21.445624,0.518612,True
1465,1773641600.563821,1773641950.696225,1025,401,162.116384,21.276589,0.352099,True
1466,1773641600.563850,1773641890.115969,1019,52,39.761065,11.110875,0.561768,True
1467,1773641600.563879,1773641902.063982,450,107,62.925122,13.420309,0.467027,True
1468,1773641600.563908,1773641934.531886,181,263,127.628145,21.879771,0.403620,True
1469,1773641600.563954,1773641957.370190,1025,441,173.052153,20.070660,0.347685,True
1470,1773641600.563991,1773641958.210832,1201,401,173.819403,20.953470,0.382165,True
1471,1773641600.564023,1773641957.420420,1021,398,170.739339,22.091752,0.374427,True
1472,1773641600.564053,1773641901.713023,417,117,59.302500,9.285042,0.431185,True
1473,1773641600.564082,1773641960.144392,1182,396,176.123765,22.971242,0.387728,True
1474,1773641600.564116,1773642001.470191,1027,569,258.588435,18.454534,0.422771,True
1475,1773641600.564144,1773641917.616771,1351,140,89.982050,21.371068,0.493604,True
1476,1773641600.564173,1773641908.899006,409,95,72.112111,13.386967,0.624736,True
1477,1773641600.564201,1773641952.619988,1009,411,158.866975,13.997879,0.353339,True
1478,1773641600.564230,1773641958.867721,1109,377,169.733938,18.669722,0.401767,True
1479,1773641600.564258,1773641898.464705,1155,75,47.691892,11.827856,0.484649,True
1480,1773641600.564289,1773641954.732348,1066,379,159.030208,23.290353,0.359100,True
1481,1773641600.564318,1773641909.990440,431,94,69.194144,17.277026,0.558249,True
1482,1773641600.564347,1773641948.142441,1201,391,145.015438,10.831094,0.344062,True
1483,1773641600.564376,1773641911.588068,387,95,71.843220,17.835258,0.574553,True
1484,1773641600.564405,1773641961.196829,1003,394,170.559139,23.815483,0.373394,True
1485,1773641600.564434,1773641962.945675,1033,396,172.574691,20.799563,0.384241,True
1486,1773641600.564466,1773641960.371093,1018,388,166.991206,21.319537,0.376413,True
1487,1773641600.564496,1773641899.749326,1436,66,45.664085,12.999521,0.502532,True
1488,1773641600.564525,1773641954.248482,983,373,154.451946,16.602341,0.370563,True
1489,1773641600.564557,1773641946.617267,1312,283,138.119310,21.699976,0.412835,True
1490,1773641600.564585,1773641951.394904,1082,406,147.093568,8.617691,0.341916,True
1491,1773641600.564614,1773641969.609734,998,447,183.314153,17.049113,0.372792,True
1492,1773641600.564643,1773641924.201913,1316,168,92.477765,19.187415,0.438864,True
1493,1773641600.564675,1773641933.435708,1314,231,109.839333,17.684282,0.400674,True
1494,1773641600.564708,1773641971.806889,1046,438,186.455860,19.616419,0.381784,True
1495,1773641600.564744,1773641965.303850,1023,388,173.006036,18.808837,0.398442,True
1496,1773641600.564773,1773641997.197804,1227,652,236.248862,19.433633,0.333050,True
1497,1773641600.564801,1773641950.450303,1019,394,142.073516,10.256641,0.335412,True
1498,1773641600.564833,1773641971.424494,936,432,183.898093,23.720336,0.371642,True
1499,1773641600.564862,1773641909.744798,46,138,59.689017,6.565492,0.387763,True
1500,1773641600.564890,1773641912.690670,404,83,64.279255,17.058396,0.575864,True
1501,1773641600.564919,1773641968.126379,1059,388,175.129750,18.691138,0.404234,True
1502,1773641600.564969,1773641921.023229,12,139,80.901042,16.578258,0.466107,True
1503,1773641600.565003,1773641966.193309,1044,471,170.928797,17.778190,0.325852,True
1504,1773641600.565031,1773641952.679620,1134,379,143.756228,12.300841,0.347766,True
1505,1773641600.565059,1773641911.041376,379,65,59.964307,22.136686,0.591057,True
1506,1773641600.565088,1773641913.735358,429,115,64.669731,17.106741,0.417219,True
1507,1773641600.565121,1773641955.810242,1159,397,148.029700,9.897772,0.348818,True
1508,1773641600.565149,1773641962.695959,1223,444,160.992656,9.898626,0.341070,True
1509,1773641600.565178,1773641969.072269,1093,432,173.372928,15.809217,0.365577,True
1510,1773641600.565206,1773641971.806600,1009,397,178.419092,17.926613,0.405284,True
1511,1773641600.565317,1773641911.489200,380,58,57.556429,19.764874,0.663010,True
1512,1773641600.565348,1773641919.964622,1786,67,74.253591,22.468185,0.784627,True
1513,1773641600.565388,1773641958.625579,1102,427,151.180378,9.063077,0.333609,True
1514,1773641600.565418,1773641963.214908,1183,429,160.338589,10.871637,0.349222,True
1515,1773641600.565447,1773641964.799249,1086,393,163.109725,23.192338,0.356932,True
1516,1773641600.565481,1773641964.337290,1038,398,161.852432,16.008544,0.367365,True
1517,1773641600.565513,1773641973.849517,1059,397,180.215219,18.102422,0.409376,True
1518,1773641600.565542,1773641964.907985,1004,419,161.730617,13.107891,0.355557,True
1519,1773641600.565571,1773641916.011435,371,53,63.123655,18.746250,0.853412,True
1520,1773641600.565600,1773641919.666229,396,131,69.069034,15.489154,0.412153,True
1521,1773641600.565633,1773641968.295584,1189,399,166.266279,19.193364,0.369530,True
1522,1773641600.565661,1773641961.867366,1083,403,153.367105,13.072838,0.348991,True
1523,1773641600.565690,1773641978.032197,1152,437,185.572676,19.008985,0.382027,True
1524,1773641600.565718,1773641975.376857,1063,386,179.488792,27.036517,0.395980,True
1525,1773641600.565751,1773641995.172186,1108,622,218.931176,12.395275,0.332586,True
1526,1773641600.565779,1773641979.556782,1017,398,187.598251,30.128644,0.396649,True
1527,1773641600.565808,1773641958.982114,1120,375,145.993916,14.635441,0.351226,True
1528,1773641600.565840,1773641961.259999,1060,365,149.778673,22.647567,0.349261,True
1529,1773641600.565869,1773641961.263283,1009,399,148.911046,10.101249,0.348768,True
1530,1773641600.565899,1773641973.123168,1053,414,172.385199,18.340161,0.372990,True
1531,1773641600.565948,1773641900.836347,304,18,26.717505,10.778945,0.937562,True
1532,1773641600.565983,1773641968.035827,1097,418,160.889080,12.913506,0.354857,True
1533,1773641600.566012,1773641982.352639,1018,476,188.053653,20.692188,0.352340,True
1534,1773641600.566045,1773641914.583928,1143,70,52.432625,15.304806,0.538084,True
1535,1773641600.566075,1773641919.775075,991,108,62.793458,16.211685,0.435344,True
1536,1773641600.566105,1773641925.648135,1155,75,73.446091,22.456957,0.689042,True
1537,1773641600.566134,1773641967.378142,1143,429,156.220222,9.641826,0.342473,True
1538,1773641600.566166,1773641976.699124,1068,401,174.734213,20.073812,0.386651,True
1539,1773641600.566195,1773641996.500974,1036,619,214.192561,11.071721,0.328674,True
1540,1773641600.566227,1773641990.046189,1032,447,200.995325,21.194824,0.403140,True
1541,1773641600.566256,1773641980.188764,1015,399,181.259629,22.606159,0.398627,True
1542,1773641600.566292,1773641942.768232,1312,175,106.396031,23.812856,0.474616,True
1543,1773641600.566324,1773641922.743865,685,120,65.827053,14.759622,0.429138,True
1544,1773641600.566353,1773641925.786528,398,98,71.337183,22.551098,0.502949,True
1545,1773641600.566382,1773641963.880404,1173,385,147.190961,12.626220,0.350429,True
1546,1773641600.566411,1773641988.162644,1073,454,194.053602,15.240541,0.394731,True
1547,1773641600.566440,1773641920.501508,2042,56,58.543680,22.288550,0.659184,True
1548,1773641600.566469,1773641968.354122,1061,408,154.159331,11.722508,0.349968,True
1549,1773641600.566501,1773641936.791249,17,120,90.684139,21.933788,0.577734,True
1550,1773641600.566530,1773641930.008072,1316,170,76.969643,12.956464,0.378776,True
1551,1773641600.566559,1773641917.957883,439,98,52.373400,12.818583,0.407782,True
1552,1773641600.566590,1773641939.538268,390,155,94.712361,19.200289,0.490338,True
1553,1773641600.566619,1773641970.906776,1023,406,156.489172,20.103851,0.336754,True
1554,1773641600.566648,1773642014.910325,1029,519,244.453920,23.240220,0.427053,True
1555,1773641600.566677,1773641926.430994,404,144,66.823090,11.460408,0.387152,True
1556,1773641600.566710,1773641982.445677,1124,408,178.684826,21.497635,0.386209,True
1557,1773641600.566738,1773641977.510804,1044,413,168.793798,13.262491,0.377503,True
1558,1773641600.566767,1773641967.307099,1022,390,147.675131,11.905695,0.349022,True
1559,1773641600.566803,1773641933.662441,393,113,80.363554,20.037668,0.538624,True
1560,1773641600.566831,1773641928.903019,406,82,69.236609,20.316258,0.603955,True
1561,1773641600.566863,1773641972.914015,1102,408,157.049473,12.289157,0.355676,True
1562,1773641600.566892,1773641907.341437,238,14,24.754997,11.412525,1.026344,True
1563,1773641600.566921,1773641983.590687,1146,396,177.232611,16.106688,0.407914,True
1564,1773641600.566973,1773641972.384692,1048,396,154.799353,19.931646,0.341437,True
1565,1773641600.567003,1773641976.285444,1040,414,162.580179,22.549701,0.339057,True
1566,1773641600.567033,1773641911.284838,750,44,31.267293,9.906625,0.496760,True
1567,1773641600.567062,1773641966.225295,1037,373,141.126229,12.432221,0.345952,True
1568,1773641600.567091,1773641970.756038,1156,390,149.305643,11.544427,0.354142,True
1569,1773641600.567122,1773641984.867486,1034,479,177.507468,13.723055,0.342645,True
1570,1773641600.567156,1773641927.700081,430,90,62.842015,15.761097,0.528999,True
1571,1773641600.567188,1773641909.806228,1044,35,26.499488,9.001303,0.514653,True
1572,1773641600.567217,1773641987.861345,1009,415,182.588962,24.584953,0.381652,True
1573,1773641600.567249,1773641987.293126,1026,400,181.326327,26.378905,0.388339,True
1574,1773641600.567278,1773641994.146162,1089,465,194.744003,18.642869,0.379528,True
1575,1773641600.567307,1773641929.791616,62,152,64.828208,10.717160,0.358351,True
1576,1773641600.567336,1773641930.227109,382,53,65.239963,23.544689,0.801832,True
1577,1773641600.567369,1773641980.612447,998,373,164.836480,15.531074,0.401359,True
1578,1773641600.567398,1773641989.147150,936,431,181.450639,17.714512,0.380782,True
1579,1773641600.567427,1773641989.391004,1150,404,181.834285,26.022614,0.386629,True
1580,1773641600.567459,1773641980.715522,1099,410,163.944741,12.564024,0.370124,True
1581,1773641600.567488,1773641944.625893,7,136,90.575945,23.670854,0.495593,True
1582,1773641600.567517,1773641993.977171,1033,411,189.003327,16.161532,0.421565,True
1583,1773641600.567546,1773641987.188692,1071,415,175.093537,20.923257,0.372392,True
1584,1773641600.567575,1773641976.285451,1099,414,153.265799,17.892671,0.327780,True
1585,1773641600.567604,1773641907.194928,238,14,14.877402,5.801593,0.698139,True
1586,1773641600.567633,1773641927.413689,685,137,55.209227,8.285669,0.345026,True
1587,1773641600.567662,1773641992.579269,1020,502,183.882207,18.344346,0.330415,True
1588,1773641600.567694,1773641937.642277,1315,144,73.652565,17.379107,0.393521,True
1589,1773641600.567722,1773641932.045784,9,166,62.395556,7.246797,0.334235,True
1590,1773641600.567761,1773641956.634006,421,93,111.111258,36.511547,0.810866,True
1591,1773641600.567791,1773642007.240590,1200,526,211.872346,16.837274,0.371495,True
1592,1773641600.567820,1773641933.465204,394,91,64.279884,17.657172,0.518030,True
1593,1773641600.567849,1773641947.106388,1628,48,90.771459,37.105449,1.141830,True
1594,1773641600.567878,1773641993.054984,1046,442,182.647516,20.794685,0.367013,True
1595,1773641600.567907,1773641937.658795,383,84,71.166680,22.421165,0.587295,True
1596,1773641600.567955,1773641918.922210,376,65,33.524584,7.159623,0.411953,True
1597,1773641600.567993,1773641935.681263,379,87,66.668720,19.149181,0.552553,True
1598,1773641600.568022,1773641967.678577,1046,395,130.539595,3.149164,0.323326,True
1599,1773641600.568051,1773641979.364504,1173,420,153.678121,9.202080,0.344812,True
1600,1773641600.568081,1773641947.693586,1351,186,90.234039,18.557332,0.387442,True
1601,1773641600.568110,1773641925.079828,243,14,44.943227,20.400683,1.887888,True
1602,1773641600.568140,1773641936.400407,410,100,66.326947,19.289156,0.475129,True
1603,1773641600.568169,1773641926.832692,387,52,46.770112,14.694138,0.628941,True
1604,1773641600.568199,1773641976.922762,1034,429,146.906452,5.849890,0.329571,True
1605,1773641600.568228,1773641979.545876,1162,411,151.940485,17.920208,0.326879,True
1606,1773641600.568257,1773642021.878576,1121,506,235.922143,37.468537,0.392977,True
1607,1773641600.568286,1773641924.026996,331,18,39.829967,17.021873,1.341653,True
1608,1773641600.568320,1773641976.855861,1081,388,144.851404,9.908365,0.348690,True
1609,1773641600.568348,1773641942.335383,30,182,75.789035,9.897997,0.364039,True
1610,1773641600.568377,1773641986.406108,1073,408,163.643012,14.716539,0.365913,True
1611,1773641600.568406,1773641989.818741,1191,407,170.221963,18.797043,0.372968,True
1612,1773641600.568435,1773641973.501056,1094,362,136.224017,18.051124,0.327349,True
1613,1773641600.568464,1773641998.221331,459,562,184.385044,4.701674,0.320291,True
1614,1773641600.568493,1773641978.340644,985,426,142.868959,3.824351,0.327164,True
1615,1773641600.568525,1773641939.085228,395,87,64.336659,21.495112,0.498158,True
1616,1773641600.568562,1773641980.934262,1070,392,148.014211,18.221898,0.331950,True
1617,1773641600.568590,1773641928.704300,1786,50,43.012818,11.947435,0.633987,True
1618,1773641600.568619,1773641999.588611,1081,414,184.488747,13.789609,0.413315,True
1619,1773641600.568648,1773642000.822628,1130,459,185.189944,19.798790,0.361116,True
1620,1773641600.568677,1773641952.521092,1320,192,88.164830,14.554929,0.385392,True
1621,1773641600.568706,1773641979.851590,1023,377,142.805954,9.804805,0.353726,True
1622,1773641600.568735,1773641922.007549,238,14,26.629717,10.608627,1.232392,True
1623,1773641600.568764,1773641947.285612,1314,137,76.771313,17.068949,0.438988,True
1624,1773641600.568798,1773641995.369092,1072,398,172.375649,22.210809,0.378249,True
1625,1773641600.568827,1773641942.335395,394,89,65.162912,17.743915,0.538852,True
1626,1773641600.568856,1773641927.413697,373,60,35.276421,8.478361,0.454204,True
1627,1773641600.568885,1773641952.054823,375,66,84.475924,31.569022,0.813952,True
1628,1773641600.568914,1773642001.751844,1142,491,183.805448,16.934988,0.340552,True
1629,1773641600.568969,1773641934.334730,395,116,48.680910,12.998662,0.310280,True
1630,1773641600.569000,1773641984.277149,1044,394,148.441706,10.965214,0.349813,True
1631,1773641600.569029,1773642000.695498,1021,398,180.189738,24.608496,0.391892,True
1632,1773641600.569058,1773641938.913905,406,91,55.724134,14.916912,0.453414,True
1633,1773641600.569091,1773641998.779811,996,446,174.975228,18.120510,0.352483,True
1634,1773641600.569119,1773642024.624503,1010,635,226.266799,9.530309,0.341856,True
1635,1773641600.569148,1773642005.404572,1156,424,187.619333,15.239632,0.407517,True
1636,1773641600.569177,1773641990.732245,1115,413,157.710484,21.226740,0.331271,True
1637,1773641600.569206,1773642007.637708,1116,401,190.953431,33.059854,0.394734,True
1638,1773641600.569239,1773641991.438322,1045,390,157.932533,16.723653,0.363005,True
1639,1773641600.569268,1773641929.013415,1529,56,33.040263,10.517962,0.409496,True
1640,1773641600.569299,1773641991.092154,1163,386,156.927892,15.525057,0.367280,True
1641,1773641600.569331,1773641943.813593,440,117,62.224461,15.453969,0.403194,True
1642,1773641600.569373,1773641940.793284,457,98,56.161988,16.048075,0.413545,True
1643,1773641600.569403,1773641949.883428,1313,135,72.558609,18.145922,0.406065,True
1644,1773641600.569432,1773641986.017422,1044,368,144.554405,19.363299,0.341120,True
1645,1773641600.569464,1773642084.381999,1170,939,341.010167,21.299964,0.340842,True
1646,1773641600.569495,1773641991.829992,1038,396,155.783909,15.474358,0.355214,True
1647,1773641600.569524,1773641956.132588,2001,74,83.093557,22.913107,0.824390,True
1648,1773641600.569551,1773641944.805419,392,103,60.167945,17.028477,0.422936,True
1649,1773641600.569580,1773641998.764142,966,403,166.756291,12.050975,0.384839,True
1650,1773641600.569688,1773641938.259098,120,12,45.576810,19.706329,2.351862,True
1651,1773641600.569723,1773642009.313064,1201,402,187.560795,31.204760,0.389915,True
1652,1773641600.569753,1773641998.142920,1152,400,165.197891,16.206237,0.373413,True
1653,1773641600.569782,1773641929.650852,238,14,27.260745,11.416543,1.218785,True
1654,1773641600.569812,1773642014.464916,997,393,195.064959,22.097636,0.441243,True
1655,1773641600.569841,1773641995.955503,1025,394,157.648075,14.618376,0.363943,True
1656,1773641600.569870,1773642001.681420,1121,440,168.586359,13.361014,0.353588,True
1657,1773641600.569899,1773641952.037805,1312,141,68.819721,20.341709,0.346272,True
1658,1773641600.569947,1773641960.263366,403,113,84.588749,22.941859,0.550419,True
1659,1773641600.569980,1773642003.593784,1036,388,171.041950,22.838086,0.382956,True
1660,1773641600.570013,1773641942.116418,385,80,47.279890,14.342296,0.416932,True
1661,1773641600.570041,1773641960.832307,444,101,84.690172,20.542887,0.641473,True
1662,1773641600.570071,1773642004.374795,1012,461,171.753303,14.407062,0.342057,True
1663,1773641600.570100,1773642050.395123,1036,590,263.770897,21.859330,0.410716,True
1664,1773641600.570129,1773641994.958431,1036,375,152.050824,14.330055,0.368237,True
1665,1773641600.570159,1773641952.065282,380,61,64.780392,23.134820,0.694093,True
1666,1773641600.570188,1773641939.508127,378,56,39.535298,13.078639,0.481030,True
1667,1773641600.570217,1773642009.517271,1052,378,179.472214,28.121212,0.401462,True
1668,1773641600.570246,1773642002.895709,1039,417,165.934631,14.981323,0.362869,True
1669,1773641600.570279,1773641994.888459,1097,409,149.834126,17.998059,0.323128,True
1670,1773641600.570307,1773641990.338375,1052,373,139.665856,10.102191,0.348289,True
1671,1773641600.570335,1773642004.811564,1036,397,167.561176,17.237367,0.379606,True
1672,1773641600.570364,1773641946.923903,376,74,51.511863,11.737231,0.544858,True
1673,1773641600.570396,1773642001.844285,1043,397,160.959210,14.222246,0.370548,True
1674,1773641600.570426,1773642025.814561,1020,445,208.878532,20.476688,0.424328,True
1675,1773641600.570455,1773642019.705379,1105,429,196.097034,29.325291,0.389654,True
1676,1773641600.570485,1773642013.961819,1095,420,183.897704,21.494557,0.387597,True
1677,1773641600.570514,1773641998.523359,1033,403,152.333754,18.658074,0.332527,True
1678,1773641600.570546,1773641956.464191,1063,93,67.862202,17.815844,0.543982,True
1679,1773641600.570574,1773642014.600253,981,402,183.699051,28.231388,0.387700,True
1680,1773641600.570603,1773642002.821902,999,411,157.742833,13.105140,0.352775,True
1681,1773641600.570633,1773642015.810246,1010,401,183.594840,23.543023,0.400130,True
1682,1773641600.570662,1773642018.151013,1018,396,188.234187,19.210926,0.427907,True
1683,1773641600.570691,1773642004.137622,1145,374,160.104222,20.704693,0.373725,True
1684,1773641600.570720,1773642021.447580,1059,477,194.473361,19.392100,0.367818,True
1685,1773641600.570750,1773642005.160603,1080,395,160.147485,17.693356,0.361559,True
1686,1773641600.570784,1773641985.691921,1321,182,120.852974,21.083520,0.551212,True
1687,1773641600.570820,1773642007.039015,1035,400,163.419786,18.796421,0.362465,True
1688,1773641600.570848,1773642011.072795,1004,394,170.839628,21.850485,0.379107,True
1689,1773641600.570878,1773642013.664717,1165,421,175.752230,22.107338,0.365821,True
1690,1773641600.570907,1773642019.117727,1108,459,185.357891,18.858610,0.363536,True
1691,1773641600.570959,1773642000.371449,978,391,147.371271,13.458985,0.343365,True
1692,1773641600.570991,1773641968.820187,414,137,83.958449,20.714818,0.465027,True
1693,1773641600.571021,1773641962.636039,400,103,71.254566,17.116853,0.530762,True
1694,1773641600.571049,1773642013.342010,998,396,171.875523,23.578153,0.375436,True
1695,1773641600.571079,1773642011.200336,1045,393,167.572363,19.109203,0.378733,True
1696,1773641600.571112,1773642014.369182,1002,407,173.888517,20.668352,0.377390,True
1697,1773641600.571141,1773641966.858826,874,150,78.432059,12.145416,0.444877,True
1698,1773641600.571170,1773642024.098155,1060,415,192.786490,18.643795,0.420635,True
1699,1773641600.571211,1773641966.785978,399,92,76.959714,20.863182,0.616445,True
1700,1773641600.571246,1773642006.314272,1219,429,155.216191,11.438678,0.335929,True
1701,1773641600.571280,1773642013.273546,1100,371,168.966769,25.024334,0.389034,True
1702,1773641600.571308,1773642011.522048,1064,418,165.421624,17.261171,0.355301,True
1703,1773641600.571341,1773642020.187611,1064,414,182.547257,20.751301,0.391758,True
1704,1773641600.571371,1773642022.845723,1003,418,187.653565,21.666322,0.398051,True
1705,1773641600.571404,1773642034.019476,1204,437,209.980979,30.144621,0.412469,True
1706,1773641600.571432,1773641963.709771,1656,82,68.095465,18.812337,0.608434,True
1707,1773641600.571461,1773642025.102065,1179,445,190.605189,20.676182,0.382723,True
1708,1773641600.571492,1773642029.397169,1146,440,198.756265,23.363585,0.399528,True
1709,1773641600.571522,1773641960.094263,420,80,59.730522,15.843404,0.555533,True
1710,1773641600.571551,1773642039.852278,1136,518,218.328881,23.515534,0.376815,True
1711,1773641600.571580,1773641963.089501,402,95,64.199821,22.824868,0.440159,True
1712,1773641600.571609,1773641976.381228,18,128,88.661193,21.331864,0.530152,True
1713,1773641600.571638,1773642003.487323,12,231,142.366194,26.869751,0.502158,True
1714,1773641600.571670,1773642005.010259,1271,423,145.185379,7.727437,0.325730,True
1715,1773641600.571698,1773641969.069398,434,77,72.950233,21.966275,0.670842,True
1716,1773641600.571727,1773642018.009765,1050,362,169.142232,16.888238,0.421756,True
1717,1773641600.571755,1773642023.604537,1069,410,180.289742,22.729457,0.385233,True
1718,1773641600.571784,1773641954.732511,242,14,42.524191,20.344383,1.706139,True
1719,1773641600.571816,1773642016.707158,1116,451,166.077617,13.193112,0.339743,True
1720,1773641600.571845,1773642021.451051,998,411,175.523943,22.081518,0.374250,True
1721,1773641600.571874,1773642020.237839,1103,393,171.996162,22.430664,0.381545,True
1722,1773641600.571903,1773642027.812356,1163,418,186.939631,17.958928,0.405230,True
1723,1773641600.571952,1773642036.050817,1065,474,203.026254,22.666694,0.381310,True
1724,1773641600.571995,1773641975.889816,1063,93,81.975698,26.305165,0.605114,True
1725,1773641600.572040,1773641971.374783,398,95,71.396564,16.624993,0.582676,True
1726,1773641600.572071,1773641984.373220,874,169,97.371269,22.526978,0.445502,True
1727,1773641600.572101,1773642029.525969,1056,417,187.655007,28.617355,0.382302,True
1728,1773641600.572130,1773641961.832236,1116,79,50.933173,11.530188,0.505166,True
1729,1773641600.572167,1773642021.509624,1044,396,170.205116,22.357226,0.374298,True
1730,1773641600.572196,1773642025.648971,1075,466,177.918885,14.345946,0.351770,True
1731,1773641600.572225,1773641975.453529,401,89,77.316720,24.411976,0.601190,True
1732,1773641600.572257,1773642032.546377,1044,524,190.319844,13.220547,0.338622,True
1733,1773641600.572286,1773641974.857991,1312,157,74.816592,11.148743,0.408127,True
1734,1773641600.572315,1773642023.744612,1039,398,172.259084,20.162961,0.383114,True
1735,1773641600.572351,1773642022.510438,1027,390,169.726690,15.921287,0.395387,True
1736,1773641600.572380,1773641972.574547,395,93,69.811639,13.367004,0.613529,True
1737,1773641600.572409,1773642018.654905,1133,423,160.806599,13.558436,0.348929,True
1738,1773641600.572438,1773642055.379657,1156,565,234.235374,27.654602,0.366278,True
1739,1773641600.572468,1773642034.700465,1082,522,191.597543,14.460922,0.339994,True
1740,1773641600.572496,1773642010.341384,1126,375,142.858021,14.450124,0.343337,True
1741,1773641600.572537,1773641985.611890,1314,210,93.376643,14.729888,0.376300,True
1742,1773641600.572565,1773642017.386112,1062,373,156.589610,19.673128,0.368055,True
1743,1773641600.572594,1773641962.196594,238,14,45.483493,19.888327,1.968859,True
1744,1773641600.572624,1773641989.964507,1313,181,100.997041,15.798276,0.473326,True
1745,1773641600.572653,1773642031.679189,1200,406,184.324551,24.447484,0.394758,True
1746,1773641600.572681,1773641976.208308,413,137,73.361680,14.125886,0.435557,True
1747,1773641600.572713,1773642025.184150,1054,374,171.269690,27.711735,0.384874,True
1748,1773641600.572742,1773642075.232653,1059,622,270.543846,30.600048,0.386383,True
1749,1773641600.572772,1773642025.023907,1050,411,170.063439,19.730769,0.366665,True
1750,1773641600.572805,1773642031.274688,1069,419,180.951376,16.410397,0.393639,True
1751,1773641600.572834,1773642019.706957,1085,426,157.730752,11.591587,0.343857,True
1752,1773641600.572863,1773642020.925453,1012,434,157.795033,11.625431,0.337574,True
1753,1773641600.572891,1773641969.484930,1537,51,54.807941,18.316452,0.729830,True
1754,1773641600.572920,1773641979.196734,401,80,74.145905,21.841215,0.662085,True
1755,1773641600.572967,1773642059.524820,1158,589,234.511778,16.977639,0.369956,True
1756,1773641600.572994,1773642016.385121,1028,396,148.085859,13.958351,0.339563,True
1757,1773641600.573023,1773641967.427806,369,57,50.150157,13.947786,0.646471,True
1758,1773641600.573052,1773642045.798902,1133,507,206.536734,18.576962,0.371462,True
1759,1773641600.573081,1773642048.605112,1010,485,211.671943,22.851769,0.390124,True
1760,1773641600.573110,1773642027.131760,1066,465,166.992888,10.018054,0.338308,True
1761,1773641600.573139,1773642036.429334,1036,422,185.546829,28.313645,0.373475,True
1762,1773641600.573168,1773642035.205854,977,407,182.767972,18.077078,0.405643,True
1763,1773641600.573197,1773642038.714208,1097,411,189.213615,19.472119,0.414004,True
1764,1773641600.573225,1773641975.193211,396,88,61.216257,14.661765,0.535109,True
1765,1773641600.573254,1773642037.050297,1096,514,184.828367,9.958066,0.340878,True
1766,1773641600.573286,1773641964.949497,2006,77,40.297658,9.318085,0.407626,True
1767,1773641600.573315,1773642084.859504,1052,667,280.095914,23.357664,0.385493,True
1768,1773641600.573344,1773642028.499257,1082,428,165.936682,14.954923,0.353587,True
1769,1773641600.573383,1773642027.703184,1073,378,163.715784,16.830828,0.389615,True
1770,1773641600.573413,1773641977.429469,11,141,62.215903,7.797297,0.388704,True
1771,1773641600.573442,1773642023.876465,1093,396,154.876236,16.647553,0.349946,True
1772,1773641600.573474,1773642033.877080,1014,392,174.836190,26.971567,0.378170,True
1773,1773641600.573504,1773642032.539798,1085,375,171.833353,22.912415,0.398184,True
1774,1773641600.573533,1773642031.030896,1174,411,168.193173,21.164376,0.358607,True
1775,1773641600.573564,1773642010.787572,1094,378,127.350582,7.006352,0.319215,True
1776,1773641600.573593,1773642028.367879,1086,410,162.303911,16.038508,0.357617,True
1777,1773641600.573622,1773642020.291810,987,413,146.004942,9.530293,0.331249,True
1778,1773641600.573650,1773642026.012197,1088,363,157.014960,17.073839,0.386578,True
1779,1773641600.573679,1773642064.163576,1102,523,232.917951,20.207553,0.407491,True
1780,1773641600.573708,1773642021.785277,1029,401,147.789111,12.134190,0.339137,True
1781,1773641600.573737,1773642012.157434,981,381,128.008042,6.709695,0.319206,True
1782,1773641600.573766,1773642027.025808,1029,405,156.291959,14.374559,0.351281,True
1783,1773641600.573802,1773641978.011382,374,91,58.240495,14.363577,0.487521,True
1784,1773641600.573835,1773642040.439521,1023,415,182.931373,21.651407,0.389565,True
1785,1773641600.573864,1773641979.464558,956,59,60.434582,19.952424,0.697968,True
1786,1773641600.573894,1773642031.761103,1057,388,164.070449,15.845519,0.383010,True
1787,1773641600.573923,1773642038.944316,1053,385,178.099670,24.027685,0.401229,True
1788,1773641600.573974,1773642028.494262,1041,395,156.512959,19.022787,0.348960,True
1789,1773641600.574086,1773642025.130714,1146,401,149.349197,13.183565,0.340414,True
1790,1773641600.574117,1773642041.430736,1038,401,181.489777,20.541043,0.402372,True
1791,1773641600.574147,1773642042.807884,1051,440,184.201433,23.863422,0.365235,True
1792,1773641600.574183,1773641976.122555,15,134,49.441441,3.461191,0.345716,True
1793,1773641600.574215,1773642038.033395,1006,394,171.969084,26.657828,0.369749,True
1794,1773641600.574244,1773641970.211147,424,102,36.303673,2.804007,0.331680,True
1795,1773641600.574277,1773642032.344698,1029,415,160.549448,13.183582,0.355956,True
1796,1773641600.574306,1773642039.606393,1006,488,174.781862,9.654020,0.339072,True
1797,1773641600.574335,1773642019.304834,1005,386,134.158514,9.643964,0.323414,True
1798,1773641600.574365,1773641989.964501,404,96,74.879875,18.702879,0.591337,True
1799,1773641600.574395,1773642043.719191,1147,509,182.182821,12.979245,0.333078,True
1800,1773641600.574424,1773641989.106237,1314,138,72.913105,14.405990,0.427059,True
1801,1773641600.574453,1773642033.661534,1008,408,161.960412,16.579119,0.357202,True
1802,1773641600.574482,1773641981.355413,397,93,57.325623,12.914571,0.482729,True
1803,1773641600.574514,1773642040.733471,1027,450,174.523840,16.851187,0.351164,True
1804,1773641600.574546,1773641989.964310,424,96,72.197595,17.361763,0.577219,True
1805,1773641600.574576,1773642030.326882,1042,424,152.302996,10.258296,0.335803,True
1806,1773641600.574605,1773642034.501233,1094,385,160.482659,14.590463,0.379928,True
1807,1773641600.574634,1773641981.355679,415,93,53.943107,11.223214,0.464347,True
1808,1773641600.574664,1773642041.357718,1096,411,173.244379,23.971382,0.364080,True
1809,1773641600.574693,1773642004.066535,398,127,98.641002,23.960754,0.592700,True
1810,1773641600.574722,1773642062.055779,1052,564,213.120612,14.827191,0.352209,True
1811,1773641600.574751,1773642039.059051,1089,394,166.475410,24.087759,0.362310,True
1812,1773641600.574781,1773642046.868275,1160,443,181.782729,14.371224,0.378759,True
1813,1773641600.574814,1773641981.856038,1786,50,51.445193,17.424955,0.694291,True
1814,1773641600.574846,1773642060.050892,1090,558,207.167753,7.966836,0.357632,True
1815,1773641600.574874,1773641997.146876,1317,180,81.255949,15.069008,0.369759,True
1816,1773641600.574903,1773642047.889133,1179,511,182.492052,12.074106,0.334153,True
1817,1773641600.574950,1773642035.428747,1116,368,156.639405,15.156279,0.385513,True
1818,1773641600.574986,1773641985.964536,388,55,57.418864,16.666832,0.754667,True
1819,1773641600.575015,1773642001.751852,887,112,88.741114,23.409777,0.588571,True
1820,1773641600.575044,1773642031.268356,1020,385,147.690078,15.055222,0.345403,True
1821,1773641600.575074,1773641993.714383,1313,135,71.001134,15.889445,0.411281,True
1822,1773641600.575107,1773642044.160974,1055,395,171.521358,18.188505,0.389170,True
1823,1773641600.575135,1773642028.252081,1130,391,139.230436,8.612064,0.334919,True
1824,1773641600.575165,1773642045.110897,1062,398,172.466983,16.046457,0.394006,True
1825,1773641600.575194,1773642041.697128,1070,411,165.411508,17.938419,0.359690,True
1826,1773641600.575226,1773641973.510085,238,14,27.656934,12.208437,1.188346,True
1827,1773641600.575256,1773642046.515005,1060,468,172.829120,7.664723,0.353671,True
1828,1773641600.575285,1773642041.837698,1026,379,163.368565,17.767782,0.385187,True
1829,1773641600.575314,1773642048.712718,1073,385,176.892768,21.260122,0.405293,True
1830,1773641600.575347,1773642016.495521,1325,198,112.226847,27.919735,0.427955,True
1831,1773641600.575385,1773641993.977006,387,58,66.274909,18.190336,0.843589,True
1832,1773641600.575417,1773641988.736360,438,93,55.068597,14.255624,0.443619,True
1833,1773641600.575447,1773641995.997900,406,86,69.469069,19.527506,0.587548,True
1834,1773641600.575476,1773641995.176612,388,93,67.804450,18.634700,0.534454,True
1835,1773641600.575507,1773642003.274400,398,107,83.245030,26.649758,0.533918,True
1836,1773641600.575535,1773641988.880133,22,131,54.087937,6.880846,0.363131,True
1837,1773641600.575564,1773641990.337123,417,110,56.915223,12.223628,0.410015,True
1838,1773641600.575593,1773642057.200093,1052,400,189.997948,27.656421,0.406871,True
1839,1773641600.575622,1773642048.535100,1069,388,172.106489,18.056194,0.398063,True
1840,1773641600.575653,1773642062.487475,1019,427,199.698787,28.081507,0.402857,True
1841,1773641600.575682,1773642038.414018,1222,396,151.424546,12.755682,0.351060,True
1842,1773641600.575710,1773641983.462179,902,29,41.018679,14.968313,0.930370,True
1843,1773641600.575742,1773642048.115296,1051,440,170.037420,18.900588,0.344275,True
1844,1773641600.575771,1773642017.208518,2006,175,107.975123,28.953802,0.454146,True
1845,1773641600.575799,1773642045.593150,1135,388,163.752877,16.263044,0.381111,True
1846,1773641600.575827,1773642005.664583,1349,172,83.566424,13.917215,0.407305,True
1847,1773641600.575856,1773642080.020354,1147,525,231.344530,26.215830,0.391467,True
1848,1773641600.575885,1773642039.990137,1095,387,150.367600,18.643976,0.341253,True
1849,1773641600.575917,1773642043.806635,1158,383,157.789721,14.181911,0.375937,True
1850,1773641600.575968,1773642034.642500,1090,414,139.376689,5.645001,0.323806,True
1851,1773641600.575997,1773641998.143126,396,99,66.355436,14.119308,0.533022,True
1852,1773641600.576025,1773642050.395369,1091,397,170.178167,16.403818,0.388319,True
1853,1773641600.576054,1773642050.073606,1083,430,167.752458,19.252125,0.346155,True
1854,1773641600.576082,1773642048.847197,1136,396,165.238888,14.352038,0.381992,True
1855,1773641600.576111,1773642046.774269,1001,375,159.969118,16.434231,0.383783,True
1856,1773641600.576139,1773642013.903224,50,154,94.082900,25.313060,0.449476,True
1857,1773641600.576169,1773642078.919540,1056,499,223.203621,26.427163,0.395133,True
1858,1773641600.576201,1773642083.062925,1084,534,231.362045,28.451255,0.380696,True
1859,1773641600.576229,1773642062.219447,1062,416,189.571103,29.773902,0.385053,True
1860,1773641600.576260,1773641987.392099,773,41,39.833351,11.608714,0.705616,True
1861,1773641600.576288,1773642055.473212,1070,373,175.583560,29.526181,0.392627,True
1862,1773641600.576317,1773642055.897805,1085,407,175.702121,18.567311,0.387032,True
1863,1773641600.576345,1773642000.117686,388,75,63.976844,15.094972,0.660566,True
1864,1773641600.576374,1773642012.401774,383,80,88.189977,30.970256,0.724300,True
1865,1773641600.576403,1773642072.894064,1027,660,209.069223,5.240431,0.309300,True
1866,1773641600.576431,1773641999.151114,414,102,60.650462,10.258528,0.498930,True
1867,1773641600.576459,1773642074.195814,1164,444,210.246337,29.454579,0.408108,True
1868,1773641600.576491,1773642062.811190,1069,430,187.455091,20.711643,0.388679,True
1869,1773641600.576519,1773642046.674488,1136,396,154.681594,18.201897,0.345518,True
1870,1773641600.576548,1773641997.014516,1951,67,55.051315,16.053589,0.590875,True
1871,1773641600.576579,1773642079.277673,1044,527,219.323909,22.160092,0.374836,True
1872,1773641600.576608,1773642080.340085,1094,575,220.945999,11.039492,0.365691,True
1873,1773641600.576636,1773642042.366639,1086,446,144.296803,5.027126,0.312966,True
1874,1773641600.576665,1773642065.625867,991,394,189.716529,27.760373,0.412102,True
1875,1773641600.576694,1773641998.523522,383,59,55.218539,16.622000,0.665458,True
1876,1773641600.576722,1773642050.395277,976,388,158.027620,15.238528,0.368964,True
1877,1773641600.576751,1773642053.947025,1158,400,165.027761,14.989800,0.376035,True
1878,1773641600.576779,1773642165.021434,1089,1000,386.948890,22.873048,0.364440,True
1879,1773641600.576813,1773642054.960825,1031,388,166.286632,17.412497,0.384688,True
1880,1773641600.576842,1773642073.179778,1134,394,202.703749,32.735929,0.432488,True
1881,1773641600.576871,1773642025.800726,1314,227,106.813800,21.987428,0.375338,True
1882,1773641600.576901,1773642008.714446,400,90,72.267578,23.252889,0.550727,True
1883,1773641600.576930,1773642075.166487,1025,604,204.593146,2.873350,0.334527,True
1884,1773641600.576981,1773642065.703263,1052,415,185.561882,22.715993,0.393348,True
1885,1773641600.577010,1773642054.554040,1020,420,162.855265,10.004118,0.364800,True
1886,1773641600.577039,1773642012.499714,410,99,77.983017,20.873222,0.582753,True
1887,1773641600.577069,1773642052.463403,998,385,157.889987,14.154812,0.374310,True
1888,1773641600.577104,1773642062.955665,1120,419,178.209972,18.273977,0.382622,True
1889,1773641600.577132,1773642060.439173,1112,394,171.156510,1.678642,0.431241,True
1890,1773641600.577162,1773642095.868627,973,565,241.972323,24.255237,0.386023,True
1891,1773641600.577191,1773642022.680156,1351,148,94.968185,23.906361,0.483414,True
1892,1773641600.577219,1773642027.186082,16,163,103.606786,1.156765,0.632408,True
1893,1773641600.577249,1773642049.934906,1069,396,148.957436,8.709159,0.355059,True
1894,1773641600.577281,1773642016.837568,1316,193,81.880025,9.404836,0.377475,True
1895,1773641600.577313,1773642094.805791,1025,514,237.360189,35.400033,0.393685,True
1896,1773641600.577342,1773642030.878529,2006,77,109.319793,31.553574,1.023240,True
1897,1773641600.577382,1773642010.677918,378,51,68.814013,28.292975,0.810421,True
1898,1773641600.577410,1773642055.379649,1036,398,158.174754,19.631459,0.348976,True
1899,1773641600.577443,1773642090.481552,1042,558,228.357471,21.936285,0.370595,True
1900,1773641600.577472,1773642067.929388,1089,372,183.084482,27.778223,0.418615,True
1901,1773641600.577501,1773642051.806790,1146,395,150.202075,10.465693,0.354661,True
1902,1773641600.577530,1773642064.036780,1011,411,174.347850,22.413958,0.370570,True
1903,1773641600.577562,1773642069.359085,981,382,184.866922,27.238856,0.413722,True
1904,1773641600.577590,1773642074.659227,1138,414,194.455473,34.094148,0.388284,True
1905,1773641600.577619,1773642061.505401,1163,418,167.981841,14.609779,0.367799,True
1906,1773641600.577648,1773642085.022966,1087,417,214.011516,32.228814,0.436978,True
1907,1773641600.577677,1773642073.984747,1138,517,191.891789,10.119477,0.352272,True
1908,1773641600.577705,1773642083.652485,1160,468,210.601173,27.203458,0.392715,True
1909,1773641600.577734,1773642013.523697,21,165,68.632435,8.950862,0.363912,True
1910,1773641600.577762,1773642059.167716,1091,378,159.585827,21.379563,0.366595,True
1911,1773641600.577794,1773642058.823681,1149,407,158.706787,13.858549,0.356769,True
1912,1773641600.577826,1773642014.672491,1378,85,70.235659,21.836771,0.576177,True
1913,1773641600.577853,1773642086.616183,1013,397,214.100836,41.107617,0.436852,True
1914,1773641600.577881,1773642074.126966,1053,408,188.529583,26.485492,0.398143,True
1915,1773641600.577909,1773642056.392794,1049,398,152.402367,9.633488,0.359619,True
1916,1773641600.577962,1773642008.481809,1474,94,55.716699,14.759087,0.440404,True
1917,1773641600.578012,1773642012.276056,243,14,63.117656,30.154886,2.535598,True
1918,1773641600.578043,1773642017.647517,401,95,73.404182,20.446146,0.563383,True
1919,1773641600.578073,1773642029.246494,430,106,95.769111,30.971237,0.617123,True
1920,1773641600.578102,1773642079.776687,1044,415,196.807953,32.784902,0.396191,True
1921,1773641600.578137,1773642068.263560,1179,398,172.805198,17.579697,0.390996,True
1922,1773641600.578166,1773642061.152544,1175,401,157.577947,19.027741,0.346376,True
1923,1773641600.578194,1773642055.362588,1034,395,145.829959,8.296323,0.349070,True
1924,1773641600.578223,1773642004.585605,1951,46,42.234484,14.011006,0.627188,True
1925,1773641600.578252,1773642065.813772,1134,394,164.440394,15.846922,0.378100,True
1926,1773641600.578280,1773642012.214652,415,101,55.861132,13.195136,0.426660,True
1927,1773641600.578314,1773642068.291219,1157,416,167.828825,19.472853,0.357484,True
1928,1773641600.578429,1773642044.264871,983,151,118.781097,29.087457,0.597958,True
1929,1773641600.578460,1773642087.642752,1059,448,204.794128,26.650929,0.398531,True
1930,1773641600.578493,1773642084.232225,969,375,197.227690,35.666646,0.431981,True
1931,1773641600.578521,1773642003.025653,243,14,34.645830,13.737884,1.608304,True
1932,1773641600.578551,1773642060.634203,1011,373,149.322829,12.846656,0.366871,True
1933,1773641600.578580,1773642059.255631,1040,385,146.460736,17.824674,0.334990,True
1934,1773641600.578609,1773642067.630049,1047,419,162.429232,13.442825,0.356427,True
1935,1773641600.578638,1773642087.008929,1135,396,199.626426,28.328791,0.433665,True
1936,1773641600.578667,1773642089.136227,1162,401,203.673370,35.291511,0.420955,True
1937,1773641600.578696,1773642065.938638,1150,395,157.089323,15.209955,0.360100,True
1938,1773641600.578725,1773642023.156793,20,177,70.570193,7.961820,0.355729,True
1939,1773641600.578754,1773642009.911707,379,70,43.496411,11.879640,0.458214,True
1940,1773641600.578783,1773642090.288234,1106,396,203.097724,33.851577,0.428471,True
1941,1773641600.578812,1773642029.246186,414,95,80.723471,25.273342,0.589895,True
1942,1773641600.578844,1773642092.970210,1072,415,207.713531,30.698174,0.427573,True
1943,1773641600.578873,1773642006.911408,238,14,35.514533,16.327987,1.475888,True
1944,1773641600.578901,1773642010.327356,385,87,41.862665,6.437265,0.411923,True
1945,1773641600.578953,1773642018.641768,322,18,57.635768,25.700833,1.878526,True
1946,1773641600.578986,1773642069.432458,1026,396,158.922216,11.203928,0.373970,True
1947,1773641600.579015,1773642071.077087,970,403,162.190092,12.605272,0.372102,True
1948,1773641600.579048,1773642016.645325,1378,85,53.306043,16.761429,0.435055,True
1949,1773641600.579077,1773642029.624019,13,172,79.138504,15.427186,0.372581,True
1950,1773641600.579106,1773642087.751615,1004,388,194.812936,30.570298,0.424400,True
1951,1773641600.579135,1773642064.734967,980,372,148.756979,10.965995,0.371404,True
1952,1773641600.579165,1773642088.360242,1102,530,195.238062,14.505444,0.341650,True
1953,1773641600.579193,1773642090.559551,1005,394,198.929261,31.259671,0.426640,True
1954,1773641600.579225,1773642015.688823,403,94,48.479157,11.544952,0.397142,True
1955,1773641600.579255,1773642076.807972,1169,451,169.949080,12.930580,0.348930,True
1956,1773641600.579286,1773642080.773869,1140,397,177.133402,18.797281,0.399839,True
1957,1773641600.579315,1773642066.696587,1083,395,148.222995,16.174607,0.335148,True
1958,1773641600.579348,1773642089.423002,1034,398,192.722315,24.107080,0.424724,True
1959,1773641600.579377,1773642050.977101,404,131,114.521203,28.638482,0.660636,True
1960,1773641600.579406,1773642087.069195,1073,422,186.180527,23.957753,0.385327,True
1961,1773641600.579435,1773642020.845780,243,14,53.711936,23.946866,2.289621,True
1962,1773641600.579464,1773642069.003649,1146,389,149.694304,11.325529,0.356621,True
1963,1773641600.579495,1773642065.525450,1017,394,141.266454,13.867481,0.324170,True
1964,1773641600.579526,1773642091.551380,1164,395,193.172503,28.669559,0.417520,True
1965,1773641600.579554,1773642040.430261,1312,156,90.497558,16.815747,0.475367,True
1966,1773641600.579582,1773642068.085410,1096,396,145.785847,10.363661,0.342841,True
1967,1773641600.579611,1773642048.055164,983,151,105.353764,22.618814,0.551566,True
1968,1773641600.579640,1773642076.334428,1050,412,160.749958,11.976178,0.361980,True
1969,1773641600.579668,1773642019.475923,399,87,46.948314,12.758182,0.397560,True
1970,1773641600.579697,1773642024.996437,404,118,56.972586,9.046310,0.409626,True
1971,1773641600.579725,1773642033.082232,1992,91,72.120399,23.113725,0.544519,True
1972,1773641600.579754,1773642093.985274,1163,409,193.675420,23.607342,0.416834,True
1973,1773641600.579786,1773642107.001612,1103,577,219.604032,17.189915,0.351413,True
1974,1773641600.579815,1773642128.335468,1123,651,260.376039,16.570071,0.375086,True
1975,1773641600.579846,1773642084.064137,1032,396,171.812653,18.460636,0.388233,True
1976,1773641600.579879,1773642029.283807,315,18,62.103696,25.402697,2.158882,True
1977,1773641600.579908,1773642031.745919,1316,151,66.426698,18.396297,0.320203,True
1978,1773641600.579955,1773642080.354536,1014,398,163.621843,18.385625,0.365834,True
1979,1773641600.579993,1773642099.216013,1071,426,200.889097,29.161998,0.404064,True
1980,1773641600.580022,1773642090.973540,1069,523,184.383029,7.914744,0.338062,True
1981,1773641600.580054,1773642029.842336,421,93,61.380563,17.466631,0.477325,True
1982,1773641600.580083,1773642043.167375,1474,109,87.155424,24.298735,0.582006,True
1983,1773641600.580113,1773642089.234030,1097,393,178.214267,25.062369,0.390694,True
1984,1773641600.580150,1773642076.808246,1086,419,152.861930,10.345914,0.340947,True
1985,1773641600.580183,1773642023.278638,238,14,45.159998,20.056473,1.931040,True
1986,1773641600.580212,1773642080.610191,1088,382,159.573452,15.283063,0.378715,True
1987,1773641600.580241,1773642095.795256,1088,417,188.628282,25.428611,0.392307,True
1988,1773641600.580271,1773642033.270306,724,40,63.155710,23.190538,1.024748,True
1989,1773641600.580300,1773642099.305681,1151,404,195.101995,26.207984,0.419092,True
1990,1773641600.580329,1773642096.880400,1101,385,190.229918,26.197241,0.427168,True
1991,1773641600.580358,1773642111.715106,1090,558,219.730287,15.728610,0.366251,True
1992,1773641600.580387,1773642086.674320,960,413,167.696437,14.257687,0.372424,True
1993,1773641600.580419,1773642096.315791,1094,411,186.834135,21.984384,0.402073,True
1994,1773641600.580448,1773642092.969815,1111,396,179.864514,26.835121,0.387416,True
1995,1773641600.580476,1773642050.736744,1316,140,94.917038,19.348607,0.543658,True
1996,1773641600.580512,1773642087.132311,1094,377,167.284347,17.501621,0.398358,True
1997,1773641600.580539,1773642037.716209,403,86,68.223560,19.022435,0.578837,True
1998,1773641600.580574,1773642053.817219,1316,149,99.492068,26.723186,0.491682,True
1999,1773641600.580603,1773642111.024149,1114,442,213.760675,28.842705,0.419315,True
2000,1773641600.580632,1773642049.845884,1323,213,90.920247,12.469874,0.370049,True
2001,1773641600.580663,1773642053.621154,397,181,98.057047,19.153792,0.438351,True
2002,1773641600.580694,1773642098.832773,1069,419,188.024237,20.972799,0.399645,True
2003,1773641600.580722,1773642060.380374,1316,207,110.724440,24.031357,0.420840,True
2004,1773641600.580752,1773642043.675359,374,76,77.023298,25.337096,0.689149,True
2005,1773641600.580784,1773642095.120743,994,396,179.418535,24.460264,0.392299,True
2006,1773641600.580812,1773642044.710779,1961,96,78.079607,21.594088,0.594584,True
2007,1773641600.580840,1773642104.821156,961,388,197.169330,28.555524,0.435695,True
2008,1773641600.580869,1773642045.679193,397,94,78.715986,25.214305,0.575287,True
2009,1773641600.580898,1773642090.171507,1053,380,166.510931,16.830539,0.394935,True
2010,1773641600.580926,1773642050.433840,1314,111,86.783615,24.715328,0.564257,True
2011,1773641600.580976,1773642103.099645,1131,432,191.695922,18.115097,0.402740,True
2012,1773641600.581005,1773642076.102723,1198,394,136.916458,7.922610,0.328229,True
2013,1773641600.581037,1773642097.254581,1074,377,177.526771,26.292250,0.402219,True
2014,1773641600.581066,1773642041.293706,44,121,65.145144,8.362780,0.473186,True
2015,1773641600.581095,1773642017.050059,738,10,15.460063,6.247226,1.023649,True
2016,1773641600.581128,1773642025.884867,738,10,32.729991,14.639505,2.010054,True
2017,1773641600.581156,1773642037.378705,738,20,54.926387,24.867772,1.582032,True
2018,1773641600.581185,1773642088.430259,1026,418,156.202030,7.676219,0.356177,True
2019,1773641600.581213,1773642096.503011,1040,399,172.305821,21.185247,0.379700,True
2020,1773641600.581242,1773642101.140149,1133,414,180.920785,15.095366,0.401514,True
2021,1773641600.581274,1773642024.183774,808,43,26.776061,6.600585,0.480368,True
2022,1773641600.581302,1773642052.424853,373,78,82.696330,26.681440,0.727466,True
2023,1773641600.581331,1773642042.023663,1138,80,61.625024,17.200087,0.562341,True
2024,1773641600.581376,1773642081.491320,1133,379,139.936701,6.482591,0.353053,True
2025,1773641600.581409,1773642019.205767,120,12,14.084729,5.232665,0.804733,True
2026,1773641600.581459,1773642105.517796,1073,419,186.605103,21.261370,0.395559,True
2027,1773641600.581496,1773642105.999666,1128,428,187.443687,14.315298,0.405453,True
2028,1773641600.581541,1773642043.538899,1020,74,62.270174,20.517271,0.571958,True
2029,1773641600.581583,1773642116.737612,1124,411,208.454281,26.651569,0.443421,True
2030,1773641600.581621,1773642114.924633,1048,396,203.298359,27.735487,0.444463,True
2031,1773641600.581666,1773642096.180464,1013,394,165.661618,14.477192,0.384693,True
2032,1773641600.581708,1773642045.629645,376,69,64.205804,19.949979,0.650821,True
2033,1773641600.581745,1773642081.374730,1148,393,135.398085,5.399535,0.331629,True
2034,1773641600.581790,1773642089.833455,1018,391,151.838663,10.463339,0.362501,True
2035,1773641600.581826,1773642047.563543,1337,79,67.193377,21.605961,0.584454,True
2036,1773641600.581871,1773642039.785088,1099,57,50.823733,15.753715,0.626250,True
2037,1773641600.581909,1773642101.034353,1051,396,173.135455,21.995070,0.382634,True
2038,1773641600.581973,1773642098.370024,1138,398,167.536381,14.505054,0.385469,True
2039,1773641600.582006,1773642109.251032,1148,375,189.153816,27.857525,0.431274,True
2040,1773641600.582035,1773642037.312902,424,114,44.797202,5.081682,0.351465,True
2041,1773641600.582074,1773642039.050960,388,80,46.707881,8.680672,0.481357,True
2042,1773641600.582115,1773642105.408893,1091,397,179.174385,19.751154,0.402584,True
2043,1773641600.582153,1773642046.641172,1484,88,60.495314,17.817449,0.490550,True
2044,1773641600.582198,1773642063.483490,1312,181,93.969835,15.735781,0.434634,True
2045,1773641600.582235,1773642103.747259,1031,403,174.188159,21.918530,0.378780,True
2046,1773641600.582280,1773642092.706353,1089,402,151.980446,8.803410,0.357050,True
2047,1773641600.582323,1773642108.334885,1135,390,182.991120,24.345924,0.407828,True
2048,1773641600.582363,1773642032.992739,391,87,31.873375,2.938980,0.336446,True
2049,1773641600.582406,1773642093.825418,974,406,153.227757,9.108998,0.355849,True
2050,1773641600.582443,1773642104.792390,1013,396,174.810392,15.631755,0.402984,True
2051,1773641600.582489,1773642071.617415,1316,150,107.920882,27.251353,0.541406,True
2052,1773641600.582520,1773642110.035018,1084,429,184.029785,21.789063,0.379067,True
2053,1773641600.582551,1773642105.895227,1162,390,175.474664,24.447675,0.388244,True
2054,1773641600.582594,1773642058.009511,1061,117,78.711693,18.089796,0.522603,True
2055,1773641600.582631,1773642089.692461,1046,427,142.057180,4.002079,0.324073,True
2056,1773641600.582677,1773642119.878527,1183,501,201.513665,13.385162,0.376257,True
2057,1773641600.582712,1773642081.036725,1182,372,123.644298,3.451340,0.323970,True
2058,1773641600.582758,1773642097.199509,1167,398,155.781461,12.448398,0.361040,True
2059,1773641600.582794,1773642055.098897,381,76,71.227965,25.423173,0.610731,True
2060,1773641600.582839,1773642119.873393,1198,405,200.323161,20.913065,0.444084,True
2061,1773641600.582872,1773642092.855695,1006,397,146.267571,9.867161,0.344445,True
2062,1773641600.582914,1773642109.117970,1026,385,177.838788,22.330462,0.404970,True
2063,1773641600.582976,1773642104.551250,1022,413,168.621529,13.710308,0.375998,True
2064,1773641600.583014,1773642055.983199,900,102,71.360545,17.108337,0.537151,True
2065,1773641600.583059,1773642060.152055,911,97,78.596691,23.205383,0.576993,True
2066,1773641600.583102,1773642106.735544,1096,398,171.612577,17.925845,0.387120,True
2067,1773641600.583231,1773642058.767189,389,87,74.624758,23.453257,0.595017,True
2068,1773641600.583265,1773642106.629200,1102,420,170.328069,13.852621,0.373450,True
2069,1773641600.583311,1773642113.698702,1010,391,184.359713,19.962757,0.421531,True
2070,1773641600.583349,1773642108.786286,1148,398,173.994128,18.571019,0.391494,True
2071,1773641600.583389,1773642099.008268,1024,396,154.249897,13.131418,0.357262,True
2072,1773641600.583440,1773642112.574588,1023,394,180.122199,23.697854,0.398026,True
2073,1773641600.583472,1773642038.038552,242,14,30.694298,12.626606,1.389822,True
2074,1773641600.583504,1773642113.570096,1144,396,181.445041,22.346791,0.402780,True
2075,1773641600.583546,1773642102.894074,995,449,159.462046,3.157705,0.348894,True
2076,1773641600.583584,1773642122.958639,1082,411,199.338304,19.777738,0.437953,True
2077,1773641600.583629,1773642055.928653,1020,74,64.633241,19.454719,0.618884,True
2078,1773641600.583665,1773642101.281185,989,392,155.066898,12.972186,0.363414,True
2079,1773641600.583710,1773642033.569612,1717,28,19.374393,5.507823,0.513577,True
2080,1773641600.583747,1773642108.177785,1013,373,168.157239,23.733296,0.388236,True
2081,1773641600.583796,1773642111.777511,1051,427,175.167936,18.559065,0.367626,True
2082,1773641600.583827,1773642058.674061,382,64,68.093100,20.567030,0.754382,True
2083,1773641600.583864,1773642065.749307,1313,204,81.486794,10.310049,0.350624,True
2084,1773641600.583914,1773642058.821310,381,88,67.587746,19.126141,0.557030,True
2085,1773641600.583979,1773642129.419509,1051,538,208.617546,11.608901,0.366869,True
2086,1773641600.584016,1773642031.827290,243,14,13.389754,4.257782,0.702459,True
2087,1773641600.584062,1773642064.015854,1337,79,77.641171,24.310734,0.683724,True
2088,1773641600.584097,1773642057.199922,401,164,63.092711,3.737289,0.364144,True
2089,1773641600.584143,1773642052.282695,120,12,52.947428,23.697239,2.659108,True
2090,1773641600.584179,1773642116.207906,1130,398,180.777436,23.872248,0.395227,True
2091,1773641600.584224,1773642116.483115,1134,393,181.180953,18.261081,0.415612,True
2092,1773641600.584267,1773642108.247697,1053,385,164.459358,16.694582,0.384804,True
2093,1773641600.584304,1773642117.518246,1015,393,180.970503,17.785885,0.416287,True
2094,1773641600.584348,1773642068.577076,25,165,82.880766,13.223711,0.424738,True
2095,1773641600.584384,1773642117.722178,1168,453,181.066710,17.338915,0.362230,True
2096,1773641600.584429,1773642111.563156,1023,396,167.706114,16.780476,0.382090,True
2097,1773641600.584466,1773642138.071642,964,476,220.495640,25.653583,0.410194,True
2098,1773641600.584517,1773642048.953474,1360,90,41.384955,6.109171,0.396357,True
2099,1773641600.584560,1773642121.425125,1048,397,186.101064,18.810392,0.422451,True
2100,1773641600.584608,1773642109.716999,996,441,162.437358,10.911948,0.344376,True
2101,1773641600.584650,1773642053.221740,890,89,49.426497,5.861658,0.495055,True
2102,1773641600.584690,1773642111.777601,1135,415,165.047304,15.273923,0.361771,True
2103,1773641600.584728,1773642063.974797,408,100,69.422132,19.187521,0.507420,True
2104,1773641600.584772,1773642112.790571,1266,397,166.991748,16.484806,0.380068,True
2105,1773641600.584808,1773642058.652263,403,89,58.487987,16.371282,0.478599,True
2106,1773641600.584853,1773642123.028996,1127,398,186.995678,22.535703,0.414257,True
2107,1773641600.584890,1773642061.655392,390,79,64.041010,16.285758,0.612247,True
2108,1773641600.584954,1773642115.735050,1084,390,171.783303,18.327371,0.394488,True
2109,1773641600.585001,1773642109.357478,963,399,158.045376,10.025534,0.371909,True
2110,1773641600.585048,1773642068.062364,404,128,74.355613,15.192351,0.465852,True
2111,1773641600.585090,1773642110.822658,1201,396,159.561519,16.538385,0.362084,True
2112,1773641600.585136,1773642126.187575,1115,418,189.836312,15.915449,0.417076,True
2113,1773641600.585176,1773642118.095300,1025,397,173.629689,22.196500,0.382407,True
2114,1773641600.585219,1773642069.979446,418,113,76.590549,17.484515,0.527732,True
2115,1773641600.585261,1773642124.871802,984,409,186.249601,20.320087,0.406690,True
2116,1773641600.585303,1773642114.584314,1150,394,165.632764,15.989765,0.380771,True
2117,1773641600.585349,1773642107.499741,1011,384,151.336850,9.327436,0.370782,True
2118,1773641600.585402,1773642121.425117,1149,383,178.156646,17.737212,0.419946,True
2119,1773641600.585445,1773642066.713579,408,103,68.337967,16.623910,0.507001,True
2120,1773641600.585492,1773642056.881509,386,67,48.652424,15.025311,0.509502,True
2121,1773641600.585535,1773642141.630826,1196,410,217.260271,40.447474,0.432305,True
2122,1773641600.585577,1773642120.498964,1008,414,174.830198,20.392825,0.373940,True
2123,1773641600.585619,1773642122.379096,985,421,178.199330,16.930298,0.383974,True
2124,1773641600.585660,1773642121.349469,988,432,175.552920,13.701276,0.375526,True
2125,1773641600.585703,1773642114.755531,1027,414,162.176312,13.912898,0.358991,True
2126,1773641600.585750,1773642126.283552,1042,394,184.800796,21.002448,0.416790,True
2127,1773641600.585792,1773642117.681487,1071,384,167.308178,16.680953,0.393283,True
2128,1773641600.585835,1773642122.378908,1093,401,175.732712,15.697357,0.400088,True
2129,1773641600.585877,1773642137.084577,1171,523,204.874222,15.635704,0.362526,True
2130,1773641600.585909,1773642148.023781,1048,433,226.628747,40.331429,0.431244,True
2131,1773641600.585954,1773642074.550329,1821,84,78.666618,21.488431,0.688894,True
2132,1773641600.585992,1773642071.947822,388,98,73.025697,21.472687,0.531474,True
2133,1773641600.586043,1773642065.407281,1047,99,58.695560,14.024470,0.455827,True
2134,1773641600.586085,1773642086.052507,21,138,99.240093,18.453154,0.589686,True
2135,1773641600.586122,1773642123.652494,971,444,173.192677,9.020593,0.370592,True
2136,1773641600.586166,1773642148.273402,1185,434,221.906749,38.657315,0.423209,True
2137,1773641600.586203,1773642127.246877,1231,396,179.730898,22.626459,0.397733,True
2138,1773641600.586248,1773642068.584547,413,113,61.714063,13.580703,0.429762,True
2139,1773641600.586282,1773642132.579604,1255,414,189.082124,20.232599,0.408837,True
2140,1773641600.586323,1773642075.197705,922,104,74.298196,22.362143,0.504234,True
2141,1773641600.586361,1773642115.019069,1080,375,153.188615,12.744507,0.375519,True
2142,1773641600.586405,1773642074.256071,383,48,71.061590,22.209531,1.039406,True
2143,1773641600.586437,1773642052.742982,120,12,27.593758,11.762098,1.439242,True
2144,1773641600.586469,1773642063.579776,376,84,49.040555,10.402998,0.465513,True
2145,1773641600.586515,1773642093.629081,1315,199,109.117644,20.579569,0.447162,True
2146,1773641600.586551,1773642071.500773,36,130,63.776796,11.557099,0.404804,True
2147,1773641600.586596,1773642070.012297,422,67,60.446816,20.621992,0.603406,True
2148,1773641600.586633,1773642056.564522,374,44,33.403051,11.444799,0.510657,True
2149,1773641600.586685,1773642077.139094,1360,94,74.281939,18.272853,0.602248,True
2150,1773641600.586717,1773642118.150089,1076,396,155.432009,9.028264,0.370642,True
2151,1773641600.586747,1773642077.754824,1313,137,74.620400,12.186860,0.459070,True
2152,1773641600.586788,1773642071.632520,890,89,61.794410,16.401481,0.515829,True
2153,1773641600.586825,1773642125.896073,1161,395,169.184134,16.615324,0.387230,True
2154,1773641600.586876,1773642074.790483,382,86,66.848364,16.904530,0.587575,True
2155,1773641600.586915,1773642078.799537,397,86,74.719922,19.495096,0.649704,True
2156,1773641600.586978,1773642073.070684,420,88,62.740824,16.685107,0.529376,True
2157,1773641600.587010,1773642123.011745,1062,397,162.326448,12.484675,0.378388,True
2158,1773641600.587042,1773642131.104095,1122,377,178.156877,21.492447,0.416661,True
2159,1773641600.587085,1773642145.454124,1099,420,206.155750,33.601553,0.411824,True
2160,1773641600.587123,1773642129.249023,1048,379,172.861471,17.567369,0.410831,True
2161,1773641600.587168,1773642136.177336,1055,413,186.005955,19.706657,0.403639,True
2162,1773641600.587199,1773642068.584539,1006,44,50.796788,16.258527,0.803215,True
2163,1773641600.587231,1773642081.433384,1670,117,75.774694,17.428302,0.502986,True
2164,1773641600.587281,1773642065.947425,411,81,44.530287,8.958652,0.444645,True
2165,1773641600.587312,1773642085.783831,1757,45,84.116681,33.016755,1.161362,True
2166,1773641600.587341,1773642141.087239,999,419,194.555198,23.245326,0.409832,True
2167,1773641600.587371,1773642058.784922,247,14,29.233936,10.973413,1.404656,True
2168,1773641600.587418,1773642138.523757,1020,388,188.499928,20.696936,0.433599,True
2169,1773641600.587456,1773642082.925005,442,99,76.417386,23.550242,0.539461,True
2170,1773641600.587500,1773642070.495035,324,18,50.747994,17.760178,1.940460,True
2171,1773641600.587533,1773642124.967632,1009,410,158.736879,9.080648,0.365908,True
2172,1773641600.587565,1773642072.894335,391,104,54.525174,9.509961,0.437041,True
2173,1773641600.587614,1773642089.068910,1313,157,86.770066,17.383197,0.444788,True
2174,1773641600.587645,1773642098.369808,1317,198,105.123169,19.162199,0.436350,True
2175,1773641600.587681,1773642073.191034,386,99,53.345799,11.401274,0.428005,True
2176,1773641600.587726,1773642128.235005,1043,401,163.183481,16.424047,0.366899,True
2177,1773641600.587760,1773642071.544700,1165,45,49.719010,16.401596,0.757214,True
2178,1773641600.587802,1773642138.071482,1028,414,182.586606,17.239028,0.400357,True
2179,1773641600.587840,1773642094.350455,1821,143,94.961065,24.311691,0.497531,True
2180,1773641600.587883,1773642058.784914,237,14,22.426361,7.569856,1.142808,True
2181,1773641600.587917,1773642152.226343,1151,434,208.662407,32.892495,0.405935,True
2182,1773641600.587990,1773642092.102557,1484,159,88.080958,18.557919,0.440019,True
2183,1773641600.588033,1773642080.981893,427,93,65.715796,14.962817,0.551663,True
2184,1773641600.588074,1773642132.442698,1207,400,167.804756,16.836554,0.378366,True
2185,1773641600.588121,1773642125.962891,1001,407,154.698185,7.666742,0.362146,True
2186,1773641600.588158,1773642093.875542,50,168,90.311962,17.900353,0.433602,True
2187,1773641600.588203,1773642081.058962,1381,40,64.407560,27.422181,0.948343,True
2188,1773641600.588234,1773642071.679786,396,93,45.442890,8.960818,0.396544,True
2189,1773641600.588265,1773642129.090656,1040,396,158.485169,14.574251,0.364331,True
2190,1773641600.588308,1773642071.357552,394,88,42.831292,6.338977,0.419452,True
2191,1773641600.588346,1773642073.856965,378,48,47.558446,13.009284,0.735089,True
2192,1773641600.588390,1773642154.110875,1307,501,207.425115,17.569508,0.379711,True
2193,1773641600.588422,1773642134.850561,974,402,168.883956,17.559031,0.377369,True
2194,1773641600.588460,1773642149.595627,1129,467,198.353119,18.937860,0.385011,True
2195,1773641600.588503,1773642120.459924,1040,388,140.040602,4.240111,0.350906,True
2196,1773641600.588539,1773642144.747204,1159,405,188.012877,18.603079,0.419331,True
2197,1773641600.588595,1773642150.403642,946,398,198.831164,28.890085,0.428063,True
2198,1773641600.588627,1773642130.497453,967,419,157.373619,5.864858,0.362461,True
2199,1773641600.588658,1773642134.114703,1109,383,163.649630,13.018436,0.394322,True
2200,1773641600.588709,1773642161.904543,1171,526,218.957693,14.197210,0.390020,True
2201,1773641600.588741,1773642072.248394,1670,65,39.562340,8.268854,0.488961,True
2202,1773641600.588782,1773642124.513084,1039,399,143.524499,4.924628,0.348241,True
2203,1773641600.588819,1773642132.280908,1184,405,158.114347,9.703230,0.367354,True
2204,1773641600.588863,1773642073.765885,421,99,40.268597,5.461525,0.355174,True
2205,1773641600.588900,1773642136.989023,1046,398,166.340059,14.252347,0.383092,True
2206,1773641600.589056,1773642144.346101,1034,428,180.779897,18.691713,0.379598,True
2207,1773641600.589100,1773642076.115539,373,93,43.110893,6.654198,0.396268,True
2208,1773641600.589144,1773642082.944015,890,115,55.954888,15.306385,0.356566,True
2209,1773641600.589185,1773642077.068288,377,51,43.928723,12.967570,0.619223,True
2210,1773641600.589224,1773642082.650833,426,126,54.570845,5.848710,0.389777,True
2211,1773641600.589269,1773642082.424697,1508,76,54.074379,14.407298,0.528894,True
2212,1773641600.589307,1773642144.076436,1059,410,177.356669,18.311912,0.388862,True
2213,1773641600.589369,1773642132.631351,1196,410,154.302392,10.790753,0.350884,True
2214,1773641600.589414,1773642154.496164,1072,419,197.187018,26.365221,0.408665,True
2215,1773641600.589451,1773642146.528595,1020,394,181.189906,16.372060,0.419384,True
2216,1773641600.589502,1773642095.509342,26,150,79.048658,16.662696,0.418698,True
2217,1773641600.589539,1773642135.147715,1045,378,157.499305,11.011873,0.388561,True
2218,1773641600.589588,1773642156.002577,1116,446,198.860560,17.297872,0.408006,True
2219,1773641600.589624,1773642137.717067,1084,418,161.666982,11.599186,0.359875,True
2220,1773641600.589674,1773642100.503892,1338,195,86.595730,8.031663,0.404969,True
2221,1773641600.589706,1773642172.697480,1137,509,230.960648,25.122761,0.405193,True
2222,1773641600.589739,1773642160.311209,1130,468,204.581545,17.639425,0.400304,True
2223,1773641600.589785,1773642097.934718,387,82,78.556357,23.611656,0.678330,True
2224,1773641600.589822,1773642140.427226,1087,402,163.500387,9.670388,0.383616,True
2225,1773641600.589867,1773642140.816746,1075,395,164.088789,14.937778,0.378556,True
2226,1773641600.589903,1773642140.427504,1131,396,163.266811,10.964863,0.385575,True
2227,1773641600.589971,1773642095.351221,1353,144,73.093569,12.004142,0.427199,True
2228,1773641600.590005,1773642089.233753,1484,159,60.816284,14.381902,0.293888,True
2229,1773641600.590035,1773642148.760997,1183,384,179.849658,16.823704,0.425655,True
2230,1773641600.590064,1773642101.900838,1318,148,85.462548,18.969229,0.452336,True
2231,1773641600.590094,1773642091.690699,1907,90,64.848624,17.728702,0.529437,True
2232,1773641600.590123,1773642097.934549,401,82,76.815263,22.741074,0.667583,True
2233,1773641600.590153,1773642105.440818,1961,95,90.767715,27.427869,0.673828,True
2234,1773641600.590181,1773642086.165621,403,135,52.004827,13.044571,0.290748,True
2235,1773641600.590210,1773642094.864086,389,100,68.946293,17.748001,0.517154,True
2236,1773641600.590246,1773642098.021411,399,101,75.153184,20.805925,0.543473,True
2237,1773641600.590277,1773642143.977640,953,375,166.673001,14.820065,0.406024,True
2238,1773641600.590320,1773642151.612585,1066,431,180.908310,18.132557,0.378548,True
2239,1773641600.590362,1773642074.477437,298,18,25.929945,11.695020,0.837349,True
2240,1773641600.590400,1773642150.398056,1146,413,177.481618,13.803870,0.397276,True
2241,1773641600.590445,1773642191.478239,1178,607,258.822867,19.373647,0.395131,True
2242,1773641600.590482,1773642140.556171,1066,388,156.665635,15.915524,0.363695,True
2243,1773641600.590526,1773642146.863375,1248,378,168.741796,19.847309,0.394946,True
2244,1773641600.590562,1773642096.315642,387,68,66.986825,20.392806,0.695433,True
2245,1773641600.590611,1773642142.856737,1027,392,159.800623,13.325716,0.374616,True
2246,1773641600.590643,1773642102.418530,858,107,77.863591,17.954108,0.565184,True
2247,1773641600.590675,1773642153.571431,1052,413,179.965643,19.861804,0.388602,True
2248,1773641600.590717,1773642149.811484,1034,417,171.655269,18.429248,0.368332,True
2249,1773641600.590755,1773642146.264734,1038,394,164.478267,15.265530,0.379676,True
2250,1773641600.590799,1773642083.648255,120,12,39.201337,17.203316,1.999820,True
2251,1773641600.590841,1773642086.165477,435,117,43.982855,12.108381,0.274780,True
2252,1773641600.590878,1773642156.990092,1190,403,184.495651,22.966792,0.401813,True
2253,1773641600.590928,1773642100.616652,955,68,70.396693,22.806474,0.710302,True
2254,1773641600.591004,1773642154.313624,1248,423,177.560465,16.680622,0.381232,True
2255,1773641600.591036,1773642107.211981,406,96,83.169937,22.597620,0.637603,True
2256,1773641600.591069,1773642156.105462,1093,411,180.789065,18.653592,0.395452,True
2257,1773641600.591119,1773642098.947930,434,82,66.389363,16.659812,0.613945,True
2258,1773641600.591152,1773642082.659261,368,72,33.687416,10.466789,0.327051,True
2259,1773641600.591184,1773642154.595984,988,375,177.291659,23.576890,0.411002,True
2260,1773641600.591232,1773642093.347138,418,95,54.771513,11.357471,0.461852,True
2261,1773641600.591268,1773642094.824579,1531,70,56.253217,17.264563,0.565053,True
2262,1773641600.591314,1773642152.690423,1135,410,171.940145,10.598312,0.394479,True
2263,1773641600.591350,1773642091.126074,1142,79,46.976144,10.949934,0.461874,True
2264,1773641600.591396,1773642154.496358,1189,378,173.115824,21.417802,0.402382,True
2265,1773641600.591444,1773642111.112925,394,97,86.099373,22.784199,0.659533,True
2266,1773641600.591484,1773642173.242024,1147,498,210.295018,23.338421,0.376170,True
2267,1773641600.591522,1773642159.642030,985,427,182.744775,15.697934,0.392129,True
2268,1773641600.591566,1773642099.235484,1047,99,61.867201,17.465554,0.453078,True
2269,1773641600.591600,1773642161.352685,1128,410,185.541090,22.265483,0.399207,True
2270,1773641600.591650,1773642102.418698,647,74,67.651860,19.632467,0.657800,True
2271,1773641600.591683,1773642161.283701,972,388,185.360698,21.430384,0.423593,True
2272,1773641600.591715,1773642080.013113,242,14,22.005170,9.577320,0.955988,True
2273,1773641600.591761,1773642160.684210,1048,412,182.642670,19.992792,0.395742,True
2274,1773641600.591798,1773642162.583248,1062,394,186.296281,19.023791,0.425630,True
2275,1773641600.591842,1773642097.144066,396,97,54.325414,10.915971,0.452182,True
2276,1773641600.591885,1773642111.015483,431,99,81.983739,21.087330,0.621392,True
2277,1773641600.591923,1773642103.604079,405,92,66.212160,17.960992,0.530233,True
2278,1773641600.591990,1773642164.256269,959,384,186.339612,20.125258,0.433980,True
2279,1773641600.592021,1773642092.582884,387,68,42.428511,9.528887,0.491039,True
2280,1773641600.592051,1773642170.007058,1254,419,197.000421,25.320119,0.410718,True
2281,1773641600.592083,1773642096.457997,396,75,49.817020,14.218025,0.481067,True
2282,1773641600.592133,1773642165.108819,1100,424,186.973499,17.809602,0.399915,True
2283,1773641600.592169,1773642167.279327,1028,408,191.272314,21.250720,0.417743,True
2284,1773641600.592219,1773642156.056438,955,394,168.741557,17.145953,0.385739,True
2285,1773641600.592252,1773642127.230324,19,178,110.554452,19.158219,0.516363,True
2286,1773641600.592284,1773642110.544115,373,60,76.579530,25.516711,0.865472,True
2287,1773641600.592330,1773642159.151319,1023,396,172.495302,11.846013,0.406707,True
2288,1773641600.592372,1773642146.556449,1105,407,147.285972,9.247394,0.339996,True
2289,1773641600.592414,1773642164.522689,1028,379,182.886306,21.578080,0.426741,True
2290,1773641600.592452,1773642114.663464,1907,84,82.957236,24.199940,0.707919,True
2291,1773641600.592497,1773642158.130883,1028,396,169.871596,17.027517,0.386947,True
2292,1773641600.592534,1773642178.055914,1364,480,208.576016,12.706341,0.408914,True
2293,1773641600.592579,1773642168.127969,1034,417,188.530180,17.685664,0.410684,True
2294,1773641600.592621,1773642166.275608,1084,414,184.578237,12.487542,0.416684,True
2295,1773641600.592659,1773642100.951964,378,45,53.638213,16.978117,0.833184,True
2296,1773641600.592703,1773642110.673803,1028,55,72.933515,25.968586,0.869721,True
2297,1773641600.592738,1773642166.495238,1103,396,184.470415,16.951929,0.424097,True
2298,1773641600.592782,1773642122.382479,1314,156,95.806293,20.283777,0.487242,True
2299,1773641600.592829,1773642110.783797,404,91,72.461737,20.210103,0.580574,True
2300,1773641600.592867,1773642143.370025,1002,388,137.403219,7.492190,0.335687,True
2301,1773641600.592911,1773642181.812145,1128,502,214.037936,19.378767,0.388541,True
2302,1773641600.592973,1773642150.560416,1018,395,150.766084,11.073587,0.354549,True
2303,1773641600.593022,1773642102.276979,840,45,54.155276,16.892111,0.846890,True
2304,1773641600.593067,1773642110.882573,449,119,71.282055,18.930743,0.443655,True
2305,1773641600.593105,1773642108.571495,376,145,64.931427,10.145237,0.380460,True
2306,1773641600.593149,1773642162.495813,1030,393,172.738527,11.841265,0.410452,True
2307,1773641600.593181,1773642099.543420,374,79,46.395840,11.622167,0.445816,True
2308,1773641600.593220,1773642103.894216,1992,66,54.159143,17.563454,0.563011,True
2309,1773641600.593258,1773642160.022374,957,388,166.393819,20.166460,0.377848,True
2310,1773641600.593292,1773642159.695968,1043,377,165.243113,17.098001,0.394003,True
2311,1773641600.593321,1773642118.535281,864,129,82.770813,18.514642,0.502001,True
2312,1773641600.593363,1773642169.695440,1150,395,183.864101,14.268609,0.430445,True
2313,1773641600.593403,1773642107.473782,386,69,57.336352,16.775014,0.596490,True
2314,1773641600.593449,1773642104.571048,325,18,51.281801,21.245559,1.766838,True
2315,1773641600.593480,1773642167.779556,1114,429,176.987025,14.843735,0.378839,True
2316,1773641600.593513,1773642156.063633,1093,398,152.558124,10.373398,0.358148,True
2317,1773641600.593563,1773642167.296135,1052,373,174.558433,14.025972,0.431539,True
2318,1773641600.593594,1773642168.242197,1122,377,176.429888,20.148485,0.415642,True
2319,1773641600.593626,1773642171.950597,1002,373,183.217306,15.710906,0.450286,True
2320,1773641600.593672,1773642169.805183,1071,405,178.884043,17.610608,0.399192,True
2321,1773641600.593721,1773642101.909450,1369,44,42.576758,12.600428,0.697124,True
2322,1773641600.593758,1773642180.419089,1160,468,199.282635,16.190811,0.392060,True
2323,1773641600.593802,1773642113.613774,1868,82,65.242334,21.040708,0.545699,True
2324,1773641600.593844,1773642107.788856,1571,89,53.486133,14.306060,0.445228,True
2325,1773641600.593885,1773642117.063555,719,113,71.993718,13.062649,0.526170,True
2326,1773641600.593946,1773642111.840885,413,102,60.926113,15.614241,0.448632,True
2327,1773641600.593986,1773642168.235463,1066,431,173.593248,16.959478,0.364265,True
2328,1773641600.594024,1773642165.823754,1058,419,168.647017,13.102334,0.372116,True
2329,1773641600.594069,1773642172.699867,1000,375,180.540996,19.604488,0.430312,True
2330,1773641600.594101,1773642116.735067,404,68,68.151883,21.656552,0.693960,True
2331,1773641600.594133,1773642125.648620,1484,159,85.957958,16.553805,0.439267,True
2332,1773641600.594175,1773642114.366012,400,98,62.873713,12.609691,0.518186,True
2333,1773641600.594212,1773642112.503142,429,84,59.104565,16.272606,0.516048,True
2334,1773641600.594257,1773642168.154422,1054,414,170.179261,11.537596,0.384120,True
2335,1773641600.594288,1773642105.537793,691,51,43.765450,11.883511,0.637639,True
2336,1773641600.594327,1773642113.067122,396,90,58.800893,15.512990,0.486381,True
2337,1773641600.594366,1773642121.507317,387,97,74.872649,20.244566,0.569043,True
2338,1773641600.594414,1773642163.095488,1185,384,157.716480,13.533831,0.376456,True
2339,1773641600.594445,1773642218.464924,1130,609,268.154157,24.150631,0.401322,True
2340,1773641600.594486,1773642133.632483,1313,145,97.528060,21.932421,0.524970,True
2341,1773641600.594524,1773642128.107579,398,123,86.161047,15.149232,0.582064,True
2342,1773641600.594568,1773642177.553613,1121,423,183.517361,22.409209,0.381773,True
2343,1773641600.594600,1773642125.932308,428,101,79.747427,22.480169,0.572673,True
2344,1773641600.594632,1773642173.918772,1077,391,175.484385,16.120956,0.408624,True
2345,1773641600.594766,1773642114.965087,1341,50,57.554549,18.853220,0.789823,True
2346,1773641600.594804,1773642114.435244,384,69,55.620024,14.532497,0.604228,True
2347,1773641600.594851,1773642164.893386,1085,363,156.430242,13.401251,0.395108,True
2348,1773641600.594883,1773642124.421710,404,93,74.809245,13.902625,0.662028,True
2349,1773641600.594914,1773642130.555961,1386,125,86.952066,20.107560,0.539069,True
2350,1773641600.594977,1773642116.735334,382,57,59.183527,19.657731,0.705818,True
2351,1773641600.595010,1773642116.300008,396,104,57.306689,7.892093,0.479753,True
2352,1773641600.595042,1773642125.301534,410,152,75.081371,7.777750,0.445719,True
2353,1773641600.595088,1773642120.549222,993,40,64.373768,22.021218,1.085963,True
2354,1773641600.595124,1773642112.522263,391,57,48.174590,12.722644,0.633070,True
2355,1773641600.595170,1773642164.392787,1190,375,150.627853,13.242371,0.367341,True
2356,1773641600.595213,1773642119.209649,1912,72,60.138721,17.465401,0.601033,True
2357,1773641600.595253,1773642185.017072,1101,430,191.560748,20.654009,0.398384,True
2358,1773641600.595291,1773642133.277079,719,113,88.058165,20.642971,0.601921,True
2359,1773641600.595336,1773642133.048305,1314,144,87.230349,12.544264,0.522280,True
2360,1773641600.595367,1773642176.697768,1024,395,174.004551,23.236423,0.382660,True
2361,1773641600.595407,1773642169.948992,1126,397,160.214949,12.426140,0.373204,True
2362,1773641600.595447,1773642218.671083,976,599,256.977435,18.824432,0.398249,True
2363,1773641600.595485,1773642180.497069,1110,427,180.395677,17.001976,0.383553,True
2364,1773641600.595530,1773642185.891367,1091,401,190.814082,22.701828,0.420281,True
2365,1773641600.595562,1773642162.756229,1093,396,144.378035,6.482726,0.349102,True
2366,1773641600.595595,1773642170.266458,983,400,158.576026,13.606334,0.363333,True
2367,1773641600.595644,1773642138.273889,1314,152,94.277614,18.829546,0.499656,True
2368,1773641600.595686,1773642176.607780,1015,458,170.093147,7.050275,0.356768,True
2369,1773641600.595724,1773642184.394339,1152,395,185.395439,21.489631,0.416005,True
2370,1773641600.595770,1773642127.666329,12,113,71.105736,9.863819,0.546803,True
2371,1773641600.595802,1773642201.176792,1125,468,217.169513,19.882239,0.422457,True
2372,1773641600.595844,1773642175.007843,1024,410,164.597016,10.922262,0.375733,True
2373,1773641600.595877,1773642124.566673,1571,89,63.419633,20.075034,0.492552,True
2374,1773641600.595909,1773642127.103712,376,91,68.245378,17.447187,0.564424,True
2375,1773641600.595972,1773642168.192754,1049,411,150.402336,6.532021,0.350903,True
2376,1773641600.596006,1773642122.052259,1139,50,57.398115,20.961021,0.743614,True
2377,1773641600.596049,1773642172.017366,977,411,156.770715,10.952776,0.355654,True
2378,1773641600.596099,1773642166.732893,1076,375,145.806676,9.802135,0.363649,True
2379,1773641600.596131,1773642175.201524,1131,413,162.640341,9.916732,0.370688,True
2380,1773641600.596163,1773642181.041350,1008,446,174.096193,9.804799,0.369194,True
2381,1773641600.596205,1773642135.559316,1353,182,82.414090,7.813425,0.412158,True
2382,1773641600.596242,1773642117.181443,730,42,44.743686,15.160768,0.721535,True
2383,1773641600.596286,1773642187.384862,1240,398,185.109346,20.021045,0.415840,True
2384,1773641600.596318,1773642128.053110,398,105,66.362116,18.060014,0.464443,True
2385,1773641600.596357,1773642140.780270,1386,125,91.317430,17.022783,0.599150,True
2386,1773641600.596395,1773642195.365379,1182,411,200.005425,21.152605,0.436226,True
2387,1773641600.596439,1773642124.473499,400,92,57.914324,11.784827,0.506918,True
2388,1773641600.596480,1773642161.097805,1316,256,130.599573,18.453410,0.439789,True
2389,1773641600.596523,1773642127.542073,398,97,63.339442,13.220450,0.522073,True
2390,1773641600.596560,1773642113.698872,650,54,35.030538,9.593161,0.479951,True
2391,1773641600.596605,1773642172.401887,1160,414,152.166704,6.702567,0.352213,True
2392,1773641600.596640,1773642120.791425,1187,84,48.924253,8.988172,0.481158,True
2393,1773641600.596685,1773642189.078568,1094,406,185.227501,20.054256,0.407835,True
2394,1773641600.596720,1773642184.588532,1098,449,176.163410,14.953790,0.359843,True
2395,1773641600.596761,1773642126.283561,398,80,58.790178,19.630867,0.495687,True
2396,1773641600.596799,1773642127.391336,954,54,60.484872,20.205928,0.759980,True
2397,1773641600.596843,1773642127.782153,419,99,61.159784,11.890549,0.502747,True
2398,1773641600.596874,1773642130.484919,400,97,66.438762,16.986182,0.515131,True
2399,1773641600.596906,1773642170.171067,1146,375,144.469062,9.437127,0.361048,True
2400,1773641600.596967,1773642173.781111,1210,385,151.667373,11.315417,0.365500,True
2401,1773641600.597000,1773642125.356534,396,90,54.648437,14.899701,0.446615,True
2402,1773641600.597032,1773642118.634930,435,64,40.524351,7.403809,0.525723,True
2403,1773641600.597074,1773642127.226531,375,96,57.686900,7.393354,0.529406,True
2404,1773641600.597121,1773642124.972603,381,81,52.275942,10.428110,0.523098,True
2405,1773641600.597157,1773642126.478061,384,99,55.054152,12.509598,0.434128,True
2406,1773641600.597206,1773642136.270103,1912,72,74.512090,26.216171,0.680224,True
2407,1773641600.597249,1773642181.369231,1095,423,164.292226,10.540210,0.364341,True
2408,1773641600.597286,1773642192.848379,1201,426,187.207788,18.783107,0.396293,True
2409,1773641600.597338,1773642208.251077,1092,502,217.887326,20.299371,0.394387,True
2410,1773641600.597378,1773642135.826169,1109,91,72.561990,19.117899,0.593823,True
2411,1773641600.597410,1773642121.349207,366,80,41.674656,7.816610,0.428583,True
2412,1773641600.597453,1773642130.662562,1730,104,60.070468,7.625205,0.509177,True
2413,1773641600.597490,1773642145.642003,1357,200,89.366984,11.502134,0.391281,True
2414,1773641600.597534,1773642128.859163,372,79,55.631740,14.311983,0.529740,True
2415,1773641600.597566,1773642188.448035,1025,414,174.599993,13.294800,0.390569,True
2416,1773641600.597604,1773642179.736875,1171,396,156.907625,12.535609,0.365499,True
2417,1773641600.597642,1773642120.887042,371,62,37.968540,9.557746,0.465751,True
2418,1773641600.597688,1773642134.710570,881,141,65.594682,6.414856,0.422713,True
2419,1773641600.597720,1773642133.715608,413,106,62.855534,11.530669,0.488808,True
2420,1773641600.597755,1773642118.744198,120,12,32.637594,12.017367,1.874566,True
2421,1773641600.597804,1773642183.639895,1087,394,162.407101,13.717001,0.378346,True
2422,1773641600.597836,1773642187.950031,1136,396,170.107869,19.442738,0.381431,True
2423,1773641600.597865,1773642129.390893,376,56,52.568726,15.556585,0.672948,True
2424,1773641600.597903,1773642186.241374,1244,396,165.269127,13.841124,0.383362,True
2425,1773641600.597966,1773642193.263721,1184,424,179.022118,15.528676,0.386509,True
2426,1773641600.597999,1773642127.580555,1047,87,47.363165,11.270499,0.419682,True
2427,1773641600.598031,1773642132.117491,1999,97,55.126273,11.306752,0.456453,True
2428,1773641600.598068,1773642178.854192,1085,375,148.554824,11.576404,0.366252,True
2429,1773641600.598105,1773642185.862314,1002,398,162.136169,12.612105,0.376635,True
2430,1773641600.598149,1773642195.403136,1063,385,181.154402,19.273111,0.421566,True
2431,1773641600.598184,1773642157.462091,1315,163,104.094140,17.486711,0.534614,True
2432,1773641600.598212,1773642179.816691,1150,411,148.737178,5.530189,0.349285,True
2433,1773641600.598241,1773642142.497139,1098,88,73.948615,18.230384,0.640439,True
2434,1773641600.598274,1773642189.237709,1158,427,167.387151,12.263795,0.364139,True
2435,1773641600.598301,1773642190.070266,1069,388,168.328053,15.687681,0.394420,True
2436,1773641600.598330,1773642136.327358,429,100,60.633337,11.395846,0.497348,True
2437,1773641600.598359,1773642187.079810,1076,404,160.893126,13.939800,0.364648,True
2438,1773641600.598389,1773642126.972251,385,87,40.467648,4.550966,0.417636,True
2439,1773641600.598418,1773642150.385694,398,146,86.754461,18.565625,0.470268,True
2440,1773641600.598450,1773642179.816801,1035,373,145.201747,10.978717,0.360815,True
2441,1773641600.598478,1773642192.737019,1089,395,170.520679,17.093127,0.389410,True
2442,1773641600.598506,1773642151.740265,1316,203,88.465163,14.831209,0.364525,True
2443,1773641600.598538,1773642138.523610,870,81,61.453563,17.889373,0.544552,True
2444,1773641600.598565,1773642212.431506,1170,502,208.485558,16.381090,0.383442,True
2445,1773641600.598594,1773642183.220771,1190,375,149.938737,13.578034,0.364601,True
2446,1773641600.598623,1773642198.801893,1027,390,180.910360,16.857390,0.421730,True
2447,1773641600.598651,1773642213.960734,1145,478,210.772245,28.185448,0.382782,True
2448,1773641600.598679,1773642190.292622,982,442,163.002823,6.602254,0.354650,True
2449,1773641600.598710,1773642204.950332,1103,411,191.650633,17.828784,0.423956,True
2450,1773641600.598739,1773642130.108046,306,18,41.692037,16.312260,1.492928,True
2451,1773641600.598767,1773642191.743073,1254,419,164.749279,10.712683,0.368509,True
2452,1773641600.598802,1773642130.335891,957,74,41.233821,7.811908,0.457834,True
2453,1773641600.598830,1773642196.501044,1067,395,172.918443,16.701114,0.396491,True
2454,1773641600.598858,1773642204.053184,1176,500,187.016459,10.364625,0.354012,True
2455,1773641600.598887,1773642187.215254,1160,398,153.063337,8.966415,0.362965,True
2456,1773641600.598915,1773642202.106582,1086,405,182.633516,17.575626,0.408559,True
2457,1773641600.598979,1773642195.365876,1113,417,169.065004,17.153504,0.365172,True
2458,1773641600.599010,1773642141.486596,1010,82,61.204937,17.935125,0.534195,True
2459,1773641600.599040,1773642144.059041,7,143,66.079579,10.810090,0.389222,True
2460,1773641600.599069,1773642141.340070,406,80,60.620157,17.789522,0.542160,True
2461,1773641600.599102,1773642136.802831,1109,84,51.358229,12.971854,0.462486,True
2462,1773641600.599130,1773642138.920881,430,102,54.709582,10.263408,0.440061,True
2463,1773641600.599159,1773642137.948103,393,59,52.454377,15.232960,0.641749,True
2464,1773641600.599188,1773642139.741169,309,18,55.915498,24.976522,1.819940,True
2465,1773641600.599218,1773642142.935988,396,84,62.283629,16.929136,0.546440,True
2466,1773641600.599247,1773642207.268519,952,427,190.843526,27.014330,0.384576,True
2467,1773641600.599276,1773642203.556479,1042,403,182.100942,17.410632,0.409677,True
2468,1773641600.599311,1773642191.038654,1074,378,157.022815,14.251789,0.378703,True
2469,1773641600.599340,1773642199.604290,1044,386,174.052009,19.789232,0.400683,True
2470,1773641600.599372,1773642129.093690,368,45,32.600230,10.854220,0.494228,True
2471,1773641600.599401,1773642201.275409,1236,376,176.404252,29.289123,0.392307,True
2472,1773641600.599431,1773642155.893991,772,136,84.624463,14.426199,0.519987,True
2473,1773641600.599462,1773642199.036395,1185,401,170.823158,15.194829,0.389071,True
2474,1773641600.599492,1773642193.023328,1034,417,158.631105,7.056238,0.364363,True
2475,1773641600.599521,1773642137.213976,383,94,46.991540,7.045518,0.429527,True
2476,1773641600.599549,1773642208.124972,1022,494,187.510516,9.277795,0.361527,True
2477,1773641600.599578,1773642198.518561,972,396,168.151801,18.580492,0.378662,True
2478,1773641600.599607,1773642143.737014,402,135,58.293246,9.057502,0.367431,True
2479,1773641600.599638,1773642210.011232,1183,501,190.674217,7.951549,0.365445,True
2480,1773641600.599665,1773642274.208572,1025,916,318.881083,13.955296,0.333252,True
2481,1773641600.599693,1773642144.076349,373,88,58.281193,15.098197,0.496356,True
2482,1773641600.599722,1773642147.065183,387,67,64.194806,17.399669,0.709017,True
2483,1773641600.599751,1773642153.041183,1315,188,76.022382,10.429988,0.350761,True
2484,1773641600.599857,1773642161.687687,1315,154,91.889475,13.428509,0.512817,True
2485,1773641600.599887,1773642156.063781,58,111,79.704025,16.155635,0.577713,True
2486,1773641600.599917,1773642137.367411,957,74,42.122875,9.606586,0.445429,True
2487,1773641600.599972,1773642130.442553,647,46,27.900932,6.133789,0.483714,True
2488,1773641600.600009,1773642208.493598,1022,426,183.508263,13.320790,0.400441,True
2489,1773641600.600038,1773642139.413776,382,54,45.327192,13.283714,0.604594,True
2490,1773641600.600067,1773642150.290753,392,104,67.060627,14.031200,0.514849,True
2491,1773641600.600096,1773642197.581303,1155,403,161.021247,13.053812,0.368078,True
2492,1773641600.600126,1773642193.264552,1057,398,152.160174,12.395307,0.352053,True
2493,1773641600.600155,1773642195.578724,1129,416,156.110841,6.675114,0.360086,True
2494,1773641600.600187,1773642145.890790,1358,51,56.404982,17.020466,0.787690,True
2495,1773641600.600217,1773642208.123571,1004,413,180.785311,24.631288,0.379015,True
2496,1773641600.600246,1773642152.157064,391,97,68.104744,14.262918,0.560852,True
2497,1773641600.600278,1773642214.835231,1004,399,193.356778,29.516901,0.411658,True
2498,1773641600.600307,1773642210.470368,989,426,183.862582,12.593085,0.402987,True
2499,1773641600.600336,1773642137.762228,459,90,38.237082,5.554436,0.367221,True
2500,1773641600.600365,1773642135.996757,373,80,34.495358,5.449017,0.367675,True
2501,1773641600.600393,1773642200.343060,1147,448,162.254503,8.196311,0.344649,True
2502,1773641600.600422,1773642140.512554,1280,91,41.258190,7.121008,0.379302,True
2503,1773641600.600451,1773642201.764700,1037,410,163.741166,11.896072,0.371259,True
2504,1773641600.600479,1773642137.760580,869,47,34.591170,7.679361,0.585039,True
2505,1773641600.600508,1773642147.304340,371,69,53.592817,12.692871,0.601470,True
2506,1773641600.600548,1773642211.965044,1094,411,182.810129,15.050100,0.409171,True
2507,1773641600.600578,1773642210.442306,1108,442,179.279948,12.692534,0.377749,True
2508,1773641600.600606,1773642142.686343,394,79,43.582982,8.684816,0.447412,True
2509,1773641600.600636,1773642173.457089,849,100,104.210097,31.143454,0.738047,True
2510,1773641600.600668,1773642170.780919,403,86,98.835948,32.688910,0.778200,True
2511,1773641600.600697,1773642151.397982,1314,152,59.944342,7.477858,0.347460,True
2512,1773641600.600729,1773642196.688007,1063,374,150.503850,10.398858,0.375617,True
2513,1773641600.600758,1773642153.908276,851,85,64.798276,14.206234,0.602286,True
2514,1773641600.600786,1773642151.188071,902,75,58.250328,14.357495,0.593146,True
2515,1773641600.600822,1773642149.595886,385,78,54.420929,10.815392,0.566306,True
2516,1773641600.600851,1773642202.935324,1039,410,161.078649,11.098788,0.366699,True
2517,1773641600.600880,1773642206.785257,1094,411,168.757119,13.876017,0.377759,True
2518,1773641600.600909,1773642202.155672,981,409,158.372612,8.865657,0.366439,True
2519,1773641600.600959,1773642159.151055,1999,97,72.256202,16.533089,0.580449,True
2520,1773641600.600995,1773642148.696810,386,79,51.326379,12.576567,0.496792,True
2521,1773641600.601024,1773642163.854794,1315,144,80.383890,14.576144,0.460194,True
2522,1773641600.601053,1773642147.998135,371,100,47.131008,8.918926,0.385981,True
2523,1773641600.601083,1773642160.237665,405,93,71.506222,20.632234,0.552978,True
2524,1773641600.601116,1773642149.228929,783,45,49.426413,17.545973,0.724555,True
2525,1773641600.601146,1773642206.302884,1054,397,163.468366,19.254375,0.364177,True
2526,1773641600.601176,1773642227.298482,1200,518,204.837529,14.059614,0.369010,True
2527,1773641600.601205,1773642165.523102,430,86,81.095035,20.141011,0.717106,True
2528,1773641600.601234,1773642207.907372,1039,404,165.842173,13.067188,0.379094,True
2529,1773641600.601264,1773642214.749558,1093,411,178.886690,16.489005,0.396092,True
2530,1773641600.601293,1773642250.126445,1014,659,249.535868,20.441693,0.348167,True
2531,1773641600.601325,1773642198.475546,1069,383,145.650336,8.675969,0.358572,True
2532,1773641600.601362,1773642224.050335,1056,430,196.296492,28.149817,0.391950,True
2533,1773641600.601398,1773642153.674796,402,92,55.484010,13.006409,0.466787,True
2534,1773641600.601426,1773642165.321054,1730,107,78.712990,16.098252,0.590705,True
2535,1773641600.601455,1773642169.812074,31,234,87.235035,7.157112,0.343682,True
2536,1773641600.601485,1773642153.530008,386,90,54.484658,12.652136,0.470028,True
2537,1773641600.601516,1773642157.528610,421,92,62.459641,14.966072,0.521907,True
2538,1773641600.601548,1773642157.438967,1351,139,61.911906,6.956444,0.398228,True
2539,1773641600.601576,1773642219.547469,1072,401,185.139707,28.054774,0.392712,True
2540,1773641600.601605,1773642227.520008,1144,550,200.828756,8.920748,0.349559,True
2541,1773641600.601634,1773642209.274795,1045,411,164.089674,9.762613,0.376407,True
2542,1773641600.601665,1773642224.675524,1054,443,194.870046,19.759453,0.396178,True
2543,1773641600.601694,1773642200.971201,983,377,147.438829,10.657805,0.363779,True
2544,1773641600.601723,1773642250.359186,1162,594,245.925606,15.931412,0.387849,True
2545,1773641600.601752,1773642171.521469,2042,45,87.936763,34.544261,1.213466,True
2546,1773641600.601782,1773642198.276562,1026,408,141.381964,5.853898,0.332993,True
2547,1773641600.601810,1773642218.807616,1041,463,182.277370,11.542354,0.369556,True
2548,1773641600.601839,1773642230.381195,1069,414,205.175811,35.814792,0.410075,True
2549,1773641600.601867,1773642205.212436,1190,375,154.304777,19.181321,0.361293,True
2550,1773641600.601896,1773642154.402369,1280,92,52.581633,13.457570,0.429935,True
2551,1773641600.601931,1773642210.188351,1107,453,163.902933,9.224493,0.342209,True
2552,1773641600.601983,1773642225.338822,1162,449,193.994729,16.463125,0.396276,True
2553,1773641600.602012,1773642156.363046,390,104,55.003949,9.048526,0.446169,True
2554,1773641600.602047,1773642198.966737,1003,381,139.732224,8.980777,0.344083,True
2555,1773641600.602077,1773642226.395168,1074,434,194.568114,17.889219,0.408034,True
2556,1773641600.602106,1773642157.528622,1737,89,56.545163,13.943810,0.484106,True
2557,1773641600.602135,1773642222.925383,1143,426,187.047364,17.226343,0.399579,True
2558,1773641600.602168,1773642228.201420,1079,396,197.555825,26.468836,0.433132,True
2559,1773641600.602197,1773642164.551613,849,100,68.870495,15.631890,0.537764,True
2560,1773641600.602230,1773642203.845750,1045,397,146.999184,10.842927,0.343829,True
2561,1773641600.602259,1773642154.076479,385,89,47.251057,11.117903,0.410604,True
2562,1773641600.602288,1773642158.095705,407,122,55.207011,7.417414,0.394955,True
2563,1773641600.602318,1773642219.513363,1143,396,178.019771,19.459778,0.401418,True
2564,1773641600.602347,1773642152.526798,958,89,43.923087,9.573122,0.390341,True
2565,1773641600.602376,1773642157.250543,1031,74,53.161359,14.761644,0.526023,True
2566,1773641600.602407,1773642272.337273,1127,639,282.443972,24.777109,0.403867,True
2567,1773641600.602436,1773642241.695149,1101,478,219.139797,25.126302,0.406737,True
2568,1773641600.602464,1773642173.333398,409,78,82.082958,24.321397,0.750150,True
2569,1773641600.602496,1773642213.062231,1054,454,161.229261,7.690450,0.338938,True
2570,1773641600.602525,1773642161.485791,400,82,57.806525,13.165397,0.551125,True
2571,1773641600.602554,1773642155.165338,421,80,45.062455,8.554904,0.462121,True
2572,1773641600.602583,1773642229.774254,1077,468,193.435441,14.176509,0.383852,True
2573,1773641600.602611,1773642206.329063,1023,397,146.090252,8.608821,0.347175,True
2574,1773641600.602640,1773642217.201021,1044,386,167.127501,17.440956,0.388796,True
2575,1773641600.602668,1773642181.811404,403,135,96.179191,23.531327,0.542148,True
2576,1773641600.602700,1773642156.750529,397,66,45.248866,11.622148,0.517334,True
2577,1773641600.602730,1773642227.966412,1117,442,186.501786,21.897806,0.373252,True
2578,1773641600.602762,1773642160.951424,61,136,52.179783,7.031363,0.334433,True
2579,1773641600.602796,1773642187.804173,27,192,105.303019,15.925683,0.467944,True
2580,1773641600.602824,1773642234.932512,1035,388,198.732740,28.164905,0.440744,True
2581,1773641600.602853,1773642221.818624,1129,396,171.979745,16.424219,0.393811,True
2582,1773641600.602882,1773642228.438326,1056,451,184.861629,13.425096,0.380970,True
2583,1773641600.602911,1773642170.693292,1315,166,69.013677,8.223295,0.368427,True
2584,1773641600.602959,1773642165.099530,406,104,57.637071,10.960330,0.453172,True
2585,1773641600.602991,1773642172.714791,12,149,72.764671,13.100126,0.403139,True
2586,1773641600.603020,1773642182.975920,444,99,92.328418,26.795855,0.668700,True
2587,1773641600.603049,1773642166.267158,393,102,58.536630,10.752135,0.473114,True
2588,1773641600.603078,1773642153.095258,375,64,32.003638,4.095724,0.442983,True
2589,1773641600.603107,1773642174.013709,1313,143,73.591429,15.000703,0.412611,True
2590,1773641600.603136,1773642182.570153,402,98,90.389434,26.355761,0.660141,True
2591,1773641600.603165,1773642243.066047,1180,597,210.696231,12.640982,0.332307,True
2592,1773641600.603193,1773642226.580329,1147,394,177.621126,26.517781,0.384487,True
2593,1773641600.603222,1773642223.922171,1117,387,172.281885,17.354070,0.401367,True
2594,1773641600.603254,1773642180.980098,404,145,86.046407,14.296011,0.498267,True
2595,1773641600.603286,1773642210.552422,1091,375,144.939700,12.727742,0.353508,True
2596,1773641600.603314,1773642219.121426,1061,418,162.056743,15.501019,0.351453,True
2597,1773641600.603342,1773642219.513347,1038,387,162.470467,15.085027,0.381828,True
2598,1773641600.603371,1773642231.614508,1052,409,186.174329,18.395227,0.411223,True
2599,1773641600.603400,1773642172.939373,391,155,68.802168,8.702993,0.390254,True
2600,1773641600.603431,1773642195.965364,1313,169,114.071610,27.548773,0.515017,True
2601,1773641600.603460,1773642216.617909,1038,394,154.396071,8.331398,0.371666,True
2602,1773641600.603494,1773642163.947570,1737,92,48.406348,9.480099,0.427761,True
2603,1773641600.603524,1773642227.174263,1001,403,173.478034,14.145748,0.396349,True
2604,1773641600.603553,1773642233.950264,1100,426,187.008379,16.141536,0.402040,True
2605,1773641600.603582,1773642171.536576,400,95,62.033464,16.402987,0.485431,True
2606,1773641600.603612,1773642162.594789,395,78,44.063691,9.795771,0.445038,True
2607,1773641600.603641,1773642221.689908,1066,432,161.813520,15.119620,0.340357,True
2608,1773641600.603672,1773642171.208069,1639,91,60.765059,12.338714,0.538070,True
2609,1773641600.603700,1773642234.054970,1013,375,185.923886,25.385196,0.429248,True
2610,1773641600.603729,1773642223.919769,1104,399,165.153243,15.047187,0.377151,True
2611,1773641600.603757,1773642229.261501,1027,429,175.548263,14.902803,0.375340,True
2612,1773641600.603786,1773642215.710090,1116,426,148.152334,7.590506,0.330734,True
2613,1773641600.603815,1773642228.568926,944,393,172.138051,15.557850,0.399439,True
2614,1773641600.603844,1773642169.179636,453,85,52.982533,12.654118,0.480100,True
2615,1773641600.603873,1773642168.449179,371,79,51.168577,13.038164,0.488851,True
2616,1773641600.603902,1773642268.514002,1039,717,251.133981,14.861250,0.329990,True
2617,1773641600.603930,1773642219.458581,1072,446,152.161100,7.669960,0.324699,True
2618,1773641600.603981,1773642186.752907,404,104,86.022138,24.341555,0.598841,True
2619,1773641600.604009,1773642238.025580,1101,432,188.088814,17.374779,0.396088,True
2620,1773641600.604038,1773642176.498067,921,45,64.864400,25.348176,0.898096,True
2621,1773641600.604067,1773642250.069844,1017,520,211.965309,15.535935,0.378477,True
2622,1773641600.604097,1773642231.413675,1182,428,174.631390,15.525219,0.372614,True
2623,1773641600.605285,1773642233.831573,1042,424,178.949041,21.039712,0.373308,True
2624,1773641600.605323,1773642229.774515,1048,405,170.041678,13.164275,0.388310,True
2625,1773641600.605361,1773642165.486374,405,92,40.052499,5.587860,0.378732,True
2626,1773641600.605396,1773642261.672218,1023,520,232.048439,23.766021,0.401315,True
2627,1773641600.605425,1773642190.912616,10,173,90.021658,15.454165,0.433532,True
2628,1773641600.605460,1773642177.197127,1412,94,61.860566,14.934117,0.504585,True
2629,1773641600.605490,1773642184.235041,1314,136,75.395191,15.810208,0.441370,True
2630,1773641600.605519,1773642213.045246,1143,396,132.971973,6.203595,0.320933,True
2631,1773641600.605549,1773642167.632502,1417,55,41.524175,10.636931,0.571986,True
2632,1773641600.605578,1773642173.311597,415,119,52.489159,8.835727,0.369944,True
2633,1773641600.605608,1773642166.346985,372,62,38.065600,9.434062,0.469369,True
2634,1773641600.605640,1773642177.338518,398,100,58.658539,14.338635,0.447676,True
2635,1773641600.605668,1773642168.740383,398,76,41.419671,8.556540,0.438175,True
2636,1773641600.605703,1773642222.805614,1047,388,149.051629,8.307287,0.363680,True
2637,1773641600.605731,1773642175.656693,844,78,53.910319,14.999336,0.505337,True
2638,1773641600.605760,1773642242.385084,1096,429,187.242631,16.447153,0.399055,True
2639,1773641600.605789,1773642188.243150,1353,156,78.014890,12.120062,0.425128,True
2640,1773641600.605821,1773642232.350636,1084,429,165.502290,11.128409,0.360687,True
2641,1773641600.605849,1773642224.769612,1064,398,150.318119,12.534649,0.347062,True
2642,1773641600.605878,1773642173.241844,393,82,46.844373,10.689951,0.446351,True
2643,1773641600.605907,1773642173.370673,624,50,46.152440,11.061255,0.716147,True
2644,1773641600.605962,1773642224.868838,1038,379,148.959067,13.311634,0.358856,True
2645,1773641600.605994,1773642175.251738,391,67,49.703610,10.955858,0.587087,True
2646,1773641600.606023,1773642176.607619,1312,39,52.393647,20.584113,0.837093,True
2647,1773641600.606053,1773642179.258271,1639,87,57.381947,15.458715,0.487479,True
2648,1773641600.606082,1773642235.947328,1039,417,169.496240,11.185723,0.380554,True
2649,1773641600.606111,1773642282.754604,1035,605,262.691691,16.614049,0.407413,True
2650,1773641600.606145,1773642237.478980,1082,419,171.722770,14.577903,0.375945,True
2651,1773641600.606178,1773642221.243480,1156,378,138.999562,6.813483,0.350626,True
2652,1773641600.606208,1773642224.841619,1234,393,145.347304,12.012640,0.340139,True
2653,1773641600.606237,1773642228.797739,1012,394,153.132076,16.374432,0.347984,True
2654,1773641600.606265,1773642176.799265,386,84,48.522961,11.642618,0.444341,True
2655,1773641600.606295,1773642231.229990,1089,396,157.072636,11.086393,0.369585,True
2656,1773641600.606323,1773642185.236296,391,107,64.377044,12.349659,0.490824,True
2657,1773641600.606352,1773642225.639926,1037,425,145.082243,7.410478,0.324698,True
2658,1773641600.606381,1773642180.824084,1412,94,54.576590,14.102611,0.435204,True
2659,1773641600.606417,1773642179.635548,635,66,52.112372,12.899030,0.603282,True
2660,1773641600.606446,1773642177.197135,593,56,47.042477,15.013572,0.582344,True
2661,1773641600.606477,1773642181.090714,919,100,54.353058,9.865882,0.449365,True
2662,1773641600.606507,1773642188.448333,422,110,68.732949,15.075952,0.492266,True
2663,1773641600.606535,1773642178.068781,395,100,47.909877,11.483733,0.367941,True
2664,1773641600.606564,1773642257.487678,1175,521,206.334211,16.676865,0.364726,True
2665,1773641600.606596,1773642239.579963,973,393,170.333883,14.744245,0.396912,True
2666,1773641600.606625,1773642187.079639,1333,86,65.144369,18.732110,0.546027,True
2667,1773641600.606653,1773642244.864569,1021,393,180.694256,19.925317,0.410125,True
2668,1773641600.606685,1773642236.121995,1143,414,163.044577,15.984108,0.356079,True
2669,1773641600.606713,1773642229.645857,1061,427,148.959352,9.603906,0.327125,True
2670,1773641600.606742,1773642175.582746,387,52,39.363820,10.263442,0.570596,True
2671,1773641600.606770,1773642190.387244,401,107,68.765761,14.111063,0.515610,True
2672,1773641600.606799,1773642228.867136,1045,397,145.601444,9.530790,0.343613,True
2673,1773641600.606827,1773642275.508700,1030,631,238.862177,20.988854,0.345831,True
2674,1773641600.606856,1773642183.539129,1065,86,54.902513,11.289274,0.513097,True
2675,1773641600.606885,1773642252.004215,1117,426,191.789921,22.003269,0.399498,True
2676,1773641600.606916,1773642178.435229,393,93,44.137005,11.364798,0.356220,True
2677,1773641600.606972,1773642235.367432,1109,378,157.220287,15.526071,0.375847,True
2678,1773641600.607004,1773642176.642083,696,43,39.286190,10.378378,0.688281,True
2679,1773641600.607036,1773642198.250303,181,105,81.980739,17.178145,0.623102,True
2680,1773641600.607066,1773642232.146174,1212,406,149.392541,13.235577,0.336190,True
2681,1773641600.607095,1773642239.254582,1070,415,163.563540,9.492688,0.372152,True
2682,1773641600.607124,1773642203.434729,1314,191,91.799814,16.448112,0.396588,True
2683,1773641600.607153,1773642242.428042,1126,403,169.765717,19.232726,0.374460,True
2684,1773641600.607182,1773642173.548828,407,53,30.891783,9.628963,0.408900,True
2685,1773641600.607211,1773642236.851660,1030,429,157.435683,9.889775,0.344733,True
2686,1773641600.607243,1773642182.074672,1999,94,45.843391,9.426745,0.391577,True
2687,1773641600.607270,1773642232.597548,1057,374,146.865839,11.237086,0.363616,True
2688,1773641600.607299,1773642183.178355,404,130,47.068215,8.087868,0.302173,True
2689,1773641600.607328,1773642242.858384,1001,403,166.323015,18.978359,0.366529,True
2690,1773641600.607356,1773642237.156954,1131,426,154.255337,12.360411,0.333870,True
2691,1773641600.607385,1773642186.909477,1722,92,53.321747,12.254352,0.451290,True
2692,1773641600.607414,1773642197.812897,411,101,74.981357,14.116106,0.608653,True
2693,1773641600.607445,1773642200.336241,1349,126,79.298131,17.425455,0.494981,True
2694,1773641600.607473,1773642183.391921,449,117,44.866812,7.945199,0.318290,True
2695,1773641600.607501,1773642183.463566,427,102,44.721549,10.856453,0.335298,True
2696,1773641600.607530,1773642194.651612,1333,86,66.724082,14.738620,0.611594,True
2697,1773641600.607558,1773642240.631818,1131,433,158.538542,11.140610,0.341199,True
2698,1773641600.607591,1773642207.819339,463,164,92.660451,17.185894,0.463034,True
2699,1773641600.607620,1773642203.931287,1317,207,84.467418,11.340138,0.354987,True
2700,1773641600.607649,1773642247.211994,979,388,170.594692,19.826044,0.389583,True
2701,1773641600.607677,1773642185.617726,391,86,46.221323,10.530843,0.419888,True
2702,1773641600.607705,1773642179.153607,381,71,33.125204,9.368349,0.339384,True
2703,1773641600.607734,1773642187.346411,2000,71,49.488743,11.375815,0.544470,True
2704,1773641600.607766,1773642193.048987,1443,76,60.582016,18.506957,0.561001,True
2705,1773641600.607794,1773642242.571388,1171,396,158.946967,17.154620,0.358968,True
2706,1773641600.607822,1773642244.759147,1103,405,161.792504,17.023728,0.358339,True
2707,1773641600.607856,1773642239.401508,1034,402,150.889394,14.326888,0.340555,True
2708,1773641600.607884,1773642187.582438,928,88,46.648304,11.503540,0.403963,True
2709,1773641600.607912,1773642247.073340,973,405,165.338958,21.305678,0.356518,True
2710,1773641600.607965,1773642281.413244,1162,527,233.766937,15.068631,0.415776,True
2711,1773641600.608001,1773642200.776879,1730,107,72.429121,18.924378,0.504762,True
2712,1773641600.608031,1773642188.769421,855,47,47.731033,17.189023,0.663957,True
2713,1773641600.608060,1773642197.165990,401,98,64.277309,16.237508,0.495256,True
2714,1773641600.608088,1773642286.718285,1107,588,243.215539,20.361539,0.379649,True
2715,1773641600.608117,1773642245.432908,1139,420,160.622613,13.161747,0.351935,True
2716,1773641600.608146,1773642271.444277,1082,607,212.234715,10.964540,0.332129,True
2717,1773641600.608174,1773642190.068643,390,75,49.152513,14.040255,0.474490,True
2718,1773641600.608206,1773642257.934129,1115,477,184.800479,16.559123,0.353448,True
2719,1773641600.608234,1773642232.731165,1140,403,133.792896,2.742167,0.325997,True
2720,1773641600.608263,1773642233.598561,1316,288,134.658354,20.904513,0.396355,True
2721,1773641600.608295,1773642277.927582,1078,615,223.295518,12.494737,0.343324,True
2722,1773641600.608324,1773642243.409655,1078,459,154.113855,9.408966,0.315950,True
2723,1773641600.608356,1773642256.500410,1050,501,180.006651,13.703507,0.332606,True
2724,1773641600.608385,1773642259.845057,978,550,186.215278,3.591755,0.332648,True
2725,1773641600.608414,1773642253.005848,1136,411,171.439150,13.214396,0.385914,True
2726,1773641600.608443,1773642247.785292,1144,385,160.956457,16.547202,0.376066,True
2727,1773641600.608472,1773642278.909535,1147,669,222.539223,3.568315,0.327801,True
2728,1773641600.608503,1773642204.106207,393,122,72.642319,13.479718,0.488947,True
2729,1773641600.608532,1773642264.942786,1045,479,193.614153,20.314818,0.362551,True
2730,1773641600.608561,1773642204.913800,1324,200,73.513316,5.044824,0.344063,True
2731,1773641600.608592,1773642199.146761,1057,89,61.896670,15.954346,0.522072,True
2732,1773641600.608620,1773642188.736577,374,64,40.992138,11.292229,0.471427,True
2733,1773641600.608649,1773642265.822389,1086,451,195.141491,14.078470,0.402362,True
2734,1773641600.608677,1773642240.420529,1031,375,143.928685,12.994782,0.350091,True
2735,1773641600.608706,1773642268.455100,1111,401,199.415709,37.189116,0.405566,True
2736,1773641600.608738,1773642201.215472,392,97,64.057427,18.606015,0.473452,True
2737,1773641600.608767,1773642192.857520,1443,76,46.320152,14.156726,0.428846,True
2738,1773641600.608796,1773642255.218108,1000,414,170.808656,12.515570,0.383276,True
2739,1773641600.608824,1773642205.631516,1722,100,71.614225,21.402478,0.507189,True
2740,1773641600.608856,1773642231.550682,1186,380,123.201783,3.931336,0.314698,True
2741,1773641600.608885,1773642192.944796,181,57,45.865803,13.094224,0.585207,True
2742,1773641600.608914,1773642203.889125,404,102,67.419932,13.973874,0.529169,True
2743,1773641600.608959,1773642248.698770,1089,402,156.851264,17.519390,0.347461,True
2744,1773641600.608989,1773642247.299843,996,400,153.205463,13.680629,0.349686,True
2745,1773641600.609017,1773642238.083575,1104,405,134.601504,4.613184,0.321753,True
2746,1773641600.609046,1773642203.434547,409,95,64.432983,20.009177,0.472594,True
2747,1773641600.609084,1773642286.075173,1030,624,229.089596,15.757123,0.342428,True
2748,1773641600.609114,1773642206.375931,370,107,69.669166,12.367092,0.540586,True
2749,1773641600.609155,1773642257.949921,1139,393,171.993108,17.098595,0.395139,True
2750,1773641600.609183,1773642256.049595,1103,408,168.048019,21.640868,0.359723,True
2751,1773641600.609212,1773642267.601313,1076,446,190.388395,16.394011,0.390999,True
2752,1773641600.609241,1773642238.561144,1074,396,131.721918,4.323000,0.322529,True
2753,1773641600.609270,1773642254.275449,1149,380,163.128634,21.706158,0.373146,True
2754,1773641600.609299,1773642200.324589,1503,69,55.205609,12.703085,0.625037,True
2755,1773641600.609327,1773642274.145740,1023,432,202.391068,32.985945,0.393051,True
2756,1773641600.609365,1773642259.263738,1109,415,172.027579,22.491088,0.361199,True
2757,1773641600.609395,1773642260.461225,1039,396,174.401363,25.573843,0.376779,True
2758,1773641600.609427,1773642250.181844,1135,417,153.737084,12.855335,0.338658,True
2759,1773641600.609455,1773642246.758673,1009,402,146.828847,10.581739,0.339768,True
2760,1773641600.609484,1773642210.483011,387,100,74.212887,20.671221,0.540825,True
2761,1773641600.609518,1773642251.599155,1076,404,156.280597,14.884985,0.350858,True
2762,1773641600.609625,1773642290.891183,1082,607,234.677042,13.956941,0.364225,True
2763,1773641600.609656,1773642256.475600,1038,394,165.366351,15.008975,0.382589,True
2764,1773641600.609689,1773642245.319011,1131,377,142.783061,14.945360,0.339994,True
2765,1773641600.609718,1773642214.314544,410,142,80.588225,11.404254,0.490666,True
2766,1773641600.609747,1773642261.937129,1086,437,173.850677,16.661363,0.360526,True
2767,1773641600.609779,1773642271.586710,1104,448,192.748687,11.348433,0.405817,True
2768,1773641600.609807,1773642243.073088,181,267,135.637142,18.793197,0.439263,True
2769,1773641600.609836,1773642279.029233,1176,500,206.884512,20.703138,0.373109,True
2770,1773641600.609866,1773642307.182491,1101,629,263.037672,20.781286,0.385759,True
2771,1773641600.609895,1773642205.581702,422,82,58.165367,12.301893,0.566216,True
2772,1773641600.609924,1773642225.736205,181,202,98.247258,12.188293,0.428154,True
2773,1773641600.609979,1773642260.874287,1112,410,168.501316,13.584421,0.378770,True
2774,1773641600.610008,1773642216.865968,392,147,80.442368,15.028356,0.448041,True
2775,1773641600.610036,1773642221.173523,373,91,88.932766,30.074893,0.653976,True
2776,1773641600.610065,1773642362.335889,1078,956,371.065138,14.660947,0.373198,True
2777,1773641600.610094,1773642214.144293,381,60,73.876303,23.497316,0.853881,True
2778,1773641600.610124,1773642203.009270,313,18,51.585407,23.486855,1.652856,True
2779,1773641600.610153,1773642261.805421,966,414,168.927856,10.560491,0.383456,True
2780,1773641600.610182,1773642266.538238,1096,384,177.956119,29.221591,0.388341,True
2781,1773641600.610210,1773642210.374334,378,64,64.614989,21.908962,0.677873,True
2782,1773641600.610239,1773642208.285645,410,77,60.417072,13.387028,0.618816,True
2783,1773641600.610268,1773642269.689729,1201,451,182.494720,17.064587,0.367623,True
2784,1773641600.610297,1773642256.587605,1110,394,155.461132,11.200966,0.367074,True
2785,1773641600.610326,1773642259.706336,978,429,161.093439,16.347180,0.338192,True
2786,1773641600.610358,1773642271.691781,1036,414,184.858970,28.372850,0.378901,True
2787,1773641600.610385,1773642219.488058,928,88,79.682625,25.617333,0.621440,True
2788,1773641600.610414,1773642201.139334,390,63,42.798933,10.468051,0.521466,True
2789,1773641600.610442,1773642253.787514,1126,409,147.927816,9.385671,0.339564,True
2790,1773641600.610471,1773642257.512169,1171,396,155.355522,10.223507,0.367423,True
2791,1773641600.610500,1773642253.009440,1031,375,145.169177,17.131236,0.342347,True
2792,1773641600.610534,1773642255.301604,1102,405,149.605505,10.350158,0.344691,True
2793,1773641600.610562,1773642266.356112,1079,398,171.050621,21.033471,0.377877,True
2794,1773641600.610590,1773642267.201738,1140,403,172.427565,21.201652,0.376184,True
2795,1773641600.610624,1773642207.030999,2000,82,51.957552,11.642036,0.497722,True
2796,1773641600.610654,1773642215.712688,442,96,69.238281,21.096086,0.506760,True
2797,1773641600.610682,1773642201.537705,388,67,40.328471,9.475781,0.467465,True
2798,1773641600.610711,1773642264.886609,1120,406,166.134837,11.960598,0.380677,True
2799,1773641600.610740,1773642279.375406,1001,421,195.090379,23.657145,0.408174,True
2800,1773641600.610768,1773642273.534498,1353,436,182.911241,22.761229,0.368161,True
2801,1773641600.610797,1773642270.531431,1085,400,175.901104,14.363963,0.404855,True
2802,1773641600.610826,1773642201.899888,371,67,37.843669,9.316108,0.432236,True
2803,1773641600.610858,1773642260.948194,1017,404,155.527771,16.346625,0.345363,True
2804,1773641600.610888,1773642216.924970,404,91,67.396346,13.718336,0.596422,True
2805,1773641600.610917,1773642262.972975,1109,404,159.157725,17.433106,0.351674,True
2806,1773641600.610968,1773642268.190385,1033,415,169.448345,18.566865,0.364448,True
2807,1773641600.610998,1773642280.921953,1048,396,194.743918,31.996516,0.412019,True
2808,1773641600.611027,1773642211.912408,390,99,56.536910,10.349322,0.471302,True
2809,1773641600.611056,1773642268.518369,1111,413,168.562676,9.756212,0.385453,True
2810,1773641600.611086,1773642270.420833,1096,397,172.030991,21.081972,0.381184,True
2811,1773641600.611115,1773642211.605289,380,80,54.024086,14.241327,0.503579,True
2812,1773641600.611150,1773642266.379721,1100,408,162.707340,18.170868,0.355126,True
2813,1773641600.611180,1773642252.890062,1141,393,135.294765,7.051420,0.327151,True
2814,1773641600.611209,1773642224.464375,404,110,77.677166,20.249661,0.526858,True
2815,1773641600.611238,1773642260.113716,1073,381,148.492785,9.490388,0.365796,True
2816,1773641600.611267,1773642271.624493,1122,396,171.451167,21.845038,0.378750,True
2817,1773641600.611297,1773642262.972987,1065,396,153.456471,18.390234,0.341940,True
2818,1773641600.611326,1773642217.144516,408,91,60.777090,10.713843,0.556258,True
2819,1773641600.611354,1773642276.425187,1115,477,179.029600,14.248226,0.346179,True
2820,1773641600.611386,1773642269.455731,1072,394,164.738365,11.181557,0.390730,True
2821,1773641600.611417,1773642267.601322,1133,385,161.007101,12.798989,0.385959,True
2822,1773641600.611445,1773642212.243428,428,94,50.042329,9.243499,0.438697,True
2823,1773641600.611473,1773642261.043825,1106,396,147.388565,11.987995,0.342786,True
2824,1773641600.611501,1773642226.579503,16,136,78.375464,20.352393,0.429801,True
2825,1773641600.611530,1773642274.665196,1168,428,174.155143,20.478740,0.359898,True
2826,1773641600.611559,1773642275.724521,1068,426,175.838700,18.070304,0.371220,True
2827,1773641600.611588,1773642229.445911,1899,50,82.987586,34.058079,0.998561,True
2828,1773641600.611616,1773642299.186814,1065,500,221.871335,22.909939,0.398720,True
2829,1773641600.611645,1773642204.655257,934,52,32.394799,8.008002,0.478172,True
2830,1773641600.611676,1773642267.275708,1082,398,157.614788,8.903912,0.374587,True
2831,1773641600.611708,1773642285.667309,1037,487,193.855485,19.756607,0.358228,True
2832,1773641600.611736,1773642228.547353,1917,113,79.552547,15.956098,0.567825,True
2833,1773641600.611764,1773642276.305552,1037,407,174.443624,18.660478,0.383702,True
2834,1773641600.611796,1773642280.128740,1124,428,181.774456,11.786421,0.398098,True
2835,1773641600.611825,1773642234.318182,9,161,88.490080,18.423054,0.437919,True
2836,1773641600.611855,1773642218.412184,396,92,56.656601,17.982590,0.424989,True
2837,1773641600.611884,1773642295.144455,1214,417,209.697340,36.765212,0.415702,True
2838,1773641600.611913,1773642272.115616,1100,386,163.449076,10.889054,0.396260,True
2839,1773641600.611970,1773642237.143588,411,79,92.446738,27.210590,0.836361,True
2840,1773641600.612000,1773642232.177576,382,62,82.265506,30.965266,0.840988,True
2841,1773641600.612030,1773642218.587740,407,113,54.208799,9.796748,0.396536,True
2842,1773641600.612059,1773642297.594339,920,418,211.700778,37.274868,0.418288,True
2843,1773641600.612092,1773642230.554358,881,118,75.613111,18.889002,0.484821,True
2844,1773641600.612122,1773642274.446118,1083,395,163.185685,17.175096,0.370585,True
2845,1773641600.612152,1773642323.946420,1099,616,262.163994,26.539516,0.383129,True
2846,1773641600.612184,1773642245.275889,395,88,104.654685,36.070296,0.788326,True
2847,1773641600.612212,1773642226.274584,1503,153,66.484026,10.090398,0.371011,True
2848,1773641600.612244,1773642216.591347,382,72,47.075359,8.380219,0.545002,True
2849,1773641600.612275,1773642241.563117,1315,240,96.584729,11.032234,0.357960,True
2850,1773641600.612308,1773642234.151955,181,134,81.740752,18.355758,0.476579,True
2851,1773641600.612336,1773642222.141670,384,111,54.971301,10.295958,0.406139,True
2852,1773641600.612364,1773642290.637369,1144,470,190.521290,15.220890,0.373775,True
2853,1773641600.612393,1773642286.329208,1144,407,181.883172,25.888673,0.384223,True
2854,1773641600.612422,1773642216.617801,381,62,42.417877,14.619584,0.455710,True
2855,1773641600.612453,1773642213.362617,961,27,35.554929,12.919717,0.870585,True
2856,1773641600.612482,1773642274.067019,1109,393,156.180899,6.628726,0.381511,True
2857,1773641600.612513,1773642223.778340,398,85,54.551036,16.342086,0.454868,True
2858,1773641600.612541,1773642305.315328,1133,521,217.232514,11.805900,0.395051,True
2859,1773641600.612570,1773642277.115538,1103,406,159.895532,6.500100,0.378754,True
2860,1773641600.612599,1773642238.740475,1313,203,82.311927,7.448509,0.370611,True
2861,1773641600.612628,1773642236.096075,203,165,76.562461,10.689941,0.401662,True
2862,1773641600.612656,1773642236.533292,212,162,76.561619,11.210907,0.405905,True
2863,1773641600.612687,1773642299.910079,1079,441,203.249545,31.739956,0.389795,True
2864,1773641600.612715,1773642284.523047,1125,423,172.078171,16.870403,0.367791,True
2865,1773641600.612743,1773642289.408172,1112,395,181.765699,25.953096,0.395463,True
2866,1773641600.612774,1773642286.329216,1066,407,175.050793,22.472431,0.375809,True
2867,1773641600.612802,1773642292.546321,967,375,187.153365,33.719287,0.410252,True
2868,1773641600.612830,1773642220.438380,400,76,42.792387,10.986347,0.424081,True
2869,1773641600.612859,1773642229.362160,181,145,60.412610,5.877084,0.378719,True
2870,1773641600.612887,1773642293.236268,1057,443,187.243484,15.740587,0.388016,True
2871,1773641600.612915,1773642221.036522,1011,76,41.420227,10.702095,0.409575,True
2872,1773641600.612961,1773642290.913798,1081,371,181.132187,30.539261,0.407008,True
2873,1773641600.612991,1773642280.641587,1048,403,160.565189,7.219107,0.381458,True
2874,1773641600.613020,1773642281.078815,1012,414,160.591649,10.739101,0.362839,True
2875,1773641600.613049,1773642296.887422,1075,412,191.818780,22.223684,0.412640,True
2876,1773641600.613078,1773642236.571560,209,167,70.858507,6.435773,0.388089,True
2877,1773641600.613115,1773642251.860569,42,166,101.353726,20.092683,0.492491,True
2878,1773641600.613143,1773642251.328769,395,118,100.208449,31.464468,0.587555,True
2879,1773641600.613171,1773642220.506697,1137,46,38.440897,12.293494,0.581053,True
2880,1773641600.613200,1773642248.028603,402,100,92.967454,29.342479,0.642677,True
2881,1773641600.613228,1773642221.983163,1917,90,40.425164,7.898925,0.365463,True
2882,1773641600.613257,1773642298.359463,1081,396,192.907217,32.475476,0.406156,True
2883,1773641600.613285,1773642238.962732,418,113,73.690437,21.084231,0.469698,True
2884,1773641600.613313,1773642222.573565,411,84,40.828540,8.869268,0.385051,True
2885,1773641600.613342,1773642230.457758,181,134,55.036941,6.730239,0.363208,True
2886,1773641600.613384,1773642273.111910,1073,381,140.195688,10.024127,0.342557,True
2887,1773641600.613414,1773642289.776320,1124,412,172.661357,14.301098,0.385305,True
2888,1773641600.613446,1773642240.812885,1324,141,74.714051,16.686471,0.414483,True
2889,1773641600.613476,1773642238.187229,399,94,69.255370,20.631741,0.522835,True
2890,1773641600.613504,1773642300.926988,1106,396,194.149713,33.684106,0.406242,True
2891,1773641600.613542,1773642223.156887,380,91,38.523782,5.774634,0.363879,True
2892,1773641600.613572,1773642255.140883,411,188,102.408916,17.339760,0.454915,True
2893,1773641600.613600,1773642251.162440,411,104,94.202573,30.320242,0.620217,True
2894,1773641600.613628,1773642282.774655,1162,398,157.324114,7.772621,0.376704,True
2895,1773641600.613659,1773642218.588054,181,60,27.843204,6.362442,0.364081,True
2896,1773641600.613688,1773642296.778428,1093,414,183.725256,23.445863,0.388086,True
2897,1773641600.613717,1773642327.237008,1176,621,244.557553,17.855913,0.365648,True
2898,1773641600.613746,1773642227.510664,393,91,44.578607,8.358426,0.402446,True
2899,1773641600.613774,1773642286.324699,1109,405,161.482434,6.301785,0.384111,True
2900,1773641600.613803,1773642236.678435,410,92,62.082291,14.505079,0.522827,True
2901,1773641600.613907,1773642276.571260,1006,394,140.532859,8.022405,0.337177,True
2902,1773641600.613956,1773642293.236280,1140,379,173.800082,21.033218,0.404145,True
2903,1773641600.613990,1773642289.192385,1078,405,165.627471,6.652868,0.393501,True
2904,1773641600.614019,1773642230.239277,386,99,46.889876,9.019671,0.386431,True
2905,1773641600.614053,1773642226.274756,396,94,38.482842,6.620601,0.342605,True
2906,1773641600.614083,1773642280.699062,969,411,146.855357,8.802893,0.336713,True
2907,1773641600.614111,1773642221.995404,313,18,28.343343,12.932211,0.906537,True
2908,1773641600.614141,1773642248.642011,169,205,81.445805,7.895783,0.360539,True
2909,1773641600.614170,1773642244.352435,1315,125,72.447454,14.916288,0.463961,True
2910,1773641600.614199,1773642232.997015,1625,82,49.714534,11.860108,0.467339,True
2911,1773641600.614232,1773642297.115838,1149,417,177.722737,18.178192,0.383521,True
2912,1773641600.614260,1773642302.358018,1136,411,188.122521,19.072582,0.412317,True
2913,1773641600.614289,1773642239.254422,398,78,61.501271,14.311409,0.612855,True
2914,1773641600.614321,1773642302.999686,1085,427,187.435097,10.232578,0.415968,True
2915,1773641600.614354,1773642320.054442,1033,508,220.064749,11.682652,0.411010,True
2916,1773641600.614383,1773642312.786290,1018,434,205.194089,31.787068,0.400478,True
2917,1773641600.614412,1773642291.585591,1125,422,162.415956,13.541008,0.353622,True
2918,1773641600.614440,1773642233.840193,374,69,46.772038,12.591969,0.502648,True
2919,1773641600.614472,1773642228.978802,90,20,37.007176,15.957004,1.107904,True
2920,1773641600.614503,1773642241.419581,376,85,61.867547,13.432397,0.576609,True
2921,1773641600.614531,1773642249.768526,209,174,78.420245,16.810861,0.356124,True
2922,1773641600.614560,1773642315.338028,1056,442,207.461636,31.834866,0.398247,True
2923,1773641600.614589,1773642296.875236,1066,377,169.904608,11.455839,0.421406,True
2924,1773641600.614618,1773642242.858572,405,108,61.764703,14.456407,0.442134,True
2925,1773641600.614646,1773642241.736545,393,99,58.980623,11.972647,0.479673,True
2926,1773641600.614676,1773642240.349149,42,100,55.828655,14.934189,0.413075,True
2927,1773641600.614704,1773642231.846891,828,72,37.594145,7.744604,0.420416,True
2928,1773641600.614733,1773642302.061274,1093,405,177.980299,15.572762,0.401999,True
2929,1773641600.614765,1773642308.320728,1095,407,189.894138,14.305657,0.432484,True
2930,1773641600.614793,1773642290.091211,1049,429,152.247153,7.581913,0.338003,True
2931,1773641600.614825,1773642300.122577,920,418,171.954584,14.331941,0.377992,True
2932,1773641600.614854,1773642298.456105,1116,360,168.267474,13.356840,0.431506,True
2933,1773641600.614886,1773642240.185982,403,99,50.857490,8.705176,0.430126,True
2934,1773641600.614915,1773642264.308340,1317,194,98.934646,15.116237,0.434292,True
2935,1773641600.614971,1773642295.857126,1147,424,160.285482,11.238375,0.352357,True
2936,1773641600.615002,1773642286.281007,1139,393,141.110848,7.452914,0.340964,True
2937,1773641600.615031,1773642299.311462,1114,412,165.434787,8.811219,0.381079,True
2938,1773641600.615065,1773642303.600238,1097,420,173.948921,13.731861,0.382380,True
2939,1773641600.615098,1773642307.182501,1162,410,181.092223,16.597999,0.402186,True
2940,1773641600.615128,1773642233.412867,91,16,33.071810,13.080339,1.332765,True
2941,1773641600.615158,1773642298.288210,967,396,162.717048,10.392172,0.385633,True
2942,1773641600.615187,1773642237.439254,374,60,40.579254,10.172441,0.515370,True
2943,1773641600.615216,1773642293.537980,1161,414,152.670381,9.750073,0.346054,True
2944,1773641600.615246,1773642314.621647,1085,491,192.397231,11.537886,0.369101,True
2945,1773641600.615274,1773642248.665255,382,89,60.379019,14.758218,0.518418,True
2946,1773641600.615303,1773642241.846157,1189,74,46.513080,10.855149,0.488465,True
2947,1773641600.615333,1773642243.821498,391,81,50.441856,10.844253,0.494970,True
2948,1773641600.615384,1773642253.377668,206,161,69.409382,8.279947,0.382059,True
2949,1773641600.615415,1773642313.702763,1099,429,189.767045,12.683277,0.413747,True
2950,1773641600.615444,1773642324.819528,944,548,211.394506,12.341494,0.363899,True
2951,1773641600.615473,1773642315.273404,1133,527,191.607755,9.738096,0.345760,True
2952,1773641600.615502,1773642303.152716,990,429,167.323409,12.442218,0.361872,True
2953,1773641600.615530,1773642249.258475,396,135,59.472253,7.950675,0.384489,True
2954,1773641600.615559,1773642289.905971,1097,388,140.746293,9.830842,0.338283,True
2955,1773641600.615588,1773642249.952728,782,84,60.796838,16.857509,0.529390,True
2956,1773641600.615617,1773642248.595040,396,88,56.306314,12.792361,0.500160,True
2957,1773641600.615646,1773642239.401348,1325,45,37.772791,13.296617,0.556277,True
2958,1773641600.615675,1773642306.804015,1212,396,171.512806,10.454321,0.407743,True
2959,1773641600.615704,1773642303.867585,1090,424,165.369797,12.628631,0.361090,True
2960,1773641600.615733,1773642304.095296,1123,430,165.700079,11.359070,0.359769,True
2961,1773641600.615762,1773642307.660024,1056,397,171.917718,12.131878,0.403500,True
2962,1773641600.615797,1773642300.049395,1153,420,156.447894,10.113749,0.349246,True
2963,1773641600.615826,1773642246.351498,954,99,48.719920,6.821494,0.427535,True
2964,1773641600.615854,1773642302.453446,1177,399,160.903662,13.143868,0.371256,True
2965,1773641600.615886,1773642245.341151,405,92,46.387044,9.354351,0.406953,True
2966,1773641600.615914,1773642255.626538,181,162,66.100221,8.925436,0.355123,True
2967,1773641600.615966,1773642300.867463,1119,377,156.106312,17.480223,0.368686,True
2968,1773641600.616001,1773642253.701638,946,129,61.544064,10.796774,0.396463,True
2969,1773641600.616030,1773642304.916106,1184,394,163.514853,8.059530,0.395561,True
2970,1773641600.616058,1773642248.642179,425,91,49.718005,10.049534,0.440761,True
2971,1773641600.616087,1773642246.147688,378,66,44.441102,11.218640,0.511115,True
2972,1773641600.616117,1773642315.238810,1144,424,182.602989,8.423187,0.411773,True
2973,1773641600.616146,1773642300.304530,1249,415,152.486270,9.106328,0.346328,True
2974,1773641600.616178,1773642261.580895,203,181,74.222842,9.257013,0.360921,True
2975,1773641600.616205,1773642303.733967,1037,379,158.108979,11.781326,0.387110,True
2976,1773641600.616237,1773642322.409284,1083,406,195.269781,20.188353,0.432300,True
2977,1773641600.616267,1773642252.939803,386,53,56.183507,20.114577,0.693633,True
2978,1773641600.616299,1773642310.616622,1124,412,171.475301,11.576784,0.389047,True
2979,1773641600.616328,1773642255.033405,181,133,59.375075,8.380449,0.386323,True
2980,1773641600.616356,1773642309.514422,1065,382,167.732979,21.839545,0.382922,True
2981,1773641600.616385,1773642258.572528,1441,150,65.665410,10.720807,0.368756,True
2982,1773641600.616414,1773642252.791351,438,91,53.025055,14.472102,0.428366,True
2983,1773641600.616450,1773642275.404653,181,174,98.231472,14.461753,0.484218,True
2984,1773641600.616480,1773642310.655184,1095,396,168.504013,13.024912,0.393618,True
2985,1773641600.616508,1773642313.393822,1133,420,173.609639,12.387177,0.384779,True
2986,1773641600.616537,1773642305.170779,998,393,157.141249,14.420244,0.364084,True
2987,1773641600.616566,1773642243.182790,382,53,32.003277,6.545104,0.489580,True
2988,1773641600.616599,1773642254.275290,417,110,53.939235,11.670926,0.387783,True
2989,1773641600.616627,1773642253.931169,398,94,52.832757,12.779908,0.430676,True
2990,1773641600.616659,1773642326.036175,1166,421,197.019754,18.919155,0.424049,True
2991,1773641600.616687,1773642301.447776,1027,396,146.944694,9.356754,0.348324,True
2992,1773641600.616719,1773642315.353532,1034,403,174.294000,14.948709,0.396381,True
2993,1773641600.616748,1773642260.113877,1924,105,63.337026,15.157490,0.463265,True
2994,1773641600.616777,1773642311.666975,1054,423,166.237622,14.786631,0.358889,True
2995,1773641600.616807,1773642304.034536,1018,429,150.909897,6.039412,0.338482,True
2996,1773641600.616835,1773642345.621241,992,609,233.625336,16.995576,0.356299,True
2997,1773641600.616864,1773642329.896249,1004,421,202.050760,19.484624,0.434681,True
2998,1773641600.616892,1773642262.619694,2027,121,67.267452,17.087308,0.418168,True
2999,1773641600.616921,1773642317.863355,1157,404,177.187984,16.803573,0.397976,True
3000,1773641600.616977,1773642255.279362,450,84,51.811271,13.781079,0.458195,True
3001,1773641600.617019,1773642254.490343,431,101,50.083500,7.883507,0.422000,True
3002,1773641600.617048,1773642259.880678,1189,74,60.451862,19.655279,0.558857,True
3003,1773641600.617077,1773642264.200915,1642,56,68.840515,16.620497,0.949455,True
3004,1773641600.617109,1773642279.202212,401,101,98.822362,24.559667,0.742627,True
3005,1773641600.617138,1773642253.090171,794,70,45.687108,12.908448,0.475053,True
3006,1773641600.617167,1773642308.572044,1137,402,156.377759,12.951696,0.357671,True
3007,1773641600.617196,1773642256.475428,392,84,52.015079,14.178950,0.455857,True
3008,1773641600.617225,1773642353.551288,1172,511,245.977541,21.740917,0.439680,True
3009,1773641600.617253,1773642305.051580,1161,420,147.635361,5.464364,0.339310,True
3010,1773641600.617285,1773642304.951912,1314,322,147.058737,17.029138,0.405077,True
3011,1773641600.617313,1773642252.457732,862,87,41.797827,6.873150,0.406101,True
3012,1773641600.617342,1773642276.158530,388,78,89.074611,23.895787,0.846478,True
3013,1773641600.617381,1773642257.300685,1496,53,50.903655,18.906232,0.615335,True
3014,1773641600.617411,1773642268.154186,181,124,72.007775,17.160069,0.445916,True
3015,1773641600.617439,1773642302.417434,1073,392,140.472153,7.095586,0.341117,True
3016,1773641600.617475,1773642257.959726,1217,49,51.202660,19.944630,0.651209,True
3017,1773641600.617502,1773642301.636710,1027,396,138.062618,6.424424,0.333261,True
3018,1773641600.617538,1773642262.966253,405,142,60.452271,6.536881,0.382379,True
3019,1773641600.617569,1773642272.863131,874,95,79.728439,24.753950,0.584835,True
3020,1773641600.617599,1773642242.506911,91,24,18.166196,5.853114,0.535351,True
3021,1773641600.617628,1773642354.150892,1111,595,241.098406,16.188067,0.378637,True
3022,1773641600.617657,1773642246.565911,120,12,25.455547,11.301356,1.286745,True
3023,1773641600.617686,1773642285.599137,1316,209,103.500915,12.391027,0.438028,True
3024,1773641600.617714,1773642252.079630,391,88,36.249034,5.074836,0.358324,True
3025,1773641600.617745,1773642259.454342,401,96,50.788790,12.179873,0.406410,True
3026,1773641600.617774,1773642345.542739,1150,470,222.776217,19.996450,0.432366,True
3027,1773641600.617802,1773642274.812654,407,94,80.987206,23.433904,0.618853,True
3028,1773641600.617834,1773642264.886349,387,124,59.885498,11.296303,0.395034,True
3029,1773641600.617861,1773642268.408214,377,119,66.073759,16.096914,0.423533,True
3030,1773641600.617889,1773642245.375671,979,45,18.835164,4.573524,0.324128,True
3031,1773641600.617918,1773642336.772564,1134,399,201.337553,21.193939,0.452622,True
3032,1773641600.617967,1773642261.359189,401,96,50.466630,9.013896,0.436345,True
3033,1773641600.617998,1773642269.592088,1827,35,66.100052,22.814381,1.273108,True
3034,1773641600.618026,1773642319.994404,1180,371,166.842179,16.190370,0.407167,True
3035,1773641600.618055,1773642327.438690,1090,414,181.500433,14.779744,0.403682,True
3036,1773641600.618089,1773642259.720903,412,117,45.730052,2.421061,0.373353,True
3037,1773641600.618122,1773642347.045047,1102,684,219.793044,3.383244,0.316852,True
3038,1773641600.618151,1773642256.049425,387,52,37.778936,12.150488,0.502519,True
3039,1773641600.618180,1773642263.915079,1000,59,52.945518,16.316258,0.631539,True
3040,1773641600.618292,1773642328.991630,1087,397,183.015867,18.889046,0.414462,True
3041,1773641600.618329,1773642323.946261,1140,467,171.838973,10.467170,0.346291,True
3042,1773641600.618359,1773642264.566116,402,102,52.954113,8.967751,0.435509,True
3043,1773641600.618388,1773642276.629686,1633,64,76.867388,21.368386,0.880937,True
3044,1773641600.618418,1773642257.484699,987,29,37.825218,13.506266,0.868534,True
3045,1773641600.618447,1773642330.481520,1123,400,183.468494,18.420419,0.413654,True
3046,1773641600.618486,1773642343.015356,1150,424,208.101631,21.841851,0.440330,True
3047,1773641600.618515,1773642312.377859,1160,385,146.224389,10.762692,0.352765,True
3048,1773641600.618544,1773642314.864685,1116,393,151.177460,11.822678,0.355497,True
3049,1773641600.618573,1773642428.959209,1111,935,379.099326,29.571835,0.374226,True
3050,1773641600.618602,1773642288.669902,380,115,98.499490,29.560911,0.604724,True
3051,1773641600.618631,1773642338.982335,1084,404,198.790646,19.769454,0.444221,True
3052,1773641600.618660,1773642337.331425,1192,413,194.285263,19.156124,0.425071,True
3053,1773641600.618689,1773642277.712357,1609,62,74.712643,22.544883,0.855209,True
3054,1773641600.618718,1773642282.882205,399,95,84.907740,22.472720,0.664202,True
3055,1773641600.618750,1773642264.627717,402,116,47.981817,4.502845,0.378078,True
3056,1773641600.618779,1773642277.871766,1288,68,74.096060,18.957119,0.822969,True
3057,1773641600.618808,1773642320.116289,1103,404,157.371621,13.169655,0.357821,True
3058,1773641600.618841,1773642326.168594,1148,424,169.201186,14.821830,0.364963,True
3059,1773641600.618870,1773642331.498379,1092,389,179.589800,18.522629,0.415122,True
3060,1773641600.618899,1773642275.736714,376,58,67.982585,19.410102,0.852149,True
3061,1773641600.618928,1773642362.370609,1171,530,241.043858,19.306792,0.419163,True
3062,1773641600.618985,1773642264.200648,91,16,43.608895,18.759403,1.656633,True
3063,1773641600.619015,1773642283.351302,394,80,81.824513,21.807476,0.759709,True
3064,1773641600.619048,1773642268.759151,398,94,52.494581,9.566501,0.461592,True
3065,1773641600.619078,1773642318.596836,1167,414,152.045260,7.813382,0.349230,True
3066,1773641600.619108,1773642336.121276,1027,396,186.515676,23.279813,0.413255,True
3067,1773641600.619141,1773642288.218806,181,104,90.689836,23.269540,0.654566,True
3068,1773641600.619169,1773642294.354409,1319,209,102.566290,16.683621,0.412897,True
3069,1773641600.619199,1773642273.534699,1319,150,60.906070,13.135205,0.320610,True
3070,1773641600.619228,1773642268.596579,408,105,50.826178,13.032773,0.363398,True
3071,1773641600.619258,1773642348.769910,1139,435,210.717120,22.462065,0.433767,True
3072,1773641600.619287,1773642287.023715,1820,109,86.395789,19.394595,0.620381,True
3073,1773641600.619318,1773642336.305683,1034,403,183.902698,17.208386,0.414662,True
3074,1773641600.619348,1773642317.945750,1122,396,146.365095,8.889788,0.348039,True
3075,1773641600.619378,1773642329.316430,1113,375,168.898028,17.739165,0.404168,True
3076,1773641600.619407,1773642267.567909,181,78,44.582000,8.376136,0.470206,True
3077,1773641600.619436,1773642309.210161,203,217,127.760473,20.543644,0.496374,True
3078,1773641600.619466,1773642290.013565,397,115,89.323349,17.868086,0.626801,True
3079,1773641600.619494,1773642340.752973,1110,408,190.735912,26.882815,0.402587,True
3080,1773641600.619524,1773642339.931821,1149,407,188.989702,26.899398,0.399237,True
3081,1773641600.619553,1773642284.012788,1466,76,75.708473,21.683632,0.720331,True
3082,1773641600.619585,1773642290.826036,212,138,88.941379,16.251235,0.530585,True
3083,1773641600.619613,1773642270.553686,878,102,47.953452,7.075922,0.404728,True
3084,1773641600.619646,1773642318.534104,1058,394,143.532509,8.204013,0.344347,True
3085,1773641600.619676,1773642285.725694,200,159,77.302789,12.680443,0.409002,True
3086,1773641600.619705,1773642383.484025,1092,626,272.521739,22.277635,0.400391,True
3087,1773641600.619735,1773642282.075809,399,83,69.538590,18.566889,0.621606,True
3088,1773641600.619764,1773642337.850601,1091,376,180.114963,27.822661,0.406113,True
3089,1773641600.619792,1773642319.723421,984,399,143.376168,6.257346,0.344520,True
3090,1773641600.619821,1773642340.753259,1123,401,184.299977,22.949166,0.403377,True
3091,1773641600.619854,1773642275.582184,1303,36,53.874617,17.872181,1.028641,True
3092,1773641600.619883,1773642271.790418,881,33,46.267813,17.216763,0.907845,True
3093,1773641600.619912,1773642343.160412,1017,409,188.986956,24.161355,0.403984,True
3094,1773641600.619960,1773642329.373707,1096,421,161.327624,11.625711,0.356433,True
3095,1773641600.619991,1773642343.515608,1140,411,188.506682,26.353691,0.395495,True
3096,1773641600.620020,1773642287.111977,376,117,74.675267,16.098940,0.504968,True
3097,1773641600.620050,1773642266.097315,384,69,32.283551,4.336153,0.410991,True
3098,1773641600.620079,1773642339.453398,981,393,178.745335,24.220720,0.394195,True
3099,1773641600.620108,1773642284.369547,386,73,68.470855,22.202069,0.642622,True
3100,1773641600.620140,1773642338.798691,1004,403,177.223479,17.563819,0.397163,True
3101,1773641600.620172,1773642291.585599,455,92,82.447107,25.253931,0.628496,True
3102,1773641600.620200,1773642321.616126,1134,402,140.889394,4.561529,0.339970,True
3103,1773641600.620229,1773642282.652342,1316,139,62.624981,9.576946,0.384406,True
3104,1773641600.620261,1773642330.078601,1144,420,156.954982,8.914655,0.353318,True
3105,1773641600.620294,1773642288.154788,387,73,72.566601,23.744359,0.678087,True
3106,1773641600.620324,1773642338.351323,1042,385,172.686513,14.508985,0.411921,True
3107,1773641600.620353,1773642329.713381,736,300,155.245864,24.650836,0.436773,True
3108,1773641600.620382,1773642274.301590,379,93,43.673255,8.050871,0.387200,True
3109,1773641600.620414,1773642294.959215,1312,138,84.315726,12.693186,0.522792,True
3110,1773641600.620442,1773642327.566699,1169,421,149.338982,5.464743,0.342558,True
3111,1773641600.620471,1773642289.583747,408,129,73.270051,14.801997,0.456782,True
3112,1773641600.620501,1773642337.392430,1019,396,168.758444,16.236514,0.386131,True
3113,1773641600.620530,1773642293.639967,395,126,81.232532,12.470863,0.550093,True
3114,1773641600.620559,1773642357.171196,1191,464,208.148161,16.247828,0.414472,True
3115,1773641600.620589,1773642294.717841,932,102,82.666809,23.356794,0.587228,True
3116,1773641600.620617,1773642345.711082,1021,412,184.010675,24.892128,0.387150,True
3117,1773641600.620646,1773642334.196017,1103,405,160.813388,12.737856,0.366524,True
3118,1773641600.620682,1773642288.417256,405,93,68.966164,18.402157,0.549609,True
3119,1773641600.620714,1773642299.271203,203,152,89.985240,20.023347,0.463324,True
3120,1773641600.620749,1773642346.732281,1148,421,184.887290,21.653084,0.388653,True
3121,1773641600.620777,1773642285.777465,181,165,62.560886,6.018759,0.344769,True
3122,1773641600.620806,1773642350.173087,1069,426,190.267266,25.452533,0.387799,True
3123,1773641600.620835,1773642348.959030,1137,396,187.630663,25.348094,0.410842,True
3124,1773641600.620865,1773642276.599473,1763,45,42.741483,11.718804,0.705061,True
3125,1773641600.620894,1773642288.049013,1008,89,65.535659,14.063663,0.584909,True
3126,1773641600.620924,1773642345.367873,1019,415,180.128808,15.634860,0.397328,True
3127,1773641600.620981,1773642341.976810,1086,398,172.678937,12.337091,0.403884,True
3128,1773641600.621012,1773642265.491293,1371,33,18.879577,5.558363,0.416288,True
3129,1773641600.621041,1773642331.192269,1161,397,150.260522,10.035259,0.354104,True
3130,1773641600.621071,1773642296.564306,416,151,80.171693,12.866541,0.448701,True
3131,1773641600.621100,1773642275.361287,91,24,37.744807,12.855957,1.082124,True
3132,1773641600.621134,1773642347.472091,1151,411,181.921556,14.326059,0.408770,True
3133,1773641600.621164,1773642280.083517,1075,56,46.977967,12.885664,0.619860,True
3134,1773641600.621193,1773642357.833768,1092,499,201.057703,15.924571,0.371753,True
3135,1773641600.621222,1773642331.640419,973,414,148.297524,4.951164,0.347086,True
3136,1773641600.621250,1773642285.630587,394,55,56.256576,18.439631,0.700314,True
3137,1773641600.621283,1773642284.929388,428,79,54.812894,11.957175,0.549432,True
3138,1773641600.621312,1773642292.023290,411,90,68.172635,18.995682,0.552550,True
3139,1773641600.621341,1773642381.705871,1167,549,247.496243,29.979445,0.396928,True
3140,1773641600.621383,1773642341.508296,1102,383,167.079095,14.947778,0.398250,True
3141,1773641600.621411,1773642339.589452,1110,377,162.023314,11.627625,0.399989,True
3142,1773641600.621439,1773642287.848593,400,136,57.154279,6.825794,0.372804,True
3143,1773641600.621468,1773642306.953403,1313,198,94.986230,11.899764,0.421759,True
3144,1773641600.621501,1773642296.524014,387,102,73.629302,16.770724,0.562956,True
3145,1773641600.621529,1773642276.483560,401,94,33.503406,2.710906,0.331102,True
3146,1773641600.621561,1773642331.194702,1160,409,142.695572,3.550687,0.341041,True
3147,1773641600.621589,1773642283.673531,379,92,47.567890,9.367428,0.419785,True
3148,1773641600.621619,1773642343.193029,1056,397,166.148887,10.695597,0.392559,True
3149,1773641600.621648,1773642290.450719,869,98,60.642859,10.684894,0.515031,True
3150,1773641600.621676,1773642334.162056,1107,393,147.379805,8.784611,0.353559,True
3151,1773641600.621705,1773642349.520822,1168,418,177.283212,12.857445,0.394306,True
3152,1773641600.621733,1773642293.162057,388,90,64.418177,15.527057,0.549338,True
3153,1773641600.621762,1773642336.983438,997,375,151.873134,13.695356,0.369459,True
3154,1773641600.621793,1773642360.209639,1019,418,197.686137,25.217263,0.413594,True
3155,1773641600.621822,1773642358.602223,997,420,194.035259,27.240832,0.398077,True
3156,1773641600.621850,1773642351.552590,1053,429,179.746797,12.057544,0.391797,True
3157,1773641600.621879,1773642293.751496,432,108,63.873649,10.079562,0.502748,True
3158,1773641600.621907,1773642282.036812,1925,103,40.195322,3.315935,0.361563,True
3159,1773641600.621956,1773642292.972600,929,99,60.697105,14.806266,0.468274,True
3160,1773641600.621993,1773642292.934714,914,91,59.915766,16.616224,0.481106,True
3161,1773641600.622023,1773642363.639381,1007,449,201.303137,14.573972,0.416806,True
3162,1773641600.622052,1773642298.495556,1820,109,70.993893,17.386703,0.496363,True
3163,1773641600.622085,1773642290.279109,392,86,52.710086,10.670846,0.494579,True
3164,1773641600.622114,1773642382.306736,1076,596,236.207697,9.209311,0.381510,True
3165,1773641600.622143,1773642306.804005,194,181,85.181358,9.198812,0.422125,True
3166,1773641600.622172,1773642347.864085,984,397,167.089598,15.274170,0.383372,True
3167,1773641600.622200,1773642349.658259,1048,397,170.179292,16.745973,0.387458,True
3168,1773641600.622230,1773642317.436227,1316,150,105.609503,27.875223,0.521707,True
3169,1773641600.622263,1773642293.780024,369,118,57.773300,9.701484,0.410870,True
3170,1773641600.622290,1773642348.032722,1176,405,166.257448,11.446285,0.383196,True
3171,1773641600.622318,1773642296.691706,200,138,63.492585,12.484480,0.372322,True
3172,1773641600.622352,1773642347.660377,1064,384,164.334199,17.526158,0.383311,True
3173,1773641600.622381,1773642291.568222,391,91,51.489862,7.588818,0.487789,True
3174,1773641600.622412,1773642308.268578,386,70,84.332431,29.558512,0.793825,True
3175,1773641600.622439,1773642449.497898,1083,1000,366.275751,12.570966,0.354059,True
3176,1773641600.622468,1773642355.789713,1099,383,178.816591,14.003991,0.431447,True
3177,1773641600.622496,1773642346.547239,986,433,159.995675,8.003995,0.351833,True
3178,1773641600.622525,1773642356.490053,1091,405,178.564849,23.407220,0.384054,True
3179,1773641600.622629,1773642287.023400,411,75,39.484421,6.131160,0.450720,True
3180,1773641600.622666,1773642368.937162,1081,425,202.734231,28.090834,0.411895,True
3181,1773641600.622699,1773642345.744958,1110,393,156.285730,10.881938,0.370928,True
3182,1773641600.622728,1773642347.235213,1016,397,159.244850,10.871219,0.374681,True
3183,1773641600.622757,1773642300.926996,1893,63,65.522691,23.115068,0.683994,True
3184,1773641600.622786,1773642301.140671,377,70,65.888157,17.711421,0.698214,True
3185,1773641600.622814,1773642344.747068,990,393,152.663534,12.074206,0.358646,True
3186,1773641600.622846,1773642358.471070,1169,389,180.028293,24.509304,0.400822,True
3187,1773641600.622874,1773642355.683551,1165,439,174.323174,9.462677,0.376394,True
3188,1773641600.622907,1773642306.728631,181,186,76.391000,6.020343,0.380382,True
3189,1773641600.622956,1773642365.669089,1171,435,194.127443,24.391769,0.391096,True
3190,1773641600.622995,1773642349.658564,1007,391,161.775456,13.779711,0.379476,True
3191,1773641600.623025,1773642291.922334,374,70,44.923566,10.960500,0.492218,True
3192,1773641600.623054,1773642285.478770,1002,48,31.761662,8.386793,0.497338,True
3193,1773641600.623083,1773642359.564919,1107,398,179.742964,16.214604,0.411910,True
3194,1773641600.623112,1773642351.050107,1093,419,161.242035,11.900964,0.357275,True
3195,1773641600.623141,1773642353.169605,999,397,165.272238,11.470771,0.388388,True
3196,1773641600.623171,1773642373.180532,1127,441,205.231825,27.430278,0.404094,True
3197,1773641600.623199,1773642357.319263,1011,397,171.728281,21.541778,0.379259,True
3198,1773641600.623228,1773642354.005481,980,417,164.831598,9.161170,0.374208,True
3199,1773641600.623256,1773642295.605266,181,103,47.949749,10.699751,0.365196,True
3200,1773641600.623286,1773642289.793532,399,89,36.180297,3.279913,0.373868,True
3201,1773641600.623314,1773642311.717809,1409,101,79.841662,20.849971,0.589917,True
3202,1773641600.623343,1773642300.739516,1386,93,57.225802,10.186849,0.511293,True
3203,1773641600.623374,1773642356.308241,1125,414,167.932149,9.661864,0.383221,True
3204,1773641600.623403,1773642343.877047,1159,416,142.011125,3.045594,0.334857,True
3205,1773641600.623434,1773642352.663659,1112,403,159.091869,11.993937,0.365915,True
3206,1773641600.623463,1773642311.392033,391,99,75.696711,20.525057,0.562976,True
3207,1773641600.623491,1773642316.158167,181,124,85.207130,20.513998,0.525960,True
3208,1773641600.623519,1773642360.414768,1107,427,172.677278,9.432135,0.383205,True
3209,1773641600.623548,1773642365.074262,1113,422,181.851790,20.981204,0.382115,True
3210,1773641600.623577,1773642284.631807,1458,53,20.840162,2.850657,0.345952,True
3211,1773641600.623606,1773642296.203528,406,98,43.798182,8.245350,0.366524,True
3212,1773641600.623635,1773642324.587201,1312,205,100.275329,13.549749,0.425125,True
3213,1773641600.623664,1773642313.898560,407,116,78.464825,17.980998,0.525946,True
3214,1773641600.623696,1773642347.723534,1093,398,145.806952,6.330990,0.351325,True
3215,1773641600.623726,1773642293.562078,377,57,36.384007,10.515000,0.461947,True
3216,1773641600.623755,1773642349.818034,1125,386,148.812604,8.087120,0.365521,True
3217,1773641600.623786,1773642307.121292,200,149,63.210359,5.634753,0.389024,True
3218,1773641600.623816,1773642363.696468,1125,414,176.217632,11.473671,0.398896,True
3219,1773641600.623844,1773642331.018407,206,217,110.572332,18.336114,0.427020,True
3220,1773641600.623876,1773642351.489535,1107,375,151.492138,10.722439,0.376390,True
3221,1773641600.623904,1773642310.426225,407,115,68.519201,10.299267,0.510701,True
3222,1773641600.623954,1773642356.578455,1102,401,160.532990,13.027635,0.368763,True
3223,1773641600.623989,1773642315.067476,1316,156,77.280761,13.462090,0.411733,True
3224,1773641600.624018,1773642304.648769,377,35,56.318554,22.387526,0.997971,True
3225,1773641600.624046,1773642355.455667,1111,418,157.767318,8.586958,0.357747,True
3226,1773641600.624075,1773642358.749398,1055,400,164.292294,12.037186,0.381592,True
3227,1773641600.624104,1773642376.140893,1112,429,199.012371,19.077054,0.420410,True
3228,1773641600.624141,1773642318.793267,1314,198,83.350713,11.734068,0.363536,True
3229,1773641600.624171,1773642310.093261,388,83,64.744027,17.991176,0.570157,True
3230,1773641600.624201,1773642317.625993,206,162,79.498800,13.177863,0.411931,True
3231,1773641600.624231,1773642359.742848,1081,391,163.627079,17.492768,0.374703,True
3232,1773641600.624261,1773642394.317394,1023,575,230.809816,17.741221,0.371200,True
3233,1773641600.624293,1773642361.307313,1071,394,164.539569,17.529567,0.374071,True
3234,1773641600.624322,1773642317.190046,410,154,75.967317,9.434190,0.434857,True
3235,1773641600.624355,1773642297.115559,721,71,35.458150,11.668089,0.339858,True
3236,1773641600.624383,1773642398.950637,1086,614,237.716246,8.547909,0.373847,True
3237,1773641600.624412,1773642322.999059,1315,179,85.728997,14.582404,0.399700,True
3238,1773641600.624444,1773642310.655303,379,72,60.020985,17.912414,0.593078,True
3239,1773641600.624473,1773642299.599553,400,89,37.785272,4.452114,0.378786,True
3240,1773641600.624506,1773642364.526263,1054,390,167.200603,16.244583,0.388062,True
3241,1773641600.624533,1773642320.955016,402,163,79.745033,9.971914,0.430698,True
3242,1773641600.624562,1773642357.097526,1112,386,151.360962,8.484592,0.371107,True
3243,1773641600.624590,1773642373.123066,1021,421,182.168347,18.659141,0.389308,True
3244,1773641600.624621,1773642368.888291,1055,398,173.615355,13.631434,0.402982,True
3245,1773641600.624650,1773642296.519196,120,12,27.711486,12.466323,1.385924,True
3246,1773641600.624679,1773642354.851759,981,375,144.190183,8.590089,0.362567,True
3247,1773641600.624707,1773642326.947096,1315,175,88.337533,18.134730,0.403464,True
3248,1773641600.624736,1773642373.686235,1046,397,181.586427,15.166157,0.420253,True
3249,1773641600.624765,1773642315.091955,423,80,63.461822,10.423532,0.671371,True
3250,1773641600.624793,1773642406.089383,1115,654,244.813910,11.447235,0.357376,True
3251,1773641600.624822,1773642319.404119,1269,103,70.772679,15.179249,0.545034,True
3252,1773641600.624852,1773642305.725964,397,115,42.709088,1.778305,0.359042,True
3253,1773641600.624883,1773642316.266841,1409,101,63.475790,16.535780,0.469400,True
3254,1773641600.624911,1773642351.891605,1058,394,134.496841,1.507066,0.338396,True
3255,1773641600.624959,1773642305.204968,399,88,40.545429,6.414357,0.392311,True
3256,1773641600.625001,1773642309.682555,446,94,48.391868,6.580930,0.449580,True
3257,1773641600.625031,1773642377.847372,1137,402,184.491721,15.311596,0.421896,True
3258,1773641600.625059,1773642374.103551,1110,410,176.940522,15.958124,0.393600,True
3259,1773641600.625091,1773642317.049911,388,91,62.749429,14.870590,0.531987,True
3260,1773641600.625120,1773642351.891307,1066,393,132.326501,0.924922,0.335208,True
3261,1773641600.625150,1773642375.640777,1163,428,179.722682,16.264730,0.382806,True
3262,1773641600.625182,1773642409.944907,1088,641,247.727786,12.795965,0.367081,True
3263,1773641600.625211,1773642358.278404,1002,411,143.980172,2.746310,0.344473,True
3264,1773641600.625241,1773642368.098521,1186,414,163.535350,13.608320,0.363019,True
3265,1773641600.625269,1773642379.189206,1087,383,185.695559,19.850552,0.434149,True
3266,1773641600.625297,1773642314.314885,871,79,55.925606,14.411615,0.532231,True
3267,1773641600.625327,1773642315.994220,377,61,58.543827,14.869201,0.727910,True
3268,1773641600.625366,1773642293.751401,91,16,13.453658,5.043190,0.560698,True
3269,1773641600.625397,1773642321.083449,191,162,68.097629,5.032852,0.391707,True
3270,1773641600.625425,1773642326.036432,1312,162,77.832366,13.944913,0.396816,True
3271,1773641600.625460,1773642314.702130,373,81,53.696020,12.691734,0.512554,True
3272,1773641600.625488,1773642382.508251,980,400,188.914957,18.141126,0.428005,True
3273,1773641600.625520,1773642334.828982,212,217,93.346711,12.607975,0.373790,True
3274,1773641600.625549,1773642371.824102,1057,387,167.189955,15.297145,0.393505,True
3275,1773641600.625577,1773642306.597835,390,96,36.342978,1.536299,0.366386,True
3276,1773641600.625606,1773642310.916383,386,119,44.474731,1.892927,0.360863,True
3277,1773641600.625642,1773642360.513833,1081,372,142.629256,6.470847,0.367004,True
3278,1773641600.625671,1773642316.299080,450,90,53.762121,12.626077,0.462203,True
3279,1773641600.625700,1773642304.725221,302,18,30.260510,12.088241,1.068957,True
3280,1773641600.625732,1773642377.923417,1161,405,176.284557,15.023015,0.399162,True
3281,1773641600.625762,1773642360.308317,1045,375,141.012815,0.770057,0.374981,True
3282,1773641600.625790,1773642310.474757,1107,55,41.115594,13.131607,0.518222,True
3283,1773641600.625819,1773642366.713636,1081,397,153.386741,7.667997,0.367977,True
3284,1773641600.625848,1773642322.425429,1318,113,64.662921,14.313702,0.449547,True
3285,1773641600.625876,1773642387.981464,1180,427,195.393069,17.439816,0.417731,True
3286,1773641600.625905,1773642322.065590,1315,127,63.208135,9.282225,0.427983,True
3287,1773641600.625950,1773642310.853853,372,54,40.411288,11.453411,0.546375,True
3288,1773641600.625986,1773642384.235996,1018,375,186.799907,21.481792,0.442027,True
3289,1773641600.626014,1773642334.456805,197,217,87.115694,10.783994,0.353387,True
3290,1773641600.626046,1773642374.078818,1093,407,166.316257,14.809384,0.373170,True
3291,1773641600.626076,1773642313.813041,376,81,44.483819,8.172777,0.453888,True
3292,1773641600.626104,1773642372.363635,1106,429,161.542626,11.456115,0.350669,True
3293,1773641600.626133,1773642319.027676,421,92,54.849385,13.116878,0.458599,True
3294,1773641600.626162,1773642328.707341,422,98,73.564237,20.392568,0.548162,True
3295,1773641600.626191,1773642332.233139,407,140,80.403843,13.699073,0.479890,True
3296,1773641600.626222,1773642319.773798,420,106,54.437213,9.546448,0.427531,True
3297,1773641600.626251,1773642326.683799,1352,144,67.488137,9.966045,0.402252,True
3298,1773641600.626279,1773642310.616776,91,16,35.270164,11.822937,1.563148,True
3299,1773641600.626308,1773642317.657365,1539,94,48.977073,10.917696,0.409241,True
3300,1773641600.626337,1773642331.574829,181,169,76.663838,10.843533,0.391788,True
3301,1773641600.626369,1773642334.022433,72,202,81.536185,10.832319,0.351761,True
3302,1773641600.626401,1773642322.747817,181,120,58.409291,11.176644,0.396913,True
3303,1773641600.626431,1773642394.975556,992,396,202.823207,25.888423,0.447936,True
3304,1773641600.626460,1773642314.143532,388,84,40.993200,6.097044,0.420436,True
3305,1773641600.626489,1773642415.050275,1050,638,242.595845,7.913183,0.368419,True
3306,1773641600.626518,1773642319.834861,392,106,52.143286,7.902085,0.421345,True
3307,1773641600.626557,1773642397.229683,1127,396,206.890222,26.947537,0.455551,True
3308,1773641600.626588,1773642308.608351,1646,44,28.489808,7.738335,0.482592,True
3309,1773641600.626617,1773642318.477798,433,87,47.500378,9.992343,0.436140,True
3310,1773641600.626646,1773642376.532391,1081,397,163.130071,11.393618,0.383173,True
3311,1773641600.626675,1773642321.487217,373,70,52.667100,13.818199,0.563028,True
3312,1773641600.626704,1773642379.294771,1058,407,167.372644,11.350182,0.384292,True
3313,1773641600.626734,1773642370.548176,1098,393,149.374161,9.986745,0.355580,True
3314,1773641600.626762,1773642316.052455,376,83,39.689794,7.507440,0.392468,True
3315,1773641600.626791,1773642327.581004,206,162,62.102503,5.571891,0.351122,True
3316,1773641600.626823,1773642377.961884,1099,386,162.842893,9.277513,0.398871,True
3317,1773641600.626851,1773642334.194313,1646,44,75.243860,27.472407,1.110964,True
3318,1773641600.626978,1773642376.014455,1019,396,158.623251,10.255845,0.375614,True
3319,1773641600.627011,1773642367.354669,980,374,141.134531,6.927473,0.359804,True
3320,1773641600.627041,1773642318.180591,371,58,42.599040,9.479910,0.581037,True
3321,1773641600.627071,1773642383.600764,981,398,173.417061,14.096257,0.401312,True
3322,1773641600.627100,1773642324.429795,404,93,54.618397,12.694998,0.455689,True
3323,1773641600.627134,1773642322.926562,408,87,51.589818,12.684224,0.452391,True
3324,1773641600.627167,1773642320.789147,705,66,46.381349,11.373102,0.538588,True
3325,1773641600.627205,1773642371.704322,203,211,146.815441,30.301038,0.554830,True
3326,1773641600.627235,1773642333.802797,1176,114,70.868483,13.747057,0.505499,True
3327,1773641600.627264,1773642380.493168,1081,408,164.062312,9.745733,0.379156,True
3328,1773641600.627293,1773642437.112189,1092,720,277.217773,14.300941,0.365670,True
3329,1773641600.627326,1773642375.758456,1037,388,153.133507,14.462334,0.358323,True
3330,1773641600.627355,1773642381.678418,1127,408,164.804673,10.539656,0.379030,True
3331,1773641600.627384,1773642335.166146,788,29,71.698097,29.280091,1.514929,True
3332,1773641600.627414,1773642330.246298,175,164,61.275486,4.799174,0.346480,True
3333,1773641600.627443,1773642317.702911,401,93,35.581912,2.189756,0.362958,True
3334,1773641600.627475,1773642386.226777,1000,430,172.335651,13.595585,0.370023,True
3335,1773641600.627502,1773642322.570853,410,85,44.875224,9.682255,0.418964,True
3336,1773641600.627531,1773642312.957475,374,63,25.295709,3.405594,0.353066,True
3337,1773641600.627560,1773642383.887779,1113,423,166.292526,7.466148,0.376366,True
3338,1773641600.627588,1773642332.983418,1318,142,64.213820,9.579292,0.387479,True
3339,1773641600.627617,1773642381.793222,988,431,161.728969,9.527056,0.353958,True
3340,1773641600.627646,1773642371.432581,1022,392,140.986775,5.130947,0.347457,True
3341,1773641600.627680,1773642350.155619,1314,176,98.015592,14.755738,0.475771,True
3342,1773641600.627708,1773642336.440920,1704,107,69.984454,14.223870,0.526043,True
3343,1773641600.627736,1773642379.398230,1107,398,155.505222,13.966514,0.356521,True
3344,1773641600.627767,1773642390.040975,1139,398,175.937573,15.366840,0.404460,True
3345,1773641600.627799,1773642391.198087,1045,396,177.668234,17.268328,0.406076,True
3346,1773641600.627827,1773642384.325480,1051,400,163.794418,14.318280,0.374627,True
3347,1773641600.627856,1773642322.926397,405,87,40.933488,7.356377,0.390432,True
3348,1773641600.627884,1773642378.148841,1064,393,150.276282,6.446601,0.366912,True
3349,1773641600.627913,1773642340.944535,387,117,75.573617,15.958920,0.513920,True
3350,1773641600.627961,1773642386.560286,1049,429,165.918042,8.055419,0.368838,True
3351,1773641600.627993,1773642371.153729,181,205,134.835633,25.144898,0.537700,True
3352,1773641600.628021,1773642375.124624,1071,398,142.503850,3.619466,0.349835,True
3353,1773641600.628049,1773642380.416444,999,396,152.754144,12.793620,0.354330,True
3354,1773641600.628078,1773642395.697626,1069,450,183.193038,15.015518,0.374560,True
3355,1773641600.628107,1773642385.292416,1040,403,161.281025,13.163737,0.368451,True
3356,1773641600.628136,1773642396.345978,961,429,183.220071,14.896260,0.393280,True
3357,1773641600.628169,1773642406.172964,988,401,202.497969,25.122950,0.443438,True
3358,1773641600.628201,1773642389.458247,1039,430,169.003080,9.813637,0.371071,True
3359,1773641600.628229,1773642388.798908,1040,393,167.473029,15.728365,0.387104,True
3360,1773641600.628260,1773642327.566449,1508,49,44.776897,13.290866,0.655959,True
3361,1773641600.628289,1773642312.036389,317,18,13.655396,4.248581,0.553342,True
3362,1773641600.628318,1773642329.197077,393,116,47.749451,4.135065,0.379256,True
3363,1773641600.628347,1773642324.975669,371,63,38.488663,10.343055,0.453961,True
3364,1773641600.628375,1773642335.569522,920,104,57.931446,9.470505,0.470495,True
3365,1773641600.628407,1773642362.166610,1118,141,110.853511,29.286566,0.582621,True
3366,1773641600.628436,1773642319.285090,382,61,24.940805,3.164915,0.362932,True
3367,1773641600.628464,1773642331.948287,410,129,50.244030,3.982060,0.361422,True
3368,1773641600.628493,1773642415.534492,1108,434,217.145303,24.210530,0.445577,True
3369,1773641600.628522,1773642342.874442,325,18,71.492421,33.348833,2.243741,True
3370,1773641600.628550,1773642330.979289,397,100,47.576467,7.579309,0.404012,True
3371,1773641600.628579,1773642330.683047,398,92,46.961765,8.310701,0.424737,True
3372,1773641600.628608,1773642398.005794,1125,399,180.669637,18.290311,0.407988,True
3373,1773641600.628651,1773642390.681879,1168,427,164.804191,11.052281,0.360920,True
3374,1773641600.628680,1773642326.581699,2045,60,36.498271,8.415024,0.475987,True
3375,1773641600.628709,1773642386.824915,1097,403,156.501558,11.822062,0.359899,True
3376,1773641600.628741,1773642337.613030,200,165,57.993457,1.839648,0.342401,True
3377,1773641600.628770,1773642401.849798,997,418,185.257869,19.722797,0.396967,True
3378,1773641600.628799,1773642339.995930,203,181,60.940557,1.458062,0.330458,True
3379,1773641600.628828,1773642323.697440,374,40,28.007863,7.053367,0.537295,True
3380,1773641600.628857,1773642344.289847,181,95,68.381165,18.844612,0.526985,True
3381,1773641600.628885,1773642330.395020,1176,77,39.926023,7.525759,0.426319,True
3382,1773641600.628914,1773642393.170249,1046,396,165.369347,15.551798,0.379285,True
3383,1773641600.628963,1773642362.720916,181,284,104.198572,5.566538,0.348523,True
3384,1773641600.628995,1773642331.848907,373,81,42.434041,8.131039,0.428788,True
3385,1773641600.629049,1773642404.986886,1029,392,188.648147,22.226774,0.425630,True
3386,1773641600.629081,1773642409.903294,1006,411,198.459730,22.216019,0.429863,True
3387,1773641600.629123,1773642382.591987,1013,419,143.462347,2.268755,0.337784,True
3388,1773641600.629165,1773642416.454809,1089,417,211.061786,33.682887,0.426392,True
3389,1773641600.629202,1773642395.248839,1180,402,167.709332,14.643381,0.381711,True
3390,1773641600.629247,1773642336.502917,389,87,49.667982,8.727145,0.476056,True
3391,1773641600.629279,1773642344.289856,422,95,65.133232,17.220796,0.509707,True
3392,1773641600.629310,1773642392.418109,1002,413,160.746032,8.926991,0.368493,True
3393,1773641600.629364,1773642394.198413,991,399,163.632605,13.656472,0.376824,True
3394,1773641600.629402,1773642387.188843,1000,428,148.795064,3.599672,0.340036,True
3395,1773641600.629439,1773642345.431865,181,128,64.936725,6.153235,0.462862,True
3396,1773641600.629485,1773642332.777306,390,94,38.746244,5.358680,0.359006,True
3397,1773641600.629531,1773642337.878816,404,108,48.348423,7.267500,0.383934,True
3398,1773641600.629568,1773642335.000005,1508,84,42.362159,9.224342,0.399251,True
3399,1773641600.629612,1773642334.741523,372,61,41.676401,15.040562,0.443931,True
3400,1773641600.629643,1773642393.496094,1093,397,158.681920,10.232511,0.374872,True
3401,1773641600.629683,1773642396.631628,1006,396,164.621879,14.182623,0.380859,True
3402,1773641600.629721,1773642399.223547,982,399,169.199746,14.320269,0.389144,True
3403,1773641600.629766,1773642330.816723,428,98,32.218640,1.683586,0.314794,True
3404,1773641600.629798,1773642400.237866,1055,411,170.724759,13.627880,0.383163,True
3405,1773641600.629837,1773642346.645390,402,105,63.139826,12.292310,0.488918,True
3406,1773641600.629879,1773642393.717507,1045,397,157.241289,5.377243,0.383495,True
3407,1773641600.629917,1773642351.380327,16,177,72.279366,9.146283,0.358711,True
3408,1773641600.629985,1773642341.677665,203,162,52.791244,1.108773,0.321009,True
3409,1773641600.630018,1773642413.350139,1058,400,196.012934,29.263181,0.417919,True
3410,1773641600.630049,1773642350.894652,376,74,71.060588,19.363797,0.708175,True
3411,1773641600.630092,1773642390.722785,1071,387,149.439369,6.005611,0.371590,True
3412,1773641600.630129,1773642364.403024,194,217,96.696889,11.313370,0.395294,True
3413,1773641600.630173,1773642418.012122,1026,429,203.706219,25.725168,0.415844,True
3414,1773641600.630205,1773642371.197328,1312,193,109.845778,14.900185,0.494508,True
3415,1773641600.630244,1773642344.221826,380,82,55.831742,14.366518,0.511916,True
3416,1773641600.630282,1773642383.741724,1098,393,133.379904,1.024719,0.337641,True
3417,1773641600.630326,1773642395.410764,1093,389,156.427201,10.900919,0.375068,True
3418,1773641600.630358,1773642332.233418,379,63,29.573005,2.949654,0.429409,True
3419,1773641600.630390,1773642338.960190,181,121,42.646184,5.127512,0.312656,True
3420,1773641600.630435,1773642409.870496,1089,398,184.405048,23.198389,0.406062,True
3421,1773641600.630484,1773642394.578055,1132,398,153.735648,10.278333,0.361353,True
3422,1773641600.630521,1773642397.866403,981,399,160.000419,6.090705,0.386708,True
3423,1773641600.630565,1773642329.656633,390,48,23.412091,3.013272,0.434017,True
3424,1773641600.630614,1773642401.990774,1063,401,167.602042,12.885348,0.386792,True
3425,1773641600.630651,1773642363.228781,905,115,89.480244,23.395451,0.579691,True
3426,1773641600.630696,1773642398.202190,1087,412,159.321223,12.130754,0.358128,True
3427,1773641600.630728,1773642337.539088,995,83,37.870074,3.846308,0.414924,True
3428,1773641600.630759,1773642363.474641,407,129,89.347782,15.927378,0.573597,True
3429,1773641600.630813,1773642413.145075,1081,390,188.213248,25.247145,0.418936,True
3430,1773641600.630844,1773642419.470278,1081,471,200.362535,16.393384,0.391424,True
3431,1773641600.630874,1773642348.618624,1317,155,58.407131,6.414837,0.337612,True
3432,1773641600.630905,1773642386.063864,1000,386,132.664859,2.718998,0.337522,True
3433,1773641600.630971,1773642401.866229,955,425,164.166116,10.145477,0.363256,True
3434,1773641600.631003,1773642443.468063,986,604,247.244693,17.597501,0.380841,True
3435,1773641600.631035,1773642411.226324,1062,400,182.448131,15.865807,0.417500,True
3436,1773641600.631077,1773642409.897367,1026,402,179.664630,18.589278,0.401684,True
3437,1773641600.631114,1773642378.955226,124,198,117.673923,24.167550,0.474652,True
3438,1773641600.631159,1773642357.962320,200,192,74.340502,1.658165,0.380536,True
3439,1773641600.631192,1773642401.794330,1054,396,161.671052,7.553408,0.390171,True
3440,1773641600.631234,1773642364.967832,203,151,87.747063,17.560023,0.467914,True
3441,1773641600.631270,1773642338.686520,1901,53,34.386404,7.382682,0.519302,True
3442,1773641600.631319,1773642345.239072,388,91,47.239265,8.259814,0.433105,True
3443,1773641600.631351,1773642410.778295,970,401,177.411817,17.507657,0.399760,True
3444,1773641600.631380,1773642408.719353,1065,397,172.602420,18.448358,0.389278,True
3445,1773641600.631411,1773642360.743084,457,81,76.628823,23.367550,0.665766,True
3446,1773641600.631453,1773642406.004238,1133,405,166.858413,7.553894,0.394318,True
3447,1773641600.631490,1773642415.788006,997,394,186.076017,23.638648,0.413327,True
3448,1773641600.631535,1773642361.706809,1316,152,77.539139,11.124321,0.439833,True
3449,1773641600.631570,1773642373.743283,127,202,101.590343,14.646074,0.432559,True
3450,1773641600.631618,1773642412.006143,1071,397,178.009850,14.001715,0.414162,True
3451,1773641600.631663,1773642413.978096,1003,396,180.539563,18.940088,0.409113,True
3452,1773641600.631700,1773642416.825977,1172,391,185.737944,24.128838,0.414382,True
3453,1773641600.631745,1773642362.788598,370,77,77.642664,24.118443,0.704266,True
3454,1773641600.631780,1773642423.616052,1120,447,198.366816,16.106677,0.408655,True
3455,1773641600.631825,1773642366.750081,391,140,84.317091,17.914333,0.477718,True
3456,1773641600.631863,1773642412.109154,1046,405,174.573299,18.045952,0.387444,True
3457,1773641600.632026,1773642415.325630,1051,400,180.694107,22.351236,0.396849,True
3458,1773641600.632080,1773642362.041929,387,84,72.002077,16.827851,0.664750,True
3459,1773641600.632120,1773642414.817602,1024,408,177.532927,18.017993,0.391929,True
3460,1773641600.632169,1773642365.750794,206,212,79.148621,3.752285,0.357329,True
3461,1773641600.632206,1773642371.968405,1313,138,90.751382,17.435651,0.535151,True
3462,1773641600.632252,1773642360.895651,203,181,68.417418,3.985652,0.357954,True
3463,1773641600.632283,1773642380.679227,1323,210,107.443741,11.282844,0.460100,True
3464,1773641600.632314,1773642420.408103,992,397,186.324640,22.492216,0.413718,True
3465,1773641600.632356,1773642420.220037,961,429,185.556895,15.063958,0.398348,True
3466,1773641600.632393,1773642352.495335,181,129,49.839586,2.303409,0.371376,True
3467,1773641600.632438,1773642344.928676,397,90,34.685790,2.343024,0.363402,True
3468,1773641600.632476,1773642350.753901,411,107,46.315488,4.902354,0.390690,True
3469,1773641600.632533,1773642351.552598,1464,68,45.676646,10.546424,0.524332,True
3470,1773641600.632565,1773642356.495089,447,79,55.000924,13.510939,0.531923,True
3471,1773641600.632597,1773642371.060069,23,134,83.712344,14.824408,0.517954,True
3472,1773641600.632646,1773642412.006387,1103,390,165.371185,11.279866,0.396122,True
3473,1773641600.632682,1773642351.127223,2010,115,43.486488,2.465983,0.359829,True
3474,1773641600.632727,1773642335.597447,326,18,11.863343,2.832511,0.531225,True
3475,1773641600.632764,1773642421.876199,1077,400,184.317881,21.866028,0.407148,True
3476,1773641600.632808,1773642419.842339,1031,430,179.874184,15.420975,0.383341,True
3477,1773641600.632844,1773642367.045441,206,217,73.919975,1.240058,0.336481,True
3478,1773641600.632894,1773642365.814285,403,107,71.121789,17.076628,0.509860,True
3479,1773641600.632925,1773642364.529155,378,57,68.258308,22.078839,0.824633,True
3480,1773641600.632988,1773642359.315200,383,78,57.645982,10.107939,0.617377,True
3481,1773641600.633020,1773642417.366406,1076,396,173.355032,13.548894,0.404573,True
3482,1773641600.633052,1773642397.629033,1066,383,133.612838,2.578972,0.343021,True
3483,1773641600.633094,1773642366.601162,1015,122,71.225583,14.944592,0.465132,True
3484,1773641600.633131,1773642426.458418,1089,391,190.874517,20.562064,0.436699,True
3485,1773641600.633176,1773642400.810106,1037,396,139.225970,3.377253,0.343921,True
3486,1773641600.633225,1773642348.441174,388,98,34.465753,0.297094,0.352254,True
3487,1773641600.633271,1773642422.179353,1047,400,181.359872,16.423025,0.413376,True
3488,1773641600.633317,1773642406.238809,1064,364,149.310708,15.666299,0.368166,True
3489,1773641600.633364,1773642396.727673,1093,397,130.164668,0.516464,0.327394,True
3490,1773641600.633405,1773642364.971488,398,104,66.234820,16.213648,0.485642,True
3491,1773641600.633450,1773642433.144101,1072,444,202.370343,20.519783,0.410498,True
3492,1773641600.633486,1773642336.376334,242,14,8.274305,1.694202,0.506162,True
3493,1773641600.633534,1773642404.939816,1132,437,145.379974,2.692602,0.327265,True
3494,1773641600.633570,1773642366.823605,397,114,68.082308,15.285535,0.467228,True
3495,1773641600.633616,1773642336.477873,120,12,6.972859,1.582855,0.490000,True
3496,1773641600.633666,1773642406.420030,982,445,145.212396,1.128602,0.324513,True
3497,1773641600.633703,1773642365.278648,389,89,62.490311,13.216576,0.559929,True
3498,1773641600.633748,1773642350.622146,406,96,32.902727,0.580436,0.340235,True
3499,1773641600.633783,1773642399.498692,1004,396,130.593400,2.815519,0.323488,True
3500,1773641600.633828,1773642428.444593,1094,436,188.464899,15.197724,0.398315,True
3501,1773641600.633865,1773642359.198922,383,67,49.476275,12.789150,0.555866,True
3502,1773641600.633910,1773642413.621460,1085,397,157.755934,13.658369,0.363883,True
3503,1773641600.633967,1773642384.563240,1317,144,99.455183,23.330494,0.532340,True
3504,1773641600.634006,1773642428.904297,1101,411,187.787056,19.730155,0.409895,True
3505,1773641600.634048,1773642418.368507,1111,375,166.401000,14.241782,0.406843,True
3506,1773641600.634078,1773642376.155304,200,167,81.161623,11.755234,0.418111,True
3507,1773641600.634108,1773642400.934543,990,397,130.652766,2.296515,0.324132,True
3508,1773641600.634141,1773642358.143189,413,57,44.033037,11.941184,0.573069,True
3509,1773641600.634177,1773642375.498099,1315,141,78.367463,14.033216,0.459530,True
3510,1773641600.634214,1773642356.856030,884,123,40.953596,0.411700,0.332311,True
3511,1773641600.634245,1773642401.973172,1056,396,131.060037,3.009247,0.324179,True
3512,1773641600.634291,1773642403.255799,1029,393,133.540481,0.870260,0.338444,True
3513,1773641600.634324,1773642417.981770,1064,476,162.948298,2.944724,0.336850,True
3514,1773641600.634367,1773642426.378525,949,393,179.201769,18.687248,0.409476,True
3515,1773641600.634397,1773642408.614630,1048,389,143.242645,5.061770,0.356136,True
3516,1773641600.634426,1773642360.414914,1851,42,46.158709,15.396428,0.750300,True
3517,1773641600.634455,1773642422.753875,1087,429,170.713635,12.463990,0.369742,True
3518,1773641600.634492,1773642413.303674,1170,400,151.521318,8.642216,0.358093,True
3519,1773641600.634523,1773642355.805425,982,47,36.380982,10.406767,0.564657,True
3520,1773641600.634552,1773642388.006284,1595,150,100.302322,21.776871,0.527016,True
3521,1773641600.634582,1773642431.803378,1186,421,187.833762,18.772335,0.402527,True
3522,1773641600.634611,1773642367.468728,1992,76,58.231070,16.098126,0.561773,True
3523,1773641600.634641,1773642378.216402,1677,56,79.041716,30.841339,0.876370,True
3524,1773641600.634670,1773642416.190512,1058,394,154.778000,13.337753,0.359899,True
3525,1773641600.634699,1773642389.170720,209,217,100.408987,9.101657,0.422719,True
3526,1773641600.634728,1773642371.168584,397,88,64.363395,17.671580,0.536688,True
3527,1773641600.634762,1773642364.097743,399,86,49.284862,10.276979,0.458916,True
3528,1773641600.634797,1773642424.018219,1153,375,168.835832,17.459648,0.404749,True
3529,1773641600.634825,1773642434.217563,982,487,188.549507,11.746319,0.363793,True
3530,1773641600.634854,1773642363.119683,398,91,46.226629,7.324283,0.432248,True
3531,1773641600.634883,1773642369.003277,402,110,56.490423,8.974223,0.435928,True
3532,1773641600.634915,1773642373.421527,387,78,65.306571,19.770499,0.591378,True
3533,1773641600.634966,1773642355.647673,392,90,29.404441,0.301437,0.327000,True
3534,1773641600.634997,1773642418.423558,1043,393,153.807154,10.619674,0.365274,True
3535,1773641600.635029,1773642363.184405,387,72,43.011015,10.010598,0.464795,True
3536,1773641600.635059,1773642430.078185,1044,408,176.193107,15.781756,0.394131,True
3537,1773641600.635088,1773642417.291911,1049,403,148.831072,5.459527,0.356646,True
3538,1773641600.635118,1773642372.534488,393,101,59.023817,12.290910,0.467329,True
3539,1773641600.635147,1773642359.385221,378,52,32.435424,6.564963,0.507264,True
3540,1773641600.635176,1773642422.843436,1030,360,159.289514,16.217165,0.398530,True
3541,1773641600.635205,1773642384.010124,441,134,80.976946,17.017176,0.480901,True
3542,1773641600.635235,1773642364.186841,415,93,40.603683,4.451069,0.392963,True
3543,1773641600.635266,1773642358.505929,393,83,28.557566,0.298033,0.344628,True
3544,1773641600.635295,1773642385.166156,394,175,81.730833,11.012621,0.406427,True
3545,1773641600.635326,1773642424.459981,1115,398,160.296991,12.615127,0.371995,True
3546,1773641600.635371,1773642424.208754,968,396,158.917073,7.418493,0.383541,True
3547,1773641600.635401,1773642359.982309,373,48,30.085253,6.749498,0.496505,True
3548,1773641600.635431,1773642387.980490,414,90,85.457829,28.327906,0.641909,True
3549,1773641600.635460,1773642420.327559,1084,453,149.904423,1.704690,0.327876,True
3550,1773641600.635489,1773642440.420768,1183,408,189.964203,29.233952,0.394915,True
3551,1773641600.635523,1773642425.855758,1100,379,160.603965,16.188877,0.382050,True
3552,1773641600.635551,1773642424.024376,978,414,156.793690,7.211234,0.362185,True
3553,1773641600.635580,1773642375.647541,409,98,59.851151,14.816714,0.464273,True
3554,1773641600.635609,1773642427.115417,1041,396,162.725225,12.569381,0.380141,True
3555,1773641600.635642,1773642367.222296,392,86,41.326431,6.279579,0.412316,True
3556,1773641600.635671,1773642380.776682,125,211,68.248394,0.556403,0.322343,True
3557,1773641600.635703,1773642428.511333,1110,429,163.550123,7.164161,0.365388,True
3558,1773641600.635731,1773642432.060208,1060,408,170.008871,15.074783,0.380673,True
3559,1773641600.635763,1773642385.564479,401,145,76.644796,11.079928,0.455312,True
3560,1773641600.635790,1773642388.231155,1352,155,81.500386,16.082619,0.424791,True
3561,1773641600.635819,1773642428.002278,1074,429,160.672966,8.655729,0.355180,True
3562,1773641600.635847,1773642420.694008,1055,397,145.932685,5.111012,0.355610,True
3563,1773641600.635876,1773642383.337781,459,225,70.934749,0.307133,0.315302,True
3564,1773641600.635905,1773642374.365930,396,104,52.660263,10.286444,0.411396,True
3565,1773641600.635952,1773642358.505921,370,63,20.110838,0.294680,0.319615,True
3566,1773641600.635993,1773642364.891738,371,71,32.525821,6.275161,0.375009,True
3567,1773641600.636023,1773642433.150537,997,429,168.749131,15.914770,0.357090,True
3568,1773641600.636055,1773642449.624147,1077,520,201.322754,14.954453,0.359091,True
3569,1773641600.636085,1773642434.947374,992,420,170.848860,13.063589,0.376576,True
3570,1773641600.636114,1773642419.017801,1095,429,138.695219,0.886316,0.321983,True
3571,1773641600.636144,1773642422.144563,1096,445,144.929233,0.875753,0.324445,True
3572,1773641600.636173,1773642370.020144,1916,61,40.386480,11.884078,0.475040,True
3573,1773641600.636202,1773642380.070381,1482,69,59.823574,16.617818,0.635379,True
3574,1773641600.636231,1773642399.796987,407,175,99.231742,15.946481,0.478651,True
3575,1773641600.636260,1773642367.415787,373,71,33.583284,5.697242,0.398372,True
3576,1773641600.636288,1773642393.539562,109,120,85.557280,23.911644,0.518031,True
3577,1773641600.636325,1773642432.434046,1063,407,163.068802,11.686707,0.372862,True
3578,1773641600.636355,1773642370.033148,374,99,37.955866,3.848562,0.348034,True
3579,1773641600.636384,1773642428.507456,991,414,154.738905,7.922885,0.355487,True
3580,1773641600.636416,1773642379.617722,395,87,56.460776,12.035654,0.516571,True
3581,1773641600.636446,1773642374.900501,1230,76,46.818454,11.931460,0.465160,True
3582,1773641600.636475,1773642371.484719,366,65,39.860555,11.032015,0.450446,True
3583,1773641600.636506,1773642431.038367,1061,396,158.947295,11.021460,0.374496,True
3584,1773641600.636535,1773642369.646391,384,83,35.495872,3.839385,0.386055,True
3585,1773641600.636564,1773642377.266715,407,125,50.714979,3.828523,0.378117,True
3586,1773641600.636595,1773642388.955307,379,91,72.902257,22.168405,0.563709,True
3587,1773641600.636623,1773642443.061318,1036,509,180.785204,5.142388,0.345754,True
3588,1773641600.636652,1773642437.668157,1072,429,168.982615,11.209025,0.368630,True
3589,1773641600.636680,1773642438.798313,1147,405,170.490735,18.763227,0.375563,True
3590,1773641600.636709,1773642464.830328,1046,564,221.631593,13.389813,0.369879,True
3591,1773641600.636738,1773642428.511418,1081,402,148.703042,5.058550,0.358216,True
3592,1773641600.636767,1773642440.914917,1085,396,172.114999,15.875317,0.395543,True
3593,1773641600.636796,1773642374.679016,398,111,38.439995,0.457985,0.345291,True
3594,1773641600.636824,1773642371.755275,420,99,32.199423,0.297548,0.325529,True
3595,1773641600.636853,1773642449.665295,1043,429,187.956158,16.171109,0.401367,True
3596,1773641600.636992,1773642443.625091,1064,440,175.659004,17.816454,0.359550,True
3597,1773641600.637027,1773642371.800005,383,86,31.967777,3.244726,0.337918,True
3598,1773641600.637056,1773642375.898460,1775,52,39.172354,12.306899,0.526774,True
3599,1773641600.637089,1773642377.850131,422,92,42.700368,3.324371,0.432703,True
3600,1773641600.637117,1773642398.212692,188,167,83.404480,9.616890,0.444504,True
3601,1773641600.637147,1773642433.346090,1042,407,153.525543,7.190585,0.360431,True
3602,1773641600.637176,1773642370.727014,395,86,27.730101,0.290002,0.322825,True
3603,1773641600.637205,1773642385.397256,1874,51,56.587606,16.054287,0.810666,True
3604,1773641600.637234,1773642438.849301,1050,375,163.347321,15.218517,0.396066,True
3605,1773641600.637263,1773642437.911638,1047,411,161.181159,11.473846,0.365140,True
3606,1773641600.637292,1773642380.784000,401,131,45.883134,0.294195,0.350684,True
3607,1773641600.637321,1773642439.070423,1106,380,162.206284,20.683891,0.373410,True
3608,1773641600.637350,1773642468.970347,1041,569,221.632257,7.890455,0.376306,True
3609,1773641600.637392,1773642370.689425,394,75,24.804057,0.289534,0.331277,True
3610,1773641600.637420,1773642381.358035,386,99,45.760144,6.875574,0.396781,True
3611,1773641600.637453,1773642423.287381,1077,396,129.553220,0.517276,0.326673,True
3612,1773641600.637482,1773642424.494273,1082,373,131.945085,2.771770,0.347240,True
3613,1773641600.637515,1773642442.969141,1057,436,168.720134,12.875806,0.358263,True
3614,1773641600.637548,1773642447.856641,1119,399,178.203346,19.283022,0.399297,True
3615,1773641600.637581,1773642395.493731,206,152,72.567583,15.762386,0.376193,True
3616,1773641600.637611,1773642416.492092,200,217,114.337309,16.464718,0.453114,True
3617,1773641600.637640,1773642370.467402,1583,24,22.160621,9.393377,0.555098,True
3618,1773641600.637669,1773642435.443343,1127,394,151.735108,15.396430,0.346918,True
3619,1773641600.637698,1773642384.453236,379,71,49.398688,11.730912,0.538111,True
3620,1773641600.637730,1773642379.950412,392,93,39.916065,5.361182,0.375597,True
3621,1773641600.637758,1773642536.312717,1040,956,352.184396,25.587566,0.341986,True
3622,1773641600.637787,1773642385.360487,402,143,50.091062,0.293844,0.350685,True
3623,1773641600.637817,1773642404.660138,178,169,88.480530,15.368162,0.435193,True
3624,1773641600.637846,1773642408.165636,1313,186,95.469762,17.084884,0.423702,True
3625,1773641600.637876,1773642457.706235,1047,463,194.365473,17.514498,0.382794,True
3626,1773641600.637904,1773642363.119841,91,16,4.730508,0.239809,0.299380,True
3627,1773641600.637949,1773642426.600625,1101,373,131.399265,4.398736,0.341399,True
3628,1773641600.637996,1773642392.394037,387,100,62.159323,11.881672,0.507855,True
3629,1773641600.638026,1773642382.981400,374,66,42.545057,7.071596,0.545746,True
3630,1773641600.638058,1773642465.905424,1102,560,207.705477,15.176094,0.344418,True
3631,1773641600.638088,1773642373.340762,372,68,22.326960,0.287778,0.328943,True
3632,1773641600.638117,1773642444.915550,1120,416,165.157230,17.140566,0.356667,True
3633,1773641600.638146,1773642411.895592,203,193,99.030531,15.658497,0.434229,True
3634,1773641600.638175,1773642392.381345,1146,88,59.299660,8.874922,0.579595,True
3635,1773641600.638204,1773642399.575136,181,131,73.564798,10.403110,0.485859,True
3636,1773641600.638234,1773642379.639683,402,93,33.029988,0.404872,0.354621,True
3637,1773641600.638263,1773642439.845223,1025,431,153.419470,2.988614,0.349839,True
3638,1773641600.638292,1773642379.134992,386,89,31.893374,0.341274,0.358547,True
3639,1773641600.638321,1773642410.660749,203,217,94.861894,9.966299,0.393035,True
3640,1773641600.638351,1773642447.154104,1104,396,167.351395,14.037372,0.388137,True
3641,1773641600.638380,1773642393.547846,401,99,59.806674,15.832795,0.448713,True
3642,1773641600.638412,1773642451.011061,982,428,174.607722,15.259290,0.373181,True
3643,1773641600.638442,1773642436.230428,1049,384,144.251589,9.199716,0.352616,True
3644,1773641600.638470,1773642373.863819,441,59,19.350103,0.299106,0.328465,True
3645,1773641600.638499,1773642388.162554,434,132,47.507198,2.816340,0.341152,True
3646,1773641600.638529,1773642393.495906,386,93,57.923403,14.424997,0.472809,True
3647,1773641600.638558,1773642437.766113,1057,429,146.443752,3.208595,0.334662,True
3648,1773641600.638590,1773642403.937260,412,131,78.069025,8.401606,0.535903,True
3649,1773641600.638618,1773642445.113288,990,388,160.274101,13.982646,0.378014,True
3650,1773641600.638647,1773642395.083479,1935,78,60.193049,10.953233,0.639478,True
3651,1773641600.638676,1773642393.665135,380,111,57.163865,2.533030,0.496644,True
3652,1773641600.638704,1773642450.109706,1099,414,169.657917,15.891223,0.372316,True
3653,1773641600.638733,1773642402.829405,53,148,74.310549,7.521871,0.454345,True
3654,1773641600.638765,1773642395.143743,1163,82,58.768099,16.449471,0.522452,True
3655,1773641600.638794,1773642434.280993,1015,396,136.917871,0.740297,0.344753,True
3656,1773641600.638822,1773642448.952545,1087,438,164.685104,10.800001,0.352140,True
3657,1773641600.638851,1773642407.758581,814,160,82.068257,14.697759,0.423714,True
3658,1773641600.638880,1773642399.135963,392,96,64.760506,10.654109,0.569541,True
3659,1773641600.638909,1773642440.983262,1061,396,148.305388,12.174054,0.344636,True
3660,1773641600.638959,1773642439.615818,949,407,145.133137,6.433744,0.341624,True
3661,1773641600.638991,1773642386.034022,403,105,37.612791,0.294669,0.358828,True
3662,1773641600.639024,1773642443.353478,1192,415,151.981000,8.845511,0.345738,True
3663,1773641600.639057,1773642451.768965,1000,414,168.684620,15.659523,0.370521,True
3664,1773641600.639089,1773642403.234136,194,152,71.509157,11.486931,0.397498,True
3665,1773641600.639118,1773642405.169919,181,167,74.139075,5.095653,0.415924,True
3666,1773641600.639147,1773642452.741391,988,398,167.698142,17.306920,0.378819,True
3667,1773641600.639179,1773642400.451393,398,86,63.012915,16.863212,0.542938,True
3668,1773641600.639208,1773642446.917592,1061,416,155.818933,12.374743,0.345649,True
3669,1773641600.639237,1773642395.843016,197,152,52.381410,0.254941,0.345208,True
3670,1773641600.639266,1773642391.205732,384,65,42.355651,11.394009,0.483776,True
3671,1773641600.639294,1773642441.801521,1086,397,143.524953,11.344132,0.333790,True
3672,1773641600.639323,1773642397.570714,401,74,54.194526,11.632939,0.583035,True
3673,1773641600.639352,1773642375.091735,331,18,9.069805,2.638886,0.378289,True
3674,1773641600.639380,1773642439.907878,991,406,138.433561,0.475928,0.340636,True
3675,1773641600.639409,1773642391.313512,392,98,41.160459,5.475055,0.367891,True
3676,1773641600.639441,1773642397.363139,385,93,52.601909,10.360120,0.459150,True
3677,1773641600.639469,1773642386.446397,374,42,30.563786,7.802051,0.555164,True
3678,1773641600.639498,1773642451.394337,924,394,160.438049,11.937706,0.377863,True
3679,1773641600.639532,1773642401.704635,401,86,60.993025,18.391977,0.501189,True
3680,1773641600.639565,1773642400.869086,394,173,58.866844,0.296100,0.340528,True
3681,1773641600.639614,1773642401.781125,1310,145,60.587510,8.529132,0.361517,True
3682,1773641600.639644,1773642445.630821,972,378,147.828986,9.577801,0.366714,True
3683,1773641600.639674,1773642448.999548,1044,398,154.480945,12.967359,0.356457,True
3684,1773641600.639706,1773642396.165332,379,83,48.709171,11.275312,0.456510,True
3685,1773641600.639738,1773642404.299854,1239,90,64.935495,13.853869,0.573951,True
3686,1773641600.639768,1773642398.183960,389,90,52.411518,11.134978,0.463781,True
3687,1773641600.639797,1773642468.651052,1070,520,192.554777,4.693017,0.361969,True
3688,1773641600.639826,1773642455.253694,1072,395,165.428798,18.583650,0.372703,True
3689,1773641600.639855,1773642454.932760,1058,422,163.609605,15.510172,0.351780,True
3690,1773641600.639883,1773642450.174278,1054,402,153.965902,13.255061,0.350900,True
3691,1773641600.639912,1773642407.041430,203,194,67.389106,0.253413,0.347853,True
3692,1773641600.639962,1773642445.481759,1008,415,144.098770,3.634341,0.339286,True
3693,1773641600.639993,1773642476.505795,1163,520,205.621019,18.682043,0.360191,True
3694,1773641600.640026,1773642401.068188,1060,74,54.642248,11.938748,0.584979,True
3695,1773641600.640055,1773642389.020263,1287,81,30.298641,0.672191,0.370331,True
3696,1773641600.640088,1773642484.123825,1089,608,220.070238,13.137320,0.340911,True
3697,1773641600.640116,1773642456.887358,1120,429,165.555484,13.674019,0.354863,True
3698,1773641600.640148,1773642387.981338,1165,37,27.207592,8.864336,0.509535,True
3699,1773641600.640177,1773642398.192217,392,138,47.016558,0.304554,0.340964,True
3700,1773641600.640206,1773642423.699214,1314,236,97.591781,10.050316,0.372517,True
3701,1773641600.640235,1773642422.994779,1317,231,95.800337,6.169771,0.389698,True
3702,1773641600.640265,1773642378.204648,91,16,6.156237,0.250223,0.393734,True
3703,1773641600.640293,1773642395.906987,1259,81,40.809569,9.510489,0.391238,True
3704,1773641600.640322,1773642409.105820,382,103,66.912477,15.839528,0.500715,True
3705,1773641600.640353,1773642458.670854,1135,455,166.021265,7.574074,0.349003,True
3706,1773641600.640383,1773642452.953290,1053,427,154.381467,7.471794,0.344858,True
3707,1773641600.640411,1773642461.830188,1111,438,171.841424,13.458697,0.362432,True
3708,1773641600.640440,1773642408.959961,1123,87,65.874894,14.555741,0.596734,True
3709,1773641600.640470,1773642461.648159,1119,399,171.004995,21.496248,0.375650,True
3710,1773641600.640504,1773642405.596109,1314,176,58.880244,0.585779,0.333111,True
3711,1773641600.640534,1773642397.473495,382,79,41.868686,8.414414,0.428901,True
3712,1773641600.640563,1773642443.697294,1112,397,132.851429,0.536648,0.334128,True
3713,1773641600.640592,1773642412.062239,402,98,68.422590,14.454642,0.556371,True
3714,1773641600.640621,1773642460.450416,1027,429,165.177750,11.506503,0.359045,True
3715,1773641600.640651,1773642452.732978,1023,378,149.613616,14.379218,0.358712,True
3716,1773641600.640683,1773642428.805920,200,181,101.676254,19.674211,0.455567,True
3717,1773641600.640712,1773642409.788391,203,152,63.268022,8.065630,0.365579,True
3718,1773641600.640741,1773642444.429752,1135,395,132.445867,0.544745,0.334774,True
3719,1773641600.640770,1773642455.750268,1110,429,155.046402,11.208457,0.336070,True
3720,1773641600.640799,1773642445.589087,1094,383,133.245559,7.037243,0.330388,True
3721,1773641600.640828,1773642454.742880,1074,429,151.199888,2.025544,0.348538,True
3722,1773641600.640856,1773642469.444978,1169,429,180.500362,17.702847,0.380368,True
3723,1773641600.640885,1773642420.009891,194,177,81.421794,13.006426,0.388724,True
3724,1773641600.640917,1773642448.454785,1104,396,138.099593,6.598310,0.332915,True
3725,1773641600.640964,1773642461.902429,1095,429,164.554909,6.594779,0.369066,True
3726,1773641600.641001,1773642397.562404,393,76,35.832171,6.559888,0.390297,True
3727,1773641600.641047,1773642449.360609,1070,393,138.814643,4.168265,0.343486,True
3728,1773641600.641077,1773642463.771574,1126,407,167.386697,19.070776,0.365310,True
3729,1773641600.641107,1773642403.160765,393,86,45.484974,6.699834,0.456296,True
3730,1773641600.641136,1773642401.990781,1455,43,42.979611,13.920931,0.691873,True
3731,1773641600.641169,1773642399.037257,243,14,36.694350,16.207541,1.575908,True
3732,1773641600.641200,1773642409.106004,402,83,56.646314,13.831046,0.522137,True
3733,1773641600.641229,1773642410.150655,1522,85,58.716239,8.779353,0.594487,True
3734,1773641600.641258,1773642453.215035,1072,394,143.710334,6.286413,0.349679,True
3735,1773641600.641379,1773642504.154402,1110,658,244.936342,11.809433,0.354835,True
3736,1773641600.641412,1773642457.946746,997,440,152.477940,5.410564,0.335005,True
3737,1773641600.641443,1773642423.958180,181,200,84.310216,5.843326,0.394306,True
3738,1773641600.641477,1773642468.655387,1089,424,172.678823,14.495389,0.373956,True
3739,1773641600.641510,1773642420.737834,181,133,76.446608,14.383483,0.470175,True
3740,1773641600.641538,1773642411.279718,395,90,57.363822,12.154542,0.507969,True
3741,1773641600.641567,1773642459.442767,1119,405,152.918536,12.019068,0.348761,True
3742,1773641600.641597,1773642406.478395,1852,62,46.277065,13.023055,0.545148,True
3743,1773641600.641630,1773642421.572564,209,179,76.170974,11.515522,0.363233,True
3744,1773641600.641659,1773642512.635048,1081,676,258.046336,16.847142,0.357332,True
3745,1773641600.641689,1773642408.614621,1479,75,49.734940,11.894935,0.511351,True
3746,1773641600.641719,1773642467.420434,1092,419,167.055381,12.917967,0.368750,True
3747,1773641600.641748,1773642454.020278,1029,415,140.008782,4.669635,0.326906,True
3748,1773641600.641783,1773642464.397617,1074,394,160.309573,13.693257,0.373070,True
3749,1773641600.641820,1773642463.591678,1066,426,158.528641,12.793781,0.342906,True
3750,1773641600.641848,1773642451.597866,1054,399,134.277278,5.153736,0.324431,True
3751,1773641600.641877,1773642419.187394,206,188,69.230614,5.040763,0.343261,True
3752,1773641600.641906,1773642442.038923,181,248,113.729308,15.284934,0.398560,True
3753,1773641600.641959,1773642407.302896,1239,90,44.011973,5.826665,0.429048,True
3754,1773641600.641994,1773642468.998587,1009,394,167.254821,20.648844,0.373043,True
3755,1773641600.642023,1773642408.521118,382,74,46.235506,12.339593,0.464328,True
3756,1773641600.642053,1773642475.388442,1009,429,179.642566,17.117885,0.379731,True
3757,1773641600.642087,1773642437.403459,206,181,102.722697,19.978168,0.459692,True
3758,1773641600.642117,1773642465.376830,1044,422,158.608328,14.252462,0.342888,True
3759,1773641600.642153,1773642410.007850,924,105,47.540479,7.625668,0.383796,True
3760,1773641600.642184,1773642416.825697,374,70,60.741952,16.230760,0.645090,True
3761,1773641600.642213,1773642410.191913,1381,82,47.244375,10.050745,0.459181,True
3762,1773641600.642242,1773642457.356586,1140,366,141.049385,14.534877,0.346615,True
3763,1773641600.642272,1773642463.567317,1111,410,152.747142,9.390471,0.350505,True
3764,1773641600.642302,1773642416.241771,869,85,56.514810,14.661062,0.498259,True
3765,1773641600.642331,1773642476.215143,1019,414,176.440347,17.956334,0.383739,True
3766,1773641600.642366,1773642425.791054,399,106,75.570293,17.945447,0.548808,True
3767,1773641600.642394,1773642463.254501,1087,418,150.476517,6.899748,0.344309,True
3768,1773641600.642424,1773642461.229343,1079,405,146.111248,10.429171,0.335847,True
3769,1773641600.642456,1773642468.676370,1061,401,160.881165,14.907961,0.364933,True
3770,1773641600.642484,1773642404.704196,1005,53,31.798363,7.270173,0.471696,True
3771,1773641600.642514,1773642462.175489,1077,393,146.430400,13.685014,0.338636,True
3772,1773641600.642545,1773642422.442414,1540,72,66.838341,21.680861,0.636021,True
3773,1773641600.642575,1773642465.557985,1012,414,152.762686,9.736674,0.346310,True
3774,1773641600.642604,1773642460.458712,1011,396,141.990428,10.720094,0.332330,True
3775,1773641600.642633,1773642473.412191,1111,373,166.738877,19.754438,0.395119,True
3776,1773641600.642663,1773642439.070175,161,217,96.759637,14.724791,0.379791,True
3777,1773641600.642692,1773642467.309401,1077,396,153.155781,13.130538,0.354494,True
3778,1773641600.642720,1773642484.820432,1099,434,187.237538,19.766675,0.386769,True
3779,1773641600.642750,1773642464.830657,1048,396,147.236939,9.021092,0.349914,True
3780,1773641600.642779,1773642476.720922,1101,453,170.810364,15.916896,0.342685,True
3781,1773641600.642817,1773642474.829721,1040,429,164.882293,11.473312,0.358432,True
3782,1773641600.642846,1773642398.769629,333,18,12.741683,3.676481,0.533247,True
3783,1773641600.642875,1773642471.424106,1089,424,158.007977,7.812979,0.355071,True
3784,1773641600.642904,1773642455.622732,1051,375,124.882974,4.250311,0.322547,True
3785,1773641600.642952,1773642474.382571,1135,429,161.765574,9.996195,0.354601,True
3786,1773641600.642990,1773642443.468246,1314,204,99.914082,15.840936,0.414153,True
3787,1773641600.643024,1773642467.270861,1088,402,147.457000,11.872676,0.338116,True
3788,1773641600.643054,1773642471.846013,1316,353,156.585800,19.852928,0.388446,True
3789,1773641600.643083,1773642462.585281,1042,398,137.834057,4.333130,0.336274,True
3790,1773641600.643115,1773642463.402887,1020,375,139.365377,11.627358,0.341546,True
3791,1773641600.643144,1773642412.708709,181,112,37.003060,3.224122,0.304315,True
3792,1773641600.643173,1773642437.645303,209,194,86.648459,12.911676,0.382056,True
3793,1773641600.643202,1773642475.126137,1139,463,161.090063,6.777159,0.334011,True
3794,1773641600.643231,1773642438.185843,24,181,86.401165,10.966138,0.419083,True
3795,1773641600.643259,1773642418.875858,858,100,47.570869,12.172267,0.357562,True
3796,1773641600.643288,1773642414.763100,388,81,39.220976,6.205616,0.412692,True
3797,1773641600.643317,1773642465.461410,1042,407,140.413410,4.206951,0.335484,True
3798,1773641600.643349,1773642477.004584,1035,395,163.166043,15.137182,0.375708,True
3799,1773641600.643379,1773642487.034087,1027,429,183.059157,19.169160,0.382921,True
3800,1773641600.643408,1773642472.059672,1103,391,152.716364,13.799335,0.356198,True
3801,1773641600.643436,1773642484.699060,1049,440,177.700186,17.960596,0.363872,True
3802,1773641600.643465,1773642473.584691,1043,396,155.350159,10.829566,0.365875,True
3803,1773641600.643494,1773642486.186595,1024,520,180.036575,6.076852,0.335183,True
3804,1773641600.643522,1773642483.091892,1094,404,173.478015,19.551860,0.381951,True
3805,1773641600.643551,1773642470.058796,1065,411,146.832466,4.965868,0.346016,True
3806,1773641600.643583,1773642485.480813,1201,410,177.484032,24.279356,0.374584,True
3807,1773641600.643616,1773642478.895017,1029,411,163.318889,12.224329,0.368523,True
3808,1773641600.643646,1773642482.575567,1036,426,170.410684,14.088461,0.367817,True
3809,1773641600.643678,1773642479.757290,1033,407,164.566196,15.087885,0.368173,True
3810,1773641600.643707,1773642470.061712,1081,419,144.984991,6.076922,0.332316,True
3811,1773641600.643740,1773642415.191471,431,80,35.222700,9.682688,0.323291,True
3812,1773641600.643770,1773642482.641424,1089,418,170.018747,18.191967,0.364093,True
3813,1773641600.643799,1773642473.445379,1126,387,151.148130,12.171293,0.360044,True
3814,1773641600.643828,1773642493.718372,1067,467,191.402773,20.331859,0.367105,True
3815,1773641600.643856,1773642488.307960,997,445,180.225995,18.965612,0.363199,True
3816,1773641600.643885,1773642495.198303,1071,498,193.984988,16.516792,0.357079,True
3817,1773641600.643913,1773642431.989748,752,70,67.546635,22.801337,0.648483,True
3818,1773641600.643960,1773642467.023757,1065,401,137.593486,3.381463,0.335530,True
3819,1773641600.643990,1773642406.818767,317,18,16.084689,6.172372,0.583077,True
3820,1773641600.644023,1773642438.101226,1314,138,78.293138,16.926588,0.447931,True
3821,1773641600.644050,1773642480.573652,1022,420,163.051450,10.411937,0.364295,True
3822,1773641600.644079,1773642478.320284,1041,414,158.358820,12.113015,0.354106,True
3823,1773641600.644108,1773642481.753751,1071,396,165.039238,19.114422,0.369430,True
3824,1773641600.644137,1773642472.118279,1168,429,145.229041,7.396351,0.322039,True
3825,1773641600.644167,1773642483.611404,1119,411,168.068673,11.823497,0.381086,True
3826,1773641600.644198,1773642503.960291,1020,501,208.316445,14.131378,0.388370,True
3827,1773641600.644227,1773642493.912031,1065,429,187.335860,16.253477,0.399725,True
3828,1773641600.644257,1773642434.373745,200,174,67.839140,7.290458,0.349992,True
3829,1773641600.644288,1773642471.909001,1139,414,142.179490,5.896600,0.329983,True
3830,1773641600.644315,1773642481.718097,1087,410,161.692742,16.288726,0.355511,True
3831,1773641600.644344,1773642480.953374,1058,475,160.033813,6.808041,0.323261,True
3832,1773641600.644376,1773642484.820725,1157,384,167.496784,17.442645,0.391786,True
3833,1773641600.644407,1773642430.165017,1820,69,56.899027,20.305418,0.538141,True
3834,1773641600.644435,1773642441.003497,200,179,78.422977,8.880140,0.390690,True
3835,1773641600.644463,1773642490.741204,1021,394,177.877587,19.558821,0.402847,True
3836,1773641600.644492,1773642451.874492,209,177,100.040367,20.166702,0.453828,True
3837,1773641600.644524,1773642437.469533,203,183,71.183784,4.838854,0.364533,True
3838,1773641600.644556,1773642474.771832,1014,427,145.579028,8.692998,0.321329,True
3839,1773641600.644584,1773642488.659057,1047,399,173.332738,21.596701,0.381246,True
3840,1773641600.644614,1773642490.376009,1179,407,176.745817,22.521416,0.379863,True
3841,1773641600.644643,1773642488.918190,1029,406,172.166853,14.740178,0.388708,True
3842,1773641600.644672,1773642486.113191,984,384,165.891106,15.474833,0.392732,True
3843,1773641600.644701,1773642485.527587,984,429,164.573635,7.431080,0.367156,True
3844,1773641600.644730,1773642442.288886,181,217,78.052426,3.453300,0.345366,True
3845,1773641600.644759,1773642496.649086,1072,414,185.401624,18.814831,0.403358,True
3846,1773641600.644788,1773642445.766497,167,158,82.929530,18.461182,0.410626,True
3847,1773641600.644820,1773642484.233132,1044,419,159.136152,7.228589,0.363415,True
3848,1773641600.644848,1773642489.776481,1043,403,170.139096,15.154588,0.385534,True
3849,1773641600.644877,1773642500.180977,1070,551,190.468019,8.794137,0.330316,True
3850,1773641600.644906,1773642491.395251,1029,468,172.810694,8.983531,0.350808,True
3851,1773641600.644953,1773642506.715228,1101,482,203.071136,15.933621,0.389059,True
3852,1773641600.644993,1773642478.436003,1048,396,145.660411,12.070521,0.338202,True
3853,1773641600.645022,1773642432.778051,420,71,53.531138,18.052875,0.506832,True
3854,1773641600.645056,1773642437.469542,197,183,62.743744,0.753810,0.340604,True
3855,1773641600.645090,1773642481.836388,1058,414,151.308928,7.791286,0.347500,True
3856,1773641600.645125,1773642490.222584,1086,403,167.956185,17.632624,0.373939,True
3857,1773641600.645153,1773642481.589464,1002,382,150.316929,16.102536,0.352269,True
3858,1773641600.645182,1773642444.869131,159,204,76.771960,7.257802,0.342434,True
3859,1773641600.645211,1773642495.580983,1053,413,177.520813,15.738219,0.392676,True
3860,1773641600.645240,1773642446.523545,25,176,78.948253,10.626849,0.390408,True
3861,1773641600.645268,1773642491.622775,1230,396,168.633917,11.148779,0.398697,True
3862,1773641600.645297,1773642460.485912,197,217,105.438428,16.758084,0.410557,True
3863,1773641600.645326,1773642483.293701,1052,417,150.241996,5.800441,0.347215,True
3864,1773641600.645365,1773642492.106875,1028,401,167.155443,18.525434,0.371575,True
3865,1773641600.645400,1773642422.383378,372,81,27.522129,0.835527,0.333583,True
3866,1773641600.645428,1773642417.746386,1692,51,18.225482,0.824409,0.348021,True
3867,1773641600.645458,1773642515.188736,1047,535,212.923007,16.760166,0.367346,True
3868,1773641600.645490,1773642493.693923,1177,386,169.458082,16.746513,0.396653,True
3869,1773641600.645518,1773642478.789328,1103,363,139.359186,14.736258,0.344262,True
3870,1773641600.645549,1773642437.004907,398,92,55.769912,14.726022,0.451032,True
3871,1773641600.645577,1773642500.546422,1121,424,181.498051,19.845875,0.382156,True
3872,1773641600.645607,1773642488.526798,1028,382,157.293703,17.039504,0.368121,True
3873,1773641600.645636,1773642498.010981,1139,412,176.219924,20.923711,0.377850,True
3874,1773641600.645758,1773642441.667914,203,165,63.512956,5.912377,0.351223,True
3875,1773641600.645798,1773642466.258679,1313,177,112.611992,31.287708,0.462070,True
3876,1773641600.645829,1773642429.562651,918,40,39.091974,14.261664,0.636675,True
3877,1773641600.645859,1773642431.590144,1592,48,42.857283,13.464579,0.625377,True
3878,1773641600.645888,1773642432.489270,375,65,44.572890,15.508590,0.454130,True
3879,1773641600.645918,1773642526.712268,1089,601,232.082837,13.607459,0.364126,True
3880,1773641600.645973,1773642446.349779,1048,80,71.126213,21.706233,0.625569,True
3881,1773641600.646003,1773642451.011321,181,222,79.547895,4.586730,0.339191,True
3882,1773641600.646033,1773642481.182814,1139,405,139.788288,7.255745,0.328051,True
3883,1773641600.646068,1773642496.564029,1014,391,169.322782,22.614663,0.376175,True
3884,1773641600.646096,1773642442.220282,1353,147,60.422650,7.503642,0.362459,True
3885,1773641600.646129,1773642449.251977,203,183,74.462456,7.492247,0.367968,True
3886,1773641600.646157,1773642452.287471,923,137,80.428866,18.591350,0.454688,True
3887,1773641600.646186,1773642501.077106,1047,420,177.922912,20.023245,0.376849,True
3888,1773641600.646215,1773642435.537610,378,68,45.650194,14.785648,0.460665,True
3889,1773641600.646245,1773642502.709337,1044,391,179.122893,19.672702,0.408847,True
3890,1773641600.646274,1773642529.045182,1023,520,231.479480,27.934943,0.392186,True
3891,1773641600.646302,1773642448.470769,1353,160,70.227066,10.268989,0.377095,True
3892,1773641600.646331,1773642496.382024,1010,397,165.511367,18.512551,0.371209,True
3893,1773641600.646360,1773642589.368767,1126,937,350.759424,20.528130,0.352811,True
3894,1773641600.646389,1773642565.428143,1126,919,301.322014,3.777376,0.324123,True
3895,1773641600.646418,1773642500.048074,1088,402,170.457120,19.395193,0.376713,True
3896,1773641600.646447,1773642508.700255,1029,409,187.280862,26.869397,0.393165,True
3897,1773641600.646476,1773642439.412803,398,93,48.436629,15.469838,0.358335,True
3898,1773641600.646505,1773642490.911642,995,414,151.164044,9.112646,0.343950,True
3899,1773641600.646534,1773642498.159837,1204,460,165.246169,7.480245,0.343717,True
3900,1773641600.646563,1773642434.014322,120,12,36.438729,17.025682,1.764822,True
3901,1773641600.646591,1773642470.292482,200,217,108.181666,20.478112,0.406035,True
3902,1773641600.646623,1773642521.382739,999,417,210.278359,39.889607,0.409588,True
3903,1773641600.646657,1773642442.854971,396,91,52.778146,13.423719,0.437271,True
3904,1773641600.646686,1773642454.281051,181,187,75.567917,6.519689,0.371227,True
3905,1773641600.646714,1773642517.233376,1014,428,200.805599,21.711006,0.419425,True
3906,1773641600.646743,1773642503.425275,1023,484,173.168599,7.838333,0.342299,True
3907,1773641600.646772,1773642489.731209,1072,386,144.860799,12.588777,0.343564,True
3908,1773641600.646801,1773642502.467432,1015,416,170.188397,13.291103,0.378066,True
3909,1773641600.646829,1773642493.532230,1019,414,151.565403,10.627508,0.341254,True
3910,1773641600.646858,1773642480.123842,1314,141,124.267727,39.940083,0.602340,True
3911,1773641600.646890,1773642564.544231,1029,663,293.044534,25.624242,0.403958,True
3912,1773641600.646919,1773642502.308362,1044,458,167.862134,9.405003,0.346733,True
3913,1773641600.646971,1773642446.870538,1665,49,56.882463,20.293874,0.762262,True
3914,1773641600.647000,1773642507.330087,995,403,176.894639,15.369961,0.401803,True
3915,1773641600.647032,1773642488.599275,1037,411,139.158948,5.904006,0.325012,True
3916,1773641600.647062,1773642461.713753,1923,74,85.030957,27.862868,0.783125,True
3917,1773641600.647091,1773642478.453255,200,217,117.943812,22.448207,0.442109,True
3918,1773641600.647120,1773642508.431701,1069,419,177.174947,21.014745,0.373589,True
3919,1773641600.647152,1773642471.868509,1315,163,103.711374,17.494813,0.532201,True
3920,1773641600.647184,1773642463.008706,400,94,85.569668,21.228536,0.691840,True
3921,1773641600.647212,1773642493.044778,1115,423,145.430178,7.026905,0.327970,True
3922,1773641600.647241,1773642613.770961,1306,915,386.718461,28.890162,0.391497,True
3923,1773641600.647270,1773642446.901048,903,100,52.397249,11.233741,0.415793,True
3924,1773641600.647298,1773642443.802928,1850,94,46.119001,8.854027,0.400699,True
3925,1773641600.647327,1773642521.637923,1126,447,200.122764,21.343745,0.400850,True
3926,1773641600.647355,1773642523.393051,1040,396,203.029051,28.524666,0.441783,True
3927,1773641600.647384,1773642496.423485,1023,415,148.551983,5.208906,0.346239,True
3928,1773641600.647416,1773642456.916460,203,161,69.452278,9.032724,0.377622,True
3929,1773641600.647444,1773642495.789808,1081,426,146.804581,6.505684,0.330115,True
3930,1773641600.647472,1773642534.989674,1074,645,225.081144,12.343600,0.330338,True
3931,1773641600.647501,1773642525.103762,1038,514,204.690885,18.101244,0.363722,True
3932,1773641600.647529,1773642469.677336,173,158,93.652522,19.078179,0.474996,True
3933,1773641600.647558,1773642493.911836,169,217,141.811933,27.397028,0.529699,True
3934,1773641600.647590,1773642503.963413,1074,411,161.335891,14.869509,0.357235,True
3935,1773641600.647623,1773642517.605903,1144,425,187.978498,22.074553,0.391283,True
3936,1773641600.647655,1773642512.385690,1012,414,177.351457,20.961495,0.378668,True
3937,1773641600.647687,1773642498.540137,1014,411,149.162004,10.613455,0.337923,True
3938,1773641600.647715,1773642542.806249,1143,668,237.568561,9.481205,0.341960,True
3939,1773641600.647747,1773642504.887184,979,413,161.708314,16.447565,0.352575,True
3940,1773641600.647776,1773642465.557976,403,97,82.692619,21.479727,0.637634,True
3941,1773641600.647804,1773642477.715023,1315,189,106.492563,21.972693,0.449574,True
3942,1773641600.647833,1773642502.450279,1012,396,155.899334,15.616945,0.355145,True
3943,1773641600.647862,1773642463.852286,206,186,76.114660,7.708207,0.369765,True
3944,1773641600.647891,1773642517.166850,1079,410,182.620766,23.298878,0.389540,True
3945,1773641600.647920,1773642464.178023,181,125,75.580691,18.283972,0.462070,True
3946,1773641600.647973,1773642480.056626,1312,129,107.190776,25.949045,0.634701,True
3947,1773641600.648002,1773642457.415148,398,125,61.614820,13.509881,0.387943,True
3948,1773641600.648032,1773642456.916468,372,150,59.596026,6.384756,0.357123,True
3949,1773641600.648061,1773642504.070878,1064,409,152.133534,12.224804,0.342914,True
3950,1773641600.648090,1773642504.476678,1054,421,152.054370,7.109528,0.345107,True
3951,1773641600.648124,1773642513.576485,1034,405,170.126416,17.178317,0.378584,True
3952,1773641600.648154,1773642467.151197,181,102,77.255419,17.167862,0.594926,True
3953,1773641600.648186,1773642546.764187,1068,625,236.460230,21.259078,0.344874,True
3954,1773641600.648216,1773642510.870044,1084,389,164.106575,20.338567,0.370536,True
3955,1773641600.648244,1773642454.704146,380,58,51.587401,15.761149,0.628531,True
3956,1773641600.648274,1773642517.555722,1025,468,177.185295,15.211262,0.346839,True
3957,1773641600.648303,1773642472.124850,1801,72,85.120588,25.630116,0.837894,True
3958,1773641600.648332,1773642473.944111,181,176,87.709680,14.582322,0.417871,True
3959,1773641600.648360,1773642470.433621,212,165,80.519509,18.981730,0.375230,True
3960,1773641600.648389,1773642450.571595,404,78,39.049129,7.025767,0.415888,True
3961,1773641600.648419,1773642468.877805,218,167,74.573707,12.583593,0.373434,True
3962,1773641600.648447,1773642455.916235,1389,65,48.211604,14.207293,0.531317,True
3963,1773641600.648476,1773642506.672986,987,399,149.345789,11.724058,0.345783,True
3964,1773641600.648504,1773642532.346023,1000,414,200.568363,24.475333,0.426375,True
3965,1773641600.648532,1773642455.713168,181,107,46.552430,5.635918,0.386005,True
3966,1773641600.648561,1773642487.061858,1314,200,109.125591,15.657679,0.469688,True
3967,1773641600.648589,1773642454.310928,310,18,43.061647,16.571851,1.558223,True
3968,1773641600.648620,1773642506.392528,1120,373,146.491872,13.938269,0.356327,True
3969,1773641600.648649,1773642513.761406,1033,386,161.208987,17.984084,0.372013,True
3970,1773641600.648681,1773642481.815086,1314,150,96.916272,18.690150,0.525008,True
3971,1773641600.648709,1773642460.622961,329,18,53.209696,22.519251,1.805320,True
3972,1773641600.648738,1773642451.648361,91,16,34.843602,15.566614,1.285133,True
3973,1773641600.648767,1773642509.319865,1044,411,150.061405,10.975916,0.339233,True
3974,1773641600.648795,1773642527.231952,1139,412,185.698463,28.268224,0.383042,True
3975,1773641600.648824,1773642507.437551,1064,414,144.960982,4.822705,0.339318,True
3976,1773641600.648853,1773642521.621759,1140,391,172.342419,18.430779,0.394645,True
3977,1773641600.648882,1773642534.463798,1042,414,197.838208,23.016504,0.423297,True
3978,1773641600.648910,1773642571.122200,1126,690,269.768917,15.809859,0.368591,True
3979,1773641600.648958,1773642519.186340,1080,449,164.342335,12.374971,0.339213,True
3980,1773641600.648999,1773642527.504360,1024,373,180.766262,20.258272,0.431473,True
3981,1773641600.649028,1773642522.670405,938,456,170.515970,14.710542,0.342430,True
3982,1773641600.649060,1773642511.976916,1028,375,149.003281,16.322111,0.354762,True
3983,1773641600.649090,1773642452.430821,1284,48,29.889437,7.778995,0.470435,True
3984,1773641600.649118,1773642514.781335,1073,373,154.254881,17.670783,0.367162,True
3985,1773641600.649149,1773642455.384316,402,97,35.417036,2.103767,0.347013,True
3986,1773641600.649177,1773642524.015688,1067,395,172.491106,23.966287,0.376967,True
3987,1773641600.649205,1773642537.565696,1077,427,199.297660,22.377911,0.415305,True
3988,1773641600.649237,1773642517.161338,1101,429,158.112639,10.568947,0.344728,True
3989,1773641600.649266,1773642508.644810,1077,396,140.914093,4.734803,0.344758,True
3990,1773641600.649295,1773642527.878725,1042,363,178.155312,27.030723,0.417471,True
3991,1773641600.649326,1773642457.351311,1298,85,36.995553,6.552156,0.362421,True
3992,1773641600.649364,1773642525.661167,972,384,173.167970,26.678816,0.382478,True
3993,1773641600.649395,1773642535.242363,1057,442,192.309502,27.558058,0.373586,True
3994,1773641600.649431,1773642477.683161,23,125,76.524830,12.626477,0.515309,True
3995,1773641600.649458,1773642489.395847,209,162,99.557925,22.119608,0.480983,True
3996,1773641600.649489,1773642473.856880,405,139,68.001165,13.941210,0.391739,True
3997,1773641600.649518,1773642480.362700,1314,213,80.888061,9.376122,0.337320,True
3998,1773641600.649551,1773642483.345970,1587,97,85.840817,27.430265,0.608443,True
3999,1773641600.649584,1773642515.386320,1122,411,148.924949,9.478883,0.340112,True
4000,1773641600.649616,1773642484.157442,206,162,86.342333,11.061220,0.467585,True
4001,1773641600.649644,1773642480.353378,197,217,78.691773,4.398435,0.343951,True
4002,1773641600.649673,1773642521.474394,1016,468,159.596759,3.729655,0.333763,True
4003,1773641600.649705,1773642526.425305,1125,429,169.225381,12.053300,0.367224,True
4004,1773641600.649736,1773642474.779656,995,46,65.472565,24.780448,0.904269,True
4005,1773641600.649766,1773642513.505021,1147,423,142.549162,4.146285,0.327969,True
4006,1773641600.649795,1773642479.602960,883,115,74.620060,20.766100,0.472403,True
4007,1773641600.649825,1773642513.295648,1076,399,140.862847,6.430633,0.337769,True
4008,1773641600.649854,1773642528.670598,994,386,171.384302,17.316214,0.400177,True
4009,1773641600.649885,1773642519.610520,1092,393,153.076809,12.334155,0.359037,True
4010,1773641600.649915,1773642487.440289,215,152,88.163793,18.377971,0.462158,True
4011,1773641600.649965,1773642524.312251,835,449,161.677796,8.473684,0.341973,True
4012,1773641600.649996,1773642543.702293,1054,509,200.436950,13.121984,0.368730,True
4013,1773641600.650113,1773642534.828070,999,386,182.397391,26.093385,0.405984,True
4014,1773641600.650145,1773642479.542038,203,189,71.681890,9.196859,0.332367,True
4015,1773641600.650174,1773642465.523909,1895,82,43.437984,9.153278,0.423268,True
4016,1773641600.650203,1773642518.364121,997,388,147.858484,10.692904,0.354433,True
4017,1773641600.650232,1773642533.266526,1035,389,176.791020,28.215601,0.382926,True
4018,1773641600.650266,1773642538.759303,1021,395,187.669140,26.568050,0.408886,True
4019,1773641600.650294,1773642520.285621,1130,382,150.328951,13.289480,0.359684,True
4020,1773641600.650322,1773642461.713745,237,14,32.454014,14.807768,1.357404,True
4021,1773641600.650355,1773642536.209793,1029,409,181.219504,16.790867,0.403011,True
4022,1773641600.650384,1773642517.072919,1155,396,142.882713,7.326724,0.343180,True
4023,1773641600.650414,1773642537.179023,1184,442,182.804168,13.294004,0.384377,True
4024,1773641600.650445,1773642527.906409,1140,404,163.091539,16.291327,0.364269,True
4025,1773641600.650475,1773642548.177137,1092,431,203.297143,32.402711,0.397429,True
4026,1773641600.650505,1773642540.713806,1162,405,187.680822,26.324419,0.399397,True
4027,1773641600.650537,1773642550.294668,1104,429,206.780155,33.850542,0.404041,True
4028,1773641600.650564,1773642483.366587,181,112,72.880183,12.714767,0.542031,True
4029,1773641600.650593,1773642523.308677,1057,394,152.291151,11.228870,0.358937,True
4030,1773641600.650622,1773642535.180573,1047,414,174.633091,18.900724,0.377076,True
4031,1773641600.650650,1773642477.869758,1912,69,58.809707,16.023372,0.629211,True
4032,1773641600.650680,1773642543.582772,1146,395,190.215129,33.785846,0.397029,True
4033,1773641600.650709,1773642499.409490,1314,206,100.891473,13.649246,0.425572,True
4034,1773641600.650738,1773642498.714684,1313,194,99.418812,15.059942,0.437093,True
4035,1773641600.650767,1773642473.212447,401,96,47.918510,9.139039,0.408205,True
4036,1773641600.650803,1773642533.290926,985,443,167.845963,14.554437,0.346813,True
4037,1773641600.650831,1773642496.649248,12,177,94.289583,13.108710,0.461255,True
4038,1773641600.650863,1773642475.835204,1886,53,52.414320,17.285807,0.675548,True
4039,1773641600.650892,1773642533.127748,1069,409,166.915845,17.095155,0.367208,True
4040,1773641600.650921,1773642502.548617,1318,165,104.876506,24.595895,0.489516,True
4041,1773641600.650972,1773642538.503210,1150,420,176.639906,22.903580,0.366912,True
4042,1773641600.651005,1773642526.640803,1147,394,152.124784,10.602013,0.360109,True
4043,1773641600.651035,1773642558.272108,1027,558,214.518261,12.072148,0.363458,True
4044,1773641600.651064,1773642528.850196,1009,403,155.652606,12.061108,0.357193,True
4045,1773641600.651099,1773642529.048676,1024,385,155.285422,15.359249,0.364391,True
4046,1773641600.651130,1773642537.565423,1071,396,171.924676,16.393211,0.393751,True
4047,1773641600.651159,1773642557.257805,1067,544,211.205700,18.799112,0.354340,True
4048,1773641600.651194,1773642537.124262,1020,409,170.687334,20.508051,0.368086,True
4049,1773641600.651225,1773642545.736886,1009,429,187.707839,24.120678,0.382213,True
4050,1773641600.651254,1773642524.113101,902,381,143.632781,10.316291,0.350833,True
4051,1773641600.651284,1773642499.854542,412,108,94.841440,29.827378,0.607608,True
4052,1773641600.651313,1773642495.484629,212,162,85.497416,10.507784,0.465774,True
4053,1773641600.651342,1773642507.719467,212,189,109.947019,23.257467,0.461115,True
4054,1773641600.651374,1773642492.733006,390,133,79.540123,15.033147,0.488689,True
4055,1773641600.651402,1773642537.377681,1136,397,168.308810,21.051532,0.371862,True
4056,1773641600.651431,1773642541.380218,1169,397,174.708070,15.595467,0.401800,True
4057,1773641600.651460,1773642532.837261,1021,409,157.104822,10.803702,0.358581,True
4058,1773641600.651489,1773642528.842109,1154,393,149.049927,10.601643,0.353184,True
4059,1773641600.651517,1773642534.063778,1083,404,158.705486,13.397798,0.360565,True
4060,1773641600.651547,1773642548.929808,1182,418,188.353916,28.685877,0.382897,True
4061,1773641600.651579,1773642541.177393,1188,407,172.473680,22.552974,0.369263,True
4062,1773641600.651607,1773642543.733562,1083,409,176.943454,22.308832,0.379006,True
4063,1773641600.651636,1773642530.573123,1162,396,150.371919,11.027360,0.352771,True
4064,1773641600.651665,1773642472.783323,320,18,34.304403,13.990422,1.194940,True
4065,1773641600.651694,1773642550.191492,1152,482,188.952884,14.657408,0.362361,True
4066,1773641600.651723,1773642487.892582,397,71,64.269788,19.402074,0.640967,True
4067,1773641600.651754,1773642541.859640,1080,433,171.868968,13.532509,0.366520,True
4068,1773641600.651783,1773642489.132839,407,141,64.476901,8.024018,0.403235,True
4069,1773641600.651811,1773642496.525082,209,162,79.199967,13.447231,0.408402,True
4070,1773641600.651840,1773642500.241300,127,184,86.610326,13.436103,0.399859,True
4071,1773641600.651869,1773642542.139453,1012,411,169.553933,20.131302,0.364445,True
4072,1773641600.651898,1773642538.734433,1146,402,162.721480,16.923710,0.363585,True
4073,1773641600.651927,1773642489.589540,378,80,64.327018,17.733626,0.589790,True
4074,1773641600.651985,1773642494.760333,194,174,74.086100,11.740486,0.360379,True
4075,1773641600.652014,1773642539.428865,1032,389,162.947091,12.860455,0.386821,True
4076,1773641600.652043,1773642483.611563,791,69,49.868285,13.996360,0.527528,True
4077,1773641600.652072,1773642531.207459,1011,395,143.517107,7.302475,0.345722,True
4078,1773641600.652105,1773642486.988838,181,120,53.054191,6.289803,0.392978,True
4079,1773641600.652134,1773642501.658285,206,162,82.371467,15.089089,0.417903,True
4080,1773641600.652163,1773642541.067215,1027,414,161.147081,11.699348,0.361859,True
4081,1773641600.652193,1773642550.676399,1227,419,180.092064,16.477253,0.391423,True
4082,1773641600.652221,1773642490.936562,379,67,59.400615,18.058455,0.626396,True
4083,1773641600.652251,1773642505.567627,1313,167,87.823739,17.336220,0.424624,True
4084,1773641600.652282,1773642499.180097,401,118,74.922974,15.388546,0.508841,True
4085,1773641600.652311,1773642498.179983,1158,103,72.901507,17.667199,0.541513,True
4086,1773641600.652339,1773642540.485074,1099,387,157.306120,15.747865,0.366731,True
4087,1773641600.652372,1773642505.956620,212,217,88.105172,10.288764,0.360261,True
4088,1773641600.652404,1773642506.361288,200,181,88.353746,12.975212,0.418770,True
4089,1773641600.652432,1773642581.942094,1098,661,238.691927,12.994779,0.341965,True
4090,1773641600.652461,1773642535.918053,1034,402,145.812760,5.327900,0.350336,True
4091,1773641600.652490,1773642549.586218,1011,411,172.653903,16.137083,0.381748,True
4092,1773641600.652519,1773642532.590698,1245,384,138.365375,7.174228,0.342536,True
4093,1773641600.652549,1773642502.321791,397,133,77.492660,16.599984,0.461308,True
4094,1773641600.652576,1773642540.520998,1029,396,153.848666,15.698381,0.349748,True
4095,1773641600.652605,1773642547.556589,1057,391,167.563911,19.031764,0.380852,True
4096,1773641600.652639,1773642538.517760,991,384,149.321578,13.722983,0.354043,True
4097,1773641600.652668,1773642538.353393,993,385,148.346640,10.963486,0.357769,True
4098,1773641600.652698,1773642544.511079,1054,399,160.223218,15.188061,0.364410,True
4099,1773641600.652730,1773642539.871958,1031,373,150.072433,12.959862,0.368582,True
4100,1773641600.652759,1773642551.916506,1042,418,174.140212,16.078508,0.379045,True
4101,1773641600.652788,1773642546.587015,1034,417,162.415281,15.181416,0.353928,True
4102,1773641600.652817,1773642481.524493,242,14,32.124324,13.934422,1.399223,True
4103,1773641600.652846,1773642556.473237,1055,445,181.897089,15.873761,0.373926,True
4104,1773641600.652875,1773642484.077852,420,80,37.021535,5.015563,0.405139,True
4105,1773641600.652903,1773642540.012485,1177,386,148.870707,7.469125,0.367277,True
4106,1773641600.652950,1773642556.657470,1068,444,181.482110,18.256316,0.368456,True
4107,1773641600.652983,1773642548.680252,1170,423,164.841180,15.129450,0.354767,True
4108,1773641600.653014,1773642554.733522,1034,431,175.413750,13.727362,0.376015,True
4109,1773641600.653046,1773642546.413065,1049,440,158.511612,7.352060,0.344327,True
4110,1773641600.653076,1773642544.828351,1064,394,155.108419,16.586042,0.352474,True
4111,1773641600.653104,1773642480.826173,1166,43,27.021070,8.891562,0.431655,True
4112,1773641600.653133,1773642494.431399,404,98,54.000426,13.493808,0.417594,True
4113,1773641600.653162,1773642500.218383,398,122,63.124428,12.268796,0.420294,True
4114,1773641600.653191,1773642491.628248,1708,42,45.923268,16.029241,0.729123,True
4115,1773641600.653220,1773642520.318909,1321,193,103.262732,17.341945,0.447504,True
4116,1773641600.653249,1773642571.748975,1117,559,205.724447,14.551867,0.342603,True
4117,1773641600.653284,1773642477.280567,242,14,16.602575,7.227988,0.721122,True
4118,1773641600.653311,1773642545.321281,1105,393,152.641295,16.113425,0.348285,True
4119,1773641600.653340,1773642515.733890,209,217,92.559203,11.944528,0.373216,True
4120,1773641600.653380,1773642555.439629,1086,383,171.508802,13.602030,0.413369,True
4121,1773641600.653412,1773642548.988254,1087,427,157.847239,11.588481,0.343330,True
4122,1773641600.653441,1773642595.912388,1107,636,251.675383,16.866528,0.369778,True
4123,1773641600.653470,1773642592.668575,1287,611,244.730631,18.005476,0.371681,True
4124,1773641600.653502,1773642550.821846,1095,390,160.768938,19.211025,0.363902,True
4125,1773641600.653533,1773642503.985397,399,71,65.108870,19.467982,0.652013,True
4126,1773641600.653565,1773642553.540317,1039,399,163.381481,19.506846,0.361494,True
4127,1773641600.653594,1773642513.576494,1317,243,83.410254,7.682609,0.312924,True
4128,1773641600.653623,1773642512.861892,206,191,81.895723,9.739157,0.379771,True
4129,1773641600.653653,1773642549.666268,1057,426,155.191551,9.912482,0.341833,True
4130,1773641600.653684,1773642507.511404,181,144,70.779595,11.738230,0.412877,True
4131,1773641600.653714,1773642521.957663,197,205,99.649886,14.808715,0.415888,True
4132,1773641600.653743,1773642493.141225,247,14,40.703799,16.329259,1.874965,True
4133,1773641600.653772,1773642635.092393,1145,907,323.752859,9.747432,0.346584,True
4134,1773641600.653801,1773642536.444158,1313,253,126.055803,21.600094,0.414507,True
4135,1773641600.653831,1773642548.186685,1000,395,149.477267,8.285972,0.358354,True
4136,1773641600.653860,1773642506.787870,409,156,66.384432,9.367180,0.367853,True
4137,1773641600.653890,1773642527.237853,1317,249,106.739088,12.864575,0.378526,True
4138,1773641600.653922,1773642508.373927,387,105,68.841644,16.946215,0.498995,True
4139,1773641600.653981,1773642498.011145,1034,33,47.238823,18.608751,0.894690,True
4140,1773641600.654015,1773642550.273712,1018,414,150.991957,10.112367,0.341113,True
4141,1773641600.654045,1773642565.731245,891,403,181.885374,23.764555,0.393335,True
4142,1773641600.654075,1773642492.038186,1287,58,34.395665,8.363984,0.456696,True
4143,1773641600.654104,1773642524.977681,203,217,99.692746,11.601381,0.407830,True
4144,1773641600.654138,1773642516.167506,200,217,81.547644,7.569424,0.342492,True
4145,1773641600.654168,1773642509.643604,1165,97,67.605641,15.346699,0.544364,True
4146,1773641600.654197,1773642548.730284,1037,404,145.009389,7.896040,0.340232,True
4147,1773641600.654227,1773642568.991153,1200,402,184.965119,25.896801,0.396679,True
4148,1773641600.654256,1773642565.442900,1067,494,177.427852,9.151752,0.341331,True
4149,1773641600.654285,1773642509.736053,413,99,65.460924,15.994834,0.504756,True
4150,1773641600.654314,1773642498.393214,181,94,42.217546,5.920003,0.390296,True
4151,1773641600.654343,1773642549.134166,1042,380,142.887285,8.191732,0.355397,True
4152,1773641600.654454,1773642563.726281,1277,373,172.008878,26.992519,0.389829,True
4153,1773641600.654485,1773642559.898193,993,413,164.042689,13.310764,0.365854,True
4154,1773641600.654516,1773642601.979396,1192,672,247.309626,9.938161,0.353758,True
4155,1773641600.654545,1773642551.845308,1184,398,146.814394,10.279196,0.343917,True
4156,1773641600.654574,1773642561.620525,1087,380,166.322097,17.450469,0.392801,True
4157,1773641600.654607,1773642551.563692,884,395,145.526672,10.460226,0.342808,True
4158,1773641600.654636,1773642547.331316,1208,397,136.856858,6.075665,0.330256,True
4159,1773641600.654665,1773642518.428832,167,162,77.754989,14.602209,0.392253,True
4160,1773641600.654695,1773642523.116202,1322,215,87.004550,10.663308,0.356735,True
4161,1773641600.654725,1773642564.844023,1068,396,170.166443,17.595129,0.386256,True
4162,1773641600.654755,1773642512.890749,11,115,65.655472,12.558005,0.465767,True
4163,1773641600.654783,1773642497.512818,950,84,34.776661,4.765687,0.361578,True
4164,1773641600.654816,1773642554.059662,894,381,147.408768,6.102682,0.371858,True
4165,1773641600.654845,1773642558.383048,1179,390,156.033241,11.040291,0.372733,True
4166,1773641600.654877,1773642515.169190,404,132,69.169065,5.873292,0.483174,True
4167,1773641600.654908,1773642555.829872,1221,391,149.994497,9.470877,0.360317,True
4168,1773641600.654958,1773642555.728590,1015,398,149.535634,11.394469,0.347963,True
4169,1773641600.654994,1773642556.128963,1025,388,149.883113,15.086790,0.348311,True
4170,1773641600.655026,1773642508.013929,1493,86,52.970687,11.092305,0.492687,True
4171,1773641600.655059,1773642563.194922,1024,466,163.207038,7.669338,0.334490,True
4172,1773641600.655087,1773642568.855861,1033,399,174.256740,24.027328,0.377461,True
4173,1773641600.655120,1773642570.450780,982,403,177.384539,22.955867,0.384151,True
4174,1773641600.655152,1773642562.834303,1031,414,162.026572,10.070142,0.367933,True
4175,1773641600.655182,1773642571.805749,1016,411,179.925433,21.150509,0.387256,True
4176,1773641600.655211,1773642520.067199,181,134,74.967972,14.772105,0.452601,True
4177,1773641600.655241,1773642522.233496,901,86,79.172129,27.372262,0.609410,True
4178,1773641600.655270,1773642573.148124,1016,414,180.094438,23.676696,0.378735,True
4179,1773641600.655298,1773642573.337569,1234,412,180.080151,20.961487,0.387150,True
4180,1773641600.655330,1773642564.610982,1018,426,162.521988,9.005002,0.361216,True
4181,1773641600.655358,1773642558.113837,1245,396,149.484656,9.813066,0.353599,True
4182,1773641600.655387,1773642523.393062,203,189,79.540897,9.298049,0.373632,True
4183,1773641600.655416,1773642566.546907,1092,416,165.828607,11.070904,0.372910,True
4184,1773641600.655445,1773642532.590981,1314,252,97.003511,11.099896,0.342245,True
4185,1773641600.655474,1773642569.147892,1078,380,170.033911,16.451910,0.405230,True
4186,1773641600.655503,1773642523.531323,194,211,78.737331,11.026465,0.322433,True
4187,1773641600.655533,1773642576.552775,1173,427,184.634795,21.138150,0.383795,True
4188,1773641600.655562,1773642576.794604,1021,401,184.187698,28.967654,0.388050,True
4189,1773641600.655596,1773642506.026571,401,87,42.401141,11.085064,0.364140,True
4190,1773641600.655624,1773642534.754877,200,191,99.836662,21.941361,0.409975,True
4191,1773641600.655653,1773642556.821768,1024,401,142.670192,7.952697,0.336794,True
4192,1773641600.655687,1773642534.422835,209,179,97.768896,19.835132,0.437830,True
4193,1773641600.655717,1773642562.668153,1070,401,153.088428,10.832153,0.355641,True
4194,1773641600.655751,1773642520.910599,206,164,69.426221,10.076717,0.364107,True
4195,1773641600.655780,1773642512.451131,181,132,50.901050,10.288374,0.310020,True
4196,1773641600.655809,1773642574.829619,1223,395,175.575861,22.612211,0.388233,True
4197,1773641600.655838,1773642506.172866,424,79,38.218705,10.225240,0.358891,True
4198,1773641600.655870,1773642570.008723,1065,444,165.120511,9.375485,0.351569,True
4199,1773641600.655900,1773642594.292928,1093,410,212.796340,38.214258,0.426851,True
4200,1773641600.655929,1773642528.299596,374,66,79.971087,29.418564,0.777731,True
4201,1773641600.655988,1773642578.096480,1095,404,179.127191,23.457841,0.386276,True
4202,1773641600.656034,1773642561.442719,1096,394,145.673525,10.863918,0.343027,True
4203,1773641600.656065,1773642521.921856,1314,138,66.504325,11.000599,0.405137,True
4204,1773641600.656094,1773642514.251313,181,102,50.650187,8.029676,0.421985,True
4205,1773641600.656124,1773642566.399108,1026,388,154.510763,11.413993,0.369759,True
4206,1773641600.656160,1773642560.499806,1158,390,142.194028,10.067153,0.339658,True
4207,1773641600.656192,1773642564.739488,1315,209,150.284210,38.318222,0.538298,True
4208,1773641600.656221,1773642581.878203,1045,394,184.289988,29.283453,0.394419,True
4209,1773641600.656250,1773642522.289261,215,162,65.007210,7.170355,0.359235,True
4210,1773641600.656279,1773642581.414027,1010,410,182.366730,23.457404,0.388531,True
4211,1773641600.656308,1773642529.891465,1316,186,79.009821,9.284302,0.376895,True
4212,1773641600.656338,1773642502.248930,91,24,23.013839,9.815738,0.573830,True
4213,1773641600.656367,1773642546.446373,200,181,111.057971,28.098989,0.460883,True
4214,1773641600.656395,1773642566.826390,1066,396,151.774296,12.243903,0.353242,True
4215,1773641600.656427,1773642516.167677,1212,56,49.522231,16.805627,0.594847,True
4216,1773641600.656458,1773642539.840822,372,78,96.430208,36.289917,0.781043,True
4217,1773641600.656487,1773642531.280746,212,217,79.288426,5.319350,0.342449,True
4218,1773641600.656516,1773642583.353737,1088,486,182.624916,11.523466,0.352786,True
4219,1773641600.656545,1773642567.627203,1078,401,151.024941,9.787518,0.353094,True
4220,1773641600.656574,1773642512.890760,408,97,40.307429,4.218961,0.375922,True
4221,1773641600.656603,1773642567.838234,1032,395,149.581455,11.314129,0.350932,True
4222,1773641600.656634,1773642524.636052,69,165,62.984287,5.147416,0.352664,True
4223,1773641600.656683,1773642505.952044,985,45,24.822910,5.371952,0.442067,True
4224,1773641600.656714,1773642523.751556,8,145,60.109232,9.867769,0.348899,True
4225,1773641600.656746,1773642591.129057,1148,459,194.799932,21.385387,0.378634,True
4226,1773641600.656775,1773642563.679200,1158,373,139.524622,6.022453,0.358877,True
4227,1773641600.656804,1773642543.079911,197,217,98.303371,9.697681,0.410212,True
4228,1773641600.656833,1773642568.973542,1016,407,149.074355,7.465875,0.348789,True
4229,1773641600.656862,1773642578.533134,994,436,167.523403,12.294863,0.356847,True
4230,1773641600.656891,1773642576.678958,1095,411,162.958940,14.317857,0.362539,True
4231,1773641600.656921,1773642574.545321,1061,410,158.098893,9.570555,0.363150,True
4232,1773641600.656969,1773642575.183614,1020,414,159.187861,9.451171,0.362559,True
4233,1773641600.656998,1773642566.709776,991,394,141.823754,8.647058,0.338872,True
4234,1773641600.657032,1773642518.735236,242,14,44.696891,18.727710,1.997629,True
4235,1773641600.657061,1773642527.049728,13,164,61.239375,7.932494,0.327036,True
4236,1773641600.657090,1773642551.123254,1314,249,109.176967,12.945879,0.388029,True
4237,1773641600.657126,1773642548.856974,212,217,104.582324,12.951260,0.424218,True
4238,1773641600.657154,1773642574.545056,1071,395,155.772056,10.597156,0.368464,True
4239,1773641600.657183,1773642581.766656,1017,421,170.194634,12.023624,0.376598,True
4240,1773641600.657219,1773642593.415445,1041,389,191.787250,31.923972,0.412019,True
4241,1773641600.657249,1773642580.314611,1037,428,164.601641,12.517001,0.356170,True
4242,1773641600.657278,1773642614.450734,1227,594,232.850964,18.156135,0.362049,True
4243,1773641600.657310,1773642578.723791,1076,378,161.110587,16.024368,0.384844,True
4244,1773641600.657340,1773642520.311075,409,99,44.240974,6.850209,0.381538,True
4245,1773641600.657378,1773642528.365102,393,88,59.927562,10.291889,0.570525,True
4246,1773641600.657408,1773642573.903765,896,434,150.713289,7.816535,0.330016,True
4247,1773641600.657437,1773642575.410319,1055,398,153.375416,8.349618,0.365304,True
4248,1773641600.657470,1773642573.550185,1110,396,148.722427,8.267497,0.355582,True
4249,1773641600.657499,1773642545.557714,194,161,92.280534,16.740554,0.472125,True
4250,1773641600.657529,1773642531.779706,433,83,63.834101,19.153950,0.544880,True
4251,1773641600.657561,1773642582.951781,1022,411,165.797259,16.382911,0.364425,True
4252,1773641600.657594,1773642600.663912,1147,402,200.949818,33.489257,0.417607,True
4253,1773641600.657627,1773642583.145662,1165,402,165.848475,18.210208,0.368175,True
4254,1773641600.657657,1773642527.661715,372,68,54.817518,15.370610,0.588760,True
4255,1773641600.657686,1773642590.887674,873,456,180.670454,17.878971,0.357783,True
4256,1773641600.657715,1773642541.893260,209,179,81.620428,15.352932,0.372289,True
4257,1773641600.657745,1773642546.137363,200,179,88.951414,13.962265,0.421287,True
4258,1773641600.657777,1773642589.308613,1047,430,174.108522,13.903428,0.373438,True
4259,1773641600.657805,1773642598.859232,1240,496,193.086004,14.646927,0.360483,True
4260,1773641600.657834,1773642530.534148,200,162,56.414947,4.037023,0.325329,True
4261,1773641600.657866,1773642586.523872,1038,408,168.125066,17.126164,0.371005,True
4262,1773641600.657894,1773642558.592889,1318,196,112.241778,18.652019,0.479947,True
4263,1773641600.657922,1773642606.541860,1086,540,207.973166,16.018857,0.356130,True
4264,1773641600.657979,1773642578.727984,1107,415,152.031750,6.153025,0.352364,True
4265,1773641600.658010,1773642585.810176,1000,411,164.765685,15.015308,0.365245,True
4266,1773641600.658039,1773642596.441409,988,395,184.948536,20.508343,0.417361,True
4267,1773641600.658068,1773642578.507190,1216,391,149.058482,6.467097,0.365619,True
4268,1773641600.658098,1773642586.921403,1014,413,165.865665,17.060534,0.361178,True
4269,1773641600.658128,1773642580.286176,1037,433,152.409557,8.274175,0.333647,True
4270,1773641600.658160,1773642564.818624,212,217,121.306848,16.958551,0.483094,True
4271,1773641600.658188,1773642585.054992,1145,402,161.142842,13.958864,0.367042,True
4272,1773641600.658217,1773642553.652372,200,217,97.524438,14.126520,0.386101,True
4273,1773641600.658247,1773642537.889442,9,138,64.637676,13.003604,0.376891,True
4274,1773641600.658276,1773642586.197083,1072,395,160.485414,17.091120,0.363945,True
4275,1773641600.658304,1773642537.915602,380,101,63.900648,15.083712,0.488169,True
4276,1773641600.658334,1773642590.881332,1090,395,169.706102,16.830893,0.388008,True
4277,1773641600.658363,1773642545.397929,181,119,78.442967,16.682725,0.523392,True
4278,1773641600.658391,1773642614.126471,1019,468,215.526129,29.342929,0.398679,True
4279,1773641600.658429,1773642629.306898,1192,646,245.825565,16.492548,0.355555,True
4280,1773641600.658458,1773642561.046175,212,162,108.738391,17.798701,0.564843,True
4281,1773641600.658487,1773642539.429068,375,122,65.418857,11.703394,0.443929,True
4282,1773641600.658515,1773642621.809510,1039,571,230.033287,17.793781,0.372350,True
4283,1773641600.658544,1773642596.852608,1131,419,179.037558,18.613915,0.383789,True
4284,1773641600.658572,1773642590.363547,1016,402,165.830446,17.138009,0.370804,True
4285,1773641600.658601,1773642559.787113,181,133,104.532582,28.186000,0.578383,True
4286,1773641600.658630,1773642532.003645,404,107,48.552462,10.846784,0.355714,True
4287,1773641600.658659,1773642548.160144,200,179,80.282116,10.403531,0.392576,True
4288,1773641600.658690,1773642524.747182,303,18,32.732339,14.505902,1.072143,True
4289,1773641600.658724,1773642543.074923,411,169,69.285259,10.695587,0.348748,True
4290,1773641600.658753,1773642592.616680,1008,394,167.933692,18.579870,0.380035,True
4291,1773641600.659948,1773642544.963995,1671,69,72.506014,20.225866,0.768826,True
4292,1773641600.659997,1773642606.174356,1110,527,193.703041,14.581911,0.340534,True
4293,1773641600.660028,1773642597.932922,1094,429,176.557513,14.539287,0.378547,True
4294,1773641600.660059,1773642632.805022,1089,621,246.133731,20.041885,0.364664,True
4295,1773641600.660089,1773642589.579604,1038,427,157.407223,10.348517,0.345208,True
4296,1773641600.660119,1773642603.218304,1028,468,182.460313,15.992147,0.356463,True
4297,1773641600.660154,1773642594.344611,1145,404,163.914262,18.233372,0.361491,True
4298,1773641600.660182,1773642543.652062,398,81,62.379584,13.485984,0.611170,True
4299,1773641600.660212,1773642532.077464,409,86,38.878753,9.385876,0.346975,True
4300,1773641600.660244,1773642590.507986,1102,386,155.283246,15.114215,0.364075,True
4301,1773641600.660273,1773642559.565121,215,217,93.335294,11.295940,0.379812,True
4302,1773641600.660302,1773642600.953533,1132,419,176.089724,14.560005,0.386435,True
4303,1773641600.660331,1773642589.175264,1094,402,151.747274,10.603066,0.351981,True
4304,1773641600.660360,1773642609.130020,1022,482,191.239910,16.091944,0.364133,True
4305,1773641600.660390,1773642561.611240,209,179,96.058057,12.365582,0.470182,True
4306,1773641600.660422,1773642568.471681,209,223,109.755756,12.354547,0.438744,True
4307,1773641600.660451,1773642558.806989,1314,204,90.074954,12.618654,0.381558,True
4308,1773641600.660483,1773642599.410758,1039,401,170.296642,15.804473,0.386230,True
4309,1773641600.660511,1773642569.081902,27,195,108.578806,9.683267,0.509771,True
4310,1773641600.660539,1773642560.331372,209,163,90.303741,14.422304,0.468404,True
4311,1773641600.660568,1773642595.686815,1003,390,160.992252,14.793097,0.375833,True
4312,1773641600.660597,1773642553.986696,933,104,77.192861,18.562743,0.569224,True
4313,1773641600.660626,1773642604.904868,1071,445,178.323450,16.114413,0.365336,True
4314,1773641600.660655,1773642597.440813,1014,407,162.540939,15.687294,0.361708,True
4315,1773641600.660686,1773642563.795759,194,177,95.228679,16.830080,0.445447,True
4316,1773641600.660717,1773642565.628474,1315,141,97.099240,23.295762,0.527168,True
4317,1773641600.660746,1773642553.436167,381,99,72.541889,16.787864,0.568919,True
4318,1773641600.660778,1773642600.268861,1016,411,166.186481,12.808162,0.374093,True
4319,1773641600.660806,1773642594.103195,1006,375,153.729855,12.828471,0.376742,True
4320,1773641600.660835,1773642636.237613,1053,606,237.355371,17.806328,0.362891,True
4321,1773641600.660863,1773642550.959478,396,120,66.695842,10.188121,0.474855,True
4322,1773641600.660892,1773642628.806901,1003,575,220.863473,15.333155,0.358067,True
4323,1773641600.660921,1773642610.115832,1009,394,183.356184,27.762908,0.395912,True
4324,1773641600.660978,1773642603.443514,1068,396,169.401480,17.334485,0.384980,True
4325,1773641600.661007,1773642605.373069,1115,388,172.363634,22.429867,0.387426,True
4326,1773641600.661037,1773642528.841884,242,14,18.439760,8.178279,0.789345,True
4327,1773641600.661066,1773642623.906068,1070,548,207.671800,14.674294,0.352829,True
4328,1773641600.661095,1773642596.384901,1158,388,152.186648,15.869978,0.352239,True
4329,1773641600.661124,1773642604.400321,1045,410,168.172733,12.729337,0.380057,True
4330,1773641600.661154,1773642566.848354,203,183,93.047036,15.751798,0.424699,True
4331,1773641600.661183,1773642561.113810,169,164,80.402106,12.795724,0.414763,True
4332,1773641600.661211,1773642546.587224,1775,56,50.403776,15.555398,0.633607,True
4333,1773641600.661244,1773642557.334815,1327,82,71.709534,18.894456,0.652038,True
4334,1773641600.661271,1773642561.992303,1317,154,80.728651,16.111787,0.422332,True
4335,1773641600.661299,1773642610.969509,881,448,178.641426,6.151101,0.385884,True
4336,1773641600.661331,1773642550.811663,407,79,57.765286,14.232677,0.558110,True
4337,1773641600.661376,1773642616.794779,989,471,189.668846,13.256269,0.375346,True
4338,1773641600.661408,1773642577.316776,1304,190,110.148732,23.958110,0.456035,True
4339,1773641600.661437,1773642572.555464,203,217,100.520458,12.921524,0.405551,True
4340,1773641600.661466,1773642620.951856,1138,501,196.556377,15.578850,0.361955,True
4341,1773641600.661495,1773642582.846699,203,217,119.445384,23.453151,0.444408,True
4342,1773641600.661529,1773642606.658761,1078,395,166.690246,17.869602,0.377717,True
4343,1773641600.661561,1773642561.058052,1314,153,75.322755,13.615978,0.405966,True
4344,1773641600.661592,1773642608.661240,913,402,170.508328,15.688218,0.386085,True
4345,1773641600.661619,1773642546.413216,417,92,45.741424,6.868915,0.427170,True
4346,1773641600.661650,1773642598.059292,1027,401,148.599594,6.651690,0.354870,True
4347,1773641600.661680,1773642612.204885,942,428,176.370786,18.873980,0.368845,True
4348,1773641600.661709,1773642600.681583,1052,397,153.115170,8.147052,0.366081,True
4349,1773641600.661738,1773642619.279358,1060,499,189.916452,15.001639,0.351235,True
4350,1773641600.661766,1773642643.055204,1152,598,236.821436,14.450829,0.372480,True
4351,1773641600.661798,1773642572.052361,435,200,94.608470,14.574219,0.402182,True
4352,1773641600.661826,1773642602.835796,1044,383,155.697813,13.265613,0.372859,True
4353,1773641600.661855,1773642558.335253,407,115,66.450832,14.488808,0.455807,True
4354,1773641600.661884,1773642604.581124,1035,398,157.823339,13.418182,0.363741,True
4355,1773641600.661913,1773642604.611739,1073,397,156.364185,8.663589,0.372981,True
4356,1773641600.661966,1773642611.911805,1130,413,170.525879,16.890403,0.372902,True
4357,1773641600.661996,1773642553.185274,393,86,52.926955,12.374367,0.477089,True
4358,1773641600.662025,1773642625.977552,1005,483,197.851622,15.841999,0.377613,True
4359,1773641600.662054,1773642541.949914,341,18,29.423783,11.849735,1.033767,True
4360,1773641600.662094,1773642560.203872,397,92,65.909865,11.003544,0.603366,True
4361,1773641600.662123,1773642552.704782,404,92,50.399177,12.093391,0.420943,True
4362,1773641600.662152,1773642614.749883,1045,416,174.160558,18.032088,0.376213,True
4363,1773641600.662181,1773642561.841810,58,138,67.909840,11.711835,0.410204,True
4364,1773641600.662210,1773642549.523711,1165,49,43.231353,12.719171,0.635670,True
4365,1773641600.662242,1773642617.207043,1037,414,177.792885,20.250433,0.381459,True
4366,1773641600.662271,1773642606.994804,1058,402,157.241865,6.719248,0.375368,True
4367,1773641600.662300,1773642606.671916,1001,388,155.997005,12.261758,0.371409,True
4368,1773641600.662329,1773642538.514405,242,14,19.332167,6.244796,1.006721,True
4369,1773641600.662361,1773642552.093360,386,31,46.468148,16.842495,0.987522,True
4370,1773641600.662389,1773642565.214411,191,165,72.689568,6.223394,0.405282,True
4371,1773641600.662417,1773642577.174851,194,211,96.255304,10.040574,0.410546,True
4372,1773641600.662446,1773642601.091149,1031,378,144.065392,12.689767,0.348476,True
4373,1773641600.662476,1773642695.417125,1070,939,331.047504,13.477268,0.338561,True
4374,1773641600.662508,1773642619.405020,1016,420,177.730954,19.425212,0.377818,True
4375,1773641600.662536,1773642559.535702,439,66,57.908428,15.120238,0.658280,True
4376,1773641600.662565,1773642612.109645,1098,412,161.780655,5.793794,0.379530,True
4377,1773641600.662594,1773642568.498738,206,165,74.432368,9.652878,0.394997,True
4378,1773641600.662626,1773642612.050626,986,387,160.518454,17.834800,0.369647,True
4379,1773641600.662654,1773642554.745593,910,87,45.467912,9.583899,0.417256,True
4380,1773641600.662686,1773642613.352392,1054,408,162.536786,10.840990,0.372717,True
4381,1773641600.662715,1773642560.947085,42,144,57.185114,8.580702,0.339891,True
4382,1773641600.662744,1773642601.979239,1072,382,138.770362,5.835538,0.348910,True
4383,1773641600.662773,1773642568.551392,203,179,71.893908,5.825161,0.371173,True
4384,1773641600.662802,1773642617.045880,1151,407,168.407721,15.237540,0.377266,True
4385,1773641600.662836,1773642546.224143,247,14,26.182811,10.238046,1.226520,True
4386,1773641600.662866,1773642555.053730,1862,52,43.572933,12.412374,0.610991,True
4387,1773641600.662896,1773642561.243531,788,52,55.889446,16.665904,0.769089,True
4388,1773641600.662925,1773642597.610179,1082,363,127.086291,9.303968,0.325366,True
4389,1773641600.662982,1773642615.528037,1028,396,162.192528,15.106190,0.372370,True
4390,1773641600.663012,1773642611.615867,1086,426,154.282271,6.460776,0.347815,True
4391,1773641600.663041,1773642611.337214,1027,392,153.145862,10.023053,0.366043,True
4392,1773641600.663071,1773642617.891744,1077,413,166.105402,11.987606,0.374072,True
4393,1773641600.663105,1773642614.510880,1012,403,159.032357,14.631663,0.359206,True
4394,1773641600.663133,1773642610.130554,1095,429,149.878516,9.221482,0.328638,True
4395,1773641600.663162,1773642574.640308,21,160,78.792156,10.435565,0.429916,True
4396,1773641600.663195,1773642608.821080,1055,396,145.784441,3.664156,0.359798,True
4397,1773641600.663224,1773642635.371350,1004,534,198.315569,6.078202,0.360670,True
4398,1773641600.663253,1773642560.563635,371,85,48.486728,9.359940,0.465795,True
4399,1773641600.663282,1773642623.518462,1163,432,174.126879,12.231804,0.375627,True
4400,1773641600.663310,1773642587.776775,200,193,101.281100,19.611695,0.425361,True
4401,1773641600.663339,1773642553.818865,509,95,33.262604,3.580324,0.315769,True
4402,1773641600.663371,1773642584.894792,215,175,95.015989,19.361019,0.434799,True
4403,1773641600.663399,1773642564.544070,181,121,53.937508,4.717438,0.410167,True
4404,1773641600.663428,1773642573.109807,206,162,71.048563,4.706593,0.412062,True
4405,1773641600.663458,1773642620.906583,1218,390,166.020611,14.147376,0.390420,True
4406,1773641600.663487,1773642644.658900,1086,630,213.483056,7.753547,0.327074,True
4407,1773641600.663519,1773642606.104400,1160,373,135.498093,11.898918,0.332256,True
4408,1773641600.663548,1773642607.575236,1024,373,138.125820,9.008226,0.347090,True
4409,1773641600.663578,1773642553.228162,242,14,29.411091,11.015362,1.415056,True
4410,1773641600.663607,1773642577.288929,206,217,77.510440,2.234246,0.348501,True
4411,1773641600.663636,1773642580.150733,1314,175,82.818651,12.271083,0.405446,True
4412,1773641600.663668,1773642556.209168,242,14,34.892285,14.186071,1.592786,True
4413,1773641600.663698,1773642623.877476,1063,426,168.886486,12.524087,0.367912,True
4414,1773641600.663727,1773642585.423879,181,201,91.959183,12.513775,0.397227,True
4415,1773641600.663756,1773642611.245548,1033,397,142.791716,7.670756,0.341215,True
4416,1773641600.663786,1773642609.307692,1054,373,138.853573,12.998339,0.338321,True
4417,1773641600.663815,1773642563.226825,399,103,46.424987,1.179287,0.443585,True
4418,1773641600.663844,1773642626.210341,1160,434,171.437061,11.383430,0.369639,True
4419,1773641600.663874,1773642612.973175,1011,384,144.898720,11.731193,0.347696,True
4420,1773641600.663903,1773642629.695677,1006,414,177.951966,13.874533,0.397282,True
4421,1773641600.663952,1773642571.391088,389,126,60.645601,11.810988,0.390677,True
4422,1773641600.663988,1773642570.938339,397,103,59.513997,11.073689,0.474905,True
4423,1773641600.664017,1773642576.858980,409,148,70.935981,10.566890,0.410674,True
4424,1773641600.664046,1773642611.954063,1012,373,140.173180,12.798323,0.342406,True
4425,1773641600.664075,1773642584.636362,19,164,85.475038,12.695646,0.446499,True
4426,1773641600.664104,1773642563.258412,409,93,42.596423,5.559858,0.402571,True
4427,1773641600.664133,1773642572.897411,419,97,61.503673,10.109525,0.535356,True
4428,1773641600.664166,1773642618.669372,1062,394,151.720323,9.983967,0.360652,True
4429,1773641600.664198,1773642626.958353,1018,407,167.756222,12.888086,0.381449,True
4430,1773641600.664310,1773642566.546758,382,88,46.912575,8.867872,0.437295,True
4431,1773641600.664360,1773642610.758863,1074,377,134.335765,7.080132,0.338446,True
4432,1773641600.664391,1773642571.122394,1314,149,54.935741,4.450172,0.341119,True
4433,1773641600.664426,1773642622.083365,1066,429,156.756506,12.509827,0.337025,True
4434,1773641600.664458,1773642586.143022,209,181,84.812133,12.231239,0.403227,True
4435,1773641600.664486,1773642568.029026,409,93,47.028087,9.000710,0.413341,True
4436,1773641600.664516,1773642612.916060,1192,396,136.153467,4.370921,0.333627,True
4437,1773641600.664546,1773642627.181348,1032,388,164.430754,20.567662,0.371739,True
4438,1773641600.664575,1773642615.192732,1038,392,139.724587,6.896932,0.339713,True
4439,1773641600.664605,1773642558.593069,374,61,26.379225,3.172344,0.386781,True
4440,1773641600.664634,1773642654.793067,1095,649,218.469284,4.842855,0.329670,True
4441,1773641600.664664,1773642625.939905,1040,393,160.387564,12.270434,0.377850,True
4442,1773641600.664694,1773642648.228929,1024,576,204.173031,8.593207,0.340139,True
4443,1773641600.664723,1773642628.036145,1027,374,163.620314,22.087085,0.379446,True
4444,1773641600.664758,1773642619.999899,1012,394,147.151479,5.783296,0.359715,True
4445,1773641600.664787,1773642557.325026,237,14,21.780125,5.772341,1.231368,True
4446,1773641600.664819,1773642587.841380,1314,185,82.769254,12.504616,0.381873,True
4447,1773641600.664849,1773642581.036243,206,187,68.884114,2.616225,0.356279,True
4448,1773641600.664879,1773642616.137550,987,407,139.065118,4.115643,0.332388,True
4449,1773641600.664914,1773642571.164046,388,91,48.777893,9.972776,0.431168,True
4450,1773641600.664970,1773642657.084346,1180,596,219.491030,9.885595,0.352278,True
4451,1773641600.665001,1773642589.280729,181,181,83.426580,10.448765,0.405432,True
4452,1773641600.665031,1773642592.575155,212,217,88.811251,6.751007,0.379909,True
4453,1773641600.665061,1773642574.740892,379,98,53.122251,10.781375,0.436504,True
4454,1773641600.665091,1773642625.621468,1065,411,154.860504,8.893394,0.356017,True
4455,1773641600.665121,1773642578.263834,163,161,59.147352,2.030563,0.356980,True
4456,1773641600.665150,1773642628.444871,957,420,159.423532,9.212441,0.358499,True
4457,1773641600.665180,1773642632.804693,1176,391,167.891139,21.190082,0.376157,True
4458,1773641600.665210,1773642593.945285,1353,224,90.024952,8.881262,0.363873,True
4459,1773641600.665244,1773642639.422165,1021,421,180.849743,20.399178,0.382025,True
4460,1773641600.665274,1773642579.244596,381,128,60.204526,9.369806,0.400273,True
4461,1773641600.665302,1773642576.459613,382,59,53.862185,20.521401,0.574841,True
4462,1773641600.665331,1773642631.947111,1051,408,164.716469,11.135483,0.377349,True
4463,1773641600.665370,1773642571.581545,375,77,43.818695,7.459666,0.478408,True
4464,1773641600.665405,1773642624.743632,1018,396,149.086334,8.684649,0.355447,True
4465,1773641600.665433,1773642622.899165,1028,419,145.246915,5.184907,0.335077,True
4466,1773641600.665462,1773642635.601113,1053,385,170.606866,21.959109,0.387104,True
4467,1773641600.665492,1773642585.974227,1313,133,70.592571,11.214901,0.449831,True
4468,1773641600.665521,1773642595.501159,200,179,89.372567,19.234389,0.394035,True
4469,1773641600.665550,1773642572.516323,377,82,43.381517,7.900423,0.438038,True
4470,1773641600.665581,1773642633.662771,1107,455,165.404783,10.093234,0.342096,True
4471,1773641600.665609,1773642632.121431,1053,411,161.990406,9.095268,0.372915,True
4472,1773641600.665638,1773642634.892246,1145,456,166.638673,9.341038,0.345709,True
4473,1773641600.665667,1773642590.309925,401,105,76.913372,20.403407,0.543365,True
4474,1773641600.665696,1773642646.501599,1165,417,189.148791,25.509090,0.393365,True
4475,1773641600.665725,1773642575.900578,894,57,47.596229,14.733458,0.586835,True
4476,1773641600.665754,1773642586.143168,1314,167,66.869843,7.377074,0.358390,True
4477,1773641600.665783,1773642628.391069,995,375,150.407664,10.158781,0.374997,True
4478,1773641600.665813,1773642582.531848,242,56,58.603668,19.567420,0.709750,True
4479,1773641600.665843,1773642649.462920,1035,428,192.049635,25.781195,0.389387,True
4480,1773641600.665875,1773642632.005071,940,384,156.921753,9.360525,0.385277,True
4481,1773641600.665908,1773642591.367869,181,100,75.414673,21.301059,0.546602,True
4482,1773641600.665961,1773642577.602407,397,105,47.553975,7.227995,0.387750,True
4483,1773641600.666002,1773642651.306530,1171,428,194.627351,27.075026,0.392394,True
4484,1773641600.666046,1773642590.253575,414,110,72.376250,18.731857,0.492150,True
4485,1773641600.666077,1773642582.173477,999,95,54.861871,9.688874,0.480564,True
4486,1773641600.666107,1773642634.574761,1139,399,159.642452,10.504542,0.374718,True
4487,1773641600.666144,1773642582.326200,209,162,54.538831,0.537293,0.335413,True
4488,1773641600.666174,1773642608.679784,1320,158,106.474241,28.414290,0.497197,True
4489,1773641600.666207,1773642621.370291,1010,410,131.271882,0.498871,0.319738,True
4490,1773641600.666237,1773642625.550268,1099,396,139.422371,5.214721,0.339766,True
4491,1773641600.666267,1773642628.499101,1163,402,144.717243,5.527294,0.347107,True
4492,1773641600.666299,1773642576.917868,375,69,41.410136,9.045017,0.475958,True
4493,1773641600.666329,1773642648.445601,1115,451,183.925462,17.896344,0.368954,True
4494,1773641600.666358,1773642568.692677,310,18,24.064597,9.636091,0.848736,True
4495,1773641600.666396,1773642625.170080,1038,399,136.684304,5.069267,0.330691,True
4496,1773641600.666425,1773642629.680012,1021,375,144.831956,8.660561,0.364095,True
4497,1773641600.666458,1773642578.076359,567,104,41.479642,4.860181,0.355529,True
4498,1773641600.666487,1773642583.848190,384,63,53.001774,17.031093,0.580172,True
4499,1773641600.666517,1773642587.362895,1314,176,58.476352,6.611279,0.296372,True
4500,1773641600.666548,1773642592.726739,396,104,68.890966,17.944589,0.494625,True
4501,1773641600.666577,1773642567.321466,237,14,17.955079,7.952412,0.769436,True
4502,1773641600.666605,1773642608.030187,1315,197,99.288429,19.736353,0.405878,True
4503,1773641600.666635,1773642596.053117,197,217,74.914254,6.140220,0.318398,True
4504,1773641600.666668,1773642628.655055,1028,375,140.096385,9.075945,0.350322,True
4505,1773641600.666697,1773642637.551241,1004,402,157.474137,9.558141,0.368868,True
4506,1773641600.666726,1773642588.668160,396,80,58.260963,17.981166,0.509871,True
4507,1773641600.666755,1773642585.864434,181,122,52.589475,4.861317,0.394448,True
4508,1773641600.666785,1773642595.336027,194,217,71.094144,0.254763,0.327960,True
4509,1773641600.666814,1773642639.309120,1143,427,158.809805,6.306363,0.357989,True
4510,1773641600.666843,1773642597.118364,191,194,73.806525,5.709457,0.352835,True
4511,1773641600.666873,1773642598.316996,54,139,75.951826,17.177530,0.425901,True
4512,1773641600.666902,1773642564.087913,120,12,7.158200,1.388194,0.524546,True
4513,1773641600.666956,1773642596.120989,209,217,71.096481,0.543142,0.326636,True
4514,1773641600.666995,1773642583.997761,755,104,46.080196,5.252748,0.396383,True
4515,1773641600.667027,1773642627.058158,1002,395,132.016022,2.905473,0.327692,True
4516,1773641600.667057,1773642588.882674,394,132,55.643853,5.149486,0.385453,True
4517,1773641600.667087,1773642592.439841,203,165,62.634463,4.801691,0.352639,True
4518,1773641600.667116,1773642640.407831,1104,429,158.320964,5.882182,0.356165,True
4519,1773641600.667145,1773642624.011544,1001,384,125.131956,2.509716,0.320163,True
4520,1773641600.667175,1773642590.661561,169,163,58.094513,6.068593,0.321148,True
4521,1773641600.667204,1773642661.064261,1029,443,198.878471,26.085613,0.390934,True
4522,1773641600.667236,1773642585.665818,400,99,47.631334,8.361072,0.400717,True
4523,1773641600.667264,1773642584.877501,397,89,45.760795,8.214083,0.426667,True
4524,1773641600.667293,1773642581.289233,394,86,37.227055,3.534842,0.396379,True
4525,1773641600.667321,1773642635.435645,945,375,145.184712,10.916980,0.359005,True
4526,1773641600.667351,1773642587.065888,1312,138,47.733893,2.845454,0.327653,True
4527,1773641600.667379,1773642585.249815,431,86,44.040875,10.530670,0.394238,True
4528,1773641600.667408,1773642638.804797,1103,460,151.086931,1.213562,0.326522,True
4529,1773641600.667437,1773642634.350310,1013,402,141.321446,4.140250,0.342098,True
4530,1773641600.667471,1773642579.700734,385,64,31.939323,6.479826,0.404119,True
4531,1773641600.667501,1773642671.778723,1050,566,215.949916,13.715102,0.357938,True
4532,1773641600.667534,1773642577.552129,370,68,26.920198,1.952482,0.372652,True
4533,1773641600.667564,1773642641.208698,975,407,153.323267,3.282811,0.369558,True
4534,1773641600.667595,1773642621.207760,181,285,113.299366,4.114930,0.384452,True
4535,1773641600.667624,1773642598.628755,200,217,68.013687,0.248650,0.313727,True
4536,1773641600.667654,1773642629.176661,981,400,128.860612,0.497406,0.321712,True
4537,1773641600.667683,1773642643.829928,1029,429,158.018821,8.939948,0.348315,True
4538,1773641600.667712,1773642616.089229,212,162,102.474369,22.858936,0.494506,True
4539,1773641600.667742,1773642596.708188,419,159,62.965789,8.535039,0.344498,True
4540,1773641600.667772,1773642643.881051,1065,402,156.895783,8.974979,0.368880,True
4541,1773641600.667801,1773642657.580748,937,569,184.253241,1.732994,0.321338,True
4542,1773641600.667830,1773642652.353480,994,433,173.445693,13.754792,0.369655,True
4543,1773641600.667860,1773642670.513739,1013,554,209.556998,5.593365,0.368831,True
4544,1773641600.667892,1773642592.480218,404,113,52.146489,10.641917,0.370577,True
4545,1773641600.667920,1773642590.289407,851,89,47.469190,8.295499,0.445156,True
4546,1773641600.667980,1773642650.896708,1119,432,168.661863,9.518390,0.369242,True
4547,1773641600.668016,1773642592.995151,399,98,52.548692,7.687296,0.462489,True
4548,1773641600.668049,1773642628.981864,1042,386,124.292278,1.409756,0.319175,True
4549,1773641600.668077,1773642645.654262,1179,411,157.594774,7.656431,0.365703,True
4550,1773641600.668107,1773642601.745899,215,152,68.844982,7.189956,0.408311,True
4551,1773641600.668137,1773642620.443343,200,179,105.618307,22.041781,0.469531,True
4552,1773641600.668170,1773642589.232005,398,138,42.773427,0.587275,0.307928,True
4553,1773641600.668198,1773642601.243906,398,134,66.425901,12.849762,0.402828,True
4554,1773641600.668227,1773642639.189241,1030,403,141.415067,8.567243,0.330467,True
4555,1773641600.668259,1773642587.811716,413,61,38.615852,8.671335,0.499075,True
4556,1773641600.668288,1773642640.467177,1120,406,143.820061,8.491886,0.334144,True
4557,1773641600.668316,1773642643.286650,1014,402,149.178236,7.341604,0.353707,True
4558,1773641600.668345,1773642642.985872,1059,388,148.242459,9.257751,0.359134,True
4559,1773641600.668374,1773642617.741362,200,162,97.525577,20.697410,0.477194,True
4560,1773641600.668403,1773642602.850104,200,162,67.701960,7.039948,0.376783,True
4561,1773641600.668433,1773642602.654319,165,223,67.122851,0.245703,0.301248,True
4562,1773641600.668462,1773642637.544807,1073,429,136.780003,0.523933,0.318355,True
4563,1773641600.668492,1773642631.887154,1074,394,123.748203,0.530212,0.313532,True
4564,1773641600.668520,1773642650.576208,998,411,160.242924,8.687180,0.369648,True
4565,1773641600.668552,1773642640.397503,1046,439,138.905519,1.047232,0.314745,True
4566,1773641600.668580,1773642593.460423,1344,56,44.654203,11.928985,0.595004,True
4567,1773641600.668612,1773642613.639495,402,122,84.990812,13.591795,0.590075,True
4568,1773641600.668641,1773642597.529171,877,105,52.726718,9.592883,0.414748,True
4569,1773641600.668755,1773642599.600681,1543,46,56.413144,20.616839,0.795473,True
4570,1773641600.668786,1773642595.665692,69,162,48.162431,0.533148,0.295834,True
4571,1773641600.668816,1773642647.278992,1068,388,151.054323,10.510092,0.363163,True
4572,1773641600.668849,1773642592.726495,372,83,41.824525,9.066498,0.399488,True
4573,1773641600.668879,1773642618.950427,209,162,93.775016,19.948515,0.458550,True
4574,1773641600.668908,1773642654.898999,1103,427,164.761807,8.252324,0.367393,True
4575,1773641600.668954,1773642649.289907,1300,405,153.459035,7.841731,0.360439,True
4576,1773641600.668993,1773642638.613323,1039,395,131.419382,2.904983,0.326179,True
4577,1773641600.669023,1773642646.831318,1082,388,147.434744,7.288207,0.362136,True
4578,1773641600.669058,1773642650.576216,1108,396,154.842414,9.553404,0.367820,True
4579,1773641600.669088,1773642588.229386,382,58,29.773700,7.538230,0.390096,True
4580,1773641600.669117,1773642653.251676,1094,411,159.381378,9.330519,0.365978,True
4581,1773641600.669147,1773642594.756159,390,77,41.696818,8.607666,0.435384,True
4582,1773641600.669180,1773642650.167919,1050,397,151.235564,10.185985,0.356186,True
4583,1773641600.669209,1773642616.175296,401,141,83.228961,11.117636,0.515081,True
4584,1773641600.669238,1773642592.260600,402,123,35.232996,0.308472,0.286267,True
4585,1773641600.669270,1773642585.220037,331,18,20.946110,8.250109,0.746824,True
4586,1773641600.669299,1773642618.585424,206,211,87.488692,7.867245,0.379150,True
4587,1773641600.669327,1773642677.713306,1062,522,205.043559,12.399174,0.369759,True
4588,1773641600.669372,1773642651.385732,1104,396,151.934571,12.382752,0.353296,True
4589,1773641600.669419,1773642598.859225,403,88,45.910951,9.577677,0.417624,True
4590,1773641600.669451,1773642665.913597,1083,420,178.894284,18.589827,0.382588,True
4591,1773641600.669485,1773642612.965286,218,167,72.813590,8.922650,0.384885,True
4592,1773641600.669516,1773642681.639616,1004,501,209.912566,20.375325,0.379074,True
4593,1773641600.669545,1773642659.492474,1011,429,165.389676,11.549765,0.359439,True
4594,1773641600.669577,1773642602.382921,1407,92,51.046715,10.731079,0.443029,True
4595,1773641600.669606,1773642598.828027,394,95,43.814147,6.809635,0.393665,True
4596,1773641600.669636,1773642585.039893,382,58,15.720233,0.302626,0.270484,True
4597,1773641600.669669,1773642653.623731,1088,400,152.659986,11.569189,0.353611,True
4598,1773641600.669699,1773642602.270408,438,99,49.889895,11.021711,0.396614,True
4599,1773641600.669729,1773642598.693153,901,74,42.274127,10.244990,0.438755,True
4600,1773641600.669762,1773642689.433709,995,551,223.650732,12.904168,0.383176,True
4601,1773641600.669792,1773642615.935037,432,104,75.694830,14.170299,0.597326,True
4602,1773641600.669822,1773642598.828178,388,95,41.458977,5.632240,0.381135,True
4603,1773641600.669860,1773642590.842655,393,89,25.153642,0.307017,0.282348,True
4604,1773641600.669889,1773642623.661487,212,217,90.290078,9.484926,0.374098,True
4605,1773641600.669919,1773642669.330279,937,415,181.584966,20.284314,0.389615,True
4606,1773641600.669979,1773642603.856677,398,89,50.246167,10.454519,0.452178,True
4607,1773641600.670011,1773642679.614400,1002,565,201.739225,7.732863,0.343983,True
4608,1773641600.670041,1773642657.937881,1004,407,157.370915,13.005062,0.355581,True
4609,1773641600.670070,1773642614.846183,1318,157,70.269207,8.848560,0.393722,True
4610,1773641600.670100,1773642659.100849,1093,399,157.890332,9.222292,0.373538,True
4611,1773641600.670129,1773642598.851478,420,104,37.122571,2.225167,0.338810,True
4612,1773641600.670162,1773642662.739068,989,388,164.834820,18.500745,0.378124,True
4613,1773641600.670190,1773642663.155699,1026,418,164.231208,12.858464,0.363004,True
4614,1773641600.670220,1773642621.858850,1314,155,81.136726,13.640804,0.438285,True
4615,1773641600.670249,1773642666.658914,1190,440,170.468611,7.135581,0.372057,True
4616,1773641600.670281,1773642616.489340,393,108,69.441655,11.174915,0.544549,True
4617,1773641600.670309,1773642598.168241,396,100,32.568223,0.631270,0.322595,True
4618,1773641600.670339,1773642624.185141,1315,186,84.478623,7.705104,0.414992,True
4619,1773641600.670371,1773642662.938738,1021,375,161.507979,14.660041,0.392642,True
4620,1773641600.670401,1773642681.776105,1043,531,198.893857,12.740830,0.351232,True
4621,1773641600.670434,1773642601.465130,1491,66,37.860854,8.878827,0.445877,True
4622,1773641600.670464,1773642672.491333,1002,395,179.267322,24.276817,0.393377,True
4623,1773641600.670493,1773642668.460500,1023,429,170.999662,7.850345,0.381190,True
4624,1773641600.670523,1773642666.761001,1091,397,167.224800,17.163113,0.378944,True
4625,1773641600.670552,1773642667.552434,1135,430,168.395812,11.226434,0.366362,True
4626,1773641600.670588,1773642621.292289,1312,156,74.880115,9.688953,0.420588,True
4627,1773641600.670620,1773642616.794772,436,114,65.583991,12.841770,0.466745,True
4628,1773641600.670652,1773642614.451242,21,139,59.623254,6.171874,0.387329,True
4629,1773641600.670682,1773642626.792200,215,212,83.818874,5.928752,0.369147,True
4630,1773641600.670713,1773642659.429665,1080,427,149.052137,1.688081,0.345925,True
4631,1773641600.670746,1773642665.807162,1093,427,161.516591,10.021055,0.355623,True
4632,1773641600.670774,1773642665.392339,1006,384,160.665183,13.039090,0.385447,True
4633,1773641600.670803,1773642635.080985,165,159,99.699669,21.903424,0.492381,True
4634,1773641600.670832,1773642663.882169,1127,396,157.260966,12.733723,0.365892,True
4635,1773641600.670861,1773642638.171728,1312,230,105.483882,13.328190,0.402427,True
4636,1773641600.670891,1773642611.337331,407,124,51.330755,6.834089,0.361762,True
4637,1773641600.670920,1773642673.512446,1128,427,175.388925,14.546606,0.377564,True
4638,1773641600.670968,1773642698.498608,1005,556,225.258697,14.323908,0.380063,True
4639,1773641600.670997,1773642670.896333,1008,401,169.826422,15.959576,0.384667,True
4640,1773641600.671026,1773642659.733037,1010,388,147.161977,6.353970,0.363845,True
4641,1773641600.671056,1773642609.350829,396,101,46.376302,7.880443,0.384959,True
4642,1773641600.671085,1773642618.361981,200,183,64.314291,0.522219,0.350506,True
4643,1773641600.671113,1773642660.491553,1005,393,147.928860,10.361898,0.350936,True
4644,1773641600.671142,1773642668.435155,1089,396,163.021428,14.854381,0.375106,True
4645,1773641600.671171,1773642619.673678,1407,92,65.209638,18.819692,0.509780,True
4646,1773641600.671201,1773642660.462121,1060,383,146.184624,12.872799,0.348984,True
4647,1773641600.671229,1773642600.179631,396,76,24.793411,0.663446,0.321733,True
4648,1773641600.671263,1773642605.213235,296,18,34.797268,14.128320,1.215820,True
4649,1773641600.671291,1773642676.599286,1139,407,177.506323,20.622452,0.386413,True
4650,1773641600.671320,1773642638.223501,203,217,99.965385,12.124243,0.406672,True
4651,1773641600.671350,1773642627.451581,44,141,77.553028,11.689386,0.470455,True
4652,1773641600.671379,1773642676.727926,1093,429,175.668513,14.195414,0.377274,True
4653,1773641600.671408,1773642679.009569,1005,414,179.646680,21.437156,0.383074,True
4654,1773641600.671436,1773642682.627807,1086,423,186.777637,23.357353,0.387252,True
4655,1773641600.671465,1773642657.352769,1038,375,136.122039,4.751536,0.351258,True
4656,1773641600.671495,1773642665.459984,1104,396,152.295392,10.930264,0.357886,True
4657,1773641600.671524,1773642703.923723,937,571,229.098598,17.989720,0.370366,True
4658,1773641600.671554,1773642665.144929,1060,395,151.124449,7.197334,0.365297,True
4659,1773641600.671582,1773642616.718035,421,93,52.919160,10.105931,0.465361,True
4660,1773641600.671611,1773642669.977868,1056,383,159.355466,14.803024,0.378410,True
4661,1773641600.671641,1773642626.920042,407,95,73.198741,20.302629,0.562725,True
4662,1773641600.671672,1773642611.911993,402,78,43.078311,9.992124,0.429691,True
4663,1773641600.671701,1773642622.077200,203,181,63.119205,0.262363,0.349205,True
4664,1773641600.671730,1773642647.562201,1320,286,113.797427,11.240509,0.359849,True
4665,1773641600.671759,1773642624.254241,203,183,66.807178,4.616495,0.341707,True
4666,1773641600.671788,1773642639.763679,206,179,97.742330,18.085698,0.447509,True
4667,1773641600.671818,1773642662.105429,1101,378,142.403754,13.484605,0.341961,True
4668,1773641600.671850,1773642671.966236,1051,389,161.670914,10.218856,0.390340,True
4669,1773641600.671880,1773642675.796867,1016,396,168.836762,19.759427,0.377411,True
4670,1773641600.671909,1773642701.599887,950,590,218.660590,8.948262,0.356048,True
4671,1773641600.671955,1773642607.331569,398,90,29.767179,0.291590,0.331186,True
4672,1773641600.671993,1773642670.982915,1041,400,156.984208,11.897002,0.363627,True
4673,1773641600.672023,1773642673.641275,1109,398,162.115404,13.327500,0.374781,True
4674,1773641600.672061,1773642638.223510,197,217,91.195704,7.739565,0.386371,True
4675,1773641600.672094,1773642681.707907,982,414,178.062724,12.771196,0.400222,True
4676,1773641600.672127,1773642669.242641,1038,396,153.028484,9.859068,0.362454,True
4677,1773641600.672155,1773642613.620975,390,74,41.763645,9.848367,0.437196,True
4678,1773641600.672184,1773642660.766398,1073,393,135.534333,0.559574,0.344323,True
4679,1773641600.672213,1773642614.509786,397,82,42.184705,7.800590,0.424495,True
4680,1773641600.672246,1773642618.050144,387,68,49.161309,10.918698,0.570785,True
4681,1773641600.672296,1773642609.405914,402,92,30.917282,0.299803,0.336456,True
4682,1773641600.672332,1773642619.817764,401,87,51.423552,13.346361,0.442758,True
4683,1773641600.672381,1773642620.247925,181,119,51.886548,6.913416,0.381128,True
4684,1773641600.672424,1773642637.553853,203,159,86.416946,14.632747,0.454330,True
4685,1773641600.672462,1773642608.538397,400,84,27.550384,0.334515,0.327902,True
4686,1773641600.672507,1773642671.042967,1021,392,151.398010,9.713687,0.362364,True
4687,1773641600.672542,1773642707.528069,1046,566,224.032276,14.507132,0.370841,True
4688,1773641600.672588,1773642674.907542,1077,375,158.461145,17.973210,0.375636,True
4689,1773641600.672625,1773642685.851421,1052,429,180.306896,9.749846,0.398498,True
4690,1773641600.672671,1773642619.268845,400,82,46.703240,11.535112,0.434174,True
4691,1773641600.672706,1773642674.022279,1131,406,155.919553,10.532709,0.358980,True
4692,1773641600.672752,1773642633.114488,407,147,73.978893,12.127820,0.423637,True
4693,1773641600.672794,1773642625.977560,51,93,59.162093,13.623388,0.494986,True
4694,1773641600.672832,1773642688.211599,1207,408,183.526915,23.729145,0.392624,True
4695,1773641600.672875,1773642622.243271,409,92,51.048238,9.876158,0.452440,True
4696,1773641600.672907,1773642614.873374,386,39,36.035690,9.739609,0.692002,True
4697,1773641600.672957,1773642612.504794,382,84,30.754905,0.271554,0.367269,True
4698,1773641600.673002,1773642641.046407,1318,192,87.193265,10.035504,0.403967,True
4699,1773641600.673045,1773642624.895328,197,152,54.722435,0.251218,0.360737,True
4700,1773641600.673083,1773642676.998518,1123,402,158.765193,13.347817,0.362637,True
4701,1773641600.673133,1773642620.250683,397,91,44.626021,9.514531,0.390128,True
4702,1773641600.673173,1773642619.926872,181,89,43.731560,8.534067,0.399972,True
4703,1773641600.673212,1773642620.951865,396,127,45.551680,0.293315,0.359193,True
4704,1773641600.673259,1773642697.711620,1075,500,198.775555,11.603059,0.375095,True
4705,1773641600.673295,1773642656.434787,181,211,115.604173,21.544702,0.447902,True
4706,1773641600.673340,1773642645.043243,212,217,92.692323,9.555642,0.384892,True
4707,1773641600.673385,1773642679.224599,1066,388,160.787776,9.728831,0.390333,True
4708,1773641600.673528,1773642620.746710,375,63,43.810721,10.877523,0.531181,True
4709,1773641600.673562,1773642646.767345,165,223,95.808824,11.063975,0.381734,True
4710,1773641600.673595,1773642653.078704,1314,228,108.411154,13.871261,0.416475,True
4711,1773641600.673643,1773642616.192516,416,95,34.616518,0.280134,0.365281,True
4712,1773641600.673680,1773642682.130200,1080,397,165.435137,12.936260,0.385098,True
4713,1773641600.673725,1773642678.511171,1069,398,157.800496,13.403832,0.363720,True
4714,1773641600.673758,1773642673.286363,1034,437,146.209817,0.519618,0.334152,True
4715,1773641600.673790,1773642640.079480,200,161,79.607312,12.679741,0.418297,True
4716,1773641600.673840,1773642680.693525,1048,415,160.045072,10.971243,0.360082,True
4717,1773641600.673873,1773642637.816227,206,217,74.247724,7.550065,0.308785,True
4718,1773641600.673911,1773642684.760622,1030,396,167.598971,14.186447,0.388386,True
4719,1773641600.673973,1773642631.257857,406,108,60.323413,11.918171,0.452385,True
4720,1773641600.674022,1773642680.673696,1049,398,158.843252,13.059108,0.367214,True
4721,1773641600.674056,1773642682.828755,996,395,162.717000,13.946863,0.377589,True
4722,1773641600.674093,1773642689.052343,1095,410,174.601033,11.203491,0.399505,True
4723,1773641600.674124,1773642669.075520,1068,385,134.171537,6.252553,0.333122,True
4724,1773641600.674154,1773642701.703098,1013,552,199.405683,7.968731,0.347435,True
4725,1773641600.674188,1773642680.010134,1025,411,155.460661,10.154186,0.354406,True
4726,1773641600.674217,1773642650.277798,47,201,95.787871,12.763956,0.415120,True
4727,1773641600.674247,1773642656.061600,194,190,106.798310,21.523270,0.451191,True
4728,1773641600.674276,1773642639.486530,169,205,73.289172,0.246751,0.358051,True
4729,1773641600.674305,1773642630.341499,417,90,54.976543,11.123644,0.492729,True
4730,1773641600.674334,1773642620.168996,394,91,33.885080,0.249615,0.373727,True
4731,1773641600.674364,1773642639.763400,200,152,72.636291,10.532138,0.411286,True
4732,1773641600.674393,1773642687.188225,1067,409,166.651302,11.284998,0.380800,True
4733,1773641600.674422,1773642641.208916,1317,135,73.598810,13.218035,0.450603,True
4734,1773641600.674451,1773642645.753269,21,195,82.336516,7.057055,0.388038,True
4735,1773641600.674480,1773642637.887750,128,211,66.542177,5.352569,0.291379,True
4736,1773641600.674512,1773642704.730614,1134,518,199.646442,11.590716,0.363744,True
4737,1773641600.674540,1773642692.152457,1090,399,173.872605,15.773170,0.397235,True
4738,1773641600.674569,1773642695.178503,1030,408,179.608154,20.467765,0.391008,True
4739,1773641600.674599,1773642683.935359,1128,410,155.652241,9.315279,0.357792,True
4740,1773641600.674628,1773642680.599296,1132,396,148.828125,8.871920,0.354320,True
4741,1773641600.674658,1773642723.944149,1053,559,234.787544,9.902158,0.403020,True
4742,1773641600.674687,1773642639.098968,374,135,64.862607,9.829885,0.410692,True
4743,1773641600.674716,1773642632.956636,1295,68,52.557568,16.005274,0.545557,True
4744,1773641600.674753,1773642680.679668,1052,429,147.364377,5.026630,0.332565,True
4745,1773641600.674782,1773642640.275632,200,179,65.878269,0.250517,0.368695,True
4746,1773641600.674811,1773642682.691975,1058,415,150.211530,5.804441,0.348809,True
4747,1773641600.674846,1773642625.351701,377,59,34.637086,7.023943,0.476089,True
4748,1773641600.674875,1773642635.537154,1314,153,53.995981,0.610081,0.351223,True
4749,1773641600.674904,1773642696.407566,1055,400,175.479644,16.583497,0.398236,True
4750,1773641600.674951,1773642625.645015,379,67,33.913045,6.736225,0.411770,True
4751,1773641600.674994,1773642631.464824,1313,156,45.285602,4.566581,0.262703,True
4752,1773641600.675027,1773642680.673609,1087,388,143.074651,9.311435,0.345641,True
4753,1773641600.675057,1773642686.601119,1051,393,154.578895,10.800812,0.366781,True
4754,1773641600.675086,1773642642.989684,200,168,67.270626,7.099090,0.360309,True
4755,1773641600.675115,1773642673.907117,1039,388,128.980081,0.507158,0.331971,True
4756,1773641600.675148,1773642687.424403,1110,440,154.605129,5.735145,0.339112,True
4757,1773641600.675178,1773642621.318118,120,12,22.370909,9.979810,1.126464,True
4758,1773641600.675209,1773642653.789045,181,220,86.043967,5.090118,0.369652,True
4759,1773641600.675238,1773642624.048582,387,89,26.148292,3.065276,0.262307,True
4760,1773641600.675268,1773642646.710743,206,193,70.908535,2.134138,0.358200,True
4761,1773641600.675297,1773642637.311538,428,130,51.942364,5.112318,0.363024,True
4762,1773641600.675326,1773642690.676929,1077,376,158.652549,8.513899,0.400370,True
4763,1773641600.675356,1773642702.708654,1038,429,182.181032,13.633220,0.393803,True
4764,1773641600.675386,1773642655.362080,197,217,86.884633,6.527664,0.372023,True
4765,1773641600.675419,1773642684.015327,1010,393,144.169358,6.516705,0.351155,True
4766,1773641600.675447,1773642690.468486,1021,398,157.011837,11.175544,0.367346,True
4767,1773641600.675477,1773642646.497730,200,179,68.884385,3.801435,0.365635,True
4768,1773641600.675508,1773642683.036930,1077,401,141.837871,5.459268,0.340947,True
4769,1773641600.675541,1773642644.277676,405,110,64.132181,13.630847,0.463315,True
4770,1773641600.675574,1773642678.169466,1301,377,131.323479,4.235648,0.338000,True
4771,1773641600.675604,1773642653.425758,26,167,80.997611,12.914596,0.410139,True
4772,1773641600.675634,1773642690.112131,1123,429,154.286170,6.670306,0.344897,True
4773,1773641600.675664,1773642628.161184,408,87,30.363362,0.764618,0.344171,True
4774,1773641600.675696,1773642637.229301,395,96,47.745202,9.127482,0.406502,True
4775,1773641600.675725,1773642634.316068,398,90,41.376335,6.011482,0.397358,True
4776,1773641600.675755,1773642686.965096,1049,394,146.629753,8.443922,0.351618,True
4777,1773641600.675784,1773642647.919581,393,102,68.289357,15.675759,0.520927,True
4778,1773641600.675813,1773642651.068473,200,217,73.875786,0.250878,0.340856,True
4779,1773641600.675842,1773642641.575587,393,110,54.243004,8.684189,0.417971,True
4780,1773641600.675870,1773642694.487696,1060,383,160.046157,8.019343,0.397976,True
4781,1773641600.675900,1773642633.416875,418,110,37.800470,1.340299,0.334497,True
4782,1773641600.675929,1773642646.012620,200,183,62.969819,0.235259,0.344695,True
4783,1773641600.675985,1773642686.371488,1083,387,143.231454,8.440904,0.349198,True
4784,1773641600.676015,1773642648.150592,181,144,66.600802,9.587952,0.398691,True
4785,1773641600.676045,1773642697.295847,1056,403,164.829313,12.415431,0.379139,True
4786,1773641600.676078,1773642626.398166,384,59,22.399001,2.178744,0.348625,True
4787,1773641600.676107,1773642695.032498,1095,428,159.001314,7.664761,0.354418,True
4788,1773641600.676136,1773642635.152091,397,62,38.430143,11.359544,0.443780,True
4789,1773641600.676168,1773642649.244070,206,161,66.301362,7.044910,0.370353,True
4790,1773641600.676198,1773642630.472412,1636,78,28.651520,0.713684,0.362829,True
4791,1773641600.676227,1773642642.735201,979,91,53.114416,13.648977,0.438505,True
4792,1773641600.676259,1773642635.407383,372,95,38.416945,3.701987,0.369308,True
4793,1773641600.676287,1773642703.525282,1049,401,174.053478,16.025757,0.395069,True
4794,1773641600.676316,1773642712.136133,1062,522,190.822337,8.708939,0.349546,True
4795,1773641600.676346,1773642659.614702,200,162,85.630342,12.651057,0.453287,True
4796,1773641600.676374,1773642635.261329,242,14,36.901978,15.708699,1.630252,True
4797,1773641600.676403,1773642691.723241,1091,399,149.347654,9.850762,0.350495,True
4798,1773641600.676432,1773642693.032954,1018,429,151.633587,7.347568,0.337117,True
4799,1773641600.676460,1773642656.417654,1315,197,77.334529,7.232714,0.357662,True
4800,1773641600.676489,1773642649.941920,206,152,64.089878,6.540901,0.381119,True
4801,1773641600.676525,1773642672.063271,1315,207,108.014713,16.876474,0.442419,True
4802,1773641600.676553,1773642685.503151,1059,401,134.271451,1.533442,0.331845,True
4803,1773641600.676581,1773642648.150350,399,144,59.107642,5.841448,0.372491,True
4804,1773641600.676610,1773642693.561520,1087,388,149.763829,10.789027,0.359108,True
4805,1773641600.676638,1773642640.094589,408,96,42.270534,6.023642,0.381546,True
4806,1773641600.676667,1773642666.117891,165,189,93.677197,13.239754,0.427859,True
4807,1773641600.676699,1773642653.344735,402,156,68.108394,8.200193,0.386505,True
4808,1773641600.676727,1773642703.776458,1097,500,168.720310,2.002092,0.334105,True
4809,1773641600.676756,1773642649.923369,408,144,60.495477,6.166219,0.379925,True
4810,1773641600.676790,1773642663.881868,206,169,88.121250,12.698470,0.448945,True
4811,1773641600.676818,1773642711.279023,1090,427,182.690305,16.613116,0.389853,True
4812,1773641600.676847,1773642736.505990,1054,514,232.996961,20.252780,0.414706,True
4813,1773641600.676876,1773642649.560517,169,164,58.770406,1.243202,0.352928,True
4814,1773641600.676905,1773642689.317609,1030,402,138.120509,1.585808,0.340486,True
4815,1773641600.676947,1773642705.810754,981,398,171.086134,13.314830,0.397409,True
4816,1773641600.676978,1773642694.323106,1004,394,147.755422,8.749243,0.353705,True
4817,1773641600.677006,1773642653.235414,200,161,64.954722,3.679882,0.382968,True
4818,1773641600.677038,1773642647.162703,374,114,52.493989,5.624661,0.414773,True
4819,1773641600.677078,1773642666.613229,1349,270,91.311086,1.583217,0.333561,True
4820,1773641600.677108,1773642653.074715,399,137,64.212552,7.701787,0.415520,True
4821,1773641600.677137,1773642708.899705,1020,402,175.368295,13.824903,0.402851,True
4822,1773641600.677165,1773642653.887039,404,147,65.177968,8.170514,0.390462,True
4823,1773641600.677194,1773642643.348319,416,88,44.038666,7.865472,0.415784,True
4824,1773641600.677223,1773642634.516528,376,72,26.270627,0.638951,0.361010,True
4825,1773641600.677252,1773642642.388241,381,69,41.143458,10.843794,0.445583,True
4826,1773641600.677281,1773642711.257386,1050,411,178.777477,14.434400,0.400837,True
4827,1773641600.677310,1773642692.239598,1064,396,140.306720,7.279321,0.336778,True
4828,1773641600.677342,1773642640.204826,425,72,36.216355,7.097690,0.410122,True
4829,1773641600.677382,1773642716.044689,1012,406,187.584657,20.273080,0.413115,True
4830,1773641600.677411,1773642650.549159,417,158,55.296139,0.299752,0.350295,True
4831,1773641600.677441,1773642718.300422,1080,467,189.553585,5.751945,0.394424,True
4832,1773641600.677470,1773642655.849038,400,111,64.357388,12.632202,0.470229,True
4833,1773641600.677498,1773642713.639744,1044,411,179.519065,15.206492,0.400762,True
4834,1773641600.677527,1773642790.482183,1068,958,333.140675,6.456397,0.341363,True
4835,1773641600.677556,1773642640.397649,406,86,32.755180,2.247137,0.358918,True
4836,1773641600.677584,1773642713.658590,1068,395,179.214594,18.473989,0.407971,True
4837,1773641600.677616,1773642693.621247,1301,398,138.850868,3.191078,0.341712,True
4838,1773641600.677645,1773642659.281053,1313,207,70.047888,0.598344,0.337134,True
4839,1773641600.677674,1773642648.445321,949,96,47.384984,11.153533,0.381384,True
4840,1773641600.677703,1773642649.169381,400,114,48.541919,4.467176,0.390042,True
4841,1773641600.677732,1773642644.277376,396,109,38.197754,1.088595,0.343603,True
4842,1773641600.677761,1773642655.742094,398,113,60.765222,10.731684,0.446728,True
4843,1773641600.677789,1773642660.936860,390,127,70.757566,17.575160,0.422083,True
4844,1773641600.677821,1773642716.803289,1047,398,182.345419,20.246483,0.408310,True
4845,1773641600.677849,1773642642.234389,467,83,33.165471,4.716468,0.346939,True
4846,1773641600.677886,1773642701.602672,1105,391,151.319346,3.332545,0.379453,True
4847,1773641600.678041,1773642642.074306,181,95,32.179525,0.417253,0.337897,True
4848,1773641600.678083,1773642653.563161,203,152,55.135189,4.372808,0.336175,True
4849,1773641600.678114,1773642647.203275,392,91,41.978248,9.691903,0.358737,True
4850,1773641600.678145,1773642701.618861,1137,396,150.436999,10.795208,0.353524,True
4851,1773641600.678176,1773642637.392968,372,57,21.196756,3.294650,0.319680,True
4852,1773641600.678212,1773642651.618786,377,84,49.376687,10.264792,0.471228,True
4853,1773641600.678241,1773642705.309597,1105,396,156.695011,4.456632,0.385414,True
4854,1773641600.678272,1773642694.001860,1010,398,133.873277,0.508950,0.335930,True
4855,1773641600.678311,1773642698.048254,1066,388,141.720075,7.691566,0.346327,True
4856,1773641600.678340,1773642709.130500,1101,411,163.342481,12.373541,0.368217,True
4857,1773641600.678370,1773642659.091352,215,162,62.100396,6.838648,0.343241,True
4858,1773641600.678400,1773642700.381971,961,418,144.431787,1.518793,0.342717,True
4859,1773641600.678430,1773642653.140437,423,79,49.494816,10.693908,0.497448,True
4860,1773641600.678459,1773642716.178093,1080,429,175.444659,13.272652,0.378907,True
4861,1773641600.678489,1773642680.661607,181,315,104.309129,0.858378,0.329461,True
4862,1773641600.678519,1773642723.860225,1054,424,190.398151,17.215725,0.409415,True
4863,1773641600.678548,1773642645.387106,424,89,33.142122,0.728708,0.368334,True
4864,1773641600.678581,1773642690.810703,1104,374,123.635638,0.508872,0.330099,True
4865,1773641600.678611,1773642664.674519,197,217,70.973343,0.631813,0.325655,True
4866,1773641600.678639,1773642701.327220,1004,411,144.030429,5.567853,0.337714,True
4867,1773641600.678673,1773642699.975401,1123,429,140.582655,0.534072,0.327216,True
4868,1773641600.678702,1773642647.246615,405,95,35.080226,2.698179,0.344490,True
4869,1773641600.678731,1773642713.001486,1151,411,165.297872,5.375143,0.390055,True
4870,1773641600.678761,1773642646.320694,421,94,31.684209,0.299949,0.337465,True
4871,1773641600.678793,1773642704.800243,1080,396,147.066114,3.612784,0.363173,True
4872,1773641600.678825,1773642726.789139,977,401,190.632738,19.863269,0.426924,True
4873,1773641600.678856,1773642667.986115,200,217,72.189816,0.253523,0.333038,True
4874,1773641600.678889,1773642707.636133,1145,379,151.362488,8.588831,0.377708,True
4875,1773641600.678917,1773642684.393718,1316,234,104.755430,7.181632,0.418772,True
4876,1773641600.678970,1773642661.226368,1998,58,58.191680,19.126042,0.685362,True
4877,1773641600.679000,1773642720.429792,1025,452,175.236011,10.098269,0.366159,True
4878,1773641600.679030,1773642715.407429,961,418,165.170048,12.583265,0.365916,True
4879,1773641600.679060,1773642654.871704,404,86,43.828561,7.585914,0.426384,True
4880,1773641600.679089,1773642728.249881,1087,569,190.248803,0.479394,0.334101,True
4881,1773641600.679119,1773642699.407693,1137,385,131.959487,3.767394,0.333834,True
4882,1773641600.679153,1773642729.277897,1129,375,191.222162,21.054331,0.454994,True
4883,1773641600.679181,1773642719.506705,1000,396,170.375342,16.937550,0.388450,True
4884,1773641600.679210,1773642657.086054,421,97,45.449956,6.182306,0.409038,True
4885,1773641600.679240,1773642649.032565,440,88,29.027921,0.304265,0.330157,True
4886,1773641600.679272,1773642656.337270,404,98,43.512255,4.616026,0.400992,True
4887,1773641600.679301,1773642703.022490,1065,393,136.237710,0.506033,0.346254,True
4888,1773641600.679333,1773642708.441856,1101,418,146.699097,5.112824,0.339535,True
4889,1773641600.679361,1773642687.759497,194,217,105.313824,16.153890,0.412777,True
4890,1773641600.679390,1773642739.544729,1041,426,208.780032,21.567307,0.440501,True
4891,1773641600.679419,1773642672.750144,200,183,74.961787,7.008290,0.373371,True
4892,1773641600.679449,1773642657.197675,907,92,43.648974,6.904316,0.403787,True
4893,1773641600.679478,1773642698.398676,1095,387,125.966143,0.586190,0.324819,True
4894,1773641600.679507,1773642677.446463,414,90,84.017710,21.284437,0.704868,True
4895,1773641600.679536,1773642665.286691,194,177,59.491386,0.626467,0.334460,True
4896,1773641600.679564,1773642665.950562,418,146,60.695411,7.946705,0.363784,True
4897,1773641600.679594,1773642711.076130,1129,395,149.663046,11.676283,0.350220,True
4898,1773641600.679623,1773642727.720143,1069,419,180.960027,3.922908,0.423534,True
4899,1773641600.679652,1773642660.482523,446,83,46.334588,7.940907,0.468216,True
4900,1773641600.679682,1773642658.558077,401,77,42.317186,7.856638,0.453428,True
4901,1773641600.679711,1773642663.388965,408,98,51.666305,9.435714,0.435367,True
4902,1773641600.679739,1773642664.674510,1314,164,54.216325,0.587110,0.329014,True
4903,1773641600.679773,1773642681.196791,194,217,87.239414,7.828450,0.367643,True
4904,1773641600.679801,1773642659.263126,314,18,42.889932,18.903949,1.410940,True
4905,1773641600.679833,1773642747.807298,1049,440,219.832283,21.297985,0.452242,True
4906,1773641600.679861,1773642678.919180,194,217,81.471981,4.094511,0.358229,True
4907,1773641600.679890,1773642715.364255,1091,383,154.278057,13.031254,0.369756,True
4908,1773641600.679919,1773642667.823415,403,93,59.173796,14.403871,0.486630,True
4909,1773641600.679975,1773642654.073705,404,92,30.898787,0.296259,0.336292,True
4910,1773641600.680006,1773642734.278876,1087,568,190.933069,0.612570,0.335662,True
4911,1773641600.680035,1773642725.001845,1059,415,171.795748,14.672505,0.379525,True
4912,1773641600.680065,1773642686.297977,391,106,94.200739,21.667680,0.690791,True
4913,1773641600.680094,1773642653.140564,387,71,27.658874,2.966555,0.352747,True
4914,1773641600.680124,1773642649.560671,1574,56,20.274641,1.534940,0.340722,True
4915,1773641600.680158,1773642663.661271,401,103,48.330587,8.424239,0.391239,True
4916,1773641600.680189,1773642670.009912,181,115,60.488306,7.225821,0.467215,True
4917,1773641600.680219,1773642717.425128,1064,420,155.297496,7.390888,0.352999,True
4918,1773641600.680249,1773642682.603617,206,183,85.030125,6.902798,0.429271,True
4919,1773641600.680278,1773642718.231487,1159,400,156.263717,10.112097,0.366295,True
4920,1773641600.680307,1773642676.364450,11,161,72.303237,9.998657,0.389404,True
4921,1773641600.680337,1773642704.027916,1075,375,127.482804,4.051732,0.330030,True
4922,1773641600.680370,1773642709.153130,1053,396,137.505974,0.630393,0.346520,True
4923,1773641600.680398,1773642714.371645,1030,404,147.921238,10.088513,0.342017,True
4924,1773641600.680434,1773642653.301852,388,79,25.760835,0.609199,0.322457,True
4925,1773641600.680477,1773642749.918271,1090,427,218.888789,21.559337,0.463215,True
4926,1773641600.680507,1773642718.147511,1112,377,154.192146,13.651419,0.373779,True
4927,1773641600.680542,1773642722.284926,1082,450,162.136267,2.638394,0.355229,True
4928,1773641600.680574,1773642680.622042,206,217,78.788875,2.627654,0.352598,True
4929,1773641600.680604,1773642665.013553,1479,86,46.866279,10.665237,0.425895,True
4930,1773641600.680633,1773642712.631443,1044,411,141.107612,0.516788,0.342904,True
4931,1773641600.680665,1773642719.200911,1074,378,153.918796,12.096949,0.376185,True
4932,1773641600.680696,1773642682.828587,36,179,80.856733,12.302668,0.385135,True
4933,1773641600.680725,1773642741.203296,1058,397,196.922508,20.433221,0.445680,True
4934,1773641600.680755,1773642650.965058,302,18,15.951652,4.930659,0.648294,True
4935,1773641600.680787,1773642677.917503,197,162,69.834371,3.990967,0.408965,True
4936,1773641600.680819,1773642680.622141,203,217,75.116998,0.969199,0.343277,True
4937,1773641600.680847,1773642674.195890,402,130,61.800810,3.695662,0.450428,True
4938,1773641600.680876,1773642676.694453,377,123,66.671014,14.307311,0.429211,True
4939,1773641600.680906,1773642738.110750,1095,378,188.547409,21.549218,0.442966,True
4940,1773641600.680957,1773642661.770990,428,74,35.763735,6.610809,0.399355,True
4941,1773641600.680990,1773642716.135438,1115,415,143.707462,0.692005,0.345448,True
4942,1773641600.681019,1773642657.580595,181,84,26.575794,0.681122,0.311984,True
4943,1773641600.681048,1773642671.939772,378,80,54.549268,13.001429,0.525922,True
4944,1773641600.681078,1773642654.133843,378,55,18.173300,1.140188,0.315428,True
4945,1773641600.681112,1773642673.906823,200,163,57.033112,5.109579,0.320516,True
4946,1773641600.681142,1773642726.368093,1137,385,161.413631,3.637906,0.410874,True
4947,1773641600.681170,1773642718.531836,1140,411,145.549236,3.704963,0.345962,True
4948,1773641600.681200,1773642691.853898,1313,187,91.676897,13.907650,0.418114,True
4949,1773641600.681230,1773642676.015206,431,97,59.370805,13.593541,0.476846,True
4950,1773641600.681259,1773642664.165690,404,85,35.320738,5.326024,0.357080,True
4951,1773641600.681288,1773642729.363287,1030,388,165.695549,15.236205,0.388784,True
4952,1773641600.681317,1773642735.665815,1133,425,177.902094,16.838922,0.379866,True
4953,1773641600.681347,1773642664.622049,379,59,35.690301,8.874949,0.462334,True
4954,1773641600.681391,1773642681.793704,396,199,69.907554,0.408455,0.351006,True
4955,1773641600.681420,1773642732.412550,1063,397,170.477062,5.897296,0.415605,True
4956,1773641600.681456,1773642729.381854,1059,411,164.353950,10.791918,0.374542,True
4957,1773641600.681505,1773642730.342279,1174,387,166.167465,5.812654,0.415427,True
4958,1773641600.681538,1773642726.248245,1079,409,157.916826,12.761156,0.355774,True
4959,1773641600.681577,1773642685.445189,393,93,75.748670,17.815171,0.629712,True
4960,1773641600.681615,1773642651.418715,326,18,6.992265,0.359224,0.390179,True
4961,1773641600.681661,1773642671.801148,379,93,47.299164,4.919550,0.460648,True
4962,1773641600.681696,1773642736.792582,1030,389,177.261157,8.093346,0.436000,True
4963,1773641600.681752,1773642668.698748,388,77,40.926337,9.761160,0.410068,True
4964,1773641600.681785,1773642725.002130,1059,385,153.096327,11.339481,0.369158,True
4965,1773641600.681816,1773642735.627345,1080,429,174.325573,13.730550,0.375222,True
4966,1773641600.681859,1773642730.044748,1084,388,162.005376,16.373834,0.376309,True
4967,1773641600.681897,1773642717.896624,1042,394,137.431896,1.318943,0.346343,True
4968,1773641600.681958,1773642730.818202,1115,385,163.130780,14.224483,0.387777,True
4969,1773641600.682004,1773642724.241043,1166,418,149.894118,0.870067,0.357372,True
4970,1773641600.682036,1773642680.094460,382,81,61.249671,16.332611,0.561463,True
4971,1773641600.682079,1773642727.476560,1107,414,155.825784,11.939682,0.348392,True
4972,1773641600.682122,1773642725.224797,1054,403,151.300941,11.928769,0.346697,True
4973,1773641600.682170,1773642714.818713,1128,375,129.786257,0.554100,0.345541,True
4974,1773641600.682206,1773642677.756628,403,107,55.619820,6.308518,0.465201,True
4975,1773641600.682251,1773642751.455663,1084,419,202.565972,17.232207,0.443382,True
4976,1773641600.682287,1773642689.214214,167,217,77.856907,0.272697,0.359186,True
4977,1773641600.682333,1773642693.157676,209,164,85.204685,14.860719,0.431558,True
4978,1773641600.682369,1773642665.144682,384,50,29.114686,6.203611,0.467573,True
4979,1773641600.682414,1773642676.437117,390,83,51.678077,7.158272,0.542924,True
4980,1773641600.682450,1773642665.894573,388,92,29.988538,0.404716,0.325097,True
4981,1773641600.682499,1773642678.510871,395,95,55.074710,13.365912,0.443711,True
4982,1773641600.682531,1773642679.990523,463,97,57.828450,14.339463,0.453010,True
4983,1773641600.682564,1773642681.639459,392,95,60.647167,14.486761,0.491068,True
4984,1773641600.682609,1773642663.747562,386,73,24.716045,0.290484,0.339244,True
4985,1773641600.682644,1773642668.998852,382,111,35.154147,0.376330,0.316162,True
4986,1773641600.682781,1773642740.675402,1020,411,178.091420,21.227985,0.382594,True
4987,1773641600.682819,1773642678.199775,401,121,51.683929,9.837027,0.348724,True
4988,1773641600.682873,1773642734.592859,1104,417,163.032209,13.991222,0.358272,True
4989,1773641600.682906,1773642744.849475,1055,452,183.524112,12.982235,0.378142,True
4990,1773641600.682966,1773642667.117877,388,88,27.932935,0.644634,0.313659,True
4991,1773641600.682999,1773642675.683624,399,130,45.043874,0.634198,0.344261,True
4992,1773641600.683030,1773642766.774394,1080,512,227.054424,6.403903,0.431801,True
4993,1773641600.683073,1773642683.525002,200,165,60.533766,0.721601,0.364708,True
4994,1773641600.683114,1773642669.483072,1032,97,32.346683,0.510009,0.331632,True
4995,1773641600.683151,1773642686.378157,401,116,66.052745,12.450612,0.466106,True
4996,1773641600.683197,1773642724.388653,1001,393,141.903548,3.387051,0.353358,True
4997,1773641600.683232,1773642743.603316,1130,428,180.063981,13.078291,0.391067,True
4998,1773641600.683277,1773642752.948841,1056,438,198.631284,13.771978,0.423019,True
4999,1773641600.683327,1773642746.443762,1151,423,185.289057,22.551481,0.385634,True
5000,1773641600.683363,1773642741.770202,1053,409,175.750866,16.037733,0.391454,True
5001,1773641600.683409,1773642679.748134,407,136,51.333042,4.139222,0.349584,True
5002,1773641600.683450,1773642696.071622,126,178,83.869934,11.279273,0.410117,True
5003,1773641600.683483,1773642757.069426,1057,442,204.530453,14.122368,0.431764,True
5004,1773641600.683513,1773642680.305126,406,143,50.854448,0.411262,0.355234,True
5005,1773641600.683542,1773642696.790279,129,177,83.760093,5.161177,0.446585,True
5006,1773641600.683571,1773642742.905907,1093,396,175.077545,17.703966,0.398414,True
5007,1773641600.683601,1773642713.217477,206,217,114.931329,20.599218,0.436723,True
5008,1773641600.683636,1773642730.310355,1055,411,148.909044,0.782490,0.361284,True
5009,1773641600.683666,1773642684.965833,1316,161,57.786605,2.148446,0.347738,True
5010,1773641600.683695,1773642694.325825,206,167,75.963257,3.726994,0.435158,True
5011,1773641600.683736,1773642738.337481,1030,405,163.822735,11.018497,0.378228,True
5012,1773641600.683774,1773642732.512298,1103,423,152.151491,4.909945,0.348914,True
5013,1773641600.683819,1773642668.664978,393,75,23.154226,0.400519,0.307483,True
5014,1773641600.683866,1773642692.501341,957,113,70.806300,15.972612,0.489586,True
5015,1773641600.683902,1773642733.126457,1054,424,151.844642,0.957762,0.356707,True
5016,1773641600.683968,1773642744.090425,1301,401,173.460111,4.386218,0.422685,True
5017,1773641600.684011,1773642706.048808,1316,182,96.917941,12.388811,0.467012,True
5018,1773641600.684043,1773642699.473770,389,133,83.746342,18.214642,0.496452,True
5019,1773641600.684076,1773642688.118953,392,105,60.350614,10.982768,0.474691,True
5020,1773641600.684117,1773642681.297743,403,69,45.471152,7.760432,0.554569,True
5021,1773641600.684148,1773642770.083353,1017,570,221.968881,10.009891,0.372511,True
5022,1773641600.684177,1773642711.067481,209,217,103.914661,14.586525,0.413556,True
5023,1773641600.684214,1773642680.191017,373,58,41.850592,11.159160,0.538446,True
5024,1773641600.684258,1773642734.278534,1020,411,149.982709,6.954915,0.348848,True
5025,1773641600.684289,1773642668.692120,120,14,18.517076,7.634349,0.837133,True
5026,1773641600.684325,1773642741.672069,1001,396,164.351537,17.515959,0.371736,True
5027,1773641600.684363,1773642728.123192,1069,388,137.003664,0.846913,0.351826,True
5028,1773641600.684393,1773642688.723536,403,111,57.970370,6.584638,0.467143,True
5029,1773641600.684423,1773642708.287436,209,217,95.633648,9.953567,0.396667,True
5030,1773641600.684454,1773642700.456300,200,167,79.928655,5.830865,0.446372,True
5031,1773641600.684491,1773642690.425906,396,89,59.846245,15.312400,0.506066,True
5032,1773641600.684528,1773642739.621163,1059,401,157.695386,12.885046,0.362026,True
5033,1773641600.684559,1773642690.889918,493,107,59.894288,9.481346,0.475594,True
5034,1773641600.684588,1773642706.149528,1316,216,90.162966,9.535359,0.375012,True
5035,1773641600.684625,1773642720.694134,1314,210,118.921481,19.220539,0.477038,True
5036,1773641600.684661,1773642736.293524,1075,375,149.026872,12.862397,0.364076,True
5037,1773641600.684691,1773642674.678544,320,18,25.131803,8.311827,0.989410,True
5038,1773641600.684732,1773642704.800093,181,205,84.104444,7.855572,0.373769,True
5039,1773641600.684768,1773642736.495339,1064,411,147.094823,0.819336,0.356769,True
5040,1773641600.684797,1773642753.559509,1121,498,180.801659,8.449642,0.346785,True
5041,1773641600.684831,1773642700.134622,206,163,73.469496,2.922928,0.435473,True
5042,1773641600.684861,1773642769.969993,1054,537,212.601499,15.707767,0.367339,True
5043,1773641600.684891,1773642687.176872,371,51,46.847008,12.061805,0.695704,True
5044,1773641600.684927,1773642747.589521,1166,429,167.398665,3.992656,0.381790,True
5045,1773641600.684985,1773642691.523088,420,102,55.244338,7.674678,0.470987,True
5046,1773641600.685034,1773642744.411487,1095,391,160.475718,16.294842,0.369695,True
5047,1773641600.685066,1773642760.923877,1101,441,192.593449,18.088389,0.396602,True
5048,1773641600.685095,1773642703.581170,408,151,77.806328,6.930032,0.472509,True
5049,1773641600.685126,1773642710.752571,206,161,92.126461,16.178937,0.474672,True
5050,1773641600.685156,1773642681.308139,377,59,32.567652,5.579037,0.465321,True
5051,1773641600.685185,1773642702.896047,1313,181,75.494977,3.140799,0.401968,True
5052,1773641600.685215,1773642687.215846,384,89,44.113004,3.130039,0.465716,True
5053,1773641600.685249,1773642744.475611,1077,427,158.362033,9.347687,0.349799,True
5054,1773641600.685278,1773642698.457807,402,81,66.119067,17.317067,0.610025,True
5055,1773641600.685307,1773642708.849998,165,217,86.757976,6.104702,0.373395,True
5056,1773641600.685339,1773642711.789232,161,169,91.947741,15.053133,0.457706,True
5057,1773641600.685378,1773642687.859537,420,95,43.918145,3.412674,0.430909,True
5058,1773641600.685412,1773642702.060975,181,171,72.279008,4.681933,0.397630,True
5059,1773641600.685440,1773642683.111492,247,14,34.318488,14.516112,1.523260,True
5060,1773641600.685474,1773642743.247323,1080,396,154.242817,4.546516,0.378978,True
5061,1773641600.685505,1773642693.557302,392,99,53.882333,11.828267,0.429123,True
5062,1773641600.685540,1773642751.819441,1107,415,170.302570,2.918356,0.404310,True
5063,1773641600.685569,1773642700.109823,427,129,66.675862,11.186788,0.433508,True
5064,1773641600.685597,1773642744.297484,1129,396,154.347044,4.953295,0.378212,True
5065,1773641600.685629,1773642754.848340,1133,425,174.574481,6.206594,0.397094,True
5066,1773641600.685658,1773642727.429683,1314,243,119.194774,14.882935,0.431041,True
5067,1773641600.685687,1773642686.269880,317,18,36.563845,14.910635,1.273718,True
5068,1773641600.685716,1773642688.129409,375,54,39.368364,9.513202,0.563305,True
5069,1773641600.685746,1773642755.959773,1080,429,174.985028,3.164795,0.401449,True
5070,1773641600.685775,1773642691.708060,394,109,46.068460,3.403260,0.395048,True
5071,1773641600.685804,1773642688.745808,379,66,40.099974,9.748582,0.466944,True
5072,1773641600.685833,1773642702.850859,401,109,68.287872,14.008561,0.502586,True
5073,1773641600.685865,1773642694.793852,397,127,51.569501,3.067835,0.384934,True
5074,1773641600.685894,1773642706.447774,206,182,74.730379,4.685268,0.386990,True
5075,1773641600.685923,1773642757.052553,1112,418,175.611566,14.329647,0.386767,True
5076,1773641600.685971,1773642748.842893,1042,385,159.002259,10.089689,0.387793,True
5077,1773641600.686000,1773642754.605245,961,415,170.236207,16.257338,0.371930,True
5078,1773641600.686030,1773642689.923840,390,84,39.879457,4.573405,0.425374,True
5079,1773641600.686059,1773642716.339031,1314,231,92.647169,3.756581,0.386481,True
5080,1773641600.686088,1773642694.159832,181,113,47.288484,3.256608,0.393142,True
5081,1773641600.686118,1773642745.876389,1030,388,149.952260,3.656979,0.378024,True
5082,1773641600.686146,1773642700.050519,423,147,58.113644,2.773929,0.379039,True
5083,1773641600.686176,1773642696.976780,1856,78,51.861716,11.516793,0.523960,True
5084,1773641600.686204,1773642701.406979,407,94,59.240602,13.152258,0.495574,True
5085,1773641600.686233,1773642688.971328,388,93,34.326400,1.964087,0.351764,True
5086,1773641600.686262,1773642693.213111,394,85,42.541313,7.488319,0.417298,True
5087,1773641600.686292,1773642762.314916,1021,414,180.682174,3.282012,0.429540,True
5088,1773641600.686321,1773642685.361071,375,71,26.589951,2.347249,0.346324,True
5089,1773641600.686351,1773642694.710541,1527,90,44.418450,8.898947,0.399096,True
5090,1773641600.686379,1773642708.899714,128,174,72.281071,3.067894,0.400076,True
5091,1773641600.686409,1773642747.277115,1128,394,147.959401,8.316381,0.355326,True
5092,1773641600.686437,1773642748.622226,1030,366,150.213804,11.423528,0.380247,True
5093,1773641600.686466,1773642752.206825,1140,396,157.113178,3.837007,0.388041,True
5094,1773641600.686495,1773642757.259393,1174,381,166.696616,18.814361,0.389164,True
5095,1773641600.686524,1773642770.033279,1101,438,192.222816,20.090691,0.393895,True
5096,1773641600.686553,1773642692.939373,156,107,37.828264,0.566459,0.351526,True
5097,1773641600.686582,1773642765.299927,1095,418,182.198038,6.511565,0.421310,True
5098,1773641600.686615,1773642759.245791,1053,408,169.116123,1.146506,0.412702,True
5099,1773641600.686644,1773642751.569599,1053,395,153.320543,10.834924,0.361639,True
5100,1773641600.686673,1773642689.923689,387,64,28.473545,2.555824,0.411392,True
5101,1773641600.686705,1773642697.218181,902,95,42.834530,5.599445,0.396118,True
5102,1773641600.686733,1773642686.076623,325,18,20.110712,6.541405,0.798195,True
5103,1773641600.686762,1773642755.506662,1114,408,158.262719,7.002574,0.371647,True
5104,1773641600.686791,1773642696.957782,419,87,41.019765,4.264388,0.427388,True
5105,1773641600.686820,1773642713.606095,209,152,74.001773,11.230545,0.415703,True
5106,1773641600.686848,1773642721.713268,200,217,90.029279,6.679848,0.385877,True
5107,1773641600.686881,1773642695.128216,393,96,36.796598,1.512526,0.371411,True
5108,1773641600.686921,1773642748.842702,1115,365,143.682245,6.376685,0.377213,True
5109,1773641600.686983,1773642699.061257,393,90,43.219857,4.995003,0.429493,True
5110,1773641600.687013,1773642756.842085,1079,423,158.241757,1.906216,0.370463,True
5111,1773641600.687042,1773642712.553876,28,176,69.580207,2.948904,0.380750,True
5112,1773641600.687072,1773642696.874683,379,74,37.908078,4.190333,0.461887,True
5113,1773641600.687100,1773642767.214587,1114,408,178.086658,21.039033,0.385866,True
5114,1773641600.687129,1773642762.179787,1077,427,167.952551,8.896128,0.373372,True
5115,1773641600.687158,1773642760.374428,1126,396,163.714727,14.975144,0.376556,True
5116,1773641600.687190,1773642712.855372,17,175,68.654840,4.850145,0.366694,True
5117,1773641600.687218,1773642691.033519,379,57,24.212609,1.579716,0.404159,True
5118,1773641600.687246,1773642695.970135,120,12,33.913584,14.478771,1.766801,True
5119,1773641600.687274,1773642759.188845,1128,379,159.912781,4.503354,0.411136,True
5120,1773641600.687303,1773642699.734842,374,58,40.233021,8.405339,0.558380,True
5121,1773641600.687331,1773642722.194242,126,211,84.882187,5.991292,0.375671,True
5122,1773641600.687360,1773642744.885731,1098,367,129.778219,3.344899,0.345446,True
5123,1773641600.687389,1773642763.599349,1151,411,167.162626,14.310655,0.372810,True
5124,1773641600.687419,1773642721.713112,212,217,83.222760,3.276721,0.370121,True
5125,1773641600.687535,1773642696.825836,382,86,33.262074,2.251648,0.364829,True
5126,1773641600.687569,1773642719.438143,194,217,78.260955,0.504982,0.359981,True
5127,1773641600.687600,1773642771.272730,1021,422,181.329362,19.897880,0.383448,True
5128,1773641600.687629,1773642711.257250,12,163,61.256807,0.262188,0.376510,True
5129,1773641600.687661,1773642762.816677,1066,435,164.354124,2.436833,0.373081,True
5130,1773641600.687689,1773642717.355779,397,133,73.371081,13.658184,0.452370,True
5131,1773641600.687718,1773642706.094086,433,89,50.825688,10.160906,0.462100,True
5132,1773641600.687746,1773642703.525449,912,122,45.665413,3.225245,0.350745,True
5133,1773641600.687775,1773642706.743307,417,125,52.080746,2.638623,0.398727,True
5134,1773641600.687808,1773642709.018370,181,109,56.609783,10.128604,0.430381,True
5135,1773641600.687835,1773642712.183667,200,169,61.967296,2.178217,0.355887,True
5136,1773641600.687864,1773642713.001643,1314,156,63.392943,4.380157,0.380728,True
5137,1773641600.687896,1773642757.948420,1002,411,153.265852,3.286667,0.365803,True
5138,1773641600.687924,1773642777.420415,1045,517,191.545338,5.924040,0.359731,True
5139,1773641600.687980,1773642689.802606,309,18,16.288010,5.913182,0.610284,True
5140,1773641600.688010,1773642698.859314,376,66,34.296707,5.249020,0.446887,True
5141,1773641600.688043,1773642758.360404,1079,418,153.152574,7.926351,0.348264,True
5142,1773641600.688072,1773642702.708645,391,114,41.808006,1.271952,0.358726,True
5143,1773641600.688102,1773642700.584652,460,95,36.899423,1.274995,0.378983,True
5144,1773641600.688134,1773642698.859468,370,66,32.499635,4.350612,0.433062,True
5145,1773641600.688163,1773642791.368475,1017,620,217.475229,6.095829,0.341485,True
5146,1773641600.688192,1773642766.351585,1057,444,167.295869,9.669811,0.355815,True
5147,1773641600.688221,1773642720.357802,197,162,75.040320,8.004751,0.416370,True
5148,1773641600.688250,1773642759.178198,996,378,152.660277,9.541357,0.379626,True
5149,1773641600.688278,1773642708.531327,42,150,50.972756,0.950594,0.335719,True
5150,1773641600.688307,1773642771.079183,1054,444,175.923042,11.966215,0.370106,True
5151,1773641600.688336,1773642760.351860,1002,411,153.641606,1.895175,0.370113,True
5152,1773641600.688365,1773642713.967460,200,162,60.054643,3.631744,0.350453,True
5153,1773641600.688394,1773642781.985605,1340,519,195.922873,9.315325,0.360246,True
5154,1773641600.688422,1773642700.536522,375,79,32.273555,2.560257,0.380940,True
5155,1773641600.688451,1773642698.275860,377,77,27.026948,0.955631,0.343044,True
5156,1773641600.688485,1773642704.470231,387,80,39.000811,3.756805,0.446127,True
5157,1773641600.688514,1773642690.890041,738,20,11.035376,0.840016,0.536598,True
5158,1773641600.688544,1773642709.009196,218,138,47.106597,1.088472,0.335899,True
5159,1773641600.688577,1773642714.885518,419,91,58.754850,14.997964,0.486188,True
5160,1773641600.688610,1773642770.886148,1053,396,170.047546,4.564421,0.418945,True
5161,1773641600.688637,1773642708.053251,400,85,43.945154,6.292708,0.448243,True
5162,1773641600.688665,1773642757.681873,1166,402,142.806632,5.374440,0.342724,True
5163,1773641600.688694,1773642695.856964,378,47,19.114666,1.063315,0.392421,True
5164,1773641600.688722,1773642702.941395,394,99,33.117402,2.082119,0.316687,True
5165,1773641600.688754,1773642766.207471,1066,408,159.626669,8.086039,0.372336,True
5166,1773641600.688783,1773642761.983316,1107,397,150.742835,4.595623,0.369059,True
5167,1773641600.688812,1773642778.848757,1130,460,183.745629,2.287171,0.395334,True
5168,1773641600.688841,1773642762.359973,1133,425,150.352476,4.469291,0.344064,True
5169,1773641600.688869,1773642702.373364,384,85,30.357664,0.438388,0.356182,True
5170,1773641600.688898,1773642700.932651,375,59,27.412263,3.200194,0.417449,True
5171,1773641600.688927,1773642729.029903,1322,185,83.189561,10.397581,0.395609,True
5172,1773641600.688978,1773642706.427649,383,81,37.334318,6.719755,0.382682,True
5173,1773641600.689006,1773642768.798164,1001,444,161.866238,0.780804,0.363624,True
5174,1773641600.689035,1773642767.037655,1128,394,157.825641,2.442805,0.395376,True
5175,1773641600.689064,1773642725.359073,397,161,74.446692,6.506352,0.424627,True
5176,1773641600.689094,1773642762.930512,1020,411,149.419800,6.563987,0.348429,True
5177,1773641600.689125,1773642780.828809,1159,432,184.201761,4.090468,0.417892,True
5178,1773641600.689154,1773642722.339173,10,137,67.179099,11.756505,0.407519,True
5179,1773641600.689186,1773642777.087225,1101,414,176.218191,3.840061,0.417380,True
5180,1773641600.689213,1773642710.752246,420,98,43.379192,7.048430,0.374544,True
5181,1773641600.689241,1773642691.258640,120,12,4.078940,0.249635,0.348119,True
5182,1773641600.689270,1773642761.941107,1092,398,145.236990,8.522216,0.344370,True
5183,1773641600.689298,1773642723.701178,126,194,68.527198,1.279104,0.348436,True
5184,1773641600.689329,1773642767.596327,1099,396,155.569976,7.124587,0.375811,True
5185,1773641600.689366,1773642693.561219,321,18,7.265504,0.653682,0.388931,True
5186,1773641600.689396,1773642704.699747,437,79,29.521934,0.642445,0.370250,True
5187,1773641600.689425,1773642764.410037,1130,396,148.590102,5.711179,0.361719,True
5188,1773641600.689457,1773642704.727200,396,50,28.585752,5.306443,0.475088,True
5189,1773641600.689485,1773642724.484790,1314,153,68.016756,6.459428,0.404982,True
5190,1773641600.689517,1773642698.127810,120,12,14.884168,5.424484,0.859971,True
5191,1773641600.689545,1773642758.297904,1088,375,134.972270,4.929307,0.347708,True
5192,1773641600.689574,1773642716.803013,129,159,51.814307,0.539304,0.324525,True
5193,1773641600.689607,1773642693.108742,324,18,4.403871,0.528504,0.227963,True
5194,1773641600.689638,1773642778.115082,1340,475,174.149109,2.180784,0.362802,True
5195,1773641600.689667,1773642695.128227,311,18,7.720969,1.953607,0.339257,True
5196,1773641600.689695,1773642719.354339,218,167,55.652873,0.303729,0.333429,True
5197,1773641600.689727,1773642719.438139,19,152,55.445353,1.506213,0.357213,True
5198,1773641600.689755,1773642731.213333,127,202,78.974399,4.100191,0.372508,True
5199,1773641600.689783,1773642723.410722,212,162,63.099638,5.983908,0.354756,True
5200,1773641600.689812,1773642775.521112,1046,442,166.719077,3.907555,0.369187,True
5201,1773641600.689840,1773642716.313807,1856,78,48.141009,12.485223,0.463062,True
5202,1773641600.689869,1773642708.235208,401,70,31.459954,5.508619,0.376106,True
5203,1773641600.689898,1773642731.053533,1316,207,76.206425,1.432609,0.362980,True
5204,1773641600.689931,1773642711.833174,380,81,37.597101,4.797938,0.409990,True
5205,1773641600.689979,1773642710.991593,181,110,35.743920,1.457629,0.314553,True
5206,1773641600.690030,1773642761.085028,1095,396,135.848628,4.684206,0.332062,True
5207,1773641600.690062,1773642766.305202,1114,383,146.166008,5.554272,0.368094,True
5208,1773641600.690092,1773642733.479349,414,184,79.830187,11.164265,0.375224,True
5209,1773641600.690125,1773642717.112236,407,116,47.074877,2.494399,0.387656,True
5210,1773641600.690154,1773642767.641624,973,395,148.111713,5.484366,0.361998,True
5211,1773641600.690183,1773642764.661207,1054,388,142.066037,6.154652,0.351192,True
5212,1773641600.690212,1773642703.516115,91,16,19.007295,5.910851,0.873096,True
5213,1773641600.690242,1773642716.189904,881,113,44.042250,1.941264,0.375902,True
5214,1773641600.690273,1773642715.186214,394,82,41.706132,7.286320,0.424936,True
5215,1773641600.690303,1773642739.244730,203,205,89.802281,1.766812,0.431546,True
5216,1773641600.690332,1773642783.957622,1082,414,178.934215,3.552713,0.424653,True
5217,1773641600.690361,1773642767.792819,1126,396,146.154328,7.429317,0.351203,True
5218,1773641600.690390,1773642715.033525,396,99,40.464399,1.914782,0.393363,True
5219,1773641600.690419,1773642711.178301,460,75,32.278004,5.025951,0.368271,True
5220,1773641600.690448,1773642740.836345,1312,237,91.404273,5.000612,0.366117,True
5221,1773641600.690477,1773642715.674690,872,86,41.059487,4.989917,0.424348,True
5222,1773641600.690508,1773642736.953579,129,205,83.533647,8.014225,0.370193,True
5223,1773641600.690536,1773642779.093180,1057,422,167.342655,8.279830,0.377821,True
5224,1773641600.690564,1773642710.769724,373,83,29.809688,3.109263,0.325615,True
5225,1773641600.690593,1773642718.768578,398,88,45.574977,6.163730,0.453003,True
5226,1773641600.690624,1773642767.194982,1099,396,142.238513,6.356273,0.344006,True
5227,1773641600.690653,1773642737.296985,181,216,81.774935,3.725094,0.363023,True
5228,1773641600.690682,1773642732.412560,203,176,71.238465,1.567729,0.398118,True
5229,1773641600.690711,1773642720.807830,1354,130,47.946419,2.139490,0.355092,True
5230,1773641600.690739,1773642706.847128,375,44,19.939334,2.595471,0.403346,True
5231,1773641600.690768,1773642740.475975,181,198,87.028267,2.511134,0.429021,True
5232,1773641600.690797,1773642726.425470,27,159,58.885668,5.449325,0.338205,True
5233,1773641600.690825,1773642715.578216,1164,37,36.716351,11.769013,0.692982,True
5234,1773641600.690854,1773642708.203228,376,64,21.799489,2.150676,0.311886,True
5235,1773641600.690885,1773642773.576545,1073,395,151.706951,7.707870,0.365480,True
5236,1773641600.690915,1773642709.607622,324,18,23.104692,6.631341,0.969021,True
5237,1773641600.690965,1773642786.178843,1021,394,176.078585,4.531434,0.436507,True
5238,1773641600.690998,1773642782.863832,975,442,169.159257,5.858834,0.370296,True
5239,1773641600.691047,1773642782.399255,1114,403,167.996915,16.348743,0.377234,True
5240,1773641600.691082,1773642723.875072,891,93,50.821208,8.556994,0.459394,True
5241,1773641600.691128,1773642784.387383,1045,444,171.763543,5.637104,0.375003,True
5242,1773641600.691166,1773642742.608313,1318,192,87.484413,5.650513,0.428450,True
5243,1773641600.691211,1773642722.197142,381,91,46.642222,5.639611,0.455585,True
5244,1773641600.691248,1773642710.844851,380,71,23.545077,1.364219,0.316869,True
5245,1773641600.691293,1773642730.967127,181,119,63.109909,12.152329,0.431844,True
5246,1773641600.691327,1773642722.824359,181,123,46.697544,3.725095,0.352233,True
5247,1773641600.691370,1773642711.067474,91,16,22.642846,8.609302,0.935570,True
5248,1773641600.691407,1773642791.162897,1053,446,182.351545,16.779567,0.372072,True
5249,1773641600.691452,1773642732.646743,1351,144,65.170051,5.733655,0.415639,True
5250,1773641600.691503,1773642727.022471,181,122,53.819489,4.573791,0.406989,True
5251,1773641600.691541,1773642710.752088,1336,41,21.215666,6.464378,0.368782,True
5252,1773641600.691591,1773642772.677181,1096,433,144.568631,2.038927,0.329930,True
5253,1773641600.691623,1773642809.545576,1089,500,218.156894,7.479588,0.422199,True
5254,1773641600.691663,1773642736.792577,391,105,72.505766,11.853723,0.583193,True
5255,1773641600.691701,1773642719.438131,941,78,37.688682,5.933730,0.412402,True
5256,1773641600.691746,1773642748.343178,203,164,94.814592,11.457545,0.511393,True
5257,1773641600.691788,1773642740.704149,215,194,78.732184,3.348328,0.390590,True
5258,1773641600.691827,1773642724.888627,389,84,46.955967,8.764297,0.460141,True
5259,1773641600.691871,1773642736.792569,429,97,70.365335,14.026886,0.586859,True
5260,1773641600.691913,1773642739.804397,62,180,76.367411,9.943971,0.371081,True
5261,1773641600.691977,1773642717.886648,410,95,32.511184,2.129544,0.323209,True
5262,1773641600.692015,1773642780.787456,996,378,158.146939,4.081121,0.408663,True
5263,1773641600.692061,1773642723.967536,466,103,43.806014,2.621811,0.403767,True
5264,1773641600.692195,1773642779.173818,1030,393,153.594386,6.408314,0.375475,True
5265,1773641600.692233,1773642748.498577,197,217,91.558125,6.065051,0.395801,True
5266,1773641600.692280,1773642723.565818,397,90,41.670719,6.054074,0.400187,True
5267,1773641600.692316,1773642732.706551,881,116,59.700725,7.319206,0.455491,True
5268,1773641600.692366,1773642826.221302,1046,572,246.645127,12.737462,0.409646,True
5269,1773641600.692398,1773642774.867320,973,395,143.830207,2.640423,0.358350,True
5270,1773641600.692429,1773642706.048655,327,18,6.047798,0.358180,0.334683,True
5271,1773641600.692477,1773642775.164711,1089,427,143.283720,1.612345,0.332562,True
5272,1773641600.692515,1773642718.953498,388,80,30.839579,2.658020,0.356729,True
5273,1773641600.692564,1773642799.376131,1100,466,191.663030,6.587925,0.398011,True
5274,1773641600.692597,1773642723.152061,20,129,39.131749,0.296594,0.303400,True
5275,1773641600.692630,1773642734.230243,181,110,60.893198,12.982544,0.439547,True
5276,1773641600.692677,1773642745.205753,209,217,82.554258,1.663827,0.374493,True
5277,1773641600.692713,1773642784.242008,1088,394,160.417808,14.665494,0.370871,True
5278,1773641600.692765,1773642771.153292,1114,400,133.352419,2.071294,0.329025,True
5279,1773641600.692797,1773642727.900304,181,119,46.385395,4.076999,0.358546,True
5280,1773641600.692836,1773642738.127009,194,194,66.795448,1.819310,0.336664,True
5281,1773641600.692875,1773642740.812387,181,173,72.145034,5.434948,0.387849,True
5282,1773641600.692920,1773642747.303492,1318,224,84.999542,2.278347,0.370947,True
5283,1773641600.692980,1773642736.699245,1315,169,63.771083,3.697114,0.357583,True
5284,1773641600.693017,1773642799.773597,1109,436,188.922271,10.323729,0.410571,True
5285,1773641600.693061,1773642736.054429,203,162,60.469978,4.086888,0.350206,True
5286,1773641600.693093,1773642729.077158,69,144,46.051217,0.623024,0.317680,True
5287,1773641600.693133,1773642774.043125,1126,396,135.961025,3.453740,0.335461,True
5288,1773641600.693170,1773642738.641682,206,162,65.072137,4.069785,0.378897,True
5289,1773641600.693214,1773642740.150683,200,179,67.988373,2.354375,0.368730,True
5290,1773641600.693248,1773642735.179092,404,129,57.480702,5.034777,0.409734,True
5291,1773641600.693290,1773642792.716974,1044,414,172.536866,6.551045,0.401903,True
5292,1773641600.693327,1773642741.248064,212,217,68.995062,0.253762,0.318247,True
5293,1773641600.693379,1773642757.918960,1313,204,102.127386,10.969623,0.449053,True
5294,1773641600.693416,1773642725.471207,413,98,35.881856,1.291319,0.356603,True
5295,1773641600.693461,1773642739.092759,1349,177,62.897717,2.262017,0.344521,True
5296,1773641600.693500,1773642743.973479,1320,157,71.828816,11.085609,0.389380,True
5297,1773641600.693531,1773642734.366091,373,99,52.323570,4.795599,0.484979,True
5298,1773641600.693561,1773642780.271754,1073,401,144.051892,4.582786,0.348673,True
5299,1773641600.693596,1773642722.317013,389,55,28.058131,4.711535,0.432344,True
5300,1773641600.693640,1773642748.868071,1317,228,80.846817,3.851677,0.339186,True
5301,1773641600.693683,1773642788.058190,1017,379,159.039960,6.643218,0.403166,True
5302,1773641600.693724,1773642722.475064,381,48,27.228244,6.320464,0.444846,True
5303,1773641600.693762,1773642743.025928,212,183,68.246457,2.651192,0.360414,True
5304,1773641600.693806,1773642748.498569,181,204,79.170664,2.640471,0.376996,True
5305,1773641600.693851,1773642781.483491,1082,379,144.927148,7.045704,0.364766,True
5306,1773641600.693897,1773642763.809712,181,207,109.559016,6.151123,0.501980,True
5307,1773641600.693951,1773642750.438827,1314,187,82.608907,8.118942,0.400484,True
5308,1773641600.693998,1773642736.953851,1351,145,55.595077,3.977863,0.358453,True
5309,1773641600.694029,1773642794.747976,1044,462,170.274980,6.492011,0.355278,True
5310,1773641600.694060,1773642748.268524,200,183,75.022400,8.387404,0.366126,True
5311,1773641600.694107,1773642768.473900,181,230,115.411554,7.056718,0.473165,True
5312,1773641600.694143,1773642732.566765,373,74,43.575359,5.631509,0.519779,True
5313,1773641600.694193,1773642773.245693,1314,261,124.911056,10.061235,0.441730,True
5314,1773641600.694234,1773642745.807664,1315,130,69.908210,7.687559,0.482331,True
5315,1773641600.694273,1773642759.023693,191,181,96.048249,7.541599,0.491704,True
5316,1773641600.694318,1773642737.526345,181,113,52.903385,6.178725,0.417184,True
5317,1773641600.694360,1773642747.193305,209,167,72.215221,6.167751,0.397876,True
5318,1773641600.694398,1773642730.448280,398,103,38.704424,2.683293,0.353148,True
5319,1773641600.694443,1773642787.628049,1039,401,152.894757,7.879825,0.362537,True
5320,1773641600.694485,1773642740.615666,194,174,58.704178,0.466104,0.336636,True
5321,1773641600.694525,1773642837.159481,1121,673,251.770854,3.117773,0.370019,True
5322,1773641600.694570,1773642752.504028,130,163,82.437793,7.256005,0.464085,True
5323,1773641600.694612,1773642751.819433,212,179,80.051799,7.351717,0.408427,True
5324,1773641600.694650,1773642725.747641,375,66,27.824779,3.911048,0.367904,True
5325,1773641600.694694,1773642730.363233,383,60,36.437052,6.915140,0.500371,True
5326,1773641600.694730,1773642742.602128,442,124,60.832967,5.932931,0.446342,True
5327,1773641600.694776,1773642734.479835,1352,69,43.841846,8.292471,0.522785,True
5328,1773641600.694813,1773642746.452440,128,205,67.620215,0.620279,0.328431,True
5329,1773641600.694857,1773642760.115479,215,217,94.512438,5.259125,0.413210,True
5330,1773641600.694899,1773642798.504002,1118,396,170.999250,12.098362,0.402281,True
5331,1773641600.694954,1773642801.363649,1109,390,176.696245,14.623509,0.416639,True
5332,1773641600.695005,1773642791.858012,975,442,157.269428,4.472317,0.346479,True
5333,1773641600.695037,1773642772.273388,1316,261,117.319994,13.166547,0.400590,True
5334,1773641600.695067,1773642761.420853,181,257,95.550970,0.934572,0.369595,True
5335,1773641600.695099,1773642741.044697,181,115,54.754503,4.873812,0.437550,True
5336,1773641600.695150,1773642740.815756,403,114,53.676340,4.141078,0.438365,True
5337,1773641600.695182,1773642752.696321,1314,179,76.635378,4.319854,0.406267,True
5338,1773641600.695214,1773642727.611199,1398,83,25.567356,0.651992,0.303846,True
5339,1773641600.695255,1773642805.808240,999,477,181.837087,13.280437,0.354111,True
5340,1773641600.695292,1773642731.343222,388,92,32.597090,0.401640,0.353796,True
5341,1773641600.695341,1773642733.961506,385,75,37.544210,3.786498,0.456185,True
5342,1773641600.695373,1773642738.418848,394,109,46.087327,4.683012,0.383373,True
5343,1773641600.695406,1773642735.812883,398,89,40.790626,3.558092,0.423097,True
5344,1773641600.695451,1773642756.526889,209,183,81.879677,11.192463,0.388391,True
5345,1773641600.695487,1773642751.425839,206,187,71.489785,0.301356,0.382733,True
5346,1773641600.695533,1773642795.459634,1066,403,158.825677,4.360866,0.384241,True
5347,1773641600.695569,1773642736.307678,181,121,40.328678,0.250188,0.333987,True
5348,1773641600.695614,1773642746.862125,197,152,61.354054,3.873185,0.380668,True
5349,1773641600.695662,1773642751.341304,181,120,70.291055,11.443379,0.494518,True
5350,1773641600.695709,1773642751.395130,42,142,70.150103,11.849877,0.413477,True
5351,1773641600.695746,1773642749.337872,389,114,65.994232,12.600457,0.472511,True
5352,1773641600.695791,1773642728.488288,375,37,23.366460,4.395692,0.526966,True
5353,1773641600.695823,1773642805.218899,1123,415,176.805989,6.799741,0.410643,True
5354,1773641600.695862,1773642734.175061,181,97,34.113178,0.280220,0.352427,True
5355,1773641600.695900,1773642798.174954,1059,415,161.634446,12.042944,0.361332,True
5356,1773641600.695961,1773642730.269045,390,62,25.676150,1.544782,0.395596,True
5357,1773641600.696006,1773642795.105569,1059,415,154.435925,10.859506,0.346803,True
5358,1773641600.696038,1773642800.333645,1037,421,164.870266,10.271322,0.368093,True
5359,1773641600.696085,1773642755.740684,200,211,75.182108,1.908766,0.348921,True
5360,1773641600.696121,1773642732.727055,1352,70,28.968974,1.850978,0.393014,True
5361,1773641600.696167,1773642741.420103,380,66,46.231547,10.637021,0.547608,True
5362,1773641600.696203,1773642764.279639,1313,203,91.477502,12.085299,0.393031,True
5363,1773641600.696254,1773642843.019708,1069,623,248.484463,12.559458,0.379301,True
5364,1773641600.696290,1773642761.380410,1313,151,84.831885,6.640332,0.521277,True
5365,1773641600.696336,1773642741.832817,865,111,45.243345,1.796929,0.394967,True
5366,1773641600.696373,1773642744.347667,407,93,49.980975,6.247252,0.475367,True
5367,1773641600.696418,1773642732.348289,385,68,25.814831,1.039366,0.369783,True
5368,1773641600.696461,1773642792.352616,996,418,145.801852,1.028572,0.347178,True
5369,1773641600.696499,1773642794.818047,1089,417,150.710387,3.538432,0.353779,True
5370,1773641600.696544,1773642755.740837,206,211,72.449568,0.726760,0.341537,True
5371,1773641600.696577,1773642753.970618,1312,197,67.219941,1.161511,0.337033,True
5372,1773641600.696610,1773642737.895403,885,94,34.923356,1.164807,0.362995,True
5373,1773641600.696656,1773642748.402800,209,162,55.415936,1.014739,0.337896,True
5374,1773641600.696691,1773642802.008889,1120,391,162.395824,7.517403,0.397124,True
5375,1773641600.696736,1773642786.839857,1044,396,130.241352,0.794068,0.327715,True
5376,1773641600.696772,1773642752.997769,203,158,62.534582,2.418101,0.382908,True
5377,1773641600.696821,1773642740.444858,914,108,36.481607,0.484618,0.336420,True
5378,1773641600.696853,1773642751.260766,390,118,58.091120,6.726317,0.439015,True
5379,1773641600.696885,1773642749.548034,1520,119,54.519002,3.019845,0.436434,True
5380,1773641600.696927,1773642748.447759,395,92,52.256141,6.562133,0.502132,True
5381,1773641600.697000,1773642748.930852,394,86,53.179896,12.811888,0.474918,True
5382,1773641600.697051,1773642808.122216,1100,400,171.290797,7.866638,0.409584,True
5383,1773641600.697089,1773642757.557505,181,221,69.460552,0.256654,0.314563,True
5384,1773641600.697134,1773642756.724787,206,162,67.132241,7.467515,0.370588,True
5385,1773641600.697177,1773642750.701335,374,102,54.565223,11.983451,0.421602,True
5386,1773641600.697224,1773642759.472048,130,172,71.790301,1.731730,0.409699,True
5387,1773641600.697261,1773642778.009995,1314,231,108.616099,8.626928,0.434736,True
5388,1773641600.697305,1773642803.804492,1101,375,159.868340,10.172619,0.400256,True
5389,1773641600.697337,1773642796.383163,1106,413,145.004213,2.094969,0.346867,True
5390,1773641600.697384,1773642749.095490,375,94,50.280416,7.212848,0.463092,True
5391,1773641600.697427,1773642792.842727,1045,415,137.732682,1.268760,0.329623,True
5392,1773641600.697464,1773642797.377155,1045,394,146.256533,5.612603,0.357873,True
5393,1773641600.697509,1773642785.844358,1059,378,122.894058,0.540167,0.324546,True
5394,1773641600.697546,1773642796.466227,1107,398,143.951780,5.665802,0.348327,True
5395,1773641600.697591,1773642739.819219,401,83,29.853299,1.082957,0.350858,True
5396,1773641600.697634,1773642792.425473,1017,394,134.836333,1.745764,0.338653,True
5397,1773641600.697682,1773642753.311789,191,162,56.586225,1.734698,0.340693,True
5398,1773641600.697719,1773642743.952751,380,58,37.447428,9.924042,0.482866,True
5399,1773641600.697764,1773642797.669766,1018,396,144.609058,6.806366,0.348868,True
5400,1773641600.697806,1773642756.519745,871,134,62.079384,6.691261,0.416452,True
5401,1773641600.697845,1773642755.879421,414,85,60.256782,15.412432,0.533861,True
5402,1773641600.697879,1773642810.987705,999,414,169.457137,15.902472,0.371803,True
5403,1773641600.698038,1773642769.981960,27,186,87.213292,4.792763,0.445516,True
5404,1773641600.698076,1773642800.095308,1066,414,147.336085,8.975067,0.335015,True
5405,1773641600.698118,1773642769.545557,200,167,85.489595,7.242385,0.471369,True
5406,1773641600.698151,1773642761.325681,206,161,68.596491,5.144006,0.396578,True
5407,1773641600.698183,1773642799.190628,1082,419,143.516420,0.931676,0.341112,True
5408,1773641600.698231,1773642762.473457,181,162,69.973841,7.666391,0.387003,True
5409,1773641600.698264,1773642803.389586,1130,468,151.535050,0.562990,0.323281,True
5410,1773641600.698295,1773642742.608322,386,63,29.759174,3.439787,0.424506,True
5411,1773641600.698325,1773642764.218807,206,183,72.633221,3.215434,0.381416,True
5412,1773641600.698355,1773642798.205907,1099,393,140.155831,2.989728,0.349914,True
5413,1773641600.698393,1773642804.897665,1096,433,153.291538,7.150282,0.338290,True
5414,1773641600.698422,1773642776.216130,125,205,95.449565,5.551605,0.440676,True
5415,1773641600.698452,1773642769.191612,40,153,80.301780,13.121256,0.441977,True
5416,1773641600.698484,1773642803.982433,1046,442,149.800110,3.833959,0.330989,True
5417,1773641600.698514,1773642811.257452,1019,388,163.954592,8.275565,0.402271,True
5418,1773641600.698543,1773642802.569432,1044,414,146.390774,4.251595,0.344163,True
5419,1773641600.698571,1773642744.516562,399,90,30.263861,0.414375,0.335387,True
5420,1773641600.698601,1773642760.965784,209,167,61.833588,5.353623,0.340241,True
5421,1773641600.698630,1773642754.981219,390,125,49.419936,3.354733,0.371494,True
5422,1773641600.698659,1773642806.494544,1123,423,152.362770,3.528086,0.352689,True
5423,1773641600.698688,1773642746.805500,381,70,32.923563,1.211644,0.459593,True
5424,1773641600.698717,1773642794.597708,1010,383,128.465847,0.734077,0.334376,True
5425,1773641600.698746,1773642751.460387,388,54,42.002251,11.702411,0.571695,True
5426,1773641600.698775,1773642754.431262,397,107,47.214517,3.430547,0.413056,True
5427,1773641600.698807,1773642762.924088,1210,106,63.909877,13.927447,0.476023,True
5428,1773641600.698836,1773642815.036261,1018,411,167.950231,8.401467,0.389143,True
5429,1773641600.698866,1773642809.400480,1069,462,156.367354,0.811726,0.337431,True
5430,1773641600.698895,1773642813.348526,1030,429,163.993215,5.833122,0.369533,True
5431,1773641600.698925,1773642804.541402,1039,390,144.363913,5.627933,0.356648,True
5432,1773641600.698985,1773642760.744327,1351,137,56.641484,1.715124,0.403870,True
5433,1773641600.699033,1773642769.565772,218,167,74.264227,2.273185,0.433681,True
5434,1773641600.699064,1773642798.417883,1017,394,131.797055,4.830408,0.323070,True
5435,1773641600.699094,1773642758.943834,379,73,52.746522,6.892376,0.636863,True
5436,1773641600.699124,1773642797.067426,1022,310,128.827391,7.912160,0.391311,True
5437,1773641600.699154,1773642803.096430,1218,387,140.758410,3.688400,0.355104,True
5438,1773641600.699188,1773642830.978866,1100,534,196.481919,4.933163,0.359379,True
5439,1773641600.699217,1773642742.914607,317,18,19.554413,6.482881,0.768914,True
5440,1773641600.699246,1773642749.659687,379,89,32.356878,1.671605,0.348696,True
5441,1773641600.699279,1773642805.456168,1120,397,142.975123,5.737026,0.346561,True
5442,1773641600.699308,1773642757.954227,444,93,47.548245,5.440343,0.457695,True
5443,1773641600.699337,1773642753.738600,408,111,39.013053,0.920832,0.346293,True
5444,1773641600.699367,1773642801.201544,1109,415,133.830702,1.819731,0.318867,True
5445,1773641600.699404,1773642806.865486,1000,383,145.138891,10.066189,0.353593,True
5446,1773641600.699435,1773642819.149910,1053,411,169.563671,9.102251,0.391369,True
5447,1773641600.699465,1773642807.263802,1118,394,145.562094,1.361408,0.366923,True
5448,1773641600.699503,1773642773.140842,200,210,77.084198,1.826646,0.360084,True
5449,1773641600.699536,1773642806.995467,975,394,143.617209,4.078620,0.355060,True
5450,1773641600.699565,1773642755.191786,402,91,39.114898,4.510066,0.384498,True
5451,1773641600.699595,1773642814.642456,1088,434,157.931691,9.800267,0.342105,True
5452,1773641600.699625,1773642801.696211,1003,382,131.765335,3.891775,0.335626,True
5453,1773641600.699652,1773642816.831337,973,414,161.532104,6.184039,0.376145,True
5454,1773641600.699681,1773642753.867739,420,103,35.144364,0.308764,0.341525,True
5455,1773641600.699710,1773642781.563552,1319,251,90.490036,4.728596,0.343046,True
5456,1773641600.699740,1773642810.722490,1025,392,148.448446,5.751132,0.364955,True
5457,1773641600.699769,1773642774.381235,1315,153,75.745285,6.961611,0.452524,True
5458,1773641600.699798,1773642811.352486,1053,411,149.294998,4.796407,0.352436,True
5459,1773641600.699827,1773642750.637575,435,75,27.674121,2.181884,0.344490,True
5460,1773641600.699856,1773642751.819592,375,83,30.016734,2.171517,0.339576,True
5461,1773641600.699886,1773642774.386379,200,181,75.128725,2.160993,0.405376,True
5462,1773641600.699915,1773642765.643800,382,105,57.378263,4.092558,0.512363,True
5463,1773641600.699967,1773642818.751850,1009,395,163.572985,18.145433,0.369105,True
5464,1773641600.700005,1773642772.484970,1314,162,70.359476,6.770827,0.394961,True
5465,1773641600.700033,1773642770.948912,206,172,66.833322,3.458044,0.370616,True
5466,1773641600.700065,1773642809.282255,1227,397,142.751092,5.475739,0.346655,True
5467,1773641600.700095,1773642822.319252,1219,417,168.407237,8.900369,0.383430,True
5468,1773641600.700125,1773642767.129611,375,63,57.983636,16.973045,0.661461,True
5469,1773641600.700158,1773642759.127124,377,90,41.561567,5.649675,0.403504,True
5470,1773641600.700187,1773642812.138735,1163,407,147.417670,4.031565,0.353168,True
5471,1773641600.700216,1773642815.571857,1326,409,153.848107,5.088748,0.364606,True
5472,1773641600.700246,1773642808.046572,1261,373,137.885950,6.111856,0.354231,True
5473,1773641600.700275,1773642748.679683,374,60,18.858015,0.449038,0.312017,True
5474,1773641600.700304,1773642761.777326,394,51,44.447254,8.656193,0.715821,True
5475,1773641600.700333,1773642742.492499,91,16,5.729116,0.235277,0.366256,True
5476,1773641600.700365,1773642783.092104,200,217,86.571425,5.090215,0.377228,True
5477,1773641600.700394,1773642813.691309,1217,395,147.728698,6.035183,0.359628,True
5478,1773641600.700423,1773642780.122691,165,217,79.928252,3.837503,0.352272,True
5479,1773641600.700452,1773642828.039317,1066,421,175.181113,17.718957,0.374910,True
5480,1773641600.700480,1773642780.084966,52,188,79.209777,0.162693,0.422712,True
5481,1773641600.700511,1773642774.314397,206,165,67.375147,4.588958,0.382843,True
5482,1773641600.700540,1773642813.549362,996,403,145.741965,6.132586,0.347287,True
5483,1773641600.700569,1773642808.187458,1087,383,134.954498,5.268199,0.339493,True
5484,1773641600.700600,1773642773.228266,203,152,64.811709,7.246001,0.381230,True
5485,1773641600.700628,1773642769.407453,407,137,57.148503,5.029164,0.383230,True
5486,1773641600.700656,1773642816.389907,1089,396,151.091986,5.751525,0.367951,True
5487,1773641600.700685,1773642828.902299,1237,435,175.704726,8.630867,0.384963,True
5488,1773641600.700715,1773642816.276435,1234,376,150.140927,9.932420,0.373889,True
5489,1773641600.700743,1773642779.175749,161,204,75.832686,4.217854,0.352782,True
5490,1773641600.700776,1773642816.468881,1101,390,150.085583,2.304080,0.379901,True
5491,1773641600.700805,1773642814.425068,1089,396,145.497883,7.650731,0.348980,True
5492,1773641600.700834,1773642814.701247,1024,373,145.840558,7.883154,0.370853,True
5493,1773641600.700873,1773642809.281979,978,372,134.877386,6.225792,0.346770,True
5494,1773641600.700903,1773642809.006960,1160,400,133.015147,0.534218,0.332032,True
5495,1773641600.700973,1773642818.360238,1002,411,151.508461,7.840087,0.350411,True
5496,1773641600.701027,1773642748.428100,91,24,11.622347,1.219094,0.452315,True
5497,1773641600.701057,1773642789.245058,1312,213,93.234419,2.753586,0.426796,True
5498,1773641600.701088,1773642763.856892,382,80,41.878462,6.746783,0.444705,True
5499,1773641600.701119,1773642812.036844,1045,378,138.217744,5.348347,0.352439,True
5500,1773641600.701154,1773642779.173714,10,179,72.283244,5.244469,0.376622,True
5501,1773641600.701183,1773642813.348690,1292,379,140.194515,6.074687,0.354814,True
5502,1773641600.701213,1773642816.088957,1087,393,144.949516,6.831901,0.352341,True
5503,1773641600.701246,1773642805.808248,1165,373,123.704628,1.238079,0.329211,True
5504,1773641600.701278,1773642765.837220,391,106,43.719889,1.499647,0.402098,True
5505,1773641600.701308,1773642818.766132,1052,390,149.347652,2.368368,0.377839,True
5506,1773641600.701336,1773642820.544309,1180,406,152.488135,6.452643,0.360581,True
5507,1773641600.701378,1773642883.643084,1340,714,278.581306,10.198525,0.376413,True
5508,1773641600.701408,1773642759.417017,384,82,30.003118,0.778386,0.360799,True
5509,1773641600.701441,1773642821.915496,1118,394,154.876081,12.451800,0.362403,True
5510,1773641600.701470,1773642777.128768,41,169,65.218624,5.144723,0.357583,True
5511,1773641600.701501,1773642775.755065,197,163,61.805891,4.811974,0.351814,True
5512,1773641600.701536,1773642779.672768,1315,147,69.556296,9.148383,0.413753,True
5513,1773641600.701565,1773642767.596488,377,89,44.763114,5.231690,0.449221,True
5514,1773641600.701594,1773642828.902286,1103,405,166.170459,11.092754,0.383856,True
5515,1773641600.701626,1773642786.823801,163,217,81.889446,4.873952,0.356553,True
5516,1773641600.701654,1773642828.526905,999,414,164.151369,14.648194,0.361993,True
5517,1773641600.701697,1773642823.085407,1062,397,153.246712,12.223372,0.356120,True
5518,1773641600.701726,1773642785.766323,203,187,77.906673,0.324970,0.417106,True
5519,1773641600.701756,1773642820.945174,1019,388,148.158643,4.235883,0.371893,True
5520,1773641600.701785,1773642840.020242,1066,459,185.644093,7.444474,0.389082,True
5521,1773641600.701817,1773642812.886309,1055,397,131.208906,0.468345,0.330153,True
5522,1773641600.701846,1773642820.526506,1101,379,146.424933,8.984234,0.363600,True
5523,1773641600.701875,1773642751.983406,120,12,8.776063,3.157571,0.510772,True
5524,1773641600.701906,1773642826.740841,1021,396,157.851244,9.094209,0.376600,True
5525,1773641600.701952,1773642819.363292,1286,373,142.170990,10.697832,0.353422,True
5526,1773641600.701983,1773642828.686565,1025,415,160.669544,2.042962,0.383156,True
5527,1773641600.702013,1773642828.560055,1224,400,160.310910,8.101534,0.381477,True
5528,1773641600.702042,1773642780.000484,423,127,63.127236,2.741572,0.479251,True
5529,1773641600.702072,1773642773.855592,405,95,50.793989,10.085233,0.433072,True
5530,1773641600.702106,1773642766.839267,412,106,36.675740,2.251804,0.327847,True
5531,1773641600.702135,1773642828.414863,1174,429,159.802382,4.458155,0.362954,True
5532,1773641600.702168,1773642832.780628,1199,413,168.304960,9.449440,0.385572,True
5533,1773641600.702200,1773642830.705014,1225,415,164.029077,5.259525,0.383501,True
5534,1773641600.702232,1773642781.749960,127,159,65.806658,7.451571,0.369336,True
5535,1773641600.702261,1773642825.015128,1249,398,152.315088,8.429582,0.362432,True
5536,1773641600.702291,1773642820.348744,1025,421,142.939828,1.201398,0.337472,True
5537,1773641600.702320,1773642834.308269,1096,433,170.732234,14.392870,0.361897,True
5538,1773641600.702348,1773642773.245522,406,98,48.277560,4.843502,0.447774,True
5539,1773641600.702378,1773642774.470984,406,100,50.252903,4.605274,0.461087,True
5540,1773641600.702407,1773642840.258293,1121,447,181.410270,9.146688,0.386241,True
5541,1773641600.702442,1773642818.174960,1046,398,137.016868,3.804927,0.335546,True
5542,1773641600.702570,1773642832.853422,1066,417,165.858532,8.619581,0.377978,True
5543,1773641600.702602,1773642787.113599,206,179,73.343325,7.635778,0.369144,True
5544,1773641600.702632,1773642791.380396,200,183,81.478202,3.309488,0.429498,True
5545,1773641600.702662,1773642825.970207,1003,394,150.534453,11.107195,0.354777,True
5546,1773641600.702690,1773642839.442180,1223,438,176.345849,5.923338,0.389983,True
5547,1773641600.702718,1773642837.643777,978,421,172.601428,7.602436,0.392855,True
5548,1773641600.702747,1773642838.815619,1026,509,174.819227,2.833548,0.338554,True
5549,1773641600.702775,1773642835.534834,1000,416,168.216300,9.772320,0.381793,True
5550,1773641600.702804,1773642824.143100,1233,373,145.369540,9.839509,0.364328,True
5551,1773641600.702833,1773642827.060753,1149,390,151.182295,12.664304,0.356087,True
5552,1773641600.702878,1773642838.791519,1190,466,174.431825,11.225395,0.350982,True
5553,1773641600.702907,1773642805.114710,1314,251,106.576896,8.755100,0.391287,True
5554,1773641600.702957,1773642833.119569,459,387,162.564357,10.392707,0.394227,True
5555,1773641600.702989,1773642826.661127,1136,396,149.626258,9.962430,0.353579,True
5556,1773641600.703017,1773642770.403131,372,63,36.817670,9.204533,0.445373,True
5557,1773641600.703046,1773642767.822384,374,47,31.219960,9.499137,0.472192,True
5558,1773641600.703074,1773642783.725404,212,138,62.420672,8.783067,0.391515,True
5559,1773641600.703104,1773642862.966030,604,649,220.521589,5.408468,0.331965,True
5560,1773641600.703133,1773642777.179875,403,102,48.454274,8.345174,0.397120,True
5561,1773641600.703165,1773642774.323680,407,104,42.634470,5.236790,0.363084,True
5562,1773641600.703192,1773642785.161902,203,167,63.692484,4.761772,0.355004,True
5563,1773641600.703222,1773642785.290479,181,141,63.447518,8.603408,0.391744,True
5564,1773641600.703251,1773642769.386149,863,71,31.283070,4.367952,0.384502,True
5565,1773641600.703279,1773642870.269256,1101,638,232.798649,13.720776,0.343921,True
5566,1773641600.703312,1773642772.484617,383,82,37.019892,5.628862,0.387544,True
5567,1773641600.703343,1773642822.987446,1237,373,137.089101,5.450938,0.353866,True
5568,1773641600.703375,1773642846.718258,1169,511,184.215602,9.212188,0.343144,True
5569,1773641600.703403,1773642784.467412,404,148,59.232585,6.446701,0.359088,True
5570,1773641600.703431,1773642838.602453,1223,434,167.232651,7.918689,0.367931,True
5571,1773641600.703460,1773642795.622016,209,217,80.838512,4.399657,0.353884,True
5572,1773641600.703491,1773642784.572704,194,138,58.113096,7.388660,0.370251,True
5573,1773641600.703520,1773642790.162911,1313,177,68.831096,5.990859,0.357047,True
5574,1773641600.703549,1773642785.052308,398,140,58.588466,7.545037,0.367219,True
5575,1773641600.703583,1773642789.927782,408,157,68.090967,8.251440,0.383587,True
5576,1773641600.703611,1773642843.002714,1022,443,174.073890,6.264629,0.379659,True
5577,1773641600.703640,1773642832.560412,1128,375,152.075287,12.465172,0.373289,True
5578,1773641600.703668,1773642774.336835,370,52,35.606667,8.525630,0.531001,True
5579,1773641600.703697,1773642778.528278,417,92,43.601234,5.442228,0.419330,True
5580,1773641600.703725,1773642781.230606,401,106,48.756784,6.265541,0.404679,True
5581,1773641600.703754,1773642796.383328,1315,205,78.643034,6.241597,0.354909,True
5582,1773641600.703782,1773642771.110096,1995,50,28.076112,6.655094,0.437164,True
5583,1773641600.703810,1773642837.667544,1025,415,160.794567,12.487263,0.358230,True
5584,1773641600.703842,1773642824.683477,1152,383,134.247697,6.262937,0.335039,True
5585,1773641600.703874,1773642794.672001,163,202,73.974133,6.137573,0.337495,True
5586,1773641600.703903,1773642779.667670,389,76,43.492942,5.885301,0.501435,True
5587,1773641600.703946,1773642835.974795,1031,397,156.044576,11.035618,0.366184,True
5588,1773641600.703977,1773642838.962769,1120,391,162.000777,7.000110,0.397438,True
5589,1773641600.704009,1773642864.862550,1335,570,213.119595,13.416748,0.350972,True
5590,1773641600.704046,1773642824.621466,996,378,132.512626,6.559326,0.334094,True
5591,1773641600.704076,1773642782.623914,376,75,47.348518,10.353645,0.499931,True
5592,1773641600.704105,1773642841.923098,1066,403,165.780029,13.882433,0.377855,True
5593,1773641600.704138,1773642840.462978,1103,402,162.649555,11.681889,0.376478,True
5594,1773641600.704166,1773642866.933892,1037,560,215.502955,6.242678,0.374348,True
5595,1773641600.704195,1773642835.467302,1044,396,152.548711,4.613431,0.374520,True
5596,1773641600.704224,1773642783.805129,428,66,49.098652,13.659672,0.545215,True
5597,1773641600.704254,1773642779.799661,1363,60,40.759767,11.171280,0.501500,True
5598,1773641600.704283,1773642781.008517,385,66,43.051805,9.608368,0.514514,True
5599,1773641600.704312,1773642800.369791,1312,165,80.507056,15.563934,0.395995,True
5600,1773641600.704340,1773642845.408142,1227,401,170.106239,10.813900,0.398231,True
5601,1773641600.704370,1773642777.458691,371,76,34.165319,4.683051,0.393097,True
5602,1773641600.704404,1773642792.188138,399,130,62.877551,5.939417,0.441381,True
5603,1773641600.704431,1773642775.103558,370,73,28.335594,4.489909,0.331190,True
5604,1773641600.704460,1773642773.986161,371,57,26.019133,3.947819,0.394131,True
5605,1773641600.704489,1773642780.508920,443,95,38.837908,3.834514,0.372377,True
5606,1773641600.704518,1773642846.355340,1069,400,170.051445,16.886108,0.383873,True
5607,1773641600.704546,1773642789.421115,407,106,56.077866,11.533126,0.424236,True
5608,1773641600.704578,1773642789.000775,429,97,55.154637,12.340272,0.445983,True
5609,1773641600.704606,1773642801.402489,1296,169,79.244324,14.118428,0.387654,True
5610,1773641600.704634,1773642837.103456,1223,438,150.312402,4.982476,0.332563,True
5611,1773641600.704669,1773642793.881675,181,112,63.781409,16.224609,0.428440,True
5612,1773641600.704698,1773642801.447048,209,217,78.518258,3.236934,0.348525,True
5613,1773641600.704727,1773642842.175559,1037,418,159.705559,5.832456,0.369000,True
5614,1773641600.704756,1773642841.553116,1135,416,158.376750,12.165885,0.352315,True
5615,1773641600.704785,1773642781.228167,181,66,37.501601,8.113775,0.452120,True
5616,1773641600.704814,1773642789.110310,402,98,52.569185,10.938222,0.429185,True
5617,1773641600.704850,1773642778.109594,405,81,30.352319,2.126919,0.352817,True
5618,1773641600.704878,1773642792.125644,878,115,58.365067,12.691348,0.400647,True
5619,1773641600.704907,1773642780.149175,863,71,33.087518,4.532660,0.407927,True
5620,1773641600.704953,1773642795.459781,209,144,63.295820,12.087047,0.358103,True
5621,1773641600.704985,1773642860.753015,1340,519,193.778835,4.767969,0.364886,True
5622,1773641600.705014,1773642823.473661,1320,264,118.506064,12.139466,0.404436,True
5623,1773641600.705042,1773642777.654224,380,68,26.739283,2.645074,0.359615,True
5624,1773641600.705071,1773642852.019536,1106,414,175.217076,9.927459,0.400217,True
5625,1773641600.705100,1773642795.966671,127,169,62.594173,3.468493,0.351939,True
5626,1773641600.705129,1773642778.962653,376,54,27.309973,2.847445,0.461557,True
5627,1773641600.705157,1773642789.205996,372,81,47.112366,9.984853,0.464094,True
5628,1773641600.705186,1773642827.543354,1073,375,123.391760,1.742059,0.325267,True
5629,1773641600.705218,1773642897.132085,1121,643,261.835837,10.262835,0.391858,True
5630,1773641600.705247,1773642847.905585,1089,396,163.192763,13.484232,0.379009,True
5631,1773641600.705276,1773642805.792675,1317,210,78.864181,6.865471,0.344491,True
5632,1773641600.705305,1773642804.675601,209,223,75.796471,1.609016,0.334178,True
5633,1773641600.705333,1773642848.897586,1219,375,164.095346,12.101608,0.406400,True
5634,1773641600.705372,1773642777.494336,91,16,20.891377,9.266840,0.774969,True
5635,1773641600.705402,1773642848.387957,1152,376,162.512804,19.380075,0.381687,True
5636,1773641600.705441,1773642808.416429,191,223,82.426008,6.022749,0.344159,True
5637,1773641600.705470,1773642834.245301,1087,396,134.039570,4.582685,0.327739,True
5638,1773641600.705507,1773642860.583980,1130,396,185.971308,19.989004,0.420208,True
5639,1773641600.705537,1773642914.319792,951,675,293.420727,24.363992,0.399194,True
5640,1773641600.705566,1773642824.516598,206,217,113.731898,13.721503,0.463011,True
5641,1773641600.705596,1773642799.625484,203,194,63.659228,0.476705,0.327371,True
5642,1773641600.705625,1773642781.669083,91,16,27.682232,11.123660,1.103905,True
5643,1773641600.705654,1773642856.001830,1046,442,175.051641,4.090045,0.387668,True
5644,1773641600.705683,1773642808.766630,1313,183,79.928962,11.436633,0.376331,True
5645,1773641600.705715,1773642780.149089,378,60,21.906161,0.940932,0.355343,True
5646,1773641600.705745,1773642786.043130,371,59,33.291487,3.958035,0.505749,True
5647,1773641600.705774,1773642794.194348,386,73,49.551953,11.953636,0.522199,True
5648,1773641600.705803,1773642793.864738,377,95,48.619972,9.213540,0.419217,True
5649,1773641600.705832,1773642787.174579,375,70,35.196111,2.989413,0.466764,True
5650,1773641600.705860,1773642812.260019,194,217,84.571781,3.381237,0.375882,True
5651,1773641600.705893,1773642776.751370,309,18,13.533337,2.581223,0.644242,True
5652,1773641600.705921,1773642833.539621,1174,394,127.007252,0.771028,0.321212,True
5653,1773641600.705969,1773642820.200501,197,144,100.224526,21.885472,0.547826,True
5654,1773641600.705998,1773642794.385614,395,105,47.953326,9.829848,0.366572,True
5655,1773641600.706027,1773642812.918043,206,217,84.059916,2.588876,0.377181,True
5656,1773641600.706058,1773642785.577113,323,18,29.234821,10.806656,1.084010,True
5657,1773641600.706087,1773642834.308259,983,394,126.447480,0.490628,0.320501,True
5658,1773641600.706116,1773642792.115156,404,92,41.998854,7.652166,0.377436,True
5659,1773641600.706145,1773642800.551627,406,99,58.786926,15.353428,0.443199,True
5660,1773641600.706174,1773642805.109763,181,167,67.656391,8.795639,0.354583,True
5661,1773641600.706204,1773642787.799408,389,100,31.036756,0.271382,0.310761,True
5662,1773641600.706233,1773642856.306978,996,384,167.634661,11.676368,0.407202,True
5663,1773641600.706263,1773642823.332889,1312,212,101.665305,11.122187,0.429114,True
5664,1773641600.706292,1773642788.643509,435,89,31.911341,1.512405,0.345442,True
5665,1773641600.706321,1773642844.723140,1000,383,143.143103,9.738476,0.349227,True
5666,1773641600.706350,1773642866.447682,1084,415,186.429173,20.321482,0.401226,True
5667,1773641600.706379,1773642791.627889,408,89,36.745536,1.043004,0.405711,True
5668,1773641600.706412,1773642792.719481,402,92,38.907657,1.032490,0.416211,True
5669,1773641600.706441,1773642817.241749,206,183,87.328828,10.045020,0.424636,True
5670,1773641600.706473,1773642856.784097,1088,448,165.848760,6.378202,0.356757,True
5671,1773641600.706502,1773642799.797836,382,93,51.609332,12.518276,0.424903,True
5672,1773641600.706531,1773642842.985037,1278,385,137.880218,6.207997,0.342896,True
5673,1773641600.706561,1773642863.261918,1112,418,177.874715,9.842282,0.402955,True
5674,1773641600.706590,1773642900.219549,1136,559,251.769739,21.159662,0.413280,True
5675,1773641600.706620,1773642790.475501,1871,75,32.259532,4.471869,0.375509,True
5676,1773641600.706649,1773642791.482756,373,82,34.192363,5.851462,0.349888,True
5677,1773641600.706678,1773642845.637628,1223,395,142.480786,1.288216,0.358357,True
5678,1773641600.706707,1773642794.453473,410,107,39.943396,1.650875,0.361250,True
5679,1773641600.706736,1773642812.539312,1035,68,75.330251,22.360537,0.790593,True
5680,1773641600.706765,1773642819.368274,159,192,88.507474,8.508005,0.418845,True
5681,1773641600.706878,1773642857.559740,1019,396,164.786518,16.704529,0.374891,True
5682,1773641600.706914,1773642859.264208,1031,397,167.471927,9.538906,0.398821,True
5683,1773641600.706963,1773642857.919190,1010,406,164.312547,7.859453,0.386304,True
5684,1773641600.706994,1773642844.378690,1252,375,136.317194,6.161103,0.348011,True
5685,1773641600.707022,1773642810.964823,1316,198,68.404704,2.028734,0.336934,True
5686,1773641600.707056,1773642795.257435,450,108,36.325464,2.317642,0.317830,True
5687,1773641600.707087,1773642801.557544,378,88,48.843682,8.330736,0.465666,True
5688,1773641600.707119,1773642786.326108,395,36,18.276652,5.193673,0.373799,True
5689,1773641600.707148,1773642829.783082,212,162,104.712950,19.808310,0.527358,True
5690,1773641600.707177,1773642847.435493,1002,417,139.931830,3.167893,0.328759,True
5691,1773641600.707207,1773642854.239230,1110,390,153.475994,8.237230,0.373364,True
5692,1773641600.707239,1773642796.619676,409,120,37.908775,2.587749,0.296815,True
5693,1773641600.707268,1773642859.659743,1039,396,163.285477,12.465443,0.381823,True
5694,1773641600.707300,1773642793.105329,385,61,29.990066,2.527220,0.457714,True
5695,1773641600.707328,1773642800.701769,1122,43,45.161678,15.064338,0.716603,True
5696,1773641600.707357,1773642861.677530,1044,397,166.286717,16.953685,0.377104,True
5697,1773641600.707386,1773642811.185583,394,101,64.666235,13.722125,0.509441,True
5698,1773641600.707414,1773642804.229782,40,161,50.524316,0.777406,0.310918,True
5699,1773641600.707443,1773642872.341527,1101,418,186.474502,19.530217,0.400346,True
5700,1773641600.707474,1773642837.049191,197,217,115.746438,14.009401,0.471005,True
5701,1773641600.707505,1773642872.118848,1058,419,185.863893,21.300013,0.393693,True
5702,1773641600.707534,1773642876.730870,1084,411,195.067219,16.764283,0.434885,True
5703,1773641600.707565,1773642852.416717,1116,396,145.490396,3.280855,0.360024,True
5704,1773641600.707595,1773642871.307163,1037,414,183.251067,22.269991,0.389785,True
5705,1773641600.707624,1773642794.210866,394,74,28.805445,3.082483,0.352369,True
5706,1773641600.707652,1773642863.087668,1038,437,166.164532,2.946510,0.374353,True
5707,1773641600.707681,1773642878.940579,1003,520,197.705205,4.925020,0.371445,True
5708,1773641600.707710,1773642816.725364,408,89,73.191083,18.504662,0.621437,True
5709,1773641600.707739,1773642807.173130,397,109,54.044380,10.058837,0.407274,True
5710,1773641600.707771,1773642855.446877,1041,405,150.568392,10.798640,0.345965,True
5711,1773641600.707798,1773642802.324764,427,94,44.098299,5.631753,0.413619,True
5712,1773641600.707827,1773642821.804235,721,120,82.581166,21.437871,0.513809,True
5713,1773641600.707856,1773642865.793804,1065,406,169.998669,12.996917,0.387659,True
5714,1773641600.707886,1773642803.518829,398,113,45.363894,5.999892,0.351464,True
5715,1773641600.707915,1773642829.443789,197,162,96.860513,14.948134,0.508773,True
5716,1773641600.707959,1773642853.533689,1024,437,144.598704,3.493684,0.323635,True
5717,1773641600.707988,1773642818.233372,461,103,73.977175,14.716498,0.580987,True
5718,1773641600.708017,1773642818.934957,203,162,74.898418,5.812402,0.429106,True
5719,1773641600.708051,1773642803.982266,378,77,44.827224,10.302762,0.454269,True
5720,1773641600.708079,1773642831.367133,203,158,99.387969,16.205949,0.529822,True
5721,1773641600.708111,1773642871.728032,1014,401,179.944894,19.289488,0.401639,True
5722,1773641600.708139,1773642790.163210,335,18,16.331061,6.290416,0.590626,True
5723,1773641600.708168,1773642796.161378,379,79,27.499670,2.316856,0.322857,True
5724,1773641600.708200,1773642835.317612,1314,198,105.375727,14.094177,0.463358,True
5725,1773641600.708230,1773642878.281131,983,401,190.824873,16.626231,0.435497,True
5726,1773641600.708260,1773642812.820845,181,144,59.443971,7.861943,0.360713,True
5727,1773641600.708289,1773642869.568367,1015,406,171.678297,15.084136,0.386652,True
5728,1773641600.708318,1773642810.894740,381,66,54.163870,15.000862,0.602508,True
5729,1773641600.708347,1773642810.964789,181,154,53.992088,2.868044,0.334144,True
5730,1773641600.708376,1773642948.978041,1026,935,329.457216,7.277840,0.344946,True
5731,1773641600.708406,1773642883.137302,1057,440,197.481398,15.098133,0.415452,True
5732,1773641600.708436,1773642818.538412,418,107,68.138812,14.344437,0.507494,True
5733,1773641600.708464,1773642869.663981,1165,387,170.160490,17.875443,0.394521,True
5734,1773641600.708498,1773642804.376383,383,84,38.625293,3.223372,0.426529,True
5735,1773641600.708528,1773642825.276365,161,192,80.218020,3.119837,0.403655,True
5736,1773641600.708564,1773642818.193157,412,104,65.803661,16.660235,0.477121,True
5737,1773641600.708592,1773642817.460143,1314,139,63.753779,5.409438,0.422785,True
5738,1773641600.708624,1773642822.069026,12,204,72.596800,1.066337,0.352367,True
5739,1773641600.708653,1773642808.737525,420,98,45.766944,6.449929,0.405330,True
5740,1773641600.708683,1773642864.384521,1112,392,156.661157,14.769321,0.362895,True
5741,1773641600.708712,1773642858.949337,1038,397,145.535893,2.052399,0.362332,True
5742,1773641600.708742,1773642877.835251,994,429,183.014317,14.228309,0.394360,True
5743,1773641600.708771,1773642821.356510,1014,84,69.056825,14.543173,0.656791,True
5744,1773641600.708801,1773642873.593203,1007,397,173.489627,17.080025,0.394974,True
5745,1773641600.708833,1773642866.933698,1027,385,159.627853,5.974052,0.400140,True
5746,1773641600.708862,1773642864.880477,1118,399,155.396059,3.186309,0.382437,True
5747,1773641600.708891,1773642830.196092,209,183,85.131760,6.746822,0.430686,True
5748,1773641600.708920,1773642854.517632,1116,396,133.423828,4.509845,0.326365,True
5749,1773641600.708965,1773642813.896684,405,65,51.661520,13.800994,0.591571,True
5750,1773641600.708994,1773642870.405800,1062,394,163.516739,16.750765,0.373450,True
5751,1773641600.709024,1773642829.444090,400,106,80.875707,16.610322,0.612051,True
5752,1773641600.709054,1773642827.746602,393,99,77.250071,16.494860,0.619951,True
5753,1773641600.709082,1773642866.314586,999,396,154.198939,9.583674,0.366115,True
5754,1773641600.709112,1773642797.799189,384,67,17.106599,2.775306,0.217141,True
5755,1773641600.709160,1773642879.027049,1030,417,179.206231,14.092053,0.396909,True
5756,1773641600.709194,1773642819.399651,200,179,58.936046,2.383681,0.317710,True
5757,1773641600.709223,1773642864.874078,1090,363,149.403746,5.119134,0.398576,True
5758,1773641600.709252,1773642811.593291,373,89,42.822188,5.760273,0.421158,True
5759,1773641600.709281,1773642868.094866,1012,375,155.217704,13.442665,0.379078,True
5760,1773641600.709310,1773642859.443860,1110,379,137.894536,8.084002,0.343414,True
5761,1773641600.709339,1773642807.742722,395,43,33.147727,9.654498,0.559363,True
5762,1773641600.709379,1773642864.226494,1298,376,145.696605,9.637807,0.362823,True
5763,1773641600.709409,1773642813.360548,407,132,43.944939,1.246008,0.325946,True
5764,1773641600.709449,1773642808.969069,314,18,34.950942,12.022673,1.348722,True
5765,1773641600.709479,1773642875.839406,1032,397,168.400688,7.895797,0.405315,True
5766,1773641600.709509,1773642825.258543,1695,91,66.778825,19.690269,0.523206,True
5767,1773641600.709545,1773642872.958339,1066,399,161.676137,12.951443,0.373680,True
5768,1773641600.709574,1773642894.505906,1298,523,204.749461,11.720257,0.369788,True
5769,1773641600.709603,1773642882.300406,1003,417,180.213727,8.615944,0.412495,True
5770,1773641600.709632,1773642887.110668,1203,415,189.504579,14.918669,0.421705,True
5771,1773641600.709662,1773642872.049278,1036,389,159.234335,5.332158,0.396655,True
5772,1773641600.709695,1773642821.324898,181,95,57.203189,12.348397,0.477179,True
5773,1773641600.709727,1773642884.784284,1030,429,184.100960,10.624542,0.405319,True
5774,1773641600.709755,1773642886.908444,1136,432,188.117546,16.321198,0.398599,True
5775,1773641600.709785,1773642831.761002,1954,106,77.301362,22.231966,0.524470,True
5776,1773641600.709814,1773642881.416749,1027,421,175.090042,13.508856,0.384717,True
5777,1773641600.709842,1773642827.831881,426,91,67.877787,15.277820,0.584444,True
5778,1773641600.709874,1773642810.470407,1136,82,32.548168,3.568196,0.357777,True
5779,1773641600.709902,1773642867.030568,1007,373,145.626657,12.623888,0.357534,True
5780,1773641600.709931,1773642833.228816,404,108,77.670583,14.043821,0.594643,True
5781,1773641600.709976,1773642886.105193,1018,430,183.297474,8.902145,0.406516,True
5782,1773641600.710016,1773642877.463669,1076,395,165.721940,5.851816,0.405762,True
5783,1773641600.710045,1773642820.841024,430,104,52.330537,10.020878,0.410773,True
5784,1773641600.710075,1773642879.464760,1252,390,169.429866,16.163846,0.394000,True
5785,1773641600.710104,1773642889.508877,1055,413,189.369145,15.346400,0.422385,True
5786,1773641600.710134,1773642812.771042,377,48,35.314426,10.284611,0.532549,True
5787,1773641600.710166,1773642819.897157,1160,62,49.261636,10.975677,0.627639,True
5788,1773641600.710197,1773642872.958501,1028,397,154.984931,11.915064,0.361288,True
5789,1773641600.710229,1773642821.397362,385,84,51.841795,13.411174,0.463020,True
5790,1773641600.710257,1773642874.108627,977,393,156.949809,4.821653,0.388082,True
5791,1773641600.710290,1773642828.527118,406,86,65.103244,19.367342,0.538069,True
5792,1773641600.710319,1773642874.102020,1078,417,155.856136,10.666899,0.349013,True
5793,1773641600.710348,1773642884.963855,1002,429,177.157366,6.599868,0.398499,True
5794,1773641600.710377,1773642819.259766,400,82,45.728183,7.649771,0.470104,True
5795,1773641600.710405,1773642822.987608,377,68,53.036259,14.444736,0.575993,True
5796,1773641600.710434,1773642875.015298,1065,413,156.781110,9.709881,0.356969,True
5797,1773641600.710464,1773642826.242177,392,106,58.344242,11.817663,0.443110,True
5798,1773641600.710492,1773642888.467584,1071,411,182.174886,12.790080,0.413134,True
5799,1773641600.710521,1773642881.205895,1007,397,167.062756,13.239367,0.388443,True
5800,1773641600.710554,1773642890.024231,1278,405,184.428339,11.658962,0.427647,True
5801,1773641600.710582,1773642887.476790,1050,396,178.589507,24.301263,0.390603,True
5802,1773641600.710611,1773642847.255728,1311,164,98.085770,14.803953,0.510931,True
5803,1773641600.710640,1773642831.661488,25,165,66.481241,6.275794,0.367106,True
5804,1773641600.710668,1773642901.248483,1062,470,205.467628,10.954305,0.414741,True
5805,1773641600.710696,1773642874.108619,1019,375,149.811985,4.843981,0.387615,True
5806,1773641600.710728,1773642849.093674,1315,204,99.432711,13.504859,0.423290,True
5807,1773641600.710756,1773642858.062981,203,217,116.868714,22.854804,0.435250,True
5808,1773641600.710785,1773642893.776621,992,416,188.004095,10.814926,0.426962,True
5809,1773641600.710819,1773642819.426655,400,96,39.241662,4.890981,0.361586,True
5810,1773641600.710847,1773642818.074498,429,84,35.954462,6.237284,0.358038,True
5811,1773641600.710876,1773642825.854686,721,120,51.019875,6.496178,0.374149,True
5812,1773641600.710904,1773642826.914787,1495,85,53.078062,11.942929,0.489704,True
5813,1773641600.710946,1773642886.405777,1065,433,171.687276,4.135096,0.387852,True
5814,1773641600.710978,1773642904.900669,1079,462,208.385957,15.020231,0.419448,True
5815,1773641600.711010,1773642878.172097,1041,429,153.930226,6.036900,0.345545,True
5816,1773641600.711039,1773642824.248667,1216,81,45.754570,11.096530,0.433226,True
5817,1773641600.711068,1773642822.247694,375,58,41.667039,11.467770,0.529812,True
5818,1773641600.711100,1773642895.672733,1004,477,188.435431,6.197713,0.382852,True
5819,1773641600.711128,1773642835.571460,410,115,68.026390,8.147920,0.525250,True
5820,1773641600.711240,1773642876.824410,1363,375,150.243570,11.971874,0.369710,True
5821,1773641600.711276,1773642890.994208,1016,399,177.959545,14.046927,0.411841,True
5822,1773641600.711305,1773642845.730127,1351,165,86.788861,8.928405,0.474759,True
5823,1773641600.711335,1773642828.158536,395,76,51.174608,11.103056,0.534287,True
5824,1773641600.711366,1773642836.298503,1712,104,66.394503,10.368803,0.543939,True
5825,1773641600.711414,1773642854.353704,209,223,101.922498,5.817497,0.432905,True
5826,1773641600.711448,1773642842.928319,191,174,78.796507,8.938306,0.403805,True
5827,1773641600.711503,1773642895.545423,1090,411,183.472215,14.510545,0.412102,True
5828,1773641600.711553,1773642851.851192,161,192,95.729632,15.312043,0.421034,True
5829,1773641600.711599,1773642832.442231,1035,68,56.889925,17.222381,0.592053,True
5830,1773641600.711634,1773642847.511719,1313,167,86.548385,10.394268,0.458760,True
5831,1773641600.711669,1773642829.334333,375,77,49.900515,9.086335,0.537029,True
5832,1773641600.711700,1773642895.055977,1116,421,181.007136,11.175611,0.404361,True
5833,1773641600.711730,1773642833.340640,787,85,57.326503,13.865557,0.517392,True
5834,1773641600.711760,1773642885.781634,1108,414,161.750116,10.172715,0.367015,True
5835,1773641600.711790,1773642809.670367,327,18,9.115535,1.728076,0.434556,True
5836,1773641600.711827,1773642907.662219,1055,448,205.078078,14.698026,0.425906,True
5837,1773641600.711857,1773642890.994216,984,396,171.531904,13.092151,0.401113,True
5838,1773641600.711887,1773642835.974988,1465,99,61.014519,13.856638,0.481203,True
5839,1773641600.711916,1773642882.891270,976,375,154.189536,12.769425,0.378129,True
5840,1773641600.711963,1773642827.837559,181,123,44.036447,2.053793,0.344120,True
5841,1773641600.711993,1773642875.577632,1116,406,139.496005,3.709048,0.335276,True
5842,1773641600.712040,1773642831.917269,1437,82,50.827652,9.224437,0.513620,True
5843,1773641600.712089,1773642835.019129,407,90,56.301354,13.000579,0.486526,True
5844,1773641600.712119,1773642890.707648,1049,411,167.402307,7.365656,0.390333,True
5845,1773641600.712156,1773642839.510358,384,87,64.658489,15.302110,0.573911,True
5846,1773641600.712188,1773642927.733521,1080,559,240.917809,14.121023,0.406446,True
5847,1773641600.712217,1773642824.445312,407,96,33.385999,1.786285,0.332629,True
5848,1773641600.712246,1773642827.523311,453,53,38.936693,8.664873,0.582150,True
5849,1773641600.712276,1773642836.941045,381,93,57.627615,10.804925,0.508942,True
5850,1773641600.712304,1773642894.608579,1164,414,172.836396,13.702059,0.385313,True
5851,1773641600.712334,1773642892.224879,1010,419,167.613440,11.450768,0.373595,True
5852,1773641600.712367,1773642899.739237,1014,429,181.999534,14.772818,0.390717,True
5853,1773641600.712396,1773642826.050320,2008,50,34.558102,9.349432,0.514463,True
5854,1773641600.712429,1773642834.073798,384,67,50.187677,11.538289,0.585597,True
5855,1773641600.712457,1773642882.099805,1014,419,146.176328,4.219354,0.339610,True
5856,1773641600.712487,1773642898.868001,1024,428,179.150690,12.599879,0.390049,True
5857,1773641600.712517,1773642897.568169,1118,415,176.529364,14.518099,0.391332,True
5858,1773641600.712546,1773642825.707659,1190,53,32.602618,6.054216,0.510546,True
5859,1773641600.712575,1773642837.569865,403,86,56.038625,11.845113,0.519924,True
5860,1773641600.712604,1773642885.144786,1065,406,150.943128,9.030620,0.350401,True
5861,1773641600.712634,1773642897.132263,1065,447,173.308381,5.783009,0.375617,True
5862,1773641600.712663,1773642914.371054,1065,474,207.289579,10.518243,0.416007,True
5863,1773641600.712695,1773642897.756312,999,418,173.709920,9.616952,0.393508,True
5864,1773641600.712726,1773642850.576257,1795,122,79.201174,16.979999,0.514225,True
5865,1773641600.712755,1773642905.809700,1037,386,189.645257,18.906370,0.443478,True
5866,1773641600.712784,1773642894.875458,1036,418,167.754711,14.786519,0.366830,True
5867,1773641600.712813,1773642838.154954,395,95,53.916600,10.617326,0.460631,True
5868,1773641600.712842,1773642907.262864,1084,445,192.005911,12.170800,0.405034,True
5869,1773641600.712871,1773642921.094363,1090,554,219.461587,14.461067,0.370706,True
5870,1773641600.712900,1773642830.304582,1819,69,37.407038,7.006165,0.447072,True
5871,1773641600.712947,1773642903.578650,998,429,183.061681,9.985906,0.404383,True
5872,1773641600.712984,1773642833.425287,2014,71,42.569332,8.476804,0.487036,True
5873,1773641600.713016,1773642835.951036,385,102,47.372211,6.439023,0.405279,True
5874,1773641600.713046,1773642853.478687,200,162,81.872498,13.282179,0.426027,True
5875,1773641600.713075,1773642837.103447,406,90,48.646644,9.203482,0.443182,True
5876,1773641600.713105,1773642856.473137,46,233,87.282945,5.872308,0.350908,True
5877,1773641600.713134,1773642859.444065,1318,198,93.097074,14.619883,0.398361,True
5878,1773641600.713164,1773642832.230445,237,14,38.606954,16.966778,1.664629,True
5879,1773641600.713202,1773642853.373528,1354,148,80.032028,11.247248,0.467924,True
5880,1773641600.713232,1773642948.428102,1054,589,270.119365,18.710970,0.427565,True
5881,1773641600.713265,1773642835.096483,374,59,43.434394,11.225607,0.555324,True
5882,1773641600.713295,1773642918.216561,1079,515,209.318173,15.677290,0.376733,True
5883,1773641600.713324,1773642841.157495,395,101,54.910568,7.781157,0.471294,True
5884,1773641600.713364,1773642845.937575,1727,129,64.071083,11.976103,0.406992,True
5885,1773641600.713396,1773642902.923606,1018,442,176.985128,14.803534,0.367759,True
5886,1773641600.713424,1773642851.915020,29,177,74.528959,7.333014,0.381795,True
5887,1773641600.713453,1773642837.349087,421,81,45.289950,6.779484,0.481381,True
5888,1773641600.713483,1773642908.793959,1122,427,187.499547,13.206080,0.409140,True
5889,1773641600.713513,1773642852.881575,1315,160,74.615642,8.723597,0.414415,True
5890,1773641600.713544,1773642843.837104,895,100,55.483762,11.626266,0.443005,True
5891,1773641600.713576,1773642849.657861,403,132,66.748996,11.967035,0.418183,True
5892,1773641600.713606,1773642910.518388,1066,429,188.239786,10.898527,0.414349,True
5893,1773641600.713635,1773642849.604876,392,94,66.267919,15.608942,0.544720,True
5894,1773641600.713667,1773642847.905739,399,127,62.346585,10.989270,0.407598,True
5895,1773641600.713696,1773642844.527179,408,89,55.385198,10.462491,0.510485,True
5896,1773641600.713725,1773642900.638603,1007,405,166.775822,9.351347,0.389665,True
5897,1773641600.713755,1773642849.022431,400,118,63.106673,9.132917,0.461314,True
5898,1773641600.713784,1773642890.798504,976,384,145.431841,6.885213,0.361741,True
5899,1773641600.713814,1773642880.823787,977,368,125.291976,2.538869,0.334477,True
5900,1773641600.713846,1773642918.151297,1118,531,199.902762,8.194418,0.361714,True
5901,1773641600.713874,1773642828.414696,120,11,20.345037,9.054910,1.129013,True
5902,1773641600.713903,1773642893.961143,1135,377,151.191875,10.544329,0.374063,True
5903,1773641600.713946,1773642930.340253,1096,523,223.599779,13.274867,0.402921,True
5904,1773641600.713979,1773642837.761304,372,77,38.004410,6.361336,0.416356,True
5905,1773641600.714008,1773642870.274667,194,183,103.010908,13.677414,0.490843,True
5906,1773641600.714042,1773642907.889323,1023,421,177.886804,10.277586,0.399070,True
5907,1773641600.714070,1773642856.369739,411,162,74.432801,12.662241,0.383668,True
5908,1773641600.714099,1773642841.967255,1079,44,45.401214,12.643791,0.761801,True
5909,1773641600.714129,1773642857.051844,393,146,75.363570,12.540441,0.433263,True
5910,1773641600.714158,1773642839.792493,429,87,40.823830,5.739838,0.407953,True
5911,1773641600.714187,1773642855.069438,409,143,71.335621,12.843428,0.411917,True
5912,1773641600.714216,1773642833.923401,1299,43,28.979866,7.973852,0.500143,True
5913,1773641600.714246,1773642911.932286,1049,398,184.060427,14.677333,0.426658,True
5914,1773641600.714275,1773642855.442653,419,147,70.474340,11.154082,0.406303,True
5915,1773641600.714307,1773642895.467404,1062,406,150.232616,5.887170,0.356409,True
5916,1773641600.714337,1773642834.886890,91,24,28.697982,10.822033,0.777215,True
5917,1773641600.714366,1773642842.564556,378,76,44.033267,6.748930,0.497125,True
5918,1773641600.714395,1773642897.462042,1018,397,153.227754,7.687442,0.367526,True
5919,1773641600.714440,1773642909.038611,1057,413,176.174970,10.959444,0.401009,True
5920,1773641600.714470,1773642839.066246,375,70,35.464907,10.481319,0.362081,True
5921,1773641600.714500,1773642902.429685,1010,391,162.124676,7.962952,0.395286,True
5922,1773641600.714529,1773642903.318375,1016,397,163.820536,10.407150,0.387408,True
5923,1773641600.714559,1773642842.420132,397,88,41.217496,5.596394,0.409438,True
5924,1773641600.714588,1773642897.765446,1050,396,151.693503,10.326216,0.357892,True
5925,1773641600.714617,1773642916.217376,1118,415,188.280980,14.532512,0.419682,True
5926,1773641600.714647,1773642838.718693,1077,51,32.931846,11.671047,0.425216,True
5927,1773641600.714681,1773642914.648188,1164,414,184.644509,14.178118,0.412752,True
5928,1773641600.714718,1773642849.273628,1591,96,52.555201,10.579051,0.441854,True
5929,1773641600.714747,1773642907.255278,1147,392,168.496232,14.829142,0.393010,True
5930,1773641600.714777,1773642844.271204,408,96,42.361827,5.445180,0.388596,True
5931,1773641600.714806,1773642844.092458,388,49,41.505499,9.975047,0.656884,True
5932,1773641600.714835,1773642842.453206,382,65,37.955114,5.854645,0.501570,True
5933,1773641600.714864,1773642851.384886,1995,56,54.475593,16.865709,0.683816,True
5934,1773641600.714893,1773642919.757150,1079,422,191.013082,14.599631,0.419034,True
5935,1773641600.714922,1773642903.616222,1090,411,158.335842,11.913801,0.357127,True
5936,1773641600.714967,1773642851.319526,403,100,53.596292,8.793536,0.452553,True
5937,1773641600.715000,1773642837.761151,1215,33,26.271182,8.316647,0.561079,True
5938,1773641600.715030,1773642842.419973,395,88,35.464772,2.720004,0.376377,True
5939,1773641600.715060,1773642845.590647,387,60,41.139309,12.815123,0.480071,True
5940,1773641600.715089,1773642903.558771,1047,414,156.598943,8.657803,0.358211,True
5941,1773641600.715118,1773642904.838629,1110,379,159.117374,9.744615,0.395166,True
5942,1773641600.715148,1773642847.047956,374,66,42.668216,9.311118,0.513186,True
5943,1773641600.715175,1773642850.645276,379,86,49.571199,12.299940,0.438485,True
5944,1773641600.715204,1773642838.854820,370,70,25.757098,1.861548,0.346312,True
5945,1773641600.715233,1773642912.004458,1025,421,171.886651,4.310266,0.398991,True
5946,1773641600.715262,1773642858.949330,181,101,65.444880,12.624004,0.528209,True
5947,1773641600.715290,1773642917.069906,1128,377,181.646020,16.809474,0.438395,True
5948,1773641600.715322,1773642841.491377,405,79,29.654644,1.173674,0.365141,True
5949,1773641600.715351,1773642863.251089,1337,96,73.005057,21.840392,0.538575,True
5950,1773641600.715379,1773642918.230475,994,468,182.613959,10.912479,0.367669,True
5951,1773641600.715412,1773642905.795851,1112,418,157.453720,8.553918,0.357074,True
5952,1773641600.715442,1773642846.926172,389,91,38.791645,2.841113,0.399450,True
5953,1773641600.715471,1773642898.594910,1128,363,142.087891,7.859686,0.370796,True
5954,1773641600.715499,1773642935.406928,1065,527,215.313058,5.143223,0.399562,True
5955,1773641600.715531,1773642851.793352,440,82,47.919254,10.002514,0.468108,True
5956,1773641600.715564,1773642900.901904,1018,387,146.115221,10.315347,0.351813,True
5957,1773641600.715592,1773642871.924255,203,217,87.753957,4.894871,0.383607,True
5958,1773641600.715623,1773642841.304854,237,14,26.284055,11.414404,1.143819,True
5959,1773641600.716915,1773642850.280062,418,94,43.709096,4.468059,0.421947,True
5960,1773641600.716973,1773642907.868227,1252,375,158.861987,8.389867,0.402332,True
5961,1773641600.717005,1773642905.354761,992,416,153.649216,7.092628,0.353148,True
5962,1773641600.717036,1773642900.463619,1086,396,143.846495,7.082111,0.346239,True
5963,1773641600.717066,1773642916.295961,1044,428,175.467341,6.462885,0.395795,True
5964,1773641600.717095,1773642869.663854,1313,135,81.935496,12.429161,0.518704,True
5965,1773641600.717125,1773642870.597746,10,143,83.369714,19.676193,0.448546,True
5966,1773641600.717156,1773642924.290049,1076,395,190.733936,19.665702,0.434183,True
5967,1773641600.717185,1773642843.213908,381,35,27.755286,6.522942,0.624481,True
5968,1773641600.717215,1773642859.485095,398,118,60.065741,7.374730,0.450351,True
5969,1773641600.717244,1773642852.753289,378,83,46.581069,7.364066,0.478256,True
5970,1773641600.717275,1773642860.474634,10,140,61.360760,9.782973,0.371063,True
5971,1773641600.717309,1773642914.333275,975,417,168.270400,6.713494,0.388358,True
5972,1773641600.717337,1773642921.357562,1190,425,182.090073,7.841270,0.410964,True
5973,1773641600.717376,1773642858.074137,400,82,54.722041,10.411723,0.547041,True
5974,1773641600.717407,1773642874.674520,197,217,87.385230,8.595128,0.364769,True
5975,1773641600.717445,1773642921.634760,1030,432,180.521533,6.706633,0.403283,True
5976,1773641600.717476,1773642854.782294,406,102,46.240069,6.347292,0.394978,True
5977,1773641600.717505,1773642908.623209,1063,383,153.709921,11.717345,0.371708,True
5978,1773641600.717534,1773642857.741176,401,102,51.635735,6.157388,0.450281,True
5979,1773641600.717568,1773642867.634821,428,101,70.795974,10.389226,0.604067,True
5980,1773641600.717600,1773642878.234455,1352,230,91.580503,6.825736,0.370108,True
5981,1773641600.717628,1773642939.886590,1062,565,214.630328,7.005380,0.368129,True
5982,1773641600.717657,1773642917.334980,1041,396,169.092345,9.067562,0.405126,True
5983,1773641600.717686,1773642861.613385,412,89,57.504297,15.727832,0.474733,True
5984,1773641600.717718,1773642852.416432,1316,43,38.591466,11.613722,0.642327,True
5985,1773641600.717747,1773642923.940399,1155,432,181.404841,6.470089,0.405881,True
5986,1773641600.717777,1773642865.738471,432,89,64.789526,11.390584,0.606806,True
5987,1773641600.717806,1773642863.371696,34,136,59.891230,8.430190,0.381193,True
5988,1773641600.717835,1773642932.492683,977,478,197.901495,14.425347,0.384646,True
5989,1773641600.717868,1773642851.400450,422,84,34.952193,3.468826,0.379318,True
5990,1773641600.717895,1773642861.824353,1464,77,55.489012,17.161974,0.504303,True
5991,1773641600.717927,1773642875.512066,181,161,82.532029,13.721083,0.430068,True
5992,1773641600.717973,1773642912.887074,1054,449,157.136002,4.989388,0.339613,True
5993,1773641600.718002,1773642868.473481,402,102,68.288358,13.637516,0.541097,True
5994,1773641600.718031,1773642853.478532,395,81,37.162387,5.855361,0.391338,True
5995,1773641600.718060,1773642852.808782,386,91,35.574383,2.371462,0.368921,True
5996,1773641600.718088,1773642924.702809,1055,429,179.197054,6.349792,0.403849,True
5997,1773641600.718118,1773642934.195621,1142,413,197.751963,17.364980,0.437832,True
5998,1773641600.718150,1773642858.948903,1388,62,46.944912,11.872823,0.574952,True
5999,1773641600.718179,1773642857.338353,383,88,43.601545,5.916222,0.433165,True
6000,1773641600.718210,1773642919.104693,1124,399,167.049884,7.084321,0.401924,True
6001,1773641600.718239,1773642848.822676,371,49,25.735817,3.353609,0.466296,True
6002,1773641600.718267,1773642881.206097,1314,187,90.458157,11.487912,0.424571,True
6003,1773641600.718296,1773642852.159898,327,18,32.345832,11.477534,1.227547,True
6004,1773641600.718325,1773642913.560386,1096,363,154.510140,10.411770,0.398062,True
6005,1773641600.718354,1773642933.342413,1082,386,192.793150,18.367280,0.453054,True
6006,1773641600.718383,1773642854.571050,371,72,35.039627,4.402655,0.431507,True
6007,1773641600.718411,1773642851.010674,778,81,27.792618,0.575541,0.340213,True
6008,1773641600.718443,1773642913.655312,1014,419,153.059238,4.783514,0.354727,True
6009,1773641600.718472,1773642852.009435,783,53,29.684829,5.923951,0.456940,True
6010,1773641600.718500,1773642859.798244,403,91,44.890942,9.364322,0.394740,True
6011,1773641600.718529,1773642861.444697,387,66,47.745456,9.777283,0.584126,True
6012,1773641600.718557,1773642917.290908,1090,363,159.288859,10.991827,0.409660,True
6013,1773641600.718589,1773642929.386518,1034,437,183.416412,16.266438,0.383371,True
6014,1773641600.718618,1773642927.110660,1118,507,178.696978,2.499895,0.348216,True
6015,1773641600.718647,1773642855.169706,1457,84,34.793415,4.446420,0.365626,True
6016,1773641600.718675,1773642940.933737,1043,412,205.534768,20.429302,0.450378,True
6017,1773641600.718704,1773642855.443004,1688,44,33.670305,10.336772,0.542640,True
6018,1773641600.718732,1773642973.846464,918,575,270.247413,19.872923,0.436192,True
6019,1773641600.718764,1773642936.773382,1090,514,195.955385,8.551502,0.365310,True
6020,1773641600.718792,1773642936.093784,1073,426,194.534871,18.023656,0.415321,True
6021,1773641600.718822,1773642864.925194,407,142,52.135011,3.733665,0.343272,True
6022,1773641600.718853,1773642946.255834,1096,513,214.568338,7.402086,0.404622,True
6023,1773641600.718891,1773642871.567899,1018,82,64.988023,21.622806,0.535373,True
6024,1773641600.718921,1773642873.755821,403,116,68.620641,10.572052,0.504770,True
6025,1773641600.718972,1773642870.210455,390,96,61.384391,15.420128,0.483834,True
6026,1773641600.719002,1773642861.618344,370,92,43.636794,7.546826,0.396593,True
6027,1773641600.719032,1773642859.151717,377,79,38.246981,7.344120,0.396191,True
6028,1773641600.719062,1773642863.261909,393,88,45.994104,6.109442,0.458444,True
6029,1773641600.719091,1773642948.535890,1057,539,216.127692,10.437917,0.382323,True
6030,1773641600.719119,1773642863.480018,1943,61,44.640903,12.963102,0.527963,True
6031,1773641600.719149,1773642883.207212,224,188,83.782511,9.594051,0.396730,True
6032,1773641600.719178,1773642849.514801,247,14,16.038630,5.851559,0.783621,True
6033,1773641600.719207,1773642927.052878,1099,501,170.989660,1.863059,0.338253,True
6034,1773641600.719239,1773642947.353555,977,403,210.838906,21.036308,0.472146,True
6035,1773641600.719267,1773642875.663447,1591,80,67.374795,16.957182,0.638198,True
6036,1773641600.719299,1773642930.685625,1116,406,177.001342,9.516649,0.413542,True
6037,1773641600.719328,1773642928.928221,1116,429,173.006169,9.991882,0.380875,True
6038,1773641600.719360,1773642873.021181,380,77,61.170339,10.554241,0.666001,True
6039,1773641600.719388,1773642861.611198,383,75,38.306304,5.338323,0.445513,True
6040,1773641600.719416,1773642862.217366,404,78,39.291520,5.224744,0.442426,True
6041,1773641600.719447,1773642926.203652,1082,386,166.541136,12.511965,0.400076,True
6042,1773641600.719476,1773642881.336618,404,108,76.680118,19.489332,0.534493,True
6043,1773641600.719510,1773642935.060525,1109,412,184.108174,12.438765,0.417687,True
6044,1773641600.719537,1773642890.982823,203,217,95.908690,11.909868,0.388883,True
6045,1773641600.719565,1773642869.251377,1624,30,52.071089,19.397011,1.126692,True
6046,1773641600.719593,1773642931.041094,1088,453,174.385763,7.061826,0.370186,True
6047,1773641600.719622,1773642944.371216,1116,399,200.547955,18.515522,0.457368,True
6048,1773641600.719650,1773642917.567241,918,393,146.586152,4.586569,0.362244,True
6049,1773641600.719679,1773642876.191033,1549,71,63.607031,20.364534,0.617750,True
6050,1773641600.719708,1773642862.328410,1457,69,35.592918,5.305878,0.445398,True
6051,1773641600.719736,1773642879.428916,399,101,69.401535,18.765995,0.506355,True
6052,1773641600.719768,1773642866.600686,1147,85,42.367890,5.597364,0.437744,True
6053,1773641600.719796,1773642883.207365,128,180,75.227640,6.344154,0.384824,True
6054,1773641600.719824,1773642941.603405,1019,452,191.913730,9.798829,0.403802,True
6055,1773641600.719852,1773642890.271613,400,154,89.080305,16.881409,0.471888,True
6056,1773641600.719881,1773643000.536079,1004,632,309.193897,21.577239,0.455811,True
6057,1773641600.719909,1773642927.631341,1050,396,162.538224,10.514098,0.384871,True
6058,1773641600.719951,1773642868.778059,388,119,44.111713,2.138463,0.355706,True
6059,1773641600.719982,1773642875.191717,406,124,56.523227,5.378191,0.415813,True
6060,1773641600.720012,1773642902.925244,1349,206,111.742724,17.492925,0.459755,True
6061,1773641600.720044,1773642868.768006,374,86,43.014909,5.780179,0.438056,True
6062,1773641600.720073,1773642926.718174,1027,396,158.561224,8.717138,0.379352,True
6063,1773641600.720101,1773642931.697846,1008,392,168.354244,9.520754,0.406224,True
6064,1773641600.720132,1773642932.349219,1119,413,168.876305,8.965257,0.388134,True
6065,1773641600.720165,1773642877.929267,412,89,60.014315,13.952453,0.523430,True
6066,1773641600.720193,1773642869.843963,401,87,42.890149,6.129510,0.427449,True
6067,1773641600.720221,1773642929.857397,1049,375,162.057462,15.929028,0.390718,True
6068,1773641600.720250,1773642934.216830,1108,414,170.629494,5.444977,0.399963,True
6069,1773641600.720281,1773642883.089581,393,99,68.126601,15.520515,0.536797,True
6070,1773641600.720313,1773642889.960957,401,114,81.719291,18.414850,0.560216,True
6071,1773641600.720341,1773642878.838795,382,77,59.115865,12.593709,0.612134,True
6072,1773641600.720375,1773642872.571903,181,101,46.105576,5.395178,0.407104,True
6073,1773641600.720405,1773642877.199634,1866,101,55.171957,11.505648,0.436663,True
6074,1773641600.720433,1773642895.154190,399,117,90.976821,17.850528,0.630399,True
6075,1773641600.720462,1773642880.263675,404,146,59.961540,4.064289,0.385498,True
6076,1773641600.720495,1773642864.248217,120,12,27.321683,10.532120,1.526324,True
6077,1773641600.720523,1773642892.497000,1317,131,83.693731,20.571481,0.485556,True
6078,1773641600.720551,1773642893.405530,401,119,84.784243,19.772151,0.550950,True
6079,1773641600.720579,1773642940.147602,1101,375,177.643902,14.523046,0.436152,True
6080,1773641600.720608,1773642893.115065,1276,81,83.452280,21.426945,0.775317,True
6081,1773641600.720636,1773642882.114435,382,63,61.410535,19.375597,0.677983,True
6082,1773641600.720667,1773642887.019712,901,89,70.433665,16.993155,0.607279,True
6083,1773641600.720696,1773642931.515775,1066,429,159.321715,3.949057,0.363020,True
6084,1773641600.720724,1773642903.376629,200,174,102.919551,18.867922,0.485848,True
6085,1773641600.720755,1773642870.916879,397,97,37.809007,2.854410,0.364110,True
6086,1773641600.720783,1773642882.870108,424,94,61.695076,13.826146,0.514720,True
6087,1773641600.720810,1773642951.662594,1056,413,198.987532,18.683432,0.437631,True
6088,1773641600.720838,1773642864.804106,247,14,24.773170,8.701932,1.236249,True
6089,1773641600.720866,1773642955.273214,1010,464,205.689799,10.172131,0.422284,True
6090,1773641600.720895,1773642945.305874,1077,459,185.087349,4.242520,0.394858,True
6091,1773641600.720923,1773642990.572875,1073,669,275.516131,19.038965,0.383948,True
6092,1773641600.720968,1773642886.377483,412,107,66.979879,15.486658,0.485785,True
6093,1773641600.721000,1773642868.546400,379,63,30.339992,4.251813,0.420777,True
6094,1773641600.721027,1773642892.178058,377,110,77.395314,17.371559,0.550677,True
6095,1773641600.721056,1773642891.958218,407,108,76.933718,17.360588,0.556758,True
6096,1773641600.721085,1773642873.452888,313,18,39.816542,17.677202,1.302314,True
6097,1773641600.721116,1773642898.987127,703,105,89.488628,21.446873,0.654248,True
6098,1773641600.721230,1773642861.070352,723,40,13.427509,1.447405,0.307182,True
6099,1773641600.721262,1773642869.275154,387,86,29.505550,1.632010,0.327924,True
6100,1773641600.721292,1773642871.691459,406,87,34.233372,3.469979,0.357714,True
6101,1773641600.721326,1773642940.248244,1087,459,170.912441,3.158916,0.366274,True
6102,1773641600.721364,1773642869.832484,657,89,29.517719,1.081246,0.323142,True
6103,1773641600.721395,1773642938.545664,1043,412,166.737842,9.550540,0.382451,True
6104,1773641600.721424,1773642876.383177,309,18,41.872348,16.782521,1.475872,True
6105,1773641600.721454,1773642901.901003,410,135,92.887067,16.772015,0.568023,True
6106,1773641600.721482,1773642874.870549,394,93,38.804477,4.255964,0.375527,True
6107,1773641600.721511,1773642944.329763,1070,431,176.651896,8.162063,0.391837,True
6108,1773641600.721540,1773642899.945718,1326,224,87.259095,3.970461,0.373492,True
6109,1773641600.721569,1773642886.485228,1730,50,60.213145,19.311198,0.834734,True
6110,1773641600.721598,1773642878.414291,370,48,43.878203,14.746388,0.619826,True
6111,1773641600.721627,1773642911.927687,409,166,110.279222,18.901688,0.553803,True
6112,1773641600.721657,1773642883.979564,397,88,53.843762,11.316423,0.488820,True
6113,1773641600.721686,1773642872.019923,369,65,29.357029,4.540764,0.387754,True
6114,1773641600.721714,1773642884.553754,425,107,53.965811,7.156538,0.441597,True
6115,1773641600.721747,1773642871.358502,922,55,27.219995,5.399957,0.404075,True
6116,1773641600.721776,1773642870.731452,120,12,25.617049,10.451138,1.378719,True
6117,1773641600.721805,1773642877.972420,412,113,39.804668,1.654250,0.340629,True
6118,1773641600.721838,1773642888.206715,393,131,60.251406,6.559704,0.413013,True
6119,1773641600.721865,1773642875.330517,372,76,32.743723,6.696199,0.347300,True
6120,1773641600.721899,1773642882.300257,387,106,46.661850,6.685841,0.380724,True
6121,1773641600.721951,1773642871.021820,976,40,24.084240,8.092347,0.410049,True
6122,1773641600.721985,1773642963.963928,1038,479,209.608081,9.214461,0.419234,True
6123,1773641600.722014,1773642876.232173,373,76,33.934363,3.883112,0.400683,True
6124,1773641600.722047,1773642880.330859,1478,116,41.754167,0.928470,0.355006,True
6125,1773641600.722076,1773642878.726877,425,83,38.524449,0.917436,0.458622,True
6126,1773641600.722108,1773642873.441182,2000,63,27.908637,5.004794,0.369417,True
6127,1773641600.722141,1773642909.683211,1313,158,100.041205,17.814346,0.523738,True
6128,1773641600.722170,1773642881.772989,373,74,43.931548,8.567023,0.484446,True
6129,1773641600.722199,1773642954.383374,1094,411,187.803836,12.889718,0.426620,True
6130,1773641600.722229,1773642884.365788,386,48,47.557863,12.784428,0.739860,True
6131,1773641600.722258,1773642958.719224,1190,453,195.912766,9.636408,0.412116,True
6132,1773641600.722287,1773642941.599530,1099,427,161.048594,4.362396,0.367808,True
6133,1773641600.722320,1773642874.813147,382,68,26.735099,5.626657,0.315051,True
6134,1773641600.722348,1773642867.533154,120,11,11.821666,3.815535,0.800613,True
6135,1773641600.722378,1773642956.061988,1013,375,188.858830,17.250290,0.458846,True
6136,1773641600.722406,1773642939.862222,1000,375,156.438154,5.571021,0.403388,True
6137,1773641600.722435,1773642887.301875,404,84,51.234690,10.169054,0.494767,True
6138,1773641600.722464,1773642888.475747,659,47,53.288971,18.863730,0.748375,True
6139,1773641600.722493,1773642884.593524,423,97,44.741861,6.925851,0.393917,True
6140,1773641600.722522,1773642890.166618,1704,101,55.660154,10.773434,0.448867,True
6141,1773641600.722551,1773642887.037209,405,96,48.126913,8.247995,0.419778,True
6142,1773641600.722583,1773642883.694568,412,95,41.209936,4.976382,0.385463,True
6143,1773641600.722611,1773642960.312698,1064,384,194.111304,17.438010,0.461288,True
6144,1773641600.722640,1773642956.525826,993,427,186.516771,11.374154,0.411133,True
6145,1773641600.722669,1773642950.632507,918,393,174.709492,11.363629,0.416699,True
6146,1773641600.722704,1773642885.834538,412,94,44.903821,7.016647,0.407389,True
6147,1773641600.722733,1773642910.386730,203,217,93.800208,6.912511,0.402258,True
6148,1773641600.722761,1773642882.568025,393,98,36.671088,1.205194,0.365628,True
6149,1773641600.722794,1773642949.656192,1114,396,170.804636,8.377973,0.411207,True
6150,1773641600.722829,1773642947.123241,1161,409,165.467497,10.279689,0.380362,True
6151,1773641600.722858,1773642888.355186,406,90,47.088119,7.821035,0.441203,True
6152,1773641600.722888,1773642879.240140,1958,72,28.733261,2.125854,0.374752,True
6153,1773641600.722917,1773642965.741978,1043,419,201.716700,12.024323,0.453810,True
6154,1773641600.722967,1773642873.667638,237,14,17.546574,7.346867,0.784593,True
6155,1773641600.722998,1773642882.891169,1557,56,35.909008,8.648949,0.495637,True
6156,1773641600.723027,1773642888.355335,1062,44,45.222526,12.828069,0.753359,True
6157,1773641600.723056,1773642986.030239,1082,506,240.469773,16.703713,0.443101,True
6158,1773641600.723090,1773642874.431163,372,47,16.210949,0.829034,0.334389,True
6159,1773641600.723120,1773642889.414776,382,80,45.927880,7.670713,0.484268,True
6160,1773641600.723149,1773642886.024141,371,76,38.831815,8.854466,0.399698,True
6161,1773641600.723185,1773642955.512453,1097,397,177.149766,8.614280,0.425595,True
6162,1773641600.723214,1773642953.446798,1054,394,172.996496,8.603585,0.418303,True
6163,1773641600.723243,1773642889.608898,485,91,45.135060,7.627849,0.416747,True
6164,1773641600.723272,1773642890.732852,39,132,46.391633,0.233205,0.352354,True
6165,1773641600.723305,1773642898.417418,371,93,61.554899,10.931800,0.550251,True
6166,1773641600.723333,1773642890.298518,401,88,44.400385,6.022902,0.441120,True
6167,1773641600.723362,1773642880.887705,1060,56,24.806248,2.102700,0.412792,True
6168,1773641600.723400,1773642920.513706,165,217,103.931043,7.851115,0.444814,True
6169,1773641600.723431,1773642885.694165,374,63,33.838540,8.840396,0.403196,True
6170,1773641600.723460,1773642891.510874,397,126,45.450346,0.301299,0.361192,True
6171,1773641600.723490,1773642950.425750,1300,373,162.340962,8.095562,0.414638,True
6172,1773641600.723518,1773642957.070353,1043,422,175.587360,9.832629,0.393717,True
6173,1773641600.723547,1773642901.290525,1130,80,63.422695,16.243513,0.597205,True
6174,1773641600.723576,1773642959.975256,1079,426,180.604683,5.712672,0.411511,True
6175,1773641600.723605,1773642892.416895,1430,52,45.466107,11.575746,0.664517,True
6176,1773641600.723634,1773642899.028154,401,109,58.373522,10.912285,0.439456,True
6177,1773641600.723662,1773642947.565408,1008,400,155.426530,4.963349,0.377101,True
6178,1773641600.723695,1773642883.880705,659,47,27.328818,5.606665,0.472221,True
6179,1773641600.723728,1773642906.187976,417,139,71.816429,10.474305,0.444508,True
6180,1773641600.723757,1773642959.177456,1101,391,177.774299,10.969189,0.427705,True
6181,1773641600.723786,1773642949.312598,1102,418,157.791744,5.152437,0.366042,True
6182,1773641600.723818,1773642970.797450,1034,425,200.384033,15.217211,0.436714,True
6183,1773641600.723847,1773642887.992258,381,71,34.500169,6.608638,0.398450,True
6184,1773641600.723876,1773642893.973088,408,98,46.106061,6.695157,0.406298,True
6185,1773641600.723905,1773642963.321916,1082,386,184.592256,12.372091,0.447325,True
6186,1773641600.723964,1773642892.742907,401,90,42.849626,4.251040,0.433692,True
6187,1773641600.723997,1773642896.162511,398,108,49.605274,6.256125,0.405132,True
6188,1773641600.724026,1773642904.796489,411,88,66.435269,16.029346,0.579378,True
6189,1773641600.724056,1773642898.957429,181,121,54.530615,5.923051,0.405063,True
6190,1773641600.724085,1773642957.980717,1017,405,172.494016,5.754712,0.412721,True
6191,1773641600.724114,1773642895.486024,389,88,47.109375,7.044813,0.460512,True
6192,1773641600.724146,1773642897.829077,395,111,51.610939,6.797059,0.407399,True
6193,1773641600.724175,1773642962.073483,994,433,180.037389,5.295882,0.404494,True
6194,1773641600.724204,1773642950.127196,1040,400,155.999091,6.592727,0.374452,True
6195,1773641600.724232,1773642955.621565,1041,391,166.550342,6.270774,0.410973,True
6196,1773641600.724264,1773642896.514795,1112,94,47.879790,7.336865,0.435945,True
6197,1773641600.724292,1773642913.422215,397,122,80.919564,14.645939,0.547716,True
6198,1773641600.724320,1773642888.624114,237,14,31.301349,14.634786,1.282043,True
6199,1773641600.724349,1773642952.450839,1019,386,158.846066,10.933171,0.384189,True
6200,1773641600.724377,1773642894.524350,408,97,42.162243,5.377603,0.383173,True
6201,1773641600.724406,1773642951.516922,1238,400,156.106547,6.423817,0.375145,True
6202,1773641600.724434,1773642892.833596,379,81,38.472447,5.533576,0.411736,True
6203,1773641600.724463,1773642892.042517,388,101,36.742568,4.682919,0.320596,True
6204,1773641600.724494,1773642934.523196,1318,242,121.516994,12.265462,0.453326,True
6205,1773641600.724525,1773642952.946453,993,401,157.680684,7.144345,0.376341,True
6206,1773641600.724555,1773642966.019331,988,417,183.804029,4.237189,0.431651,True
6207,1773641600.724583,1773642896.706527,448,86,45.158497,10.174337,0.411578,True
6208,1773641600.724611,1773642887.238966,392,42,25.600610,5.473041,0.490916,True
6209,1773641600.724639,1773642890.187528,369,60,31.016523,5.745574,0.428321,True
6210,1773641600.724672,1773642895.932251,1040,35,42.219541,13.232736,0.852553,True
6211,1773641600.724700,1773642896.710608,401,97,43.670783,5.878334,0.393671,True
6212,1773641600.724729,1773642919.104410,424,200,88.161319,8.937837,0.398108,True
6213,1773641600.724760,1773642958.105207,1018,375,165.804460,8.614459,0.420294,True
6214,1773641600.724791,1773642911.279967,13,124,71.882481,12.716811,0.481022,True
6215,1773641600.724818,1773642918.828407,1313,210,86.626849,7.053352,0.380734,True
6216,1773641600.724852,1773642906.317126,394,139,61.457560,5.917606,0.402463,True
6217,1773641600.724881,1773642901.972206,1673,83,52.595472,11.770873,0.497861,True
6218,1773641600.724910,1773642974.063731,1001,432,196.443300,12.213027,0.427448,True
6219,1773641600.724953,1773642968.480574,1084,396,184.568954,13.541685,0.432980,True
6220,1773641600.724984,1773642896.162230,1170,43,39.846205,10.539944,0.697768,True
6221,1773641600.725011,1773642897.129258,390,89,41.470526,4.030851,0.425451,True
6222,1773641600.725040,1773642969.448869,1046,429,185.424004,11.072127,0.407364,True
6223,1773641600.725069,1773642892.723656,386,77,31.787016,3.594797,0.370950,True
6224,1773641600.725098,1773642975.333141,1087,429,196.262359,12.239547,0.429960,True
6225,1773641600.725127,1773643009.940303,1042,568,264.936858,13.919921,0.442711,True
6226,1773641600.725155,1773642913.894300,375,107,72.106546,12.483644,0.562480,True
6227,1773641600.725183,1773642898.648540,390,94,41.431047,2.491926,0.418700,True
6228,1773641600.725212,1773642896.585995,430,95,37.221981,3.531092,0.358414,True
6229,1773641600.725247,1773642903.439665,400,127,50.516918,1.730644,0.387193,True
6230,1773641600.725275,1773642897.269977,385,75,38.049385,5.715900,0.436939,True
6231,1773641600.725303,1773642901.149822,1342,58,45.725758,10.999388,0.609235,True
6232,1773641600.725332,1773642963.812063,1047,443,170.779322,7.102345,0.370310,True
6233,1773641600.725371,1773642907.482750,410,118,57.501169,2.774075,0.467753,True
6234,1773641600.725408,1773642956.284808,1101,385,154.877403,3.469469,0.394291,True
6235,1773641600.725436,1773642903.161311,1741,73,48.423440,13.100312,0.490599,True
6236,1773641600.725465,1773642916.052172,397,111,74.038576,13.765394,0.547938,True
6237,1773641600.725576,1773642896.386517,398,93,34.270778,0.840918,0.363368,True
6238,1773641600.725607,1773642899.840866,1458,59,40.806279,10.717030,0.518780,True
6239,1773641600.725640,1773642896.713765,412,81,34.484286,2.843642,0.395508,True
6240,1773641600.725670,1773642908.306459,1988,86,56.063445,12.037886,0.517948,True
6241,1773641600.725700,1773642906.188139,375,96,51.699761,7.702014,0.463134,True
6242,1773641600.725729,1773642910.310125,448,95,58.962895,12.331262,0.496081,True
6243,1773641600.725759,1773642891.386966,304,18,20.988471,7.146850,0.814213,True
6244,1773641600.725787,1773642923.092762,1321,234,83.751243,2.814292,0.347369,True
6245,1773641600.725816,1773642926.201187,1311,219,89.947576,7.075640,0.380146,True
6246,1773641600.725848,1773642976.650628,1185,523,190.613594,2.617486,0.360146,True
6247,1773641600.725878,1773642905.610805,387,74,48.365841,11.370699,0.506783,True
6248,1773641600.725906,1773642982.738306,1064,429,201.912966,10.963567,0.446143,True
6249,1773641600.725950,1773642909.598845,1024,77,54.988558,13.905903,0.540561,True
6250,1773641600.725981,1773642954.964818,1117,390,145.678529,4.209565,0.363673,True
6251,1773641600.726009,1773642909.571138,445,90,54.538086,10.954020,0.489709,True
6252,1773641600.726038,1773642908.789721,394,86,52.953838,10.943588,0.494238,True
6253,1773641600.726066,1773642969.126256,1013,477,173.108870,4.272528,0.354698,True
6254,1773641600.726095,1773642911.932190,1999,63,58.118687,16.791467,0.666568,True
6255,1773641600.726127,1773642900.572123,385,74,35.356144,3.440787,0.437197,True
6256,1773641600.726156,1773642905.386587,1421,75,44.963973,8.405662,0.494031,True
6257,1773641600.726185,1773642942.260531,1313,200,118.335214,16.571136,0.511377,True
6258,1773641600.726213,1773642966.379426,979,396,166.470230,9.168152,0.398233,True
6259,1773641600.726242,1773642904.842416,382,83,43.252200,5.086818,0.465431,True
6260,1773641600.726270,1773642909.882275,411,120,53.310204,5.075977,0.405330,True
6261,1773641600.726299,1773642967.964920,1137,383,168.629601,9.148108,0.417491,True
6262,1773641600.726328,1773642984.364015,1057,434,201.322584,11.478756,0.438438,True
6263,1773641600.726359,1773642912.762457,440,95,57.741555,12.118830,0.485348,True
6264,1773641600.726393,1773642926.150525,404,115,84.326067,15.676955,0.602185,True
6265,1773641600.726422,1773642990.606093,997,517,212.461137,6.590036,0.398975,True
6266,1773641600.726451,1773642915.052496,203,162,60.979250,2.281834,0.364580,True
6267,1773641600.726483,1773642927.452312,422,139,85.695998,10.230713,0.546850,True
6268,1773641600.726513,1773642910.242168,410,86,50.901309,10.389882,0.476605,True
6269,1773641600.726542,1773642915.520594,1328,60,61.103671,16.675989,0.753012,True
6270,1773641600.726570,1773642974.043982,1159,414,177.776416,15.110899,0.393863,True
6271,1773641600.726599,1773642975.896343,1196,418,180.382755,10.125553,0.408291,True
6272,1773641600.726628,1773642963.664798,1017,405,155.754395,6.820073,0.368649,True
6273,1773641600.726656,1773642906.023673,310,18,40.368677,15.805433,1.444897,True
6274,1773641600.726688,1773642974.729286,1008,414,177.408699,10.819426,0.403364,True
6275,1773641600.726717,1773642978.346255,1039,397,184.474883,10.883223,0.438363,True
6276,1773641600.726746,1773642920.351339,379,68,67.943864,16.110530,0.773632,True
6277,1773641600.726775,1773642899.303787,1436,50,25.786706,1.346214,0.498786,True
6278,1773641600.726804,1773642972.797755,1021,391,172.609366,8.180438,0.421613,True
6279,1773641600.726834,1773642981.747111,1009,442,189.662114,6.824498,0.414598,True
6280,1773641600.726869,1773642910.543110,383,91,47.041951,6.719146,0.448031,True
6281,1773641600.726896,1773642971.739016,984,396,169.392492,14.505686,0.392118,True
6282,1773641600.726925,1773642981.034287,1046,429,187.837230,11.401925,0.412232,True
6283,1773641600.726970,1773642906.939376,383,67,39.396968,7.851094,0.477968,True
6284,1773641600.726999,1773642962.085613,1054,399,149.565543,5.837318,0.361126,True
6285,1773641600.727028,1773642908.623122,386,74,42.287862,4.075774,0.523453,True
6286,1773641600.727057,1773642925.257663,390,95,74.524785,14.494762,0.638617,True
6287,1773641600.727086,1773642911.571887,381,51,46.715219,14.428777,0.645729,True
6288,1773641600.727118,1773642919.608768,419,97,62.495579,16.625003,0.477818,True
6289,1773641600.727146,1773642924.233371,1495,124,71.723222,16.614319,0.448040,True
6290,1773641600.727175,1773642939.983644,161,223,103.011976,6.196026,0.436108,True
6291,1773641600.727208,1773642919.835078,434,82,62.694885,12.441725,0.620409,True
6292,1773641600.727236,1773642916.199274,399,109,55.128292,6.038582,0.454534,True
6293,1773641600.727269,1773642912.356780,411,100,45.871833,4.967239,0.413178,True
6294,1773641600.727297,1773642973.805711,1079,391,168.582843,11.415150,0.402994,True
6295,1773641600.727332,1773642998.557605,1000,544,217.876306,11.929280,0.379276,True
6296,1773641600.727360,1773642979.385538,1177,413,178.843234,6.763988,0.417668,True
6297,1773641600.727388,1773642988.465162,1064,383,196.878440,17.156283,0.470477,True
6298,1773641600.727420,1773642924.702655,388,103,69.063246,11.272777,0.566573,True
6299,1773641600.727449,1773642916.701402,181,130,53.018154,4.195433,0.378471,True
6300,1773641600.727482,1773643030.221803,1031,600,279.894517,14.124590,0.443689,True
6301,1773641600.727511,1773643005.900737,1194,598,231.187120,5.744851,0.377625,True
6302,1773641600.727540,1773642906.792112,307,18,32.164914,13.689476,1.086790,True
6303,1773641600.727569,1773642910.831904,1285,95,40.182487,4.351300,0.381183,True
6304,1773641600.727601,1773642968.085390,1019,396,154.564225,8.171727,0.370614,True
6305,1773641600.727630,1773642914.797381,402,99,47.617279,4.162343,0.443418,True
6306,1773641600.727658,1773642978.016324,1054,393,174.032660,7.827024,0.423994,True
6307,1773641600.727687,1773642987.337066,1097,427,192.652674,9.091370,0.430895,True
6308,1773641600.727716,1773642912.028562,1160,74,41.269388,5.735764,0.486762,True
6309,1773641600.727745,1773642965.539774,1020,405,148.043656,5.425973,0.353014,True
6310,1773641600.727773,1773642980.604555,1116,436,177.286598,4.090938,0.398151,True
6311,1773641600.727802,1773642988.313287,1008,414,192.538203,12.354840,0.436279,True
6312,1773641600.727836,1773642911.730804,399,89,39.101789,4.836560,0.389378,True
6313,1773641600.727869,1773642921.907339,1319,129,59.349211,8.819671,0.394762,True
6314,1773641600.727896,1773642923.648501,397,105,62.457187,14.762426,0.458603,True
6315,1773641600.727926,1773642975.440040,1081,385,165.876486,12.100780,0.400458,True
6316,1773641600.727974,1773642934.538845,1315,205,83.620568,5.808076,0.381434,True
6317,1773641600.728002,1773642933.979326,1313,142,82.458060,13.120191,0.491758,True
6318,1773641600.728031,1773642934.538837,163,205,83.388634,5.692096,0.380865,True
6319,1773641600.728069,1773642920.784560,1064,96,55.317519,9.241865,0.485007,True
6320,1773641600.728099,1773642943.946275,165,173,101.059792,20.920480,0.465926,True
6321,1773641600.728128,1773642995.796553,996,418,204.027772,14.925601,0.453482,True
6322,1773641600.728161,1773642974.585058,1002,391,161.231043,5.809291,0.398517,True
6323,1773641600.728194,1773642982.573389,1019,408,177.187173,9.377568,0.412309,True
6324,1773641600.728222,1773642919.841294,1100,128,50.664956,3.629493,0.370358,True
6325,1773641600.728251,1773642921.191823,408,80,53.323488,8.827199,0.563244,True
6326,1773641600.728280,1773642912.466655,405,85,35.702143,5.162863,0.363563,True
6327,1773641600.728308,1773642968.879230,1047,383,147.988962,3.259398,0.378873,True
6328,1773641600.728337,1773642978.056109,1111,391,165.988232,9.508221,0.401231,True
6329,1773641600.728366,1773642922.251233,1447,84,54.188379,12.028612,0.507949,True
6330,1773641600.728395,1773642917.422197,372,45,43.901531,14.703089,0.663601,True
6331,1773641600.728432,1773642908.554693,372,65,26.123883,2.645564,0.366849,True
6332,1773641600.728460,1773642982.940276,1196,378,174.768905,12.919919,0.429308,True
6333,1773641600.728492,1773642918.768882,377,52,46.175424,9.681886,0.715560,True
6334,1773641600.728520,1773642921.725788,431,87,51.573183,13.312832,0.444888,True
6335,1773641600.728549,1773642928.543297,408,106,64.755963,8.404858,0.536677,True
6336,1773641600.728578,1773642978.840785,1041,390,165.328520,9.701652,0.400069,True
6337,1773641600.728607,1773642918.208515,448,121,43.627418,1.743625,0.349032,True
6338,1773641600.728636,1773642912.974968,387,84,32.909749,2.956901,0.360878,True
6339,1773641600.728664,1773642996.042590,977,540,198.899459,2.808200,0.363806,True
6340,1773641600.728698,1773642924.319460,1354,155,55.205854,4.631257,0.328406,True
6341,1773641600.728726,1773642930.322790,417,108,67.190675,8.635051,0.547249,True
6342,1773641600.728754,1773642942.237625,212,217,90.997675,3.972394,0.402895,True
6343,1773641600.728783,1773642922.679539,405,149,51.095186,4.215826,0.316752,True
6344,1773641600.728811,1773642985.606005,1059,373,176.926602,11.674661,0.444226,True
6345,1773641600.728839,1773642926.261076,407,73,58.216506,11.664541,0.646555,True
6346,1773641600.728867,1773642931.082240,393,100,67.606324,17.058037,0.510589,True
6347,1773641600.728896,1773642916.668287,1724,107,38.400946,3.035158,0.333640,True
6348,1773641600.728927,1773642988.880889,1109,435,182.617503,5.060867,0.409117,True
6349,1773641600.728977,1773642947.353742,8,188,99.184696,10.714544,0.473102,True
6350,1773641600.729009,1773642921.440243,426,108,47.337615,2.939514,0.414936,True
6351,1773641600.729038,1773642926.692083,394,92,57.716341,8.044204,0.545848,True
6352,1773641600.729068,1773642923.796663,406,96,50.756585,11.583784,0.412345,True
6353,1773641600.729097,1773642986.376563,1101,385,175.545231,20.107703,0.404785,True
6354,1773641600.729126,1773642921.419292,388,100,45.527467,9.575177,0.363154,True
6355,1773641600.729154,1773642926.600238,390,95,55.456870,11.978638,0.462534,True
6356,1773641600.729186,1773642916.353255,1959,31,34.776714,11.438659,0.777935,True
6357,1773641600.729215,1773642928.189096,1662,93,58.385549,12.849436,0.494958,True
6358,1773641600.729246,1773642981.072645,1025,431,164.067681,4.263654,0.371637,True
6359,1773641600.729276,1773642922.711117,396,138,46.808432,1.196144,0.332936,True
6360,1773641600.729304,1773642980.531143,1040,433,161.575835,9.201809,0.352718,True
6361,1773641600.729337,1773642928.624130,420,107,57.552915,10.639743,0.442577,True
6362,1773641600.729378,1773642913.479335,120,12,27.053628,10.451030,1.509327,True
6363,1773641600.729408,1773642929.895272,391,98,59.330060,11.795390,0.490048,True
6364,1773641600.729436,1773642914.673870,1027,56,28.406582,3.580213,0.451389,True
6365,1773641600.729465,1773642935.830232,404,105,70.510501,18.136548,0.503596,True
6366,1773641600.729494,1773642923.540126,788,52,45.781382,9.405745,0.713248,True
6367,1773641600.729523,1773642933.861807,1971,109,65.905503,12.696218,0.492679,True
6368,1773641600.729556,1773642930.414845,402,95,58.507771,9.242831,0.524095,True
6369,1773641600.729584,1773642997.665813,977,396,192.821731,12.726395,0.455938,True
6370,1773641600.729613,1773642926.297914,379,83,50.002947,10.549122,0.481144,True
6371,1773641600.729642,1773642943.293363,1316,144,82.778630,13.480873,0.484600,True
6372,1773641600.729671,1773642925.030282,372,60,46.106608,8.078130,0.644550,True
6373,1773641600.729701,1773642931.282104,401,100,57.696300,7.969959,0.502286,True
6374,1773641600.729733,1773642933.327446,402,101,60.789973,7.123138,0.536668,True
6375,1773641600.729760,1773642908.008929,299,18,10.131796,1.107747,0.530826,True
6376,1773641600.729882,1773642939.362473,410,128,72.384677,10.811074,0.484832,True
6377,1773641600.729913,1773643045.220689,1073,623,283.788960,9.692732,0.440669,True
6378,1773641600.729962,1773642982.889274,1037,430,159.021923,8.219227,0.351521,True
6379,1773641600.729992,1773642925.497008,379,48,44.110894,15.836245,0.601588,True
6380,1773641600.730022,1773642992.894084,1048,414,178.656985,15.805871,0.394313,True
6381,1773641600.730053,1773642922.782163,370,61,38.389326,6.816169,0.526219,True
6382,1773641600.730082,1773642924.017624,403,108,40.797199,1.075886,0.371227,True
6383,1773641600.730119,1773642930.578256,377,91,51.560045,9.013932,0.472735,True
6384,1773641600.730151,1773642933.906692,873,87,58.132200,8.278504,0.579694,True
6385,1773641600.730180,1773642929.035347,382,72,48.367551,10.533209,0.532878,True
6386,1773641600.730210,1773642918.133910,1645,41,26.458563,6.762469,0.492402,True
6387,1773641600.730238,1773642910.556885,411,25,10.396665,0.299745,0.420705,True
6388,1773641600.730267,1773642944.386001,1380,88,77.991265,22.435105,0.638577,True
6389,1773641600.730296,1773642993.599263,1077,375,175.958923,10.205275,0.443192,True
6390,1773641600.730325,1773642925.584452,181,108,39.557939,0.248500,0.367378,True
6391,1773641600.730353,1773642915.328178,319,18,19.024777,8.165874,0.638759,True
6392,1773641600.730382,1773643005.220128,1016,442,198.371244,7.084323,0.433757,True
6393,1773641600.730412,1773642925.584461,405,106,38.785950,0.593251,0.363740,True
6394,1773641600.730440,1773642972.765715,1001,372,133.126990,0.582178,0.357264,True
6395,1773641600.730469,1773642923.218573,402,96,33.784424,0.636975,0.348921,True
6396,1773641600.730498,1773642991.878473,988,383,170.155241,7.421195,0.426005,True
6397,1773641600.730527,1773642930.607491,1399,79,47.320372,10.237960,0.475416,True
6398,1773641600.730555,1773642935.869084,1080,81,57.215655,11.649556,0.569576,True
6399,1773641600.730584,1773642926.879738,1566,57,39.216740,12.197213,0.482492,True
6400,1773641600.730613,1773642985.139750,314,436,155.296226,0.261850,0.356401,True
6401,1773641600.730644,1773642938.322034,421,109,61.304629,6.312011,0.509191,True
6402,1773641600.730672,1773642987.961511,1094,411,160.170600,4.818555,0.378907,True
6403,1773641600.730700,1773642927.420306,1698,50,39.046284,7.511084,0.643576,True
6404,1773641600.730730,1773642932.492339,27,129,48.962311,0.234977,0.380682,True
6405,1773641600.730762,1773642988.829570,1193,401,161.037974,6.816942,0.385553,True
6406,1773641600.730791,1773642988.193309,1005,420,159.269652,9.397234,0.357691,True
6407,1773641600.730820,1773642924.814757,404,91,32.367511,0.406049,0.355127,True
6408,1773641600.730848,1773642923.218414,371,84,29.152596,0.395321,0.346473,True
6409,1773641600.730887,1773642930.090697,374,64,42.585550,8.267224,0.544735,True
6410,1773641600.730917,1773642936.913811,895,83,56.209711,10.659901,0.555485,True
6411,1773641600.730964,1773642932.764746,402,73,47.434092,7.135191,0.559707,True
6412,1773641600.730994,1773643006.105249,1087,403,193.064454,8.834893,0.458282,True
6413,1773641600.731024,1773642952.425192,406,141,85.638789,9.765972,0.541949,True
6414,1773641600.731053,1773642936.762152,383,63,54.145936,11.544067,0.687127,True
6415,1773641600.731082,1773642938.755400,1627,78,57.740481,12.575191,0.586562,True
6416,1773641600.731115,1773643010.275874,1117,401,200.054271,11.027398,0.472567,True
6417,1773641600.731144,1773642948.198771,412,102,75.756052,19.405972,0.557922,True
6418,1773641600.731177,1773642920.577281,237,14,20.368532,5.789420,1.121470,True
6419,1773641600.731206,1773642933.027813,417,83,44.996950,6.376235,0.470984,True
6420,1773641600.731238,1773642943.707819,394,94,66.313875,12.431852,0.579377,True
6421,1773641600.731267,1773642937.189754,404,139,53.256403,0.299459,0.383746,True
6422,1773641600.731296,1773642989.823380,994,427,157.963547,8.066769,0.351870,True
6423,1773641600.731325,1773642940.857082,413,91,59.136091,9.987355,0.546097,True
6424,1773641600.731354,1773643004.266064,1087,372,185.374835,11.243593,0.469356,True
6425,1773641600.731383,1773642998.842291,1032,395,174.215182,12.041376,0.411609,True
6426,1773641600.731411,1773643027.437996,1020,461,231.007187,13.678917,0.472453,True
6427,1773641600.731441,1773642936.625147,392,96,49.360406,4.237763,0.474975,True
6428,1773641600.731469,1773642942.695727,1662,92,61.479682,11.895010,0.544887,True
6429,1773641600.731498,1773642933.550857,401,85,43.081399,4.895409,0.454595,True
6430,1773641600.731527,1773642929.451137,400,91,34.839058,0.276496,0.384028,True
6431,1773641600.731556,1773643001.779236,1048,401,178.835538,13.072732,0.414407,True
6432,1773641600.731585,1773642941.554497,371,81,58.156610,12.958031,0.564982,True
6433,1773641600.731623,1773643001.926128,1009,402,178.319665,17.584563,0.400836,True
6434,1773641600.731652,1773642943.897729,402,81,62.011590,17.458755,0.556910,True
6435,1773641600.731681,1773642926.993501,1425,55,28.015449,7.350818,0.382678,True
6436,1773641600.731713,1773642932.653493,380,28,38.444602,12.129047,0.974650,True
6437,1773641600.731742,1773642992.747824,1068,395,158.529068,6.126016,0.386810,True
6438,1773641600.731770,1773642995.505585,1038,401,163.880507,3.655981,0.400561,True
6439,1773641600.731803,1773642946.354783,409,96,65.393074,14.167308,0.539219,True
6440,1773641600.731832,1773642938.566988,931,46,49.337602,11.661955,0.837237,True
6441,1773641600.731860,1773642962.547576,203,162,96.445769,11.109571,0.530038,True
6442,1773641600.731889,1773642941.375750,415,123,54.081201,2.886262,0.419631,True
6443,1773641600.731918,1773642988.829561,1083,379,148.905317,5.232117,0.380088,True
6444,1773641600.731966,1773642952.304118,414,103,75.294146,13.370433,0.607095,True
6445,1773641600.731996,1773642930.924836,1504,83,32.492571,0.666585,0.388122,True
6446,1773641600.732025,1773642990.417181,1038,431,151.223906,0.925804,0.349530,True
6447,1773641600.732054,1773642936.773476,1992,50,43.419397,13.545333,0.609675,True
6448,1773641600.732087,1773642938.658005,385,51,46.651682,10.280823,0.727417,True
6449,1773641600.732116,1773642928.599651,1256,48,26.136280,2.828212,0.495916,True
6450,1773641600.732145,1773642952.008620,396,99,71.901017,11.969500,0.611546,True
6451,1773641600.732174,1773642953.030839,396,113,73.649229,11.821419,0.552034,True
6452,1773641600.732206,1773643023.738812,1050,440,215.020744,11.353677,0.463934,True
6453,1773641600.732235,1773642938.931225,396,108,45.255710,2.057063,0.403726,True
6454,1773641600.732265,1773642937.741771,401,97,42.775738,3.821208,0.405776,True
6455,1773641600.732293,1773642995.740067,1073,396,158.127999,11.932838,0.370114,True
6456,1773641600.732322,1773642941.007505,374,69,48.600348,9.781980,0.570858,True
6457,1773641600.732360,1773643071.838826,1101,666,309.515801,13.176980,0.445622,True
6458,1773641600.732391,1773642957.263784,412,138,79.929629,10.282804,0.508371,True
6459,1773641600.732420,1773642937.522363,393,102,40.363359,1.312867,0.386639,True
6460,1773641600.732450,1773643002.815355,1011,384,170.784661,17.361126,0.400584,True
6461,1773641600.732482,1773642991.427781,1056,366,147.716120,13.442810,0.367872,True
6462,1773641600.732511,1773643009.356150,1064,433,182.422029,4.195263,0.412562,True
6463,1773641600.732539,1773642945.180619,1191,74,54.050147,13.886076,0.550193,True
6464,1773641600.732567,1773642939.925090,383,63,43.412638,9.607144,0.545250,True
6465,1773641600.732596,1773642927.309081,368,48,18.160666,0.285730,0.380318,True
6466,1773641600.732628,1773642976.396428,1315,230,116.314348,9.171979,0.467871,True
6467,1773641600.732656,1773643002.249449,1043,421,166.945237,1.014863,0.395072,True
6468,1773641600.732685,1773642946.101120,1204,72,54.523851,15.944941,0.543365,True
6469,1773641600.732716,1773643001.183782,988,395,164.152842,10.558875,0.389832,True
6470,1773641600.732744,1773642935.541125,978,80,32.845138,2.125196,0.388860,True
6471,1773641600.732772,1773643015.016198,1048,395,190.798918,9.921010,0.459081,True
6472,1773641600.732801,1773642943.999683,441,81,48.476927,9.776801,0.483752,True
6473,1773641600.732830,1773643013.905619,1101,449,188.121097,18.177176,0.379339,True
6474,1773641600.732858,1773642999.483160,1058,394,159.255060,3.641441,0.395963,True
6475,1773641600.732890,1773642937.185374,389,87,33.656102,1.407770,0.374981,True
6476,1773641600.732919,1773642937.630706,381,75,34.230468,3.962761,0.409023,True
6477,1773641600.732966,1773642948.241500,181,142,55.325142,1.186032,0.383965,True
6478,1773641600.732995,1773643015.450536,1046,407,189.325922,9.470291,0.442994,True
6479,1773641600.733024,1773643000.146668,1081,385,158.095058,7.497472,0.392181,True
6480,1773641600.733053,1773642940.994285,403,90,39.584124,3.276139,0.407955,True
6481,1773641600.733082,1773642964.677395,221,223,86.617333,0.598531,0.387472,True
6482,1773641600.733111,1773642946.244190,427,90,49.646086,7.174743,0.477206,True
6483,1773641600.733140,1773642932.366767,373,53,21.849521,0.272168,0.414949,True
6484,1773641600.733181,1773643001.730148,1035,397,160.177725,4.116917,0.394093,True
6485,1773641600.733209,1773642944.166396,378,83,44.863783,7.803374,0.451956,True
6486,1773641600.733242,1773642956.432126,123,152,69.043406,7.756183,0.405876,True
6487,1773641600.733271,1773642945.158741,2013,67,45.793221,10.148942,0.540065,True
6488,1773641600.733299,1773642947.230783,379,95,49.090600,6.658989,0.451400,True
6489,1773641600.733331,1773642964.776533,396,164,84.118866,15.305279,0.422169,True
6490,1773641600.733371,1773642940.773175,181,86,35.966324,2.967670,0.388219,True
6491,1773641600.733400,1773642942.742547,376,66,39.282412,7.060409,0.495723,True
6492,1773641600.733429,1773642937.060492,432,63,27.668295,0.660894,0.435603,True
6493,1773641600.733461,1773642996.875969,1048,414,147.277970,0.650491,0.355030,True
6494,1773641600.733490,1773642930.435178,890,32,13.768108,0.692043,0.421809,True
6495,1773641600.733520,1773642953.714532,400,101,60.118650,6.869239,0.532494,True
6496,1773641600.733549,1773642973.565386,402,200,99.527480,7.729587,0.461296,True
6497,1773641600.733578,1773642949.418786,398,134,50.941963,1.809849,0.369414,True
6498,1773641600.733607,1773642946.927973,391,118,45.812838,0.287914,0.389102,True
6499,1773641600.733635,1773642947.142382,402,82,45.802343,7.289941,0.475462,True
6500,1773641600.733663,1773642955.218007,397,112,61.850210,8.803409,0.477899,True
6501,1773641600.733695,1773642953.762264,393,99,58.874125,7.255575,0.526720,True
6502,1773641600.733727,1773642941.748023,408,91,34.078779,1.644525,0.360381,True
6503,1773641600.733756,1773642950.081255,403,140,50.724743,1.634165,0.353170,True
6504,1773641600.733785,1773643000.963450,1031,426,152.279809,0.500552,0.357128,True
6505,1773641600.733818,1773642965.906293,1313,198,81.750847,2.276103,0.403425,True
6506,1773641600.733849,1773643000.474321,1004,374,150.414851,3.219282,0.394626,True
6507,1773641600.733877,1773642946.355043,406,93,41.693570,4.158424,0.407991,True
6508,1773641600.733907,1773643019.392385,1106,530,187.602475,0.994675,0.352756,True
6509,1773641600.733951,1773642944.746380,1425,100,38.288458,0.983854,0.376814,True
6510,1773641600.733983,1773642946.745169,395,100,41.181471,2.331403,0.392425,True
6511,1773641600.734016,1773642952.807251,394,97,53.200968,5.374401,0.498193,True
6512,1773641600.734044,1773642979.424838,27,219,106.414748,5.313982,0.463765,True
6513,1773641600.734073,1773642948.574111,391,111,44.610578,2.216854,0.385397,True
6514,1773641600.734103,1773642955.074008,431,107,57.546793,7.489233,0.472241,True
6515,1773641600.734217,1773642950.042039,1475,84,46.879492,6.939433,0.481206,True
6516,1773641600.734248,1773642944.369469,414,105,35.346807,0.418121,0.335853,True
6517,1773641600.734279,1773642942.368515,876,85,31.278483,0.449654,0.367010,True
6518,1773641600.734321,1773642949.764563,1663,71,45.756115,9.313786,0.520605,True
6519,1773641600.734351,1773642951.994157,407,75,49.983113,11.019877,0.526530,True
6520,1773641600.734384,1773642971.735389,1315,203,89.361550,10.967541,0.388089,True
6521,1773641600.734414,1773642951.356084,412,117,48.479109,2.550046,0.395940,True
6522,1773641600.734443,1773642991.769909,1044,374,128.915795,0.495477,0.344290,True
6523,1773641600.734473,1773642947.491516,384,103,40.133113,1.474818,0.379003,True
6524,1773641600.734503,1773642946.255748,415,108,37.599524,0.413324,0.347535,True
6525,1773641600.734532,1773642952.807404,394,90,50.329331,5.899347,0.499213,True
6526,1773641600.734560,1773642953.375622,1086,95,51.280842,5.768647,0.484172,True
6527,1773641600.734589,1773643012.881372,1044,378,169.362612,10.284705,0.421957,True
6528,1773641600.734619,1773642943.729448,390,88,30.362467,0.408332,0.344300,True
6529,1773641600.734651,1773642938.930904,390,61,20.660732,0.593364,0.334456,True
6530,1773641600.734681,1773642936.862322,237,14,16.460642,6.152228,0.792955,True
6531,1773641600.734710,1773642943.362468,1230,52,28.862743,5.642403,0.455301,True
6532,1773641600.734740,1773642944.362602,1062,51,30.638925,6.165704,0.489464,True
6533,1773641600.734769,1773642957.497067,454,122,56.209507,7.073639,0.406082,True
6534,1773641600.734799,1773643000.106866,1060,398,141.303941,1.845503,0.351281,True
6535,1773641600.734831,1773642948.848518,479,75,37.978553,6.606784,0.423943,True
6536,1773641600.734860,1773643011.753536,1045,418,163.704634,6.656066,0.376615,True
6537,1773641600.734890,1773642947.142375,399,80,34.086334,3.404744,0.388375,True
6538,1773641600.734922,1773643012.010102,963,406,163.369092,0.770289,0.401479,True
6539,1773641600.734970,1773642953.103535,432,88,45.512582,8.137774,0.429595,True
6540,1773641600.734999,1773642950.412683,395,106,39.986165,1.154254,0.369828,True
6541,1773641600.735028,1773642942.260291,390,72,23.639377,0.951265,0.319551,True
6542,1773641600.735057,1773643036.712408,1164,437,212.255160,11.521104,0.460399,True
6543,1773641600.735085,1773642940.118887,242,14,19.001107,7.403822,0.892099,True
6544,1773641600.735118,1773642952.406237,389,89,43.429796,2.812499,0.461560,True
6545,1773641600.735147,1773642950.542616,435,106,39.224477,0.551870,0.368311,True
6546,1773641600.735179,1773642947.230922,1101,40,32.371958,8.398547,0.614703,True
6547,1773641600.735210,1773642946.224264,383,63,30.273908,3.486454,0.432056,True
6548,1773641600.735242,1773643019.232087,1095,429,175.878410,3.667427,0.402362,True
6549,1773641600.735270,1773642949.374796,379,58,35.710396,7.423678,0.496258,True
6550,1773641600.735298,1773642943.244317,1188,48,23.074794,5.595066,0.371909,True
6551,1773641600.735327,1773643012.631452,988,395,160.548861,8.427599,0.386095,True
6552,1773641600.735355,1773642939.938088,1940,42,15.141140,0.793591,0.349940,True
6553,1773641600.735389,1773643011.500996,1076,434,157.996518,5.080531,0.353155,True
6554,1773641600.735418,1773642957.876341,412,102,50.727546,7.892505,0.424109,True
6555,1773641600.735446,1773643026.398475,1109,410,187.482230,12.127930,0.428739,True
6556,1773641600.735479,1773642993.534648,307,312,121.526029,0.796956,0.388196,True
6557,1773641600.735506,1773643045.120864,983,546,224.179967,3.043810,0.405754,True
6558,1773641600.735535,1773642949.663830,386,86,32.667309,0.865154,0.374143,True
6559,1773641600.735563,1773643028.522979,1054,414,190.343878,11.434113,0.433196,True
6560,1773641600.735592,1773643032.470700,1112,463,197.825852,5.188499,0.416964,True
6561,1773641600.735620,1773643013.430584,1013,375,159.119650,12.726786,0.391425,True
6562,1773641600.735649,1773643018.283045,1110,405,168.739958,2.374527,0.411796,True
6563,1773641600.735678,1773643110.583894,181,1000,353.194510,1.972924,0.351573,True
6564,1773641600.735706,1773643029.976512,1091,410,191.546189,12.435328,0.437924,True
6565,1773641600.735737,1773642964.086174,405,160,59.722801,4.521707,0.347177,True
6566,1773641600.735766,1773643061.796642,1194,598,254.529057,2.769777,0.421707,True
6567,1773641600.735794,1773642961.658567,407,87,54.230995,6.241814,0.558014,True
6568,1773641600.735822,1773643038.508575,1106,530,207.908965,7.730998,0.378408,True
6569,1773641600.735851,1773642957.182164,407,95,44.221219,4.120653,0.426602,True
6570,1773641600.735880,1773643023.013034,1069,421,175.199787,5.135929,0.404914,True
6571,1773641600.735908,1773643032.489345,1118,458,193.882243,2.712560,0.418314,True
6572,1773641600.735958,1773642960.714139,398,96,49.750667,7.840050,0.441164,True
6573,1773641600.735987,1773642970.193381,399,132,68.644905,7.201862,0.469031,True
6574,1773641600.736022,1773642961.733772,402,84,51.271901,10.499765,0.491231,True
6575,1773641600.736050,1773643040.505130,983,482,207.750189,4.411903,0.422741,True
6576,1773641600.736078,1773642962.917140,398,96,52.304319,9.873842,0.446637,True
6577,1773641600.736107,1773642956.848231,402,107,40.143561,2.167204,0.358268,True
6578,1773641600.736138,1773642948.270777,378,53,22.968004,2.156727,0.400217,True
6579,1773641600.736167,1773642958.850195,1208,66,43.961888,10.801576,0.510159,True
6580,1773641600.736196,1773642957.874968,1992,56,41.906711,12.396755,0.536545,True
6581,1773641600.736224,1773642963.869761,929,141,53.604416,3.337610,0.359049,True
6582,1773641600.736253,1773642960.493248,429,104,46.602894,3.850134,0.415075,True
6583,1773641600.736284,1773643042.271745,1120,571,210.137768,5.711506,0.358643,True
6584,1773641600.736311,1773642969.628422,1518,130,64.206675,6.622031,0.446393,True
6585,1773641600.736339,1773642958.105199,394,100,40.926935,3.771122,0.375311,True
6586,1773641600.736371,1773642980.141785,165,217,84.790717,3.666254,0.375576,True
6587,1773641600.736403,1773642960.665487,391,101,44.673135,1.434269,0.432389,True
6588,1773641600.736434,1773643007.835545,1112,401,138.573825,2.266498,0.340768,True
6589,1773641600.736462,1773643032.391736,1032,399,187.644107,12.564985,0.439897,True
6590,1773641600.736491,1773642966.665715,446,101,55.999158,3.980929,0.520182,True
6591,1773641600.736519,1773642974.584877,401,147,71.651127,4.837122,0.457630,True
6592,1773641600.736551,1773643025.926434,1084,403,173.983171,5.212149,0.419828,True
6593,1773641600.736578,1773642960.718217,405,95,43.544932,5.201377,0.407910,True
6594,1773641600.736606,1773642967.307821,408,103,55.874695,3.276482,0.515669,True
6595,1773641600.736635,1773642953.454128,388,64,27.165727,2.174410,0.396688,True
6596,1773641600.736663,1773642967.478876,1606,107,55.173122,5.691567,0.466807,True
6597,1773641600.736691,1773642960.590300,440,95,41.312381,3.744934,0.399654,True
6598,1773641600.736720,1773642961.143100,402,108,42.395425,2.969018,0.368471,True
6599,1773641600.736748,1773642963.419048,369,88,46.862325,11.148122,0.410508,True
6600,1773641600.736777,1773642954.899494,383,83,29.555734,0.693483,0.351979,True
6601,1773641600.736809,1773642960.718224,426,93,41.131494,5.023399,0.392479,True
6602,1773641600.736841,1773643009.966888,1005,405,139.423532,1.740319,0.340800,True
6603,1773641600.736872,1773642952.154785,383,38,22.746871,3.859750,0.510463,True
6604,1773641600.736901,1773642992.818542,181,221,103.908637,1.782727,0.464209,True
6605,1773641600.736948,1773642984.782760,1313,161,87.688457,13.769565,0.461993,True
6606,1773641600.736987,1773642997.161960,1350,264,112.321518,5.141680,0.407528,True
6607,1773641600.737016,1773642985.681037,417,200,89.337533,4.571677,0.425959,True
6608,1773641600.737045,1773642956.373329,379,63,29.985533,3.795341,0.422422,True
6609,1773641600.737073,1773643020.192782,1034,398,157.268863,6.427852,0.379952,True
6610,1773641600.737104,1773642943.749185,120,12,4.295465,0.525424,0.342731,True
6611,1773641600.737136,1773642961.331218,1872,62,39.437999,5.026342,0.564126,True
6612,1773641600.737165,1773643028.912141,1055,411,174.306495,5.662817,0.411326,True
6613,1773641600.737194,1773643034.131433,1087,516,183.769909,3.004149,0.351001,True
6614,1773641600.737222,1773642963.212392,393,97,41.890567,2.908705,0.406061,True
6615,1773641600.737251,1773642971.967235,416,122,59.377401,5.515423,0.445140,True
6616,1773641600.737279,1773643027.786473,1002,413,170.828102,15.054505,0.378091,True
6617,1773641600.737308,1773642965.812988,378,66,46.216999,12.003585,0.526360,True
6618,1773641600.737336,1773642986.215633,181,187,86.936496,5.238867,0.439235,True
6619,1773641600.737379,1773642970.337471,411,105,54.177943,3.390084,0.488345,True
6620,1773641600.737408,1773642963.540346,1291,58,40.478828,6.301499,0.599602,True
6621,1773641600.737437,1773642960.189138,383,91,33.631145,0.748374,0.365364,True
6622,1773641600.737469,1773642967.992499,404,89,48.551877,5.885669,0.484843,True
6623,1773641600.737496,1773642953.454136,878,40,19.433007,3.684391,0.403811,True
6624,1773641600.737525,1773643016.347698,1055,424,145.175369,1.822300,0.338896,True
6625,1773641600.737553,1773642950.867438,299,18,13.921158,3.764128,0.597472,True
6626,1773641600.737581,1773643013.662990,1044,381,139.427928,0.836615,0.364714,True
6627,1773641600.737609,1773643035.589578,1089,401,183.172661,4.259981,0.447282,True
6628,1773641600.737646,1773643035.589312,1051,399,182.842144,5.404369,0.445824,True
6629,1773641600.737673,1773643077.426139,1001,608,266.187291,7.567182,0.426063,True
6630,1773641600.737701,1773643017.610343,1173,378,146.492258,6.856001,0.370388,True
6631,1773641600.737730,1773642968.243021,423,96,47.735346,4.511860,0.454984,True
6632,1773641600.737760,1773643027.936125,1113,375,167.101781,7.656880,0.426323,True
6633,1773641600.737788,1773642958.441194,417,81,28.091490,0.584234,0.343841,True
6634,1773641600.737820,1773643029.378927,1034,398,169.246304,16.777070,0.384053,True
6635,1773641600.737847,1773642963.418777,1539,43,36.501517,12.425691,0.573234,True
6636,1773641600.737875,1773642959.445137,388,88,28.514949,0.576163,0.321135,True
6637,1773641600.737909,1773642964.086182,1034,89,37.546825,6.729263,0.350200,True
6638,1773641600.737952,1773642963.812304,1434,86,35.405655,3.841980,0.371337,True
6639,1773641600.737983,1773642961.962253,419,92,31.474498,0.313173,0.342432,True
6640,1773641600.738016,1773642969.316291,411,91,46.137757,4.973381,0.457382,True
6641,1773641600.738046,1773642971.102595,400,125,49.690377,6.203593,0.350700,True
6642,1773641600.738074,1773642969.449060,392,110,46.361077,7.619529,0.355427,True
6643,1773641600.738103,1773642959.381377,382,76,26.039095,0.356395,0.342436,True
6644,1773641600.738132,1773642957.556418,1496,50,22.368323,3.460727,0.385869,True
6645,1773641600.738160,1773642953.446641,385,25,13.380418,3.226037,0.423099,True
6646,1773641600.738191,1773642979.337547,399,92,64.805368,17.982432,0.514538,True
6647,1773641600.738220,1773642978.099978,194,162,61.931706,2.816810,0.367173,True
6648,1773641600.738249,1773642970.337462,410,96,46.384522,4.754773,0.438208,True
6649,1773641600.738279,1773643033.082581,969,395,171.854281,4.744483,0.424137,True
6650,1773641600.738316,1773642971.895453,389,101,49.313737,5.345198,0.439685,True
6651,1773641600.738346,1773642970.303215,1124,96,46.106693,5.334014,0.429186,True
6652,1773641600.738375,1773642977.074784,402,99,59.420055,12.439765,0.479391,True
6653,1773641600.738405,1773642975.766283,398,96,56.782239,12.429039,0.466876,True
6654,1773641600.738513,1773642979.032007,1352,149,63.066956,3.728918,0.400933,True
6655,1773641600.738545,1773642958.629647,430,72,22.117304,0.305837,0.307204,True
6656,1773641600.738579,1773643041.772694,1009,523,187.137334,1.747320,0.355153,True
6657,1773641600.738608,1773642968.890019,385,68,41.289808,6.930315,0.512828,True
6658,1773641600.738638,1773643011.001781,1087,373,125.448282,0.572740,0.335687,True
6659,1773641600.738668,1773642971.659498,373,92,46.446821,4.427931,0.461746,True
6660,1773641600.738697,1773643018.593695,1109,374,140.110517,5.000059,0.362226,True
6661,1773641600.738727,1773642970.764667,381,76,44.368923,6.595514,0.503645,True
6662,1773641600.738759,1773642967.983374,414,93,38.249387,3.299860,0.379886,True
6663,1773641600.738787,1773642960.174400,1391,52,22.382845,3.175460,0.376615,True
6664,1773641600.738816,1773642957.235233,375,53,15.823199,0.603725,0.292682,True
6665,1773641600.738845,1773642968.945544,376,105,39.118936,0.920133,0.367296,True
6666,1773641600.738875,1773642992.859153,206,217,86.862356,4.460020,0.381492,True
6667,1773641600.738904,1773642991.866530,161,168,84.399825,3.878020,0.482166,True
6668,1773641600.738949,1773642966.019173,383,57,32.683473,5.498161,0.485452,True
6669,1773641600.738981,1773643039.153882,1055,378,178.765263,10.032845,0.447566,True
6670,1773641600.739010,1773642985.351262,11,167,70.603066,3.488894,0.404302,True
6671,1773641600.739043,1773643038.950271,1103,392,177.733973,7.142411,0.436296,True
6672,1773641600.739072,1773643026.036395,1056,429,151.802978,0.562137,0.353366,True
6673,1773641600.739104,1773642972.524297,1328,82,44.201196,8.613354,0.439356,True
6674,1773641600.739132,1773642973.618533,398,96,46.368288,4.741019,0.438182,True
6675,1773641600.739164,1773642983.713846,436,91,66.328242,18.637330,0.529899,True
6676,1773641600.739193,1773643005.252148,126,203,109.218101,8.393721,0.499131,True
6677,1773641600.739222,1773643024.610301,1047,414,147.477798,2.736200,0.350464,True
6678,1773641600.739251,1773642964.965191,402,82,27.214130,0.306118,0.332198,True
6679,1773641600.739280,1773642965.462634,394,71,27.878927,2.084660,0.368490,True
6680,1773641600.739309,1773642965.941387,375,61,28.543462,2.380200,0.436054,True
6681,1773641600.739337,1773643027.351312,1164,401,150.700578,7.180679,0.358800,True
6682,1773641600.739366,1773643048.361233,1004,403,192.699927,9.172264,0.456536,True
6683,1773641600.739404,1773642984.023191,1076,81,63.714092,15.199188,0.606436,True
6684,1773641600.739439,1773642989.495286,1115,104,74.367007,13.207507,0.593782,True
6685,1773641600.739468,1773643039.010536,1277,390,173.186603,2.516404,0.438741,True
6686,1773641600.739497,1773642966.763700,391,80,28.671538,1.179603,0.347999,True
6687,1773641600.739526,1773642976.099361,400,134,47.280891,0.298755,0.353249,True
6688,1773641600.739558,1773643022.321233,1076,389,139.013419,2.363421,0.352191,True
6689,1773641600.739587,1773642972.897464,1662,88,40.144808,4.713967,0.407251,True
6690,1773641600.739619,1773642972.570224,379,81,39.243515,6.184786,0.413234,True
6691,1773641600.739663,1773642982.860581,410,97,59.654107,12.485892,0.491336,True
6692,1773641600.739692,1773642981.576574,396,81,56.941945,12.413998,0.556599,True
6693,1773641600.739721,1773642981.491469,1614,104,56.215132,5.469523,0.492676,True
6694,1773641600.739750,1773642972.947692,375,87,38.982850,2.580672,0.423281,True
6695,1773641600.739779,1773642978.920327,410,126,50.907208,2.569952,0.386698,True
6696,1773641600.739809,1773642984.023346,419,81,61.090669,13.887228,0.590043,True
6697,1773641600.739837,1773643055.015463,1120,396,203.053525,16.956419,0.471132,True
6698,1773641600.739891,1773642986.025170,395,108,64.599325,6.687051,0.541236,True
6699,1773641600.739951,1773643028.183790,1054,414,148.831374,5.320377,0.347484,True
6700,1773641600.739983,1773642974.475165,464,90,40.175797,4.701083,0.398592,True
6701,1773641600.740013,1773643039.266910,1161,428,168.726577,11.392551,0.368464,True
6702,1773641600.740047,1773642966.366182,371,62,22.781007,0.289136,0.368719,True
6703,1773641600.740077,1773643012.170059,209,217,114.179223,11.123373,0.477110,True
6704,1773641600.740107,1773643004.060482,181,171,97.667142,10.976330,0.509946,True
6705,1773641600.740137,1773642976.767873,394,80,42.973911,5.131608,0.479016,True
6706,1773641600.740167,1773643043.121178,1142,396,175.196277,4.184434,0.432941,True
6707,1773641600.740197,1773643029.185866,1044,407,147.115048,5.034436,0.349952,True
6708,1773641600.740229,1773643058.318200,995,396,204.490115,14.171774,0.481819,True
6709,1773641600.740259,1773643031.667488,1054,414,150.751667,6.032731,0.350409,True
6710,1773641600.740288,1773642978.696969,394,100,44.643834,3.332477,0.417286,True
6711,1773641600.740317,1773642977.197700,429,112,41.521266,0.341763,0.370987,True
6712,1773641600.740346,1773642991.013560,394,97,68.964966,13.914582,0.573441,True
6713,1773641600.740375,1773642984.493504,906,114,55.277436,9.441159,0.405631,True
6714,1773641600.740407,1773642986.671258,400,106,59.197724,12.114716,0.448410,True
6715,1773641600.740435,1773642979.424829,381,89,44.475157,3.225455,0.468747,True
6716,1773641600.740465,1773642992.859612,1352,130,71.241221,15.033479,0.435719,True
6717,1773641600.740495,1773642979.666398,397,89,44.791064,3.808326,0.465713,True
6718,1773641600.740524,1773642976.737019,402,98,38.473574,1.633225,0.379797,True
6719,1773641600.740556,1773642991.490177,9,190,67.855509,0.232978,0.357791,True
6720,1773641600.740585,1773643045.508971,1134,397,175.246201,15.308418,0.403883,True
6721,1773641600.740614,1773642991.332586,372,82,66.873121,12.348737,0.673141,True
6722,1773641600.740643,1773643026.148243,1141,375,136.317594,6.298827,0.347644,True
6723,1773641600.740674,1773643072.038588,1109,462,227.851294,15.255695,0.461162,True
6724,1773641600.740706,1773642997.385728,394,94,78.524893,16.494258,0.666996,True
6725,1773641600.740733,1773643030.048215,1095,398,143.206301,0.522628,0.359405,True
6726,1773641600.740762,1773642996.984899,1525,88,76.704650,22.447265,0.623648,True
6727,1773641600.740791,1773643044.867180,1052,398,172.284825,2.900751,0.426660,True
6728,1773641600.740820,1773642995.075728,1313,204,72.435013,1.825353,0.347831,True
6729,1773641600.740849,1773642981.491347,409,94,44.623233,3.885798,0.438037,True
6730,1773641600.740878,1773643053.422158,1156,405,188.073673,23.927077,0.406303,True
6731,1773641600.740906,1773642969.824763,378,51,20.751745,0.235917,0.410317,True
6732,1773641600.740949,1773642986.923822,404,100,53.886686,7.792049,0.465602,True
6733,1773641600.740981,1773643039.409268,1050,423,158.459647,4.466276,0.364913,True
6734,1773641600.741009,1773642971.492823,373,58,22.584002,0.262116,0.391612,True
6735,1773641600.741037,1773642993.513263,492,98,66.396665,9.930135,0.582129,True
6736,1773641600.741067,1773642976.904279,382,75,32.807366,1.125164,0.428138,True
6737,1773641600.741097,1773642962.693090,120,12,4.198015,0.238508,0.359955,True
6738,1773641600.741126,1773642992.967439,1314,142,64.600487,2.397827,0.441154,True
6739,1773641600.741161,1773642998.278151,200,204,75.116211,0.245754,0.368820,True
6740,1773641600.741189,1773642975.921855,386,65,30.382557,2.367581,0.437734,True
6741,1773641600.741221,1773643052.287364,1124,419,183.091543,2.356660,0.432380,True
6742,1773641600.741250,1773643058.349460,1187,438,194.396768,20.348728,0.398279,True
6743,1773641600.741279,1773643047.615666,1112,401,172.550582,3.083081,0.423669,True
6744,1773641600.741311,1773643041.464600,1045,418,159.602471,6.993252,0.365969,True
6745,1773641600.741341,1773643034.194502,1095,398,144.915676,2.909087,0.357699,True
6746,1773641600.741386,1773642971.369430,400,46,18.802123,0.291560,0.411346,True
6747,1773641600.741419,1773642989.830954,398,141,55.492920,1.430197,0.386162,True
6748,1773641600.741448,1773642973.593643,420,57,22.997624,0.346279,0.404488,True
6749,1773641600.741477,1773643057.588803,1182,477,190.078357,8.797167,0.380843,True
6750,1773641600.741506,1773642972.967306,1625,50,20.542315,0.711450,0.404712,True
6751,1773641600.741535,1773643009.655545,1358,174,93.462307,9.556899,0.485002,True
6752,1773641600.741564,1773642979.032160,390,85,31.618291,1.042003,0.364003,True
6753,1773641600.741593,1773642981.011466,422,85,35.371533,1.547539,0.402667,True
6754,1773641600.741622,1773642991.418140,406,76,55.996998,9.061423,0.625808,True
6755,1773641600.741651,1773642993.599168,419,88,60.337079,9.784032,0.581069,True
6756,1773641600.741683,1773642984.363689,402,65,41.636033,7.801424,0.528666,True
6757,1773641600.741711,1773642981.149230,433,101,34.959045,0.298628,0.346604,True
6758,1773641600.741743,1773642975.180487,386,63,22.728554,1.249027,0.346444,True
6759,1773641600.741773,1773642982.349658,390,104,37.044845,1.238629,0.347633,True
6760,1773641600.741802,1773643056.320013,1115,404,184.879012,21.650392,0.405034,True
6761,1773641600.741830,1773643007.945831,203,217,87.946558,0.478892,0.404943,True
6762,1773641600.741860,1773642994.649676,391,90,61.104303,10.520324,0.568359,True
6763,1773641600.741892,1773642994.649687,394,90,61.083027,10.509596,0.568241,True
6764,1773641600.741920,1773642981.413507,429,89,33.454799,0.431713,0.375262,True
6765,1773641600.741973,1773643062.302760,1015,451,195.046701,20.100101,0.388770,True
6766,1773641600.742003,1773642967.961046,247,14,5.969792,0.254003,0.439676,True
6767,1773641600.742033,1773643032.983329,1203,379,135.023030,1.727690,0.352633,True
6768,1773641600.742062,1773643004.922162,10,114,78.749199,19.331958,0.525816,True
6769,1773641600.742091,1773642988.240218,392,99,44.992399,0.486084,0.454146,True
6770,1773641600.742121,1773643098.916770,1209,595,266.201143,9.235374,0.432602,True
6771,1773641600.742150,1773643090.673877,1186,643,249.529669,0.857210,0.387340,True
6772,1773641600.742182,1773643044.468954,880,413,157.036922,6.505913,0.365367,True
6773,1773641600.742209,1773642982.738461,397,93,33.432318,1.320796,0.349038,True
6774,1773641600.742239,1773642983.496718,429,95,34.928149,1.310221,0.357638,True
6775,1773641600.742270,1773642998.407874,1317,176,64.064560,0.587838,0.362724,True
6776,1773641600.742302,1773642991.661405,378,76,50.552533,9.398669,0.548718,True
6777,1773641600.742330,1773642986.106405,397,83,38.877113,0.552009,0.467379,True
6778,1773641600.742359,1773642982.999142,379,79,32.454883,1.386910,0.398307,True
6779,1773641600.742388,1773642989.777284,1125,90,44.922632,1.220896,0.491031,True
6780,1773641600.742418,1773643050.869591,1034,440,166.771438,6.333773,0.365462,True
6781,1773641600.742450,1773642983.506551,404,91,31.087157,0.336365,0.341675,True
6782,1773641600.742478,1773643064.703738,1051,399,193.460644,8.861918,0.463816,True
6783,1773641600.742507,1773642987.141860,389,76,38.295003,5.822359,0.432969,True
6784,1773641600.742537,1773642984.029068,1995,56,32.048814,6.779452,0.459443,True
6785,1773641600.742566,1773643034.814741,1050,379,133.452945,0.602796,0.351455,True
6786,1773641600.742595,1773642989.388646,420,113,42.287639,0.419863,0.373819,True
6787,1773641600.742628,1773642999.245073,401,91,61.523185,9.056440,0.582964,True
6788,1773641600.742657,1773643004.893453,1185,74,72.022211,22.000654,0.685227,True
6789,1773641600.742686,1773642984.046366,396,88,30.307806,0.397115,0.343801,True
6790,1773641600.742719,1773643037.987442,1044,393,138.062704,0.491201,0.350948,True
6791,1773641600.742752,1773643007.835538,394,109,77.404596,19.521539,0.535954,True
6792,1773641600.742784,1773643043.074510,961,399,147.508602,6.528894,0.354220,True
6793,1773641600.742894,1773643077.295719,1044,483,215.678228,6.327477,0.434338,True
6794,1773641600.742930,1773642978.729227,237,14,18.523415,6.316479,0.938995,True
6795,1773641600.742979,1773643051.202133,1035,386,163.136092,0.794184,0.421667,True
6796,1773641600.743009,1773642987.050467,411,105,34.441067,0.296402,0.328314,True
6797,1773641600.743039,1773643047.089507,1047,414,153.770452,5.644734,0.358658,True
6798,1773641600.743073,1773643037.496516,1103,371,134.376852,7.447142,0.343053,True
6799,1773641600.743101,1773642981.248347,389,46,21.816531,1.712960,0.446746,True
6800,1773641600.743131,1773643068.698741,1165,442,196.695307,4.897245,0.434916,True
6801,1773641600.743160,1773642986.762765,418,86,31.988694,0.413457,0.371473,True
6802,1773641600.743190,1773643008.072820,409,135,74.545482,8.023882,0.496430,True
6803,1773641600.743222,1773643007.785318,181,134,73.348868,5.717965,0.508503,True
6804,1773641600.743255,1773642985.322824,450,83,27.905174,0.303228,0.336609,True
6805,1773641600.743284,1773642987.050737,409,94,31.113301,0.355833,0.330725,True
6806,1773641600.743312,1773643056.947107,1159,398,170.567379,4.855614,0.417410,True
6807,1773641600.743341,1773643059.107706,880,413,174.724528,16.909439,0.383046,True
6808,1773641600.743373,1773643074.555530,1114,579,205.598389,4.403593,0.348088,True
6809,1773641600.743404,1773643061.191655,1062,460,178.580379,5.853918,0.376310,True
6810,1773641600.743434,1773642993.645230,420,117,43.344774,0.413822,0.370094,True
6811,1773641600.743463,1773642990.272229,393,68,35.476834,4.294729,0.465405,True
6812,1773641600.743492,1773642997.649818,400,125,50.147095,3.583956,0.375509,True
6813,1773641600.743521,1773643005.710705,393,71,65.873971,19.544947,0.661843,True
6814,1773641600.743550,1773643004.898315,407,126,64.183580,6.017483,0.465329,True
6815,1773641600.743579,1773642993.412360,386,77,41.024361,8.625834,0.426296,True
6816,1773641600.743608,1773642997.481534,2005,131,49.060450,1.958097,0.362326,True
6817,1773641600.743636,1773642990.137327,181,104,34.328197,0.244010,0.330914,True
6818,1773641600.743665,1773643068.142373,1067,436,189.150134,4.281622,0.424985,True
6819,1773641600.743694,1773643065.921038,1085,540,184.642777,0.508412,0.341622,True
6820,1773641600.743723,1773642987.868127,403,65,28.495599,2.605207,0.404537,True
6821,1773641600.743752,1773642994.760879,397,89,41.901900,3.018775,0.441854,True
6822,1773641600.743780,1773643062.138441,1243,373,176.575349,7.148729,0.455448,True
6823,1773641600.743809,1773643004.304862,181,157,60.516812,2.114083,0.374376,True
6824,1773641600.743837,1773643000.096771,408,94,52.058310,5.105072,0.504874,True
6825,1773641600.743866,1773643054.956630,1171,414,160.953292,8.226823,0.369798,True
6826,1773641600.743898,1773642994.178612,375,82,39.169513,8.113108,0.383412,True
6827,1773641600.743927,1773643004.304870,402,119,59.400765,11.390241,0.406869,True
6828,1773641600.743973,1773642999.259370,402,98,49.038779,2.088289,0.484026,True
6829,1773641600.744005,1773642988.743664,373,80,27.122461,0.977555,0.330948,True
6830,1773641600.744034,1773643000.845497,403,103,51.010439,3.832485,0.462529,True
6831,1773641600.744063,1773643005.254291,411,163,59.618278,0.894941,0.362490,True
6832,1773641600.744095,1773642999.330550,403,79,47.123166,5.229829,0.537094,True
6833,1773641600.744123,1773642993.673853,374,75,35.539437,2.420726,0.447550,True
6834,1773641600.744151,1773643003.992838,1881,115,56.134170,4.709423,0.451094,True
6835,1773641600.744180,1773642992.308505,379,92,32.396228,0.286318,0.352856,True
6836,1773641600.744209,1773642994.723789,373,58,36.651325,10.086812,0.466044,True
6837,1773641600.744237,1773642994.693797,396,102,36.070379,0.287668,0.354284,True
6838,1773641600.744266,1773642989.421335,390,78,25.359471,0.301110,0.325433,True
6839,1773641600.744294,1773643079.019063,1182,477,204.490448,4.076357,0.421038,True
6840,1773641600.744324,1773642996.494519,392,88,39.168412,3.724869,0.407397,True
6841,1773641600.744358,1773643022.991680,1315,184,91.830021,7.543919,0.460580,True
6842,1773641600.744387,1773642994.820796,411,100,35.238363,0.295960,0.352954,True
6843,1773641600.744421,1773643025.313987,415,191,94.581112,6.597396,0.463072,True
6844,1773641600.744450,1773643003.255130,379,105,50.380380,0.551201,0.479127,True
6845,1773641600.744479,1773643018.237092,203,217,80.260619,0.251900,0.370411,True
6846,1773641600.744508,1773643080.892335,1164,477,205.086545,5.852611,0.418559,True
6847,1773641600.744537,1773642996.165338,394,66,34.925020,4.572340,0.466964,True
6848,1773641600.744567,1773643000.687098,413,93,43.903599,0.412751,0.472727,True
6849,1773641600.744596,1773643067.539036,1194,428,177.378304,1.066142,0.412909,True
6850,1773641600.744627,1773643000.474164,392,85,43.098432,4.350623,0.461283,True
6851,1773641600.744656,1773643008.611383,2002,113,59.142852,6.231627,0.472422,True
6852,1773641600.744686,1773643072.103117,961,433,186.105770,7.380554,0.413716,True
6853,1773641600.744714,1773643092.236735,1170,599,225.788893,12.976379,0.355874,True
6854,1773641600.744743,1773643078.926380,1067,427,199.063915,6.472603,0.452092,True
6855,1773641600.744771,1773642999.236871,1332,79,39.622989,4.776333,0.446752,True
6856,1773641600.744800,1773643001.250512,407,94,43.628118,4.765369,0.417879,True
6857,1773641600.744829,1773643059.488434,1164,379,159.629979,5.872938,0.406765,True
6858,1773641600.744861,1773643003.920439,1849,99,47.539648,2.084859,0.463824,True
6859,1773641600.744890,1773643003.852001,1976,67,46.631325,11.702875,0.529219,True
6860,1773641600.744922,1773643060.154700,1134,394,159.090682,9.233356,0.381316,True
6861,1773641600.744967,1773643021.081804,1352,180,80.117780,6.416253,0.411740,True
6862,1773641600.744995,1773643005.141527,459,98,48.192697,1.860487,0.477652,True
6863,1773641600.745023,1773643011.501161,414,85,60.848250,15.663451,0.537914,True
6864,1773641600.745052,1773643085.263417,1162,603,208.206805,0.543796,0.344955,True
6865,1773641600.745082,1773643001.411307,396,74,40.316360,8.046827,0.442048,True
6866,1773641600.745114,1773642999.447500,374,72,36.062299,5.014206,0.437297,True
6867,1773641600.745142,1773643001.490700,384,75,39.983423,7.800925,0.434899,True
6868,1773641600.745170,1773643109.123373,1166,598,255.226769,9.872317,0.410979,True
6869,1773641600.745199,1773643083.522074,1036,451,203.875203,5.668087,0.440460,True
6870,1773641600.745228,1773643003.392019,395,93,43.281839,8.091750,0.382501,True
6871,1773641600.745260,1773643072.493893,1114,516,180.280721,2.469176,0.345265,True
6872,1773641600.745291,1773643066.608912,1051,399,168.055560,2.135918,0.416884,True
6873,1773641600.745320,1773643011.569988,457,112,57.641452,4.344828,0.480150,True
6874,1773641600.745348,1773642999.557710,370,59,33.596508,6.077291,0.474469,True
6875,1773641600.745388,1773643036.417558,194,217,107.107775,4.389230,0.475549,True
6876,1773641600.745415,1773643002.377798,391,57,38.965442,9.343946,0.528955,True
6877,1773641600.745444,1773642997.467903,1722,47,29.042033,6.461671,0.490877,True
6878,1773641600.745473,1773643055.517074,1142,396,145.013460,1.812684,0.362534,True
6879,1773641600.745502,1773643003.465437,421,70,39.928094,5.335432,0.501343,True
6880,1773641600.745534,1773643051.004096,1165,386,134.983534,0.536757,0.349212,True
6881,1773641600.745562,1773643010.280578,375,76,53.115474,13.017053,0.534646,True
6882,1773641600.745590,1773643006.587849,432,90,45.127766,1.246466,0.493048,True
6883,1773641600.745620,1773643005.645486,379,83,43.221909,5.557489,0.459322,True
6884,1773641600.745651,1773643003.143384,401,75,38.196848,1.225841,0.499608,True
6885,1773641600.745680,1773643014.844834,1457,103,61.578450,6.715595,0.537871,True
6886,1773641600.745712,1773642992.738279,304,18,16.743146,7.015627,0.572207,True
6887,1773641600.745741,1773643004.520153,442,90,40.286200,7.279398,0.370863,True
6888,1773641600.745773,1773643024.025592,1314,174,79.052123,8.831216,0.405901,True
6889,1773641600.745807,1773643007.991689,406,98,46.406240,4.620178,0.430784,True
6890,1773641600.745835,1773643029.378922,1277,188,88.475814,12.307348,0.407318,True
6891,1773641600.745868,1773643006.482233,422,112,42.310667,0.296030,0.378510,True
6892,1773641600.745901,1773643070.997767,1135,439,171.279488,6.298479,0.376669,True
6893,1773641600.745945,1773643113.830985,1186,607,256.444057,7.040812,0.411557,True
6894,1773641600.745981,1773643014.184037,1505,80,57.002696,15.445148,0.526045,True
6895,1773641600.746009,1773643016.410594,181,136,60.764752,5.354285,0.410448,True
6896,1773641600.746038,1773643002.691407,386,68,33.305373,4.277882,0.433246,True
6897,1773641600.746068,1773643007.261670,1773,70,42.303211,8.572888,0.488845,True
6898,1773641600.746100,1773643076.744490,1159,398,181.039483,16.300496,0.414960,True
6899,1773641600.746129,1773643005.890122,394,104,39.021224,0.289233,0.376039,True
6900,1773641600.746159,1773643010.982809,412,78,48.600992,10.765804,0.491366,True
6901,1773641600.746189,1773643025.374785,789,140,77.218712,7.415246,0.502183,True
6902,1773641600.746218,1773643187.264247,1068,939,400.658622,17.150508,0.408857,True
6903,1773641600.746247,1773643017.106719,1317,160,60.090455,0.693538,0.373566,True
6904,1773641600.746276,1773642999.145501,377,59,24.145303,0.682435,0.404532,True
6905,1773641600.746305,1773643121.043800,1164,603,267.796659,20.171745,0.411337,True
6906,1773641600.746334,1773643006.417424,401,91,38.138951,2.968484,0.390783,True
6907,1773641600.746363,1773643009.829064,375,58,43.904101,8.176328,0.626803,True
6908,1773641600.746391,1773643086.466137,1055,462,196.992000,1.552624,0.423947,True
6909,1773641600.746420,1773643018.545923,456,125,60.695329,8.000864,0.424955,True
6910,1773641600.746449,1773643014.125349,408,88,51.747621,8.693055,0.494880,True
6911,1773641600.746478,1773643021.379121,382,106,66.110452,7.729599,0.556008,True
6912,1773641600.746507,1773643021.081988,391,126,65.216572,8.471690,0.453959,True
6913,1773641600.746536,1773643006.556369,1474,56,35.603301,6.970759,0.520592,True
6914,1773641600.746583,1773643012.016427,377,77,46.356171,1.209200,0.594039,True
6915,1773641600.746611,1773643007.785024,375,69,37.871166,1.198252,0.539308,True
6916,1773641600.746640,1773643021.663215,181,86,65.543073,18.425556,0.554324,True
6917,1773641600.746672,1773643082.178637,1193,419,185.558247,9.604440,0.420942,True
6918,1773641600.746701,1773643010.606659,438,81,42.352958,6.295082,0.450723,True
6919,1773641600.746731,1773643012.723060,399,125,46.440290,1.216613,0.364707,True
6920,1773641600.746760,1773643020.260722,396,121,60.953271,7.160473,0.448273,True
6921,1773641600.746789,1773643005.827250,380,59,32.004181,6.374009,0.441900,True
6922,1773641600.746818,1773643017.840925,403,79,56.010469,9.168131,0.600543,True
6923,1773641600.746847,1773643009.121289,456,97,37.949787,0.295698,0.392230,True
6924,1773641600.746876,1773643014.866887,391,95,49.168226,0.395032,0.518864,True
6925,1773641600.746905,1773643020.079679,400,114,59.302420,10.134206,0.435117,True
6926,1773641600.746951,1773643007.129043,398,87,33.089889,0.283829,0.381466,True
6927,1773641600.746983,1773643096.760472,872,467,212.287352,16.700545,0.419714,True
6928,1773641600.747012,1773643032.359309,419,175,82.679997,0.416892,0.472776,True
6929,1773641600.747041,1773643003.450284,389,64,24.212986,0.469157,0.376886,True
6930,1773641600.747074,1773643009.173253,389,98,35.492621,0.780574,0.357856,True
6931,1773641600.747102,1773643022.694500,389,153,62.513633,4.761451,0.379949,True
6932,1773641600.747212,1773643008.707745,376,87,34.413154,0.986263,0.388685,True
6933,1773641600.747243,1773643017.713011,403,109,52.095552,0.412517,0.478547,True
6934,1773641600.747273,1773643014.973035,462,87,46.386212,8.782454,0.437253,True
6935,1773641600.747305,1773643012.256166,392,75,40.763443,6.863873,0.458102,True
6936,1773641600.747334,1773643034.024599,398,154,84.279958,7.119234,0.504318,True
6937,1773641600.747364,1773643005.763270,383,74,26.892094,0.344719,0.363663,True
6938,1773641600.747393,1773643031.801394,212,162,78.110252,5.991877,0.447940,True
6939,1773641600.747430,1773643015.728594,408,87,45.943387,0.410448,0.529453,True
6940,1773641600.747460,1773643016.911552,381,98,48.180382,5.916837,0.435707,True
6941,1773641600.747490,1773643098.952773,1171,598,212.178977,4.693624,0.347547,True
6942,1773641600.747520,1773643022.677907,181,131,59.608016,0.465204,0.454945,True
6943,1773641600.747558,1773643103.031168,1184,643,220.251135,6.346875,0.333184,True
6944,1773641600.747588,1773643012.419892,391,71,38.903651,7.040489,0.455188,True
6945,1773641600.747620,1773643016.099690,330,18,45.355093,19.098974,1.544478,True
6946,1773641600.747650,1773643017.074372,394,113,47.116255,0.500332,0.416214,True
6947,1773641600.747679,1773643021.489628,407,94,55.904086,5.466357,0.542341,True
6948,1773641600.747707,1773643021.711843,1315,149,56.224378,2.053666,0.366018,True
6949,1773641600.747737,1773643012.170054,408,89,37.117823,2.042997,0.398578,True
6950,1773641600.747766,1773643077.719267,1044,393,168.130521,6.597008,0.412075,True
6951,1773641600.747795,1773643070.401621,1141,365,153.451592,0.860586,0.419206,True
6952,1773641600.747824,1773643093.153008,985,431,197.929923,19.343973,0.415316,True
6953,1773641600.747852,1773643020.160105,409,110,51.006129,1.161977,0.457286,True
6954,1773641600.747881,1773643075.253070,1053,388,161.170964,1.151148,0.413488,True
6955,1773641600.747909,1773643067.806324,1095,429,146.213022,0.539621,0.340358,True
6956,1773641600.747953,1773643031.447077,414,104,73.432932,18.801512,0.530402,True
6957,1773641600.747991,1773643010.215418,1995,50,30.886209,2.274365,0.583915,True
6958,1773641600.748020,1773643061.563814,880,395,133.480496,0.717322,0.336962,True
6959,1773641600.748049,1773643025.124064,398,154,60.074228,4.165632,0.365416,True
6960,1773641600.748079,1773643013.850479,1992,50,36.681887,6.188022,0.622324,True
6961,1773641600.748108,1773643022.050984,417,132,52.604713,1.808558,0.387757,True
6962,1773641600.748136,1773643011.174820,379,56,30.749264,4.208473,0.482560,True
6963,1773641600.748165,1773643096.793244,1189,598,201.490854,5.414481,0.328436,True
6964,1773641600.748194,1773643109.367592,1203,539,226.390515,6.851257,0.408066,True
6965,1773641600.748222,1773643027.329649,410,106,61.647481,7.265714,0.517922,True
6966,1773641600.748251,1773643021.288137,422,96,48.815953,8.303045,0.426452,True
6967,1773641600.748279,1773643070.633628,1067,397,147.295442,7.409210,0.353248,True
6968,1773641600.748311,1773643007.785411,1834,43,21.224293,1.415139,0.471647,True
6969,1773641600.748340,1773643014.471187,373,62,34.161346,2.626890,0.516958,True
6970,1773641600.748369,1773643004.981530,1203,45,15.013427,1.594930,0.304966,True
6971,1773641600.748399,1773643024.825854,397,92,54.680948,7.402691,0.519541,True
6972,1773641600.748428,1773643008.782777,379,53,22.243422,1.591593,0.397151,True
6973,1773641600.748459,1773643017.160596,2002,77,38.978188,5.945762,0.434637,True
6974,1773641600.748488,1773643012.891100,384,80,29.210184,0.293106,0.366039,True
6975,1773641600.748516,1773643009.251142,372,60,21.680741,0.340675,0.361696,True
6976,1773641600.748545,1773643064.711480,1135,370,132.291801,3.850306,0.348080,True
6977,1773641600.748574,1773643048.045120,1313,177,98.399436,16.165761,0.467237,True
6978,1773641600.748605,1773643032.280478,1313,191,66.266362,0.602384,0.345600,True
6979,1773641600.748636,1773643053.330263,181,244,108.176471,4.375751,0.427163,True
6980,1773641600.748667,1773643015.292743,434,82,32.081357,0.532811,0.389488,True
6981,1773641600.748694,1773643018.048702,415,88,37.570599,0.754254,0.423176,True
6982,1773641600.748723,1773643018.992596,380,115,39.314134,0.852393,0.337384,True
6983,1773641600.748751,1773643102.174855,1003,501,205.433222,5.429698,0.400007,True
6984,1773641600.748780,1773643084.227590,1076,414,169.474577,1.902683,0.405743,True
6985,1773641600.748808,1773643083.677181,1135,409,168.228812,6.717414,0.395861,True
6986,1773641600.748837,1773643023.399790,366,92,46.597941,5.414312,0.452567,True
6987,1773641600.748870,1773643016.323930,372,72,32.425452,5.072160,0.385258,True
6988,1773641600.748903,1773643035.227705,408,115,70.150809,16.258363,0.472741,True
6989,1773641600.748945,1773643049.670248,128,205,98.370594,5.794889,0.453802,True
6990,1773641600.748976,1773643024.713723,385,88,48.435408,5.784308,0.490243,True
6991,1773641600.749006,1773643110.785010,1049,534,220.473401,0.935280,0.411891,True
6992,1773641600.749034,1773643085.636368,1168,414,169.876926,1.773892,0.407029,True
6993,1773641600.749063,1773643090.160983,951,429,178.615311,4.661560,0.406434,True
6994,1773641600.749096,1773643077.489523,1134,394,153.044498,11.478538,0.360219,True
6995,1773641600.749124,1773643107.412555,1209,598,212.455919,5.161549,0.347227,True
6996,1773641600.749157,1773643023.485504,397,86,44.458025,5.500551,0.458323,True
6997,1773641600.749189,1773643029.369907,181,109,55.899222,5.336581,0.468173,True
6998,1773641600.749217,1773643090.993831,1234,421,179.000692,7.900797,0.407381,True
6999,1773641600.749248,1773643083.069071,1171,395,162.666345,3.182302,0.404782,True
7000,1773641600.749277,1773643031.225980,372,75,58.878276,16.586344,0.571513,True
7001,1773641600.749309,1773643016.519301,935,85,29.172466,1.268283,0.332193,True
7002,1773641600.749338,1773643022.803050,1284,57,41.099880,7.352882,0.602625,True
7003,1773641600.749377,1773643020.753922,405,94,36.730485,2.006243,0.373379,True
7004,1773641600.749405,1773643022.774243,401,107,40.147811,0.487527,0.374154,True
7005,1773641600.749434,1773643016.257768,449,83,26.864236,0.557399,0.320815,True
7006,1773641600.749467,1773643025.147187,421,99,44.001583,1.771655,0.430918,True
7007,1773641600.749496,1773643023.013187,1888,92,39.505581,3.214332,0.398805,True
7008,1773641600.749525,1773643035.664279,418,108,64.538653,14.978360,0.463180,True
7009,1773641600.749554,1773643018.845983,1371,72,30.776846,2.875149,0.392982,True
7010,1773641600.749582,1773643028.319977,1577,79,49.703379,7.878258,0.536219,True
7011,1773641600.749614,1773643021.920708,396,89,36.120187,2.141868,0.386117,True
7012,1773641600.749643,1773643036.365764,20,142,64.882583,2.550152,0.442074,True
7013,1773641600.749674,1773643035.154817,409,112,62.315820,7.349601,0.495191,True
7014,1773641600.749702,1773643086.331666,1127,379,164.524667,3.423665,0.426193,True
7015,1773641600.749737,1773643093.800139,1053,427,179.045322,5.117263,0.408282,True
7016,1773641600.749764,1773643071.144894,1165,387,133.672369,3.028500,0.338456,True
7017,1773641600.749793,1773643035.008015,411,102,61.377621,14.054017,0.468551,True
7018,1773641600.749821,1773643095.058084,957,411,181.063858,14.681953,0.405810,True
7019,1773641600.749849,1773643035.446218,396,132,61.088022,7.544921,0.408726,True
7020,1773641600.749880,1773643025.897496,388,96,41.970873,3.616326,0.403732,True
7021,1773641600.749909,1773643020.624576,396,72,31.383039,3.446229,0.393476,True
7022,1773641600.749953,1773643032.319202,395,103,54.667920,4.588453,0.490975,True
7023,1773641600.749984,1773643026.495168,393,100,42.691741,1.740808,0.413646,True
7024,1773641600.750015,1773643043.764805,181,154,77.085468,6.124465,0.463797,True
7025,1773641600.750044,1773643103.095379,1018,471,195.684999,3.989069,0.407864,True
7026,1773641600.750073,1773643018.364720,1073,72,26.202137,2.073560,0.339839,True
7027,1773641600.750102,1773643026.598088,379,95,41.883616,5.126650,0.391032,True
7028,1773641600.750131,1773643020.079423,371,47,28.719243,6.726486,0.478103,True
7029,1773641600.750160,1773643080.688529,1148,430,149.832172,2.606998,0.343182,True
7030,1773641600.750195,1773643073.005267,1010,400,134.340417,1.669891,0.332508,True
7031,1773641600.750223,1773643011.975970,317,18,12.159954,2.960617,0.541137,True
7032,1773641600.750252,1773643106.679840,1044,456,201.545611,15.207647,0.409534,True
7033,1773641600.750284,1773643022.254570,378,66,32.282759,4.554797,0.426584,True
7034,1773641600.750312,1773643026.185877,394,91,39.525368,4.829319,0.385512,True
7035,1773641600.750345,1773643076.980177,880,415,140.989686,3.149826,0.332947,True
7036,1773641600.750375,1773643028.920341,403,94,44.724536,7.041392,0.405195,True
7037,1773641600.750404,1773643097.621808,1187,450,182.064073,2.652270,0.399581,True
7038,1773641600.750433,1773643040.825162,209,174,67.369927,4.967612,0.360707,True
7039,1773641600.750463,1773643094.431926,1159,398,174.332683,6.691072,0.422271,True
7040,1773641600.750492,1773643026.383526,413,90,37.180825,2.087185,0.394311,True
7041,1773641600.750521,1773643028.579176,386,101,41.549891,2.076198,0.394737,True
7042,1773641600.750556,1773643093.981244,1194,428,172.332913,3.424092,0.395571,True
7043,1773641600.750584,1773643086.205226,1003,454,156.716977,2.502815,0.340429,True
7044,1773641600.750612,1773643079.695736,1076,414,143.676134,3.532336,0.339331,True
7045,1773641600.750640,1773643035.679856,1992,108,55.456464,5.344829,0.468333,True
7046,1773641600.750669,1773643096.152890,1121,428,176.316826,3.258086,0.405290,True
7047,1773641600.750698,1773643012.169868,120,12,8.185271,3.175789,0.455407,True
7048,1773641600.750731,1773643131.105805,1182,595,244.977403,6.002936,0.402314,True
7049,1773641600.750760,1773643031.765212,407,108,46.108903,5.125451,0.383023,True
7050,1773641600.750789,1773643036.150864,1503,107,54.714679,8.268916,0.438168,True
7051,1773641600.750821,1773643083.893699,1266,405,149.530767,8.695499,0.348602,True
7052,1773641600.750850,1773643098.916582,1168,414,179.471073,5.873925,0.420332,True
7053,1773641600.750880,1773643033.910280,391,101,49.312425,8.569621,0.407428,True
7054,1773641600.750911,1773643022.046040,381,73,25.376234,1.881021,0.326322,True
7055,1773641600.750955,1773643091.521631,882,394,163.728513,5.397427,0.402878,True
7056,1773641600.750986,1773643019.958584,1094,31,20.249255,5.800631,0.481621,True
7057,1773641600.751016,1773643100.330648,1239,428,180.763058,9.347836,0.401441,True
7058,1773641600.751051,1773643047.323580,1314,199,74.705905,4.562619,0.354259,True
7059,1773641600.751081,1773643030.590458,459,105,40.742610,1.347117,0.378803,True
7060,1773641600.751113,1773643029.792271,407,77,39.022128,3.675457,0.465088,True
7061,1773641600.751141,1773643025.657687,391,84,30.731640,2.154100,0.344308,True
7062,1773641600.751170,1773643114.542518,1182,595,207.861896,8.446440,0.335716,True
7063,1773641600.751202,1773643029.117324,393,103,36.267082,1.462289,0.341223,True
7064,1773641600.751233,1773643027.351305,381,77,32.690966,3.527492,0.383730,True
7065,1773641600.751262,1773643047.615898,203,161,72.863899,3.327444,0.434603,True
7066,1773641600.751291,1773643024.284252,376,57,25.552382,3.636465,0.391356,True
7067,1773641600.751320,1773643039.600987,181,126,56.165307,4.933614,0.409854,True
7068,1773641600.751348,1773643038.266225,420,92,53.371020,7.716326,0.501700,True
7069,1773641600.751380,1773643044.468796,442,129,65.423762,9.357724,0.438016,True
7070,1773641600.751409,1773643031.081822,377,62,38.195773,5.839839,0.530425,True
7071,1773641600.751520,1773643092.998596,1135,394,161.964890,8.917923,0.389432,True
7072,1773641600.751551,1773643020.160113,383,56,16.265332,0.426513,0.287979,True
7073,1773641600.751581,1773643101.664635,1234,410,178.983253,4.505364,0.426596,True
7074,1773641600.751611,1773643033.994736,2008,50,43.623446,8.795134,0.710782,True
7075,1773641600.751640,1773643107.131922,879,400,189.874973,10.432439,0.449731,True
7076,1773641600.751670,1773643048.825091,181,162,73.116286,2.244331,0.440198,True
7077,1773641600.751699,1773643032.364611,400,85,39.882903,3.393647,0.434396,True
7078,1773641600.751732,1773643109.749390,1243,463,194.218240,10.440374,0.397788,True
7079,1773641600.751760,1773643112.793762,1273,421,200.119042,12.060971,0.447757,True
7080,1773641600.751789,1773643056.160543,408,137,86.541657,11.905612,0.548794,True
7081,1773641600.751821,1773643045.319109,436,121,64.839051,13.602044,0.426975,True
7082,1773641600.751850,1773643026.467443,386,48,26.057598,5.619478,0.434854,True
7083,1773641600.751879,1773643044.751364,69,117,62.166797,12.833755,0.425285,True
7084,1773641600.751919,1773643040.394347,374,99,53.078008,7.078692,0.469381,True
7085,1773641600.751966,1773643090.862625,1049,443,153.910295,2.825779,0.341820,True
7086,1773641600.752002,1773643034.628187,399,96,41.002565,1.689443,0.413822,True
7087,1773641600.752031,1773643078.426817,1322,257,128.476356,12.788387,0.451906,True
7088,1773641600.752060,1773643037.249111,181,113,45.546025,0.277194,0.404186,True
7089,1773641600.752090,1773643095.544769,1171,400,161.390709,7.401543,0.385938,True
7090,1773641600.752119,1773643049.498491,200,179,69.254589,0.297734,0.387398,True
7091,1773641600.752148,1773643029.378915,380,62,28.788760,4.697716,0.394935,True
7092,1773641600.752177,1773643027.954403,1080,47,25.855201,3.921870,0.476812,True
7093,1773641600.752206,1773643061.366258,206,162,92.137408,9.497273,0.513293,True
7094,1773641600.752235,1773643041.418995,1931,48,51.927304,12.783176,0.832854,True
7095,1773641600.752264,1773643030.368024,384,71,29.263912,0.407301,0.412237,True
7096,1773641600.752297,1773643056.480670,181,135,80.740397,12.962788,0.505803,True
7097,1773641600.752325,1773643043.313046,419,119,54.106500,2.798403,0.434814,True
7098,1773641600.752357,1773643037.989129,385,104,43.312722,3.348910,0.387998,True
7099,1773641600.752385,1773643028.642061,378,68,24.577091,0.554438,0.358547,True
7100,1773641600.752414,1773643041.426813,434,96,50.018195,2.531388,0.499861,True
7101,1773641600.752443,1773643060.690774,161,205,88.336555,8.334758,0.392166,True
7102,1773641600.752472,1773643039.895186,401,93,45.959549,2.033341,0.477459,True
7103,1773641600.752501,1773643126.468273,1044,456,218.766267,12.817628,0.452634,True
7104,1773641600.752530,1773643050.080351,1500,119,65.929652,14.514645,0.435720,True
7105,1773641600.752561,1773643031.887794,377,63,29.438074,2.142445,0.440252,True
7106,1773641600.752589,1773643039.837026,393,56,44.441734,11.457077,0.599721,True
7107,1773641600.752617,1773643036.365570,371,80,37.291482,0.619040,0.464208,True
7108,1773641600.752646,1773643038.708494,385,80,41.723050,5.746564,0.455399,True
7109,1773641600.752674,1773643036.030306,371,69,35.949397,1.463665,0.507143,True
7110,1773641600.752703,1773643049.827161,75,138,63.165981,6.612778,0.412797,True
7111,1773641600.752731,1773643033.914343,392,55,31.255381,5.306663,0.480532,True
7112,1773641600.752759,1773643091.258428,900,420,145.775747,7.084602,0.331005,True
7113,1773641600.752788,1773643048.778140,203,183,60.460718,0.258815,0.330780,True
7114,1773641600.752820,1773643046.339042,376,87,55.477265,10.473012,0.523305,True
7115,1773641600.752849,1773643054.150356,404,100,70.602588,11.053601,0.601505,True
7116,1773641600.752878,1773643043.088236,1818,51,48.187642,13.104751,0.701658,True
7117,1773641600.752907,1773643051.698577,415,162,64.927299,0.587507,0.399626,True
7118,1773641600.752954,1773643119.726380,1166,610,200.650071,1.098699,0.327671,True
7119,1773641600.752987,1773643039.038800,401,83,38.152809,3.630937,0.420998,True
7120,1773641600.753015,1773643124.624799,1193,598,209.074625,5.918451,0.340295,True
7121,1773641600.753047,1773643035.705858,439,39,31.217096,8.101840,0.608296,True
7122,1773641600.753076,1773643037.909922,395,82,35.482902,0.644356,0.430106,True
7123,1773641600.753108,1773643039.931089,397,86,39.503362,0.633332,0.457294,True
7124,1773641600.753137,1773643050.756757,403,109,61.110334,8.871731,0.483691,True
7125,1773641600.753165,1773643031.887629,381,51,23.245867,0.469570,0.455526,True
7126,1773641600.753194,1773643086.647893,1047,394,132.028768,0.502156,0.334673,True
7127,1773641600.753225,1773643036.066597,1475,77,30.617745,2.484995,0.370168,True
7128,1773641600.753254,1773643046.083345,409,103,49.989159,0.904386,0.481223,True
7129,1773641600.753282,1773643053.475278,417,153,64.751396,0.893607,0.420117,True
7130,1773641600.753311,1773643038.972557,378,57,35.346940,6.899938,0.507982,True
7131,1773641600.753339,1773643046.901981,1848,101,51.036344,5.722902,0.453134,True
7132,1773641600.753393,1773643144.262066,1193,598,245.526394,6.599143,0.400213,True
7133,1773641600.753424,1773643037.010373,1121,50,30.680851,8.226987,0.458242,True
7134,1773641600.753453,1773643056.160709,396,110,68.875697,10.376699,0.536688,True
7135,1773641600.753482,1773643102.693703,1073,464,161.523777,2.479525,0.343508,True
7136,1773641600.753511,1773643094.306854,1148,403,144.503624,5.930490,0.344709,True
7137,1773641600.753540,1773643044.353125,390,104,44.574394,0.386216,0.429011,True
7138,1773641600.753573,1773643105.388582,933,405,166.245708,0.960607,0.409122,True
7139,1773641600.753602,1773643103.345891,1116,378,162.033689,10.152908,0.402867,True
7140,1773641600.753630,1773643109.692919,906,425,174.024597,0.928552,0.408245,True
7141,1773641600.753662,1773643043.599384,383,102,41.794038,5.282888,0.361497,True
7142,1773641600.753691,1773643051.461202,1031,76,57.352710,10.988697,0.618187,True
7143,1773641600.753723,1773643048.182337,380,99,50.750876,6.308322,0.453495,True
7144,1773641600.753752,1773643056.987594,405,111,67.988758,10.780298,0.520077,True
7145,1773641600.753780,1773643044.353277,397,99,42.676123,1.683072,0.418296,True
7146,1773641600.753809,1773643133.646383,1093,550,221.238880,1.672741,0.399938,True
7147,1773641600.753838,1773643042.307310,1992,80,37.801031,2.901697,0.441764,True
7148,1773641600.753869,1773643042.226314,388,79,37.473379,2.819224,0.444284,True
7149,1773641600.753898,1773643074.932130,1324,236,102.364836,5.532576,0.412052,True
7150,1773641600.753930,1773643043.857901,378,99,39.659088,3.956680,0.364310,True
7151,1773641600.753974,1773643040.269384,392,61,31.966281,3.913043,0.467554,True
7152,1773641600.754004,1773643089.106623,882,399,128.979759,2.317963,0.318246,True
7153,1773641600.754033,1773643041.531503,377,66,33.624239,4.395685,0.449670,True
7154,1773641600.754062,1773643048.402995,439,101,47.138270,4.281399,0.428569,True
7155,1773641600.754091,1773643099.858422,1239,429,149.462589,8.280728,0.329864,True
7156,1773641600.754121,1773643033.592590,1018,30,16.886714,0.896651,0.551381,True
7157,1773641600.754150,1773643049.311494,1210,60,47.991430,10.862771,0.629299,True
7158,1773641600.754178,1773643073.239303,1314,236,95.721289,5.674604,0.383177,True
7159,1773641600.754207,1773643091.317347,1071,397,131.297379,4.610539,0.319916,True
7160,1773641600.754236,1773643066.870180,422,144,81.925679,10.271355,0.501079,True
7161,1773641600.754265,1773643105.373468,1184,393,158.891173,7.324437,0.386650,True
7162,1773641600.754293,1773643098.188627,1071,399,144.295577,6.702504,0.345711,True
7163,1773641600.754322,1773643117.949927,1230,420,183.589956,10.414613,0.413306,True
7164,1773641600.754351,1773643074.148812,425,184,95.904907,9.982076,0.469524,True
7165,1773641600.754380,1773643154.077477,1186,659,255.368901,0.872910,0.386772,True
7166,1773641600.754408,1773643113.637388,1101,385,174.468405,11.426005,0.424590,True
7167,1773641600.754437,1773643104.358959,1104,447,155.769307,8.638728,0.329889,True
7168,1773641600.754466,1773643031.641395,237,14,10.270834,1.625965,0.664990,True
7169,1773641600.754498,1773643048.597704,373,80,43.976997,8.504032,0.449025,True
7170,1773641600.754526,1773643107.037637,1131,393,159.399835,7.484122,0.387540,True
7171,1773641600.754558,1773643045.072870,379,78,35.429585,1.455903,0.441217,True
7172,1773641600.754587,1773643046.801841,1266,50,38.865871,12.481329,0.538460,True
7173,1773641600.754615,1773643117.664822,1082,424,180.447601,3.588744,0.418106,True
7174,1773641600.754643,1773643042.822562,372,68,30.056240,2.484904,0.411512,True
7175,1773641600.754672,1773643041.014493,1559,54,26.148856,2.202285,0.451822,True
7176,1773641600.754701,1773643059.349923,181,155,62.777209,3.068457,0.387719,True
7177,1773641600.754730,1773643050.092562,372,53,43.807941,9.089144,0.667669,True
7178,1773641600.754759,1773643074.488163,167,217,92.324186,6.495953,0.397353,True
7179,1773641600.754787,1773643128.674841,1135,430,200.299385,12.102677,0.438687,True
7180,1773641600.754821,1773643043.798295,384,72,30.423114,1.555349,0.406588,True
7181,1773641600.754853,1773643060.520518,402,129,63.742940,11.201206,0.410482,True
7182,1773641600.754883,1773643115.567524,1076,427,173.300278,2.500027,0.400940,True
7183,1773641600.754912,1773643048.597559,383,80,39.339322,6.185112,0.419674,True
7184,1773641600.754956,1773643038.666542,1155,47,19.080703,1.153024,0.389732,True
7185,1773641600.754993,1773643066.807150,1241,126,75.236909,9.100806,0.529089,True
7186,1773641600.755023,1773643120.265888,1266,405,181.780092,5.090829,0.437350,True
7187,1773641600.755052,1773643129.446919,1182,595,200.119666,1.310819,0.334695,True
7188,1773641600.755081,1773643046.988547,376,70,35.181483,5.378896,0.431922,True
7189,1773641600.755111,1773643050.804537,404,95,42.791452,5.368260,0.398119,True
7190,1773641600.755142,1773643124.425497,906,423,189.243360,5.703965,0.434927,True
7191,1773641600.755172,1773643042.792157,378,15,25.623519,10.647126,1.069742,True
7192,1773641600.755202,1773643079.455612,181,290,98.805372,2.690186,0.332578,True
7193,1773641600.755230,1773643053.124031,428,80,45.791952,5.229766,0.513445,True
7194,1773641600.755260,1773643050.911374,409,109,41.076268,1.649693,0.365061,True
7195,1773641600.755292,1773643060.582512,1313,163,59.966666,2.769084,0.353071,True
7196,1773641600.755321,1773643102.882854,1120,409,143.594272,4.522909,0.340861,True
7197,1773641600.755350,1773643050.869436,1995,56,39.273137,8.494220,0.559617,True
7198,1773641600.755382,1773643119.620891,1140,416,176.341594,9.134680,0.402908,True
7199,1773641600.755418,1773643071.286206,163,205,79.275471,1.720177,0.380173,True
7200,1773641600.755447,1773643056.257524,375,70,49.176547,10.089271,0.566482,True
7201,1773641600.755476,1773643104.418208,1104,415,145.292323,3.836565,0.341681,True
7202,1773641600.755504,1773643048.825102,382,60,34.043706,6.719959,0.463114,True
7203,1773641600.755533,1773643112.470258,1060,384,161.149087,6.627247,0.403451,True
7204,1773641600.755565,1773643054.255338,387,101,44.698147,6.616676,0.380815,True
7205,1773641600.755594,1773643054.380450,401,101,44.180886,5.871693,0.383092,True
7206,1773641600.755622,1773643160.502563,1020,565,256.361249,10.152686,0.436540,True
7207,1773641600.755651,1773643111.799102,1129,401,158.868953,2.212735,0.391641,True
7208,1773641600.755679,1773643131.430760,1171,442,198.110604,6.147754,0.435290,True
7209,1773641600.755708,1773643120.676212,1148,388,176.559473,12.665021,0.423500,True
7210,1773641600.755816,1773643052.692622,383,116,40.422477,2.095532,0.333278,True
7211,1773641600.755846,1773643050.108600,378,72,35.233124,4.112937,0.438312,True
7212,1773641600.755879,1773643045.573655,377,55,25.166964,3.446904,0.402223,True
7213,1773641600.755911,1773643051.480198,372,73,36.789764,6.329568,0.423058,True
7214,1773641600.755959,1773643047.472479,1276,50,27.743941,5.127402,0.461562,True
7215,1773641600.755989,1773643121.634578,1086,424,175.427471,11.779599,0.386874,True
7216,1773641600.756018,1773643055.656671,990,89,43.449699,2.673043,0.463371,True
7217,1773641600.756048,1773643064.142483,383,92,60.273447,11.055735,0.540854,True
7218,1773641600.756077,1773643116.140757,1071,400,164.228126,5.708718,0.397292,True
7219,1773641600.756107,1773643054.886510,431,112,41.488452,2.294970,0.353094,True
7220,1773641600.756136,1773643097.576900,882,402,126.742886,1.874065,0.311394,True
7221,1773641600.756165,1773643066.188874,1316,143,63.117883,6.550476,0.398362,True
7222,1773641600.756197,1773643120.240422,1154,404,170.848187,16.054007,0.384105,True
7223,1773641600.756224,1773643063.146167,1292,88,56.268466,9.125021,0.541879,True
7224,1773641600.756253,1773643119.014125,1022,406,167.708200,6.259961,0.398638,True
7225,1773641600.756282,1773643059.492893,379,74,48.520571,8.904503,0.542686,True
7226,1773641600.756314,1773643050.804416,374,77,30.714104,2.692600,0.368704,True
7227,1773641600.756346,1773643128.812349,1010,411,186.440406,9.411452,0.431778,True
7228,1773641600.756379,1773643051.995154,372,60,32.783464,9.400382,0.396323,True
7229,1773641600.756408,1773643125.123564,1230,421,178.915046,9.787833,0.402684,True
7230,1773641600.756437,1773643058.420314,393,82,45.467250,5.733096,0.490545,True
7231,1773641600.756466,1773643052.223616,375,82,33.031499,3.130525,0.369148,True
7232,1773641600.756495,1773643118.780062,1140,400,165.490016,3.673274,0.405556,True
7233,1773641600.756527,1773643062.174436,407,107,52.193734,7.957367,0.417324,True
7234,1773641600.756555,1773643050.997269,398,90,29.671009,0.449053,0.328337,True
7235,1773641600.756583,1773643055.695989,425,89,38.653122,3.872289,0.395237,True
7236,1773641600.756612,1773643049.498340,415,52,26.235984,5.411807,0.408317,True
7237,1773641600.756641,1773643059.677251,382,70,46.509880,8.639263,0.548850,True
7238,1773641600.756670,1773643130.084709,1073,411,186.737911,10.654767,0.429471,True
7239,1773641600.756699,1773643057.477064,396,59,40.920360,8.437000,0.560058,True
7240,1773641600.756728,1773643076.664370,386,189,78.818204,4.536938,0.395113,True
7241,1773641600.756757,1773643065.283664,414,84,55.559930,9.144592,0.559221,True
7242,1773641600.756786,1773643052.913648,379,77,29.994623,3.876045,0.343666,True
7243,1773641600.756815,1773643063.947243,432,78,51.898529,13.544037,0.498110,True
7244,1773641600.756844,1773643099.374963,1014,394,122.733681,1.328886,0.308918,True
7245,1773641600.756873,1773643048.402983,971,36,20.250474,3.851445,0.468544,True
7246,1773641600.756901,1773643065.844776,381,85,54.654621,9.084613,0.542500,True
7247,1773641600.756930,1773643049.631521,381,61,21.912036,1.326868,0.343086,True
7248,1773641600.756975,1773643061.628215,396,95,45.817946,4.932805,0.434948,True
7249,1773641600.757011,1773643061.857749,403,98,45.796966,5.938721,0.410910,True
7250,1773641600.757039,1773643104.811746,1116,406,131.659954,3.704639,0.315939,True
7251,1773641600.757068,1773643059.137767,409,98,40.248476,5.990546,0.353175,True
7252,1773641600.757100,1773643060.093519,374,84,42.097569,4.607170,0.451692,True
7253,1773641600.757128,1773643076.208501,400,150,74.099009,8.211257,0.442200,True
7254,1773641600.757161,1773643061.256299,455,95,43.969430,5.978890,0.404155,True
7255,1773641600.757189,1773643105.928634,1086,424,133.024509,0.490990,0.313318,True
7256,1773641600.757222,1773643109.106617,1026,429,138.989100,3.630094,0.316259,True
7257,1773641600.757251,1773643063.036002,382,72,46.395787,7.764240,0.544106,True
7258,1773641600.757280,1773643126.784922,933,401,173.765427,5.101893,0.421659,True
7259,1773641600.757309,1773643060.252662,423,94,40.635501,4.963124,0.383574,True
7260,1773641600.757337,1773643068.776680,209,167,56.999971,2.965657,0.325508,True
7261,1773641600.757378,1773643120.911299,1101,397,161.018784,5.283205,0.393272,True
7262,1773641600.757407,1773643054.833550,1254,26,28.635221,7.443078,0.847686,True
7263,1773641600.757437,1773643130.487307,1062,427,179.315866,10.712827,0.395782,True
7264,1773641600.757466,1773643052.913494,1358,52,23.793622,5.011552,0.368276,True
7265,1773641600.757495,1773643055.582879,378,51,28.317466,5.945987,0.447430,True
7266,1773641600.757524,1773643063.244052,1172,75,43.618244,7.308036,0.490678,True
7267,1773641600.757557,1773643141.817799,1077,483,200.702660,7.737821,0.400342,True
7268,1773641600.757593,1773643059.538146,392,60,35.995525,6.418590,0.501304,True
7269,1773641600.757622,1773643050.608960,373,52,17.658291,0.289527,0.340564,True
7270,1773641600.757650,1773643143.680820,1168,452,202.886725,7.763279,0.432646,True
7271,1773641600.757679,1773643053.896330,1326,45,23.233505,5.202338,0.409799,True
7272,1773641600.757708,1773643145.350202,1131,424,206.078024,13.075648,0.456270,True
7273,1773641600.757737,1773643061.604048,382,86,37.615642,4.573654,0.388729,True
7274,1773641600.757766,1773643153.836050,1162,607,222.017642,9.812119,0.350174,True
7275,1773641600.757797,1773643066.386805,385,83,46.603476,6.119134,0.493711,True
7276,1773641600.757835,1773643067.511606,393,95,48.832054,6.044950,0.455182,True
7277,1773641600.757865,1773643133.015668,1111,435,179.777153,6.317830,0.399676,True
7278,1773641600.757895,1773643142.304298,1203,616,197.979874,0.553920,0.321018,True
7279,1773641600.757923,1773643115.410537,1080,393,143.607169,3.582853,0.357205,True
7280,1773641600.757968,1773643060.958214,374,63,34.372451,5.673016,0.462894,True
7281,1773641600.758008,1773643064.955912,380,92,42.306166,4.247127,0.418231,True
7282,1773641600.758055,1773643055.734578,1188,48,23.740232,4.010955,0.419772,True
7283,1773641600.758093,1773643061.968035,386,84,35.212183,3.688304,0.379806,True
7284,1773641600.758126,1773643060.031206,416,64,31.317043,5.430062,0.410904,True
7285,1773641600.758162,1773643069.209160,409,98,49.464988,4.727441,0.461212,True
7286,1773641600.758191,1773643131.970707,1085,424,174.965908,8.900896,0.392589,True
7287,1773641600.758220,1773643073.971552,378,75,58.427886,17.346745,0.555151,True
7288,1773641600.758253,1773643125.509245,1168,395,161.274403,5.998906,0.394100,True
7289,1773641600.758284,1773643061.627963,398,87,33.095559,2.796738,0.352312,True
7290,1773641600.758314,1773643069.318559,404,93,48.373519,6.122923,0.459246,True
7291,1773641600.758353,1773643064.383404,380,81,38.317417,3.915771,0.430021,True
7292,1773641600.758383,1773643072.262199,399,57,53.868422,18.790197,0.626397,True
7293,1773641600.758413,1773643050.997435,410,35,10.962266,0.232609,0.315578,True
7294,1773641600.758447,1773643071.746758,412,114,52.336827,8.848012,0.384857,True
7295,1773641600.758476,1773643146.782788,1070,409,201.391038,12.977246,0.461799,True
7296,1773641600.758506,1773643074.099660,398,117,55.505296,7.041314,0.417793,True
7297,1773641600.758535,1773643152.763324,1020,565,211.914486,7.116524,0.363117,True
7298,1773641600.758564,1773643066.209245,377,95,38.596797,5.263565,0.354609,True
7299,1773641600.758593,1773643122.066300,1120,423,150.143262,7.432232,0.338178,True
7300,1773641600.758625,1773643077.631023,416,136,61.067599,6.290973,0.405753,True
7301,1773641600.758654,1773643069.511351,420,100,44.369691,6.595993,0.381553,True
7302,1773641600.758686,1773643157.988091,997,529,221.015110,7.091702,0.405158,True
7303,1773641600.758718,1773643151.617036,1077,429,207.985764,13.959856,0.453332,True
7304,1773641600.758746,1773643190.868183,1093,611,286.466282,13.948899,0.446750,True
7305,1773641600.758775,1773643133.162345,997,427,170.212182,5.332105,0.387042,True
7306,1773641600.758803,1773643064.778765,414,82,33.177518,3.984263,0.360411,True
7307,1773641600.758832,1773643138.333181,1028,442,179.931497,1.992281,0.403490,True
7308,1773641600.758862,1773643072.320103,389,136,47.820964,3.764662,0.326343,True
7309,1773641600.758890,1773643067.143125,405,97,37.444948,3.754054,0.350947,True
7310,1773641600.758919,1773643068.458764,181,128,39.704111,0.299970,0.310269,True
7311,1773641600.758969,1773643063.078664,1132,75,28.922137,2.786335,0.353187,True
7312,1773641600.759005,1773643075.896726,1410,107,54.228988,10.983794,0.407974,True
7313,1773641600.759041,1773643106.610597,194,217,115.554597,14.334861,0.468610,True
7314,1773641600.759070,1773643099.600758,25,174,101.514153,14.324431,0.503987,True
7315,1773641600.759099,1773643133.821144,1082,405,169.017694,3.234070,0.410356,True
7316,1773641600.759128,1773643063.023718,1588,48,27.043241,5.070114,0.467513,True
7317,1773641600.759157,1773643098.771446,197,217,98.516184,6.070350,0.427990,True
7318,1773641600.759186,1773643068.776589,385,87,38.277425,7.143418,0.362023,True
7319,1773641600.759215,1773643066.209376,396,94,33.060391,3.219859,0.320866,True
7320,1773641600.759247,1773643118.026710,1154,401,136.382397,6.414641,0.324919,True
7321,1773641600.759279,1773643135.640636,1014,385,171.114129,16.294889,0.403175,True
7322,1773641600.759308,1773643133.983924,906,429,167.778160,3.294088,0.384309,True
7323,1773641600.759337,1773643061.628221,375,59,23.025501,2.783541,0.348999,True
7324,1773641600.759372,1773643118.801232,983,399,136.374757,5.636135,0.328489,True
7325,1773641600.759402,1773643070.885897,181,98,40.247781,2.626767,0.387846,True
7326,1773641600.759431,1773643069.026679,407,89,36.426550,5.967661,0.346124,True
7327,1773641600.759461,1773643064.776298,391,60,27.904909,5.957391,0.371992,True
7328,1773641600.759490,1773643071.631277,409,88,41.512263,4.376291,0.426850,True
7329,1773641600.759519,1773643176.805837,1187,606,251.839273,6.365877,0.405741,True
7330,1773641600.759552,1773643093.869448,206,194,85.904108,4.666344,0.420921,True
7331,1773641600.759579,1773643145.938006,1062,505,189.875153,14.447067,0.348072,True
7332,1773641600.759608,1773643083.764308,181,107,65.506365,15.367213,0.473011,True
7333,1773641600.759637,1773643128.426899,1074,401,154.809829,14.425232,0.350961,True
7334,1773641600.759666,1773643077.286278,191,161,52.155664,1.690238,0.315409,True
7335,1773641600.759695,1773643069.974356,420,68,37.014372,5.118633,0.476056,True
7336,1773641600.759727,1773643090.914762,375,154,78.851538,11.679919,0.439030,True
7337,1773641600.759756,1773643063.023874,379,44,22.630364,3.875170,0.436167,True
7338,1773641600.759784,1773643072.226728,452,51,40.451542,11.167048,0.585690,True
7339,1773641600.759819,1773643081.584760,203,161,58.708455,6.332917,0.327347,True
7340,1773641600.759850,1773643131.965022,1071,421,159.343467,1.531544,0.375743,True
7341,1773641600.759879,1773643137.659044,1104,395,169.922504,3.680005,0.421935,True
7342,1773641600.759908,1773643080.717152,377,93,55.585795,8.820926,0.508314,True
7343,1773641600.759952,1773643078.575126,385,81,51.279568,8.809877,0.530871,True
7344,1773641600.759983,1773643068.782519,406,100,31.301584,1.996826,0.296008,True
7345,1773641600.760013,1773643085.147513,396,113,63.611863,9.826828,0.480224,True
7346,1773641600.760042,1773643095.827450,197,217,84.804827,6.340991,0.363259,True
7347,1773641600.760072,1773643072.144100,388,49,37.332230,10.977251,0.549062,True
7348,1773641600.760104,1773643069.530042,382,78,31.257180,4.662154,0.345390,True
7349,1773641600.760216,1773643138.249645,1074,393,168.193217,3.924130,0.419054,True
7350,1773641600.760247,1773643080.312248,418,86,52.091924,10.189019,0.492975,True
7351,1773641600.760281,1773643096.708827,61,188,84.637611,11.988620,0.388497,True
7352,1773641600.760310,1773643068.454720,391,97,27.236640,0.594050,0.277527,True
7353,1773641600.760343,1773643133.420907,1111,388,157.065310,16.661993,0.362799,True
7354,1773641600.760371,1773643133.984124,1014,401,158.045789,3.309548,0.386841,True
7355,1773641600.760399,1773643104.925796,1316,201,99.807057,7.779304,0.460139,True
7356,1773641600.760428,1773643171.589206,1182,591,232.135646,17.395222,0.363967,True
7357,1773641600.760461,1773643074.000796,394,72,36.814268,3.914821,0.463372,True
7358,1773641600.760490,1773643070.279233,407,104,29.222725,0.395996,0.279871,True
7359,1773641600.760519,1773643180.761901,1193,598,250.123828,8.592932,0.404574,True
7360,1773641600.760549,1773643083.305809,403,143,55.128713,4.024460,0.359889,True
7361,1773641600.760578,1773643067.586677,399,43,22.840672,3.342049,0.464253,True
7362,1773641600.760607,1773643075.507526,383,81,38.660855,3.331399,0.441618,True
7363,1773641600.760636,1773643084.744911,1095,130,56.968685,4.708587,0.405117,True
7364,1773641600.760665,1773643134.745782,1026,400,156.845425,13.075595,0.360325,True
7365,1773641600.760694,1773643074.544216,1510,74,36.109490,5.990128,0.412594,True
7366,1773641600.760726,1773643074.773173,416,68,35.629926,7.497256,0.419891,True
7367,1773641600.760755,1773643077.087834,410,89,40.196656,3.132782,0.421180,True
7368,1773641600.760786,1773643087.933232,418,140,60.890427,4.991918,0.402148,True
7369,1773641600.760814,1773643104.136556,1313,234,93.087193,6.908839,0.369864,True
7370,1773641600.760846,1773643152.455414,1070,439,188.266800,5.570698,0.417114,True
7371,1773641600.760875,1773643082.069789,427,88,47.432875,11.348964,0.414758,True
7372,1773641600.760904,1773643080.359718,463,129,43.869384,1.442796,0.331458,True
7373,1773641600.760957,1773643090.735873,14,180,63.233948,1.510263,0.344825,True
7374,1773641600.760990,1773643087.269181,411,103,56.258500,8.283034,0.470348,True
7375,1773641600.761019,1773643085.565784,407,95,52.419712,8.066907,0.471838,True
7376,1773641600.761052,1773643084.036075,377,68,49.089570,9.046182,0.597662,True
7377,1773641600.761080,1773643079.541412,393,89,40.079211,4.999599,0.398632,True
7378,1773641600.761109,1773643074.488316,416,90,29.889964,0.853865,0.326248,True
7379,1773641600.761138,1773643072.834815,686,50,26.293213,4.204682,0.450786,True
7380,1773641600.761167,1773643080.380477,393,86,40.692830,4.258434,0.428640,True
7381,1773641600.761196,1773643177.855854,1082,581,235.517661,2.244489,0.402195,True
7382,1773641600.761225,1773643083.717672,407,118,47.120058,4.343879,0.365608,True
7383,1773641600.761253,1773643077.295805,375,69,34.068373,4.031138,0.441724,True
7384,1773641600.761282,1773643076.917760,1955,95,32.772411,2.575925,0.321239,True
7385,1773641600.761311,1773643084.227284,391,85,47.282212,6.293433,0.487962,True
7386,1773641600.761340,1773643086.588727,1016,93,51.778270,14.389406,0.406401,True
7387,1773641600.761382,1773643152.435243,1116,406,182.946209,8.553510,0.430599,True
7388,1773641600.761416,1773643082.635447,432,99,42.871938,4.964526,0.386810,True
7389,1773641600.761445,1773643143.204594,983,402,163.885465,9.804160,0.384243,True
7390,1773641600.761474,1773643077.234209,2022,68,31.718168,5.331637,0.393829,True
7391,1773641600.761503,1773643146.116013,1062,383,169.088437,14.824989,0.403831,True
7392,1773641600.761532,1773643151.732956,1085,413,180.235640,7.093588,0.420248,True
7393,1773641600.761562,1773643080.754815,388,77,38.237736,6.383651,0.419133,True
7394,1773641600.761594,1773643113.166456,215,217,103.040044,8.819412,0.436207,True
7395,1773641600.761624,1773643079.043356,1244,35,34.772133,11.471703,0.685307,True
7396,1773641600.761655,1773643154.388500,1022,415,185.175731,9.082603,0.425346,True
7397,1773641600.761685,1773643144.310250,1154,388,164.893815,7.121930,0.407679,True
7398,1773641600.761714,1773643146.339035,1060,399,168.723728,7.008529,0.406320,True
7399,1773641600.761742,1773643082.340889,376,44,40.395424,10.610359,0.692676,True
7400,1773641600.761771,1773643091.982298,392,86,59.593977,14.211563,0.533911,True
7401,1773641600.761800,1773643090.250440,387,75,55.880143,15.231105,0.549311,True
7402,1773641600.761829,1773643089.990606,398,105,53.911889,6.593105,0.454988,True
7403,1773641600.761862,1773643081.314330,404,88,36.537295,3.648969,0.378027,True
7404,1773641600.761894,1773643099.626918,386,142,73.140170,8.116410,0.461161,True
7405,1773641600.761923,1773643093.564235,433,107,60.949591,11.999651,0.461792,True
7406,1773641600.761969,1773643083.382053,389,100,40.459755,4.485589,0.363375,True
7407,1773641600.761999,1773643071.391282,374,7,16.288806,7.636371,1.442073,True
7408,1773641600.762028,1773643095.893244,122,171,63.879514,4.066462,0.351841,True
7409,1773641600.762057,1773643088.439631,407,95,48.580884,8.604147,0.425284,True
7410,1773641600.762086,1773643088.119028,181,91,47.458637,8.364166,0.434383,True
7411,1773641600.762115,1773643170.974646,1073,464,212.521882,24.845780,0.405348,True
7412,1773641600.762145,1773643157.921880,1071,415,186.395602,9.196070,0.428018,True
7413,1773641600.762174,1773643084.361718,438,81,39.148390,7.138490,0.400124,True
7414,1773641600.762203,1773643085.439183,1753,72,41.280843,9.578637,0.446510,True
7415,1773641600.762232,1773643089.250523,382,94,48.569295,6.207732,0.455501,True
7416,1773641600.762261,1773643084.409400,407,104,38.242637,2.349608,0.348476,True
7417,1773641600.762293,1773643086.302212,385,110,40.900942,1.785829,0.358854,True
7418,1773641600.762338,1773643080.302385,1698,39,28.752781,7.660183,0.555068,True
7419,1773641600.762374,1773643085.149894,398,79,37.900708,4.686296,0.425826,True
7420,1773641600.762403,1773643087.273498,380,74,42.110571,8.455855,0.461024,True
7421,1773641600.762441,1773643097.822381,941,103,63.187797,12.378758,0.498128,True
7422,1773641600.762471,1773643086.414392,181,111,40.042005,1.244391,0.352706,True
7423,1773641600.762500,1773643081.495478,369,59,29.751164,4.553155,0.434448,True
7424,1773641600.762528,1773643087.397131,387,87,41.163740,4.481978,0.426532,True
7425,1773641600.762561,1773643154.647433,900,396,175.538595,8.110529,0.423869,True
7426,1773641600.762589,1773643096.788409,410,98,59.276240,11.456882,0.492983,True
7427,1773641600.762618,1773643089.238813,407,89,43.432046,8.387072,0.398238,True
7428,1773641600.762646,1773643088.213209,399,89,41.338639,4.048718,0.423749,True
7429,1773641600.762675,1773643167.616323,1044,420,200.037086,11.107607,0.450906,True
7430,1773641600.762703,1773643087.145819,1108,53,38.660504,10.081310,0.549600,True
7431,1773641600.762732,1773643087.269016,394,92,38.239556,2.734176,0.390169,True
7432,1773641600.762761,1773643097.301701,407,96,57.678770,11.348878,0.487683,True
7433,1773641600.762789,1773643101.554496,383,61,66.162028,23.060948,0.718351,True
7434,1773641600.762818,1773643160.661702,1060,420,183.919894,4.612534,0.427941,True
7435,1773641600.762846,1773643096.277332,437,138,54.988126,9.040576,0.335384,True
7436,1773641600.762877,1773643093.879124,397,82,50.169741,11.017181,0.483365,True
7437,1773641600.762905,1773643124.624652,1317,181,111.638519,23.064355,0.492079,True
7438,1773641600.762953,1773643102.448457,892,60,66.827511,23.979271,0.726241,True
7439,1773641600.762983,1773643146.121517,1080,393,153.821053,3.215386,0.384198,True
7440,1773641600.763016,1773643148.837446,1091,396,159.023244,3.692080,0.393243,True
7441,1773641600.763045,1773643090.735882,1025,76,42.446813,8.029416,0.458899,True
7442,1773641600.763074,1773643171.654156,1077,428,204.240169,23.480095,0.423326,True
7443,1773641600.763103,1773643097.393875,404,117,54.817367,8.719650,0.397394,True
7444,1773641600.763131,1773643098.661776,406,101,56.742812,9.521213,0.472216,True
7445,1773641600.763160,1773643088.324612,390,86,35.842317,2.613944,0.390922,True
7446,1773641600.763189,1773643089.176309,387,68,37.067488,6.899083,0.450275,True
7447,1773641600.763221,1773643100.414589,384,145,59.042129,4.391169,0.379521,True
7448,1773641600.763250,1773643088.602438,389,73,35.191774,4.278089,0.429357,True
7449,1773641600.763278,1773643104.874084,381,78,67.442338,20.381767,0.611176,True
7450,1773641600.763307,1773643100.830616,399,120,59.083066,4.740194,0.456663,True
7451,1773641600.763337,1773643088.192882,374,59,33.599303,5.291685,0.488062,True
7452,1773641600.763366,1773643090.714486,393,92,38.160680,3.650529,0.379232,True
7453,1773641600.763400,1773643108.074723,401,85,72.650219,21.264330,0.611737,True
7454,1773641600.763427,1773643092.874202,1611,104,42.048959,9.609010,0.314951,True
7455,1773641600.763456,1773643093.002302,387,84,41.909064,3.981800,0.456955,True
7456,1773641600.763488,1773643097.711215,385,93,51.204879,8.756845,0.461392,True
7457,1773641600.763517,1773643101.500920,383,127,58.700158,4.533850,0.429891,True
7458,1773641600.763546,1773643193.131428,1086,536,241.792672,6.287251,0.440197,True
7459,1773641600.763575,1773643088.677526,382,62,32.822815,5.630588,0.445774,True
7460,1773641600.763604,1773643100.218097,392,103,55.779260,8.537180,0.463158,True
7461,1773641600.763633,1773643205.645769,1182,591,266.281086,27.998571,0.403869,True
7462,1773641600.763661,1773643106.102881,396,148,66.517938,8.615046,0.393897,True
7463,1773641600.763690,1773643094.495835,407,103,42.972907,4.887441,0.373387,True
7464,1773641600.763719,1773643095.164034,387,74,43.830643,9.224082,0.474062,True
7465,1773641600.763751,1773643094.676898,387,92,41.399395,5.649266,0.392859,True
7466,1773641600.763780,1773643090.646788,401,86,33.274328,7.449187,0.303825,True
7467,1773641600.763811,1773643098.354343,25,132,48.496945,1.179124,0.361205,True
7468,1773641600.763840,1773643090.572869,405,85,32.829213,7.300495,0.303913,True
7469,1773641600.763873,1773643162.598431,1006,395,176.205433,9.851841,0.422217,True
7470,1773641600.763902,1773643173.381256,1062,428,197.749830,12.435532,0.433991,True
7471,1773641600.763946,1773643152.659288,983,391,156.220442,2.856325,0.393241,True
7472,1773641600.763978,1773643111.259282,383,64,73.399749,25.944196,0.753263,True
7473,1773641600.764007,1773643170.647702,1028,442,191.737676,5.447625,0.422426,True
7474,1773641600.764039,1773643119.550873,181,183,89.229660,5.290316,0.461205,True
7475,1773641600.764067,1773643095.722631,395,101,40.929531,1.066869,0.398627,True
7476,1773641600.764096,1773643092.729690,379,76,34.422853,9.213380,0.336126,True
7477,1773641600.764125,1773643151.356913,1085,395,150.912092,4.333831,0.372026,True
7478,1773641600.764157,1773643097.890348,426,89,43.352292,8.517749,0.395847,True
7479,1773641600.764185,1773643091.980895,391,75,30.626753,0.401195,0.408453,True
7480,1773641600.764214,1773643161.118363,1014,429,168.733923,1.561705,0.390589,True
7481,1773641600.764246,1773643097.346354,404,102,40.853403,3.314906,0.371668,True
7482,1773641600.764275,1773643096.708717,396,102,39.451074,3.634546,0.354619,True
7483,1773641600.764307,1773643104.844959,390,92,55.510384,10.060220,0.499452,True
7484,1773641600.764334,1773643103.790867,418,85,53.091396,9.904780,0.514126,True
7485,1773641600.764362,1773643090.914864,371,68,27.234177,0.492410,0.399131,True
7486,1773641600.764391,1773643079.705226,120,11,4.792584,0.481374,0.431121,True
7487,1773641600.764420,1773643177.101061,1168,452,199.562817,9.622189,0.421154,True
7488,1773641600.764534,1773643097.717673,1248,75,40.568013,5.658669,0.471748,True
7489,1773641600.764566,1773643125.844099,411,153,96.697147,19.949990,0.504916,True
7490,1773641600.764596,1773643096.227763,371,108,37.177856,1.055045,0.337596,True
7491,1773641600.764626,1773643129.126229,29,195,102.810301,9.220845,0.482420,True
7492,1773641600.764659,1773643092.820801,376,95,28.766363,0.542053,0.300259,True
7493,1773641600.764688,1773643161.384893,1230,423,165.600641,0.893921,0.390300,True
7494,1773641600.764718,1773643106.103053,426,86,54.332011,9.901783,0.522709,True
7495,1773641600.764747,1773643101.742068,438,107,45.424809,4.062757,0.390208,True
7496,1773641600.764776,1773643174.387100,1070,400,190.671425,13.067348,0.445123,True
7497,1773641600.764805,1773643097.130794,411,103,35.336653,1.154879,0.335115,True
7498,1773641600.764834,1773643098.354511,416,110,37.617493,0.416382,0.341295,True
7499,1773641600.764863,1773643099.740450,389,110,40.075585,0.705835,0.361190,True
7500,1773641600.764891,1773643156.554666,1236,385,153.682023,2.575767,0.393506,True
7501,1773641600.764923,1773643093.799957,376,68,26.973414,2.779652,0.361101,True
7502,1773641600.765000,1773643181.387873,1020,565,202.128695,0.775798,0.357009,True
7503,1773641600.765030,1773643127.026854,419,146,93.324777,13.402374,0.551189,True
7504,1773641600.765067,1773643115.567223,404,153,70.361474,3.504498,0.439849,True
7505,1773641600.765095,1773643090.120752,390,58,18.848362,0.494098,0.322005,True
7506,1773641600.765124,1773643167.490282,909,429,173.524261,3.162809,0.398041,True
7507,1773641600.765154,1773643092.953048,380,66,24.386943,0.527390,0.367070,True
7508,1773641600.765182,1773643100.850003,396,96,39.911355,2.617510,0.392567,True
7509,1773641600.765216,1773643094.612043,381,84,26.583913,0.415556,0.315281,True
7510,1773641600.765250,1773643095.834266,375,59,28.672180,3.252830,0.438265,True
7511,1773641600.765278,1773643113.705814,417,94,64.226291,15.852609,0.520147,True
7512,1773641600.765307,1773643170.393346,1074,393,176.623625,15.363825,0.411377,True
7513,1773641600.765336,1773643113.831144,379,92,63.289582,11.580818,0.568228,True
7514,1773641600.765375,1773643193.879806,959,450,223.076135,10.095148,0.474345,True
7515,1773641600.765404,1773643102.677257,396,116,40.061519,0.396731,0.344911,True
7516,1773641600.765434,1773643092.092259,383,37,18.038461,1.678188,0.454452,True
7517,1773641600.765468,1773643101.502796,181,102,36.379752,0.253871,0.357682,True
7518,1773641600.765498,1773643169.892912,897,429,173.010153,0.907835,0.402108,True
7519,1773641600.765528,1773643122.330139,1337,123,77.612765,11.985581,0.537928,True
7520,1773641600.765557,1773643107.952404,408,67,48.541923,10.085652,0.582671,True
7521,1773641600.765589,1773643163.218454,1047,397,158.991354,1.949014,0.396572,True
7522,1773641600.765618,1773643113.209312,1315,166,58.867892,0.703811,0.352510,True
7523,1773641600.765647,1773643098.188784,381,81,28.577547,1.541999,0.337944,True
7524,1773641600.765679,1773643203.595189,997,529,239.102038,2.557204,0.448002,True
7525,1773641600.765708,1773643103.951741,404,92,39.442708,1.067992,0.421700,True
7526,1773641600.765737,1773643101.818556,415,83,35.155519,1.057338,0.415831,True
7527,1773641600.765766,1773643114.218116,401,94,59.704452,13.743405,0.494205,True
7528,1773641600.765795,1773643100.414700,436,91,31.988297,1.251374,0.341521,True
7529,1773641600.765823,1773643099.335775,394,84,29.164448,1.208213,0.336822,True
7530,1773641600.765855,1773643089.597531,314,18,8.879644,2.783947,0.358570,True
7531,1773641600.765884,1773643099.685804,373,50,29.035046,2.773639,0.535947,True
7532,1773641600.765913,1773643102.129553,405,104,33.713052,0.342851,0.323983,True
7533,1773641600.765958,1773643107.952259,385,66,45.024050,8.728189,0.558398,True
7534,1773641600.765987,1773643124.425642,206,163,77.696006,2.854294,0.461986,True
7535,1773641600.766016,1773643101.706115,373,78,32.132055,0.377249,0.412400,True
7536,1773641600.766046,1773643102.190832,389,89,31.953489,0.299090,0.359709,True
7537,1773641600.766075,1773643101.895279,394,95,31.174097,0.416140,0.327212,True
7538,1773641600.766104,1773643101.664786,91,16,30.648988,9.169507,1.431965,True
7539,1773641600.766134,1773643104.136409,394,103,35.422043,1.281625,0.334710,True
7540,1773641600.766165,1773643105.914107,407,91,38.873081,0.396696,0.427515,True
7541,1773641600.766193,1773643120.341220,393,112,67.497545,13.911010,0.482762,True
7542,1773641600.766221,1773643105.904085,391,105,38.497739,0.292155,0.367361,True
7543,1773641600.766249,1773643157.473534,1014,394,140.639562,0.489007,0.356617,True
7544,1773641600.766278,1773643112.389809,405,103,50.223145,3.312271,0.459911,True
7545,1773641600.766307,1773643113.685867,1995,100,52.793011,6.018078,0.472474,True
7546,1773641600.766335,1773643111.163182,371,68,47.725152,8.132201,0.590940,True
7547,1773641600.766364,1773643206.250730,1047,535,237.689193,6.650852,0.432656,True
7548,1773641600.766392,1773643110.174480,393,83,44.475144,6.119975,0.467746,True
7549,1773641600.766421,1773643107.216509,371,48,38.181352,7.383454,0.655274,True
7550,1773641600.766450,1773643125.639897,398,141,74.882788,5.108914,0.498385,True
7551,1773641600.766479,1773643107.189975,399,83,37.942214,0.400202,0.457829,True
7552,1773641600.766510,1773643108.683056,371,91,40.695177,0.576516,0.445763,True
7553,1773641600.766540,1773643144.140184,197,217,111.377061,7.057901,0.482959,True
7554,1773641600.766568,1773643178.169517,877,395,179.122273,7.505931,0.435574,True
7555,1773641600.766606,1773643103.728843,406,88,30.095437,0.295581,0.342527,True
7556,1773641600.766634,1773643125.650082,380,132,73.074817,12.612384,0.461545,True
7557,1773641600.766665,1773643098.822639,380,53,19.273490,0.285118,0.365161,True
7558,1773641600.766694,1773643118.952553,443,110,59.408343,6.261485,0.487586,True
7559,1773641600.766723,1773643099.740708,372,49,20.962651,0.395211,0.428488,True
7560,1773641600.766752,1773643111.799254,425,87,44.387954,4.664884,0.461896,True
7561,1773641600.766781,1773643170.420273,1091,412,160.857707,0.809782,0.389411,True
7562,1773641600.766809,1773643105.904094,418,83,31.554241,0.299732,0.381153,True
7563,1773641600.766838,1773643103.701445,1680,48,27.065424,7.124885,0.424267,True
7564,1773641600.766872,1773643099.612920,374,49,18.719060,0.349322,0.382703,True
7565,1773641600.766904,1773643102.626001,321,18,24.100149,4.933577,1.127445,True
7566,1773641600.766949,1773643180.714059,1070,373,180.129070,6.582490,0.466523,True
7567,1773641600.766981,1773643112.612413,370,70,43.860780,5.881558,0.550424,True
7568,1773641600.767014,1773643112.890206,403,90,44.332593,5.390600,0.437550,True
7569,1773641600.767044,1773643107.347970,418,88,33.206500,0.413724,0.376928,True
7570,1773641600.767074,1773643107.475049,405,89,33.439237,0.403142,0.375410,True
7571,1773641600.767103,1773643115.410369,397,134,49.079587,0.463016,0.365538,True
7572,1773641600.767132,1773643120.976407,943,142,60.105510,0.719714,0.421176,True
7573,1773641600.767166,1773643110.747403,394,82,39.625937,6.359000,0.410703,True
7574,1773641600.767197,1773643108.085257,376,68,34.177099,6.296905,0.416122,True
7575,1773641600.767226,1773643112.170469,378,53,41.810506,12.306448,0.567386,True
7576,1773641600.767255,1773643109.891801,378,70,37.127015,6.780892,0.439799,True
7577,1773641600.767284,1773643125.951336,414,123,68.847774,6.281729,0.512836,True
7578,1773641600.767313,1773643126.611139,212,183,69.253611,0.257102,0.379102,True
7579,1773641600.767342,1773643125.963308,169,168,67.937849,0.265889,0.405221,True
7580,1773641600.767370,1773643107.753306,376,74,31.312328,0.455753,0.422693,True
7581,1773641600.767403,1773643134.053033,181,201,83.621249,5.866780,0.388772,True
7582,1773641600.767435,1773643116.359086,408,89,47.240863,5.929664,0.469445,True
7583,1773641600.767464,1773643114.705590,397,98,43.766074,3.291954,0.417259,True
7584,1773641600.767493,1773643136.233679,391,161,86.696995,5.783149,0.505712,True
7585,1773641600.767522,1773643165.329470,1014,394,144.742805,2.157354,0.362813,True
7586,1773641600.767551,1773643118.239479,385,97,50.479696,3.563927,0.488706,True
7587,1773641600.767581,1773643116.764307,415,113,47.507579,0.409191,0.420521,True
7588,1773641600.767609,1773643115.845039,412,101,45.376396,3.380015,0.419964,True
7589,1773641600.767638,1773643185.504655,1111,459,183.868647,10.001606,0.379622,True
7590,1773641600.767668,1773643122.202605,407,113,56.803113,3.492810,0.475985,True
7591,1773641600.767700,1773643108.884068,380,73,30.144454,5.272783,0.345440,True
7592,1773641600.767732,1773643114.523859,382,99,41.297629,0.401268,0.417310,True
7593,1773641600.767760,1773643106.813297,375,52,25.854362,2.677457,0.454449,True
7594,1773641600.767791,1773643125.963301,206,158,63.949095,0.503582,0.404112,True
7595,1773641600.767823,1773643112.405979,410,96,36.195083,0.299374,0.377850,True
7596,1773641600.767851,1773643195.124920,1036,451,201.380518,4.650086,0.437179,True
7597,1773641600.767880,1773643105.147875,375,41,21.282624,2.490912,0.469793,True
7598,1773641600.767909,1773643116.850835,385,102,44.459663,2.748682,0.412980,True
7599,1773641600.767952,1773643111.657402,374,79,33.946610,2.314090,0.405545,True
7600,1773641600.767986,1773643124.207983,181,142,58.285933,2.304599,0.397031,True
7601,1773641600.768015,1773643117.720367,428,95,45.105121,1.395458,0.464996,True
7602,1773641600.768044,1773643105.039019,376,42,18.976416,1.526049,0.425619,True
7603,1773641600.768072,1773643129.052681,1315,160,66.652549,0.925009,0.413381,True
7604,1773641600.768101,1773643111.845852,374,87,32.030838,0.298532,0.368980,True
7605,1773641600.768130,1773643113.240655,382,78,34.799887,1.103846,0.437611,True
7606,1773641600.768161,1773643100.671242,334,18,9.534485,1.374040,0.480026,True
7607,1773641600.768191,1773643118.952450,381,96,45.578030,3.894526,0.438774,True
7608,1773641600.768223,1773643112.890215,371,87,33.303292,1.131139,0.374095,True
7609,1773641600.768255,1773643131.024721,200,183,69.487084,1.827848,0.371754,True
7610,1773641600.768284,1773643110.026163,374,63,26.616916,2.035902,0.396468,True
7611,1773641600.768312,1773643166.813074,873,382,140.168691,2.025159,0.362581,True
7612,1773641600.768341,1773643125.011279,404,144,56.479325,0.906173,0.388623,True
7613,1773641600.768370,1773643136.142360,200,179,78.698383,0.694103,0.438226,True
7614,1773641600.768403,1773643106.907340,376,52,20.206646,1.305270,0.370615,True
7615,1773641600.768435,1773643114.585022,382,87,34.886863,1.611978,0.386917,True
7616,1773641600.768463,1773643191.376995,913,447,188.138328,1.130134,0.419301,True
7617,1773641600.768492,1773643170.432674,1066,403,146.167488,0.512066,0.362327,True
7618,1773641600.768524,1773643113.721564,392,65,32.640276,2.656126,0.468502,True
7619,1773641600.768553,1773643129.034036,396,162,62.912054,1.966841,0.378542,True
7620,1773641600.768582,1773643238.078480,1049,939,280.896014,0.803365,0.298606,True
7621,1773641600.768610,1773643111.387177,1220,60,27.347606,1.720392,0.434360,True
7622,1773641600.768640,1773643185.857377,1152,394,176.267579,5.174887,0.435350,True
7623,1773641600.768671,1773643124.951253,9,118,54.248136,1.606253,0.449931,True
7624,1773641600.768700,1773643109.671108,382,45,23.543330,2.158524,0.486018,True
7625,1773641600.768732,1773643174.204309,913,394,152.029294,4.277115,0.375960,True
7626,1773641600.768761,1773643178.778985,1152,418,161.155340,5.265283,0.373837,True
7627,1773641600.769980,1773643125.876111,412,141,55.042000,0.419802,0.390159,True
7628,1773641600.770019,1773643115.625201,385,85,34.518867,1.264408,0.395886,True
7629,1773641600.770049,1773643179.046298,1044,395,160.764909,2.504832,0.401675,True
7630,1773641600.770079,1773643117.702906,385,87,37.851547,0.400451,0.435478,True
7631,1773641600.770115,1773643113.016726,376,76,28.373279,0.301703,0.374288,True
7632,1773641600.770143,1773643135.373681,453,153,72.900223,2.652179,0.462158,True
7633,1773641600.770173,1773643192.734816,1071,426,187.601909,2.641794,0.435200,True
7634,1773641600.770203,1773643169.480584,913,394,141.051993,0.524599,0.357576,True
7635,1773641600.770232,1773643114.263296,389,72,29.849325,1.371256,0.401100,True
7636,1773641600.770265,1773643116.831804,1725,70,34.902038,6.128281,0.417011,True
7637,1773641600.770294,1773643122.459834,372,69,45.704612,5.375447,0.593076,True
7638,1773641600.770324,1773643116.381049,403,90,33.524306,0.294865,0.373364,True
7639,1773641600.770353,1773643111.012196,370,51,22.765206,0.378184,0.447740,True
7640,1773641600.770381,1773643116.668338,964,49,33.949400,5.289561,0.597080,True
7641,1773641600.770411,1773643114.644861,371,83,29.798781,0.340477,0.359248,True
7642,1773641600.770442,1773643182.965040,909,425,166.416425,0.846739,0.390495,True
7643,1773641600.770470,1773643173.039293,1042,385,146.359636,4.880173,0.368436,True
7644,1773641600.770499,1773643104.029101,303,18,7.614650,0.946759,0.392229,True
7645,1773641600.770531,1773643182.799142,1006,398,164.924851,2.507615,0.409111,True
7646,1773641600.770560,1773643120.522705,376,99,40.208647,0.578769,0.404387,True
7647,1773641600.770589,1773643211.489262,1017,534,222.119904,3.593670,0.409993,True
7648,1773641600.770622,1773643121.123217,403,95,40.892222,2.788451,0.405359,True
7649,1773641600.770651,1773643131.718599,404,153,61.772254,0.419105,0.403639,True
7650,1773641600.770679,1773643183.738389,1030,365,165.767068,5.593471,0.440037,True
7651,1773641600.770714,1773643119.221225,394,95,35.423865,0.294317,0.373719,True
7652,1773641600.770744,1773643124.002430,405,70,44.964662,5.523310,0.571614,True
7653,1773641600.770772,1773643123.382670,418,101,43.642095,4.101043,0.395411,True
7654,1773641600.770804,1773643117.101259,426,88,30.869467,0.871114,0.344809,True
7655,1773641600.770832,1773643118.331365,395,92,33.308327,0.860382,0.356571,True
7656,1773641600.770860,1773643111.799246,954,50,20.179981,0.713074,0.397284,True
7657,1773641600.770890,1773643133.311193,392,89,63.119602,8.913765,0.615975,True
7658,1773641600.770918,1773643115.168788,373,66,26.689050,0.930513,0.396285,True
7659,1773641600.770965,1773643124.320199,1271,102,44.841753,3.666170,0.407679,True
7660,1773641600.770999,1773643119.220911,380,92,34.166374,0.422476,0.370812,True
7661,1773641600.771028,1773643120.687970,376,85,37.016641,0.950705,0.429356,True
7662,1773641600.771062,1773643118.683124,379,83,32.961740,1.695480,0.381296,True
7663,1773641600.771092,1773643116.438284,421,67,27.959588,3.050707,0.377407,True
7664,1773641600.771122,1773643127.287417,379,121,49.310968,0.386959,0.407700,True
7665,1773641600.771151,1773643186.636288,1014,394,167.902418,2.880014,0.419904,True
7666,1773641600.771180,1773643119.894599,383,93,34.398141,0.296780,0.370667,True
7667,1773641600.771210,1773643178.212216,867,409,150.636708,1.992661,0.364324,True
7668,1773641600.771239,1773643137.187008,27,187,68.293912,2.622606,0.353072,True
7669,1773641600.771268,1773643142.977504,197,217,79.748601,0.282665,0.367898,True
7670,1773641600.771297,1773643190.524128,877,395,174.338196,4.376905,0.431374,True
7671,1773641600.771326,1773643202.764910,874,394,198.113197,6.956795,0.486403,True
7672,1773641600.771359,1773643114.454722,375,54,21.429832,1.146857,0.382698,True
7673,1773641600.771388,1773643138.249351,431,158,68.912790,0.536321,0.435519,True
7674,1773641600.771417,1773643180.762303,1247,401,153.606627,0.852230,0.381886,True
7675,1773641600.771446,1773643190.213133,898,403,172.366421,2.224930,0.423238,True
7676,1773641600.771475,1773643128.774368,412,112,49.261176,3.587799,0.411472,True
7677,1773641600.771504,1773643127.066051,428,101,45.822986,3.577009,0.422460,True
7678,1773641600.771533,1773643121.999477,403,92,35.258290,1.292212,0.373254,True
7679,1773641600.771567,1773643122.580126,395,91,36.315959,0.898070,0.393532,True
7680,1773641600.771596,1773643134.809326,1313,130,59.973249,7.895692,0.403702,True
7681,1773641600.771628,1773643123.857215,394,92,38.007229,0.472828,0.412466,True
7682,1773641600.771657,1773643118.561512,1011,56,27.371534,3.572697,0.432706,True
7683,1773641600.771686,1773643125.208538,406,106,40.561614,0.420066,0.382300,True
7684,1773641600.771714,1773643128.329226,405,98,46.572470,1.211948,0.467634,True
7685,1773641600.771743,1773643120.240265,383,72,30.163425,2.430439,0.390605,True
7686,1773641600.771772,1773643187.240232,1042,385,163.726354,2.351358,0.420247,True
7687,1773641600.771801,1773643128.646329,375,62,46.493541,5.265465,0.675870,True
7688,1773641600.771830,1773643117.883476,383,66,23.949003,0.663269,0.358242,True
7689,1773641600.771858,1773643174.576239,1060,384,137.312519,0.652470,0.356815,True
7690,1773641600.771890,1773643130.650159,385,91,49.439236,9.136958,0.447803,True
7691,1773641600.771922,1773643183.964019,1099,403,156.045176,0.795401,0.386193,True
7692,1773641600.771968,1773643133.736293,403,120,55.256660,0.936659,0.456471,True
7693,1773641600.771997,1773643125.314196,480,86,38.391729,0.926386,0.440769,True
7694,1773641600.772026,1773643146.868901,399,158,80.504837,4.932183,0.481354,True
7695,1773641600.772060,1773643199.651274,1236,415,185.925565,4.410290,0.438443,True
7696,1773641600.772088,1773643120.911307,1785,58,28.192387,2.217892,0.455693,True
7697,1773641600.772117,1773643119.726283,377,57,25.631293,2.456333,0.413839,True
7698,1773641600.772146,1773643137.344009,391,133,60.601003,3.227824,0.434645,True
7699,1773641600.772176,1773643215.475681,1089,631,216.677860,1.159343,0.342093,True
7700,1773641600.772205,1773643185.579331,889,403,156.756298,1.143922,0.387095,True
7701,1773641600.772234,1773643130.084555,402,95,45.723822,1.502939,0.470435,True
7702,1773641600.772263,1773643125.834608,397,98,36.957431,0.643864,0.374367,True
7703,1773641600.772291,1773643180.536457,1078,416,146.235971,0.581980,0.350973,True
7704,1773641600.772321,1773643118.682840,383,64,22.405427,0.614563,0.345887,True
7705,1773641600.772349,1773643119.405330,1072,45,23.290665,2.912451,0.463141,True
7706,1773641600.772378,1773643189.127322,1014,389,162.344154,2.315635,0.412445,True
7707,1773641600.772407,1773643207.005005,959,465,198.078074,4.533104,0.417123,True
7708,1773641600.772441,1773643124.100053,370,79,32.040854,1.286842,0.394282,True
7709,1773641600.772470,1773643134.557205,410,98,52.934622,3.458757,0.510060,True
7710,1773641600.772504,1773643120.864115,393,52,24.343952,1.980566,0.438498,True
7711,1773641600.772535,1773643137.877135,181,106,57.968447,3.081338,0.522734,True
7712,1773641600.772564,1773643189.770217,1070,412,161.313468,1.159038,0.389670,True
7713,1773641600.772593,1773643205.490198,913,397,192.712964,4.467752,0.475367,True
7714,1773641600.772623,1773643201.562164,897,429,184.380979,3.127688,0.423489,True
7715,1773641600.772652,1773643205.997749,1073,454,192.647161,0.937423,0.423200,True
7716,1773641600.772682,1773643132.508352,400,106,45.627357,2.633042,0.409470,True
7717,1773641600.772711,1773643204.075314,1085,409,188.636797,5.646087,0.448507,True
7718,1773641600.772740,1773643193.655788,1102,400,167.506744,7.661555,0.400615,True
7719,1773641600.772769,1773643132.082143,402,113,44.094007,0.286501,0.391138,True
7720,1773641600.772798,1773643201.815981,1029,396,183.275568,6.340968,0.447936,True
7721,1773641600.772827,1773643131.702126,393,108,42.224162,0.291502,0.391894,True
7722,1773641600.772859,1773643149.083713,203,159,76.654993,2.845049,0.467152,True
7723,1773641600.772888,1773643213.452574,1082,577,205.327569,1.145581,0.354483,True
7724,1773641600.772917,1773643127.882742,370,79,33.729277,1.309547,0.415638,True
7725,1773641600.772962,1773643129.126474,2008,66,35.919366,4.198479,0.488014,True
7726,1773641600.772990,1773643116.503278,120,12,10.466060,3.797514,0.606231,True
7727,1773641600.773020,1773643137.232656,400,110,51.678575,3.971459,0.437680,True
7728,1773641600.773049,1773643122.580357,1560,52,21.831346,0.672674,0.414876,True
7729,1773641600.773078,1773643141.387492,215,163,59.173165,0.989899,0.359156,True
7730,1773641600.773107,1773643128.828023,379,85,34.031674,0.978514,0.393490,True
7731,1773641600.773136,1773643135.399285,1928,98,47.153858,4.504651,0.439683,True
7732,1773641600.773165,1773643127.585477,375,76,31.463742,0.722721,0.409880,True
7733,1773641600.773194,1773643189.025241,867,413,153.705778,2.895182,0.366045,True
7734,1773641600.773223,1773643206.293192,875,406,187.784166,3.926393,0.453970,True
7735,1773641600.773255,1773643127.019693,378,73,29.216011,0.340970,0.401042,True
7736,1773641600.773290,1773643130.775630,380,51,36.603278,4.591248,0.640241,True
7737,1773641600.773319,1773643199.197982,873,403,173.160795,4.325116,0.419989,True
7738,1773641600.773347,1773643133.055033,409,89,40.500141,0.488690,0.454676,True
7739,1773641600.773388,1773643201.705760,913,382,177.612602,6.168549,0.449984,True
7740,1773641600.773416,1773643139.186996,406,100,52.552840,6.157358,0.468641,True
7741,1773641600.773445,1773643185.142628,1123,411,144.237067,0.543204,0.350473,True
7742,1773641600.773474,1773643128.329041,393,57,30.316495,3.771996,0.474009,True
7743,1773641600.773505,1773643132.938189,398,101,39.448159,0.596169,0.388520,True
7744,1773641600.773536,1773643123.130416,372,53,19.769935,0.377014,0.372941,True
7745,1773641600.773564,1773643142.927591,381,134,58.575585,0.468171,0.436898,True
7746,1773641600.773593,1773643198.511075,1075,362,169.641107,5.600892,0.454405,True
7747,1773641600.773622,1773643147.414428,410,159,67.402972,3.851086,0.402227,True
7748,1773641600.773651,1773643132.281559,385,80,37.115354,0.842349,0.459152,True
7749,1773641600.773680,1773643134.467402,404,79,41.250830,4.173378,0.475352,True
7750,1773641600.773709,1773643134.578091,384,78,41.451828,4.716640,0.477080,True
7751,1773641600.773738,1773643121.138119,329,18,13.827964,3.339544,0.616966,True
7752,1773641600.773767,1773643141.817791,421,112,55.103231,4.801388,0.453170,True
7753,1773641600.773799,1773643131.011017,395,84,33.094275,0.294108,0.395183,True
7754,1773641600.773828,1773643150.500626,401,194,71.950027,0.417536,0.370635,True
7755,1773641600.773856,1773643153.163034,1314,202,77.230892,3.942950,0.364617,True
7756,1773641600.773885,1773643134.518563,423,103,39.856939,0.265867,0.388148,True
7757,1773641600.773914,1773643127.956655,381,70,26.606704,0.300709,0.381246,True
7758,1773641600.773962,1773643147.445502,402,134,65.462179,5.694716,0.449379,True
7759,1773641600.773997,1773643139.622085,181,133,48.888476,0.273905,0.368292,True
7760,1773641600.774025,1773643132.018182,381,86,33.201887,0.701405,0.382359,True
7761,1773641600.774054,1773643125.140659,1291,48,19.427759,0.690978,0.398655,True
7762,1773641600.774085,1773643199.640982,1089,428,168.135397,0.848611,0.391772,True
7763,1773641600.774113,1773643150.834473,32,192,70.501930,0.838263,0.364731,True
7764,1773641600.774153,1773643136.841746,399,86,42.411728,4.773276,0.442805,True
7765,1773641600.774184,1773643130.227077,383,60,28.745584,4.555265,0.410005,True
7766,1773641600.875820,1773643133.757108,371,70,35.225153,3.426342,0.460852,True
7767,1773641600.875877,1773643137.591958,406,83,42.464086,0.483704,0.511956,True
7768,1773641600.875915,1773643133.868786,409,93,34.953584,0.329030,0.376354,True
7769,1773641600.875965,1773643133.858611,410,91,34.829157,2.558254,0.358566,True
7770,1773641600.875998,1773643137.670341,393,108,42.327994,1.057419,0.385706,True
7771,1773641600.876040,1773643138.949248,460,95,44.552354,2.618426,0.446106,True
7772,1773641600.876070,1773643200.697325,1071,428,167.859952,0.821819,0.391190,True
7773,1773641600.876100,1773643132.281228,372,75,30.879998,1.895160,0.391687,True
7774,1773641600.876129,1773643145.233170,31,125,56.745681,3.548884,0.429006,True
7775,1773641600.876159,1773643207.604206,966,432,180.989875,0.961985,0.417698,True
7776,1773641600.876190,1773643138.396634,402,91,41.449852,2.335687,0.434602,True
7777,1773641600.876220,1773643126.075979,377,49,16.724420,0.388731,0.340327,True
7778,1773641600.876250,1773643137.232664,398,90,39.016536,1.846751,0.417638,True
7779,1773641600.876279,1773643139.654488,447,117,43.529864,0.336731,0.372355,True
7780,1773641600.876312,1773643133.049365,379,64,30.197699,2.979338,0.432037,True
7781,1773641600.876342,1773643147.350839,1313,159,58.632117,2.768043,0.353570,True
7782,1773641600.876371,1773643222.876962,1017,613,209.269210,3.738152,0.335835,True
7783,1773641600.876400,1773643139.884096,425,84,43.097272,0.529748,0.512862,True
7784,1773641600.876429,1773643139.234909,412,110,41.325409,0.332630,0.376081,True
7785,1773641600.876461,1773643189.929152,874,394,142.485960,0.464836,0.361377,True
7786,1773641600.876491,1773643128.981772,1259,46,20.569636,1.974805,0.413218,True
7787,1773641600.876520,1773643131.086298,371,64,24.590987,0.389439,0.384152,True
7788,1773641600.876549,1773643137.860207,427,99,38.095497,3.364877,0.354394,True
7789,1773641600.876581,1773643206.502445,1117,410,175.090046,1.212169,0.425129,True
7790,1773641600.876609,1773643216.139908,1041,576,194.343035,2.856998,0.333019,True
7791,1773641600.876638,1773643182.688323,181,311,127.333730,2.959554,0.401207,True
7792,1773641600.876670,1773643136.580502,397,88,34.704873,0.404173,0.394261,True
7793,1773641600.876701,1773643139.138632,386,106,39.799063,0.393335,0.375293,True
7794,1773641600.876729,1773643196.443519,897,397,154.052866,0.774118,0.387068,True
7795,1773641600.876758,1773643140.733587,411,110,42.362006,1.149889,0.378093,True
7796,1773641600.876787,1773643153.552243,203,167,67.852552,1.304173,0.400894,True
7797,1773641600.876816,1773643136.994380,406,94,34.528257,0.409614,0.366867,True
7798,1773641600.876848,1773643141.288488,410,113,43.093549,0.398496,0.381206,True
7799,1773641600.876877,1773643123.884670,327,18,7.976813,0.274303,0.453089,True
7800,1773641600.876905,1773643138.765036,397,96,37.027422,0.606412,0.383379,True
7801,1773641600.876953,1773643194.636336,1030,408,148.748907,1.238178,0.362434,True
7802,1773641600.876985,1773643206.664564,1014,394,172.783432,1.581204,0.435629,True
7803,1773641600.877013,1773643199.146429,1115,396,157.602278,8.618203,0.377175,True
7804,1773641600.877041,1773643138.513523,376,87,35.965683,0.806133,0.408832,True
7805,1773641600.877070,1773643209.888583,1168,452,178.406865,2.834893,0.389295,True
7806,1773641600.877116,1773643142.473395,424,107,43.555630,1.284724,0.398782,True
7807,1773641600.877170,1773643153.413053,181,186,65.081789,0.281825,0.350270,True
7808,1773641600.877200,1773643140.493925,1147,93,39.159879,2.466249,0.398844,True
7809,1773641600.877229,1773643219.580333,1020,565,197.311447,2.455807,0.345489,True
7810,1773641600.877258,1773643137.545624,393,100,33.116193,0.462081,0.329840,True
7811,1773641600.877291,1773643129.892318,371,55,17.684957,0.575961,0.316833,True
7812,1773641600.877320,1773643134.060006,371,65,25.851764,0.668607,0.393487,True
7813,1773641600.877349,1773643140.321273,1586,104,38.351960,0.782748,0.364750,True
7814,1773641600.877391,1773643192.303081,1017,397,141.332521,0.548583,0.355515,True
7815,1773641600.877418,1773643141.479795,376,75,38.957151,6.962147,0.432365,True
7816,1773641600.877451,1773643130.143163,379,48,16.139829,0.324243,0.336502,True
7817,1773641600.877480,1773643208.203699,877,409,171.992357,1.106956,0.418837,True
7818,1773641600.877509,1773643207.672625,1110,411,170.678359,2.644268,0.409839,True
7819,1773641600.877538,1773643150.424601,408,127,55.911912,2.834587,0.421249,True
7820,1773641600.877568,1773643141.112742,1997,81,37.059532,0.844718,0.452685,True
7821,1773641600.877600,1773643166.007704,167,217,86.828526,7.320649,0.368092,True
7822,1773641600.877630,1773643155.691890,1315,181,65.119241,0.950201,0.356495,True
7823,1773641600.877663,1773643153.904610,410,132,61.030962,7.437454,0.409111,True
7824,1773641600.877692,1773643145.027318,404,92,42.323821,1.917118,0.444030,True
7825,1773641600.877724,1773643198.891318,909,428,150.010146,0.473984,0.350202,True
7826,1773641600.877753,1773643148.016921,405,114,48.009555,1.290800,0.413440,True
7827,1773641600.877782,1773643144.659745,181,112,41.105454,0.251852,0.368050,True
7828,1773641600.877815,1773643136.954021,376,61,25.483476,0.376478,0.418450,True
7829,1773641600.877845,1773643144.228402,389,90,39.804358,0.571246,0.440821,True
7830,1773641600.877873,1773643208.408108,1031,395,167.955792,2.268484,0.420526,True
7831,1773641600.877902,1773643209.738556,1236,415,170.594178,3.532808,0.403530,True
7832,1773641600.877946,1773643137.798409,417,72,26.340029,0.690257,0.361264,True
7833,1773641600.877978,1773643131.152576,1166,37,13.027363,0.679860,0.342986,True
7834,1773641600.878010,1773643147.081396,373,107,44.244689,1.461211,0.403618,True
7835,1773641600.878039,1773643136.010618,424,54,21.977165,0.413020,0.406871,True
7836,1773641600.878068,1773643165.746281,54,190,81.237765,0.413496,0.427642,True
7837,1773641600.878097,1773643141.353208,452,92,32.407777,0.295575,0.352881,True
7838,1773641600.878126,1773643140.715627,401,88,31.008424,0.413960,0.351661,True
7839,1773641600.878155,1773643146.612611,405,96,42.592207,1.066911,0.437108,True
7840,1773641600.878183,1773643139.410562,375,67,27.792893,1.174780,0.403305,True
7841,1773641600.878212,1773643209.616828,898,403,167.936288,4.555965,0.406419,True
7842,1773641600.878241,1773643150.272815,408,93,49.227537,7.936676,0.448814,True
7843,1773641600.878273,1773643143.469986,430,96,35.250189,0.305354,0.367840,True
7844,1773641600.878301,1773643203.738311,1094,442,155.763592,0.488877,0.352097,True
7845,1773641600.878330,1773643139.744763,746,68,27.736563,0.628421,0.404599,True
7846,1773641600.878359,1773643141.154132,386,69,30.389957,0.908251,0.433554,True
7847,1773641600.878388,1773643143.310534,412,102,34.681192,0.650441,0.336938,True
7848,1773641600.878416,1773643140.939994,391,86,29.918196,0.639719,0.344453,True
7849,1773641600.878450,1773643221.634552,1041,589,191.101115,1.232644,0.322906,True
7850,1773641600.878479,1773643208.306785,1085,409,163.669425,2.032736,0.396168,True
7851,1773641600.878508,1773643136.138472,370,51,19.044778,0.270478,0.375486,True
7852,1773641600.878540,1773643159.146912,171,164,64.709805,3.412879,0.376055,True
7853,1773641600.878568,1773643144.529623,407,101,35.015987,0.302098,0.347139,True
7854,1773641600.878597,1773643148.413369,400,108,42.761139,0.394619,0.395949,True
7855,1773641600.878636,1773643214.256963,1053,450,174.365495,0.804088,0.386551,True
7856,1773641600.878667,1773643154.563324,861,124,54.544422,2.234009,0.425288,True
7857,1773641600.878696,1773643143.204684,398,93,31.220823,0.293913,0.336162,True
7858,1773641600.878725,1773643139.735979,375,72,23.704886,0.379556,0.328526,True
7859,1773641600.878753,1773643147.001809,423,103,38.069017,1.946750,0.354140,True
7860,1773641600.878783,1773643149.045099,406,102,41.428029,0.680768,0.403438,True
7861,1773641600.878817,1773643151.166964,397,107,45.648509,0.669856,0.424327,True
7862,1773641600.878846,1773643154.605003,1505,110,52.334580,7.014581,0.415780,True
7863,1773641600.878875,1773643143.144378,394,86,28.974622,1.547322,0.322674,True
7864,1773641600.878904,1773643142.927429,387,72,28.497073,1.317774,0.382807,True
7865,1773641600.878949,1773643153.552421,1894,109,49.541422,2.850101,0.432327,True
7866,1773641600.878982,1773643142.442711,386,80,27.239296,1.778887,0.322284,True
7867,1773641600.879011,1773643207.131466,1123,409,156.595188,0.929254,0.381534,True
7868,1773641600.879040,1773643147.824139,406,108,37.668657,1.102453,0.341740,True
7869,1773641600.879073,1773643132.281238,322,18,6.473239,0.268249,0.364999,True
7870,1773641600.879107,1773643143.421446,401,90,28.716204,1.004368,0.311369,True
7871,1773641600.879136,1773643147.632792,405,93,36.990776,0.624936,0.395281,True
7872,1773641600.879165,1773643144.374709,397,82,30.453546,0.614078,0.368388,True
7873,1773641600.879194,1773643147.414258,385,95,35.912349,0.287805,0.378985,True
7874,1773641600.879224,1773643158.622870,406,132,57.439653,2.589489,0.418704,True
7875,1773641600.879253,1773643151.115462,410,108,42.049817,0.906428,0.384518,True
7876,1773641600.879282,1773643149.744781,420,104,39.287636,0.896011,0.372734,True
7877,1773641600.879311,1773643145.745062,408,85,31.181785,0.296313,0.367684,True
7878,1773641600.879351,1773643146.121638,373,71,31.784941,2.263606,0.421733,True
7879,1773641600.879383,1773643158.087315,206,162,55.182246,0.250599,0.341190,True
7880,1773641600.879412,1773643143.819379,376,50,26.334575,4.800135,0.439478,True
7881,1773641600.879442,1773643140.899420,386,74,20.244273,0.479471,0.270751,True
7882,1773641600.879471,1773643148.647672,397,106,35.262355,0.292762,0.333044,True
7883,1773641600.879500,1773643151.308055,399,105,40.563127,0.300049,0.387145,True
7884,1773641600.879529,1773643146.450419,391,95,30.724859,0.403471,0.322568,True
7885,1773641600.879557,1773643154.598442,394,111,46.977505,0.408278,0.423357,True
7886,1773641600.879589,1773643149.400641,401,93,36.477018,0.338986,0.392805,True
7887,1773641600.879617,1773643170.166322,159,210,77.449126,0.236740,0.369437,True
7888,1773641600.879648,1773643153.950187,58,129,44.474211,0.236808,0.345605,True
7889,1773641600.879677,1773643208.981556,1131,398,154.516700,2.897949,0.381911,True
7890,1773641600.879706,1773643171.296244,1314,204,78.641616,0.927004,0.382831,True
7891,1773641600.879735,1773643149.527884,405,85,35.084131,0.836072,0.407715,True
7892,1773641600.879766,1773643148.712237,404,99,33.368747,0.290404,0.337534,True
7893,1773641600.879794,1773643145.924403,392,85,27.666279,0.325855,0.325481,True
7894,1773641600.879823,1773643156.628315,400,126,48.683411,0.416388,0.386136,True
7895,1773641600.879852,1773643149.400397,433,86,34.205632,0.406083,0.397642,True
7896,1773641600.879881,1773643147.993886,429,77,31.371979,0.489167,0.406353,True
7897,1773641600.879914,1773643152.052927,404,107,39.077662,2.107014,0.348780,True
7898,1773641600.879958,1773643140.984439,1111,48,16.087976,0.597736,0.329580,True
7899,1773641600.879989,1773643151.278531,400,86,36.510136,0.398901,0.424838,True
7900,1773641600.880019,1773643161.766713,405,141,57.422271,0.409139,0.407237,True
7901,1773641600.880049,1773643153.325390,403,97,40.518693,0.498918,0.416873,True
7902,1773641600.880078,1773643148.090071,376,72,29.837400,0.584767,0.412009,True
7903,1773641600.880113,1773643140.817652,372,50,15.005186,0.471786,0.296600,True
7904,1773641600.880147,1773643206.639497,1037,385,146.421066,4.909020,0.368521,True
7905,1773641600.880262,1773643211.415566,1247,396,155.532821,5.082917,0.380886,True
7906,1773641600.880300,1773643207.995350,1099,377,148.503046,1.147469,0.391903,True
7907,1773641600.880329,1773643167.992555,420,172,68.455221,0.477706,0.397529,True
7908,1773641600.880359,1773643146.612463,390,63,25.570003,1.459331,0.388882,True
7909,1773641600.880388,1773643164.874373,125,158,62.010294,4.468796,0.366506,True
7910,1773641600.880418,1773643203.738462,1110,398,139.715853,0.506610,0.350653,True
7911,1773641600.880447,1773643156.701523,406,117,45.411547,0.553652,0.386706,True
7912,1773641600.880499,1773643151.293689,181,83,34.576896,0.542867,0.415049,True
7913,1773641600.880531,1773643158.736522,401,127,49.359383,0.298882,0.389369,True
7914,1773641600.880560,1773643152.417247,395,112,36.699445,0.562865,0.325555,True
7915,1773641600.880589,1773643151.988208,385,80,35.035322,0.401943,0.438397,True
7916,1773641600.880618,1773643172.832810,1313,223,76.621502,0.658571,0.342175,True
7917,1773641600.880647,1773643149.682290,1992,63,30.236481,2.808219,0.442391,True
7918,1773641600.880676,1773643146.056413,372,58,22.940982,0.551881,0.392791,True
7919,1773641600.880704,1773643162.106505,385,116,54.700224,7.994152,0.406140,True
7920,1773641600.880733,1773643211.740052,1101,421,153.841330,0.869816,0.364218,True
7921,1773641600.880762,1773643153.325545,409,92,35.893340,0.508860,0.388840,True
7922,1773641600.880791,1773643153.763922,398,96,36.707077,2.377905,0.361360,True
7923,1773641600.880820,1773643152.826138,406,108,34.353514,0.288238,0.318367,True
7924,1773641600.880849,1773643167.020669,407,143,62.009511,0.487032,0.433257,True
7925,1773641600.880878,1773643149.749689,424,85,27.218259,0.305860,0.320386,True
7926,1773641600.880907,1773643146.970330,419,54,21.638771,0.412535,0.400495,True
7927,1773641600.880951,1773643152.370914,393,83,32.270080,0.496341,0.387485,True
7928,1773641600.880983,1773643150.399096,408,85,27.623487,0.296447,0.325322,True
7929,1773641600.881011,1773643158.510815,1595,107,43.326206,1.143741,0.397948,True
7930,1773641600.881040,1773643156.588081,397,98,39.250550,1.324057,0.390995,True
7931,1773641600.881069,1773643213.238053,1111,423,152.464536,0.530294,0.360034,True
7932,1773641600.881099,1773643151.502425,374,51,28.617094,5.556670,0.461208,True
7933,1773641600.881132,1773643166.223244,1310,147,57.973745,1.089302,0.389619,True
7934,1773641600.881172,1773643161.608371,181,133,48.722471,1.078804,0.360937,True
7935,1773641600.881202,1773643164.213287,399,143,53.724661,1.276729,0.369352,True
7936,1773641600.881230,1773643160.606368,431,115,46.117593,1.184755,0.394148,True
7937,1773641600.881259,1773643156.907840,386,91,38.616574,0.476263,0.423781,True
7938,1773641600.881289,1773643163.427167,36,133,51.530350,1.166669,0.381543,True
7939,1773641600.881318,1773643154.539804,374,90,33.735442,0.275463,0.375955,True
7940,1773641600.881346,1773643159.237036,413,96,42.861447,4.944307,0.399128,True
7941,1773641600.881388,1773643155.668969,440,92,35.601577,0.582550,0.384824,True
7942,1773641600.881418,1773643166.688401,425,148,57.618583,0.982287,0.385281,True
7943,1773641600.881447,1773643161.895784,404,104,47.288375,0.808865,0.451257,True
7944,1773641600.881476,1773643162.552354,395,107,48.579568,0.797896,0.450770,True
7945,1773641600.881505,1773643147.993613,385,49,19.317138,1.121438,0.379077,True
7946,1773641600.881538,1773643219.258989,1141,520,161.722646,3.790019,0.304302,True
7947,1773641600.881567,1773643149.751736,1993,50,22.458367,2.510227,0.407105,True
7948,1773641600.881596,1773643157.473382,395,112,37.400181,0.295703,0.334275,True
7949,1773641600.881625,1773643173.389424,181,160,68.876876,3.236491,0.412833,True
7950,1773641600.881657,1773643171.128543,410,183,63.957975,0.680806,0.347677,True
7951,1773641600.881695,1773643169.892902,1760,132,61.402380,4.026790,0.437982,True
7952,1773641600.881724,1773643156.499208,390,90,34.506941,0.289986,0.384460,True
7953,1773641600.881752,1773643157.255518,398,96,35.679938,0.408163,0.371282,True
7954,1773641600.881782,1773643149.246763,398,53,19.243822,0.414392,0.362104,True
7955,1773641600.881814,1773643155.611323,399,92,31.907800,0.350603,0.346782,True
7956,1773641600.881843,1773643215.851235,873,428,152.218630,2.226313,0.351270,True
7957,1773641600.881872,1773643163.218623,429,104,46.932589,3.466784,0.421998,True
7958,1773641600.881901,1773643162.465907,414,100,45.154033,0.494280,0.451109,True
7959,1773641600.881929,1773643159.300214,1793,99,37.950071,0.696507,0.380138,True
7960,1773641600.881980,1773643141.967639,120,12,2.929386,0.236366,0.244820,True
7961,1773641600.882008,1773643215.684885,867,413,149.926763,3.255229,0.355999,True
7962,1773641600.882040,1773643176.704671,181,182,71.923726,1.899621,0.386874,True
7963,1773641600.882074,1773643155.621175,380,72,29.590463,2.686947,0.378923,True
7964,1773641600.882102,1773643160.748418,398,90,39.675681,4.269444,0.397823,True
7965,1773641600.882131,1773643157.988083,424,68,34.092185,4.165969,0.446660,True
7966,1773641600.882159,1773643151.293581,374,62,20.595726,0.291337,0.332859,True
7967,1773641600.882189,1773643168.929580,132,160,55.619394,0.294960,0.347952,True
7968,1773641600.882217,1773643211.521107,1018,401,140.719073,0.997736,0.349303,True
7969,1773641600.882249,1773643157.894682,403,88,33.192872,0.290969,0.378183,True
7970,1773641600.882277,1773643147.503016,387,24,12.286193,2.016645,0.446502,True
7971,1773641600.882306,1773643164.866766,399,110,46.947509,3.715665,0.396622,True
7972,1773641600.882334,1773643162.888203,1077,96,42.804929,5.152479,0.396342,True
7973,1773641600.882363,1773643166.422588,398,92,49.191578,5.504737,0.480075,True
7974,1773641600.882391,1773643161.653870,381,73,39.633206,5.494491,0.474149,True
7975,1773641600.882420,1773643154.710352,370,54,25.479272,0.390120,0.473380,True
7976,1773641600.882449,1773643163.575269,397,98,42.526222,4.325977,0.393817,True
7977,1773641600.882478,1773643212.745322,1092,373,140.593254,2.730992,0.370597,True
7978,1773641600.882510,1773643181.230957,1349,199,77.501827,0.998783,0.386379,True
7979,1773641600.882539,1773643157.922048,386,69,29.974595,0.862029,0.428126,True
7980,1773641600.882568,1773643175.530803,404,145,65.171807,0.851721,0.446667,True
7981,1773641600.882597,1773643169.878753,386,131,53.781259,2.119618,0.397397,True
7982,1773641600.882626,1773643165.576685,399,103,44.842472,2.801873,0.412163,True
7983,1773641600.882654,1773643163.528764,406,128,40.642059,0.672336,0.314722,True
7984,1773641600.882683,1773643213.674621,966,427,140.911544,0.661502,0.329225,True
7985,1773641600.882712,1773643175.027504,1886,144,63.426124,4.291658,0.413528,True
7986,1773641600.882740,1773643165.419529,376,92,43.980372,5.703686,0.420623,True
7987,1773641600.882769,1773643146.839450,312,18,6.735094,0.277282,0.379871,True
7988,1773641600.882801,1773643179.274174,212,179,71.170133,2.268505,0.387088,True
7989,1773641600.882829,1773643226.788856,1060,507,165.928658,4.059965,0.319899,True
7990,1773641600.882861,1773643183.036313,401,168,77.775927,0.535208,0.462519,True
7991,1773641600.882892,1773643216.704617,1042,385,144.946589,3.100146,0.369392,True
7992,1773641600.882921,1773643164.977382,1662,108,41.429217,1.166093,0.376291,True
7993,1773641600.882966,1773643219.097763,1053,428,149.567396,5.626991,0.337097,True
7994,1773641600.882994,1773643155.154117,376,48,21.557370,1.343257,0.430088,True
7995,1773641600.883023,1773643155.997983,378,69,22.913455,0.287986,0.332727,True
7996,1773641600.883052,1773643160.315146,420,81,31.296987,0.295691,0.387516,True
7997,1773641600.883084,1773643213.398873,1061,416,136.737318,1.153169,0.326709,True
7998,1773641600.883112,1773643169.050480,411,104,47.628141,2.517902,0.437963,True
7999,1773641600.883149,1773643160.331546,384,84,29.958879,0.996566,0.348944,True
8000,1773641600.883182,1773643218.644483,1090,424,145.776560,0.492616,0.343461,True
8001,1773641600.883209,1773643163.988627,394,109,36.112430,0.269840,0.331876,True
8002,1773641600.883238,1773643166.924551,426,109,41.963542,1.941547,0.370574,True
8003,1773641600.883266,1773643150.049348,300,18,7.964112,0.342175,0.448349,True
8004,1773641600.883296,1773643210.899744,1101,385,129.561547,0.551052,0.335965,True
8005,1773641600.883324,1773643161.766561,383,70,31.272761,2.280273,0.420181,True
8006,1773641600.883353,1773643169.050473,397,89,45.819199,4.631114,0.468046,True
8007,1773641600.883382,1773643217.649431,1141,391,142.601095,6.399220,0.349236,True
8008,1773641600.883410,1773643165.419440,1648,60,37.933549,8.687782,0.495691,True
8009,1773641600.883438,1773643174.216202,402,119,55.195950,0.860855,0.460467,True
8010,1773641600.883467,1773643166.068412,381,73,38.878094,0.850053,0.528167,True
8011,1773641600.883496,1773643174.199733,412,151,54.811566,0.534187,0.361849,True
8012,1773641600.883524,1773643167.768302,395,112,41.846059,0.304451,0.374249,True
8013,1773641600.883553,1773643166.938746,421,108,40.119083,0.876060,0.366757,True
8014,1773641600.883585,1773643170.176241,181,121,46.387761,0.271698,0.384301,True
8015,1773641600.883615,1773643162.387586,393,95,30.770399,0.302155,0.324130,True
8016,1773641600.883646,1773643157.806464,372,62,21.443769,0.434905,0.344408,True
8017,1773641600.883675,1773643173.105113,409,136,51.504660,0.622972,0.376901,True
8018,1773641600.883707,1773643167.366477,396,109,39.902770,0.652748,0.363426,True
8019,1773641600.883737,1773643169.715720,1424,122,44.578453,1.053502,0.359710,True
8020,1773641600.883766,1773643166.422737,373,76,37.950406,3.324712,0.461676,True
8021,1773641600.883795,1773643165.520799,1119,99,36.019653,2.625987,0.340752,True
8022,1773641600.883823,1773643170.624907,400,123,45.962449,0.432840,0.373194,True
8023,1773641600.883855,1773643171.191894,402,129,46.721127,0.296265,0.362694,True
8024,1773641600.883884,1773643170.675056,393,95,45.351289,0.891386,0.472978,True
8025,1773641600.883913,1773643171.887035,429,100,47.753115,0.880328,0.473462,True
8026,1773641600.883958,1773643160.748679,397,78,25.453498,0.538106,0.323577,True
8027,1773641600.883988,1773643171.793887,395,93,47.396329,2.676103,0.486089,True
8028,1773641600.884018,1773643164.213556,409,90,31.595564,0.404238,0.350464,True
8029,1773641600.884047,1773643164.360283,434,91,31.409435,1.925950,0.327594,True
8030,1773641600.884075,1773643228.596420,1026,528,159.756389,0.447532,0.302294,True
8031,1773641600.884108,1773643173.486574,426,85,49.290447,7.163749,0.501508,True
8032,1773641600.884140,1773643231.330792,986,592,164.563368,0.775070,0.277138,True
8033,1773641600.884172,1773643165.661598,408,87,33.140384,0.502417,0.379511,True
8034,1773641600.884202,1773643172.366564,1430,78,46.235597,8.516033,0.489864,True
8035,1773641600.884231,1773643166.163451,399,95,33.517770,0.406632,0.352246,True
8036,1773641600.884261,1773643162.169901,385,74,25.508797,0.395698,0.344015,True
8037,1773641600.884290,1773643167.132179,377,78,35.204545,1.242176,0.441070,True
8038,1773641600.884319,1773643165.576679,380,84,31.778232,0.477833,0.377113,True
8039,1773641600.884348,1773643169.698837,1004,78,39.899350,1.106837,0.503799,True
8040,1773641600.884377,1773643168.866343,504,105,38.213735,1.807692,0.350058,True
8041,1773641600.884409,1773643168.270448,373,82,37.001080,1.296401,0.440799,True
8042,1773641600.884438,1773643159.450095,1424,65,18.780950,0.992864,0.277939,True
8043,1773641600.884466,1773643169.783404,430,104,39.012190,1.430928,0.364867,True
8044,1773641600.884573,1773643166.872754,1894,90,32.942787,3.040009,0.335986,True
8045,1773641600.884604,1773643167.183090,398,94,33.495612,0.494004,0.354856,True
8046,1773641600.884633,1773643175.139699,427,92,49.264421,7.257138,0.461618,True
8047,1773641600.884668,1773643178.909029,978,110,56.145543,8.542169,0.436728,True
8048,1773641600.884701,1773643168.873371,375,69,35.509776,0.442562,0.515694,True
8049,1773641600.884730,1773643169.003520,408,100,35.667219,0.412307,0.356110,True
8050,1773641600.884764,1773643161.939824,377,75,21.311140,0.587443,0.280050,True
8051,1773641600.884792,1773643174.331213,396,92,46.071655,1.693813,0.487669,True
8052,1773641600.884821,1773643239.456308,1041,576,176.300156,5.189169,0.297584,True
8053,1773641600.884850,1773643167.301181,393,88,31.967780,0.290391,0.364108,True
8054,1773641600.884879,1773643180.166192,212,162,57.614416,0.277784,0.356128,True
8055,1773641600.884907,1773643168.661498,885,87,34.314006,1.997575,0.375772,True
8056,1773641600.884952,1773643163.919655,397,57,24.599455,0.512866,0.430118,True
8057,1773641600.884985,1773643170.590332,396,76,37.713123,0.549783,0.495511,True
8058,1773641600.885013,1773643218.414433,1110,411,132.834651,1.149914,0.321182,True
8059,1773641600.885046,1773643182.965192,408,123,61.807331,7.317417,0.446639,True
8060,1773641600.885076,1773643173.052180,375,83,41.358268,0.300482,0.500705,True
8061,1773641600.885108,1773643164.600909,373,75,24.350909,0.269992,0.325418,True
8062,1773641600.885140,1773643180.434330,1827,103,55.974793,8.170743,0.468667,True
8063,1773641600.885170,1773643167.616179,382,59,30.316651,0.610681,0.512172,True
8064,1773641600.885200,1773643219.866962,1078,388,134.405368,1.595306,0.343178,True
8065,1773641600.885229,1773643178.587847,380,84,51.635669,3.725228,0.577234,True
8066,1773641600.885259,1773643176.542092,391,131,47.420474,0.854837,0.358197,True
8067,1773641600.885288,1773643182.220137,181,162,58.109634,0.470651,0.358006,True
8068,1773641600.885324,1773643176.317433,413,102,45.967207,0.887179,0.446337,True
8069,1773641600.885361,1773643178.026829,410,112,49.365068,0.876525,0.436834,True
8070,1773641600.885392,1773643160.827959,237,14,14.823694,5.962492,0.681631,True
8071,1773641600.885422,1773643172.320459,386,76,37.519603,1.228100,0.483887,True
8072,1773641600.885450,1773643180.361737,409,115,53.582312,1.217611,0.459339,True
8073,1773641600.885479,1773643169.243113,386,69,30.947793,0.445638,0.448561,True
8074,1773641600.885512,1773643165.003862,1964,65,22.325953,1.595094,0.323920,True
8075,1773641600.885541,1773643176.173014,398,111,44.518815,0.227104,0.402652,True
8076,1773641600.885572,1773643174.640725,397,116,41.369558,0.294704,0.357173,True
8077,1773641600.885605,1773643176.139378,394,93,44.115767,5.296808,0.421945,True
8078,1773641600.885637,1773643155.536125,120,12,2.287624,0.198911,0.189883,True
8079,1773641600.885667,1773643178.023958,407,101,46.952143,0.888123,0.460640,True
8080,1773641600.885696,1773643215.668989,1058,418,122.199495,1.145098,0.290298,True
8081,1773641600.885726,1773643189.239201,1807,117,69.277058,9.500577,0.515314,True
8082,1773641600.885755,1773643171.165362,452,87,33.108299,0.920925,0.374272,True
8083,1773641600.885787,1773643198.584511,406,200,87.861240,1.486224,0.434045,True
8084,1773641600.885818,1773643187.129227,383,106,64.824401,9.383679,0.528007,True
8085,1773641600.885847,1773643193.820256,402,134,77.326149,9.598450,0.509231,True
8086,1773641600.885879,1773643179.274183,1821,112,47.460027,1.848283,0.410917,True
8087,1773641600.885907,1773643176.922669,1930,51,42.606803,12.229325,0.607550,True
8088,1773641600.885951,1773643172.805369,1174,73,34.351801,2.903613,0.436780,True
8089,1773641600.885982,1773643173.231696,382,95,35.121863,0.298617,0.370460,True
8090,1773641600.886010,1773643193.244291,1317,153,75.083250,6.496845,0.451226,True
8091,1773641600.886039,1773643182.838627,394,88,53.671358,11.845694,0.480755,True
8092,1773641600.886068,1773643174.400998,402,91,35.782065,0.291147,0.394344,True
8093,1773641600.886097,1773643225.034975,1190,414,136.946593,10.704471,0.305671,True
8094,1773641600.886126,1773643189.234101,409,145,65.282766,0.416035,0.450463,True
8095,1773641600.886164,1773643173.231856,383,90,33.194202,0.340996,0.369137,True
8096,1773641600.886193,1773643177.445169,903,89,41.473048,0.899359,0.461065,True
8097,1773641600.886222,1773643179.903319,391,103,45.975959,0.491857,0.445923,True
8098,1773641600.886251,1773643202.328024,401,167,90.143573,7.499125,0.497858,True
8099,1773641600.886280,1773643166.130777,397,55,17.313317,0.349844,0.314138,True
8100,1773641600.886308,1773643190.617870,203,183,66.264104,0.338824,0.362227,True
8101,1773641600.886341,1773643180.434081,404,82,45.233028,8.182795,0.457410,True
8102,1773641600.886370,1773643176.998059,401,97,38.195078,0.308234,0.394655,True
8103,1773641600.886399,1773643171.802169,1813,53,27.737787,2.222160,0.490685,True
8104,1773641600.886437,1773643183.522111,387,109,51.157229,2.211546,0.453201,True
8105,1773641600.886466,1773643185.579339,385,89,55.166562,9.270234,0.521549,True
8106,1773641600.886495,1773643184.707396,374,84,53.402783,9.259926,0.531842,True
8107,1773641600.886524,1773643171.631580,382,72,27.085016,0.297737,0.377286,True
8108,1773641600.886553,1773643181.875794,406,97,46.707064,0.391741,0.482451,True
8109,1773641600.886582,1773643175.565627,1977,72,33.875507,1.469585,0.456421,True
8110,1773641600.886611,1773643174.962723,372,81,32.434663,0.292070,0.401782,True
8111,1773641600.886639,1773643181.369668,381,109,44.441331,0.481655,0.407034,True
8112,1773641600.886668,1773643224.235319,1152,394,129.986848,4.067754,0.320405,True
8113,1773641600.886699,1773643179.297468,409,105,39.988574,0.359752,0.381046,True
8114,1773641600.886729,1773643178.934773,392,77,38.951579,6.541278,0.426451,True
8115,1773641600.886757,1773643172.668353,374,65,24.687368,0.289083,0.381223,True
8116,1773641600.886789,1773643188.131781,28,121,55.593290,0.150083,0.462027,True
8117,1773641600.886816,1773643215.906515,1018,401,110.790406,1.124296,0.274165,True
8118,1773641600.886848,1773643189.762827,399,110,58.294256,6.650141,0.473799,True
8119,1773641600.886876,1773643181.201290,405,95,41.067456,0.481751,0.431763,True
8120,1773641600.886905,1773643181.369504,1052,97,41.238092,3.080699,0.397473,True
8121,1773641600.886948,1773643176.704758,1734,85,31.887692,3.070615,0.343060,True
8122,1773641600.886987,1773643189.649828,398,109,57.632205,6.432322,0.474073,True
8123,1773641600.887015,1773643185.601404,427,109,48.953000,0.415357,0.449423,True
8124,1773641600.887047,1773643192.255383,417,116,61.722450,6.917745,0.476563,True
8125,1773641600.887079,1773643185.730791,406,96,48.235037,4.386813,0.461560,True
8126,1773641600.887108,1773643181.344045,392,83,39.374780,0.399162,0.475312,True
8127,1773641600.887138,1773643183.331115,1087,95,43.123401,0.999032,0.448132,True
8128,1773641600.887166,1773643177.333564,1099,63,31.106135,2.150537,0.467026,True
8129,1773641600.887195,1773643177.138700,388,76,30.467313,0.472365,0.399933,True
8130,1773641600.887224,1773643179.886531,392,80,35.880201,4.053553,0.402869,True
8131,1773641600.887253,1773643248.102799,1024,608,171.976367,3.672698,0.277271,True
8132,1773641600.887282,1773643188.962086,395,136,53.566836,0.380637,0.393972,True
8133,1773641600.887311,1773643176.670183,387,71,28.551448,0.296033,0.403649,True
8134,1773641600.887340,1773643178.026822,1890,79,31.118275,1.845438,0.375293,True
8135,1773641600.887369,1773643215.424169,1101,385,105.726918,2.814947,0.268000,True
8136,1773641600.887398,1773643192.974085,411,125,60.743518,4.646406,0.452396,True
8137,1773641600.887428,1773643184.406601,456,101,43.027633,2.894938,0.401327,True
8138,1773641600.887458,1773643226.707446,1027,430,126.969586,1.621123,0.292188,True
8139,1773641600.887486,1773643179.524186,377,71,32.581636,1.610323,0.442447,True
8140,1773641600.887516,1773643178.121686,384,54,29.384469,4.882586,0.462300,True
8141,1773641600.887548,1773643196.483845,399,157,65.899901,4.314904,0.394776,True
8142,1773641600.887577,1773643184.406758,397,101,41.640244,2.201067,0.394392,True
8143,1773641600.887605,1773643176.145792,375,76,24.433686,0.522116,0.318821,True
8144,1773641600.887638,1773643175.072630,391,51,22.146602,0.292283,0.437086,True
8145,1773641600.887668,1773643187.945230,402,103,47.454057,3.030309,0.435527,True
8146,1773641600.887697,1773643205.585788,394,183,82.711867,3.019073,0.437872,True
8147,1773641600.887728,1773643201.059242,422,180,73.389951,4.799315,0.383188,True
8148,1773641600.887758,1773643224.801076,897,395,120.378006,0.454581,0.304374,True
8149,1773641600.887786,1773643178.007827,419,53,26.269420,3.438780,0.439051,True
8150,1773641600.887814,1773643179.807314,404,77,29.847195,0.903344,0.380840,True
8151,1773641600.887843,1773643182.688195,408,87,35.399146,2.260221,0.385336,True
8152,1773641600.887871,1773643182.220148,397,91,34.420415,0.951624,0.371875,True
8153,1773641600.887899,1773643191.484881,422,137,52.288900,0.290271,0.382343,True
8154,1773641600.887928,1773643190.573704,439,94,50.298788,5.817814,0.478290,True
8155,1773641600.887973,1773643180.762294,370,52,30.652239,5.806731,0.487167,True
8156,1773641600.888001,1773643177.608239,375,49,24.158718,3.634798,0.427582,True
8157,1773641600.888029,1773643181.116059,405,78,31.070560,0.516330,0.396808,True
8158,1773641600.888062,1773643188.217098,1783,90,45.251571,3.325635,0.471078,True
8159,1773641600.888091,1773643197.154495,420,109,62.982297,4.013291,0.546009,True
8160,1773641600.888123,1773643219.371024,181,326,107.248163,0.847142,0.327388,True
8161,1773641600.888150,1773643181.513634,380,80,30.990184,0.261880,0.388966,True
8162,1773641600.888179,1773643188.027743,405,117,43.910432,0.509401,0.374147,True
8163,1773641600.888208,1773643239.910578,1087,534,147.549563,0.545468,0.275805,True
8164,1773641600.888236,1773643231.912461,1178,437,131.490219,0.554893,0.300310,True
8165,1773641600.888265,1773643201.562248,200,161,70.666198,1.200475,0.434161,True
8166,1773641600.888293,1773643192.011344,447,114,51.171534,0.480435,0.448594,True
8167,1773641600.888322,1773643233.978265,1060,507,135.083454,1.385537,0.264225,True
8168,1773641600.888352,1773643192.621384,398,83,51.849905,5.517753,0.565026,True
8169,1773641600.888382,1773643226.463236,1190,392,119.278669,3.084164,0.297173,True
8170,1773641600.888410,1773643183.207007,1610,88,32.658603,1.266585,0.360828,True
8171,1773641600.888439,1773643187.311241,412,110,40.761641,0.300084,0.371207,True
8172,1773641600.888468,1773643197.323193,398,99,60.763784,5.272386,0.566239,True
8173,1773641600.888496,1773643228.223268,1092,422,122.395068,2.753844,0.284183,True
8174,1773641600.888525,1773643189.122925,375,91,43.968111,3.770684,0.446638,True
8175,1773641600.888553,1773643190.526922,371,78,46.671018,5.022675,0.540888,True
8176,1773641600.888582,1773643184.406753,382,94,34.198168,0.229152,0.365258,True
8177,1773641600.888610,1773643186.938902,394,100,39.138945,0.261739,0.392699,True
8178,1773641600.888639,1773643190.686503,420,95,46.383028,3.747019,0.453575,True
8179,1773641600.888669,1773643183.522120,379,76,31.807581,0.908272,0.411991,True
8180,1773641600.888698,1773643185.541715,410,90,35.825534,0.897513,0.392450,True
8181,1773641600.888728,1773643179.872869,378,61,24.198488,0.295514,0.398383,True
8182,1773641600.888757,1773643174.498898,385,32,12.995514,1.306118,0.377077,True
8183,1773641600.888863,1773643194.265641,406,109,51.986369,2.637356,0.456935,True
8184,1773641600.888894,1773643183.993227,740,83,30.643552,0.452250,0.368187,True
8185,1773641600.888924,1773643190.809449,405,116,43.876071,1.864270,0.365320,True
8186,1773641600.888970,1773643187.350412,389,96,36.935739,0.470493,0.383845,True
8187,1773641600.888999,1773643184.791114,400,90,31.713550,0.476589,0.350977,True
8188,1773641600.889035,1773643199.808345,7,142,61.602019,0.375323,0.434232,True
8189,1773641600.889066,1773643192.011356,403,100,45.903937,1.850406,0.444985,True
8190,1773641600.889095,1773643183.859041,384,65,29.577993,1.839488,0.433414,True
8191,1773641600.889125,1773643190.868176,387,82,43.241827,2.967080,0.497219,True
8192,1773641600.889159,1773643186.262125,422,96,33.541786,1.244237,0.339974,True
8193,1773641600.889189,1773643188.941507,399,96,38.462738,0.534212,0.399248,True
8194,1773641600.889218,1773643186.459069,378,90,33.477005,0.231261,0.373548,True
8195,1773641600.889247,1773643179.872603,1152,49,20.156669,0.462090,0.410304,True
8196,1773641600.889276,1773643193.997198,409,100,48.222591,3.073745,0.456049,True
8197,1773641600.889305,1773643187.264240,395,85,34.735149,1.558941,0.394955,True
8198,1773641600.889333,1773643187.152856,415,84,34.491473,1.548284,0.396906,True
8199,1773641600.889373,1773643213.292367,1315,226,86.235341,5.320082,0.359623,True
8200,1773641600.889403,1773643224.161376,1201,375,107.952222,2.102126,0.283022,True
8201,1773641600.889436,1773643244.205876,1017,534,147.604596,0.499902,0.275994,True
8202,1773641600.889464,1773643196.331050,386,111,51.811473,2.534132,0.447976,True
8203,1773641600.889493,1773643187.013568,1141,95,33.156191,1.125774,0.340749,True
8204,1773641600.889525,1773643188.113563,380,90,35.037000,0.472515,0.388365,True
8205,1773641600.889556,1773643199.919223,398,126,58.585017,1.660760,0.455394,True
8206,1773641600.889585,1773643210.715150,405,162,80.113327,8.025382,0.447751,True
8207,1773641600.889614,1773643192.651396,374,110,43.943021,0.776334,0.396025,True
8208,1773641600.889643,1773643187.852836,401,93,33.750524,0.300459,0.363588,True
8209,1773641600.889672,1773643189.172958,406,93,36.077222,1.911926,0.371362,True
8210,1773641600.889704,1773643188.833990,378,90,35.315439,0.343847,0.392939,True
8211,1773641600.889732,1773643190.617878,401,109,38.839517,0.612228,0.353956,True
8212,1773641600.889760,1773643196.558103,401,108,50.514313,1.291210,0.460029,True
8213,1773641600.889789,1773643188.279016,910,91,33.372286,0.459408,0.365699,True
8214,1773641600.889818,1773643186.072840,381,87,28.876427,0.352713,0.331671,True
8215,1773641600.889846,1773643187.660472,402,83,32.009097,0.488616,0.384396,True
8216,1773641600.889878,1773643191.900295,404,95,40.200758,0.407214,0.423336,True
8217,1773641600.889906,1773643193.963076,422,111,44.305908,0.624496,0.397104,True
8218,1773641600.889955,1773643191.598647,390,102,39.411012,0.899630,0.381301,True
8219,1773641600.889990,1773643198.350543,1181,125,52.037776,0.869631,0.412646,True
8220,1773641600.890022,1773643188.128566,386,79,31.510845,0.884966,0.392639,True
8221,1773641600.890051,1773643202.499113,378,152,59.647400,0.294679,0.393064,True
8222,1773641600.890080,1773643209.976904,406,149,74.329377,5.871389,0.462554,True
8223,1773641600.890109,1773643188.310340,400,91,30.933623,0.379306,0.339492,True
8224,1773641600.890138,1773643235.026576,1010,444,123.953800,0.494909,0.278688,True
8225,1773641600.890167,1773643190.292993,389,92,34.466697,0.469487,0.373596,True
8226,1773641600.890195,1773643182.027689,419,46,17.833094,0.528362,0.384550,True
8227,1773641600.890225,1773643183.928076,1314,54,21.384755,1.029162,0.384068,True
8228,1773641600.890253,1773643190.204392,407,86,33.915568,1.018787,0.387021,True
8229,1773641600.890282,1773643186.477343,374,59,26.170761,0.432320,0.443766,True
8230,1773641600.890311,1773643207.023778,410,104,67.242785,5.281311,0.601568,True
8231,1773641600.890340,1773643194.109412,405,98,41.226274,0.398634,0.420904,True
8232,1773641600.890368,1773643201.014580,373,68,53.609086,4.473149,0.733372,True
8233,1773641600.890397,1773643202.729678,440,132,57.016696,0.529140,0.431203,True
8234,1773641600.890425,1773643197.625498,398,129,46.786911,0.274654,0.363377,True
8235,1773641600.890454,1773643184.634825,912,42,20.596530,1.829521,0.457732,True
8236,1773641600.890482,1773643192.681722,398,78,36.583402,0.400763,0.469904,True
8237,1773641600.890514,1773643192.782155,399,100,36.741168,0.288385,0.368210,True
8238,1773641600.890542,1773643190.848047,380,71,32.684137,0.578027,0.458659,True
8239,1773641600.890574,1773643198.764877,400,137,48.371785,0.296013,0.353498,True
8240,1773641600.890607,1773643208.916092,130,205,68.528528,0.287798,0.334513,True
8241,1773641600.890636,1773643232.989345,1178,409,116.043383,0.553042,0.283065,True
8242,1773641600.890665,1773643221.555256,459,327,93.049674,0.440471,0.284077,True
8243,1773641600.890694,1773643201.443053,403,147,52.718415,0.292998,0.359078,True
8244,1773641600.890726,1773643195.512033,438,95,40.730678,0.652585,0.426363,True
8245,1773641600.890754,1773643201.358522,405,111,51.633845,0.516742,0.464701,True
8246,1773641600.890785,1773643207.957433,8,159,64.770007,0.669938,0.405697,True
8247,1773641600.890813,1773643210.379785,1319,189,68.468323,0.952865,0.359125,True
8248,1773641600.890845,1773643206.293185,406,94,60.273445,2.527312,0.620926,True
8249,1773641600.890872,1773643192.652903,396,90,32.952199,0.298885,0.366891,True
8250,1773641600.890900,1773643189.973746,378,66,27.296696,0.470020,0.412718,True
8251,1773641600.890929,1773643199.315159,403,125,45.524296,0.302145,0.364695,True
8252,1773641600.890981,1773643200.253661,8,131,47.152084,0.295628,0.360434,True
8253,1773641600.891009,1773643209.051561,378,127,64.681741,3.403030,0.486339,True
8254,1773641600.891041,1773643208.133993,408,113,62.824254,3.391948,0.530646,True
8255,1773641600.891070,1773643198.238141,416,97,42.842891,0.403414,0.442078,True
8256,1773641600.891098,1773643185.270013,430,52,16.679099,0.287766,0.321399,True
8257,1773641600.891129,1773643190.204383,386,70,26.397752,0.298493,0.378250,True
8258,1773641600.891158,1773643196.033399,379,73,37.848632,0.409558,0.519987,True
8259,1773641600.891186,1773643186.252592,395,41,18.223213,0.542648,0.442014,True
8260,1773641600.891215,1773643206.679820,30,139,58.682554,0.203544,0.423761,True
8261,1773641600.891243,1773643195.646911,394,84,36.389544,0.380254,0.433847,True
8262,1773641600.891271,1773643192.113187,377,80,28.994219,0.270938,0.363586,True
8263,1773641600.891299,1773643193.709393,388,61,31.685350,0.399682,0.521428,True
8264,1773641600.891328,1773643228.757718,1078,401,101.491949,1.956830,0.248838,True
8265,1773641600.891356,1773643197.710748,399,85,39.355843,1.440898,0.451368,True
8266,1773641600.891388,1773643206.392432,425,160,56.698995,0.280259,0.354835,True
8267,1773641600.891416,1773643219.412173,1018,393,82.717952,1.420426,0.207392,True
8268,1773641600.891444,1773643198.144902,398,85,40.036697,1.841991,0.454699,True
8269,1773641600.891478,1773643227.432078,1183,372,98.503429,1.008128,0.262791,True
8270,1773641600.891507,1773643194.189151,421,85,31.936023,0.298129,0.376642,True
8271,1773641600.891536,1773643194.379292,387,85,31.570642,0.292772,0.372356,True
8272,1773641600.891568,1773643203.418427,398,135,49.257303,0.347854,0.364996,True
8273,1773641600.891600,1773643230.345155,1186,415,102.860221,2.616098,0.242136,True
8274,1773641600.891631,1773643206.006849,410,112,54.140515,0.420849,0.483961,True
8275,1773641600.891662,1773643202.438421,407,89,46.770443,0.609598,0.524555,True
8276,1773641600.891690,1773643200.844535,377,59,43.119190,1.657402,0.714858,True
8277,1773641600.891718,1773643206.212963,452,86,53.832246,1.646043,0.613955,True
8278,1773641600.891747,1773643195.306803,408,82,31.999669,0.300408,0.391349,True
8279,1773641600.891776,1773643235.115476,1004,467,111.174568,0.715124,0.237037,True
8280,1773641600.891805,1773643200.964024,416,109,42.310115,0.234539,0.389589,True
8281,1773641600.891833,1773643194.412918,1505,77,29.064290,0.627337,0.374170,True
8282,1773641600.891862,1773643204.619783,446,96,49.457023,0.429607,0.516078,True
8283,1773641600.891890,1773643183.448181,314,18,7.091903,0.686873,0.376766,True
8284,1773641600.891922,1773643198.584518,404,87,37.342115,0.542802,0.427899,True
8285,1773641600.891966,1773643197.625746,392,93,34.900257,0.291214,0.376185,True
8286,1773641600.891997,1773643207.428007,399,136,54.110978,0.411757,0.397772,True
8287,1773641600.892026,1773643206.007019,419,107,51.123334,0.672867,0.475948,True
8288,1773641600.892062,1773643204.400287,390,92,47.888324,0.661934,0.518971,True
8289,1773641600.892093,1773643236.494552,1088,423,111.910033,0.520238,0.263957,True
8290,1773641600.892121,1773643190.378691,1993,50,19.326152,2.056937,0.352433,True
8291,1773641600.892149,1773643200.175464,372,88,38.813082,1.516105,0.428701,True
8292,1773641600.892179,1773643202.552235,379,95,43.545523,1.505753,0.447232,True
8293,1773641600.892211,1773643203.080347,404,97,44.578938,1.494492,0.448796,True
8294,1773641600.892240,1773643208.541738,1508,114,54.839194,2.083282,0.466866,True
8295,1773641600.892269,1773643205.406909,371,71,48.405939,2.001100,0.662926,True
8296,1773641600.892299,1773643210.815809,1353,155,59.161949,1.008325,0.377621,True
8297,1773641600.892328,1773643199.539619,404,81,36.373267,0.410441,0.449535,True
8298,1773641600.892356,1773643206.737682,398,88,50.726563,2.275820,0.556905,True
8299,1773641600.892385,1773643223.159764,1010,407,83.549865,3.277959,0.197714,True
8300,1773641600.892414,1773643197.065831,462,84,31.340119,0.301644,0.373958,True
8301,1773641600.892445,1773643200.381549,400,104,37.725854,0.358342,0.362791,True
8302,1773641600.892477,1773643198.350539,401,78,32.944379,0.447634,0.422036,True
8303,1773641600.892508,1773643196.434875,1321,75,28.802361,0.589424,0.381256,True
8304,1773641600.892536,1773643198.317836,443,88,32.192328,0.766495,0.361216,True
8305,1773641600.892568,1773643201.907961,406,103,39.352681,0.755921,0.378400,True
8306,1773641600.892596,1773643204.728747,1678,88,44.060288,1.701630,0.486881,True
8307,1773641600.892624,1773643204.289070,879,84,43.158850,1.690723,0.499616,True
8308,1773641600.892653,1773643205.053602,838,91,44.498342,2.258461,0.469332,True
8309,1773641600.892681,1773643192.241602,384,48,18.792254,0.293178,0.393597,True
8310,1773641600.892710,1773643207.131370,401,127,48.322247,0.653486,0.378323,True
8311,1773641600.892738,1773643198.901141,381,75,31.841056,0.643297,0.421591,True
8312,1773641600.892767,1773643209.486592,11,182,52.885101,0.127369,0.291479,True
8313,1773641600.892796,1773643236.854076,1190,414,107.286030,0.555198,0.258428,True
8314,1773641600.892824,1773643201.705607,393,77,36.740026,0.411154,0.478011,True
8315,1773641600.892853,1773643199.337428,428,87,31.774662,0.340961,0.365508,True
8316,1773641600.892882,1773643197.138779,395,64,27.211588,0.875407,0.418035,True
8317,1773641600.892914,1773643202.814566,403,90,38.543395,0.865229,0.423350,True
8318,1773641600.892960,1773643206.952285,1820,76,46.423702,3.876683,0.567294,True
8319,1773641600.892990,1773643204.404605,390,88,41.076993,0.433344,0.467168,True
8320,1773641600.893022,1773643216.906216,203,217,65.934282,0.182833,0.304405,True
8321,1773641600.893051,1773643202.153371,378,82,36.366599,0.398839,0.444046,True
8322,1773641600.893163,1773643201.538595,393,92,35.073099,0.202799,0.383190,True
8323,1773641600.893194,1773643204.092606,956,106,39.352429,0.688416,0.368229,True
8324,1773641600.893224,1773643204.221586,396,107,39.589414,0.677984,0.367089,True
8325,1773641600.893254,1773643195.933892,372,63,22.992278,0.667411,0.360079,True
8326,1773641600.893284,1773643208.795677,393,125,48.318217,0.406887,0.386382,True
8327,1773641600.893313,1773643195.624479,371,54,21.828840,0.417257,0.403992,True
8328,1773641600.893342,1773643193.369317,379,42,17.154336,0.280568,0.411555,True
8329,1773641600.893386,1773643202.645820,397,92,35.000961,0.301729,0.381310,True
8330,1773641600.893415,1773643203.610769,405,95,36.661792,0.341518,0.386386,True
8331,1773641600.893447,1773643210.045368,399,150,49.069182,0.295083,0.327343,True
8332,1773641600.893476,1773643203.958782,387,84,36.811710,0.525020,0.437189,True
8333,1773641600.893509,1773643200.808714,377,71,30.446763,0.633984,0.425897,True
8334,1773641600.893538,1773643203.192496,383,78,35.192641,0.623585,0.448949,True
8335,1773641600.893567,1773643205.277525,374,86,39.342199,0.362481,0.458585,True
8336,1773641600.893602,1773643205.585875,396,89,39.687628,0.401170,0.446437,True
8337,1773641600.893632,1773643200.146368,1110,28,28.555907,3.886088,0.913697,True
8338,1773641600.893661,1773643255.906695,986,592,139.644943,0.543779,0.235366,True
8339,1773641600.893690,1773643205.447236,406,99,38.373471,0.478299,0.386685,True
8340,1773641600.893722,1773643201.957708,429,82,31.372246,0.603886,0.379856,True
8341,1773641600.893751,1773643200.333829,373,76,27.746404,0.278569,0.366238,True
8342,1773641600.893780,1773643206.314591,421,92,39.664936,0.420243,0.431260,True
8343,1773641600.893810,1773643198.350531,378,49,23.423932,0.402223,0.479619,True
8344,1773641600.893839,1773643205.836774,407,101,37.773946,0.292670,0.374813,True
8345,1773641600.893867,1773643195.396196,1884,43,16.746019,0.769598,0.380391,True
8346,1773641600.893897,1773643205.160080,381,78,36.046007,0.392406,0.463034,True
8347,1773641600.893929,1773643208.589075,402,108,42.860578,0.413676,0.396700,True
8348,1773641600.893977,1773643206.110778,389,87,37.736268,0.590478,0.431928,True
8349,1773641600.894006,1773643204.623563,371,71,34.696948,1.181302,0.478795,True
8350,1773641600.894036,1773643196.723891,1026,42,18.877587,1.171039,0.431867,True
8351,1773641600.894065,1773643199.744308,374,70,24.854834,0.274803,0.356232,True
8352,1773641600.894095,1773643204.708231,397,82,34.698188,0.492732,0.422290,True
8353,1773641600.894125,1773643197.695234,1102,52,20.047829,0.538125,0.382543,True
8354,1773641600.894154,1773643205.000706,415,95,34.289555,0.600593,0.358393,True
8355,1773641600.894183,1773643205.901296,398,83,35.904794,0.400343,0.432981,True
8356,1773641600.894217,1773643206.992320,398,109,37.917066,0.503139,0.346425,True
8357,1773641600.894248,1773643191.598493,306,18,6.959552,0.734234,0.366195,True
8358,1773641600.894277,1773643208.541744,430,92,40.804013,1.614677,0.430652,True
8359,1773641600.894310,1773643206.915488,1792,94,37.531656,1.384612,0.388678,True
8360,1773641600.894338,1773643209.493577,403,107,42.543454,1.956297,0.382898,True
8361,1773641600.894367,1773643210.398622,407,139,44.225932,0.349566,0.317945,True
8362,1773641600.894395,1773643201.506628,1783,73,26.381200,0.721968,0.356378,True
8363,1773641600.894424,1773643240.897633,1010,409,104.123219,0.505018,0.253966,True
8364,1773641600.894453,1773643206.714372,404,103,35.527709,0.501001,0.343399,True
8365,1773641600.894490,1773643203.570634,406,81,29.199099,0.463018,0.359201,True
8366,1773641600.894519,1773643212.548681,181,148,47.032113,0.471515,0.316739,True
8367,1773641600.894547,1773643207.000615,389,86,35.751462,0.403668,0.415856,True
8368,1773641600.894576,1773643206.809918,372,84,35.349215,0.372497,0.421406,True
8369,1773641600.894604,1773643202.772295,374,78,27.191133,0.298492,0.349255,True
8370,1773641600.894633,1773643201.193603,1330,47,23.908848,1.171829,0.494283,True
8371,1773641600.894665,1773643200.920049,883,47,23.341199,0.851585,0.488905,True
8372,1773641600.894695,1773643204.952153,369,74,30.594199,0.377745,0.413924,True
8373,1773641600.894727,1773643205.062003,426,75,30.583028,0.574884,0.405515,True
8374,1773641600.894758,1773643202.628266,375,67,25.695532,0.288165,0.384960,True
8375,1773641600.894786,1773643205.554756,380,91,31.229728,0.288673,0.343790,True
8376,1773641600.894814,1773643207.331349,22,105,34.699023,0.134488,0.332351,True
8377,1773641600.894843,1773643261.904073,1111,617,143.389782,0.623663,0.231763,True
8378,1773641600.894872,1773643208.420178,390,108,36.400010,0.612870,0.334459,True
8379,1773641600.894904,1773643214.779142,400,172,49.096418,0.395746,0.284799,True
8380,1773641600.894947,1773643207.930218,386,111,35.253863,0.470850,0.316209,True
8381,1773641600.894980,1773643208.181659,410,115,35.584182,0.783581,0.305268,True
8382,1773641600.895008,1773643232.514168,1113,383,83.977026,0.818686,0.217692,True
8383,1773641600.895037,1773643212.328204,1314,150,43.584287,1.601912,0.281761,True
8384,1773641600.895066,1773643203.853710,371,61,26.551642,0.398816,0.435880,True
8385,1773641600.895100,1773643208.347736,390,110,35.458398,0.422569,0.321430,True
8386,1773641600.895130,1773643210.171854,418,126,39.084579,0.412268,0.309378,True
8387,1773641600.895159,1773643235.378130,1085,440,89.373520,0.995093,0.201318,True
8388,1773641600.895192,1773643212.571964,423,145,43.515454,0.474364,0.298896,True
8389,1773641600.895221,1773643207.773391,384,89,33.834852,0.408381,0.379846,True
8390,1773641600.895252,1773643208.065019,380,77,34.372139,1.654783,0.430492,True
8391,1773641600.895280,1773643210.095479,1773,102,38.410101,3.980330,0.340889,True
8392,1773641600.895309,1773643206.513247,1156,74,30.250951,0.851313,0.402735,True
8393,1773641600.895338,1773643206.430049,417,90,29.875299,0.294933,0.332364,True
8394,1773641600.895367,1773643207.129586,402,93,31.048020,0.874810,0.327970,True
8395,1773641600.895396,1773643207.672771,374,101,32.111981,0.863712,0.312483,True
8396,1773641600.895429,1773643208.692633,374,94,33.575051,0.373079,0.357010,True
8397,1773641600.895457,1773643205.494986,386,64,26.951519,1.243726,0.408060,True
8398,1773641600.895485,1773643244.715619,1201,543,105.370492,1.232534,0.192136,True
8399,1773641600.895514,1773643207.706397,1622,95,31.164628,0.708868,0.323997,True
8400,1773641600.895544,1773643206.866265,407,88,29.233539,0.760681,0.327274,True
8401,1773641600.895573,1773643206.697793,402,81,28.875683,0.416383,0.355741,True
8402,1773641600.895602,1773643210.506962,372,120,36.386414,0.794348,0.299093,True
8403,1773641600.895630,1773643224.076697,1051,388,62.904647,4.104668,0.151938,True
8404,1773641600.895659,1773643205.962552,395,73,26.613662,0.300081,0.365466,True
8405,1773641600.895687,1773643206.071170,382,75,26.810147,0.482142,0.355784,True
8406,1773641600.895717,1773643208.825742,2,93,32.276828,0.175162,0.348931,True
8407,1773641600.895745,1773643212.171355,381,176,38.861242,0.800871,0.217488,True
8408,1773641600.895778,1773643207.563321,409,86,29.539772,0.340950,0.343516,True
8409,1773641600.895806,1773643212.841126,375,136,39.720304,0.396139,0.291290,True
8410,1773641600.895834,1773643211.260556,404,120,36.248998,3.592735,0.274422,True
8411,1773641600.895863,1773643208.378393,392,91,30.250458,0.404804,0.331618,True
8412,1773641600.895892,1773643208.004763,420,95,29.252224,0.291122,0.308097,True
8413,1773641600.895921,1773643214.710050,1315,142,42.103304,0.683751,0.293756,True
8414,1773641600.895969,1773643232.284294,1036,386,77.146106,0.796412,0.198311,True
8415,1773641600.895998,1773643206.110537,1161,59,24.568227,1.433122,0.398881,True
8416,1773641600.896031,1773643228.590303,1099,526,69.401995,1.274951,0.129766,True
8417,1773641600.896059,1773643205.366803,1212,61,22.785072,2.395990,0.339818,True
8418,1773641600.896089,1773643207.550357,395,79,27.090517,0.399494,0.342193,True
8419,1773641600.896118,1773643197.282468,242,14,6.329694,0.487267,0.449417,True
8420,1773641600.896147,1773643208.576035,495,95,28.752198,0.303827,0.302642,True
8421,1773641600.896176,1773643208.588985,399,83,28.634627,0.372445,0.344661,True
8422,1773641600.896205,1773643243.516364,1058,415,98.262315,1.401518,0.233963,True
8423,1773641600.896238,1773643207.623245,428,81,26.414855,0.300832,0.326425,True
8424,1773641600.896270,1773643207.409484,442,83,25.530637,0.298719,0.307706,True
8425,1773641600.896298,1773643226.029104,1113,408,61.802503,3.296300,0.143750,True
8426,1773641600.896326,1773643207.563171,374,73,24.491504,0.289819,0.336135,True
8427,1773641600.896355,1773643205.491904,396,60,20.183835,0.567292,0.332484,True
8428,1773641600.896384,1773643206.478673,373,60,21.927469,0.402281,0.364834,True
8429,1773641600.896412,1773643208.378481,383,78,25.498518,0.587676,0.323517,True
8430,1773641600.896441,1773643207.639796,387,64,23.980730,0.402895,0.374251,True
8431,1773641600.896469,1773643212.374400,432,111,32.867220,0.294459,0.296116,True
8432,1773641600.896497,1773643210.721625,414,99,29.353686,0.401278,0.295433,True
8433,1773641600.896530,1773643211.148539,375,104,29.625320,0.378369,0.283951,True
8434,1773641600.896560,1773643246.456116,986,423,100.034677,0.471107,0.235933,True
8435,1773641600.896588,1773643209.884284,399,91,26.869857,0.606354,0.291817,True
8436,1773641600.896617,1773643223.642411,203,217,54.303519,0.250650,0.250245,True
8437,1773641600.896646,1773643205.053610,1364,39,16.978950,1.080293,0.418386,True
8438,1773641600.896674,1773643211.782864,1692,98,30.103292,1.170256,0.298279,True
8439,1773641600.896703,1773643206.804292,382,63,19.454170,0.288104,0.309130,True
8440,1773641600.896732,1773643208.367900,411,94,22.452767,0.482474,0.236240,True
8441,1773641600.896764,1773643210.095472,448,91,25.866109,2.896790,0.255215,True
8442,1773641600.896792,1773643210.769919,383,97,26.959904,0.402773,0.276637,True
8443,1773641600.896824,1773643224.787337,1136,396,54.910886,2.727034,0.132111,True
8444,1773641600.896852,1773643216.358680,385,145,37.456065,0.426811,0.257148,True
8445,1773641600.896885,1773643210.171610,395,89,25.059451,0.416134,0.280038,True
8446,1773641600.896913,1773643209.754671,379,77,24.102836,0.288594,0.313345,True
8447,1773641600.896957,1773643209.254271,181,107,23.081169,0.272033,0.215181,True
8448,1773641600.896988,1773643210.769927,400,92,25.241022,0.413025,0.272835,True
8449,1773641600.897017,1773643213.124997,416,108,29.766372,0.417382,0.274290,True
8450,1773641600.897046,1773643211.679456,384,90,26.709168,0.296496,0.296772,True
8451,1773641600.897075,1773643213.827525,391,116,30.939947,1.068756,0.259749,True
8452,1773641600.897104,1773643213.029772,417,107,29.323974,1.058306,0.266657,True
8453,1773641600.897133,1773643210.499242,415,81,24.242065,1.047822,0.289928,True
8454,1773641600.897162,1773643209.430271,372,79,21.834266,1.990981,0.254401,True
8455,1773641600.897194,1773643224.416378,1065,413,51.660372,2.513294,0.119289,True
8456,1773641600.897225,1773643205.684612,1193,45,14.174294,2.502165,0.265276,True
8457,1773641600.897253,1773643210.227532,378,80,22.907223,0.292689,0.286260,True
8458,1773641600.897285,1773643208.290708,384,63,18.781484,0.346690,0.297335,True
8459,1773641600.897313,1773643207.343674,375,54,16.867485,0.390920,0.310879,True
8460,1773641600.897345,1773643212.949321,880,96,27.600035,0.463028,0.285653,True
8461,1773641600.897467,1773643211.598813,442,92,24.795038,0.495155,0.267032,True
8462,1773641600.897498,1773643210.395143,412,81,22.138420,0.288440,0.273125,True
8463,1773641600.897528,1773643218.532290,1641,143,38.367507,0.915932,0.263743,True
8464,1773641600.897562,1773643211.685128,390,91,24.279437,0.395156,0.265381,True
8465,1773641600.897590,1773643212.365330,410,102,25.434940,0.413939,0.247733,True
8466,1773641600.897619,1773643237.816195,1111,414,76.315418,0.978770,0.182413,True
8467,1773641600.897648,1773643248.487378,1025,426,97.471116,0.953230,0.227101,True
8468,1773641600.897677,1773643211.512558,879,89,23.397463,0.669617,0.258271,True
8469,1773641600.897706,1773643211.253434,440,86,22.652635,0.880026,0.256148,True
8470,1773641600.897734,1773643211.691621,1467,113,23.073112,2.349080,0.185036,True
8471,1773641600.897764,1773643210.477870,385,79,20.582923,0.396230,0.258804,True
8472,1773641600.897793,1773643217.014358,395,135,33.511922,0.301616,0.247838,True
8473,1773641600.897829,1773643212.144660,397,87,23.605792,0.551400,0.268074,True
8474,1773641600.897857,1773643212.738217,417,96,24.709780,0.351724,0.256401,True
8475,1773641600.897885,1773643207.238388,1231,45,13.064292,0.908773,0.276262,True
8476,1773641600.897914,1773643215.349795,411,133,29.076480,1.115108,0.211829,True
8477,1773641600.897984,1773643214.650918,1312,159,27.595261,4.384451,0.146904,True
8478,1773641600.898017,1773643211.598821,419,88,21.345530,0.413194,0.240602,True
8479,1773641600.898046,1773643212.779388,393,88,23.623312,0.305121,0.268025,True
8480,1773641600.898076,1773643210.267009,376,74,18.495618,4.218463,0.195577,True
8481,1773641600.898113,1773643211.905483,413,81,21.688682,0.312521,0.267202,True
8482,1773641600.898147,1773643209.997848,374,68,17.601170,0.394256,0.256820,True
8483,1773641600.898176,1773643208.724323,418,86,14.721933,0.506321,0.167242,True
8484,1773641600.898206,1773643208.062418,377,46,13.231330,0.210647,0.289349,True
8485,1773641600.898235,1773643216.029503,404,120,29.044181,0.253963,0.241935,True
8486,1773641600.898264,1773643215.388024,388,108,27.677289,0.289165,0.255964,True
8487,1773641600.898294,1773643212.016041,398,90,20.890563,0.644819,0.227480,True
8488,1773641600.898323,1773643213.087111,405,103,23.012381,0.634606,0.219390,True
8489,1773641600.898352,1773643213.827613,421,106,24.239718,0.665975,0.224512,True
8490,1773641600.898381,1773643213.302588,406,100,23.168665,0.655248,0.227408,True
8491,1773641600.898413,1773643238.332324,1080,413,73.019040,1.257590,0.174178,True
8492,1773641600.898443,1773643243.947609,1067,373,84.057950,0.509222,0.224593,True
8493,1773641600.898472,1773643213.565033,378,92,23.208078,0.296134,0.251780,True
8494,1773641600.898501,1773643214.332643,181,118,24.346944,0.277939,0.205718,True
8495,1773641600.898529,1773643236.196797,1200,399,67.723790,0.871581,0.167970,True
8496,1773641600.898558,1773643214.779426,406,122,24.660330,1.064292,0.195009,True
8497,1773641600.898587,1773643209.754768,375,55,14.504986,0.298085,0.263091,True
8498,1773641600.898619,1773643211.503146,396,83,17.896720,0.410777,0.213243,True
8499,1773641600.898650,1773643213.578154,442,88,21.877765,0.341540,0.247543,True
8500,1773641600.898685,1773643212.460333,385,78,19.621681,0.297339,0.250965,True
8501,1773641600.898716,1773643210.963537,475,114,16.460115,0.548697,0.140809,True
8502,1773641600.898744,1773643245.813179,1058,397,86.076474,0.574277,0.215915,True
