RequestID,ArrivalTime,CompletionTime,InputTokens,OutputTokens,Latency,TTFT,TPOT,Success
0,1773653517.570410,1773653557.596683,374,44,79.713408,1.084865,1.828571,True
1,1773653517.570571,1773653582.786560,396,109,130.072401,5.077999,1.157356,True
2,1773653517.570629,1773653553.266610,879,55,71.010176,2.382331,1.270886,True
3,1773653517.570671,1773653548.833575,91,16,62.120985,4.290534,3.855363,True
4,1773653517.570709,1773653548.970394,91,16,62.373714,5.774427,3.773286,True
5,1773653517.570745,1773653570.683269,381,84,105.778561,3.668707,1.230239,True
6,1773653517.570779,1773653568.568980,1313,142,101.528861,8.985091,0.656339,True
7,1773653517.570812,1773653683.751125,388,84,331.868532,2.618826,3.966864,True
8,1773653517.570845,1773653548.463666,242,14,61.272346,5.001963,4.328491,True
9,1773653517.570877,1773653599.206602,209,152,162.737481,4.225581,1.049748,True
10,1773653517.570909,1773653724.677412,394,124,413.648083,9.336572,3.287085,True
11,1773653517.570969,1773653662.472075,394,59,289.225681,11.082043,4.795580,True
12,1773653517.571005,1773653567.419529,1315,174,99.099410,2.806034,0.556609,True
13,1773653517.571038,1773653696.478621,389,90,357.192436,7.429970,3.929915,True
14,1773653517.571070,1773653580.566599,415,106,125.348702,5.665425,1.139841,True
15,1773653517.571101,1773653625.638801,120,12,215.470672,9.282671,18.744364,True
16,1773653517.571131,1773653566.948869,369,74,98.069647,3.548587,1.294809,True
17,1773653517.571162,1773653603.483740,206,162,171.119680,4.904941,1.032390,True
18,1773653517.571194,1773653739.686286,1353,142,443.502681,11.007101,3.067345,True
19,1773653517.571225,1773653599.206457,197,152,162.522022,4.118479,1.049030,True
20,1773653517.571256,1773653598.099357,181,154,160.286565,5.602302,1.011008,True
21,1773653517.571285,1773653560.414901,388,54,84.897299,3.495932,1.535875,True
22,1773653517.571316,1773653739.800326,203,147,443.643183,7.334990,2.988412,True
23,1773653517.571347,1773653764.304612,126,194,492.626753,9.197890,2.504813,True
24,1773653517.571379,1773653571.243688,389,87,106.489982,4.830171,1.182091,True
25,1773653517.571409,1773653548.834023,91,16,61.647988,4.054462,3.839568,True
26,1773653517.571439,1773653730.751978,181,123,425.464952,10.922380,3.397890,True
27,1773653517.571471,1773653618.668747,191,217,201.276543,5.527841,0.906244,True
28,1773653517.571501,1773653610.851291,27,183,185.620562,3.421504,1.001094,True
29,1773653517.571532,1773653573.633395,203,217,111.165135,7.532008,0.479783,True
30,1773653517.571561,1773653568.449820,398,81,100.775739,4.766438,1.200116,True
31,1773653517.571592,1773653758.159728,126,172,480.173034,7.238152,2.765701,True
32,1773653517.571621,1773653609.360781,209,181,182.551406,3.978855,0.992070,True
33,1773653517.571652,1773653607.806343,209,181,179.421767,5.462285,0.966442,True
34,1773653517.571681,1773653753.527001,28,175,470.839068,9.079073,2.653793,True
35,1773653517.571711,1773653572.491318,437,88,108.746323,3.344377,1.211517,True
36,1773653517.571744,1773653721.277061,181,104,406.296573,10.813285,3.839644,True
37,1773653517.571775,1773653593.643283,203,138,151.007973,4.689482,1.068018,True
38,1773653517.571906,1773653607.681929,200,177,179.064128,3.913718,0.995173,True
39,1773653517.571963,1773653548.970245,91,16,61.618985,5.397426,3.748104,True
40,1773653517.571998,1773653607.463701,1087,401,178.585422,8.618553,0.424917,True
41,1773653517.572029,1773653564.117812,382,64,91.870058,3.279046,1.406207,True
42,1773653517.572059,1773653579.766710,412,102,123.147432,4.635907,1.173381,True
43,1773653517.572090,1773653783.198684,194,217,529.989906,7.108247,2.420748,True
44,1773653517.572122,1773653621.336786,203,217,206.244067,3.849416,0.937012,True
45,1773653517.572152,1773653776.878611,200,217,517.298702,8.960341,2.353418,True
46,1773653517.572183,1773653761.448098,64,174,486.421043,10.705756,2.749799,True
47,1773653517.572212,1773653728.770973,458,123,421.047866,7.064254,3.393308,True
48,1773653517.572243,1773653600.435846,1352,158,164.355476,5.299294,1.013097,True
49,1773653517.572273,1773653697.513869,874,404,358.489025,3.192820,0.881628,True
50,1773653517.572304,1773653562.211262,378,58,87.861196,4.548735,1.461622,True
51,1773653517.572333,1773653548.834028,91,16,61.084414,3.772547,3.820791,True
52,1773653517.572363,1773653686.418987,389,89,336.230566,8.883585,3.719852,True
53,1773653517.572400,1773653608.733727,212,183,180.842021,5.245253,0.964817,True
54,1773653517.572431,1773653907.553516,1085,394,778.457782,10.618098,1.953791,True
55,1773653517.572461,1773653731.571830,407,131,426.472568,6.977519,3.226885,True
56,1773653517.572490,1773653569.453958,396,82,102.219382,3.117808,1.223476,True
57,1773653517.572519,1773653683.031803,1029,399,329.354495,4.473831,0.816283,True
58,1773653517.572550,1773653691.720208,962,399,346.708916,3.697893,0.861837,True
59,1773653517.572579,1773653776.878597,203,217,516.995765,8.809371,2.352715,True
60,1773653517.572607,1773653711.602072,898,94,386.422400,10.555233,4.041582,True
61,1773653517.572643,1773653799.142275,181,253,561.489834,6.914274,2.200697,True
62,1773653517.572674,1773653550.441290,320,18,64.067697,5.150083,3.465742,True
63,1773653517.572704,1773653705.495428,1119,414,374.147022,3.043654,0.898555,True
64,1773653517.572734,1773653601.607621,124,157,166.358401,4.400137,1.038194,True
65,1773653517.572764,1773653756.716483,1313,179,476.551801,8.745827,2.628123,True
66,1773653517.572793,1773653669.279924,1096,383,301.661288,3.613974,0.780229,True
67,1773653517.572823,1773653578.615973,400,102,120.310858,5.097489,1.140726,True
68,1773653517.572857,1773653997.817910,1057,424,958.694405,10.471118,2.241663,True
69,1773653517.572886,1773653603.358288,203,162,169.751376,2.980183,1.035846,True
70,1773653517.572916,1773653782.693978,1314,216,528.403722,6.819134,2.425975,True
71,1773653517.572965,1773653574.757475,2,93,112.509068,4.326209,1.175901,True
72,1773653517.572995,1773653921.492333,1065,409,805.947226,8.672401,1.954105,True
73,1773653517.573026,1773653662.811453,372,60,288.569397,10.418161,4.714428,True
74,1773653517.573058,1773653683.694525,1104,394,330.320211,3.529646,0.831528,True
75,1773653517.573089,1773653696.938010,1075,415,356.785996,5.013099,0.849693,True
76,1773653517.573119,1773653664.007727,1225,372,290.904294,2.906230,0.776275,True
77,1773653517.573149,1773653708.670295,1118,426,380.205746,4.262259,0.884573,True
78,1773653517.573178,1773653578.748128,380,102,120.340883,3.486269,1.156976,True
79,1773653517.573208,1773653598.079713,1133,385,158.983394,8.201585,0.392661,True
80,1773653517.573238,1773653753.422510,42,167,469.644956,6.712895,2.788747,True
81,1773653517.573268,1773653661.079718,1140,377,284.940722,4.948258,0.744661,True
82,1773653517.573297,1773653768.953670,126,203,500.667477,8.565444,2.436149,True
83,1773653517.573327,1773653570.683278,431,84,104.105448,2.831861,1.220164,True
84,1773653517.573367,1773653702.355493,1115,421,367.429275,4.187677,0.864861,True
85,1773653517.573402,1773653763.303473,206,179,489.299267,10.289794,2.691064,True
86,1773653517.573432,1773653572.805793,400,91,108.285729,3.400556,1.165391,True
87,1773653517.573461,1773653899.153029,1123,396,760.954648,6.638232,1.909662,True
88,1773653517.573491,1773653662.100741,862,379,286.834157,4.874079,0.745926,True
89,1773653517.573521,1773653964.593637,859,422,891.796635,8.490539,2.098114,True
90,1773653517.573551,1773653694.677662,890,402,351.945577,2.756477,0.870796,True
91,1773653517.573580,1773653614.271145,1192,419,191.111134,8.074273,0.437887,True
92,1773653517.573610,1773653595.388276,899,403,153.324006,6.857181,0.364345,True
93,1773653517.573640,1773653623.471387,163,224,209.470371,4.092391,0.920977,True
94,1773653517.573669,1773653782.577764,181,212,527.658454,10.194326,2.452437,True
95,1773653517.573702,1773653694.418643,416,88,351.312421,6.553253,3.962749,True
96,1773653517.573730,1773653607.799528,1163,426,178.060510,6.813770,0.402934,True
97,1773653517.573760,1773653548.168761,243,14,58.778023,3.283975,4.268773,True
98,1773653517.573789,1773653976.062010,1041,428,914.542384,8.394777,2.122126,True
99,1773653517.573819,1773653594.871816,1350,146,152.141645,7.897993,0.994784,True
100,1773653517.573848,1773653601.589132,1104,396,165.555454,7.978688,0.398929,True
101,1773653517.573876,1773653718.958804,1127,426,400.273131,5.780580,0.928218,True
102,1773653517.573910,1773653695.262816,1114,414,352.858140,7.156374,0.837050,True
103,1773653517.573965,1773653916.431086,1083,396,795.172377,10.097815,1.987531,True
104,1773653517.574003,1773653758.493188,1313,173,479.275864,6.456624,2.748949,True
105,1773653517.574034,1773653686.122011,888,395,334.512590,6.416108,0.832732,True
106,1773653517.574063,1773653728.532832,13,130,419.313933,8.309509,3.186081,True
107,1773653517.574092,1773653571.070983,874,89,104.368290,7.811784,1.097233,True
108,1773653517.574121,1773653687.972220,1065,395,338.149099,5.705263,0.843766,True
109,1773653517.574150,1773654002.769530,1157,426,967.717350,15.790144,2.239829,True
110,1773653517.574184,1773653668.791826,1077,390,299.739685,7.070842,0.752362,True
111,1773653517.574214,1773653700.657616,1149,411,363.457861,6.352480,0.870989,True
112,1773653517.574247,1773653668.612642,996,389,299.345372,7.758848,0.751512,True
113,1773653517.574277,1773653894.682596,990,394,751.462234,6.360450,1.895933,True
114,1773653517.574306,1773653610.851451,197,183,183.779760,5.641391,0.978782,True
115,1773653517.574333,1773653620.271545,197,217,202.596366,7.017170,0.905459,True
116,1773653517.574365,1773653698.670344,1378,407,359.374116,6.298152,0.869645,True
117,1773653517.574395,1773653702.176967,1214,421,366.363817,7.704545,0.853951,True
118,1773653517.574424,1773653836.959760,1016,375,635.908024,8.180047,1.678417,True
119,1773653517.574452,1773653690.895434,1186,398,343.759228,5.587135,0.851819,True
120,1773653517.574485,1773653708.669993,1100,426,379.286512,6.963138,0.876055,True
121,1773653517.574515,1773653621.336781,218,217,204.597609,6.244400,0.918302,True
122,1773653517.574545,1773653984.336368,1232,419,930.575246,15.650233,2.188816,True
123,1773653517.574573,1773653964.473968,975,416,890.829957,11.620717,2.118576,True
124,1773653517.574603,1773653618.669106,209,217,199.197473,7.629351,0.886889,True
125,1773653517.574632,1773653570.912857,181,85,103.665176,5.522360,1.168367,True
126,1773653517.574660,1773653854.082447,1029,388,669.981555,13.889633,1.695328,True
127,1773653517.574690,1773653699.555568,888,418,360.907503,6.887202,0.848970,True
128,1773653517.574718,1773653860.777163,1113,375,683.327070,15.585259,1.785406,True
129,1773653517.574748,1773653629.385413,1035,520,220.521164,6.460085,0.412449,True
130,1773653517.574775,1773653992.654139,1009,425,947.035725,11.545379,2.206345,True
131,1773653517.574804,1773653730.019551,869,450,421.749568,6.136485,0.925642,True
132,1773653517.574833,1773653716.604325,1183,431,394.896904,7.542815,0.900823,True
133,1773653517.574862,1773653867.532190,972,395,696.730208,13.814455,1.733289,True
134,1773653517.574890,1773653916.431063,1097,396,794.505547,15.521536,1.972111,True
135,1773653517.574922,1773653610.851540,206,183,183.327348,5.416058,0.977535,True
136,1773653517.574973,1773653616.511269,181,208,194.626716,6.791596,0.907416,True
137,1773653517.575003,1773653615.275262,1316,200,192.131989,6.072459,0.934973,True
138,1773653517.575037,1773654036.188346,908,456,1033.929784,11.460103,2.247186,True
139,1773653517.575067,1773653704.670896,1094,422,370.880868,7.468558,0.863212,True
140,1773653517.575097,1773653716.668070,996,422,394.853816,5.361212,0.925161,True
141,1773653517.575126,1773653686.418974,420,89,334.332873,13.728509,3.643231,True
142,1773653517.575159,1773653877.114659,1112,385,715.701482,15.435270,1.823610,True
143,1773653517.575188,1773653678.784185,1133,396,319.020719,6.716077,0.790645,True
144,1773653517.575217,1773653929.184163,890,403,819.798842,11.395727,2.010953,True
145,1773653517.575247,1773653555.511386,833,36,72.433670,5.986765,1.898483,True
146,1773653517.575276,1773653708.720516,1093,426,378.829549,10.510780,0.866632,True
147,1773653517.575305,1773653619.613975,206,211,200.593787,5.286081,0.930037,True
148,1773653517.575334,1773654023.451202,898,454,1008.247608,13.653642,2.195572,True
149,1773653517.575364,1773653763.639478,1312,180,488.593934,15.359972,2.643765,True
150,1773653517.575396,1773653678.784549,1129,396,318.870685,6.641256,0.790454,True
151,1773653517.575429,1773653564.873514,375,67,91.028444,5.922549,1.289483,True
152,1773653517.575457,1773653992.653771,862,425,946.564641,11.309426,2.205791,True
153,1773653517.575490,1773653607.319992,167,179,175.879222,10.435868,0.929457,True
154,1773653517.575523,1773653705.495170,914,414,372.199442,5.210974,0.888592,True
155,1773653517.575553,1773653620.271551,209,217,201.735745,6.586917,0.903467,True
156,1773653517.575584,1773653791.815392,982,594,544.804432,8.766461,0.903943,True
157,1773653517.575613,1773653745.453252,200,161,452.056226,13.556746,2.740622,True
158,1773653517.575642,1773653599.085528,1313,156,159.301584,10.382098,0.960771,True
159,1773653517.575680,1773653710.694701,999,416,382.499902,5.158056,0.909257,True
160,1773653517.575713,1773653681.735858,1084,397,324.560205,9.555012,0.795468,True
161,1773653517.575743,1773653580.692034,399,106,122.450728,8.713154,1.083215,True
162,1773653517.575772,1773654189.430073,1065,594,1339.900976,20.961967,2.224180,True
163,1773653517.575804,1773653725.885182,1036,446,412.792485,10.327837,0.904415,True
164,1773653517.575834,1773653911.828519,1243,398,784.648691,11.179478,1.948285,True
165,1773653517.575864,1773653596.538014,1128,384,154.054686,7.278975,0.383226,True
166,1773653517.575895,1773653836.959910,1000,375,634.874977,13.458735,1.661541,True
167,1773653517.575925,1773653561.618421,992,56,84.172150,5.070522,1.438211,True
168,1773653517.575972,1773653699.429835,920,87,359.762839,20.895977,3.940312,True
169,1773653517.576006,1773653876.918260,1040,388,714.725892,11.125144,1.818090,True
170,1773653517.576039,1773653706.304973,411,101,373.467577,13.415279,3.600523,True
171,1773653517.576069,1773653572.863683,900,91,106.573624,9.434673,1.079322,True
172,1773653517.576097,1773653717.385498,1018,425,395.596512,8.592256,0.912746,True
173,1773653517.576126,1773653576.950423,395,99,114.704665,10.218502,1.066185,True
174,1773653517.576155,1773653786.114540,209,217,533.007783,20.830447,2.371191,True
175,1773653517.576183,1773653722.717220,181,113,406.192980,11.059586,3.527977,True
176,1773653517.576212,1773653705.495329,1118,414,371.722402,7.777814,0.881222,True
177,1773653517.577677,1773653670.259758,972,392,301.236182,9.369212,0.746463,True
178,1773653517.577721,1773653560.475654,1847,53,81.645901,8.526891,1.406135,True
179,1773653517.577755,1773653701.972810,392,96,364.615573,13.316655,3.697883,True
180,1773653517.577798,1773653618.668909,197,217,197.988618,10.142167,0.869659,True
181,1773653517.577837,1773653700.597156,975,409,361.823341,7.723016,0.867893,True
182,1773653517.577876,1773653723.035201,1025,443,406.677439,9.314655,0.899011,True
183,1773653517.577907,1773653675.392406,1027,388,311.370195,8.472280,0.782682,True
184,1773653517.577961,1773653609.121696,1143,409,178.807474,14.358008,0.403062,True
185,1773653517.577995,1773653672.084486,1028,394,304.711247,10.087525,0.749679,True
186,1773653517.578024,1773653943.758931,874,402,848.039471,20.700278,2.063190,True
187,1773653517.578054,1773653746.587754,997,492,453.675677,7.658853,0.908385,True
188,1773653517.578083,1773653628.618971,72,245,217.716870,9.250274,0.854371,True
189,1773653517.578113,1773653689.907007,851,397,340.272270,8.408557,0.838040,True
190,1773653517.578140,1773653572.437172,408,91,105.308784,10.034331,1.058605,True
191,1773653517.578174,1773654131.040667,1113,531,1222.492059,16.986064,2.274540,True
192,1773653517.578203,1773653606.144367,1313,170,172.681846,7.605195,0.976785,True
193,1773653517.578233,1773653971.944694,1083,426,904.259495,13.166449,2.096690,True
194,1773653517.578261,1773653907.553662,1139,394,775.454865,20.614325,1.920714,True
195,1773653517.578290,1773653719.534431,978,437,399.392089,9.175017,0.894993,True
196,1773653517.578322,1773653596.954509,26,146,154.213519,8.332912,1.006073,True
197,1773653517.578351,1773653551.356540,386,61,62.998070,5.725720,0.954539,True
198,1773653517.578379,1773653692.803440,1074,411,345.871820,9.948702,0.819325,True
199,1773653517.578407,1773653603.358135,209,162,166.959855,7.530182,0.990246,True
200,1773653517.578436,1773654034.509536,1099,455,1029.239867,16.890338,2.229845,True
201,1773653517.578466,1773653547.782485,120,12,55.766840,9.111916,4.241357,True
202,1773653517.578496,1773653752.374133,126,173,464.925962,13.070897,2.627064,True
203,1773653517.578525,1773653567.202218,416,140,94.563727,14.155682,0.578475,True
204,1773653517.578553,1773653553.631003,394,83,67.399856,5.651567,0.753028,True
205,1773653517.578585,1773653691.720215,1043,399,343.554473,8.237714,0.842504,True
206,1773653517.578614,1773653675.512789,1099,396,311.118906,9.863101,0.762673,True
207,1773653517.578649,1773653574.638912,857,91,109.349978,7.445679,1.132270,True
208,1773653517.578679,1773653620.271561,209,217,200.592087,9.036018,0.886834,True
209,1773653517.578709,1773653842.033250,1109,365,644.095766,20.454228,1.713301,True
210,1773653517.578738,1773653726.450742,993,441,412.909459,11.237685,0.912890,True
211,1773653517.578766,1773653699.364671,888,418,358.717517,12.869473,0.829372,True
212,1773653517.578795,1773653678.899115,1141,388,317.764774,7.392833,0.801995,True
213,1773653517.578824,1773653672.909977,1067,394,305.762771,8.983160,0.755164,True
214,1773653517.578853,1773653715.107852,1116,423,390.138183,11.195296,0.897969,True
215,1773653517.578880,1773653679.409864,416,79,318.721659,16.730090,3.871687,True
216,1773653517.578908,1773653757.775247,1126,520,475.432491,12.816639,0.891360,True
217,1773653517.578955,1773653609.302800,203,179,178.464007,7.338481,0.961379,True
218,1773653517.578986,1773653569.805082,379,144,99.448284,13.995444,0.597572,True
219,1773653517.579019,1773653603.968816,56,164,167.753803,8.918543,0.974449,True
220,1773653517.579048,1773653925.708622,1232,410,811.198197,12.877814,1.951884,True
221,1773653517.579078,1773653753.301149,209,162,466.374031,20.325973,2.770485,True
222,1773653517.579107,1773653603.420804,206,162,166.593344,11.109504,0.965738,True
223,1773653517.579138,1773653661.306808,1083,378,282.344075,12.740595,0.715129,True
224,1773653517.579167,1773653763.420429,171,183,486.546839,16.633612,2.581941,True
225,1773653517.579196,1773653978.718235,982,429,917.118311,18.175945,2.100333,True
226,1773653517.579225,1773653553.184736,374,54,66.035342,13.909061,0.983515,True
227,1773653517.579253,1773653705.253665,1019,413,370.151024,10.286281,0.873458,True
228,1773653517.579282,1773653779.355472,126,205,518.329496,20.250587,2.441563,True
229,1773653517.579311,1773653601.589303,1147,396,162.779248,13.877036,0.376968,True
230,1773653517.579343,1773653712.618621,1078,428,384.817301,8.800551,0.880601,True
231,1773653517.579371,1773653952.448723,883,413,864.450842,16.557507,2.057994,True
232,1773653517.579400,1773653621.336774,169,217,202.207604,11.001960,0.885211,True
233,1773653517.579432,1773653978.718063,1094,429,916.947895,18.089875,2.100136,True
234,1773653517.579461,1773653710.866862,1001,427,381.227088,12.622597,0.865269,True
235,1773653517.579489,1773653707.236454,391,93,373.946179,20.175836,3.845330,True
236,1773653517.579519,1773653876.918268,1085,388,713.284518,16.504663,1.800465,True
237,1773653517.579549,1773653687.972307,1064,395,335.374739,10.179410,0.825369,True
238,1773653517.579578,1773653929.279505,1070,411,817.966828,18.036822,1.951049,True
239,1773653517.579609,1773653638.423168,972,575,236.234922,5.276886,0.402366,True
240,1773653517.579638,1773653672.909983,1099,394,305.184465,11.776760,0.746584,True
241,1773653517.579668,1773653670.210034,980,384,299.755790,10.906466,0.754176,True
242,1773653517.579697,1773653670.932633,1057,393,301.188489,12.537009,0.736356,True
243,1773653517.579724,1773653955.160059,1082,409,869.620769,20.090609,2.082182,True
244,1773653517.579756,1773653692.865726,1072,400,345.013383,10.105107,0.839369,True
245,1773653517.579786,1773653707.006185,385,98,373.269552,16.408575,3.678979,True
246,1773653517.579815,1773653595.047740,78,141,149.333997,11.713332,0.983005,True
247,1773653517.579843,1773653561.715285,412,100,82.649146,13.685200,0.696606,True
248,1773653517.579875,1773653854.082609,1027,388,667.359300,17.930747,1.678110,True
249,1773653517.579904,1773654055.943542,1146,466,1071.059986,25.224722,2.249108,True
250,1773653517.579948,1773653971.825152,994,419,902.803758,16.355314,2.120690,True
251,1773653517.579979,1773653582.487620,846,108,124.105955,10.799602,1.058938,True
252,1773653517.580009,1773653714.986968,1140,430,389.084542,12.431045,0.877980,True
253,1773653517.580038,1773653809.760701,1059,649,578.610957,10.008865,0.877472,True
254,1773653517.580067,1773653767.140047,1354,200,493.345835,17.865812,2.389347,True
255,1773653517.580095,1773653760.429378,167,171,479.904151,25.160309,2.674964,True
256,1773653517.580133,1773653559.075830,1792,50,77.177217,11.606259,1.338183,True
257,1773653517.580164,1773653732.605176,40,134,424.213060,16.280527,3.067162,True
258,1773653517.580195,1773653579.705375,407,104,118.392183,10.724833,1.045314,True
259,1773653517.580225,1773653929.279521,1065,411,817.520463,17.812922,1.950506,True
260,1773653517.580255,1773653626.543191,181,241,212.026346,12.346028,0.832001,True
261,1773653517.580287,1773653592.895000,1314,137,144.710227,9.924179,0.991074,True
262,1773653517.580317,1773653590.439854,181,128,139.777033,11.542944,1.009717,True
263,1773653517.580346,1773653616.455885,163,205,191.786396,10.671672,0.887817,True
264,1773653517.580375,1773653573.545022,2,93,105.943198,12.303160,1.017827,True
265,1773653517.580406,1773653776.129028,1314,203,511.085449,25.054297,2.406095,True
266,1773653517.580436,1773653686.063455,1056,394,330.938681,9.870050,0.816969,True
267,1773653517.580465,1773653722.477923,978,442,403.741045,11.488516,0.889462,True
268,1773653517.580493,1773653777.921161,1217,565,514.610385,10.618016,0.893603,True
269,1773653517.580523,1773653911.828508,1056,398,782.393906,16.152116,1.930080,True
270,1773653517.580551,1773653724.702862,951,445,408.128812,12.237878,0.891646,True
271,1773653517.580580,1773653889.422848,1233,401,737.548113,23.230487,1.785794,True
272,1773653517.580612,1773653605.489200,1317,169,169.658892,12.992661,0.932537,True
273,1773653517.580642,1773653757.713344,1103,520,474.084947,11.422823,0.891449,True
274,1773653517.580672,1773653664.069112,887,375,286.775740,10.552455,0.738565,True
275,1773653517.580701,1773653675.512507,1123,396,309.641180,15.235569,0.745331,True
276,1773653517.580729,1773653668.671764,1095,379,295.938058,12.949876,0.748646,True
277,1773653517.580758,1773653984.336056,1079,419,927.243115,24.923527,2.158659,True
278,1773653517.580787,1773653700.712145,1073,420,359.974922,11.369055,0.831995,True
279,1773653517.580816,1773653704.402627,1147,413,367.334893,13.743425,0.858232,True
280,1773653517.580843,1773653763.420258,212,183,485.348469,16.033289,2.578655,True
281,1773653517.580872,1773653568.047955,411,81,94.582071,15.170700,0.992642,True
282,1773653517.580902,1773653674.434846,380,76,307.335238,23.111798,3.789646,True
283,1773653517.580930,1773653736.347799,990,468,431.129477,12.874315,0.895621,True
284,1773653517.580980,1773653969.872354,1106,414,898.162034,24.848080,2.114562,True
285,1773653517.581010,1773653678.784340,1117,396,315.966830,11.293536,0.771325,True
286,1773653517.581045,1773653688.033019,1147,396,334.444298,13.667310,0.812094,True
287,1773653517.581075,1773653607.077909,127,178,172.511569,15.105948,0.889297,True
288,1773653517.581105,1773653720.148304,1021,428,398.631455,12.820300,0.903539,True
289,1773653517.581136,1773653672.909799,1081,394,304.133456,14.366648,0.737320,True
290,1773653517.581169,1773653683.694519,1104,394,325.681162,13.625195,0.794036,True
291,1773653517.581199,1773653713.567765,1149,429,385.405959,15.063184,0.865287,True
292,1773653517.581229,1773653687.637614,399,86,333.515353,21.286886,3.673276,True
293,1773653517.581258,1773653673.285156,1127,385,304.798428,12.767029,0.760498,True
294,1773653517.581286,1773653570.397375,766,85,98.999736,14.312672,1.008179,True
295,1773653517.581319,1773653871.099623,1073,396,700.381992,22.972273,1.714961,True
296,1773653517.581358,1773653548.834016,91,16,55.830588,13.560359,2.818015,True
297,1773653517.581393,1773653683.573519,922,402,325.289075,14.998632,0.773792,True
298,1773653517.581423,1773653622.552460,1314,220,203.225180,12.713348,0.869917,True
299,1773653517.581451,1773653678.784544,1049,396,315.666798,14.259467,0.763057,True
300,1773653517.581480,1773653691.719782,1048,399,341.517493,13.517715,0.824120,True
301,1773653517.581509,1773653686.235164,1180,404,330.529270,14.956431,0.783059,True
302,1773653517.581537,1773653621.516355,194,217,201.069254,12.671568,0.872212,True
303,1773653517.581566,1773653916.431068,1063,396,790.876364,24.645713,1.939824,True
304,1773653517.581599,1773653620.271115,206,217,198.536790,14.206735,0.853380,True
305,1773653517.581633,1773653671.554311,1083,386,301.081541,13.465081,0.747056,True
306,1773653517.581666,1773653621.175001,1016,436,200.301656,13.051752,0.430460,True
307,1773653517.581694,1773653710.866778,958,427,379.664973,14.892938,0.856272,True
308,1773653517.581727,1773653627.022424,91,16,211.952479,21.116879,12.722373,True
309,1773653517.581756,1773653549.252653,335,18,56.393271,12.596554,2.576277,True
310,1773653517.581785,1773653720.031547,895,114,397.919871,22.812417,3.319535,True
311,1773653517.581813,1773654134.465195,1004,532,1226.776307,24.559913,2.264061,True
312,1773653517.581842,1773653788.451694,194,223,534.728053,21.074121,2.313756,True
313,1773653517.581875,1773653710.810863,1001,427,379.423720,14.110353,0.857543,True
314,1773653517.581904,1773653678.954564,954,390,315.690717,13.369235,0.777176,True
315,1773653517.581947,1773653776.878362,203,217,511.504196,22.758721,2.262711,True
316,1773653517.582095,1773653665.044473,980,385,287.826288,14.796123,0.711016,True
317,1773653517.582131,1773653639.977637,91,24,237.670165,24.494825,9.268493,True
318,1773653517.582167,1773653580.383285,428,102,118.461194,15.472860,1.019686,True
319,1773653517.582197,1773653583.439793,878,110,124.550996,14.045974,1.013808,True
320,1773653517.582227,1773653752.259977,212,164,462.169320,20.987478,2.706637,True
321,1773653517.582256,1773653700.657887,982,411,358.944957,13.293754,0.843052,True
322,1773653517.582289,1773653752.714599,445,174,463.038111,22.684283,2.545398,True
323,1773653517.582318,1773653559.051672,394,86,75.691673,12.870389,0.739074,True
324,1773653517.582354,1773653702.176761,1023,421,361.920495,17.900704,0.819095,True
325,1773653517.582384,1773653599.146741,1314,152,155.839365,15.399054,0.930068,True
326,1773653517.582415,1773653700.712226,1009,420,358.949279,13.972003,0.823335,True
327,1773653517.582444,1773653860.777005,1007,375,679.058214,29.831127,1.735901,True
328,1773653517.582473,1773653662.979406,1161,373,283.443004,16.256560,0.718243,True
329,1773653517.582504,1773653713.567603,1067,429,384.596673,17.847728,0.856890,True
330,1773653517.582534,1773653700.597147,1038,409,358.634019,15.346320,0.841391,True
331,1773653517.582566,1773653979.315697,1136,422,916.050359,20.871423,2.126316,True
332,1773653517.582595,1773653776.878603,169,217,511.146333,22.578313,2.261889,True
333,1773653517.582624,1773653550.382057,313,18,58.140428,13.897259,2.602539,True
334,1773653517.582654,1773653781.950970,1116,574,521.256490,16.191824,0.881439,True
335,1773653517.582686,1773653748.304690,1240,501,453.943007,17.783758,0.872318,True
336,1773653517.582715,1773653562.327684,1060,58,81.968322,15.282091,1.169934,True
337,1773653517.582743,1773653604.879129,209,167,167.049569,13.855118,0.922858,True
338,1773653517.582772,1773653582.487259,428,108,122.244738,16.149925,0.991540,True
339,1773653517.582802,1773653604.606003,1093,414,166.461053,11.321382,0.375641,True
340,1773653517.582835,1773653783.507754,1045,585,524.240737,17.729774,0.867313,True
341,1773653517.582864,1773653585.063109,435,111,127.329898,15.228043,1.019108,True
342,1773653517.582893,1773653591.829591,1037,390,140.842918,11.288721,0.333044,True
343,1773653517.582922,1773653576.401764,422,95,109.964049,13.790062,1.023128,True
344,1773653517.582968,1773653578.457053,1313,201,114.054053,12.646078,0.507040,True
345,1773653517.582998,1773653683.694366,1184,394,324.507268,16.074289,0.784817,True
346,1773653517.583030,1773653675.512783,1001,396,308.123013,17.665694,0.735335,True
347,1773653517.583060,1773653886.252445,890,387,729.580423,29.616996,1.813377,True
348,1773653517.583090,1773653594.931875,181,140,146.918833,15.153166,0.947954,True
349,1773653517.583121,1773653907.343635,1119,397,771.717542,20.678196,1.896564,True
350,1773653517.583152,1773653574.222320,407,92,105.448300,13.715324,1.008055,True
351,1773653517.583181,1773653854.082603,1188,388,665.154546,22.375113,1.660929,True
352,1773653517.583210,1773653860.777170,1016,375,678.524314,29.563919,1.735188,True
353,1773653517.583238,1773653966.619851,1095,417,890.188051,20.636557,2.090268,True
354,1773653517.583273,1773653686.122158,1027,395,329.170954,15.978347,0.794905,True
355,1773653517.583302,1773654026.025172,1102,455,1008.955272,22.332644,2.173178,True
356,1773653517.583331,1773654006.595407,1026,429,970.066357,29.520939,2.197536,True
357,1773653517.583363,1773653564.760301,1996,70,86.384060,17.548449,0.997618,True
358,1773653517.583391,1773653736.468307,1314,139,429.773031,20.583212,2.965144,True
359,1773653517.583423,1773653607.380609,181,173,171.581319,15.036239,0.910146,True
360,1773653517.583453,1773653605.767432,1049,397,168.333762,12.475455,0.393582,True
361,1773653517.583481,1773653943.662279,1132,414,844.100277,27.573914,1.977061,True
362,1773653517.583509,1773653590.006468,1088,386,136.768672,11.074936,0.326477,True
363,1773653517.583538,1773653615.810802,125,205,188.354726,13.575658,0.856760,True
364,1773653517.583567,1773653757.630438,206,167,471.970862,29.434674,2.665881,True
365,1773653517.583595,1773653566.772392,376,73,90.234920,15.859627,1.032990,True
366,1773653517.583624,1773653613.483471,127,198,183.635412,17.450959,0.843576,True
367,1773653517.583653,1773653584.017852,404,109,124.682086,14.949179,1.016045,True
368,1773653517.583683,1773653692.744418,1026,409,342.114442,16.582328,0.797873,True
369,1773653517.583710,1773653894.682610,1199,394,745.968714,20.463999,1.846068,True
370,1773653517.583739,1773653629.638029,91,16,215.856612,27.476041,12.558705,True
371,1773653517.583770,1773653992.875438,1013,422,942.303445,29.359236,2.168514,True
372,1773653517.583798,1773653682.412666,990,392,321.364440,15.784699,0.781534,True
373,1773653517.583827,1773653772.679790,1314,200,501.873721,25.613981,2.393265,True
374,1773653517.583859,1773654080.570522,1069,499,1117.636682,27.433602,2.189163,True
375,1773653517.583891,1773654121.944104,1017,519,1200.362029,29.316840,2.260705,True
376,1773653517.583920,1773653608.733990,200,183,173.922521,20.435847,0.843333,True
377,1773653517.583965,1773653616.647732,124,204,189.729380,14.842583,0.861511,True
378,1773653517.583995,1773653889.670044,895,393,735.750633,25.560958,1.811708,True
379,1773653517.584023,1773653585.182098,399,112,126.754290,16.464859,0.993598,True
380,1773653517.584052,1773653574.945752,410,95,106.261440,15.699376,0.963426,True
381,1773653517.584080,1773653667.357113,1107,388,291.060995,20.381808,0.699429,True
382,1773653517.584109,1773653776.878607,212,217,510.072902,27.348047,2.234837,True
383,1773653517.584138,1773653673.284999,1007,385,302.874629,14.778157,0.750251,True
384,1773653517.584167,1773654229.890234,1052,652,1416.064079,29.220869,2.130328,True
385,1773653517.584194,1773653876.917848,1143,388,710.098253,25.486354,1.769023,True
386,1773653517.584223,1773653632.774499,307,18,221.786498,27.305492,11.440059,True
387,1773653517.584253,1773653572.863674,392,91,101.946692,16.379527,0.950746,True
388,1773653517.584281,1773653569.520528,129,185,95.239645,10.796368,0.458931,True
389,1773653517.584310,1773653752.146663,129,159,460.467805,29.166609,2.729754,True
390,1773653517.584339,1773653720.212216,936,431,396.578545,15.592117,0.886015,True
391,1773653517.584368,1773653571.096980,128,205,98.328201,10.763986,0.429236,True
392,1773653517.584399,1773653667.357280,1025,388,290.824897,20.263855,0.699124,True
393,1773653517.584431,1773653783.198861,203,217,522.485781,25.399353,2.301326,True
394,1773653517.584462,1773653577.940951,431,97,111.948363,14.659468,1.013426,True
395,1773653517.584490,1773653678.784348,1000,396,313.614527,16.292731,0.752713,True
396,1773653517.584518,1773653625.674833,1045,496,207.375473,10.710145,0.397304,True
397,1773653517.584546,1773653577.800868,165,192,111.606316,12.078329,0.521089,True
398,1773653517.584575,1773653978.718239,1163,429,913.414909,27.176008,2.070652,True
399,1773653517.584603,1773653784.101082,1143,580,524.162819,18.695490,0.873001,True
400,1773653517.584630,1773653889.576826,1012,389,735.093228,34.988883,1.804393,True
401,1773653517.584658,1773653718.450424,1121,433,392.818492,20.166546,0.862620,True
402,1773653517.584692,1773653664.869169,971,373,285.634484,17.819065,0.719934,True
403,1773653517.584725,1773653854.281665,1088,377,664.436290,25.292418,1.699851,True
404,1773653517.584753,1773653744.907015,1028,498,445.667797,16.196476,0.864127,True
405,1773653517.584782,1773653579.761650,127,202,115.355084,11.992248,0.514243,True
406,1773653517.584810,1773653834.665144,1139,371,625.142202,27.090681,1.616355,True
407,1773653517.584837,1773653705.311379,1100,414,366.412945,18.610127,0.842138,True
408,1773653517.584869,1773653595.388267,1019,403,146.545505,10.582128,0.338217,True
409,1773653517.584898,1773653722.860770,1022,443,401.469661,20.082601,0.862867,True
410,1773653517.584925,1773653664.868851,1176,373,285.465635,17.734727,0.719707,True
411,1773653517.584970,1773653687.511573,1007,403,330.730815,16.122990,0.782607,True
412,1773653517.585002,1773653556.449567,382,38,68.583997,18.557588,1.352065,True
413,1773653517.585031,1773653580.805899,396,107,117.273727,20.039370,0.917305,True
414,1773653517.585063,1773653572.197512,401,147,100.037596,19.132593,0.554144,True
415,1773653517.585091,1773653592.414474,882,135,140.448481,17.680499,0.916179,True
416,1773653517.585119,1773653713.988499,1161,429,383.575518,16.068351,0.858662,True
417,1773653517.585148,1773653593.583040,21,139,142.743194,18.503563,0.900287,True
418,1773653517.585177,1773653663.951094,1053,383,283.459406,19.986734,0.689719,True
419,1773653517.585205,1773653719.771272,402,102,395.076217,34.786659,3.567223,True
420,1773653517.585234,1773653722.920524,1037,434,401.354554,17.627358,0.886206,True
421,1773653517.585265,1773654097.402803,945,504,1150.297276,25.100362,2.236972,True
422,1773653517.585293,1773653687.511720,1050,403,330.491972,16.003948,0.782309,True
423,1773653517.585325,1773653671.554396,1036,386,298.556128,18.438831,0.727577,True
424,1773653517.585363,1773653941.091662,1062,413,837.609416,26.898211,1.967746,True
425,1773653517.585398,1773653681.339959,1070,398,318.084065,19.910259,0.751068,True
426,1773653517.585427,1773653610.372744,206,181,176.126740,17.561587,0.880918,True
427,1773653517.585454,1773653733.273890,419,130,421.908599,34.699319,3.001622,True
428,1773653517.585483,1773653561.493460,181,132,78.325975,10.366491,0.518775,True
429,1773653517.585513,1773653697.222749,1127,415,349.763932,19.050026,0.798826,True
430,1773653517.585541,1773653683.694215,1043,394,322.684155,18.362922,0.774354,True
431,1773653517.585569,1773653574.817485,413,95,104.909850,19.845869,0.904936,True
432,1773653517.585598,1773653859.361675,934,378,673.976558,24.981383,1.721473,True
433,1773653517.585626,1773653595.006359,1039,379,145.245036,18.927313,0.334174,True
434,1773653517.585654,1773653552.169494,91,24,59.549393,17.476023,1.829277,True
435,1773653517.585685,1773653671.209833,1017,393,297.609322,18.985512,0.710775,True
436,1773653517.585714,1773654040.807605,1007,468,1036.774344,26.768843,2.162753,True
437,1773653517.585743,1773653671.117423,375,66,297.380432,34.591421,4.042908,True
438,1773653517.585771,1773653596.954654,10,146,149.031496,18.276618,0.901758,True
439,1773653517.585799,1773653694.849039,994,414,344.800421,22.607702,0.780128,True
440,1773653517.585828,1773653630.258049,298,18,215.594298,24.894657,11.217626,True
441,1773653517.585857,1773653854.082614,1002,388,663.221135,32.533357,1.629684,True
442,1773653517.585887,1773653682.351323,1021,390,319.739136,17.389050,0.777250,True
443,1773653517.585917,1773653786.114703,209,217,527.240357,34.526131,2.281084,True
444,1773653517.585961,1773653577.365595,386,96,109.723205,18.886989,0.956171,True
445,1773653517.585991,1773653612.268034,1092,415,179.508956,18.797540,0.388192,True
446,1773653517.586019,1773653594.992201,403,142,144.935859,18.190444,0.898904,True
447,1773653517.586047,1773653578.378356,415,101,111.685275,22.520957,0.891643,True
448,1773653517.586076,1773653660.423909,1013,363,275.756790,17.324777,0.713901,True
449,1773653517.586106,1773653675.449583,1014,395,305.785781,18.834273,0.728303,True
450,1773653517.586133,1773653665.819749,1034,377,286.504585,18.147228,0.713716,True
451,1773653517.586167,1773653675.512797,1002,396,305.868911,22.478742,0.717443,True
452,1773653517.586200,1773654113.343477,1149,516,1181.508421,30.407449,2.235148,True
453,1773653517.586230,1773653695.984220,1112,403,346.769170,17.271146,0.819647,True
454,1773653517.586257,1773653742.257077,1314,159,439.291446,32.393448,2.575304,True
455,1773653517.586370,1773653561.499046,1917,56,77.755585,18.769686,1.072471,True
456,1773653517.586406,1773653720.212225,1043,431,395.161532,18.083259,0.876926,True
457,1773653517.586436,1773653702.176959,1032,421,359.069761,22.414649,0.801560,True
458,1773653517.586466,1773653670.383404,1093,382,295.462467,20.262852,0.722309,True
459,1773653517.586496,1773654006.595401,1173,429,967.856324,34.356305,2.181075,True
460,1773653517.586532,1773653611.778697,203,189,178.211178,18.717625,0.848370,True
461,1773653517.586562,1773653576.345366,390,97,107.322326,18.031357,0.930114,True
462,1773653517.586591,1773653573.544722,409,93,101.700274,22.362258,0.862370,True
463,1773653517.586620,1773653574.878491,402,92,104.345983,20.209607,0.924576,True
464,1773653517.586649,1773653789.101233,1354,225,532.771637,30.280093,2.243266,True
465,1773653517.586678,1773653618.609193,181,213,191.765203,18.664855,0.816511,True
466,1773653517.586705,1773653705.311294,1035,414,365.150088,20.754734,0.833887,True
467,1773653517.586734,1773653700.535576,1033,420,355.576821,22.309177,0.795388,True
468,1773653517.586763,1773653609.302547,206,179,173.088740,20.156954,0.859167,True
469,1773653517.586791,1773653708.670007,888,426,371.803056,18.622457,0.831013,True
470,1773653517.586820,1773653610.188987,209,183,174.820303,20.712511,0.846746,True
471,1773653517.586848,1773653995.061512,1102,433,944.531654,32.214124,2.111846,True
472,1773653517.586877,1773653606.463922,1007,424,167.327893,9.897050,0.372177,True
473,1773653517.586906,1773653603.785411,203,167,161.948678,22.245326,0.841586,True
474,1773653517.586953,1773653715.047700,1173,421,384.450912,20.093000,0.867519,True
475,1773653517.586987,1773653660.541395,1080,371,275.416343,21.335004,0.686706,True
476,1773653517.587017,1773653706.068367,395,92,366.447438,34.175186,3.651343,True
477,1773653517.587047,1773653818.298874,1011,677,590.882998,20.636605,0.843560,True
478,1773653517.587077,1773653638.004995,91,24,230.277662,30.130500,8.702051,True
479,1773653517.587107,1773653603.785714,209,167,161.818939,22.180669,0.841194,True
480,1773653517.587136,1773653886.144280,1159,399,726.514484,32.117732,1.744715,True
481,1773653517.587166,1773653838.346680,463,739,630.899512,20.017746,0.827753,True
482,1773653517.587193,1773653929.070071,1094,398,812.322438,34.110507,1.960232,True
483,1773653517.587222,1773653614.383580,130,199,182.928674,21.249453,0.816562,True
484,1773653517.587254,1773653603.420813,203,162,160.981021,20.561379,0.872172,True
485,1773653517.587283,1773653618.668905,206,217,191.454613,22.115341,0.783978,True
486,1773653517.587311,1773653843.616069,1003,373,641.326396,30.043725,1.643233,True
487,1773653517.587342,1773653572.491055,376,88,99.055929,19.951799,0.909243,True
488,1773653517.587372,1773653558.967396,401,125,71.988154,9.723558,0.502134,True
489,1773653517.587400,1773653710.810690,1023,427,375.651289,21.183784,0.832083,True
490,1773653517.587428,1773653621.336395,197,217,196.682412,20.496302,0.815676,True
491,1773653517.587457,1773653548.057899,91,16,50.104941,18.306237,2.119914,True
492,1773653517.587486,1773653761.326593,77,187,476.622239,31.988624,2.390503,True
493,1773653517.587518,1773653675.512793,1056,396,304.971785,22.030463,0.716307,True
494,1773653517.587549,1773653925.167749,1033,397,804.254238,33.982099,1.945132,True
495,1773653517.587578,1773653588.323879,1118,378,130.554165,16.777076,0.301796,True
496,1773653517.587608,1773653599.146749,1269,152,152.178239,19.857270,0.876298,True
497,1773653517.587636,1773653924.593839,1035,401,803.042835,29.927686,1.932788,True
498,1773653517.587664,1773653695.262639,1256,414,344.365130,21.088910,0.782751,True
499,1773653517.587696,1773654014.585581,1211,450,982.980578,31.913934,2.118189,True
500,1773653517.587734,1773653572.096158,396,89,97.990041,20.390374,0.881814,True
501,1773653517.587764,1773653548.970503,91,16,51.716402,21.945325,1.984738,True
502,1773653517.587799,1773653715.047833,1066,421,383.851611,19.792789,0.866807,True
503,1773653517.587829,1773653639.977627,91,24,233.688778,33.885851,8.687084,True
504,1773653517.587858,1773653557.435793,414,79,68.584475,18.167881,0.646367,True
505,1773653517.587887,1773653652.650774,378,52,258.990899,29.841387,4.493128,True
506,1773653517.587915,1773653585.182254,385,112,124.031878,21.002943,0.928189,True
507,1773653517.587960,1773653641.023777,1314,285,235.696656,20.315681,0.758384,True
508,1773653517.587990,1773653570.857728,401,88,95.341416,21.869797,0.844501,True
509,1773653517.588019,1773653578.440502,404,98,110.487607,19.717985,0.935769,True
510,1773653517.588048,1773653629.638038,91,16,212.860233,31.796671,12.070904,True
511,1773653517.588080,1773653768.401831,194,188,490.367690,33.800541,2.441536,True
512,1773653517.588109,1773653881.815851,1111,389,717.171931,29.766136,1.771664,True
513,1773653517.588138,1773653675.449592,1125,395,304.417886,20.927750,0.719518,True
514,1773653517.588166,1773653712.795121,1013,421,379.086836,20.239482,0.854398,True
515,1773653517.588194,1773653571.070812,847,89,95.616537,22.307959,0.833052,True
516,1773653517.588223,1773653579.883229,375,101,113.218265,19.641260,0.935770,True
517,1773653517.588251,1773653671.209918,1046,393,295.851458,20.884048,0.701447,True
518,1773653517.588279,1773653562.384340,395,58,78.178982,20.196067,1.017244,True
519,1773653517.588309,1773653569.629233,402,86,92.647374,22.264731,0.828031,True
520,1773653517.588343,1773653849.976375,1207,386,653.317995,31.687288,1.614625,True
521,1773653517.588371,1773653708.546346,997,415,370.226371,21.732161,0.841773,True
522,1773653517.588400,1773653565.993874,191,162,85.105230,16.382591,0.426849,True
523,1773653517.588428,1773654009.899730,978,430,972.893109,33.567206,2.189571,True
524,1773653517.588458,1773653783.198847,200,217,519.469596,29.533660,2.268222,True
525,1773653517.588485,1773653615.781894,1160,421,184.617946,17.838650,0.397094,True
526,1773653517.588514,1773653622.209170,1216,466,197.449530,16.340577,0.389482,True
527,1773653517.588541,1773653610.871843,912,427,174.756211,16.330258,0.371892,True
528,1773653517.588570,1773653562.049761,181,104,77.089147,17.806294,0.575562,True
529,1773653517.588602,1773653746.739205,206,162,446.443759,31.488418,2.577362,True
530,1773653517.588633,1773653916.431081,1010,396,785.806625,39.348561,1.889767,True
531,1773653517.588660,1773653556.153787,975,68,65.233389,17.774157,0.708347,True
532,1773653517.588688,1773653899.153034,1033,396,751.204898,29.447739,1.827233,True
533,1773653517.588717,1773653739.911483,163,157,432.693336,31.444908,2.572105,True
534,1773653517.588746,1773653666.172652,382,62,285.202376,39.304984,4.031105,True
535,1773653517.588773,1773653995.616248,1082,426,944.066804,35.326841,2.138212,True
536,1773653517.588805,1773653948.116305,1311,415,849.045052,37.228572,1.960909,True
537,1773653517.588833,1773653786.114714,200,217,525.019602,39.271877,2.248832,True
538,1773653517.588862,1773653548.058191,91,16,48.888166,17.697463,2.079380,True
539,1773653517.588890,1773653684.110851,181,85,320.972003,35.283221,3.401057,True
540,1773653517.588918,1773653934.188729,1004,412,821.092376,37.185698,1.907316,True
541,1773653517.588968,1773653569.804778,1315,144,92.316726,17.665137,0.522039,True
542,1773653517.588998,1773653752.824364,203,161,458.330321,39.217673,2.619454,True
543,1773653517.589026,1773653595.388433,960,403,143.439370,16.155911,0.316626,True
544,1773653517.589055,1773653870.991890,1032,387,694.624513,35.228880,1.708279,True
545,1773653517.589084,1773653871.099606,1144,396,694.815413,37.130662,1.665025,True
546,1773653517.589113,1773653560.877167,414,130,74.353027,16.123084,0.451395,True
547,1773653517.589139,1773653559.051682,399,86,70.680635,17.600203,0.624476,True
548,1773653517.589168,1773653715.460625,1113,98,383.474629,39.152758,3.549710,True
549,1773653517.589202,1773653563.379297,181,107,79.291325,17.578012,0.582201,True
550,1773653517.589232,1773653768.847834,161,193,490.206652,35.164205,2.370013,True
551,1773653517.589263,1773653879.325421,1001,398,711.139851,37.065996,1.697919,True
552,1773653517.589293,1773653656.941959,371,54,266.351300,39.109632,4.287579,True
553,1773653517.589323,1773653867.431916,1176,385,687.312635,35.132127,1.698387,True
554,1773653517.589361,1773653978.718264,1061,429,909.860337,37.034767,2.039312,True
555,1773653517.589393,1773653713.171687,886,95,378.749483,39.078120,3.613525,True
556,1773653517.589421,1773653999.734276,1137,428,951.852845,35.100474,2.146961,True
557,1773653517.589449,1773653599.955981,1245,389,152.275945,22.971159,0.333260,True
558,1773653517.589481,1773653707.471190,401,103,367.283352,36.992265,3.238148,True
559,1773653517.589510,1773653690.179600,405,83,332.673101,39.035891,3.580942,True
560,1773653517.589538,1773653755.083292,1319,169,462.465996,35.058265,2.544094,True
561,1773653517.589567,1773653619.459048,1052,429,191.197510,22.929067,0.393151,True
562,1773653517.589596,1773653547.901572,91,24,48.061584,15.953055,1.396023,True
563,1773653517.589627,1773653864.304283,1062,393,680.843280,36.938932,1.642613,True
564,1773653517.589656,1773653654.307564,2042,52,260.826539,38.982249,4.349888,True
565,1773653517.589685,1773653630.257849,328,18,212.705240,35.004044,10.453012,True
566,1773653517.589714,1773653557.678086,8,122,67.528226,15.909678,0.426600,True
567,1773653517.589742,1773653563.898367,1313,156,79.947294,15.899628,0.413211,True
568,1773653517.589771,1773653610.668258,1129,414,173.466068,22.853755,0.364679,True
569,1773653517.589800,1773653556.281532,405,110,64.671751,15.878194,0.447647,True
570,1773653517.589829,1773653563.213689,393,105,78.515311,22.833091,0.535406,True
571,1773653517.589856,1773653761.326602,167,187,474.718414,36.854208,2.354109,True
572,1773653517.589885,1773653618.235774,1040,456,188.515947,15.846486,0.379493,True
573,1773653517.589914,1773653933.958008,1113,399,819.939212,38.887178,1.962442,True
574,1773653517.589962,1773653603.491196,1042,411,158.984924,21.989200,0.334136,True
575,1773653517.589991,1773653955.255274,1180,414,862.487711,34.897890,2.003849,True
576,1773653517.590021,1773653618.337908,1069,426,188.635257,22.768764,0.390274,True
577,1773653517.590050,1773653776.877981,209,217,505.683291,36.789332,2.170805,True
578,1773653517.590079,1773654002.769804,1065,426,957.449201,44.551577,2.147994,True
579,1773653517.590110,1773653567.336500,128,173,86.566751,21.935299,0.375764,True
580,1773653517.590139,1773653959.532880,1037,415,870.934946,40.531583,2.005805,True
581,1773653517.590168,1773653595.388532,966,403,142.625915,21.913345,0.300280,True
582,1773653517.590197,1773653705.598230,380,99,363.023466,42.257890,3.273118,True
583,1773653517.590228,1773653601.589309,1087,396,154.984831,22.692855,0.334916,True
584,1773653517.590259,1773653569.037909,218,179,89.862802,21.881641,0.381917,True
585,1773653517.590289,1773653680.442472,387,75,312.640123,44.476937,3.623827,True
586,1773653517.590318,1773654092.548369,1000,498,1136.837806,40.467238,2.205977,True
587,1773653517.590346,1773653720.031283,383,114,391.775532,42.205204,3.093543,True
588,1773653517.590375,1773654006.595251,1093,429,964.881163,44.444477,2.150553,True
589,1773653517.590404,1773653886.347609,1262,390,724.374425,40.435035,1.758199,True
590,1773653517.590431,1773654014.585572,1473,450,980.819950,42.173060,2.090528,True
591,1773653517.590464,1773654163.385276,1127,563,1278.405148,44.412855,2.195716,True
592,1773653517.590497,1773654046.578971,1076,464,1044.770068,40.403106,2.169259,True
593,1773653517.590526,1773653864.304296,1067,393,680.201764,42.140774,1.627707,True
594,1773653517.590646,1773653677.929285,402,73,307.430896,44.380675,3.653475,True
595,1773653517.590678,1773653761.897839,209,179,475.347295,40.371842,2.443682,True
596,1773653517.590712,1773653593.510074,1047,401,138.552952,21.754622,0.291996,True
597,1773653517.590748,1773653763.526345,200,193,478.562998,42.099041,2.273250,True
598,1773653517.590826,1773653599.902133,942,404,151.291855,21.732348,0.321488,True
599,1773653517.590857,1773653615.005552,1072,446,181.478023,21.721261,0.359004,True
600,1773653517.590886,1773653984.336361,1232,419,920.115305,44.316319,2.095213,True
601,1773653517.590923,1773653696.901363,373,91,345.213984,40.306586,3.387860,True
602,1773653517.590971,1773653867.532336,999,395,686.464303,42.044588,1.635583,True
603,1773653517.591001,1773653607.799385,1146,426,166.979332,21.678522,0.341884,True
604,1773653517.591030,1773654238.304494,1049,667,1427.967517,44.273624,2.077618,True
605,1773653517.591062,1773653850.191189,1130,375,651.713080,40.264105,1.634890,True
606,1773653517.591091,1773653955.044063,1009,419,861.401802,42.001732,1.960287,True
607,1773653517.591121,1773653823.850580,1317,320,598.992679,44.240816,1.739034,True
608,1773653517.591150,1773653723.078415,921,114,397.427864,40.231455,3.161030,True
609,1773653517.591178,1773653978.718261,1157,429,908.684926,41.969681,2.025036,True
610,1773653517.591207,1773653999.955797,1093,425,951.133117,49.683458,2.126061,True
611,1773653517.591235,1773653938.742727,1035,405,828.684607,45.917500,1.937542,True
612,1773653517.591266,1773653867.532343,1009,395,686.249108,48.009570,1.619897,True
613,1773653517.591295,1773653677.929277,482,73,307.022814,49.650578,3.574614,True
614,1773653517.591327,1773653715.589422,401,104,382.320739,45.885315,3.266363,True
615,1773653517.591357,1773653978.718244,1046,429,908.554842,47.977062,2.010696,True
616,1773653517.591383,1773653889.576679,1230,389,730.251973,49.618376,1.754210,True
617,1773653517.591412,1773653750.560476,161,159,452.199827,45.853406,2.571813,True
618,1773653517.591441,1773653789.678263,26,238,530.412258,47.945126,2.035726,True
619,1773653517.591470,1773653933.958169,1108,399,818.950811,49.587060,1.933075,True
620,1773653517.591499,1773653729.120856,378,124,409.256447,45.821174,2.954758,True
621,1773653517.591527,1773653925.708628,1051,410,802.398189,47.913451,1.844706,True
622,1773653517.591559,1773653707.236732,2,93,365.443107,49.554469,3.433572,True
623,1773653517.591588,1773653843.616065,1001,373,638.180497,45.789544,1.592449,True
624,1773653517.591616,1773653978.718224,1059,429,908.362810,47.881290,2.010471,True
625,1773653517.591645,1773653877.114831,996,385,705.134906,49.522733,1.707323,True
626,1773653517.591676,1773653899.153023,1096,396,749.187276,45.757034,1.780836,True
627,1773653517.591706,1773653703.385043,417,98,357.634180,47.848763,3.193664,True
628,1773653517.591733,1773653916.431073,1139,396,783.702049,49.490236,1.858764,True
629,1773653517.591765,1773653630.258055,310,18,211.336859,45.725143,9.741866,True
630,1773653517.591798,1773654054.791181,1027,482,1060.383018,47.817004,2.105127,True
631,1773653517.591827,1773653888.222286,1007,388,727.222070,49.458154,1.751328,True
632,1773653517.591855,1773653742.625353,161,150,436.009063,45.692819,2.619572,True
633,1773653517.591883,1773653866.421087,1025,394,683.577985,47.784522,1.617795,True
634,1773653517.591911,1773653967.025281,1044,413,884.765768,55.375678,2.013083,True
635,1773653517.591955,1773653719.534587,404,108,389.760257,45.660495,3.215886,True
636,1773653517.591985,1773653969.771785,1036,425,890.214627,47.752316,1.986939,True
637,1773653517.592015,1773653916.430888,1098,396,783.509270,55.343277,1.843458,True
638,1773653517.592045,1773653716.529579,405,105,383.673344,45.628275,3.250433,True
639,1773653517.592073,1773654016.623816,1269,451,983.845712,53.425089,2.067601,True
640,1773653517.592101,1773653653.681072,788,51,257.942075,55.311875,4.052604,True
641,1773653517.592133,1773653907.343641,918,397,765.249859,45.596317,1.817307,True
642,1773653517.592162,1773653756.716175,206,179,463.974072,53.393370,2.306633,True
643,1773653517.592191,1773654235.999161,1068,664,1422.518020,55.279257,2.062200,True
644,1773653517.592219,1773654056.838532,1042,472,1064.168755,45.563824,2.162643,True
645,1773653517.592248,1773653692.440430,417,92,335.352952,53.360929,3.098813,True
646,1773653517.592287,1773653745.235634,409,146,440.928220,55.247648,2.659866,True
647,1773653517.592317,1773653843.615856,1002,373,637.667366,51.401723,1.575983,True
648,1773653517.592350,1773653711.849201,942,104,374.103535,53.329400,3.114312,True
649,1773653517.592378,1773653969.872192,983,414,890.138910,55.216265,2.021604,True
650,1773653517.592407,1773654553.884678,1113,1000,2058.143842,51.370522,2.008782,True
651,1773653517.592436,1773653776.878356,203,217,504.099387,53.297735,2.087045,True
652,1773653517.592466,1773653690.179604,435,83,330.684024,55.184280,3.359753,True
653,1773653517.592494,1773653627.022251,91,16,204.353497,51.338641,10.200990,True
654,1773653517.592522,1773653849.976394,1071,386,650.240727,53.266070,1.550584,True
655,1773653517.592555,1773653786.114717,167,217,522.493434,55.151661,2.163619,True
656,1773653517.592583,1773653751.239263,200,161,452.722867,51.306105,2.508855,True
657,1773653517.592611,1773653692.440675,181,92,335.098693,53.233006,3.097425,True
658,1773653517.592643,1773653729.006181,181,118,408.212065,55.118965,3.017890,True
659,1773653517.592672,1773654144.415029,1201,546,1239.008346,51.273082,2.179331,True
660,1773653517.592700,1773653888.116458,1208,400,726.390832,53.200731,1.687193,True
661,1773653517.592732,1773653660.870798,373,57,271.879761,55.087410,3.871292,True
662,1773653517.592761,1773653943.546498,1005,407,837.207593,51.241409,1.935877,True
663,1773653517.592790,1773653766.648155,130,199,483.390072,53.169043,2.172833,True
664,1773653517.592825,1773653929.070235,1008,398,808.211181,55.055211,1.897118,True
665,1773653517.592853,1773653627.022586,91,16,204.095630,51.209805,10.192388,True
666,1773653517.592882,1773653716.542399,392,109,383.115520,53.137301,3.055354,True
667,1773653517.592912,1773653711.601887,394,94,373.206565,60.415213,3.363348,True
668,1773653517.592956,1773654050.736738,988,466,1051.458550,51.177351,2.151142,True
669,1773653517.592990,1773653841.052016,1146,380,632.070225,53.104515,1.527614,True
670,1773653517.593018,1773654016.396835,1091,436,982.737901,60.382675,2.120357,True
671,1773653517.593048,1773653688.888890,379,87,327.692915,51.144829,3.215675,True
672,1773653517.593077,1773653696.178903,411,93,342.256160,53.072276,3.143303,True
673,1773653517.593110,1773653670.771998,396,65,291.423240,60.350396,3.610513,True
674,1773653517.593137,1773653899.153042,1060,396,748.158749,51.112308,1.764675,True
675,1773653517.593166,1773653978.718252,1046,429,907.269150,58.270132,1.983643,True
676,1773653517.593194,1773653683.992404,398,79,317.796841,60.318241,3.301008,True
677,1773653517.593223,1773653707.362703,381,99,364.517898,56.729728,3.140696,True
678,1773653517.593254,1773653976.062189,1117,428,901.896417,58.238317,1.975780,True
679,1773653517.593284,1773653674.544088,383,69,298.830485,60.285908,3.508008,True
680,1773653517.593312,1773653716.835153,403,106,383.399086,56.697426,3.111444,True
681,1773653517.593341,1773653666.399666,377,69,282.506538,58.205719,3.298541,True
682,1773653517.593382,1773653718.643236,403,101,386.970338,60.253778,3.267166,True
683,1773653517.593412,1773653899.153039,1145,396,747.965971,56.665669,1.750127,True
684,1773653517.593441,1773653898.211437,1209,403,746.068214,58.174401,1.711179,True
685,1773653517.593468,1773654041.887327,893,455,1033.391551,60.222292,2.143545,True
686,1773653517.593500,1773653950.342541,1036,411,850.284968,56.633488,1.935735,True
687,1773653517.593529,1773653776.878366,203,217,503.327348,58.141982,2.061043,True
688,1773653517.593558,1773653786.115039,200,217,521.785532,60.190320,2.137015,True
689,1773653517.593587,1773653630.258059,299,18,210.052917,56.601712,9.026541,True
690,1773653517.593618,1773653997.718345,1142,436,944.951113,58.109993,2.038715,True
691,1773653517.593648,1773653793.454679,1318,234,536.402643,60.157785,2.043969,True
692,1773653517.593679,1773653630.257841,323,18,209.983131,56.568928,9.024365,True
693,1773653517.593707,1773653950.137111,1023,416,849.725152,58.077608,1.907584,True
694,1773653517.593736,1773654188.187642,1039,593,1325.805591,60.125517,2.137973,True
695,1773653517.593770,1773653955.255269,1024,414,859.919455,56.537131,1.945236,True
696,1773653517.593799,1773653749.643478,206,165,448.673986,58.045471,2.381881,True
697,1773653517.593827,1773653714.315854,371,97,377.995685,60.093365,3.311482,True
698,1773653517.593857,1773653665.395961,373,66,280.124920,56.504306,3.440317,True
699,1773653517.593895,1773653671.340806,385,73,291.998423,58.012342,3.249807,True
700,1773653517.593962,1773653757.630591,203,167,464.558267,60.059842,2.436737,True
701,1773653517.593997,1773653731.915131,398,132,413.104517,56.471447,2.722390,True
702,1773653517.594027,1773653959.641827,1241,421,868.539872,64.096888,1.915340,True
703,1773653517.594056,1773653859.252656,1050,374,667.739534,65.936391,1.613413,True
704,1773653517.594085,1773653687.637900,401,86,324.480378,56.439846,3.153418,True
705,1773653517.594112,1773653849.976388,1436,386,649.144958,64.065305,1.519687,True
706,1773653517.594145,1773653670.771816,389,65,290.713739,65.904424,3.512646,True
707,1773653517.594174,1773653651.303518,386,49,251.755931,56.407121,4.069767,True
708,1773653517.594204,1773653971.944952,1069,426,893.015172,64.032583,1.950547,True
709,1773653517.594232,1773653786.115046,212,217,521.332012,65.872736,2.108608,True
710,1773653517.594261,1773653843.616045,991,373,636.315804,56.375234,1.558980,True
711,1773653517.594292,1773653718.877313,181,112,386.807906,64.000734,2.908173,True
712,1773653517.594322,1773653739.686291,395,142,428.416022,65.840617,2.571457,True
713,1773653517.594350,1773654029.404131,1007,451,1007.828038,61.785506,2.102317,True
714,1773653517.594379,1773653691.808899,395,91,332.615851,63.968544,2.984970,True
715,1773653517.594411,1773653632.882886,324,18,214.735434,65.807833,8.760447,True
716,1773653517.594440,1773653753.422353,200,167,455.798093,61.753301,2.373764,True
717,1773653517.594468,1773653707.471338,397,103,363.873620,63.935995,2.940565,True
718,1773653517.594496,1773653718.643388,452,101,386.197373,65.775481,3.204219,True
719,1773653517.594525,1773653702.912335,391,93,354.715172,61.720395,3.184726,True
720,1773653517.594553,1773653978.718231,1061,429,906.300165,63.903270,1.968217,True
721,1773653517.594581,1773653866.528912,1007,379,681.903916,65.742672,1.630056,True
722,1773653517.594610,1773653707.363036,398,99,363.547462,61.687299,3.080206,True
723,1773653517.594639,1773653879.325250,913,398,707.452510,63.870553,1.621113,True
724,1773653517.594666,1773653964.687958,999,412,878.158235,65.710504,1.976758,True
725,1773653517.594695,1773653683.751134,385,84,316.262785,61.655795,3.067554,True
726,1773653517.594724,1773653916.318649,1161,408,781.378726,63.839093,1.762997,True
727,1773653517.594751,1773653727.249979,396,113,403.217005,65.678319,3.013738,True
728,1773653517.594782,1773653766.543178,200,188,481.783521,61.623736,2.246844,True
729,1773653517.594812,1773653889.422996,1116,401,727.519240,69.523360,1.644990,True
730,1773653517.594840,1773654133.289664,1046,531,1215.232105,65.645992,2.169030,True
731,1773653517.594868,1773653907.343645,1015,397,763.317245,61.591087,1.772036,True
732,1773653517.594897,1773653700.303522,396,95,349.217402,69.491502,2.975807,True
733,1773653517.595034,1773653775.010502,1320,201,498.600019,65.613617,2.164932,True
734,1773653517.595067,1773653899.152857,1040,396,746.866849,61.558628,1.734958,True
735,1773653517.595098,1773653738.538360,416,153,425.623013,69.459385,2.343182,True
736,1773653517.595128,1773653665.280685,384,61,279.083411,71.221858,3.464359,True
737,1773653517.595157,1773653969.654808,1288,418,887.813339,61.527226,1.981501,True
738,1773653517.595186,1773653746.739059,203,162,441.960236,69.427415,2.313868,True
739,1773653517.595214,1773653688.584607,400,82,325.629172,71.189862,3.141226,True
740,1773653517.595244,1773653783.198865,209,217,514.835296,61.494868,2.098798,True
741,1773653517.595274,1773653729.936510,402,134,408.287601,69.394914,2.548065,True
742,1773653517.595305,1773653745.235625,906,146,438.865638,71.157264,2.535920,True
743,1773653517.595345,1773653774.788192,1312,204,497.952222,61.462699,2.150195,True
744,1773653517.595380,1773653835.290733,1042,373,618.934954,69.362638,1.477345,True
745,1773653517.595410,1773653779.355064,128,205,507.040364,71.125254,2.136839,True
746,1773653517.595439,1773653911.828515,1067,398,771.956719,67.425945,1.774637,True
747,1773653517.595468,1773653879.325411,1170,398,706.938917,69.330511,1.606067,True
748,1773653517.595496,1773653916.431090,1129,396,781.126559,71.092690,1.797554,True
749,1773653517.595528,1773653738.771147,401,144,425.786792,67.393433,2.506247,True
750,1773653517.595557,1773653889.422692,1032,401,727.069263,69.297709,1.644429,True
751,1773653517.595586,1773653730.403974,407,122,409.008835,71.059892,2.792966,True
752,1773653517.595613,1773653992.654146,1102,425,933.482594,67.360895,2.042740,True
753,1773653517.595642,1773653910.861064,1088,407,769.870726,69.264508,1.725631,True
754,1773653517.595676,1773653722.599952,385,107,393.331694,71.026754,3.040613,True
755,1773653517.595705,1773653911.828261,967,398,771.760541,67.327658,1.774390,True
756,1773653517.595735,1773653679.527281,395,83,307.140307,69.232209,2.901318,True
757,1773653517.595763,1773653899.035224,1160,392,746.142401,70.994754,1.726720,True
758,1773653517.595792,1773653952.448730,1019,413,852.944186,67.295982,1.906913,True
759,1773653517.595820,1773653752.029210,181,172,452.087039,69.199963,2.239106,True
760,1773653517.595849,1773653639.977642,91,24,227.961621,70.962303,6.826057,True
761,1773653517.595877,1773653729.475886,409,125,406.936616,67.263104,2.739303,True
762,1773653517.595906,1773653656.490140,383,58,260.943200,74.928762,3.263411,True
763,1773653517.595953,1773653839.940668,1363,363,627.821865,70.929813,1.538376,True
764,1773653517.595984,1773654151.767276,1034,550,1251.453428,67.230762,2.157054,True
765,1773653517.596013,1773653752.714590,200,174,453.326539,74.896573,2.187456,True
766,1773653517.596042,1773653854.181427,998,373,656.239825,70.897649,1.573500,True
767,1773653517.596069,1773653783.198856,203,217,514.251276,67.198559,2.069689,True
768,1773653517.596098,1773653800.486130,1317,268,548.804073,74.863846,1.775057,True
769,1773653517.596127,1773653933.957835,1001,399,815.727990,76.745371,1.856740,True
770,1773653517.596155,1773653754.743708,167,168,457.277875,67.166737,2.335995,True
771,1773653517.596186,1773653978.718257,1093,429,905.202588,74.831675,1.940119,True
772,1773653517.596218,1773653643.427665,373,27,234.589693,76.712779,6.072189,True
773,1773653517.596247,1773653769.179894,209,194,486.085292,67.134285,2.170731,True
774,1773653517.596276,1773653745.453081,1314,161,438.607517,74.799160,2.273802,True
775,1773653517.596307,1773653629.747009,91,16,207.177274,76.680115,8.699811,True
776,1773653517.596336,1773654021.833981,1072,446,991.322857,67.101628,2.076902,True
777,1773653517.596365,1773653666.399772,370,69,280.433997,74.766526,3.024522,True
778,1773653517.596394,1773653700.601521,379,88,348.816972,76.648060,3.128378,True
779,1773653517.596422,1773653733.398157,1129,136,414.389574,72.790331,2.530365,True
780,1773653517.596451,1773653687.398468,372,90,322.370057,74.734912,2.782417,True
781,1773653517.596483,1773653843.815348,1297,368,635.184026,76.616518,1.521982,True
782,1773653517.596512,1773653974.539371,1012,420,896.610612,72.758801,1.966233,True
783,1773653517.596539,1773653652.429613,377,53,252.370586,74.702717,3.416690,True
784,1773653517.596570,1773653959.743294,1191,411,866.973780,76.583592,1.927781,True
785,1773653517.596599,1773653713.304986,393,101,374.075980,72.725926,3.013501,True
786,1773653517.596626,1773653941.091672,1208,413,829.630669,74.670429,1.832428,True
787,1773653517.596655,1773653666.172496,379,62,279.768610,76.552053,3.331419,True
788,1773653517.596683,1773653670.890280,394,70,289.185998,72.694709,3.137555,True
789,1773653517.596712,1773653701.972682,425,96,351.327689,74.638824,2.912514,True
790,1773653517.596739,1773653632.883071,313,18,213.120513,76.519413,8.035359,True
791,1773653517.596767,1773653774.128886,134,202,495.595098,72.661918,2.104145,True
792,1773653517.596799,1773653952.236507,181,418,851.790296,74.606015,1.863751,True
793,1773653517.596834,1773653951.365271,1027,405,850.016983,76.487095,1.914678,True
794,1773653517.596862,1773654004.903734,1035,431,957.072833,72.628929,2.056846,True
795,1773653517.596892,1773653696.178730,391,93,339.607370,74.573753,2.880800,True
796,1773653517.596923,1773653729.006331,395,118,405.243431,76.454891,2.810158,True
797,1773653517.596976,1773653657.054635,371,58,261.315125,72.597866,3.310829,True
798,1773653517.597006,1773653871.099618,1098,396,689.388399,80.053538,1.542620,True
799,1773653517.597035,1773653929.070240,1296,398,805.306508,76.423307,1.835978,True
800,1773653517.597127,1773653750.560386,124,159,448.267997,72.566049,2.377860,True
801,1773653517.597157,1773653711.848915,394,104,370.811842,80.021377,2.823208,True
802,1773653517.597186,1773653933.958163,1230,399,815.017181,81.718917,1.842458,True
803,1773653517.597216,1773653675.508448,380,74,298.094779,72.533068,3.089886,True
804,1773653517.597245,1773653629.638043,91,16,206.332947,79.988511,8.422962,True
805,1773653517.597272,1773653943.759108,1298,402,834.554692,81.686237,1.877477,True
806,1773653517.597304,1773653938.742578,1101,405,824.494628,72.501085,1.861370,True
807,1773653517.597334,1773654098.402345,998,518,1143.798906,79.956177,2.057723,True
808,1773653517.597374,1773653654.307723,378,52,255.587165,81.653959,3.410455,True
809,1773653517.597404,1773653894.682606,1033,394,736.314743,72.468132,1.689177,True
810,1773653517.597434,1773653687.398380,395,90,321.725255,79.923241,2.716877,True
811,1773653517.597462,1773653972.042755,1120,415,890.993618,81.621124,1.955006,True
812,1773653517.597492,1773653715.589592,420,104,378.066050,72.435559,2.967286,True
813,1773653517.597523,1773653871.099154,1138,396,689.063433,79.891159,1.542208,True
814,1773653517.597552,1773653703.152103,406,89,353.145749,81.588364,3.085879,True
815,1773653517.597581,1773653745.344767,1314,152,437.511253,77.985087,2.380968,True
816,1773653517.597614,1773654010.123803,1057,445,967.040186,79.858155,1.998158,True
817,1773653517.597642,1773653948.221583,1074,403,843.220930,81.556164,1.894688,True
818,1773653517.597671,1773654006.373592,1133,432,959.502112,77.952445,2.045359,True
819,1773653517.597700,1773654016.623650,1110,451,979.972690,79.825742,2.000327,True
820,1773653517.597729,1773653724.435399,1005,111,395.580171,81.523812,2.855058,True
821,1773653517.597757,1773653716.835371,853,106,380.361778,77.920683,2.880391,True
822,1773653517.597786,1773653871.099613,1198,396,688.869572,79.794418,1.541962,True
823,1773653517.597815,1773653665.280521,372,61,277.209180,81.491996,3.261953,True
824,1773653517.597844,1773653696.901182,381,91,340.420928,77.888480,2.917027,True
825,1773653517.597872,1773653899.241267,1112,404,745.087667,85.558859,1.636548,True
826,1773653517.597903,1773653680.442751,956,75,307.460360,87.547325,2.971798,True
827,1773653517.597946,1773653707.363030,431,99,361.287477,77.856190,2.892156,True
828,1773653517.597981,1773653943.662120,957,414,833.866720,85.526297,1.811962,True
829,1773653517.598010,1773653695.627294,400,85,337.764153,87.515248,2.979154,True
830,1773653517.598040,1773653702.912345,394,93,352.323743,77.823834,2.983695,True
831,1773653517.598069,1773654027.977067,1216,456,1002.428820,85.493807,2.015242,True
832,1773653517.598097,1773653650.528694,1398,44,247.434433,87.483009,3.719801,True
833,1773653517.598129,1773653761.897828,218,179,470.229669,77.791606,2.204708,True
834,1773653517.598161,1773653696.178911,391,93,338.768359,85.462130,2.753329,True
835,1773653517.598193,1773653690.179400,383,83,326.743390,87.450866,2.918202,True
836,1773653517.598221,1773653739.800317,22,147,425.967918,77.759508,2.384989,True
837,1773653517.598250,1773653879.325417,1247,398,704.999659,85.430564,1.560627,True
838,1773653517.598279,1773653738.648723,1318,139,423.626255,87.419327,2.436282,True
839,1773653517.598308,1773653768.847682,203,193,484.003240,77.727963,2.116017,True
840,1773653517.598336,1773653925.708470,1135,410,797.688135,85.398397,1.741540,True
841,1773653517.598372,1773653905.529640,1009,393,757.314621,87.386750,1.709000,True
842,1773653517.598402,1773653952.448398,1249,413,851.138800,77.695397,1.877290,True
843,1773653517.598431,1773653696.613528,391,94,339.439853,85.365556,2.731982,True
844,1773653517.598464,1773653751.800454,163,158,449.801579,87.354588,2.308580,True
845,1773653517.598493,1773653671.231185,404,71,288.638188,77.663078,3.013930,True
846,1773653517.598522,1773653707.471333,871,103,361.093677,85.333572,2.703530,True
847,1773653517.598550,1773653941.208846,978,401,828.552021,87.322698,1.853073,True
848,1773653517.598578,1773653642.863445,372,28,231.838660,77.631492,5.711377,True
849,1773653517.598607,1773653664.384584,372,67,274.855752,85.302097,2.872025,True
850,1773653517.598639,1773653959.742880,1165,411,865.558013,87.290941,1.898212,True
851,1773653517.598667,1773653843.616054,1262,373,633.281100,83.320112,1.478390,True
852,1773653517.598696,1773653959.642021,1216,421,865.308790,90.577747,1.844598,True
853,1773653517.598727,1773653626.910391,237,14,199.827881,92.449558,8.259871,True
854,1773653517.598756,1773653638.004813,91,24,221.990722,83.287077,6.030593,True
855,1773653517.598784,1773653848.737422,1196,385,643.436280,90.545124,1.439821,True
856,1773653517.598813,1773653959.743284,1116,411,865.424492,92.417141,1.885384,True
857,1773653517.598842,1773653997.599982,1102,427,941.119391,83.254338,2.013768,True
858,1773653517.598871,1773653680.971359,414,84,307.839689,90.512153,2.618404,True
859,1773653517.598899,1773653678.266589,392,74,302.407616,92.383836,2.877038,True
860,1773653517.598928,1773653656.712641,386,57,259.278852,83.221854,3.143875,True
861,1773653517.598974,1773653948.116478,1111,415,842.062067,90.480299,1.815415,True
862,1773653517.599010,1773653905.529915,997,393,756.864278,92.352498,1.695183,True
863,1773653517.599039,1773653889.670054,987,393,725.129662,83.190061,1.637601,True
864,1773653517.599068,1773653750.332407,203,167,446.433761,90.448375,2.144490,True
865,1773653517.599097,1773653786.114709,209,217,517.973092,92.319936,1.970616,True
866,1773653517.599127,1773653696.478457,908,90,338.679454,83.157125,2.871037,True
867,1773653517.599154,1773653727.001684,404,126,399.705675,90.415087,2.474325,True
868,1773653517.599187,1773654030.737036,1296,448,1007.153290,92.286659,2.046682,True
869,1773653517.599222,1773653688.889205,396,87,323.429960,83.124708,2.794247,True
870,1773653517.599251,1773653929.279516,1035,411,804.195055,90.382323,1.741007,True
871,1773653517.599283,1773653716.719437,416,99,379.054335,92.254368,2.926530,True
872,1773653517.599394,1773653775.912024,167,205,497.415757,83.091746,2.031000,True
873,1773653517.599426,1773653978.718248,907,429,903.001921,90.349021,1.898722,True
874,1773653517.599455,1773653722.959318,429,108,391.468258,92.220788,2.796705,True
875,1773653517.599485,1773653707.006175,1361,98,359.535682,83.058785,2.850277,True
876,1773653517.599519,1773653752.373988,130,173,450.255023,90.317543,2.092660,True
877,1773653517.599548,1773653786.115032,203,217,517.712075,92.189467,1.970012,True
878,1773653517.599576,1773653774.459958,126,203,494.381145,83.026729,2.036408,True
879,1773653517.599605,1773653713.419655,1082,105,372.280480,90.284790,2.711497,True
880,1773653517.599637,1773653656.941786,397,54,259.302687,92.156811,3.153696,True
881,1773653517.599666,1773653673.971750,383,72,293.342682,82.994394,2.962652,True
882,1773653517.599694,1773653733.511048,416,144,412.395704,94.315038,2.224340,True
883,1773653517.599722,1773653959.743290,1072,411,864.837750,92.124176,1.884667,True
884,1773653517.599755,1773653721.751959,380,112,388.835081,82.961714,2.755616,True
885,1773653517.599782,1773654002.992716,1161,440,951.289652,94.282319,1.952181,True
886,1773653517.599811,1773653786.115052,197,217,517.517232,92.091849,1.969562,True
887,1773653517.599839,1773653662.246197,368,62,269.760424,87.455353,2.988608,True
888,1773653517.599868,1773653894.480202,1101,402,734.204711,94.249949,1.595897,True
889,1773653517.599899,1773653739.686278,405,142,424.596720,92.058881,2.358424,True
890,1773653517.599949,1773653727.365230,181,119,399.932973,87.422789,2.648391,True
891,1773653517.599981,1773653658.468913,910,60,262.119264,94.217733,2.845789,True
892,1773653517.600010,1773653916.431077,994,396,778.019986,94.686894,1.729957,True
893,1773653517.600040,1773654090.458520,1201,497,1126.055574,87.390730,2.094082,True
894,1773653517.600068,1773653700.303366,400,95,345.723811,94.185366,2.675941,True
895,1773653517.600097,1773653718.643478,404,101,382.379752,94.654827,2.877249,True
896,1773653517.600126,1773653842.977401,1001,371,631.028995,87.358027,1.469381,True
897,1773653517.600158,1773653934.188720,1004,412,813.416773,94.152656,1.750034,True
898,1773653517.600187,1773653877.114823,1118,385,699.257197,94.622027,1.574571,True
899,1773653517.600215,1773653707.006338,391,98,359.019328,87.325499,2.800967,True
900,1773653517.600245,1773653568.883048,374,70,42.193940,0.448019,0.605013,True
901,1773653517.600276,1773653563.898214,395,132,31.970630,0.472858,0.240441,True
902,1773653517.600304,1773653573.684847,1318,151,51.252133,2.016830,0.328235,True
903,1773653517.600334,1773653568.569122,373,126,40.998212,2.005960,0.311938,True
904,1773653517.600363,1773653625.742205,167,217,155.139102,0.428891,0.716251,True
905,1773653517.600391,1773653583.439619,404,96,69.935246,0.433199,0.731600,True
906,1773653517.600419,1773653581.187443,399,91,64.703947,1.028524,0.707505,True
907,1773653517.600448,1773653554.503784,309,18,11.316346,1.017767,0.605799,True
908,1773653517.600475,1773653586.400659,914,100,75.087163,1.006661,0.748288,True
909,1773653517.600504,1773653585.792683,398,99,73.848841,0.995505,0.743401,True
910,1773653517.600533,1773653717.509218,923,416,337.074941,1.195609,0.809348,True
911,1773653517.600561,1773653580.805816,392,91,63.647909,1.184933,0.694033,True
912,1773653517.600590,1773653610.307910,206,171,122.630065,1.173763,0.714449,True
913,1773653517.600618,1773653722.920512,1231,416,347.312785,1.492754,0.833301,True
914,1773653517.600647,1773653717.445503,1181,415,334.110781,0.971617,0.804684,True
915,1773653517.600675,1773653572.437160,374,73,43.984192,0.971562,0.597398,True
916,1773653517.600703,1773653569.201696,396,120,35.667109,0.526272,0.295301,True
917,1773653517.600733,1773653626.376537,181,209,148.401431,0.422315,0.711438,True
918,1773653517.600765,1773653565.685181,1658,82,24.979015,1.684772,0.287583,True
919,1773653517.600796,1773653580.489209,165,158,54.435557,1.786772,0.335343,True
920,1773653517.600825,1773653573.559030,405,133,39.846077,0.488277,0.298165,True
921,1773653517.600853,1773653727.386913,1205,409,345.749602,0.753379,0.845579,True
922,1773653517.600883,1773653721.723481,1120,397,332.406502,0.690536,0.837667,True
923,1773653517.600911,1773653564.184114,367,49,16.044256,0.430293,0.325291,True
924,1773653517.600954,1773653572.384865,405,96,32.196630,0.476223,0.333899,True
925,1773653517.600985,1773653586.400492,442,78,59.894229,0.503445,0.771309,True
926,1773653517.601018,1773653628.351968,1009,399,141.810068,1.097058,0.353550,True
927,1773653517.601048,1773653593.771700,375,94,72.341564,0.436171,0.773176,True
928,1773653517.601075,1773653630.998065,1009,399,146.628054,1.115291,0.365610,True
929,1773653517.601104,1773653579.829717,1313,162,41.708784,1.564979,0.249340,True
930,1773653517.601133,1773653634.766531,1133,432,151.414311,1.556712,0.347697,True
931,1773653517.601161,1773653573.393368,385,77,28.646682,1.546105,0.356587,True
932,1773653517.601189,1773653728.887873,1296,405,339.613260,0.751634,0.838766,True
933,1773653517.601221,1773653744.857731,1199,440,368.883307,0.551778,0.839024,True
934,1773653517.601253,1773653626.849901,1321,180,132.743751,0.894932,0.736586,True
935,1773653517.601282,1773653573.995343,437,92,26.222555,0.524255,0.282399,True
936,1773653517.601314,1773653594.806853,440,84,66.602103,0.467939,0.796797,True
937,1773653517.601342,1773653570.625502,381,67,18.219784,0.453452,0.269187,True
938,1773653517.601384,1773653602.626389,420,103,82.010733,0.466289,0.799455,True
939,1773653517.601418,1773653641.504979,1060,449,159.563512,1.405230,0.353032,True
940,1773653517.601447,1773653632.914587,1199,373,141.715849,4.828219,0.367977,True
941,1773653517.601477,1773653601.607610,390,99,78.768597,0.425246,0.799422,True
942,1773653517.601506,1773653638.401510,203,217,152.130942,0.244847,0.703176,True
943,1773653517.601539,1773653803.567005,999,575,482.357296,0.565807,0.839358,True
944,1773653517.601568,1773653647.796509,1231,463,169.155053,5.191261,0.354900,True
945,1773653517.601596,1773653639.346462,1165,409,151.916437,6.257033,0.357008,True
946,1773653517.601626,1773653634.159792,987,393,140.500913,1.664779,0.354174,True
947,1773653517.601655,1773653576.484219,414,101,25.127512,1.653609,0.234739,True
948,1773653517.601683,1773653604.335682,396,102,80.412894,0.450765,0.791704,True
949,1773653517.601712,1773653584.666283,1865,122,40.950638,7.764565,0.274265,True
950,1773653517.601741,1773653597.855778,390,83,66.172737,0.454421,0.801443,True
951,1773653517.601770,1773653747.218102,1083,429,364.666563,0.731361,0.850316,True
952,1773653517.601803,1773653580.489380,373,69,29.590023,6.261360,0.343069,True
953,1773653517.601831,1773653576.062181,401,89,20.114354,0.494907,0.222948,True
954,1773653517.601863,1773653632.910514,203,183,132.254237,0.419647,0.724366,True
955,1773653517.601893,1773653730.234065,1233,377,326.547734,0.673643,0.866686,True
956,1773653517.601920,1773653645.713152,1133,429,157.007602,8.607626,0.346729,True
957,1773653517.601964,1773653636.803141,1199,396,138.915375,1.279047,0.348446,True
958,1773653517.601998,1773653582.939959,1226,95,31.025171,4.877699,0.278165,True
959,1773653517.602041,1773653737.455680,1031,397,338.807279,0.647038,0.853940,True
960,1773653517.602072,1773653635.259052,206,189,133.612106,0.631131,0.707346,True
961,1773653517.602106,1773653655.557374,980,516,173.962757,7.241072,0.323731,True
962,1773653517.602134,1773653593.418286,167,179,49.662221,7.229877,0.238384,True
963,1773653517.602163,1773653617.091922,405,128,96.409971,0.439967,0.755669,True
964,1773653517.602192,1773653577.177013,376,62,16.269562,3.732603,0.205524,True
965,1773653517.602221,1773653613.931258,1313,169,89.444933,9.240574,0.477407,True
966,1773653517.602251,1773653650.298703,1320,239,161.680953,0.813254,0.675915,True
967,1773653517.602279,1773653599.902838,1052,101,60.741554,12.579322,0.481622,True
968,1773653517.602308,1773653834.384018,1060,658,529.495614,0.977502,0.804442,True
969,1773653517.602340,1773653653.168372,1049,395,166.712942,9.872875,0.398071,True
970,1773653517.602373,1773653608.904052,408,104,78.163123,11.088225,0.651213,True
971,1773653517.602401,1773653579.524220,91,16,18.250000,0.596534,1.176898,True
972,1773653517.602431,1773653644.804724,1313,234,148.335683,20.916370,0.546864,True
973,1773653517.602460,1773653637.378265,206,186,133.378881,0.429953,0.718643,True
974,1773653517.602489,1773653629.616804,128,159,117.835092,0.419431,0.743137,True
975,1773653517.602516,1773653731.563877,1150,375,321.399421,0.723323,0.857423,True
976,1773653517.602545,1773653756.027265,1196,425,370.222494,0.794742,0.871292,True
977,1773653517.602574,1773653611.039455,406,102,79.933182,0.899875,0.782508,True
978,1773653517.602602,1773653607.562108,388,92,72.957544,0.889614,0.791955,True
979,1773653517.602631,1773653658.585061,980,396,174.960709,21.649588,0.388129,True
980,1773653517.602660,1773653628.618847,173,158,114.740278,0.881282,0.725217,True
981,1773653517.602689,1773653608.611718,407,91,73.009629,0.452275,0.806193,True
982,1773653517.602720,1773653666.399513,963,407,188.396260,14.906856,0.427314,True
983,1773653517.602748,1773653618.235617,1808,56,91.692967,22.858098,1.251543,True
984,1773653517.602777,1773653596.831716,379,59,48.775987,0.824388,0.826752,True
985,1773653517.602806,1773653610.851445,413,96,76.794673,0.284210,0.805373,True
986,1773653517.602836,1773653755.202313,1146,425,365.411736,0.771301,0.860001,True
987,1773653517.602865,1773653743.273594,1060,397,341.533669,0.870263,0.860261,True
988,1773653517.602899,1773653645.532176,191,217,145.443464,0.662225,0.670284,True
989,1773653517.602929,1773653610.006301,394,93,74.266765,1.097367,0.795320,True
990,1773653517.602976,1773653750.957172,1204,412,356.147813,1.028824,0.864036,True
991,1773653517.603005,1773653647.724483,197,217,148.645984,26.270442,0.566553,True
992,1773653517.603034,1773653738.326424,1207,386,329.560663,1.023185,0.853344,True
993,1773653517.603064,1773653626.791255,23,149,106.469500,1.012789,0.712545,True
994,1773653517.603093,1773653625.753830,396,95,104.372690,26.260589,0.830980,True
995,1773653517.603122,1773653667.864876,923,418,188.449629,26.187825,0.389117,True
996,1773653517.603150,1773653629.563926,396,96,111.743360,25.980142,0.902771,True
997,1773653517.603182,1773653666.703302,923,417,185.406421,25.827733,0.383603,True
998,1773653517.603214,1773653750.770715,1262,415,353.082013,1.064876,0.850283,True
999,1773653517.603251,1773653759.982617,1102,427,370.682859,0.942392,0.867935,True
1000,1773653517.603280,1773653607.746839,371,85,65.963994,0.904346,0.774520,True
1001,1773653517.603310,1773653732.722851,1186,371,315.788791,1.102826,0.850503,True
1002,1773653517.603339,1773653616.455593,181,111,83.148146,0.740486,0.749161,True
1003,1773653517.603367,1773653734.366553,1008,373,318.823766,1.085716,0.854135,True
1004,1773653517.603400,1773653662.159191,1225,401,172.181988,23.759844,0.371055,True
1005,1773653517.603429,1773653757.713334,1181,426,362.729140,0.528282,0.852237,True
1006,1773653517.603461,1773653635.202723,1311,169,117.580392,0.886070,0.694609,True
1007,1773653517.603490,1773653639.924299,200,179,126.876092,23.341716,0.581654,True
1008,1773653517.603518,1773653744.738685,1060,397,335.560534,0.908159,0.845082,True
1009,1773653517.603547,1773653612.334839,763,30,70.297892,22.641916,1.643310,True
1010,1773653517.603578,1773653637.498080,1353,181,120.252690,0.939706,0.662850,True
1011,1773653517.603688,1773653677.900304,1035,411,200.187727,21.866114,0.434931,True
1012,1773653517.603719,1773653618.025402,394,110,80.146757,0.728443,0.728608,True
1013,1773653517.603749,1773653643.739789,126,203,130.709883,0.457777,0.644812,True
1014,1773653517.603781,1773653767.750049,1264,440,378.605977,0.718190,0.860792,True
1015,1773653517.603814,1773653608.756464,91,16,60.577287,22.618186,2.530607,True
1016,1773653517.603843,1773653598.099349,382,53,38.943013,0.717850,0.735099,True
1017,1773653517.603871,1773653612.200791,395,88,66.896306,0.705006,0.760820,True
1018,1773653517.603900,1773653744.318898,1004,396,329.585511,0.734024,0.832535,True
1019,1773653517.603929,1773654007.973538,181,1000,856.517860,0.545852,0.856829,True
1020,1773653517.603980,1773653671.690615,1031,397,183.847730,21.319222,0.410426,True
1021,1773653517.604008,1773653612.200637,416,86,64.844784,0.665760,0.755047,True
1022,1773653517.604044,1773653643.453976,171,198,127.228185,19.988052,0.544366,True
1023,1773653517.604086,1773653608.552345,383,76,57.319627,0.732249,0.754498,True
1024,1773653517.604120,1773653780.080338,1133,463,399.385085,0.727785,0.862895,True
1025,1773653517.604150,1773653630.229003,419,93,99.475274,25.194459,0.807400,True
1026,1773653517.604181,1773653676.353161,1083,397,191.703274,25.184081,0.420503,True
1027,1773653517.604211,1773653746.785178,1146,394,332.419271,0.912095,0.843530,True
1028,1773653517.604240,1773653613.605597,385,88,65.812426,0.904222,0.746071,True
1029,1773653517.604270,1773653760.170490,1264,418,358.714893,1.308795,0.857089,True
1030,1773653517.604298,1773653618.669113,402,103,75.689117,1.297966,0.729325,True
1031,1773653517.604327,1773653630.216009,415,142,98.041769,1.043089,0.687934,True
1032,1773653517.604355,1773653606.956579,386,66,48.933682,0.881935,0.739258,True
1033,1773653517.604387,1773653628.561455,1312,134,92.121056,0.871263,0.686089,True
1034,1773653517.604415,1773653752.134246,1009,399,338.681583,1.089077,0.848222,True
1035,1773653517.604443,1773653656.786759,1196,373,147.671800,20.033072,0.343115,True
1036,1773653517.604479,1773653749.420234,1007,395,331.937797,1.233384,0.839351,True
1037,1773653517.604512,1773653747.266221,1024,393,327.608702,1.222623,0.832618,True
1038,1773653517.604540,1773653791.323362,923,468,414.603366,1.450247,0.884696,True
1039,1773653517.604570,1773653765.556490,1318,918,361.774298,21.016364,0.371601,True
1040,1773653517.604599,1773653625.914146,432,95,81.694276,8.446270,0.779234,True
1041,1773653517.604628,1773653766.327835,1010,429,362.269529,0.968846,0.844160,True
1042,1773653517.604659,1773653612.021152,371,78,53.632273,0.957314,0.684090,True
1043,1773653517.604688,1773653617.283296,403,91,62.956992,0.832728,0.690270,True
1044,1773653517.604717,1773653618.323139,389,94,63.822212,0.889138,0.676700,True
1045,1773653517.604746,1773653786.662637,1072,468,400.479486,0.878652,0.855676,True
1046,1773653517.604774,1773653629.311111,391,116,81.962296,14.654167,0.585288,True
1047,1773653517.604803,1773653626.558294,396,105,73.090000,12.970719,0.578070,True
1048,1773653517.604831,1773653645.531845,209,179,110.167689,0.445124,0.616419,True
1049,1773653517.604863,1773653663.438679,1136,401,143.206059,11.148496,0.330144,True
1050,1773653517.604891,1773653649.793158,206,183,114.738481,1.089965,0.624442,True
1051,1773653517.604922,1773653645.188961,203,162,104.563601,1.333203,0.641183,True
1052,1773653517.604970,1773653681.365763,1025,414,175.879289,12.259290,0.396174,True
1053,1773653517.605000,1773653617.533652,944,40,48.028046,10.868524,0.952808,True
1054,1773653517.605032,1773653842.551456,1227,625,497.914772,0.549883,0.797059,True
1055,1773653517.605063,1773653753.762412,1211,368,320.232081,0.849136,0.870253,True
1056,1773653517.605093,1773653764.402065,1186,377,341.237520,6.171844,0.891132,True
1057,1773653517.605122,1773653635.031777,408,129,80.447570,1.227810,0.618904,True
1058,1773653517.605150,1773653767.693119,1139,373,345.620063,3.704926,0.919127,True
1059,1773653517.605178,1773653637.206028,419,130,84.542620,0.749367,0.649560,True
1060,1773653517.605210,1773653782.948851,1199,441,375.902332,1.038545,0.851963,True
1061,1773653517.605242,1773653643.114762,30,164,96.213427,10.677415,0.524761,True
1062,1773653517.605272,1773653762.988316,1008,373,335.874468,4.903408,0.889707,True
1063,1773653517.605300,1773653660.824757,1150,387,130.868981,10.352034,0.312220,True
1064,1773653517.605329,1773653670.209853,1009,399,149.611378,12.251844,0.345124,True
1065,1773653517.605367,1773653698.475076,1231,526,206.126564,15.384919,0.363317,True
1066,1773653517.605397,1773653677.383407,1027,414,163.922214,15.374303,0.359680,True
1067,1773653517.605425,1773653644.355512,203,181,95.631088,9.145714,0.480474,True
1068,1773653517.605454,1773653631.636430,388,103,69.593672,2.478473,0.657992,True
1069,1773653517.605486,1773653767.088303,1231,394,340.245341,0.760284,0.863830,True
1070,1773653517.605515,1773653792.510360,1029,438,391.067365,3.085813,0.887830,True
1071,1773653517.605543,1773653785.248182,1009,385,374.762100,3.303110,0.967341,True
1072,1773653517.605572,1773653672.947894,1205,391,149.730507,9.064926,0.360681,True
1073,1773653517.605604,1773653630.561765,393,99,64.914894,3.065660,0.631115,True
1074,1773653517.605633,1773653616.107282,369,52,35.983746,3.055159,0.645659,True
1075,1773653517.605661,1773653777.013073,1010,393,355.845364,5.657466,0.893336,True
1076,1773653517.605689,1773653788.465593,1049,395,378.624850,13.489406,0.926740,True
1077,1773653517.605718,1773653635.202714,387,73,72.076315,14.674429,0.797248,True
1078,1773653517.605760,1773653807.372098,1010,397,416.308253,9.021489,1.028502,True
1079,1773653517.605789,1773653796.689653,912,442,394.923320,6.662427,0.880410,True
1080,1773653517.605817,1773653665.438900,981,393,131.071871,10.893652,0.306577,True
1081,1773653517.605846,1773653671.315488,1083,397,142.803064,12.055301,0.330171,True
1082,1773653517.605875,1773653624.079030,1076,51,48.223964,8.552520,0.793429,True
1083,1773653517.605908,1773653879.828603,1195,507,558.776713,19.105001,1.066545,True
1084,1773653517.605957,1773653685.838467,1007,415,168.490376,8.707875,0.385948,True
1085,1773653517.605990,1773653651.635821,167,217,100.062791,8.696911,0.422990,True
1086,1773653517.606019,1773653620.271556,379,60,37.311612,0.878154,0.617516,True
1087,1773653517.606052,1773653779.108658,1230,414,354.964487,0.867567,0.857378,True
1088,1773653517.606081,1773653625.683599,1596,52,48.091343,10.556330,0.735981,True
1089,1773653517.606109,1773653818.937786,1195,507,432.607850,4.012337,0.847027,True
1090,1773653517.606137,1773653630.445035,1201,45,54.163483,13.659643,0.920542,True
1091,1773653517.606166,1773653637.378009,931,92,68.007013,6.501357,0.675886,True
1092,1773653517.606195,1773653811.143119,1264,416,415.432588,14.238005,0.966734,True
1093,1773653517.606222,1773653659.338436,1351,145,111.800874,18.470327,0.648129,True
1094,1773653517.606254,1773653635.145810,386,86,63.312189,6.386015,0.669720,True
1095,1773653517.606282,1773653671.315495,1227,392,135.630310,10.061655,0.321147,True
1096,1773653517.606313,1773653843.196370,1009,399,478.812583,15.755323,1.163460,True
1097,1773653517.606341,1773653844.383919,1007,385,481.166957,64.383803,1.085373,True
1098,1773653517.606370,1773653814.427565,1231,373,420.902933,16.938006,1.085927,True
1099,1773653517.606400,1773653660.424095,130,185,112.167311,5.536209,0.579517,True
1100,1773653517.606431,1773653628.801843,391,76,48.387847,9.735195,0.515369,True
1101,1773653517.606459,1773653706.406278,380,86,203.039853,16.027630,2.200144,True
1102,1773653517.606488,1773653642.633571,407,106,74.283975,5.914022,0.651142,True
1103,1773653517.606516,1773653674.290222,1136,377,137.039799,8.184403,0.342701,True
1104,1773653517.606544,1773653636.413386,956,65,60.523562,5.253893,0.863589,True
1105,1773653517.606577,1773653678.580726,1262,395,144.217363,10.744357,0.338764,True
1106,1773653517.606606,1773653781.074363,181,357,348.221086,14.944386,0.936171,True
1107,1773653517.606634,1773653686.000249,91,16,157.821762,61.095140,6.448442,True
1108,1773653517.606663,1773653848.344174,1086,397,482.031990,60.856135,1.063575,True
1109,1773653517.606691,1773653811.020643,1112,432,407.259063,15.953786,0.907901,True
1110,1773653517.606720,1773653651.636008,200,211,88.322060,6.480117,0.389724,True
1111,1773653517.606751,1773653849.146702,1120,397,483.156855,61.521260,1.064736,True
1112,1773653517.606779,1773653847.389805,1082,385,479.410914,64.332287,1.080934,True
1113,1773653517.606808,1773653807.490283,1156,396,399.463394,23.518192,0.951760,True
1114,1773653517.606837,1773653862.153925,1060,411,508.687314,63.622733,1.085523,True
1115,1773653517.606869,1773653685.703438,1139,428,155.764578,9.395263,0.342785,True
1116,1773653517.606896,1773653648.840200,206,211,82.016397,9.928267,0.343277,True
1117,1773653517.606925,1773653806.547196,1009,394,395.966437,22.712447,0.949756,True
1118,1773653517.606970,1773653647.495078,375,77,77.757213,17.991710,0.786388,True
1119,1773653517.607000,1773653770.332225,1314,161,323.182065,64.467243,1.616968,True
1120,1773653517.607027,1773653744.738844,435,103,271.971815,64.455781,2.034471,True
1121,1773653517.607056,1773653643.410052,409,149,69.293370,5.191636,0.433120,True
1122,1773653517.607085,1773653687.416111,1211,408,157.015999,6.714871,0.369290,True
1123,1773653517.607115,1773653677.900131,1035,375,137.550003,8.799105,0.344254,True
1124,1773653517.607145,1773653922.605500,1227,656,626.593301,18.021462,0.929117,True
1125,1773653517.607175,1773653831.632091,1203,421,444.617160,26.444141,0.995650,True
1126,1773653517.607204,1773653841.136217,1024,429,463.546892,28.462062,1.016553,True
1127,1773653517.607233,1773653790.783062,171,205,361.529766,61.998928,1.468288,True
1128,1773653517.607261,1773653740.154587,200,174,259.923427,25.571390,1.354636,True
1129,1773653517.607290,1773653858.330442,923,404,496.022226,68.275825,1.061405,True
1130,1773653517.607318,1773653751.809518,20,182,282.855342,27.443262,1.411116,True
1131,1773653517.607346,1773653630.798351,383,75,40.255725,7.253430,0.445977,True
1132,1773653517.607383,1773653925.611558,1156,536,629.509171,53.705540,1.076268,True
1133,1773653517.607413,1773653868.975875,1060,429,516.214282,54.869933,1.077907,True
1134,1773653517.607441,1773653778.988089,181,190,336.218158,54.859312,1.488671,True
1135,1773653517.607470,1773653855.420915,1030,411,489.063090,54.848485,1.059060,True
1136,1773653517.607501,1773653681.914374,1009,397,142.027117,10.520863,0.332086,True
1137,1773653517.607529,1773653875.042266,980,425,527.993556,67.549438,1.085953,True
1138,1773653517.607559,1773653865.368249,1204,411,507.171835,62.883108,1.083631,True
1139,1773653517.607586,1773653740.986748,402,97,257.907732,62.632600,2.034116,True
1140,1773653517.607621,1773653831.632248,1199,373,438.840534,29.305136,1.100902,True
1141,1773653517.607649,1773653861.919581,998,415,499.401084,54.458408,1.074741,True
1142,1773653517.607678,1773653641.425312,415,131,58.309170,5.652816,0.405049,True
1143,1773653517.607708,1773653680.289417,1156,390,135.892783,9.078812,0.326000,True
1144,1773653517.607735,1773653694.628380,311,18,162.258164,65.100570,5.715153,True
1145,1773653517.607764,1773653851.407537,1264,395,475.597509,56.352461,1.064074,True
1146,1773653517.607793,1773653671.315575,1207,368,114.749888,7.481418,0.292285,True
1147,1773653517.607820,1773653630.798195,373,75,33.031751,3.641487,0.397166,True
1148,1773653517.607848,1773653761.848122,436,136,294.925069,60.279215,1.738117,True
1149,1773653517.607877,1773653689.093087,1025,428,148.171384,8.311629,0.327540,True
1150,1773653517.608006,1773653768.780112,439,161,306.986914,55.442730,1.572151,True
1151,1773653517.608044,1773653683.187479,963,393,134.788451,3.417340,0.335130,True
1152,1773653517.608077,1773653720.269519,1130,45,208.909175,58.850039,3.410435,True
1153,1773653517.608107,1773653875.042557,1139,425,517.858543,62.482390,1.074000,True
1154,1773653517.608137,1773653724.825612,383,56,216.722937,54.265216,2.953777,True
1155,1773653517.608166,1773653852.593105,912,395,472.236934,58.190225,1.050880,True
1156,1773653517.608199,1773653776.830701,206,179,320.628807,54.212895,1.496719,True
1157,1773653517.608229,1773653910.383080,1179,498,587.465999,52.565197,1.076259,True
1158,1773653517.608258,1773653689.965579,120,12,145.730602,57.564735,8.015079,True
1159,1773653517.608289,1773653693.782056,311,18,152.991569,53.442748,5.855813,True
1160,1773653517.608318,1773653640.921830,1989,88,46.758490,10.960934,0.411466,True
1161,1773653517.608348,1773653849.206064,1086,390,462.352216,53.062259,1.052159,True
1162,1773653517.608377,1773653692.196341,1219,388,147.913552,12.684580,0.349429,True
1163,1773653517.608405,1773653647.507088,392,122,58.512903,12.673331,0.378839,True
1164,1773653517.608433,1773653775.889303,1313,176,315.109648,54.513820,1.489119,True
1165,1773653517.608463,1773653691.259651,1146,418,145.830116,2.251302,0.344314,True
1166,1773653517.608490,1773653857.034179,1036,403,476.844726,59.983846,1.036967,True
1167,1773653517.608519,1773653861.353079,1024,407,485.358386,59.920806,1.047876,True
1168,1773653517.608554,1773653850.201906,1216,392,463.032015,59.909265,1.031004,True
1169,1773653517.608582,1773653752.189672,790,111,266.986551,63.150848,1.853052,True
1170,1773653517.608612,1773653739.780098,1474,94,242.145823,58.336774,1.976441,True
1171,1773653517.608640,1773653733.385183,1733,66,229.335405,65.517508,2.520275,True
1172,1773653517.608670,1773653683.187314,1227,383,127.439384,2.926929,0.325949,True
1173,1773653517.608701,1773653872.668599,1233,423,506.095314,55.703597,1.067279,True
1174,1773653517.608730,1773653855.297991,1031,397,470.031162,56.761054,1.043611,True
1175,1773653517.608758,1773653853.415027,1049,395,466.242972,56.749989,1.039322,True
1176,1773653517.608788,1773653761.133956,181,132,281.659954,56.739380,1.716951,True
1177,1773653517.608819,1773653844.557454,983,373,448.486003,60.956326,1.041746,True
1178,1773653517.608848,1773653859.108880,998,402,477.563899,60.944830,1.038950,True
1179,1773653517.608878,1773653634.609540,406,81,26.860581,1.642049,0.315232,True
1180,1773653517.608914,1773653859.554873,1130,402,476.414246,51.500090,1.059636,True
1181,1773653517.608961,1773653806.547027,181,257,370.376667,51.489552,1.245653,True
1182,1773653517.608990,1773653844.909586,1169,373,447.080305,54.548081,1.055194,True
1183,1773653517.609019,1773653873.510803,1029,418,504.260039,60.291999,1.064672,True
1184,1773653517.609046,1773653855.421212,923,399,467.785907,53.797240,1.040173,True
1185,1773653517.609075,1773653694.474789,1144,395,144.502554,9.911755,0.341601,True
1186,1773653517.609104,1773653846.047227,1134,379,446.967504,52.761127,1.042874,True
1187,1773653517.609133,1773653861.984608,1151,407,477.020991,57.797535,1.032570,True
1188,1773653517.609163,1773653698.892631,1183,429,149.620506,2.734070,0.343193,True
1189,1773653517.609192,1773653879.325425,1017,386,507.349658,1.141725,1.314826,True
1190,1773653517.609224,1773653702.666093,1203,421,153.964418,9.674491,0.343547,True
1191,1773653517.609253,1773653638.953214,380,81,26.517197,1.566550,0.311883,True
1192,1773653517.609280,1773653853.588488,1156,388,455.684529,57.217594,1.029630,True
1193,1773653517.609309,1773653706.343884,1191,409,161.173616,12.231926,0.365053,True
1194,1773653517.609338,1773653865.490645,1156,408,479.130203,55.593831,1.040630,True
1195,1773653517.609378,1773653974.037248,1102,612,695.309104,56.458354,1.045582,True
1196,1773653517.609406,1773653851.290469,1149,385,449.482751,61.352986,1.010755,True
1197,1773653517.609439,1773653701.200616,1064,394,149.281361,12.931017,0.346947,True
1198,1773653517.609469,1773653853.474303,1182,388,453.353292,61.104954,1.013562,True
1199,1773653517.609498,1773653862.208854,981,400,470.696672,59.629189,1.030244,True
1200,1773653517.609526,1773653683.751139,1339,69,113.676944,1.161525,1.654639,True
1201,1773653517.609555,1773653976.284981,1033,406,698.511629,2.487309,1.718579,True
1202,1773653517.609584,1773654029.286140,1112,431,804.497635,1.537906,1.867348,True
1203,1773653517.609617,1773653907.343489,1051,382,560.590456,2.465406,1.464895,True
1204,1773653517.609646,1773653695.464419,1010,397,134.206884,1.117578,0.336084,True
1205,1773653517.609674,1773653868.066684,1115,413,478.995867,52.702400,1.034693,True
1206,1773653517.609704,1773653861.984618,1025,407,466.723987,52.649149,1.019889,True
1207,1773653517.609732,1773653858.208964,1143,393,459.151576,57.242974,1.025277,True
1208,1773653517.609766,1773653704.043491,1226,379,150.460879,14.277861,0.360273,True
1209,1773653517.609795,1773653716.034315,1024,419,173.424279,13.768613,0.381951,True
1210,1773653517.609824,1773653725.132152,1136,418,191.471851,16.547038,0.419484,True
1211,1773653517.609853,1773653698.892479,1083,399,138.634298,2.308444,0.342527,True
1212,1773653517.609880,1773653739.658781,1989,83,220.061750,59.922553,1.952917,True
1213,1773653517.609909,1773654023.451367,1046,438,787.601819,2.513502,1.796541,True
1214,1773653517.609953,1773653860.668684,1025,375,462.016903,2.502985,1.228647,True
1215,1773653517.609984,1773653771.310486,1317,192,283.279921,2.492728,1.470090,True
1216,1773653517.610013,1773653995.837825,1083,407,732.160826,2.606532,1.796932,True
1217,1773653517.610042,1773653936.191468,1036,538,611.928798,55.648883,1.035903,True
1218,1773653517.610072,1773653702.374377,1035,398,144.273697,3.737767,0.353995,True
1219,1773653517.610102,1773653721.751588,398,94,182.963056,5.129450,1.912189,True
1220,1773653517.610130,1773654128.225864,1179,511,995.890337,5.119166,1.942689,True
1221,1773653517.610158,1773653966.620032,1009,399,672.658032,5.107843,1.677262,True
1222,1773653517.610188,1773653955.255260,1030,396,649.904838,5.097304,1.632424,True
1223,1773653517.610215,1773653721.751966,403,94,182.877634,5.086774,1.911730,True
1224,1773653517.610247,1773653846.104274,1003,372,431.315499,55.429746,1.013169,True
1225,1773653517.610279,1773653767.692964,181,136,274.243965,62.433249,1.568968,True
1226,1773653517.610308,1773653703.576857,1037,390,145.555580,6.034217,0.358667,True
1227,1773653517.610337,1773653705.775706,1070,387,149.931652,6.023650,0.372819,True
1228,1773653517.610365,1773653732.300002,1054,397,202.591532,30.947688,0.433444,True
1229,1773653517.610399,1773653871.688651,1171,402,480.100127,64.274110,1.036973,True
1230,1773653517.610428,1773653724.435144,1474,94,183.300108,3.289328,1.935600,True
1231,1773653517.610458,1773653943.662286,1111,396,621.542920,3.791751,1.563927,True
1232,1773653517.610486,1773653894.589165,983,373,523.376930,3.998555,1.396178,True
1233,1773653517.610515,1773653855.478540,1150,389,445.113369,52.954282,1.010719,True
1234,1773653517.610544,1773653711.907224,986,426,157.949849,8.412535,0.351853,True
1235,1773653517.610572,1773653742.271044,1015,446,216.210766,29.202605,0.420243,True
1236,1773653517.610604,1773653709.941180,1010,415,150.651253,7.946237,0.344698,True
1237,1773653517.610632,1773653660.587074,1317,135,51.630604,12.521026,0.291863,True
1238,1773653517.610662,1773653893.158038,1142,458,516.236294,46.231062,1.028458,True
1239,1773653517.610689,1773653852.535721,1082,385,434.757210,50.718966,1.000100,True
1240,1773653517.610718,1773653874.526024,1170,422,478.633430,47.018001,1.025215,True
1241,1773653517.610750,1773653742.064683,1785,91,213.689266,52.226512,1.794031,True
1242,1773653517.610779,1773653734.602626,1896,68,198.680594,56.389362,2.123750,True
1243,1773653517.610811,1773653775.829652,1312,157,278.826985,57.298300,1.420056,True
1244,1773653517.610840,1773653733.869407,1039,397,194.122309,27.670520,0.420333,True
1245,1773653517.610868,1773653867.580963,1172,402,460.744561,50.238492,1.023706,True
1246,1773653517.610898,1773653897.125177,995,452,519.481851,56.330481,1.026943,True
1247,1773653517.610926,1773653868.975884,1020,400,463.162946,57.729019,1.016125,True
1248,1773653517.610971,1773653861.984614,1140,404,448.965712,46.004716,0.999903,True
1249,1773653517.611001,1773654021.500056,1088,421,766.984948,1.728031,1.822040,True
1250,1773653517.611030,1773653990.486331,998,399,704.930500,1.717541,1.766867,True
1251,1773653517.611058,1773653752.970635,420,112,229.134604,49.043077,1.622446,True
1252,1773653517.611090,1773653737.231720,1171,402,197.613421,28.207796,0.422458,True
1253,1773653517.611124,1773653717.778801,1189,415,157.640915,11.032853,0.354126,True
1254,1773653517.611154,1773653715.318980,1119,395,151.933056,10.638531,0.358616,True
1255,1773653517.611183,1773653684.285252,1076,51,88.707980,27.863832,1.216883,True
1256,1773653517.611211,1773654012.342508,1191,409,744.707480,2.750165,1.818523,True
1257,1773653517.611240,1773653990.927531,1009,396,701.849533,2.739621,1.769899,True
1258,1773653517.611272,1773654014.360889,1054,411,748.699704,2.728485,1.819442,True
1259,1773653517.611301,1773653712.801898,1323,205,143.743971,29.136194,0.561803,True
1260,1773653517.611329,1773653865.544958,1046,399,449.024144,48.627514,1.006022,True
1261,1773653517.611359,1773653669.151040,1896,68,55.435539,15.918841,0.589801,True
1262,1773653517.611388,1773653689.938661,402,87,96.865901,21.617106,0.874986,True
1263,1773653517.611417,1773653860.003869,998,387,434.725925,54.457969,0.985150,True
1264,1773653517.611451,1773653979.315688,1170,394,672.885028,1.174046,1.709188,True
1265,1773653517.611481,1773653689.646433,375,67,93.045623,19.999106,1.106765,True
1266,1773653517.611511,1773653732.482223,981,401,178.127447,27.779796,0.375869,True
1267,1773653517.611540,1773653690.179594,373,56,93.472410,1.176165,1.678114,True
1268,1773653517.611568,1773653739.407116,1015,414,191.894514,26.606179,0.400214,True
1269,1773653517.611597,1773653857.033884,1082,385,426.565371,52.161499,0.975010,True
1270,1773653517.611627,1773653732.482073,1140,401,176.239421,26.835516,0.373510,True
1271,1773653517.611656,1773653773.253023,1015,572,256.873930,26.429181,0.403581,True
1272,1773653517.611684,1773653880.685372,991,414,470.987760,53.412121,1.011079,True
1273,1773653517.611713,1773653878.422266,1227,420,465.776516,43.631949,1.007505,True
1274,1773653517.611742,1773653883.144922,1024,429,475.197999,43.620370,1.008359,True
1275,1773653517.611771,1773653738.889731,1149,423,186.331400,27.081648,0.377369,True
1276,1773653517.611803,1773653887.974604,1063,428,480.940991,51.102972,1.006646,True
1277,1773653517.611836,1773653760.327004,1059,525,225.633208,28.747378,0.375736,True
1278,1773653517.611866,1773653745.005582,1085,442,194.540250,26.274694,0.381555,True
1279,1773653517.611896,1773653748.826750,1023,446,202.057149,28.481989,0.390057,True
1280,1773653517.611925,1773653687.815133,1282,66,77.927520,27.406377,0.777248,True
1281,1773653517.611973,1773653743.971811,421,77,188.351464,51.745806,1.797443,True
1282,1773653517.612004,1773653924.691332,1144,498,548.776605,51.239176,1.001081,True
1283,1773653517.612033,1773653728.301482,373,72,155.529645,0.642488,2.181509,True
1284,1773653517.612063,1773653666.296404,324,18,29.976985,0.652874,1.724948,True
1285,1773653517.612094,1773653737.665286,1072,415,172.043234,24.636536,0.356055,True
1286,1773653517.612124,1773653757.446487,1136,500,211.584516,26.031839,0.371849,True
1287,1773653517.612153,1773654035.643570,1141,411,766.398515,1.114977,1.866545,True
1288,1773653517.612182,1773654053.220695,1012,416,801.127986,1.408496,1.927035,True
1289,1773653517.612292,1773653697.177726,405,90,88.015015,27.195126,0.683370,True
1290,1773653517.612322,1773654033.630420,1035,398,759.875286,1.512978,1.910233,True
1291,1773653517.612352,1773654088.161582,1057,439,867.684655,1.928969,1.976611,True
1292,1773653517.612385,1773653739.342639,391,90,170.024685,1.918362,1.888835,True
1293,1773653517.612414,1773653730.838232,1094,376,150.540021,24.797107,0.335314,True
1294,1773653517.612443,1773654075.755472,1050,438,838.519219,1.104533,1.916281,True
1295,1773653517.612472,1773654241.986194,1148,614,1170.541446,1.630032,1.906870,True
1296,1773653517.612500,1773653730.195738,1142,361,146.796490,19.460158,0.353712,True
1297,1773653517.612530,1773654085.347346,1106,434,856.801285,2.684899,1.972555,True
1298,1773653517.612557,1773654050.972874,1226,407,788.030536,2.673967,1.934376,True
1299,1773653517.612586,1773654199.345497,958,554,1084.569542,2.766966,1.956243,True
1300,1773653517.612615,1773654016.623821,1082,391,716.293475,2.272971,1.830822,True
1301,1773653517.612644,1773653677.174721,245,14,37.175727,17.670731,1.500384,True
1302,1773653517.612675,1773653858.208856,1018,390,397.726655,31.361839,0.941812,True
1303,1773653517.612704,1773653747.763605,395,85,174.666612,41.112060,1.589935,True
1304,1773653517.612736,1773653761.724360,435,114,202.567138,41.101555,1.428899,True
1305,1773653517.612764,1773653738.268605,379,81,155.448816,28.621659,1.585339,True
1306,1773653517.612795,1773653736.558571,1099,410,151.923443,19.768764,0.323117,True
1307,1773653517.612824,1773653690.086474,1339,72,58.501386,15.421944,0.606753,True
1308,1773653517.612853,1773653814.588256,1317,235,307.419077,1.242199,1.308448,True
1309,1773653517.612885,1773653939.362581,1017,537,556.546324,36.354059,0.970508,True
1310,1773653517.612916,1773654003.130669,1139,674,683.625724,38.586164,0.958454,True
1311,1773653517.612961,1773653890.623545,1033,427,457.023533,38.857974,0.981609,True
1312,1773653517.612991,1773653739.544016,1009,397,154.762096,16.346712,0.349534,True
1313,1773653517.613022,1773654043.276452,1020,400,762.036801,1.153044,1.906977,True
1314,1773653517.613050,1773654040.579990,1008,395,756.205861,1.474526,1.915562,True
1315,1773653517.613079,1773654069.195470,1046,418,812.743435,2.108701,1.943968,True
1316,1773653517.613110,1773653879.226999,1054,419,432.484797,27.722938,0.968330,True
1317,1773653517.613140,1773653743.935030,1202,411,160.970147,16.493719,0.352382,True
1318,1773653517.613170,1773653872.607806,1102,396,417.297181,40.322039,0.954367,True
1319,1773653517.613198,1773653886.310185,1139,429,444.597406,28.665176,0.971804,True
1320,1773653517.613227,1773653772.735063,1785,137,217.321506,44.138249,1.273406,True
1321,1773653517.613256,1773654163.274237,1075,516,997.772196,1.659252,1.934200,True
1322,1773653517.613284,1773653934.181031,1179,511,538.601558,43.332358,0.971116,True
1323,1773653517.613312,1773653898.020153,1065,439,466.257959,43.321681,0.965608,True
1324,1773653517.613342,1773653883.667320,1230,413,437.236995,39.232544,0.966030,True
1325,1773653517.613386,1773653790.432348,1314,164,250.281010,2.493372,1.520170,True
1326,1773653517.613419,1773653734.422439,1029,71,138.239151,2.482647,1.939379,True
1327,1773653517.613447,1773654078.907656,1051,420,827.015636,2.554745,1.967687,True
1328,1773653517.613479,1773653778.695564,990,559,226.509829,15.982663,0.377289,True
1329,1773653517.613508,1773653849.266115,1136,375,366.886410,26.854025,0.909178,True
1330,1773653517.613540,1773653797.433649,1315,183,262.513665,3.285262,1.424332,True
1331,1773653517.613568,1773654071.143578,1139,418,809.911549,3.274447,1.934382,True
1332,1773653517.613596,1773654075.755762,1139,428,818.907146,1.948215,1.913253,True
1333,1773653517.613625,1773654054.791337,1180,414,776.773174,3.560326,1.872186,True
1334,1773653517.613654,1773654181.212569,1034,519,1029.594844,3.234759,1.981390,True
1335,1773653517.613681,1773653741.076228,1166,401,149.303195,16.113666,0.332974,True
1336,1773653517.613709,1773653720.377512,181,246,107.330225,14.711028,0.378038,True
1337,1773653517.613738,1773653771.384439,396,136,208.048503,36.920947,1.267612,True
1338,1773653517.613768,1773653809.939649,1314,243,285.137718,36.910576,1.025732,True
1339,1773653517.613800,1773653775.069022,1176,548,214.389533,15.219267,0.364114,True
1340,1773653517.613829,1773653880.870464,1085,409,424.501920,35.661394,0.953041,True
1341,1773653517.613857,1773653740.679479,1282,66,143.993247,39.529716,1.607131,True
1342,1773653517.613885,1773653919.284672,1148,501,500.975554,20.369094,0.961213,True
1343,1773653517.613913,1773653705.063023,390,96,71.815451,16.317185,0.584192,True
1344,1773653517.613961,1773653756.085518,1756,111,173.592392,25.203808,1.348987,True
1345,1773653517.613997,1773653968.300140,1025,591,596.157572,26.654795,0.965259,True
1346,1773653517.614038,1773653752.346379,1136,429,164.228428,15.188655,0.348224,True
1347,1773653517.614069,1773653874.700212,1024,402,408.872672,28.974694,0.947377,True
1348,1773653517.614103,1773653941.017860,1209,522,541.257512,38.645626,0.964706,True
1349,1773653517.614134,1773654046.799392,1057,394,752.023857,1.899508,1.908713,True
1350,1773653517.614163,1773653805.682598,1314,202,269.776692,1.888384,1.332778,True
1351,1773653517.614193,1773654213.112126,969,554,1084.421382,1.949047,1.957454,True
1352,1773653517.614222,1773653753.640733,505,92,165.412018,33.346659,1.451268,True
1353,1773653517.614249,1773653751.117528,403,91,159.992190,2.110551,1.754240,True
1354,1773653517.614278,1773653927.696614,1062,509,512.965211,25.662020,0.959258,True
1355,1773653517.614310,1773653759.094770,692,109,175.741269,25.651534,1.389720,True
1356,1773653517.614339,1773654099.675366,1061,448,856.879302,1.910428,1.912682,True
1357,1773653517.614369,1773653745.784501,1041,385,148.932372,15.448224,0.347615,True
1358,1773653517.614398,1773653790.496777,955,602,238.334731,17.409513,0.367596,True
1359,1773653517.614427,1773653710.698844,857,117,78.715589,18.674124,0.517599,True
1360,1773653517.614456,1773654046.578788,1036,394,750.452134,2.255900,1.903807,True
1361,1773653517.614484,1773653746.411902,385,88,149.706801,27.680054,1.402606,True
1362,1773653517.614513,1773653774.635124,1313,148,206.132836,30.248914,1.196489,True
1363,1773653517.614542,1773653741.285057,1035,395,139.184662,13.779661,0.318287,True
1364,1773653517.614569,1773653860.474691,1171,380,376.766286,33.094832,0.906785,True
1365,1773653517.614599,1773653800.402516,1314,218,254.962802,25.273028,1.058478,True
1366,1773653517.614630,1773653854.248381,1003,376,362.633198,25.262221,0.899656,True
1367,1773653517.614659,1773653895.369514,1013,439,444.851973,27.285958,0.953347,True
1368,1773653517.614687,1773653773.363595,1129,526,200.819380,12.518604,0.358668,True
1369,1773653517.614715,1773653900.468094,986,441,454.349573,37.815801,0.946668,True
1370,1773653517.614747,1773653857.096740,1028,366,367.583276,43.051935,0.889127,True
1371,1773653517.614776,1773654056.838368,1160,400,765.702539,1.171805,1.916117,True
1372,1773653517.614804,1773653787.063925,1160,639,225.537499,12.900113,0.333287,True
1373,1773653517.614837,1773654254.539502,1036,650,1160.177945,1.655867,1.785088,True
1374,1773653517.614867,1773654110.992508,1007,441,872.884530,1.797884,1.979742,True
1375,1773653517.614896,1773653917.971305,1154,482,485.137723,26.706184,0.953080,True
1376,1773653517.614924,1773653868.126227,1039,385,385.343704,35.171171,0.911908,True
1377,1773653517.614971,1773653947.013056,1082,538,543.095592,36.958541,0.942527,True
1378,1773653517.615015,1773653882.064585,1144,404,413.093169,36.906223,0.933466,True
1379,1773653517.615056,1773653985.579267,979,622,620.101258,36.895662,0.939139,True
1380,1773653517.615087,1773653776.890334,181,147,202.703438,26.569540,1.206397,True
1381,1773653517.615117,1773653744.261047,1232,80,137.421650,26.267824,1.407010,True
1382,1773653517.615146,1773653903.621349,1126,446,456.118407,38.939475,0.937481,True
1383,1773653517.615175,1773654039.549808,1024,385,727.944934,1.672765,1.891334,True
1384,1773653517.615205,1773653693.174163,917,33,33.627521,12.989360,0.644943,True
1385,1773653517.615234,1773653750.480062,1226,393,146.607095,14.110913,0.338000,True
1386,1773653517.615266,1773653754.151868,1171,401,153.515130,16.501890,0.342533,True
1387,1773653517.615294,1773653769.596236,1032,502,183.370299,11.438352,0.343178,True
1388,1773653517.615323,1773653709.301306,434,124,62.759136,12.466196,0.408886,True
1389,1773653517.615352,1773653705.709912,311,18,55.555615,1.347615,3.188706,True
1390,1773653517.615380,1773653754.966570,1133,92,154.046081,1.337306,1.678118,True
1391,1773653517.615410,1773653776.129019,401,130,195.693556,1.394922,1.506191,True
1392,1773653517.615439,1773653708.161396,376,81,59.143140,15.306773,0.547955,True
1393,1773653517.615468,1773653861.984389,1176,383,366.376866,23.312772,0.898074,True
1394,1773653517.615497,1773653741.890614,1029,71,126.169727,25.791582,1.433974,True
1395,1773653517.615527,1773653772.150267,1312,132,186.666393,31.706835,1.182897,True
1396,1773653517.615556,1773653739.779834,372,63,121.903962,31.695497,1.454975,True
1397,1773653517.615585,1773653869.094567,1203,385,380.510940,31.684508,0.908402,True
1398,1773653517.615613,1773653974.624958,1015,596,591.446855,26.036421,0.950270,True
1399,1773653517.615641,1773653873.452574,1018,388,388.977766,37.393216,0.908487,True
1400,1773653517.615670,1773654234.025743,1045,605,1109.225174,0.898725,1.834978,True
1401,1773653517.615700,1773654104.626117,1112,431,850.175068,1.304318,1.974118,True
1402,1773653517.615728,1773653708.014268,237,79,55.431357,13.597838,0.536327,True
1403,1773653517.615757,1773654099.782755,1162,427,838.674297,2.158627,1.963652,True
1404,1773653517.615785,1773654038.279875,1076,377,715.648071,2.148210,1.897606,True
1405,1773653517.615813,1773654189.645857,1199,534,1017.318180,2.167279,1.904598,True
1406,1773653517.615848,1773653820.405655,28,265,278.113042,33.151578,0.927884,True
1407,1773653517.615877,1773653751.427818,1052,412,140.114679,10.935434,0.314305,True
1408,1773653517.615907,1773654103.877724,1180,880,844.272072,28.781458,0.927748,True
1409,1773653517.615950,1773653756.476668,1083,407,149.114911,13.951322,0.332915,True
1410,1773653517.615982,1773653770.207579,1785,137,175.693905,23.971616,1.115605,True
1411,1773653517.616011,1773653878.301193,1053,394,391.754399,33.933086,0.910487,True
1412,1773653517.616044,1773653721.544689,243,14,77.023084,27.490516,3.810198,True
1413,1773653517.616076,1773653747.492776,1028,374,128.607279,11.046627,0.315176,True
1414,1773653517.616104,1773653759.800465,1101,411,153.201311,15.048709,0.336958,True
1415,1773653517.616133,1773654123.156898,1179,921,879.143692,30.916006,0.921987,True
1416,1773653517.616163,1773653873.510793,1005,394,379.615419,22.629614,0.908361,True
1417,1773653517.616192,1773653884.699395,1151,404,401.972238,30.210499,0.922486,True
1418,1773653517.616220,1773653789.774960,181,167,212.101245,30.199442,1.095794,True
1419,1773653517.616248,1773653870.264786,1149,379,373.059125,32.743590,0.900306,True
1420,1773653517.616277,1773654107.482011,1070,428,847.442908,2.539009,1.978698,True
1421,1773653517.616309,1773653762.565251,992,97,157.594857,2.528704,1.615272,True
1422,1773653517.616339,1773654260.076509,1035,616,1152.579745,2.517173,1.870020,True
1423,1773653517.616372,1773654064.362223,912,395,760.726589,2.830160,1.923595,True
1424,1773653517.616402,1773653822.062106,1353,234,275.879577,3.147156,1.170525,True
1425,1773653517.616432,1773653712.373991,388,88,56.169490,11.581154,0.512510,True
1426,1773653517.616459,1773653763.425367,1044,394,155.432316,16.881397,0.352547,True
1427,1773653517.616488,1773653755.646993,997,393,139.606674,15.650155,0.316216,True
1428,1773653517.616601,1773653923.476596,1109,488,474.930447,29.851577,0.913920,True
1429,1773653517.616637,1773653786.662355,1311,159,201.175459,31.847452,1.071696,True
1430,1773653517.616666,1773653980.092308,1025,589,587.932361,35.011045,0.940342,True
1431,1773653517.616695,1773653752.259672,1232,80,132.241376,31.181787,1.279235,True
1432,1773653517.616725,1773653879.828616,1106,399,387.173911,29.621613,0.898373,True
1433,1773653517.616755,1773654059.165767,1060,396,745.469324,2.025527,1.882136,True
1434,1773653517.616787,1773653730.292697,398,46,87.704027,2.015089,1.904199,True
1435,1773653517.616816,1773653739.573608,1786,67,104.327678,2.639704,1.540727,True
1436,1773653517.616845,1773653702.301287,119,12,29.761753,14.072983,1.426252,True
1437,1773653517.616874,1773653707.471342,247,14,40.076746,2.618176,2.881428,True
1438,1773653517.616901,1773653871.127432,1013,386,367.226074,24.478087,0.890255,True
1439,1773653517.616930,1773653754.645401,407,88,134.241206,24.467754,1.261764,True
1440,1773653517.616977,1773654041.341170,1030,375,707.393856,4.044819,1.880612,True
1441,1773653517.617005,1773654062.810542,1035,391,750.312111,4.034409,1.913533,True
1442,1773653517.617034,1773653715.256845,385,67,54.861216,14.764666,0.607523,True
1443,1773653517.617066,1773653759.982910,380,97,144.003832,29.337751,1.194438,True
1444,1773653517.617096,1773653883.322479,1046,393,390.661824,33.145955,0.912030,True
1445,1773653517.617126,1773653879.162889,1036,390,382.237371,31.358015,0.902003,True
1446,1773653517.617155,1773654225.031409,985,552,1072.869416,3.088912,1.941525,True
1447,1773653517.617184,1773654071.143591,1054,397,764.497725,3.327719,1.922146,True
1448,1773653517.617213,1773653781.255195,181,126,184.698578,3.376286,1.450578,True
1449,1773653517.617241,1773653769.185135,1089,412,160.167908,14.649711,0.354059,True
1450,1773653517.617270,1773653713.371745,405,89,47.432178,11.838068,0.404479,True
1451,1773653517.617301,1773653875.471349,1097,393,371.112103,22.077715,0.890394,True
1452,1773653517.617331,1773653770.773037,1168,436,161.651034,11.546122,0.345069,True
1453,1773653517.617368,1773653729.514809,333,18,79.090569,31.167590,2.818999,True
1454,1773653517.617398,1773653770.774869,1053,415,161.359892,15.934230,0.351270,True
1455,1773653517.617430,1773653768.731452,396,107,157.084993,4.101422,1.443241,True
1456,1773653517.617460,1773654130.931605,986,448,881.462582,4.090286,1.962802,True
1457,1773653517.617487,1773653809.990620,1315,198,239.558371,4.079445,1.195325,True
1458,1773653517.617516,1773653754.966422,407,83,129.488134,4.068992,1.529502,True
1459,1773653517.617544,1773653885.582983,1032,398,389.367297,29.677208,0.906020,True
1460,1773653517.617572,1773653761.300258,1064,396,140.077319,12.168400,0.323820,True
1461,1773653517.617600,1773653911.502056,1044,450,439.551793,30.440416,0.911161,True
1462,1773653517.617633,1773653893.102978,1214,406,402.730845,34.021338,0.910394,True
1463,1773653517.617662,1773653894.454487,1033,406,405.411027,35.153553,0.914216,True
1464,1773653517.617689,1773653791.921122,42,154,200.216756,2.619221,1.291487,True
1465,1773653517.617718,1773653766.708180,1025,401,149.015656,13.828390,0.337968,True
1466,1773653517.617746,1773653733.166777,1019,52,81.436135,3.047288,1.537036,True
1467,1773653517.617775,1773653766.321690,450,107,147.722712,3.036005,1.364969,True
1468,1773653517.617802,1773653820.819453,181,263,256.141815,19.244236,0.904189,True
1469,1773653517.617831,1773653902.375062,1025,441,419.126819,24.233384,0.897485,True
1470,1773653517.617865,1773653890.199748,1201,401,394.653591,31.147081,0.908766,True
1471,1773653517.617894,1773653763.865483,1021,398,141.356936,11.443977,0.327237,True
1472,1773653517.617922,1773653775.414850,417,117,163.252908,34.305166,1.111618,True
1473,1773653517.617971,1773654073.417113,1182,396,757.989083,1.622858,1.914851,True
1474,1773653517.618004,1773653795.586309,1027,569,202.201527,12.900856,0.333276,True
1475,1773653517.618033,1773653778.039753,1351,140,166.818119,23.569716,1.030564,True
1476,1773653517.618063,1773653764.401757,409,95,139.438064,29.337366,1.171284,True
1477,1773653517.618092,1773653888.638424,1009,411,387.555947,24.030749,0.886647,True
1478,1773653517.618120,1773653865.368070,1109,377,340.208378,18.227620,0.856332,True
1479,1773653517.618148,1773653747.266363,1155,75,103.981324,18.215954,1.158991,True
1480,1773653517.618182,1773653762.471458,1066,379,133.999573,11.388093,0.324369,True
1481,1773653517.618211,1773653763.303303,431,94,135.342073,1.139063,1.443043,True
1482,1773653517.618240,1773653884.645650,1201,391,377.312395,28.030542,0.895594,True
1483,1773653517.618272,1773653761.671164,387,95,130.962006,3.109131,1.360137,True
1484,1773653517.618300,1773654062.592587,1003,394,732.779326,3.097520,1.856697,True
1485,1773653517.618329,1773654064.587005,1033,396,736.748871,3.086898,1.857372,True
1486,1773653517.618357,1773654064.479737,1018,388,735.996572,3.689140,1.892267,True
1487,1773653517.618385,1773653742.256976,1436,66,91.531167,2.807832,1.364974,True
1488,1773653517.618414,1773654045.513512,983,373,697.790864,3.552043,1.866233,True
1489,1773653517.618443,1773653843.616060,1312,283,293.415429,4.931798,1.022992,True
1490,1773653517.618472,1773654088.282689,1082,406,782.725120,4.920850,1.920504,True
1491,1773653517.618503,1773653911.381462,998,447,428.883479,26.354636,0.902531,True
1492,1773653517.618534,1773653727.224500,1316,168,60.073448,14.078483,0.275419,True
1493,1773653517.618563,1773653810.320658,1314,231,226.181571,17.689296,0.906488,True
1494,1773653517.618591,1773653915.531577,1046,438,436.028619,33.143576,0.921934,True
1495,1773653517.618620,1773653768.048857,1023,388,139.125199,10.602089,0.332101,True
1496,1773653517.618652,1773654009.815473,1227,652,622.285477,29.420918,0.910698,True
1497,1773653517.618681,1773653776.753881,1019,394,155.704960,14.043848,0.360461,True
1498,1773653517.618711,1773653781.873029,936,432,165.921412,15.343693,0.349368,True
1499,1773653517.618741,1773653781.831165,46,138,164.916423,23.921735,1.029158,True
1500,1773653517.618769,1773653760.098309,404,83,121.322185,2.641787,1.447322,True
1501,1773653517.618801,1773653877.439675,1059,388,355.756145,18.470251,0.871540,True
1502,1773653517.618829,1773653788.234404,12,139,175.840190,2.376591,1.256983,True
1503,1773653517.618857,1773654146.532008,1044,471,892.404799,2.365628,1.893700,True
1504,1773653517.618886,1773653893.285169,1134,379,385.473709,35.089118,0.926943,True
1505,1773653517.618913,1773653749.760893,379,65,98.305070,2.172307,1.502074,True
1506,1773653517.618957,1773653779.900532,429,115,158.562533,29.668073,1.130653,True
1507,1773653517.618990,1773653911.258201,1159,397,421.255800,42.221971,0.957156,True
1508,1773653517.619023,1773653907.046855,1223,444,412.769529,19.360352,0.888057,True
1509,1773653517.619052,1773653901.815585,1093,432,402.284303,20.623098,0.885525,True
1510,1773653517.619083,1773653887.805750,1009,397,374.178313,24.785900,0.882304,True
1511,1773653517.619113,1773653761.724368,380,58,121.994342,34.905591,1.527873,True
1512,1773653517.619142,1773653720.377604,1786,67,38.331201,13.328655,0.378826,True
1513,1773653517.619174,1773654105.548784,1102,427,807.142035,3.112963,1.887392,True
1514,1773653517.619202,1773654113.475471,1183,429,822.973064,9.483522,1.900676,True
1515,1773653517.619230,1773653886.189587,1086,393,368.011798,23.318071,0.879321,True
1516,1773653517.619259,1773653888.638578,1038,398,372.887260,24.128733,0.878485,True
1517,1773653517.619288,1773653896.111485,1059,397,387.812288,29.793681,0.904087,True
1518,1773653517.619324,1773653792.415470,1004,419,180.214491,14.052831,0.397516,True
1519,1773653517.619361,1773653740.986462,371,53,77.252086,18.935653,1.121470,True
1520,1773653517.619390,1773653754.249550,396,131,103.734702,16.778113,0.668897,True
1521,1773653517.619419,1773653785.150167,1189,399,164.962223,14.555676,0.377906,True
1522,1773653517.619448,1773654088.282695,1083,403,770.730334,1.974564,1.912328,True
1523,1773653517.619476,1773654129.690549,1152,437,853.527430,1.963309,1.953129,True
1524,1773653517.619505,1773654066.783383,1063,386,727.238824,2.180074,1.883269,True
1525,1773653517.619534,1773654252.990924,1108,622,1099.200929,8.080970,1.757037,True
1526,1773653517.619562,1773653798.795434,1017,398,190.415201,31.197082,0.401053,True
1527,1773653517.619590,1773653788.046977,1120,375,167.997111,18.590332,0.399483,True
1528,1773653517.619622,1773653898.588573,1060,365,388.358159,41.421010,0.953124,True
1529,1773653517.619651,1773653897.305110,1009,399,385.257764,28.460990,0.896474,True
1530,1773653517.619683,1773653801.089279,1053,414,192.030372,29.710935,0.393025,True
1531,1773653517.619710,1773653754.818914,304,18,99.116092,40.568927,3.443951,True
1532,1773653517.619740,1773653924.752597,1097,418,438.877295,40.516469,0.955302,True
1533,1773653517.619770,1773653943.474754,1018,476,476.299865,30.308156,0.938930,True
1534,1773653517.619799,1773653767.749955,1143,70,124.496370,31.296406,1.350724,True
1535,1773653517.619827,1773653789.480099,991,108,167.936084,34.579460,1.246324,True
1536,1773653517.619855,1773653774.822284,1155,75,138.597241,35.900626,1.387792,True
1537,1773653517.619890,1773654115.281228,1143,429,819.339301,7.429546,1.896985,True
1538,1773653517.619920,1773654090.682558,1068,401,769.929222,1.156160,1.921933,True
1539,1773653517.619964,1773653848.274644,1036,619,284.975387,31.808698,0.409655,True
1540,1773653517.619997,1773654140.274369,1032,447,868.378756,1.929959,1.942710,True
1541,1773653517.620027,1773654085.234967,1015,399,757.848018,7.873301,1.884359,True
1542,1773653517.620056,1773653764.533792,1312,175,116.362430,27.240806,0.512193,True
1543,1773653517.620086,1773653775.232797,685,120,137.636801,16.379350,1.018970,True
1544,1773653517.620114,1773653770.528240,398,98,127.037810,4.011498,1.268312,True
1545,1773653517.620143,1773654070.927982,1173,385,727.814222,4.000544,1.884931,True
1546,1773653517.620171,1773654154.367588,1073,454,894.668945,3.989100,1.966181,True
1547,1773653517.620202,1773653747.156769,2042,56,79.828628,3.782168,1.382663,True
1548,1773653517.620231,1773654098.520257,1061,408,782.537955,5.224432,1.909861,True
1549,1773653517.620260,1773653781.838796,17,120,148.784024,6.808403,1.193072,True
1550,1773653517.620288,1773653820.899252,1316,170,227.029039,37.370811,1.122238,True
1551,1773653517.620316,1773653796.044557,439,98,177.295047,37.359532,1.442634,True
1552,1773653517.620344,1773653799.142096,390,155,183.318467,4.236060,1.162873,True
1553,1773653517.620373,1773654150.463046,1023,406,885.935458,37.262851,2.095488,True
1554,1773653517.620402,1773654206.740646,1029,519,998.463801,7.586811,1.912890,True
1555,1773653517.620430,1773653796.261433,404,144,177.491717,6.161628,1.198113,True
1556,1773653517.620458,1773653802.684097,1124,408,189.327104,27.913886,0.396593,True
1557,1773653517.620487,1773653804.659433,1044,413,192.985926,27.767904,0.401015,True
1558,1773653517.620515,1773653883.982907,1022,390,350.860952,15.845731,0.861222,True
1559,1773653517.620543,1773653771.321224,393,113,125.291451,15.720896,0.978309,True
1560,1773653517.620572,1773653760.106961,406,82,102.842335,15.710572,1.075701,True
1561,1773653517.620604,1773653903.621195,1102,408,389.850157,25.127855,0.896124,True
1562,1773653517.620633,1773653746.587490,238,14,75.718809,32.696074,3.309441,True
1563,1773653517.620661,1773653804.199433,1146,396,189.783443,29.444334,0.405922,True
1564,1773653517.620690,1773653805.719952,1048,396,191.545893,30.985970,0.406481,True
1565,1773653517.620720,1773653920.338241,1040,414,419.280274,33.021427,0.935251,True
1566,1773653517.620752,1773653747.194906,750,44,72.973202,27.726435,1.052250,True
1567,1773653517.620864,1773653888.574455,1037,373,355.522367,18.507913,0.905953,True
1568,1773653517.620895,1773653899.153352,1156,390,376.659291,27.251950,0.898219,True
1569,1773653517.620925,1773653950.257366,1034,479,478.764895,30.768375,0.937231,True
1570,1773653517.620974,1773653776.711885,430,90,131.651572,27.189427,1.173732,True
1571,1773653517.621008,1773653734.422428,1044,35,45.629306,4.633178,1.205768,True
1572,1773653517.621039,1773654117.133466,1009,415,811.028542,7.782356,1.940208,True
1573,1773653517.621068,1773654157.244281,1026,400,890.775317,32.900873,2.150061,True
1574,1773653517.621098,1773654217.091958,1089,465,1010.447196,34.521469,2.103288,True
1575,1773653517.621130,1773653775.971552,62,152,128.106529,29.014851,0.656236,True
1576,1773653517.621160,1773653749.378404,382,53,73.991018,26.051821,0.921908,True
1577,1773653517.621189,1773653897.670914,998,373,370.097647,29.704442,0.915035,True
1578,1773653517.621217,1773653933.416753,936,431,441.233067,35.114557,0.944462,True
1579,1773653517.621247,1773653807.632320,1150,404,189.642796,28.545183,0.399746,True
1580,1773653517.621275,1773654111.332749,1099,410,796.299832,7.372872,1.928917,True
1581,1773653517.621303,1773653809.876734,7,136,193.140393,33.081681,1.185620,True
1582,1773653517.621335,1773653808.752231,1033,411,190.747338,27.554383,0.398032,True
1583,1773653517.621379,1773654118.116797,1071,415,809.371736,4.957298,1.943030,True
1584,1773653517.621410,1773653913.437846,1099,414,399.723670,25.299350,0.906596,True
1585,1773653517.621439,1773653743.448651,238,14,59.722706,25.288007,2.648823,True
1586,1773653517.621467,1773653801.301834,685,137,174.608548,30.671573,1.058360,True
1587,1773653517.621495,1773654201.644178,1020,502,974.632539,11.876364,1.921669,True
1588,1773653517.621524,1773653804.040531,1315,144,178.103241,32.145715,1.020682,True
1589,1773653517.621553,1773653813.890355,9,166,197.674886,32.862069,0.998866,True
1590,1773653517.621580,1773653784.215416,421,93,138.303738,29.949891,1.177759,True
1591,1773653517.621612,1773653981.898412,1200,526,533.563111,33.418522,0.952656,True
1592,1773653517.621641,1773653758.785079,394,91,87.046216,26.094542,0.677241,True
1593,1773653517.621669,1773653752.601153,1628,48,74.554597,28.549253,0.978837,True
1594,1773653517.621698,1773654147.344056,1046,442,863.731547,2.915693,1.951963,True
1595,1773653517.621727,1773653771.415072,383,84,111.628824,10.602768,1.217181,True
1596,1773653517.621756,1773653758.159822,376,65,85.093719,4.286569,1.262612,True
1597,1773653517.621784,1773653756.405244,379,87,80.725467,25.313897,0.644321,True
1598,1773653517.621813,1773654186.091554,1046,395,939.099857,31.169806,2.304391,True
1599,1773653517.621842,1773654130.932123,1173,420,828.766504,9.656001,1.954918,True
1600,1773653517.621874,1773653817.116175,1351,186,201.013549,31.090962,0.918500,True
1601,1773653517.621905,1773653754.524305,243,14,75.703540,31.862499,3.372388,True
1602,1773653517.621949,1773653780.932960,410,100,128.415017,5.623719,1.240316,True
1603,1773653517.621981,1773653751.927131,387,52,70.170376,5.508788,1.267874,True
1604,1773653517.622015,1773654139.256479,1034,429,844.808338,6.983647,1.957534,True
1605,1773653517.622044,1773653921.383468,1162,411,407.976128,28.591804,0.925328,True
1606,1773653517.622072,1773653974.624967,1121,506,514.354494,34.614536,0.949980,True
1607,1773653517.622101,1773653756.212749,331,18,77.384945,30.179909,2.776767,True
1608,1773653517.622130,1773653802.085972,1081,388,168.590756,26.083778,0.368235,True
1609,1773653517.622162,1773653816.170815,30,182,195.430335,29.247679,0.918136,True
1610,1773653517.622190,1773654140.274356,1073,408,843.230990,17.332940,2.029234,True
1611,1773653517.622222,1773654139.133681,1191,407,840.935301,17.322313,2.028603,True
1612,1773653517.622251,1773654102.681925,1094,362,768.008786,22.997318,2.063744,True
1613,1773653517.622281,1773654316.238153,459,562,1194.697129,34.290517,2.068461,True
1614,1773653517.622314,1773653935.677075,985,426,433.432040,33.703614,0.940537,True
1615,1773653517.622344,1773653784.157644,395,87,129.223058,26.440783,1.195143,True
1616,1773653517.622373,1773654124.121968,1070,392,809.129999,14.619666,2.031996,True
1617,1773653517.622402,1773653769.399544,1786,50,99.246630,21.898418,1.578535,True
1618,1773653517.622434,1773654227.080909,1081,414,1014.088654,37.469724,2.364695,True
1619,1773653517.622462,1773654266.983864,1130,459,1093.871809,47.892153,2.283798,True
1620,1773653517.622490,1773653824.185428,1320,192,208.064848,33.360805,0.914681,True
1621,1773653517.622519,1773653905.799573,1023,377,371.169694,28.026804,0.912614,True
1622,1773653517.622546,1773653760.045310,238,14,79.642050,34.110109,3.502457,True
1623,1773653517.622574,1773653808.565021,1314,137,176.574514,36.285049,1.031540,True
1624,1773653517.622603,1773653808.959906,1072,398,177.156012,23.408807,0.387273,True
1625,1773653517.622635,1773653759.560977,394,89,78.337505,23.398465,0.624307,True
1626,1773653517.622663,1773653779.355465,373,60,116.144047,24.266287,1.557250,True
1627,1773653517.622694,1773653777.132206,375,66,111.170703,26.694059,1.299641,True
1628,1773653517.622723,1773653969.802513,1142,491,496.135606,32.600227,0.945991,True
1629,1773653517.622752,1773653799.462856,395,116,155.412331,15.078725,1.220292,True
1630,1773653517.622779,1773654143.022658,1044,394,842.510643,24.335332,2.081871,True
1631,1773653517.622808,1773654153.120252,1021,398,862.682619,27.057259,2.104850,True
1632,1773653517.622839,1773653789.596391,406,91,134.212532,25.751915,1.205118,True
1633,1773653517.622868,1773654200.216656,996,446,955.223253,33.773295,2.070674,True
1634,1773653517.622898,1773654330.115541,1010,635,1214.793332,26.117118,1.874884,True
1635,1773653517.622927,1773653944.372996,1156,424,443.009399,37.618518,0.958371,True
1636,1773653517.622975,1773653922.305798,1115,413,398.765933,26.306867,0.904027,True
1637,1773653517.623004,1773653932.827766,1116,401,419.789307,39.408511,0.950952,True
1638,1773653517.623032,1773654156.566897,1045,390,867.203912,33.413069,2.143421,True
1639,1773653517.623061,1773653773.606044,1529,56,101.135120,27.011309,1.347706,True
1640,1773653517.623090,1773654154.367743,1163,386,862.569448,31.178447,2.159457,True
1641,1773653517.623118,1773653811.729308,440,117,174.564127,33.580243,1.215378,True
1642,1773653517.623149,1773653808.856608,457,98,168.794385,40.623520,1.321349,True
1643,1773653517.623177,1773654034.635753,1313,135,619.911168,47.760961,4.269778,True
1644,1773653517.623206,1773653900.409430,1044,368,351.390306,24.515529,0.890667,True
1645,1773653517.623240,1773654170.842908,1170,939,892.026441,32.113329,0.916752,True
1646,1773653517.623270,1773653808.959723,1038,396,167.636950,20.136585,0.373419,True
1647,1773653517.623299,1773653785.248173,2001,74,118.702555,30.062478,1.214248,True
1648,1773653517.623327,1773653799.171023,392,103,145.425842,30.483892,1.126882,True
1649,1773653517.623356,1773654269.976108,966,403,1085.944642,51.896424,2.572259,True
1650,1773653517.623387,1773653750.163682,120,12,45.861922,19.900835,2.360099,True
1651,1773653517.623416,1773654178.249468,1201,402,901.990624,37.827546,2.155020,True
1652,1773653517.623445,1773654175.337102,1152,400,895.937882,29.224211,2.172215,True
1653,1773653517.623474,1773653761.548462,238,14,68.319682,29.553185,2.982038,True
1654,1773653517.623504,1773654179.876902,997,393,903.126370,42.094203,2.196511,True
1655,1773653517.623533,1773654272.155860,1025,394,1087.240472,50.364180,2.638362,True
1656,1773653517.623561,1773654220.245422,1121,440,982.935788,31.079046,2.168239,True
1657,1773653517.623589,1773653805.738629,1312,141,153.689247,22.789206,0.935000,True
1658,1773653517.623618,1773653818.087061,403,113,178.156011,41.397533,1.221058,True
1659,1773653517.623646,1773654185.868323,1036,388,913.696020,48.936661,2.234520,True
1660,1773653517.623677,1773653798.821079,385,80,139.391773,30.731216,1.375450,True
1661,1773653517.623708,1773653806.735724,444,101,154.509357,30.375309,1.241340,True
1662,1773653517.623740,1773653976.257598,1012,461,493.466932,41.490681,0.982557,True
1663,1773653517.623772,1773654533.077346,1036,590,1606.257038,128.304689,2.509257,True
1664,1773653517.623801,1773653931.763496,1036,375,403.464819,40.984169,0.969200,True
1665,1773653517.623833,1773653755.612150,380,61,50.824485,15.077939,0.595776,True
1666,1773653517.623861,1773653785.068227,378,56,109.652627,32.099442,1.410058,True
1667,1773653517.623890,1773654275.872031,1052,378,1091.156154,127.958770,2.554900,True
1668,1773653517.623919,1773654210.521964,1039,417,960.228911,47.549737,2.193940,True
1669,1773653517.623964,1773654204.556461,1097,409,947.584035,49.390958,2.201454,True
1670,1773653517.623992,1773653804.199597,1052,373,146.706326,16.287294,0.350589,True
1671,1773653517.624021,1773654197.810647,1036,397,932.462354,32.604086,2.272369,True
1672,1773653517.624053,1773653786.789890,376,74,110.407658,25.461134,1.163651,True
1673,1773653517.624082,1773654230.511282,1043,397,997.181897,41.534256,2.413252,True
1674,1773653517.624110,1773653816.486058,1020,445,168.352673,14.523017,0.346463,True
1675,1773653517.624139,1773653816.970988,1105,429,168.960163,16.119165,0.357105,True
1676,1773653517.624168,1773653815.423009,1095,420,165.842932,17.446408,0.354168,True
1677,1773653517.624197,1773654243.141578,1033,403,1021.047879,42.949772,2.433080,True
1678,1773653517.624227,1773653794.501475,1063,93,123.539219,25.933907,1.060927,True
1679,1773653517.624256,1773654294.349591,981,402,1122.327145,125.074385,2.486915,True
1680,1773653517.624284,1773654225.251959,999,411,983.925139,54.399679,2.267135,True
1681,1773653517.624316,1773653927.758393,1010,401,388.720614,27.544197,0.902941,True
1682,1773653517.624343,1773654287.699495,1018,396,1108.579261,124.842889,2.490472,True
1683,1773653517.624371,1773654231.178904,1145,374,995.326412,43.238860,2.552514,True
1684,1773653517.624406,1773653824.882508,1059,477,182.012794,14.841279,0.351201,True
1685,1773653517.624435,1773653930.351609,1080,395,391.957704,29.061748,0.921056,True
1686,1773653517.624463,1773653999.955642,1321,182,531.054673,53.258321,2.639759,True
1687,1773653517.624491,1773654261.001736,1035,400,1053.124563,59.776741,2.489594,True
1688,1773653517.624523,1773653931.704811,1004,394,394.181903,30.630666,0.925067,True
1689,1773653517.624555,1773653949.201003,1165,421,425.704776,28.895749,0.944783,True
1690,1773653517.624583,1773654295.085105,1108,459,1117.201384,48.568064,2.333261,True
1691,1773653517.624611,1773653812.223032,978,391,151.307302,15.889576,0.347225,True
1692,1773653517.624640,1773653774.995169,414,137,75.516931,11.480832,0.470854,True
1693,1773653517.624667,1773653798.244712,400,103,121.561885,23.478707,0.961600,True
1694,1773653517.624696,1773653813.825261,998,396,152.310212,16.155002,0.344697,True
1695,1773653517.624724,1773653916.899231,1045,393,357.258192,13.413488,0.877155,True
1696,1773653517.624753,1773653940.216502,1002,407,403.757852,29.917619,0.920789,True
1697,1773653517.624781,1773654120.848330,874,150,764.604026,119.707749,4.328163,True
1698,1773653517.624812,1773654323.559772,1060,415,1169.795947,121.369218,2.532432,True
1699,1773653517.624841,1773653921.372889,399,92,365.195079,46.270249,3.504668,True
1700,1773653517.624869,1773653827.748710,1219,429,177.695126,18.121354,0.372836,True
1701,1773653517.624897,1773654283.898991,1100,371,1089.090170,124.415757,2.607228,True
1702,1773653517.624925,1773653818.174433,1064,418,157.516671,12.134984,0.348637,True
1703,1773653517.624969,1773653820.658415,1064,414,162.211195,13.871024,0.359177,True
1704,1773653517.624999,1773654333.446620,1003,418,1187.743391,124.195040,2.550476,True
1705,1773653517.625027,1773653960.710190,1204,437,442.080167,28.801984,0.947886,True
1706,1773653517.625136,1773654043.504813,1656,82,607.616122,124.077291,5.969615,True
1707,1773653517.625168,1773654305.238285,1179,445,1131.069145,45.341175,2.445333,True
1708,1773653517.625198,1773654364.258688,1146,440,1249.087757,121.785779,2.567886,True
1709,1773653517.625227,1773653786.727291,420,80,93.880013,12.590066,1.028987,True
1710,1773653517.625260,1773653980.604854,1136,518,481.610403,15.333971,0.901889,True
1711,1773653517.625294,1773654062.592433,402,95,645.558795,126.282182,5.524219,True
1712,1773653517.625326,1773654099.782606,18,128,719.917866,123.946777,4.692686,True
1713,1773653517.625363,1773654161.285200,12,231,842.728802,45.128956,3.467825,True
1714,1773653517.625395,1773653962.187726,1271,423,444.052754,35.002929,0.969312,True
1715,1773653517.625425,1773653797.828287,434,77,114.285043,27.786461,1.138139,True
1716,1773653517.625453,1773653908.394531,1050,362,334.803172,17.562501,0.878783,True
1717,1773653517.625486,1773653930.476553,1069,410,378.943287,17.550922,0.883600,True
1718,1773653517.625516,1773653761.155143,242,14,40.135915,15.935021,1.861607,True
1719,1773653517.625545,1773653834.566375,1116,451,186.548450,18.285308,0.373918,True
1720,1773653517.625574,1773653931.825127,998,411,379.861887,17.637250,0.883475,True
1721,1773653517.625602,1773653946.896972,1103,393,409.648685,34.511692,0.956982,True
1722,1773653517.625631,1773654323.446891,1163,418,1162.375912,123.835590,2.490504,True
1723,1773653517.625660,1773654416.562975,1065,474,1348.589108,123.825254,2.589353,True
1724,1773653517.625688,1773653775.069035,1063,93,65.577998,13.112144,0.570281,True
1725,1773653517.625716,1773654030.853768,398,95,576.445377,46.933544,5.633105,True
1726,1773653517.625751,1773653830.324593,874,169,174.093222,30.200515,0.856504,True
1727,1773653517.625779,1773653950.802119,1056,417,414.698600,28.465441,0.928445,True
1728,1773653517.625807,1773653778.475416,1116,79,69.074631,14.630497,0.698002,True
1729,1773653517.625836,1773653946.835464,1044,396,405.710558,29.498472,0.952436,True
1730,1773653517.625865,1773653964.488338,1075,466,440.437348,18.346673,0.907722,True
1731,1773653517.625896,1773653809.589768,401,89,130.535556,32.262725,1.116737,True
1732,1773653517.625924,1773654004.438684,1044,524,519.388012,33.935522,0.928207,True
1733,1773653517.625969,1773653834.383842,1312,157,179.257108,40.243006,0.891116,True
1734,1773653517.626007,1773653942.724827,1039,398,395.710004,27.739819,0.926877,True
1735,1773653517.626053,1773653947.801580,1027,390,405.779249,33.539986,0.956913,True
1736,1773653517.626083,1773653778.961474,395,93,67.891886,14.561837,0.579674,True
1737,1773653517.626112,1773654362.082739,1133,423,1233.669493,136.459093,2.600025,True
1738,1773653517.626142,1773654533.205464,1156,565,1575.888810,136.447469,2.552201,True
1739,1773653517.626170,1773654469.355359,1082,522,1447.986050,121.843980,2.545378,True
1740,1773653517.626198,1773654278.965525,1126,375,1067.013049,125.303829,2.517939,True
1741,1773653517.626227,1773654182.918963,1314,210,874.898844,115.082549,3.635485,True
1742,1773653517.626255,1773653814.648612,1062,373,137.718371,12.778994,0.335859,True
1743,1773653517.626283,1773653783.630005,238,14,74.417152,32.030910,3.260480,True
1744,1773653517.626315,1773653836.819324,1313,181,180.440570,29.814205,0.836813,True
1745,1773653517.626347,1773653954.542113,1200,406,415.865041,30.896518,0.950540,True
1746,1773653517.626375,1773654113.475625,413,137,733.449806,124.012891,4.481154,True
1747,1773653517.626403,1773654277.820488,1054,374,1062.118131,124.002448,2.515055,True
1748,1773653517.626432,1773654050.838289,1059,622,608.091709,39.741907,0.915217,True
1749,1773653517.626461,1773654350.901133,1050,411,1207.453937,125.374459,2.639218,True
1750,1773653517.626488,1773653829.002353,1069,419,163.611446,15.243078,0.354948,True
1751,1773653517.626516,1773653956.383024,1085,426,418.306882,27.215739,0.920214,True
1752,1773653517.626545,1773653962.249140,1012,434,429.955376,27.173455,0.930212,True
1753,1773653517.626580,1773653799.878514,1537,51,105.193037,34.420358,1.415454,True
1754,1773653517.626607,1773653777.938252,401,80,60.883089,12.080649,0.617752,True
1755,1773653517.626635,1773654030.386229,1158,589,565.222903,31.707486,0.907339,True
1756,1773653517.626664,1773653957.981653,1028,396,419.344797,38.225132,0.964860,True
1757,1773653517.626692,1773653775.074435,369,57,52.479115,10.742674,0.745294,True
1758,1773653517.626720,1773653848.397223,1133,507,198.031709,13.058368,0.365560,True
1759,1773653517.626754,1773653988.615100,1010,485,478.383255,28.307350,0.929909,True
1760,1773653517.626783,1773654405.928281,1066,465,1312.534599,121.108366,2.567729,True
1761,1773653517.626812,1773654359.446743,1036,422,1219.349530,131.933819,2.582935,True
1762,1773653517.626845,1773653825.761516,977,407,151.177524,10.686628,0.346037,True
1763,1773653517.626879,1773654318.614013,1097,411,1136.538440,120.419291,2.478339,True
1764,1773653517.626909,1773653784.351499,396,88,67.739001,13.417487,0.624385,True
1765,1773653517.626953,1773654480.808969,1096,514,1460.472859,121.974001,2.609160,True
1766,1773653517.626984,1773654046.578977,2006,77,592.002650,128.638609,6.096895,True
1767,1773653517.627012,1773654070.881638,1052,667,640.214522,28.937836,0.917833,True
1768,1773653517.627040,1773653971.567473,1082,428,441.208010,31.438358,0.959648,True
1769,1773653517.627073,1773654294.128008,1073,378,1085.992348,130.577232,2.534258,True
1770,1773653517.627101,1773654126.686351,11,141,750.883614,127.972244,4.449367,True
1771,1773653517.627128,1773653821.812339,1093,396,140.762989,10.966771,0.328598,True
1772,1773653517.627157,1773654311.838180,1014,392,1120.053638,135.922894,2.516958,True
1773,1773653517.627188,1773653942.598376,1085,375,381.562004,28.711500,0.943451,True
1774,1773653517.627220,1773654319.840385,1174,411,1135.804549,124.747646,2.465992,True
1775,1773653517.627248,1773654297.959634,1094,378,1091.853088,137.028473,2.532691,True
1776,1773653517.627277,1773653959.902310,1086,410,415.529410,31.302050,0.939431,True
1777,1773653517.627306,1773654354.534290,987,413,1204.772425,127.068124,2.615787,True
1778,1773653517.627333,1773653945.646411,1088,363,386.891094,34.333308,0.973917,True
1779,1773653517.627362,1773654475.238787,1102,523,1445.948150,124.422880,2.531658,True
1780,1773653517.627391,1773653969.745068,1029,401,434.942649,39.470073,0.988681,True
1781,1773653517.627420,1773653826.851194,981,381,148.988182,14.134802,0.354877,True
1782,1773653517.627447,1773654308.666240,1029,405,1112.574227,124.307390,2.446205,True
1783,1773653517.627476,1773654064.479611,374,91,624.179969,126.826566,5.526149,True
1784,1773653517.627504,1773653830.144572,1023,415,155.070232,11.037478,0.347905,True
1785,1773653517.627533,1773654023.451373,956,59,541.450496,123.960203,7.198108,True
1786,1773653517.627560,1773654287.699658,1057,388,1069.926545,123.949347,2.444386,True
1787,1773653517.627588,1773654305.123975,1053,385,1104.583774,140.960938,2.509434,True
1788,1773653517.627617,1773653956.559587,1041,395,407.169693,31.765173,0.952803,True
1789,1773653517.627644,1773654333.225285,1146,401,1159.840390,132.721957,2.567796,True
1790,1773653517.627672,1773654302.900023,1038,401,1098.946628,123.259411,2.439218,True
1791,1773653517.627703,1773654394.319269,1051,440,1281.765072,140.354530,2.600024,True
1792,1773653517.627732,1773654120.721776,15,134,734.379892,132.495016,4.525450,True
1793,1773653517.627759,1773654000.088860,1006,394,492.884737,56.894851,1.109389,True
1794,1773653517.627787,1773653820.285558,424,102,133.023628,30.966449,1.010467,True
1795,1773653517.627819,1773653835.837154,1029,415,163.354724,12.332342,0.364788,True
1796,1773653517.627846,1773653841.571877,1006,488,174.638312,10.653898,0.336724,True
1797,1773653517.627874,1773653971.508666,1005,386,433.946462,42.572409,1.016556,True
1798,1773653517.627905,1773653819.872159,404,96,130.436928,30.144856,1.055706,True
1799,1773653517.627948,1773654475.110792,1147,509,1440.725872,131.278394,2.577653,True
1800,1773653517.627977,1773653830.379692,1314,138,151.119849,33.397443,0.859288,True
1801,1773653517.628010,1773654343.718730,1008,408,1177.473202,138.813777,2.551989,True
1802,1773653517.628039,1773654078.609136,397,93,647.237250,140.390749,5.509201,True
1803,1773653517.628067,1773654408.261650,1027,450,1306.329078,132.904035,2.613419,True
1804,1773653517.628095,1773653868.915683,424,96,227.411835,62.483861,1.736084,True
1805,1773653517.628124,1773653838.218414,1042,424,165.210705,12.147837,0.361851,True
1806,1773653517.628153,1773653824.491271,1094,385,137.673000,12.823171,0.325130,True
1807,1773653517.628188,1773653817.818745,415,93,123.560235,32.178921,0.993275,True
1808,1773653517.628218,1773653993.334287,1096,411,474.487551,48.804164,1.038252,True
1809,1773653517.628247,1773653903.384955,398,127,294.335690,79.364149,1.706123,True
1810,1773653517.628276,1773653864.226901,1052,564,215.628891,12.556057,0.360698,True
1811,1773653517.628304,1773653832.929466,1089,394,152.890278,13.789408,0.353946,True
1812,1773653517.628333,1773654374.548314,1160,443,1235.652806,119.965415,2.524180,True
1813,1773653517.628361,1773654012.224509,1786,50,510.985443,128.288214,7.810148,True
1814,1773653517.628390,1773653854.951601,1090,558,194.991870,11.022529,0.330286,True
1815,1773653517.628421,1773654169.926251,1317,180,824.583516,143.159384,3.806839,True
1816,1773653517.628455,1773654484.981320,1179,511,1454.674452,143.148617,2.571619,True
1817,1773653517.628485,1773653966.817596,1116,368,418.203691,44.067440,1.019445,True
1818,1773653517.628513,1773653823.768133,388,55,132.082378,48.631441,1.545388,True
1819,1773653517.628541,1773653908.453645,887,112,301.341063,87.007452,1.930933,True
1820,1773653517.628576,1773654312.473598,1020,385,1108.617937,136.197421,2.532345,True
1821,1773653517.628605,1773654124.121958,1313,135,731.891685,136.186564,4.445561,True
1822,1773653517.628632,1773654330.115691,1055,395,1143.219691,139.587049,2.547291,True
1823,1773653517.628661,1773653834.251889,1130,391,150.925649,14.029466,0.351016,True
1824,1773653517.628689,1773653991.568261,1062,398,464.925828,51.791291,1.040641,True
1825,1773653517.628721,1773653839.469059,1070,411,159.802141,13.250597,0.357443,True
1826,1773653517.628752,1773653769.518651,238,14,19.414182,8.666545,0.826741,True
1827,1773653517.628781,1773654013.290719,1060,468,506.600224,44.903753,0.988643,True
1828,1773653517.628810,1773653950.928715,1026,379,381.851658,28.215478,0.935545,True
1829,1773653517.628839,1773653994.205313,1073,385,468.301505,52.123401,1.083797,True
1830,1773653517.628870,1773653954.536149,1325,198,388.843453,88.790178,1.523113,True
1831,1773653517.628899,1773654034.742122,387,58,549.233471,147.103565,7.054911,True
1832,1773653517.628927,1773653837.879124,438,93,155.411658,48.632943,1.160638,True
1833,1773653517.628974,1773653789.709037,406,86,58.754073,14.295225,0.523045,True
1834,1773653517.629015,1773654081.348662,388,93,641.825235,146.790063,5.380817,True
1835,1773653517.629051,1773653859.108602,398,107,195.932348,51.035738,1.366949,True
1836,1773653517.629085,1773653784.657089,22,131,46.986483,7.314134,0.305172,True
1837,1773653517.629113,1773653781.801081,417,110,40.997950,7.175845,0.310295,True
1838,1773653517.629145,1773654305.337898,1052,400,1088.000557,123.681833,2.416839,True
1839,1773653517.629174,1773654290.019341,1069,388,1057.342574,123.671344,2.412587,True
1840,1773653517.629203,1773654384.460720,1019,427,1246.016376,145.772130,2.582733,True
1841,1773653517.629230,1773653959.356181,1222,396,395.596855,26.659472,0.934019,True
1842,1773653517.629259,1773653971.944844,902,29,420.524716,123.337000,10.613847,True
1843,1773653517.629288,1773654008.098444,1051,440,492.725961,48.462012,1.011991,True
1844,1773653517.629315,1773653904.985329,2006,175,286.477401,50.089832,1.358549,True
1845,1773653517.630570,1773654015.090279,1135,388,506.473810,53.057642,1.171618,True
1846,1773653517.630611,1773654165.835644,1349,172,807.850532,136.182831,3.927881,True
1847,1773653517.630642,1773654499.102356,1147,525,1474.365711,136.171646,2.553805,True
1848,1773653517.630678,1773653827.748513,1095,387,130.549623,8.218964,0.316919,True
1849,1773653517.630709,1773654308.890038,1158,383,1092.630809,135.524947,2.505513,True
1850,1773653517.630738,1773654031.809715,1090,414,537.630364,75.813560,1.118200,True
1851,1773653517.630769,1773654090.345628,396,99,654.059493,143.909851,5.205609,True
1852,1773653517.630797,1773654338.963611,1091,397,1151.275673,141.719891,2.549383,True
1853,1773653517.630830,1773654359.341563,1083,430,1191.820197,121.587991,2.494714,True
1854,1773653517.630859,1773654327.977215,1136,396,1129.069385,148.265305,2.483048,True
1855,1773653517.630893,1773653830.419188,1001,375,133.932589,11.174220,0.328231,True
1856,1773653517.630922,1773654150.568929,50,154,774.063354,148.169905,4.090807,True
1857,1773653517.630969,1773654470.887111,1056,499,1414.481823,141.401010,2.556387,True
1858,1773653517.631003,1773653853.746204,1084,534,179.745012,8.300729,0.321659,True
1859,1773653517.631035,1773654333.346609,1062,416,1138.070080,123.234135,2.445388,True
1860,1773653517.631065,1773653857.096731,773,41,185.383035,77.076627,2.707660,True
1861,1773653517.631092,1773654025.550674,1070,373,522.270070,82.076502,1.183316,True
1862,1773653517.631121,1773653841.054760,1085,407,153.029992,13.854590,0.342797,True
1863,1773653517.631150,1773653780.353222,388,75,29.581745,6.611923,0.310403,True
1864,1773653517.631179,1773653895.369236,383,80,258.071994,81.709509,2.232437,True
1865,1773653517.631210,1773654562.873233,1027,660,1593.058129,121.200768,2.233471,True
1866,1773653517.631240,1773654082.762769,414,102,632.412592,122.012616,5.053465,True
1867,1773653517.631269,1773654408.261656,1164,444,1283.198907,138.386379,2.584227,True
1868,1773653517.631299,1773653844.015311,1069,430,154.608713,11.683382,0.333159,True
1869,1773653517.631327,1773653960.081663,1136,396,385.974344,21.865925,0.921793,True
1870,1773653517.631359,1773654039.330359,1951,67,544.358683,126.136938,6.336693,True
1871,1773653517.631388,1773654104.801731,1044,527,674.215225,81.901420,1.126072,True
1872,1773653517.631417,1773654130.428019,1094,575,725.444741,82.002757,1.120979,True
1873,1773653517.631445,1773654065.002559,1086,446,594.491740,83.287867,1.148773,True
1874,1773653517.631474,1773654042.391216,991,394,549.248001,88.533856,1.172301,True
1875,1773653517.631503,1773653785.006100,383,59,33.897716,10.337503,0.406211,True
1876,1773653517.631530,1773654316.019907,976,388,1095.224300,143.300466,2.459752,True
1877,1773653517.631560,1773654345.565599,1158,400,1153.634627,136.302826,2.549704,True
1878,1773653517.631589,1773654237.101472,1089,1000,936.631547,23.478503,0.914067,True
1879,1773653517.631618,1773654293.111160,1031,388,1048.503427,124.427916,2.387792,True
1880,1773653517.631649,1773654327.977487,1134,394,1118.213129,152.382845,2.457583,True
1881,1773653517.631678,1773654210.637657,1314,227,883.345669,136.081294,3.306480,True
1882,1773653517.631707,1773654075.975768,400,90,613.573965,135.861802,5.367552,True
1883,1773653517.631737,1773653873.060556,1025,604,207.731617,9.199637,0.329240,True
1884,1773653517.631764,1773654368.243091,1052,415,1197.676790,151.849450,2.526153,True
1885,1773653517.631794,1773653838.555917,1020,420,138.052904,5.217704,0.317029,True
1886,1773653517.631826,1773653784.514784,410,99,29.824993,5.145271,0.251834,True
1887,1773653517.631855,1773653960.082089,998,385,379.739652,22.738098,0.929692,True
1888,1773653517.631891,1773654046.720965,1120,419,552.767609,80.708478,1.129328,True
1889,1773653517.631922,1773654333.225451,1112,394,1125.381680,134.512199,2.521296,True
1890,1773653517.631968,1773653865.730831,973,565,189.911994,7.005071,0.324303,True
1891,1773653517.631997,1773653797.084860,1351,148,52.599360,10.175554,0.288597,True
1892,1773653517.632027,1773654142.799699,16,163,742.969278,121.971822,3.833318,True
1893,1773653517.632055,1773654036.202528,1069,396,529.754873,82.535700,1.132200,True
1894,1773653517.632084,1773653953.547333,1316,193,364.317398,80.528837,1.478065,True
1895,1773653517.632114,1773654491.237955,1025,514,1439.627179,149.830596,2.514223,True
1896,1773653517.632143,1773653899.337857,2006,77,254.352667,82.889772,2.256091,True
1897,1773653517.632170,1773654021.833713,378,51,498.281512,132.354613,7.318538,True
1898,1773653517.632199,1773654045.664619,1036,398,545.843579,83.558170,1.164447,True
1899,1773653517.632228,1773653871.044266,1042,558,195.566536,7.699973,0.337283,True
1900,1773653517.632257,1773653844.249360,1089,372,141.748929,9.826089,0.355587,True
1901,1773653517.632288,1773654036.925057,1146,395,526.622694,82.182544,1.128021,True
1902,1773653517.632317,1773654362.199171,1011,411,1176.135557,131.730614,2.547329,True
1903,1773653517.632351,1773654314.247384,981,382,1079.550656,136.270861,2.475800,True
1904,1773653517.632384,1773653988.557912,1138,414,427.840980,25.695430,0.973718,True
1905,1773653517.632412,1773654373.818658,1163,418,1198.047499,135.948649,2.547000,True
1906,1773653517.632444,1773654061.678798,1087,417,573.707628,83.312703,1.178834,True
1907,1773653517.632473,1773653869.335725,1138,517,188.666502,12.248346,0.341896,True
1908,1773653517.632502,1773654435.129237,1160,468,1320.229751,146.239454,2.513898,True
1909,1773653517.632530,1773653800.816435,21,165,51.482481,8.125452,0.264372,True
1910,1773653517.632559,1773653846.633037,1091,378,143.094720,14.044295,0.342309,True
1911,1773653517.632588,1773653861.583579,1149,407,172.973854,16.525091,0.385342,True
1912,1773653517.632617,1773653908.394347,1378,85,266.305011,84.627214,2.162831,True
1913,1773653517.632645,1773653989.565612,1013,397,428.288996,32.955740,0.998316,True
1914,1773653517.632676,1773653995.356607,1053,408,439.038232,32.538735,0.998770,True
1915,1773653517.632708,1773654048.913992,1049,398,546.024081,82.236140,1.168232,True
1916,1773653517.632740,1773654082.634291,1474,94,613.420399,134.818940,5.146252,True
1917,1773653517.632767,1773653784.153562,243,14,16.357812,7.226111,0.702439,True
1918,1773653517.632797,1773654088.161782,401,95,624.056344,145.119768,5.095070,True
1919,1773653517.632826,1773654098.520569,430,106,644.748757,145.108773,4.758476,True
1920,1773653517.632858,1773654046.720682,1044,415,540.009628,77.256762,1.117761,True
1921,1773653517.632890,1773653851.117433,1179,398,148.720668,9.035399,0.351852,True
1922,1773653517.632918,1773654049.607030,1175,401,545.529665,87.914196,1.144039,True
1923,1773653517.632966,1773654299.769986,1034,395,1045.754046,116.402907,2.358759,True
1924,1773653517.632999,1773653839.111719,1951,46,124.434391,48.046675,1.697505,True
1925,1773653517.633028,1773654299.434775,1134,394,1045.057452,116.381035,2.363044,True
1926,1773653517.633056,1773654082.762782,415,101,611.692734,116.370543,4.953222,True
1927,1773653517.633085,1773654339.070729,1157,416,1124.287604,118.369435,2.423899,True
1928,1773653517.633114,1773654134.690903,983,151,715.496978,121.982532,3.956763,True
1929,1773653517.633142,1773654397.003267,1059,448,1240.105942,128.455490,2.486914,True
1930,1773653517.633171,1773654285.244835,969,375,1016.569372,128.445032,2.374664,True
1931,1773653517.633200,1773653959.305480,243,14,364.669489,135.308540,17.643150,True
1932,1773653517.633229,1773654035.121763,1011,373,516.195251,83.664955,1.162716,True
1933,1773653517.633261,1773654037.750806,1040,385,521.227638,87.618793,1.129190,True
1934,1773653517.633289,1773654026.121971,1047,419,496.385195,54.675558,1.056722,True
1935,1773653517.633318,1773653861.436561,1135,396,166.992826,11.297317,0.394166,True
1936,1773653517.633347,1773654041.464207,1162,401,526.838815,79.883567,1.117388,True
1937,1773653517.633388,1773653867.143541,1150,395,177.314752,20.147210,0.398902,True
1938,1773653517.633420,1773653826.509737,20,177,95.606346,19.927075,0.429996,True
1939,1773653517.633449,1773653811.874523,379,70,65.815791,15.004362,0.736398,True
1940,1773653517.633478,1773654051.327558,1106,396,544.657354,86.003934,1.161148,True
1941,1773653517.633508,1773653914.929700,414,95,271.629312,85.641280,1.978596,True
1942,1773653517.633537,1773654368.243179,1072,415,1177.751577,141.886302,2.502090,True
1943,1773653517.633566,1773653955.160313,238,14,351.564279,141.875959,16.129871,True
1944,1773653517.633598,1773654078.608630,385,87,598.440160,141.865191,5.309011,True
1945,1773653517.633627,1773653838.172741,322,18,116.538518,52.700966,3.755150,True
1946,1773653517.633654,1773654052.889736,1026,396,545.615965,86.908406,1.161285,True
1947,1773653517.633683,1773653875.433467,970,403,190.144785,23.765693,0.413878,True
1948,1773653517.633711,1773654068.973387,1378,85,576.074750,129.806925,5.312712,True
1949,1773653517.633740,1773653917.913523,13,172,273.660986,51.522440,1.299056,True
1950,1773653517.633768,1773654322.607580,1004,388,1082.696027,134.940438,2.448981,True
1951,1773653517.633797,1773653872.194127,980,372,180.763801,22.314805,0.427086,True
1952,1773653517.633830,1773654113.052377,1102,530,662.434526,76.094181,1.108394,True
1953,1773653517.633862,1773654308.666246,1005,394,1053.641805,130.434623,2.349128,True
1954,1773653517.633890,1773653821.672328,403,94,79.591027,23.701928,0.600958,True
1955,1773653517.633919,1773654037.691818,1169,451,511.462693,50.644616,1.024040,True
1956,1773653517.633967,1773654333.446763,1140,397,1101.713990,141.882664,2.423816,True
1957,1773653517.633997,1773654338.963896,1083,395,1112.515535,133.492820,2.484829,True
1958,1773653517.634026,1773654047.231449,1034,398,528.532531,81.797874,1.125276,True
1959,1773653517.634054,1773654126.686345,404,131,686.952048,132.989408,4.261251,True
1960,1773653517.634082,1773654384.578233,1073,422,1202.713793,132.978697,2.540938,True
1961,1773653517.634111,1773653950.342454,243,14,334.222461,132.967462,15.481154,True
1962,1773653517.634139,1773654323.659402,1146,389,1080.832487,132.956495,2.442979,True
1963,1773653517.634167,1773654337.331607,1017,394,1108.156082,132.945222,2.481453,True
1964,1773653517.634196,1773654038.944318,1164,395,510.850685,75.901357,1.103932,True
1965,1773653517.634228,1773653919.915298,1312,156,272.563146,56.376639,1.394752,True
1966,1773653517.634256,1773654043.940561,1096,396,519.654986,80.643658,1.111421,True
1967,1773653517.634287,1773653917.308907,983,151,266.288250,55.845180,1.402954,True
1968,1773653517.634316,1773653877.269437,1050,412,186.186683,21.402958,0.400934,True
1969,1773653517.634345,1773653909.742688,399,87,251.045438,75.201724,2.044694,True
1970,1773653517.634373,1773653816.485548,404,118,64.264197,14.280280,0.427213,True
1971,1773653517.634402,1773653820.485300,1992,91,71.932752,23.177881,0.541721,True
1972,1773653517.634433,1773653878.238911,1163,409,187.142840,25.453740,0.396297,True
1973,1773653517.634462,1773653904.940471,1103,577,239.847030,20.758497,0.380362,True
1974,1773653517.634490,1773654174.039631,1123,651,777.941247,81.920728,1.070801,True
1975,1773653517.634519,1773653878.138331,1032,396,185.971762,23.304452,0.411816,True
1976,1773653517.634548,1773653872.607642,315,18,174.703011,74.164145,5.914051,True
1977,1773653517.634576,1773653939.362411,1316,151,308.190225,75.840575,1.548998,True
1978,1773653517.634605,1773654337.221707,1014,398,1102.191427,138.345931,2.427822,True
1979,1773653517.634634,1773654386.140781,1071,426,1200.007070,138.335478,2.498051,True
1980,1773653517.634663,1773654500.385543,1069,523,1428.472942,138.325032,2.471548,True
1981,1773653517.634691,1773654085.347198,421,93,598.376975,138.314056,5.000684,True
1982,1773653517.634722,1773654104.859354,1474,109,637.370184,140.165200,4.603750,True
1983,1773653517.634753,1773654330.002239,1097,393,1087.642414,146.035694,2.402058,True
1984,1773653517.634860,1773654376.968413,1086,419,1181.541403,146.024514,2.477313,True
1985,1773653517.634891,1773653959.743061,238,14,347.076894,146.013091,15.466446,True
1986,1773653517.634924,1773654312.997874,1088,382,1053.551442,146.001506,2.382021,True
1987,1773653517.634974,1773654043.239294,1088,417,513.137402,59.938401,1.089421,True
1988,1773653517.635003,1773653888.068755,724,40,202.775090,78.075078,3.197436,True
1989,1773653517.635037,1773654040.588723,1151,404,507.708074,63.109043,1.103223,True
1990,1773653517.635070,1773654035.730390,1101,385,497.861810,74.994892,1.101216,True
1991,1773653517.635100,1773653919.322082,1090,558,264.508755,26.273067,0.427712,True
1992,1773653517.635129,1773653879.786348,960,413,183.474480,23.100962,0.389256,True
1993,1773653517.635158,1773654341.896147,1094,411,1107.319536,128.880513,2.386437,True
1994,1773653517.635187,1773654347.890028,1111,396,1118.838101,137.108983,2.485390,True
1995,1773653517.635215,1773653928.671394,1316,140,280.393820,63.816286,1.558112,True
1996,1773653517.635244,1773654316.136232,1094,377,1054.066217,143.337070,2.422152,True
1997,1773653517.635273,1773653914.440101,403,86,249.906386,80.337403,1.994929,True
1998,1773653517.635303,1773653940.159117,1316,149,301.115061,75.154341,1.526762,True
1999,1773653517.635331,1773654394.212796,1114,442,1209.044857,135.360021,2.434659,True
2000,1773653517.635364,1773653851.723606,1323,213,124.025094,21.438973,0.483897,True
2001,1773653517.635394,1773653949.712709,397,181,319.851881,62.503475,1.429713,True
2002,1773653517.635423,1773654376.968277,1069,419,1173.050650,141.778116,2.467159,True
2003,1773653517.635452,1773653856.584575,1316,207,132.167907,27.532709,0.507938,True
2004,1773653517.635481,1773653906.590331,374,76,231.598259,75.769240,2.077720,True
2005,1773653517.635509,1773654056.711307,994,396,530.768538,78.498192,1.144988,True
2006,1773653517.635541,1773653906.532901,1961,96,229.413304,61.521003,1.767287,True
2007,1773653517.635569,1773654305.338015,961,388,1026.808740,137.017451,2.299202,True
2008,1773653517.635599,1773653836.409321,397,94,87.972508,22.928684,0.699396,True
2009,1773653517.635628,1773654032.586111,1053,380,480.136952,61.664622,1.104149,True
2010,1773653517.635655,1773654109.188642,1314,111,631.455650,145.162503,4.420847,True
2011,1773653517.635684,1773654066.458324,1131,432,543.906717,70.375588,1.098680,True
2012,1773653517.635712,1773653886.559251,1198,394,181.940112,24.574034,0.400423,True
2013,1773653517.635741,1773654291.460082,1074,377,990.806828,132.894440,2.281682,True
2014,1773653517.635772,1773654122.062682,44,121,651.595510,136.175894,4.295163,True
2015,1773653517.635801,1773653875.093739,738,10,156.801088,73.131711,9.296597,True
2016,1773653517.635830,1773653821.925387,738,10,49.671012,23.073494,2.955280,True
2017,1773653517.635862,1773653978.459921,738,20,362.021167,141.178492,11.623299,True
2018,1773653517.635890,1773654072.633887,1026,418,549.600542,75.373488,1.137235,True
2019,1773653517.635926,1773654049.668359,1040,399,502.838503,70.419503,1.086480,True
2020,1773653517.635973,1773653886.666103,1133,414,175.727229,16.548681,0.385420,True
2021,1773653517.636003,1773654023.669835,808,43,449.684037,142.142475,7.322418,True
2022,1773653517.636032,1773654070.575358,373,78,542.852859,141.818493,5.208239,True
2023,1773653517.636063,1773654073.417268,1138,80,548.512710,141.807873,5.148162,True
2024,1773653517.636097,1773654033.301329,1133,379,468.238392,57.253356,1.087262,True
2025,1773653517.636126,1773653964.474125,120,12,329.999399,141.492242,17.137014,True
2026,1773653517.636155,1773654058.983995,1073,419,518.204273,59.165626,1.098179,True
2027,1773653517.636184,1773654066.682549,1128,428,532.553639,66.154795,1.092269,True
2028,1773653517.636212,1773654056.172894,1020,74,511.351385,128.458181,5.245112,True
2029,1773653517.636243,1773653885.127847,1124,411,168.612670,15.732318,0.372879,True
2030,1773653517.636272,1773653882.941077,1048,396,163.699303,17.211216,0.370856,True
2031,1773653517.636300,1773654043.940722,1013,394,485.257788,65.249459,1.068723,True
2032,1773653517.636332,1773653833.706221,376,69,63.218496,16.205540,0.691367,True
2033,1773653517.636361,1773653888.077126,1148,393,170.770215,19.090666,0.386938,True
2034,1773653517.636390,1773654058.050504,1018,391,508.949345,70.308217,1.124721,True
2035,1773653517.636418,1773653915.531869,1337,79,222.971257,72.685299,1.926743,True
2036,1773653517.636447,1773653836.480838,1099,57,64.540351,17.389423,0.841981,True
2037,1773653517.636477,1773653890.248115,1051,396,172.052938,20.123997,0.384630,True
2038,1773653517.636507,1773653890.409245,1138,398,171.483322,18.384771,0.385639,True
2039,1773653517.636534,1773654305.123776,1148,375,998.872096,132.936621,2.315335,True
2040,1773653517.636565,1773653845.723869,424,114,79.992407,18.617567,0.543140,True
2041,1773653517.636598,1773653909.683749,388,80,207.866911,60.810769,1.861470,True
2042,1773653517.636627,1773654044.278023,1091,397,475.445909,52.493043,1.068063,True
2043,1773653517.636655,1773653907.228426,1484,88,201.326144,53.785818,1.695866,True
2044,1773653517.636683,1773654182.918778,1312,181,752.349750,137.865925,3.413799,True
2045,1773653517.636712,1773654053.077065,1031,403,491.386234,62.025853,1.068061,True
2046,1773653517.636741,1773654051.377172,1089,402,487.750557,55.303586,1.078421,True
2047,1773653517.636772,1773653893.204425,1135,390,171.136456,20.339908,0.387652,True
2048,1773653517.636805,1773653920.094433,391,87,223.035733,68.154931,1.800940,True
2049,1773653517.636835,1773653893.223260,974,406,168.934115,15.589082,0.378630,True
2050,1773653517.636866,1773654338.845508,1013,396,1059.967931,129.762427,2.354951,True
2051,1773653517.636895,1773653858.140914,1316,150,98.350269,21.315424,0.517012,True
2052,1773653517.636923,1773653907.257091,1084,429,196.560521,23.533888,0.404268,True
2053,1773653517.636967,1773654042.450208,1162,390,465.701830,53.206075,1.060400,True
2054,1773653517.636997,1773653937.828108,1061,117,256.125223,68.990464,1.613231,True
2055,1773653517.637027,1773654373.352494,1046,427,1126.945384,119.071316,2.365902,True
2056,1773653517.637054,1773654107.038818,1183,501,594.193557,62.235865,1.063915,True
2057,1773653517.637086,1773654299.543458,1182,372,979.097209,128.629592,2.292366,True
2058,1773653517.637115,1773654051.016387,1167,398,481.385751,58.232095,1.065878,True
2059,1773653517.637144,1773653917.239989,381,76,212.421304,68.367857,1.920713,True
2060,1773653517.637172,1773654058.180184,1198,405,494.068827,58.930155,1.077076,True
2061,1773653517.637200,1773654341.657793,1006,397,1059.848816,126.890799,2.355955,True
2062,1773653517.637229,1773653888.097463,1026,385,152.439861,13.667512,0.361386,True
2063,1773653517.637257,1773653898.608308,1022,413,172.751215,14.583996,0.383901,True
2064,1773653517.637285,1773653847.263062,900,102,66.869668,16.167504,0.502002,True
2065,1773653517.637314,1773653915.589778,911,97,203.394938,53.198599,1.564545,True
2066,1773653517.637346,1773654055.152531,1096,398,481.443786,57.190068,1.068649,True
2067,1773653517.637385,1773654081.348312,389,87,533.495794,124.023997,4.761300,True
2068,1773653517.637414,1773653903.651462,1102,420,178.000322,17.859178,0.382198,True
2069,1773653517.637446,1773653895.651211,1010,391,160.445100,14.567071,0.374046,True
2070,1773653517.637474,1773654053.076851,1148,398,473.789924,56.917342,1.050057,True
2071,1773653517.637506,1773653899.824654,1024,396,166.674860,17.485051,0.377696,True
2072,1773653517.637535,1773653901.443098,1023,394,169.890497,18.853352,0.384318,True
2073,1773653517.637564,1773653833.487786,242,14,33.025679,13.020743,1.538841,True
2074,1773653517.637596,1773654055.211854,1144,396,476.181073,59.430872,1.055064,True
2075,1773653517.637624,1773654076.330486,995,449,517.010399,50.174021,1.042045,True
2076,1773653517.637653,1773654371.571547,1082,411,1106.958924,125.335645,2.394203,True
2077,1773653517.637682,1773653849.944909,1020,74,63.518947,19.174225,0.607462,True
2078,1773653517.637710,1773654051.377086,989,392,466.134189,52.746109,1.057259,True
2079,1773653517.637739,1773653894.396070,1717,28,150.909434,62.498690,3.274472,True
2080,1773653517.637768,1773654040.651204,1013,373,441.546170,55.088405,1.038865,True
2081,1773653517.637800,1773654070.215138,1051,427,499.854170,50.768386,1.054192,True
2082,1773653517.637829,1773653908.453656,382,64,176.082684,56.140430,1.903845,True
2083,1773653517.637859,1773653863.238095,1313,204,85.503814,12.189095,0.361156,True
2084,1773653517.637888,1773653852.989776,381,88,64.650819,16.695156,0.551215,True
2085,1773653517.637917,1773654130.554454,1051,538,619.461521,56.366420,1.048594,True
2086,1773653517.637964,1773653966.915420,243,14,292.010578,108.039933,14.151588,True
2087,1773653517.637993,1773653842.842530,1337,79,42.334322,10.999815,0.401724,True
2088,1773653517.638022,1773653859.969470,401,164,76.292032,14.141845,0.381289,True
2089,1773653517.638052,1773653838.147132,120,12,32.439374,15.432203,1.546106,True
2090,1773653517.638080,1773654365.621119,1130,398,1087.109734,129.720959,2.411559,True
2091,1773653517.638109,1773654056.518728,1134,393,465.487133,53.414767,1.051205,True
2092,1773653517.638142,1773654321.655533,1053,385,995.586676,124.017686,2.269711,True
2093,1773653517.638174,1773654056.468632,1015,393,464.564449,50.269804,1.056874,True
2094,1773653517.638203,1773653860.043127,25,165,71.098983,11.471954,0.363579,True
2095,1773653517.638234,1773653916.233493,1168,453,182.688588,14.508191,0.372081,True
2096,1773653517.638267,1773653904.065769,1023,396,156.600904,10.199643,0.370636,True
2097,1773653517.638297,1773653922.549490,964,476,192.073298,13.976088,0.374941,True
2098,1773653517.638325,1773653854.609386,1360,90,55.502609,15.526516,0.449170,True
2099,1773653517.638353,1773653906.828760,1048,397,158.150506,9.788749,0.374651,True
2100,1773653517.638382,1773653917.125527,996,441,178.722960,11.705834,0.379584,True
2101,1773653517.638411,1773653860.084817,890,89,62.160574,16.267325,0.521514,True
2102,1773653517.638439,1773653920.511180,1135,415,180.729257,12.548278,0.406234,True
2103,1773653517.638471,1773653923.355450,408,100,186.045187,44.123566,1.433552,True
2104,1773653517.638503,1773654070.393017,1266,397,480.012982,54.921042,1.073464,True
2105,1773653517.638532,1773653860.084584,403,89,59.309315,14.841604,0.505315,True
2106,1773653517.638560,1773654058.984275,1127,398,454.697102,42.821113,1.037471,True
2107,1773653517.638588,1773653913.558542,390,79,163.823497,43.758084,1.539300,True
2108,1773653517.638620,1773653911.821581,1084,390,157.780107,15.034869,0.366954,True
2109,1773653517.638651,1773653915.178082,963,399,163.370546,10.680983,0.383642,True
2110,1773653517.638679,1773653864.886764,404,128,62.349099,10.461600,0.408563,True
2111,1773653517.638710,1773653916.233325,1201,396,163.952127,15.399810,0.376082,True
2112,1773653517.638739,1773654069.199151,1115,418,469.607403,42.157254,1.025060,True
2113,1773653517.638770,1773654056.339105,1025,397,443.866497,42.146615,1.014444,True
2114,1773653517.638801,1773653860.115622,418,113,51.082615,10.120429,0.365734,True
2115,1773653517.638830,1773654344.266881,984,409,1019.181931,99.167775,2.254937,True
2116,1773653517.638859,1773654316.238144,1150,394,961.889632,98.542043,2.196813,True
2117,1773653517.638886,1773653913.148418,1011,384,154.608004,15.234168,0.363900,True
2118,1773653517.638915,1773653913.263321,1149,383,153.697835,10.404461,0.375114,True
2119,1773653517.638960,1773653863.096063,408,103,53.216635,11.196755,0.411960,True
2120,1773653517.638994,1773653917.239818,386,67,160.836463,48.486195,1.702277,True
2121,1773653517.639022,1773654347.336881,1196,410,1020.731378,96.864022,2.258844,True
2122,1773653517.639050,1773654355.069534,1008,414,1036.172317,102.894377,2.259753,True
2123,1773653517.639160,1773654079.679560,985,421,483.581741,48.111041,1.036835,True
2124,1773653517.639192,1773653926.757807,988,432,177.215328,14.481059,0.377574,True
2125,1773653517.639226,1773654066.627539,1027,414,456.891662,37.223156,1.016147,True
2126,1773653517.639256,1773653924.938595,1042,394,173.428592,17.439508,0.396919,True
2127,1773653517.639286,1773654066.543431,1071,384,456.386885,50.097530,1.060808,True
2128,1773653517.639316,1773653923.418781,1093,401,169.721793,10.865552,0.397141,True
2129,1773653517.639349,1773654120.410544,1171,523,562.574830,40.576872,0.999996,True
2130,1773653517.639393,1773653932.813289,1048,433,186.672319,18.169948,0.390052,True
2131,1773653517.639431,1773654081.348669,1821,84,482.790399,107.927430,4.516421,True
2132,1773653517.639461,1773654092.125103,388,98,502.104160,98.812557,4.157645,True
2133,1773653517.639491,1773653876.199616,1047,99,70.250558,18.863691,0.524356,True
2134,1773653517.639520,1773653958.812104,21,138,235.329415,47.300163,1.372476,True
2135,1773653517.639551,1773653935.783129,971,444,188.400175,10.914207,0.400646,True
2136,1773653517.639580,1773654405.698265,1185,434,1127.322441,107.865396,2.354404,True
2137,1773653517.639609,1773654060.442062,1231,396,435.773235,35.377464,1.013660,True
2138,1773653517.639638,1773653869.805755,413,113,53.916089,9.649606,0.395236,True
2139,1773653517.639666,1773654392.082491,1255,414,1098.197421,111.937412,2.388039,True
2140,1773653517.639695,1773653929.747001,922,104,173.086637,37.413253,1.317217,True
2141,1773653517.639723,1773654328.091059,1080,375,968.932546,111.296314,2.293145,True
2142,1773653517.639754,1773654040.696769,383,48,394.122900,111.285729,6.017812,True
2143,1773653517.639782,1773653992.305132,120,12,297.314491,111.274337,16.912741,True
2144,1773653517.639818,1773654088.282536,376,84,489.245354,111.263469,4.553999,True
2145,1773653517.639848,1773654200.329813,1315,199,713.323470,115.512111,3.019249,True
2146,1773653517.639877,1773654140.049321,36,130,592.740086,115.501234,3.699526,True
2147,1773653517.639905,1773654059.276881,422,67,430.900162,106.075300,4.921589,True
2148,1773653517.639952,1773653866.853403,374,44,45.658279,15.913696,0.691735,True
2149,1773653517.639985,1773653870.620238,1360,94,52.719866,13.144167,0.425545,True
2150,1773653517.640029,1773654061.123214,1076,396,433.456562,36.221644,1.005658,True
2151,1773653517.640061,1773653945.588236,1313,137,202.057090,34.476296,1.232212,True
2152,1773653517.640092,1773653926.553015,890,89,163.282979,39.001118,1.412294,True
2153,1773653517.640120,1773653935.783311,1161,395,180.096363,11.669595,0.427479,True
2154,1773653517.640149,1773653924.752324,382,86,157.387967,39.335474,1.388853,True
2155,1773653517.640178,1773653931.223712,397,86,170.225860,44.324196,1.481196,True
2156,1773653517.640210,1773653872.989167,420,88,52.706311,13.301906,0.452924,True
2157,1773653517.640239,1773653938.909555,1062,397,183.286997,15.254754,0.424324,True
2158,1773653517.640268,1773654053.009621,1122,377,411.217595,36.193515,0.997404,True
2159,1773653517.640297,1773653943.304825,1099,420,190.053958,16.463810,0.414296,True
2160,1773653517.640332,1773654048.846122,1048,379,400.991934,33.467326,0.972287,True
2161,1773653517.640360,1773653930.097898,1055,413,163.391655,12.753217,0.365627,True
2162,1773653517.640389,1773654026.025324,1006,44,354.565658,91.134298,6.126311,True
2163,1773653517.640418,1773653937.057752,1670,117,175.807346,33.563490,1.226240,True
2164,1773653517.640447,1773653922.664814,411,81,146.896003,36.176976,1.383988,True
2165,1773653517.640475,1773653914.673983,1757,45,130.808864,44.878371,1.952966,True
2166,1773653517.640505,1773653934.288608,999,419,168.671190,12.973823,0.372482,True
2167,1773653517.640533,1773653969.771964,247,14,239.568110,89.888683,11.513802,True
2168,1773653517.640563,1773654308.666091,1020,388,917.333436,93.226450,2.129475,True
2169,1773653517.640593,1773654093.613822,442,99,487.207269,93.215679,4.020322,True
2170,1773653517.640623,1773654004.904018,324,18,309.402847,108.982588,11.789427,True
2171,1773653517.640654,1773654071.996028,1009,410,443.576048,34.364834,1.000516,True
2172,1773653517.640683,1773653877.964212,391,104,53.683428,13.618975,0.388975,True
2173,1773653517.640711,1773653959.962718,1313,157,217.325579,33.272460,1.179828,True
2174,1773653517.640740,1773653983.029649,1317,198,263.229309,35.541121,1.155778,True
2175,1773653517.640772,1773653877.226187,386,99,51.003195,11.202252,0.406132,True
2176,1773653517.640804,1773654067.852715,1043,401,430.617329,32.375299,0.995605,True
2177,1773653517.640832,1773653914.499650,1165,45,123.800392,40.988742,1.882083,True
2178,1773653517.640864,1773653936.837250,1028,414,167.686978,12.609822,0.375489,True
2179,1773653517.640893,1773653956.382726,1821,143,205.920234,36.031002,1.196403,True
2180,1773653517.640922,1773653892.501967,237,14,78.051073,33.204756,3.449717,True
2181,1773653517.640969,1773654090.998041,1151,434,474.807838,41.705024,1.000237,True
2182,1773653517.640997,1773653890.248105,1484,159,72.995517,14.171776,0.372302,True
2183,1773653517.641026,1773654088.052640,427,93,467.914122,89.131263,4.117205,True
2184,1773653517.641055,1773654328.192990,1207,400,948.176240,89.120497,2.153022,True
2185,1773653517.641085,1773654347.337059,1001,407,986.439302,93.252458,2.199968,True
2186,1773653517.641113,1773654162.591541,50,168,616.930825,93.241936,3.135862,True
2187,1773653517.641142,1773654030.737303,1381,40,353.095330,102.713819,6.420039,True
2188,1773653517.641175,1773653932.941105,396,93,157.379506,35.201734,1.328019,True
2189,1773653517.641204,1773654368.359044,1040,396,1028.131947,104.886721,2.337330,True
2190,1773653517.641232,1773653877.720803,394,88,46.208613,10.987278,0.404843,True
2191,1773653517.641261,1773653873.886232,378,48,37.855104,12.963578,0.529607,True
2192,1773653517.641294,1773654128.766006,1307,501,546.912992,38.426527,1.016973,True
2193,1773653517.641327,1773654079.679743,974,402,448.512529,39.755474,1.019344,True
2194,1773653517.641365,1773654112.919500,1129,467,514.969890,43.590361,1.011544,True
2195,1773653517.641397,1773654075.082859,1040,388,439.190919,39.691153,1.032299,True
2196,1773653517.641426,1773653940.005885,1159,405,166.836516,11.733726,0.383918,True
2197,1773653517.641459,1773654066.458629,946,398,418.831824,29.638895,0.980335,True
2198,1773653517.641488,1773654090.176754,967,419,466.246561,40.485443,1.018567,True
2199,1773653517.641518,1773654062.320055,1109,383,410.428226,32.783509,0.988599,True
2200,1773653517.641547,1773654145.899122,1171,526,577.563860,41.401030,1.021263,True
2201,1773653517.641576,1773653882.831213,1670,65,49.368717,14.697498,0.541738,True
2202,1773653517.641605,1773654086.835755,1039,399,457.231464,48.758048,1.026315,True
2203,1773653517.641633,1773654090.235159,1184,405,464.009068,50.094353,1.024541,True
2204,1773653517.641662,1773653935.377685,421,99,154.084519,31.553680,1.250315,True
2205,1773653517.641690,1773654076.389647,1046,398,434.539095,36.684614,1.002152,True
2206,1773653517.641718,1773654094.788978,1034,428,471.317280,39.161594,1.012074,True
2207,1773653517.641747,1773654098.520575,373,93,478.523296,97.646638,4.139964,True
2208,1773653517.641778,1773654126.686002,890,115,534.625021,99.807025,3.814193,True
2209,1773653517.641807,1773653931.763351,377,51,144.407660,48.766294,1.912827,True
2210,1773653517.641838,1773653884.620821,426,126,49.296566,7.949509,0.330776,True
2211,1773653517.641866,1773653938.586753,1508,76,157.142455,41.432648,1.542797,True
2212,1773653517.641896,1773653951.368420,1059,410,182.641701,11.643921,0.418087,True
2213,1773653517.641924,1773653946.620216,1196,410,173.063179,15.393787,0.385500,True
2214,1773653517.641969,1773653950.022383,1072,419,179.847048,15.383460,0.393454,True
2215,1773653517.641998,1773653949.133993,1020,394,178.026502,13.120365,0.419608,True
2216,1773653517.642027,1773653963.065987,26,150,205.171201,29.409338,1.179610,True
2217,1773653517.642066,1773654323.559912,1045,378,925.767711,103.676764,2.180613,True
2218,1773653517.642097,1773654427.253360,1116,446,1132.945614,103.572309,2.313198,True
2219,1773653517.642125,1773654365.732575,1084,418,1009.881910,86.578449,2.214157,True
2220,1773653517.642157,1773654196.193232,1338,195,670.784059,103.551109,2.923881,True
2221,1773653517.642186,1773654124.445547,1137,509,526.175263,28.532048,0.979613,True
2222,1773653517.642216,1773653962.388809,1130,468,201.896862,15.118659,0.399953,True
2223,1773653517.642245,1773653886.349383,387,82,49.527906,15.068230,0.425428,True
2224,1773653517.642274,1773654083.315593,1087,402,442.783025,38.418552,1.008390,True
2225,1773653517.642306,1773654079.094463,1075,395,434.217789,38.356853,1.004723,True
2226,1773653517.642335,1773654081.427073,1131,396,438.856848,40.309115,1.008982,True
2227,1773653517.642362,1773653976.310651,1353,144,228.606211,44.330121,1.288644,True
2228,1773653517.642395,1773653989.565460,1484,159,255.092505,50.358539,1.295785,True
2229,1773653517.642424,1773654063.783272,1183,384,403.235740,29.368241,0.976155,True
2230,1773653517.642455,1773653979.455500,1318,148,234.474932,43.212360,1.301106,True
2231,1773653517.642484,1773653899.156739,1907,90,72.115685,17.668670,0.611764,True
2232,1773653517.642511,1773653896.576462,401,82,66.664645,17.523622,0.606679,True
2233,1773653517.642540,1773653896.204496,1961,95,63.933253,18.172756,0.486814,True
2234,1773653517.642568,1773654130.814425,403,135,532.997989,83.052670,3.357801,True
2235,1773653517.642596,1773654094.769695,389,100,460.885239,83.042332,3.816595,True
2236,1773653517.642624,1773653902.186164,399,101,74.588940,15.876118,0.587128,True
2237,1773653517.642653,1773654077.177781,953,375,423.600787,42.463724,1.019083,True
2238,1773653517.642684,1773654107.215148,1066,431,483.654534,42.453191,1.026050,True
2239,1773653517.642715,1773653920.394173,298,18,109.784032,46.875812,3.700484,True
2240,1773653517.642743,1773654100.881582,1146,413,470.651013,45.394812,1.032175,True
2241,1773653517.642779,1773653993.234882,1178,607,255.003938,18.394551,0.390445,True
2242,1773653517.642809,1773654312.187464,1066,388,891.506515,80.938808,2.094490,True
2243,1773653517.642837,1773654323.559917,1248,378,914.050796,97.818314,2.165073,True
2244,1773653517.642869,1773653892.162753,387,68,50.602481,15.549365,0.523181,True
2245,1773653517.642900,1773653956.003151,1027,392,177.707217,17.074426,0.410826,True
2246,1773653517.642929,1773654099.675521,858,107,464.463936,79.924972,3.627726,True
2247,1773653517.642975,1773654359.341416,1052,413,983.606432,82.047598,2.188250,True
2248,1773653517.643011,1773654365.732308,1034,417,996.367943,82.036531,2.197912,True
2249,1773653517.643040,1773654364.140284,1038,394,993.161148,91.620102,2.293998,True
2250,1773653517.643069,1773653917.913245,120,12,100.642672,44.785550,5.077920,True
2251,1773653517.643098,1773653965.433364,435,117,194.713071,41.047057,1.324707,True
2252,1773653517.643127,1773654074.288247,1190,403,412.318150,23.404066,0.967448,True
2253,1773653517.643158,1773653951.359148,955,68,164.872331,46.358217,1.768867,True
2254,1773653517.643188,1773654091.125035,1248,423,444.276341,28.959369,0.984163,True
2255,1773653517.643218,1773653965.563420,406,96,193.131754,46.283529,1.545771,True
2256,1773653517.643247,1773654095.033815,1093,411,451.860685,40.020040,1.004489,True
2257,1773653517.643278,1773653894.636993,434,82,50.580277,14.877061,0.440780,True
2258,1773653517.643307,1773653903.920481,368,72,68.214975,15.167856,0.747143,True
2259,1773653517.643336,1773654082.618659,988,375,424.701118,43.745030,1.018599,True
2260,1773653517.643365,1773653909.106871,418,95,76.950570,15.883699,0.649648,True
2261,1773653517.643396,1773654059.166069,1531,70,376.323603,80.236645,4.291115,True
2262,1773653517.643507,1773653963.613367,1135,410,185.116105,16.603239,0.412012,True
2263,1773653517.643539,1773654075.755640,1142,79,409.287920,81.919702,4.197028,True
2264,1773653517.643569,1773654302.900324,1189,378,863.555848,84.943496,2.065285,True
2265,1773653517.643599,1773653953.003086,394,97,163.741481,37.991837,1.309892,True
2266,1773653517.643632,1773654475.238797,1147,498,1208.186243,90.443682,2.248979,True
2267,1773653517.643662,1773654390.604379,985,427,1038.896940,90.432819,2.226442,True
2268,1773653517.643691,1773654109.303628,1047,99,476.277304,89.148956,3.950289,True
2269,1773653517.643720,1773654085.972323,1128,410,428.545079,27.944304,0.979464,True
2270,1773653517.643749,1773653905.265346,647,74,66.140520,14.319931,0.709871,True
2271,1773653517.643779,1773654076.996160,972,388,408.757945,28.675471,0.982125,True
2272,1773653517.643810,1773653907.105994,242,14,68.955806,28.664385,3.099340,True
2273,1773653517.643842,1773654107.099116,1048,412,468.839714,44.027513,1.033606,True
2274,1773653517.643871,1773653960.497843,1062,394,174.995465,16.559906,0.403144,True
2275,1773653517.643903,1773653909.106751,396,97,72.088230,16.497774,0.579067,True
2276,1773653517.643931,1773653964.674572,431,99,182.434879,41.391751,1.439216,True
2277,1773653517.643979,1773653960.082096,405,92,173.123069,41.328963,1.448287,True
2278,1773653517.644012,1773654091.183592,959,384,435.305456,43.176395,1.023836,True
2279,1773653517.644042,1773653902.703350,387,68,57.622422,12.622729,0.671637,True
2280,1773653517.644071,1773654101.009923,1254,419,452.963049,35.727166,0.998172,True
2281,1773653517.644099,1773653952.461729,396,75,155.511363,42.124639,1.532253,True
2282,1773653517.644129,1773654095.090765,1100,424,440.089868,26.246715,0.978353,True
2283,1773653517.644158,1773654086.960536,1028,408,423.808152,27.843613,0.972886,True
2284,1773653517.644191,1773654097.103251,955,394,444.009538,41.608311,1.023922,True
2285,1773653517.644219,1773653926.572035,19,178,102.263057,11.074486,0.515190,True
2286,1773653517.644248,1773653945.588406,373,60,140.211861,41.632694,1.670833,True
2287,1773653517.644276,1773653964.943607,1023,396,177.465745,15.246887,0.410681,True
2288,1773653517.644306,1773654387.203177,1105,407,1020.547339,88.964839,2.294538,True
2289,1773653517.644339,1773654342.661882,1028,379,931.425931,88.954044,2.228762,True
2290,1773653517.644369,1773654094.643846,1907,84,435.384645,91.919884,4.138130,True
2291,1773653517.644397,1773654359.447036,1028,396,964.654543,87.232570,2.221321,True
2292,1773653517.644426,1773654469.121272,1364,480,1183.982741,89.366068,2.285212,True
2293,1773653517.644458,1773654397.106914,1034,417,1039.933031,92.393301,2.277740,True
2294,1773653517.644487,1773653973.461341,1084,414,192.452025,17.054425,0.424692,True
2295,1773653517.644516,1773653896.948076,378,45,39.339906,9.779914,0.671818,True
2296,1773653517.644548,1773653943.600411,1028,55,132.311568,41.347373,1.684522,True
2297,1773653517.644575,1773653971.327435,1103,396,187.199644,17.989395,0.428380,True
2298,1773653517.644604,1773653924.929531,1314,156,93.926481,11.610718,0.531069,True
2299,1773653517.644633,1773653914.392744,404,91,72.496465,20.470816,0.578063,True
2300,1773653517.644662,1773653965.090161,1002,388,173.680391,14.231122,0.412014,True
2301,1773653517.644693,1773654151.991387,1128,502,547.377912,39.541993,1.013645,True
2302,1773653517.644727,1773654097.727082,1018,395,438.596897,40.363853,1.010744,True
2303,1773653517.644756,1773653937.890318,840,45,117.441110,37.660263,1.813201,True
2304,1773653517.644785,1773653978.044137,449,119,197.622869,38.611068,1.347558,True
2305,1773653517.644812,1773654144.001243,376,145,529.344611,82.259382,3.104759,True
2306,1773653517.644841,1773654333.346760,1030,393,908.014228,86.785057,2.094972,True
2307,1773653517.644870,1773654081.582269,374,79,404.455101,86.774561,4.072827,True
2308,1773653517.644899,1773654067.012904,1992,66,375.300889,91.915404,4.359777,True
2309,1773653517.644927,1773654330.219308,957,388,901.699230,94.759657,2.085115,True
2310,1773653517.644972,1773653967.319134,1043,377,175.049209,18.820745,0.415501,True
2311,1773653517.645005,1773653967.385684,864,129,175.097224,24.756686,1.174535,True
2312,1773653517.645037,1773654082.035789,1150,395,404.375675,24.745726,0.963528,True
2313,1773653517.645066,1773653956.510222,386,69,151.647891,40.131306,1.639950,True
2314,1773653517.645094,1773653912.748142,325,18,63.748017,23.719760,2.354603,True
2315,1773653517.645123,1773654416.460266,1114,429,1069.279384,87.051377,2.294925,True
2316,1773653517.645153,1773654088.405271,1093,398,412.670256,27.188498,0.970987,True
2317,1773653517.645180,1773653968.804066,1052,373,171.929456,15.775851,0.419768,True
2318,1773653517.645209,1773653961.334914,1122,377,156.783128,9.537894,0.391610,True
2319,1773653517.645238,1773654086.150985,1002,373,406.001717,36.574191,0.993085,True
2320,1773653517.645270,1773654099.934974,1071,405,433.215362,35.028837,0.985610,True
2321,1773653517.645298,1773653930.530333,1369,44,93.710700,28.276950,1.521715,True
2322,1773653517.645327,1773654138.336699,1160,468,508.684576,38.005272,1.007879,True
2323,1773653517.645365,1773653911.848332,1868,82,54.444679,10.783662,0.539025,True
2324,1773653517.645397,1773653965.374391,1571,89,161.454805,36.429447,1.420743,True
2325,1773653517.645425,1773653978.282600,719,113,187.148062,36.109350,1.348560,True
2326,1773653517.645454,1773653917.052519,413,102,63.835211,10.274771,0.530301,True
2327,1773653517.645483,1773654123.836782,1066,431,476.490565,37.458292,1.021005,True
2328,1773653517.645512,1773654386.391195,1058,419,1000.470712,87.974002,2.183006,True
2329,1773653517.645545,1773654079.860447,1000,375,387.325709,26.989057,0.963467,True
2330,1773653517.645576,1773654073.653551,404,68,374.775089,83.272411,4.350786,True
2331,1773653517.645605,1773654001.092655,1484,159,229.561652,39.109389,1.205394,True
2332,1773653517.645635,1773654111.451973,400,98,450.184225,83.676534,3.778430,True
2333,1773653517.645663,1773653919.415525,429,84,66.092324,14.928242,0.616435,True
2334,1773653517.645692,1773653978.547386,1054,414,183.966818,15.939772,0.406845,True
2335,1773653517.645721,1773653908.673219,691,51,44.010233,9.666867,0.686867,True
2336,1773653517.645753,1773653954.536807,396,90,133.430069,25.968299,1.207436,True
2337,1773653517.645787,1773653968.300308,387,97,160.629817,34.014659,1.318908,True
2338,1773653517.645821,1773654101.869782,1185,384,427.579721,37.100441,1.019528,True
2339,1773653517.645851,1773654014.505250,1130,609,252.827314,16.704226,0.388360,True
2340,1773653517.645880,1773653929.656225,1313,145,83.106653,10.427206,0.504718,True
2341,1773653517.645908,1773654130.814416,398,123,485.375412,86.004022,3.273536,True
2342,1773653517.645952,1773654405.698420,1121,423,1034.937654,83.473107,2.254655,True
2343,1773653517.645984,1773653963.065768,428,101,148.977509,25.208840,1.237687,True
2344,1773653517.646013,1773654109.292866,1077,391,441.287204,39.590610,1.029991,True
2345,1773653517.646042,1773653948.582214,1341,50,119.843585,35.718778,1.716833,True
2346,1773653517.646074,1773654071.047443,384,69,363.236984,84.701529,4.096110,True
2347,1773653517.646106,1773654296.916545,1085,363,814.954880,88.897753,2.005683,True
2348,1773653517.646138,1773654105.658869,404,93,432.416736,82.252171,3.806137,True
2349,1773653517.646166,1773654140.049631,1386,125,500.929101,83.472505,3.366585,True
2350,1773653517.646195,1773654058.826565,382,57,338.463794,88.741718,4.459323,True
2351,1773653517.646225,1773654119.122972,396,104,458.883115,82.020403,3.658861,True
2352,1773653517.646254,1773654168.226077,410,152,557.064490,83.363957,3.137090,True
2353,1773653517.646282,1773653947.743833,993,40,115.078036,36.279071,2.020486,True
2354,1773653517.646311,1773653909.742779,391,57,38.971507,8.749537,0.539678,True
2355,1773653517.646340,1773653967.028384,1190,375,153.520945,11.043324,0.380956,True
2356,1773653517.646372,1773653919.989666,1912,72,59.155205,16.342109,0.603001,True
2357,1773653517.646400,1773654122.192603,1101,430,463.126324,33.749335,1.000879,True
2358,1773653517.646430,1773653928.599585,719,113,72.871702,16.722974,0.501328,True
2359,1773653517.646459,1773653996.628211,1314,144,208.245955,37.776928,1.192091,True
2360,1773653517.646488,1773654115.349061,1024,395,444.484139,37.902456,1.031933,True
2361,1773653517.646516,1773654105.502177,1126,397,424.681003,33.805292,0.987060,True
2362,1773653517.646545,1773654016.286713,976,599,246.146662,15.673253,0.385407,True
2363,1773653517.646575,1773653974.556913,1110,427,162.645442,8.077109,0.362836,True
2364,1773653517.646607,1773654111.477537,1091,401,436.360609,33.186929,1.007934,True
2365,1773653517.646638,1773654107.160049,1093,396,425.505742,34.730077,0.989305,True
2366,1773653517.646670,1773654116.791328,983,400,444.661720,36.327568,1.023394,True
2367,1773653517.646699,1773654160.252402,1314,152,531.531641,83.854296,2.964751,True
2368,1773653517.646728,1773654451.223174,1015,458,1113.256127,81.341539,2.258019,True
2369,1773653517.646763,1773653984.219513,1152,395,179.143552,19.672160,0.404750,True
2370,1773653517.646791,1773654133.398491,12,113,477.406537,81.243313,3.537172,True
2371,1773653517.646820,1773654459.907805,1125,468,1130.393914,79.713578,2.249851,True
2372,1773653517.646849,1773654396.873326,1024,410,1004.314976,81.221408,2.256952,True
2373,1773653517.646877,1773653976.612453,1571,89,162.483497,38.307887,1.411086,True
2374,1773653517.646907,1773653984.438505,376,91,178.114575,45.004992,1.478995,True
2375,1773653517.646951,1773653975.276870,1049,411,159.229553,8.108400,0.368588,True
2376,1773653517.646982,1773653954.536814,1139,50,116.830289,35.036888,1.669253,True
2377,1773653517.647011,1773653988.591863,977,411,184.761471,19.518734,0.403031,True
2378,1773653517.647040,1773653970.621380,1076,375,148.077885,8.535972,0.373107,True
2379,1773653517.647069,1773653977.126734,1131,413,160.343855,9.439711,0.366272,True
2380,1773653517.647100,1773654139.559339,1008,446,484.857675,35.009875,1.010894,True
2381,1773653517.647130,1773654014.912184,1353,182,235.191771,40.442678,1.075962,True
2382,1773653517.647158,1773653963.735876,730,42,132.121560,45.673337,2.108493,True
2383,1773653517.647187,1773654117.555819,1240,398,439.063884,35.328883,1.016965,True
2384,1773653517.647215,1773654115.281065,398,105,434.111912,80.113912,3.403827,True
2385,1773653517.647251,1773653993.145018,1386,125,189.102773,34.039959,1.250507,True
2386,1773653517.647280,1773653978.939175,1182,411,160.647479,9.403845,0.368887,True
2387,1773653517.647309,1773654107.481823,400,92,416.876222,79.545781,3.706928,True
2388,1773653517.647338,1773654247.234229,1316,256,696.158844,86.427946,2.391102,True
2389,1773653517.647366,1773653984.017617,398,97,169.705180,38.594176,1.365740,True
2390,1773653517.647398,1773654062.141386,650,54,325.932586,86.406900,4.519353,True
2391,1773653517.647428,1773654402.061582,1160,414,1005.751305,86.396266,2.226041,True
2392,1773653517.647457,1773653928.322721,1187,84,58.252602,11.735783,0.560444,True
2393,1773653517.647485,1773654394.093374,1094,406,989.772617,92.240042,2.216130,True
2394,1773653517.647515,1773654423.071185,1098,449,1047.704262,84.999871,2.148894,True
2395,1773653517.647547,1773654093.728345,398,80,388.996587,75.189490,3.972242,True
2396,1773653517.647577,1773654064.479459,954,54,330.451229,95.677494,4.429693,True
2397,1773653517.647608,1773653989.390843,419,99,180.088667,44.002318,1.388636,True
2398,1773653517.647638,1773653931.620921,400,97,63.574569,15.896479,0.496647,True
2399,1773653517.647669,1773654111.658655,1146,375,422.486170,39.553329,1.023885,True
2400,1773653517.647699,1773654112.410437,1210,385,423.879424,34.710596,1.013460,True
2401,1773653517.647808,1773653931.620768,396,90,60.353158,17.751341,0.478672,True
2402,1773653517.647839,1773653973.915706,435,64,144.178264,41.521670,1.629470,True
2403,1773653517.647869,1773653933.153148,375,96,61.922010,10.426354,0.542060,True
2404,1773653517.647899,1773653979.399537,381,81,154.042406,37.590689,1.455646,True
2405,1773653517.647929,1773653933.799931,384,99,62.172431,9.906223,0.533329,True
2406,1773653517.647976,1773653976.135489,1912,72,145.487473,37.555959,1.520162,True
2407,1773653517.648005,1773654140.725674,1095,423,474.205859,42.900670,1.022050,True
2408,1773653517.648035,1773654142.610344,1201,426,477.952011,44.039030,1.020972,True
2409,1773653517.648063,1773654006.759480,1092,502,206.208656,15.540116,0.380576,True
2410,1773653517.648092,1773653933.870860,1109,91,59.890883,11.171861,0.541322,True
2411,1773653517.648125,1773653931.788919,366,80,55.438631,11.027556,0.562166,True
2412,1773653517.648155,1773653935.459840,1730,104,61.020962,14.245926,0.454127,True
2413,1773653517.648183,1773654020.546530,1357,200,231.108950,30.189397,1.009646,True
2414,1773653517.648215,1773653931.715070,372,79,52.889408,9.826990,0.552082,True
2415,1773653517.648244,1773654400.122669,1025,414,989.167500,73.662325,2.216720,True
2416,1773653517.648274,1773654373.469855,1171,396,935.838725,84.814332,2.154492,True
2417,1773653517.648302,1773653973.200454,371,62,134.787687,38.438300,1.579498,True
2418,1773653517.648330,1773654007.070633,881,141,201.064008,39.873194,1.151363,True
2419,1773653517.648360,1773653984.981627,413,106,156.760503,26.032361,1.245030,True
2420,1773653517.648388,1773653917.052424,120,12,20.424815,8.257532,1.106117,True
2421,1773653517.648416,1773654127.127172,1087,394,440.139082,39.353265,1.019811,True
2422,1773653517.648448,1773654129.562812,1136,396,444.904791,42.021276,1.019958,True
2423,1773653517.648494,1773653960.082109,376,56,105.687880,25.396200,1.459849,True
2424,1773653517.648537,1773653990.167099,1244,396,165.816102,14.347544,0.383465,True
2425,1773653517.648569,1773654419.583422,1184,424,1024.456667,87.575984,2.214848,True
2426,1773653517.648598,1773654105.760410,1047,87,396.786442,87.564618,3.595603,True
2427,1773653517.648627,1773654120.721929,1999,97,426.690223,89.645132,3.510886,True
2428,1773653517.648656,1773654355.767337,1085,375,896.740979,91.714105,2.152478,True
2429,1773653517.648685,1773654376.968123,1002,398,938.794133,82.799212,2.156158,True
2430,1773653517.648717,1773654354.757024,1063,385,894.352775,82.788443,2.113449,True
2431,1773653517.648747,1773654023.506758,1315,163,230.218015,49.504918,1.115513,True
2432,1773653517.648777,1773654138.395812,1150,411,459.974992,42.887069,1.017288,True
2433,1773653517.648815,1773653998.165178,1098,88,179.411173,49.443027,1.493887,True
2434,1773653517.648844,1773654150.718771,1158,427,484.496360,45.699432,1.030040,True
2435,1773653517.648874,1773653982.710836,1069,388,148.065026,7.588011,0.362990,True
2436,1773653517.648903,1773653939.502070,429,100,60.782130,12.495547,0.487743,True
2437,1773653517.648948,1773653986.846075,1076,404,155.448619,10.051338,0.360787,True
2438,1773653517.648978,1773653997.499209,385,87,175.607805,48.207456,1.481399,True
2439,1773653517.649007,1773654014.436030,398,146,209.377661,44.423530,1.137615,True
2440,1773653517.649036,1773653981.544896,1035,373,143.575044,9.415729,0.360643,True
2441,1773653517.649064,1773654118.936309,1089,395,417.101259,25.737217,0.993310,True
2442,1773653517.649093,1773654197.142178,1316,203,572.531193,73.346003,2.471214,True
2443,1773653517.649125,1773653973.141015,870,81,123.743244,22.719112,1.262802,True
2444,1773653517.649155,1773654180.588788,1170,502,538.407793,44.515625,0.985813,True
2445,1773653517.649182,1773654104.058453,1190,375,385.099208,25.178001,0.962356,True
2446,1773653517.649214,1773654374.787524,1027,390,925.892656,87.269409,2.155844,True
2447,1773653517.649242,1773654486.866884,1145,478,1150.045978,88.715833,2.225011,True
2448,1773653517.649271,1773654443.546727,982,442,1063.382817,94.172311,2.197756,True
2449,1773653517.649299,1773653989.310346,1103,411,154.891034,8.570942,0.356878,True
2450,1773653517.649328,1773654026.246085,306,18,228.731538,94.151135,7.916494,True
2451,1773653517.649370,1773653996.196381,1254,419,168.620193,11.963657,0.374776,True
2452,1773653517.649400,1773653988.678392,957,74,151.837728,43.140940,1.488997,True
2453,1773653517.649428,1773653993.862474,1067,395,161.416089,12.878638,0.376999,True
2454,1773653517.649461,1773654002.582362,1176,500,178.628225,8.817395,0.340302,True
2455,1773653517.649492,1773654135.877630,1160,398,444.866740,42.456177,1.013629,True
2456,1773653517.649521,1773654123.278376,1086,405,419.416288,24.824893,0.976711,True
2457,1773653517.649550,1773654000.108904,1113,417,171.410213,13.471684,0.379660,True
2458,1773653517.649578,1773653986.747274,1010,82,144.601803,34.007260,1.365365,True
2459,1773653517.649607,1773654001.981274,7,143,174.940334,21.611559,1.079780,True
2460,1773653517.649636,1773653978.282895,406,80,127.214706,23.526951,1.312503,True
2461,1773653517.649663,1773653996.111377,1109,84,162.340951,42.961609,1.438305,True
2462,1773653517.649692,1773653939.054344,430,102,47.730410,6.896671,0.404294,True
2463,1773653517.649724,1773653967.936959,393,59,104.797645,22.664102,1.416096,True
2464,1773653517.649756,1773653954.643085,309,18,78.189111,32.904886,2.663778,True
2465,1773653517.649784,1773653980.730252,396,84,130.258581,23.328885,1.288310,True
2466,1773653517.649813,1773654009.214993,952,427,185.953373,14.737219,0.401916,True
2467,1773653517.649841,1773654003.460977,1042,403,174.424612,16.421443,0.393043,True
2468,1773653517.649868,1773654343.719050,1074,378,854.783650,74.041228,2.070935,True
2469,1773653517.649898,1773654358.178834,1044,386,883.482869,75.742813,2.098026,True
2470,1773653517.649926,1773654054.558764,368,45,276.222590,75.731574,4.556614,True
2471,1773653517.649974,1773654346.081664,1236,376,859.230824,79.029331,2.080537,True
2472,1773653517.650003,1773654159.837206,772,136,486.735182,81.007530,3.005390,True
2473,1773653517.650034,1773654390.712667,1185,401,948.465511,83.126181,2.163348,True
2474,1773653517.650063,1773654413.283745,1034,417,993.584543,85.921144,2.181883,True
2475,1773653517.650095,1773654104.400389,383,94,375.799921,67.717410,3.312715,True
2476,1773653517.650124,1773654500.385230,1022,494,1167.748124,85.900336,2.194417,True
2477,1773653517.650151,1773654142.853860,972,396,451.885001,43.414691,1.034102,True
2478,1773653517.650179,1773653947.564276,402,135,61.015677,6.777877,0.404760,True
2479,1773653517.650211,1773654013.409421,1183,501,192.685394,9.033429,0.367304,True
2480,1773653517.650240,1773654084.919623,1025,916,335.580202,10.485248,0.355295,True
2481,1773653517.650268,1773653981.898259,373,88,129.309313,21.686735,1.237041,True
2482,1773653517.650304,1773653981.707364,387,67,128.906895,32.695043,1.457755,True
2483,1773653517.650334,1773654020.546376,1315,188,206.459472,24.611859,0.972447,True
2484,1773653517.650363,1773654017.170153,1315,154,198.497254,33.649878,1.077434,True
2485,1773653517.650391,1773654007.552048,58,111,179.237556,42.391912,1.244051,True
2486,1773653517.650419,1773653992.905098,957,74,149.858943,40.351899,1.500096,True
2487,1773653517.650448,1773653983.712078,647,46,128.840122,43.704062,1.891912,True
2488,1773653517.650476,1773653998.071276,1022,426,157.494734,10.016807,0.347007,True
2489,1773653517.650504,1773653943.588336,382,54,48.341773,14.797917,0.632903,True
2490,1773653517.650533,1773654004.309375,392,104,168.775306,38.405737,1.265724,True
2491,1773653517.650565,1773654005.147650,1155,403,170.305908,14.220857,0.388271,True
2492,1773653517.650597,1773654124.508198,1057,398,408.819028,21.829137,0.974786,True
2493,1773653517.650627,1773654146.422760,1129,416,452.152401,39.487089,0.994374,True
2494,1773653517.650656,1773653968.426908,1358,51,96.056562,23.730034,1.446531,True
2495,1773653517.650685,1773653995.870034,1004,413,150.711729,10.179911,0.341097,True
2496,1773653517.650716,1773654107.257369,391,97,371.744817,62.834421,3.217817,True
2497,1773653517.650743,1773654147.406985,1004,399,452.024630,42.838650,1.028105,True
2498,1773653517.650773,1773654425.490149,989,426,1007.975338,85.632057,2.170219,True
2499,1773653517.650801,1773653996.171789,459,90,147.727443,36.193368,1.253192,True
2500,1773653517.650839,1773653949.948743,373,80,54.781525,12.117541,0.540050,True
2501,1773653517.650867,1773654160.811669,1147,448,476.401857,39.073405,0.978363,True
2502,1773653517.650895,1773653986.982814,1280,91,128.618356,22.540803,1.178639,True
2503,1773653517.650924,1773654142.478383,1037,410,438.241753,38.326276,0.977788,True
2504,1773653517.650970,1773653941.707217,869,47,36.572696,9.215344,0.594725,True
2505,1773653517.650998,1773653987.600547,371,69,128.235461,35.018653,1.370835,True
2506,1773653517.651026,1773654425.136905,1094,411,1001.075410,98.724675,2.200855,True
2507,1773653517.651055,1773654158.473305,1108,442,467.559719,36.990517,0.976347,True
2508,1773653517.651084,1773653997.198140,394,79,144.882704,36.927217,1.384045,True
2509,1773653517.651115,1773653991.437121,849,100,133.339318,20.446169,1.140335,True
2510,1773653517.651144,1773653948.989140,403,86,48.109211,8.642036,0.464320,True
2511,1773653517.651173,1773653962.501055,1314,152,75.110843,11.747212,0.419627,True
2512,1773653517.651201,1773654349.665714,1063,374,848.978925,77.239760,2.069006,True
2513,1773653517.651229,1773653986.380715,851,85,121.534988,21.621474,1.189447,True
2514,1773653517.651258,1773654085.234681,902,75,319.034990,58.501623,3.520721,True
2515,1773653517.651286,1773654088.387021,385,78,325.315670,58.490772,3.465258,True
2516,1773653517.651314,1773654374.548303,1039,410,897.618387,58.479738,2.051684,True
2517,1773653517.651342,1773654144.925160,1094,411,436.742436,36.361385,0.976539,True
2518,1773653517.651377,1773654000.293111,981,409,147.434442,8.618901,0.340234,True
2519,1773653517.651406,1773653953.198726,1999,97,52.871413,12.373478,0.421853,True
2520,1773653517.651433,1773653998.883965,386,79,142.370394,37.486310,1.344668,True
2521,1773653517.651462,1773654018.049922,1315,144,180.576739,32.879148,1.032850,True
2522,1773653517.651490,1773653953.145873,371,100,49.624037,6.861059,0.431949,True
2523,1773653517.651518,1773653952.923296,405,93,48.641155,10.533760,0.414211,True
2524,1773653517.651547,1773653983.029928,783,45,108.710163,34.241110,1.692478,True
2525,1773653517.651575,1773654387.986364,1054,397,917.798746,75.692461,2.126531,True
2526,1773653517.651603,1773654527.072720,1200,518,1195.956525,75.681764,2.166876,True
2527,1773653517.651636,1773654111.333048,430,86,364.457246,75.670543,3.397491,True
2528,1773653517.651668,1773654368.469816,1039,404,878.560823,55.030839,2.043499,True
2529,1773653517.651697,1773654377.583518,1093,411,896.586301,54.936570,2.052804,True
2530,1773653517.651730,1773654571.354438,1014,659,1284.123942,60.285277,1.859937,True
2531,1773653517.651758,1773654394.093665,1069,383,929.580260,94.019962,2.187331,True
2532,1773653517.651786,1773654006.737187,1056,430,154.155844,8.076715,0.340511,True
2533,1773653517.651815,1773653998.706561,402,92,137.904570,30.886490,1.176023,True
2534,1773653517.651846,1773653957.795276,1730,107,55.379058,11.544562,0.413533,True
2535,1773653517.651874,1773654043.417872,31,234,226.109445,16.871265,0.898018,True
2536,1773653517.651906,1773654003.064599,386,90,145.153302,34.697329,1.241078,True
2537,1773653517.651948,1773654000.337382,421,92,139.591128,32.764891,1.173915,True
2538,1773653517.651979,1773654006.496659,1351,139,150.523179,17.077593,0.966997,True
2539,1773653517.652010,1773654019.234377,1072,401,175.223413,17.759278,0.393660,True
2540,1773653517.652121,1773654045.575232,1144,550,227.882315,19.557046,0.379463,True
2541,1773653517.652152,1773654148.154884,1045,411,432.890967,34.555006,0.971551,True
2542,1773653517.652183,1773654007.644792,1054,443,151.853861,6.018016,0.329945,True
2543,1773653517.652212,1773654136.623119,983,377,409.706895,33.415647,1.000775,True
2544,1773653517.652242,1773654228.886545,1162,594,594.210882,34.480974,0.943895,True
2545,1773653517.652274,1773653945.503619,2042,45,27.423818,9.255826,0.412909,True
2546,1773653517.652303,1773654133.930470,1026,408,404.188573,17.806838,0.949341,True
2547,1773653517.652332,1773654034.494013,1041,463,203.357396,22.833975,0.390743,True
2548,1773653517.652360,1773654140.785427,1069,414,415.897294,19.072126,0.960836,True
2549,1773653517.652389,1773654137.424741,1190,375,408.944537,34.361091,1.001560,True
2550,1773653517.652418,1773653956.686643,1280,92,47.053401,11.398362,0.391814,True
2551,1773653517.652447,1773654170.842751,1107,453,474.829705,37.164703,0.968285,True
2552,1773653517.652475,1773654021.078614,1162,449,174.539105,13.314770,0.359876,True
2553,1773653517.652504,1773653960.416630,390,104,53.090065,13.252141,0.386776,True
2554,1773653517.652536,1773654365.507604,1003,381,863.083444,75.587673,2.072357,True
2555,1773653517.652564,1773654433.870420,1074,434,999.788234,75.576611,2.134438,True
2556,1773653517.652592,1773654119.123243,1737,89,370.271596,75.565232,3.348936,True
2557,1773653517.652624,1773654425.375859,1143,426,982.755260,76.998377,2.131193,True
2558,1773653517.652653,1773654135.114418,1079,396,401.853919,21.824604,0.962100,True
2559,1773653517.652681,1773654110.875673,849,100,353.356093,55.379927,3.009860,True
2560,1773653517.652711,1773654355.069428,1045,397,841.721925,55.368860,1.985740,True
2561,1773653517.652741,1773653971.182931,385,89,73.784619,21.358794,0.595748,True
2562,1773653517.652770,1773654015.871828,407,122,160.984658,32.245539,1.063960,True
2563,1773653517.652801,1773654022.867371,1143,396,174.809104,20.186493,0.391450,True
2564,1773653517.652829,1773653998.764909,958,89,126.165689,26.437452,1.133275,True
2565,1773653517.652858,1773653957.631998,1031,74,43.689878,12.834663,0.422674,True
2566,1773653517.652886,1773654052.389054,1127,639,233.180546,14.909836,0.342117,True
2567,1773653517.652914,1773654187.001042,1101,478,501.603647,37.646676,0.972656,True
2568,1773653517.652959,1773653970.747325,409,78,67.798119,19.592278,0.626050,True
2569,1773653517.652990,1773654189.430444,1054,454,504.730873,49.007548,1.006012,True
2570,1773653517.653019,1773654007.493871,400,82,139.316310,36.010056,1.275386,True
2571,1773653517.653047,1773653995.990641,421,80,116.185726,24.222238,1.164095,True
2572,1773653517.653079,1773654179.535543,1077,468,481.881786,30.903299,0.965693,True
2573,1773653517.653107,1773654413.380785,1023,397,949.260530,87.150506,2.177046,True
2574,1773653517.653136,1773654404.049874,1044,386,930.578406,91.402472,2.179678,True
2575,1773653517.653163,1773653969.716894,403,135,61.604643,11.793796,0.371723,True
2576,1773653517.653194,1773653959.266605,397,66,40.411698,13.530733,0.413553,True
2577,1773653517.653222,1773654184.556744,1117,442,490.369321,48.810413,1.001267,True
2578,1773653517.653255,1773654036.258004,61,136,193.750947,48.799649,1.073713,True
2579,1773653517.653284,1773653987.042596,27,192,95.073025,16.934557,0.409102,True
2580,1773653517.653312,1773654027.145821,1035,388,174.269647,18.918010,0.401425,True
2581,1773653517.653346,1773654150.124902,1129,396,419.909026,29.107462,0.989371,True
2582,1773653517.653386,1773654193.694381,1056,451,506.949917,48.978802,1.017714,True
2583,1773653517.653414,1773654033.242322,1315,166,184.444085,29.459879,0.939298,True
2584,1773653517.653443,1773654115.281220,406,104,348.365281,48.480401,2.911504,True
2585,1773653517.653472,1773654159.378443,12,149,436.539491,48.470619,2.622087,True
2586,1773653517.653501,1773654129.579283,444,99,376.736973,69.784801,3.132165,True
2587,1773653517.653528,1773653966.817443,393,102,50.200385,10.875030,0.389360,True
2588,1773653517.653557,1773653996.686601,375,64,108.161273,27.874322,1.274396,True
2589,1773653517.653586,1773654023.506903,1313,143,161.548365,26.541317,0.950754,True
2590,1773653517.653614,1773653969.645727,402,98,52.673697,9.282453,0.447332,True
2591,1773653517.653646,1773654238.288859,1180,597,589.623136,28.529957,0.941432,True
2592,1773653517.653676,1773654352.951856,1147,394,818.798571,46.026203,1.966342,True
2593,1773653517.653705,1773654028.972821,1117,387,170.759283,18.400890,0.394711,True
2594,1773653517.653735,1773654028.883693,404,145,170.558244,30.551402,0.972270,True
2595,1773653517.653763,1773654314.366532,1091,375,741.392408,45.908863,1.859582,True
2596,1773653517.653791,1773654421.587957,1061,418,955.817921,69.996747,2.124271,True
2597,1773653517.653820,1773654337.116973,1038,387,786.853027,45.886726,1.919602,True
2598,1773653517.653847,1773654416.341419,1052,409,945.156423,71.666914,2.140906,True
2599,1773653517.653876,1773654196.303535,391,155,505.057103,89.614772,2.697677,True
2600,1773653517.653905,1773654039.009846,1313,169,189.262086,30.176764,0.946936,True
2601,1773653517.653947,1773654024.114246,1038,394,157.199718,13.170307,0.366487,True
2602,1773653517.653977,1773654011.591722,1737,92,131.984675,32.071989,1.097942,True
2603,1773653517.654009,1773654159.939650,1001,403,428.656685,32.060339,0.986558,True
2604,1773653517.654038,1773654191.548704,1100,426,491.789088,53.481073,1.031313,True
2605,1773653517.654067,1773653980.006064,400,95,66.765871,15.371001,0.546754,True
2606,1773653517.654094,1773654007.010244,395,78,120.338788,28.921383,1.187239,True
2607,1773653517.654123,1773654169.865911,1066,432,445.925914,31.817291,0.960809,True
2608,1773653517.654152,1773654031.127263,1639,91,168.217669,53.944514,1.269702,True
2609,1773653517.654181,1773654026.754344,1013,375,158.374264,14.678689,0.384213,True
2610,1773653517.654208,1773654152.897323,1104,399,410.284525,28.006871,0.960497,True
2611,1773653517.654237,1773654169.866194,1027,429,444.118785,32.215751,0.962390,True
2612,1773653517.654266,1773654400.542859,1116,426,904.829410,41.450063,2.031481,True
2613,1773653517.654294,1773654350.271078,944,393,804.254283,42.664694,1.942831,True
2614,1773653517.654323,1773654121.944266,453,85,347.418071,67.197239,3.335962,True
2615,1773653517.654352,1773654029.663999,371,79,162.141682,55.104880,1.372267,True
2616,1773653517.654380,1773654089.310609,1039,717,280.624731,15.444296,0.370364,True
2617,1773653517.654408,1773654037.438699,1072,446,176.587263,15.297407,0.362449,True
2618,1773653517.654437,1773654018.112486,404,104,137.810670,30.815362,1.038789,True
2619,1773653517.654469,1773654165.226692,1101,432,431.005153,26.037971,0.939599,True
2620,1773653517.654497,1773653973.037877,921,45,46.168073,13.439850,0.743823,True
2621,1773653517.654530,1773654051.764124,1017,520,203.475784,14.626971,0.363871,True
2622,1773653517.654559,1773654413.166914,1182,428,926.054083,49.168250,2.053597,True
2623,1773653517.654589,1773654173.915222,1042,424,447.302456,30.777797,0.984692,True
2624,1773653517.654619,1773654428.788745,1048,405,956.882480,85.166800,2.157712,True
2625,1773653517.654649,1773654144.415180,405,92,388.112445,85.155493,3.329197,True
2626,1773653517.654686,1773654235.575897,1023,520,569.541826,52.894033,0.995468,True
2627,1773653517.654716,1773654042.450200,10,173,183.038568,24.831043,0.919811,True
2628,1773653517.654745,1773654015.935067,1412,94,129.133978,31.591770,1.048841,True
2629,1773653517.654773,1773654169.926242,1314,136,437.089512,65.935865,2.749286,True
2630,1773653517.654802,1773654032.609107,1143,396,162.439642,14.851441,0.373641,True
2631,1773653517.654835,1773654071.047593,1417,55,237.609340,53.189503,3.415182,True
2632,1773653517.654865,1773654173.934818,415,119,442.949948,85.576607,3.028588,True
2633,1773653517.654893,1773654002.042845,372,62,99.145523,23.291580,1.243507,True
2634,1773653517.654922,1773654157.468339,398,100,409.962387,85.555525,3.276837,True
2635,1773653517.654970,1773654131.040425,398,76,357.095965,85.544742,3.620683,True
2636,1773653517.655004,1773654032.338223,1047,388,158.817661,13.089483,0.376559,True
2637,1773653517.655033,1773654013.652039,844,78,121.275357,31.776212,1.162327,True
2638,1773653517.655061,1773654038.799975,1096,429,171.296132,15.918924,0.363031,True
2639,1773653517.655090,1773653993.933156,1353,156,81.455133,15.451705,0.425829,True
2640,1773653517.655119,1773654200.285238,1084,429,493.470498,51.421801,1.032824,True
2641,1773653517.655147,1773654198.463597,1064,398,487.836316,61.894269,1.072902,True
2642,1773653517.655176,1773654053.077058,393,82,197.039765,61.882690,1.668606,True
2643,1773653517.655205,1773653997.672677,624,50,86.210511,21.976480,1.310899,True
2644,1773653517.655241,1773654202.158567,1038,379,495.160535,63.915791,1.140859,True
2645,1773653517.655273,1773654006.496806,391,67,103.688555,28.307580,1.142136,True
2646,1773653517.655301,1773654082.858401,1312,39,255.606250,78.246720,4.667356,True
2647,1773653517.655330,1773654147.343921,1639,87,384.332443,87.467419,3.451919,True
2648,1773653517.655359,1773654453.287581,1039,417,996.207494,89.616201,2.179306,True
2649,1773653517.655388,1773654560.017538,1035,605,1209.501793,56.270664,1.909323,True
2650,1773653517.655416,1773654440.992437,1082,419,971.420269,78.025030,2.137309,True
2651,1773653517.655445,1773654408.261487,1156,378,905.943610,89.511169,2.165603,True
2652,1773653517.655476,1773654036.326203,1234,393,160.630406,14.586604,0.372561,True
2653,1773653517.655508,1773654167.667786,1012,394,422.561265,32.701644,0.992009,True
2654,1773653517.655538,1773654020.183551,386,84,127.570166,33.229128,1.136639,True
2655,1773653517.655566,1773654155.937507,1089,396,398.845600,24.020612,0.948924,True
2656,1773653517.655596,1773654021.712159,391,107,130.286894,26.391243,0.980148,True
2657,1773653517.655624,1773654036.924725,1037,425,160.459481,12.377202,0.349251,True
2658,1773653517.655652,1773653985.571227,1412,94,55.872914,14.803488,0.441607,True
2659,1773653517.655681,1773653980.354064,635,66,45.109361,12.798547,0.497089,True
2660,1773653517.655710,1773654071.507761,593,56,227.045565,78.027295,2.709423,True
2661,1773653517.655738,1773654023.385829,919,100,129.131809,28.975530,1.011680,True
2662,1773653517.655772,1773653990.873597,422,110,63.207574,13.168743,0.459072,True
2663,1773653517.655801,1773654129.457994,395,100,340.289779,54.162840,2.890171,True
2664,1773653517.655829,1773654210.332263,1175,521,501.932450,22.843514,0.921325,True
2665,1773653517.655857,1773654377.583190,973,393,836.075994,53.939350,1.995247,True
2666,1773653517.655888,1773654136.338541,1333,86,353.366956,73.647513,3.290817,True
2667,1773653517.655917,1773654413.283898,1021,393,907.235875,74.719949,2.123765,True
2668,1773653517.655961,1773654435.129251,1143,414,950.755898,76.312837,2.117296,True
2669,1773653517.655994,1773654454.768384,1061,427,990.011665,79.315133,2.137785,True
2670,1773653517.656026,1773654082.762777,387,52,245.982322,56.499681,3.715346,True
2671,1773653517.656058,1773654162.364334,401,107,405.164150,81.436836,3.054031,True
2672,1773653517.656087,1773654428.789018,1045,397,937.991568,86.432713,2.150401,True
2673,1773653517.656116,1773654279.953982,1030,631,640.094860,32.322552,0.964718,True
2674,1773653517.656149,1773654086.960371,1065,86,253.980614,79.414358,2.053721,True
2675,1773653517.656178,1773654170.843055,1117,426,421.513033,23.556181,0.936369,True
2676,1773653517.656206,1773654018.675818,393,93,117.156274,23.544733,1.017517,True
2677,1773653517.656235,1773654155.151874,1109,378,390.087613,27.368989,0.962118,True
2678,1773653517.656262,1773654004.309533,696,43,88.381479,27.358280,1.452933,True
2679,1773653517.656370,1773653991.019143,181,105,61.198363,12.018705,0.472881,True
2680,1773653517.656406,1773654039.950874,1212,406,158.895802,12.034641,0.362620,True
2681,1773653517.656439,1773654177.765563,1070,415,434.091654,31.287715,0.972956,True
2682,1773653517.656467,1773654011.886390,1314,191,101.087264,15.213591,0.451967,True
2683,1773653517.656497,1773654178.529435,1126,403,432.675178,32.496960,0.995468,True
2684,1773653517.656526,1773654008.852606,407,53,93.194891,26.700408,1.278740,True
2685,1773653517.656555,1773654048.952622,1030,429,173.121570,16.256423,0.366507,True
2686,1773653517.656586,1773653987.042607,1999,94,49.072820,13.830913,0.378945,True
2687,1773653517.656614,1773654216.317296,1057,374,506.495246,79.008998,1.146076,True
2688,1773653517.656643,1773654113.052370,404,130,299.942245,78.997688,1.712749,True
2689,1773653517.656675,1773654044.267370,1001,403,161.299987,12.719518,0.369603,True
2690,1773653517.656702,1773654190.980058,1131,426,454.475612,32.816474,0.992139,True
2691,1773653517.656730,1773654157.468188,1722,92,385.956768,85.123516,3.305860,True
2692,1773653517.656759,1773654031.931502,411,101,134.870826,33.240653,1.016302,True
2693,1773653517.656788,1773654156.444895,1349,126,383.874546,51.764526,2.656880,True
2694,1773653517.656816,1773654168.447911,449,117,407.684559,76.619088,2.854013,True
2695,1773653517.656845,1773654025.616302,427,102,121.866652,24.272998,0.966274,True
2696,1773653517.656873,1773654150.351506,1333,86,371.314414,84.915639,3.369397,True
2697,1773653517.656901,1773654055.042660,1131,433,180.185384,16.488999,0.378927,True
2698,1773653517.656950,1773654005.379105,463,164,80.567864,13.553244,0.411133,True
2699,1773653517.656981,1773654088.600857,1317,207,246.436546,34.398182,1.029312,True
2700,1773653517.657009,1773654161.884441,979,388,392.895311,25.324219,0.949796,True
2701,1773653517.657039,1773654022.182038,391,86,113.218677,26.434505,1.020990,True
2702,1773653517.657066,1773654134.577752,381,71,335.903060,82.982632,3.613149,True
2703,1773653517.657095,1773654102.572142,2000,71,271.869316,54.619931,3.103563,True
2704,1773653517.657127,1773654039.124272,1443,76,144.591902,45.741111,1.318011,True
2705,1773653517.657156,1773654045.324504,1171,396,156.970386,13.274050,0.363788,True
2706,1773653517.657183,1773654431.356559,1103,405,928.860541,76.226548,2.110480,True
2707,1773653517.657215,1773654434.902350,1034,402,935.738535,82.576186,2.127587,True
2708,1773653517.657244,1773653993.163999,928,88,52.241122,15.380646,0.423684,True
2709,1773653517.657271,1773654058.432061,973,405,182.221307,18.954747,0.404125,True
2710,1773653517.657300,1773654295.163567,1162,527,655.539053,80.589879,1.093059,True
2711,1773653517.657328,1773654037.632806,1730,107,139.380590,31.564085,1.017137,True
2712,1773653517.657366,1773654028.408129,855,47,120.209021,44.266421,1.650926,True
2713,1773653517.657396,1773654058.180351,401,98,179.730295,45.572149,1.383074,True
2714,1773653517.657425,1773654278.046314,1107,588,619.216046,38.502594,0.989290,True
2715,1773653517.657454,1773654061.711988,1139,420,185.804255,19.367869,0.397223,True
2716,1773653517.657485,1773654089.310599,1082,607,239.321705,14.138938,0.371589,True
2717,1773653517.657513,1773654107.257246,390,75,275.190233,51.596279,3.021540,True
2718,1773653517.657545,1773654063.601828,1115,477,187.756531,16.977171,0.358780,True
2719,1773653517.657573,1773654166.783521,1140,403,394.054800,21.004411,0.927986,True
2720,1773653517.657602,1773654281.479818,1316,288,623.398604,75.611290,1.908667,True
2721,1773653517.657630,1773654564.916247,1078,615,1190.251687,51.468405,1.854696,True
2722,1773653517.657658,1773654213.490233,1078,459,487.358106,38.732335,0.979532,True
2723,1773653517.657691,1773654539.521125,1050,501,1139.294527,80.225259,2.118139,True
2724,1773653517.657721,1773654558.507713,978,550,1177.246582,81.602458,1.995709,True
2725,1773653517.657752,1773654055.952108,1136,411,170.644843,18.020401,0.372255,True
2726,1773653517.657783,1773654056.694718,1144,385,171.877296,19.202967,0.397589,True
2727,1773653517.657812,1773654104.485620,1147,669,266.583320,20.745436,0.368021,True
2728,1773653517.657841,1773654011.756312,393,122,80.851674,20.609209,0.497872,True
2729,1773653517.657869,1773654201.017979,1045,479,459.004009,19.244755,0.919998,True
2730,1773653517.657897,1773654114.140041,1324,200,285.141235,45.050508,1.206486,True
2731,1773653517.657925,1773654123.156796,1057,89,302.652094,49.429927,2.877525,True
2732,1773653517.657974,1773654096.305487,374,64,248.708670,49.306295,3.165117,True
2733,1773653517.658002,1773654451.342726,1086,451,958.762156,49.295922,2.021036,True
2734,1773653517.658036,1773654403.953638,1031,375,863.961835,80.777371,2.094076,True
2735,1773653517.658066,1773654439.469424,1111,401,934.848137,82.267647,2.131451,True
2736,1773653517.658094,1773654008.933619,392,97,71.782957,18.897523,0.550890,True
2737,1773653517.658122,1773654043.940717,1443,76,141.584051,42.655400,1.319049,True
2738,1773653517.658151,1773654177.832361,1000,414,409.261743,20.693952,0.940842,True
2739,1773653517.658180,1773654012.173045,1722,100,77.417711,22.169818,0.558060,True
2740,1773653517.658207,1773654203.057305,1186,380,458.276428,50.542493,1.075815,True
2741,1773653517.658236,1773654037.632531,181,57,127.176035,42.575541,1.510723,True
2742,1773653517.658264,1773654167.364665,404,102,385.633846,79.769882,3.028356,True
2743,1773653517.658296,1773654054.497294,1089,402,159.867311,14.086313,0.363544,True
2744,1773653517.658324,1773654169.189605,996,400,389.105139,19.259347,0.926932,True
2745,1773653517.658352,1773654176.002665,1104,405,402.711866,21.153866,0.944450,True
2746,1773653517.658383,1773654005.022695,409,95,59.487097,14.499875,0.478587,True
2747,1773653517.658412,1773654568.354578,1030,624,1184.570922,49.332836,1.822212,True
2748,1773653517.658438,1773654139.365136,370,107,326.558793,49.321813,2.615443,True
2749,1773653517.658467,1773654229.004185,1139,393,505.724396,71.842127,1.106843,True
2750,1773653517.658495,1773654212.357261,1103,408,472.179602,48.194658,1.041732,True
2751,1773653517.658523,1773654494.869183,1076,446,1037.156935,82.407957,2.145503,True
2752,1773653517.658554,1773654174.551139,1074,396,396.452378,21.774787,0.948551,True
2753,1773653517.658583,1773654217.669251,1149,380,482.090958,60.051067,1.113562,True
2754,1773653517.658611,1773654007.645290,1503,69,61.028772,18.375336,0.627256,True
2755,1773653517.658644,1773654213.490072,1023,432,470.876195,40.554332,0.998427,True
2756,1773653517.658673,1773654209.132625,1109,415,461.687295,43.166590,1.010920,True
2757,1773653517.658701,1773654203.181303,1039,396,449.761629,43.155013,1.029384,True
2758,1773653517.658730,1773654453.518093,1135,417,950.101276,74.282279,2.105334,True
2759,1773653517.658757,1773654068.901683,1009,402,180.704908,19.913390,0.400976,True
2760,1773653517.658785,1773654134.691076,387,100,311.915789,46.673353,2.679217,True
2761,1773653517.658816,1773654403.834520,1076,404,850.191362,46.662919,1.993867,True
2762,1773653517.658847,1773654563.753582,1082,607,1170.009164,48.867309,1.850069,True
2763,1773653517.658876,1773654392.217128,1038,394,826.916114,48.856787,1.979795,True
2764,1773653517.658904,1773654368.469640,1131,377,779.397088,50.392496,1.938842,True
2765,1773653517.658946,1773654175.109336,410,142,392.657421,50.381872,2.427486,True
2766,1773653517.658977,1773654449.950784,1086,437,942.318848,58.662508,2.026735,True
2767,1773653517.659005,1773654463.105995,1104,448,968.606319,58.651631,2.035693,True
2768,1773653517.659035,1773654258.207120,181,267,558.785393,61.641932,1.868960,True
2769,1773653517.659064,1773654521.121960,1176,500,1084.590951,61.629401,2.050023,True
2770,1773653517.659092,1773654573.847394,1101,629,1190.021883,62.926687,1.794738,True
2771,1773653517.659126,1773654015.688651,422,82,73.492514,16.563941,0.702822,True
2772,1773653517.659156,1773654244.494569,181,202,530.333337,79.371135,2.243593,True
2773,1773653517.659188,1773654457.368048,1112,410,956.058344,79.360163,2.143516,True
2774,1773653517.659217,1773654124.445700,392,147,290.069102,68.573001,1.517097,True
2775,1773653517.659247,1773654066.543519,373,91,174.160667,42.466913,1.463264,True
2776,1773653517.659276,1773654160.017400,1078,956,360.014688,18.452753,0.357656,True
2777,1773653517.659304,1773654021.769598,381,60,83.350255,21.344654,1.050942,True
2778,1773653517.659333,1773654000.446884,313,18,40.179744,18.105779,1.298469,True
2779,1773653517.659362,1773654236.928388,966,414,512.624807,56.884685,1.103487,True
2780,1773653517.659391,1773654200.953768,1096,384,440.425045,43.096877,1.037410,True
2781,1773653517.659419,1773654007.298903,378,64,51.503910,13.959185,0.595948,True
2782,1773653517.659450,1773654027.412902,410,77,91.400868,19.726580,0.943083,True
2783,1773653517.659485,1773654233.605791,1201,451,503.383188,44.141277,1.020538,True
2784,1773653517.659516,1773654211.782676,1110,394,459.725301,49.013089,1.045069,True
2785,1773653517.659545,1773654067.275662,978,429,169.125923,14.700737,0.360807,True
2786,1773653517.659572,1773654191.266558,1036,414,416.468047,21.718513,0.955810,True
2787,1773653517.659601,1773654039.069875,928,88,112.053608,24.861858,1.002204,True
2788,1773653517.659630,1773654074.466462,390,63,181.504340,53.786243,2.059969,True
2789,1773653517.659661,1773654238.927003,1126,409,509.811231,65.334235,1.089404,True
2790,1773653517.659692,1773654072.187265,1171,396,175.913448,17.396966,0.401308,True
2791,1773653517.659721,1773654411.354280,1031,375,854.013622,72.367724,2.089962,True
2792,1773653517.659750,1773654454.768136,1102,405,940.820023,80.799156,2.128765,True
2793,1773653517.659778,1773654447.111510,1079,398,925.480992,83.213814,2.121580,True
2794,1773653517.659809,1773654230.621502,1140,403,492.352011,54.196197,1.089940,True
2795,1773653517.659839,1773654044.278033,2000,82,118.570652,25.569829,1.148158,True
2796,1773653517.659867,1773654017.079741,442,96,63.007150,11.837327,0.538630,True
2797,1773653517.659895,1773654085.242695,388,67,199.311046,64.760625,2.038643,True
2798,1773653517.659923,1773654220.284064,1120,406,467.788683,45.889411,1.041727,True
2799,1773653517.659967,1773654217.842754,1001,421,462.174526,39.805685,1.005640,True
2800,1773653517.659997,1773654073.894647,1353,436,174.091150,12.570213,0.371312,True
2801,1773653517.660025,1773654218.288911,1085,400,462.604810,46.874293,1.041931,True
2802,1773653517.660054,1773654017.649667,371,67,61.198572,17.954314,0.655216,True
2803,1773653517.660083,1773654076.928387,1017,404,179.735241,19.136894,0.398507,True
2804,1773653517.660112,1773654098.379013,404,91,221.549381,62.744270,1.764501,True
2805,1773653517.660139,1773654232.519105,1109,404,487.908537,51.594332,1.082666,True
2806,1773653517.660171,1773654080.959158,1033,415,184.719009,20.260136,0.397244,True
2807,1773653517.660200,1773654207.429529,1048,396,437.616400,39.232333,1.008567,True
2808,1773653517.660229,1773654102.955997,390,99,228.541553,61.663493,1.702837,True
2809,1773653517.660257,1773654068.879624,1111,413,159.120596,12.103807,0.356837,True
2810,1773653517.660285,1773654227.213531,1096,397,475.621318,50.757463,1.072889,True
2811,1773653517.660318,1773654074.163663,380,80,169.194298,43.250426,1.594226,True
2812,1773653517.660347,1773654222.367319,1100,408,465.579032,44.395576,1.034849,True
2813,1773653517.660375,1773654075.130308,1141,393,169.904334,18.681739,0.385772,True
2814,1773653517.660404,1773654179.303393,404,110,377.625469,68.207605,2.838696,True
2815,1773653517.660439,1773654065.014595,1073,381,148.264120,13.848219,0.353726,True
2816,1773653517.660469,1773654447.111517,1122,396,912.349030,79.516419,2.108437,True
2817,1773653517.660496,1773654072.309600,1065,396,162.559033,15.420010,0.372504,True
2818,1773653517.660604,1773654080.681273,408,91,178.474767,42.417047,1.511752,True
2819,1773653517.660641,1773654269.673121,1115,477,556.207303,49.586021,1.064330,True
2820,1773653517.660672,1773654440.749310,1072,394,896.864430,71.805253,2.099387,True
2821,1773653517.660702,1773654432.400192,1133,385,879.468793,73.789563,2.098123,True
2822,1773653517.660731,1773654169.692136,428,94,354.039901,73.778279,3.013566,True
2823,1773653517.660759,1773654444.907547,1106,396,904.444996,73.766820,2.102983,True
2824,1773653517.660793,1773654201.644331,16,136,417.521115,77.568865,2.518165,True
2825,1773653517.660822,1773654241.707436,1168,428,497.581232,45.599590,1.058505,True
2826,1773653517.660851,1773654241.707145,1068,426,497.100876,46.518858,1.060193,True
2827,1773653517.660879,1773654018.307096,1899,50,50.280572,18.571378,0.647126,True
2828,1773653517.660908,1773654100.008907,1065,500,213.536607,18.497481,0.390860,True
2829,1773653517.660954,1773654065.061906,934,52,143.432352,42.189845,1.985147,True
2830,1773653517.660986,1773654078.610822,1082,398,169.473633,16.403148,0.385568,True
2831,1773653517.661014,1773654096.291864,1037,487,204.709556,19.634839,0.380812,True
2832,1773653517.661043,1773654106.243760,1917,113,224.054261,51.311675,1.542345,True
2833,1773653517.661076,1773654435.030915,1037,407,879.934671,60.754534,2.017685,True
2834,1773653517.661105,1773654244.810673,1124,428,498.898212,45.674710,1.061413,True
2835,1773653517.661139,1773654225.031251,9,161,458.805774,70.823268,2.424891,True
2836,1773653517.661170,1773654168.447901,396,92,345.194371,77.443922,2.942313,True
2837,1773653517.661199,1773654082.150085,1214,417,172.538285,15.857256,0.376637,True
2838,1773653517.661229,1773654216.837239,1100,386,441.682350,42.379970,1.037149,True
2839,1773653517.661258,1773654086.151258,411,79,180.056004,49.405594,1.675005,True
2840,1773653517.661290,1773654082.747205,382,62,173.144672,54.173117,1.950353,True
2841,1773653517.661320,1773654030.871776,407,113,69.329389,17.364594,0.463971,True
2842,1773653517.661361,1773654246.541963,920,418,499.804475,54.610259,1.067612,True
2843,1773653517.661393,1773654098.458014,881,118,203.533013,41.684226,1.383323,True
2844,1773653517.661422,1773654225.552494,1083,395,456.686419,45.778358,1.042914,True
2845,1773653517.661451,1773654337.430719,1099,616,679.841035,48.017775,1.027355,True
2846,1773653517.661483,1773654150.462874,395,88,305.716234,58.213086,2.844864,True
2847,1773653517.661513,1773654118.592008,1503,153,241.826772,46.190841,1.287078,True
2848,1773653517.661542,1773654153.009494,382,72,310.576456,75.568570,3.309970,True
2849,1773653517.661571,1773654270.920364,1315,240,546.179909,72.067873,1.983732,True
2850,1773653517.661601,1773654031.580292,181,134,67.008014,13.661945,0.401098,True
2851,1773653517.661633,1773654105.144812,384,111,213.950429,47.358993,1.514468,True
2852,1773653517.661662,1773654272.782797,1144,470,548.135143,55.997257,1.049335,True
2853,1773653517.661690,1773654228.823203,1144,407,460.108163,40.806824,1.032762,True
2854,1773653517.661719,1773654078.614052,381,62,159.438087,46.633117,1.849262,True
2855,1773653517.661748,1773654102.787726,961,27,206.102271,72.061295,5.155422,True
2856,1773653517.661780,1773654445.961190,1109,393,892.002975,73.331144,2.088449,True
2857,1773653517.661808,1773654163.385123,398,85,326.829943,73.320332,3.017972,True
2858,1773653517.661840,1773654296.784494,1133,521,593.374599,54.614893,1.036076,True
2859,1773653517.661869,1773654086.740352,1103,406,173.241438,15.667469,0.389072,True
2860,1773653517.661901,1773654042.275302,1313,203,83.958412,12.821237,0.352164,True
2861,1773653517.661929,1773654135.306690,203,165,269.928550,54.373989,1.314357,True
2862,1773653517.661974,1773654041.917600,212,162,82.931313,15.335364,0.419851,True
2863,1773653517.662004,1773654254.978777,1079,441,507.759765,45.490877,1.050611,True
2864,1773653517.662032,1773654245.601986,1125,423,487.226199,44.600101,1.048877,True
2865,1773653517.662060,1773654225.746048,1112,395,447.384715,40.820917,1.031888,True
2866,1773653517.662088,1773654081.088540,1066,407,156.998356,12.579925,0.355710,True
2867,1773653517.662122,1773654427.253201,967,375,848.942668,76.939193,2.064180,True
2868,1773653517.662155,1773654159.502297,400,76,313.417180,76.927583,3.153195,True
2869,1773653517.662190,1773654195.739689,181,145,385.477052,53.877320,2.302776,True
2870,1773653517.662219,1773654259.494463,1057,443,512.841727,45.465013,1.057413,True
2871,1773653517.662247,1773654093.732509,1011,76,181.192691,51.576192,1.728220,True
2872,1773653517.662276,1773654082.571552,1081,371,158.204888,13.895374,0.390026,True
2873,1773653517.662309,1773654231.722027,1048,403,454.818290,42.277074,1.026222,True
2874,1773653517.662337,1773654246.414725,1012,414,484.180915,48.374022,1.055223,True
2875,1773653517.662366,1773654245.724077,1075,412,482.552276,51.639409,1.048450,True
2876,1773653517.662394,1773654229.664962,209,167,449.515617,66.889642,2.304976,True
2877,1773653517.662423,1773654229.317719,42,166,448.797899,66.878590,2.314662,True
2878,1773653517.662451,1773654029.741163,395,118,49.414929,10.135621,0.335721,True
2879,1773653517.662483,1773654024.620825,1137,46,38.924685,13.646705,0.561733,True
2880,1773653517.662511,1773654026.393621,402,100,42.006864,9.779163,0.325532,True
2881,1773653517.662540,1773654172.007989,1917,90,331.260607,69.241657,2.944033,True
2882,1773653517.662567,1773654228.822919,1081,396,444.636128,40.581658,1.022923,True
2883,1773653517.662596,1773654103.758079,418,113,194.483648,40.570128,1.374228,True
2884,1773653517.662624,1773654167.253916,411,84,321.307497,75.909853,2.956598,True
2885,1773653517.662656,1773654210.180782,181,134,407.140366,75.898676,2.490539,True
2886,1773653517.662684,1773654439.712346,1073,381,866.181087,75.887277,2.079721,True
2887,1773653517.662712,1773654092.650141,1124,412,171.804180,12.941490,0.386527,True
2888,1773653517.662741,1773654042.057752,1324,141,70.574707,13.748821,0.405899,True
2889,1773653517.662768,1773654096.484423,399,94,178.929066,41.519352,1.477524,True
2890,1773653517.662800,1773654233.170010,1106,396,452.175794,45.616554,1.029264,True
2891,1773653517.662828,1773654032.399591,380,91,50.179398,12.379734,0.419996,True
2892,1773653517.662857,1773654144.985352,411,188,274.977952,41.042626,1.250991,True
2893,1773653517.662884,1773654099.229326,411,104,183.341639,45.140209,1.341761,True
2894,1773653517.662912,1773654094.255658,1162,398,173.204742,14.705959,0.399241,True
2895,1773653517.662956,1773654031.651220,181,60,47.974068,14.694906,0.564054,True
2896,1773653517.662987,1773654247.259594,1093,414,478.556318,42.077208,1.056850,True
2897,1773653517.663015,1773654337.300795,1176,621,658.389582,41.373080,0.995188,True
2898,1773653517.663044,1773654093.863868,393,91,170.014397,43.841375,1.401922,True
2899,1773653517.663073,1773654094.003360,1109,405,170.125992,17.480836,0.377835,True
2900,1773653517.663104,1773654038.938612,410,92,59.432142,17.198568,0.464105,True
2901,1773653517.663132,1773654240.075611,1006,394,460.498379,50.544880,1.043139,True
2902,1773653517.663160,1773654438.147850,1140,379,856.471163,74.724630,2.068113,True
2903,1773653517.663189,1773654438.032840,1078,405,855.803081,51.592286,1.990621,True
2904,1773653517.663216,1773654102.890010,386,99,182.573749,40.158529,1.453217,True
2905,1773653517.663244,1773654039.080521,396,94,54.634380,14.657946,0.429854,True
2906,1773653517.663273,1773654103.580027,969,411,183.379488,16.906908,0.406031,True
2907,1773653517.663301,1773654028.687465,313,18,33.014925,15.282645,1.043075,True
2908,1773653517.663331,1773654234.887869,169,205,445.304453,49.487733,1.940278,True
2909,1773653517.663363,1773654201.644336,1315,125,378.587957,75.098755,2.447494,True
2910,1773653517.663392,1773654091.183598,1625,82,155.776541,40.228297,1.426522,True
2911,1773653517.663421,1773654104.827230,1149,417,182.831707,15.384727,0.402517,True
2912,1773653517.663448,1773654247.259585,1136,411,467.196007,38.100229,1.046575,True
2913,1773653517.663477,1773654166.067248,398,78,303.389915,73.075042,2.991102,True
2914,1773653517.663509,1773654254.096221,1085,427,479.302191,41.642111,1.027371,True
2915,1773653517.663542,1773654117.819866,1033,508,206.621540,15.508713,0.376948,True
2916,1773653517.663571,1773654475.238807,1018,434,921.288906,47.130656,2.018841,True
2917,1773653517.663600,1773654458.766023,1125,422,888.322588,47.119853,1.998106,True
2918,1773653517.663629,1773654090.359531,374,69,150.892694,41.719226,1.605492,True
2919,1773653517.663657,1773654063.962224,90,20,97.721586,36.659922,3.213772,True
2920,1773653517.663685,1773654045.253972,376,85,59.108191,16.346974,0.509062,True
2921,1773653517.663716,1773654142.610338,209,174,253.467589,40.756511,1.229544,True
2922,1773653517.663746,1773654261.342236,1056,442,490.806535,41.619411,1.018565,True
2923,1773653517.663778,1773654098.561144,1066,377,164.530774,15.826863,0.395489,True
2924,1773653517.663808,1773654191.678389,405,108,350.553047,71.047505,2.612201,True
2925,1773653517.663837,1773654165.945694,393,99,298.629421,46.992351,2.567725,True
2926,1773653517.663865,1773654166.621551,42,100,299.960776,46.981723,2.555344,True
2927,1773653517.663894,1773654138.681006,828,72,244.059892,46.971360,2.775895,True
2928,1773653517.663921,1773654107.968177,1093,405,181.766225,17.035146,0.407750,True
2929,1773653517.663965,1773654249.517780,1095,407,464.669440,43.192425,1.038121,True
2930,1773653517.663995,1773654106.768765,1049,429,178.222875,15.752042,0.379605,True
2931,1773653517.664024,1773654253.268701,920,418,470.415236,43.547669,1.023663,True
2932,1773653517.664055,1773654220.284073,1116,360,404.321742,40.796350,1.012606,True
2933,1773653517.664083,1773654051.339453,403,99,66.056461,15.808821,0.512731,True
2934,1773653517.664112,1773654148.155204,1317,194,258.942879,41.690644,1.125659,True
2935,1773653517.664140,1773654109.109428,1147,424,179.737756,16.364670,0.386225,True
2936,1773653517.664171,1773654238.163824,1139,393,435.944176,33.552273,1.026510,True
2937,1773653517.664199,1773654248.576524,1114,412,456.037785,38.362254,1.016242,True
2938,1773653517.664228,1773654254.914247,1097,420,468.691522,41.559359,1.019409,True
2939,1773653517.664256,1773654117.702238,1162,410,193.224860,17.499627,0.429646,True
2940,1773653517.664284,1773654093.843712,91,16,144.664686,54.111223,6.036898,True
2941,1773653517.664319,1773654254.978785,967,396,466.526548,49.089299,1.056803,True
2942,1773653517.664348,1773654091.183438,374,60,138.811631,44.175147,1.604008,True
2943,1773653517.664379,1773654475.110625,1161,414,906.534481,53.776403,2.064790,True
2944,1773653517.664407,1773654546.018359,1085,491,1048.327332,58.239063,2.020588,True
2945,1773653517.664436,1773654109.169405,382,89,173.963173,45.537028,1.459388,True
2946,1773653517.664465,1773654048.442154,1189,74,51.134184,14.642909,0.499880,True
2947,1773653517.664493,1773654104.447729,391,81,162.102535,44.328521,1.472175,True
2948,1773653517.664521,1773654210.735346,206,161,374.544863,40.159852,2.089906,True
2949,1773653517.664550,1773654473.111906,1099,429,899.275866,43.186740,2.000208,True
2950,1773653517.664582,1773654556.174158,944,548,1065.375519,45.245893,1.864954,True
2951,1773653517.664609,1773654303.802582,1133,527,560.573496,32.116423,1.004671,True
2952,1773653517.664637,1773654258.081825,990,429,469.108506,33.809937,1.017053,True
2953,1773653517.664666,1773654209.952905,396,135,372.557840,56.419225,2.359243,True
2954,1773653517.664695,1773654111.972539,1097,388,175.707925,16.885486,0.410394,True
2955,1773653517.664722,1773654053.484878,782,84,57.723838,15.255962,0.511661,True
2956,1773653517.664750,1773654109.232372,396,88,167.358185,45.251736,1.403522,True
2957,1773653517.664860,1773654085.787575,1325,45,120.320146,42.097952,1.777777,True
2958,1773653517.664896,1773654431.585320,1212,396,811.085370,42.694022,1.945295,True
2959,1773653517.664930,1773654473.111816,1090,424,894.129421,46.066304,2.004877,True
2960,1773653517.664980,1773654276.336214,1123,430,500.410372,50.683068,1.048315,True
2961,1773653517.665010,1773654461.765182,1056,397,871.033177,57.167569,2.055216,True
2962,1773653517.665040,1773654121.933307,1153,420,191.057300,14.598938,0.421142,True
2963,1773653517.665074,1773654058.044316,954,99,62.571637,17.504690,0.459867,True
2964,1773653517.665108,1773654109.671089,1177,399,165.036682,13.982157,0.379534,True
2965,1773653517.665138,1773654127.068285,405,92,199.292099,55.819000,1.576627,True
2966,1773653517.665166,1773654217.091568,181,162,378.218026,44.131360,2.075072,True
2967,1773653517.665195,1773654229.880652,1119,377,402.921992,28.917937,0.994692,True
2968,1773653517.665227,1773654066.861997,946,129,76.327003,14.918893,0.479751,True
2969,1773653517.665257,1773654243.189587,1184,394,428.609892,30.281493,1.013558,True
2970,1773653517.665284,1773654060.481390,425,91,63.003308,14.637735,0.537395,True
2971,1773653517.665313,1773654154.592414,378,66,250.593566,58.157275,2.960558,True
2972,1773653517.665342,1773654500.497748,1144,424,942.184105,60.698813,2.083890,True
2973,1773653517.665385,1773654251.631015,1249,415,443.926465,33.140239,0.992237,True
2974,1773653517.665415,1773654079.250630,203,181,98.996699,17.161445,0.454640,True
2975,1773653517.665444,1773654243.307555,1037,379,425.823803,40.789421,1.018609,True
2976,1773653517.665476,1773654473.227617,1083,406,884.959133,58.522843,2.040583,True
2977,1773653517.665509,1773654144.308022,386,53,227.097013,58.512429,3.242011,True
2978,1773653517.665536,1773654488.406615,1124,412,915.079600,59.238903,2.082337,True
2979,1773653517.665565,1773654068.757876,181,133,75.764492,12.741761,0.477445,True
2980,1773653517.665594,1773654235.575570,1065,382,408.879992,33.128701,0.986224,True
2981,1773653517.665623,1773654076.068424,1441,150,88.954435,15.322187,0.494176,True
2982,1773653517.665651,1773654061.710579,438,91,60.115344,19.118239,0.455523,True
2983,1773653517.665680,1773654153.090499,181,174,242.533916,39.367000,1.174375,True
2984,1773653517.665708,1773654244.871872,1095,396,425.858015,29.110018,1.004425,True
2985,1773653517.665740,1773654116.393137,1133,420,168.093365,13.011724,0.370123,True
2986,1773653517.665770,1773654128.518930,998,393,192.219312,21.726421,0.434931,True
2987,1773653517.665802,1773654114.201128,382,53,163.211287,54.588191,2.088906,True
2988,1773653517.665831,1773654073.823179,417,110,82.412486,21.518665,0.558659,True
2989,1773653517.665859,1773654132.768576,398,94,199.051145,53.940064,1.560334,True
2990,1773653517.665888,1773654264.792483,1166,421,462.970881,39.815845,1.007512,True
2991,1773653517.665916,1773654463.232056,1027,396,859.180148,58.784590,2.026318,True
2992,1773653517.665965,1773654114.183205,1034,403,159.372609,12.148584,0.366229,True
2993,1773653517.665995,1773654176.600131,1924,105,284.156631,43.955318,2.309628,True
2994,1773653517.666023,1773654495.113858,1054,423,920.934043,59.871039,2.040434,True
2995,1773653517.666059,1773654510.515971,1018,429,951.523245,57.233569,2.089462,True
2996,1773653517.666089,1773654352.114746,992,609,633.974358,40.404809,0.976266,True
2997,1773653517.666118,1773654471.006520,1004,421,870.719780,42.830199,1.971166,True
2998,1773653517.666147,1773654125.781001,2027,121,180.077741,30.151025,1.249389,True
2999,1773653517.666176,1773654480.808960,1157,404,889.216351,55.792315,2.068050,True
3000,1773653517.666205,1773654099.288126,450,84,126.165049,24.847106,1.220698,True
3001,1773653517.666233,1773654116.491231,431,101,160.444604,31.245414,1.291992,True
3002,1773653517.666261,1773654063.489168,1189,74,54.314010,13.307501,0.561733,True
3003,1773653517.666291,1773654093.086608,1642,56,112.309991,31.955103,1.460998,True
3004,1773653517.666323,1773654070.707547,401,101,67.521930,17.192996,0.503289,True
3005,1773653517.666351,1773654062.203308,794,70,49.514957,17.858388,0.458791,True
3006,1773653517.666382,1773654265.933803,1137,402,456.579060,42.522434,1.032560,True
3007,1773653517.666411,1773654131.449964,392,84,187.590469,53.089176,1.620498,True
3008,1773653517.666440,1773654307.231839,1172,511,539.071504,31.190306,0.995845,True
3009,1773653517.666470,1773654273.630019,1161,420,471.741506,43.413300,1.022263,True
3010,1773653517.666499,1773654387.986207,1314,322,699.390425,61.137182,1.988328,True
3011,1773653517.666528,1773654070.707391,862,87,63.795083,18.018735,0.532283,True
3012,1773653517.666562,1773654071.201107,388,78,64.517235,14.397446,0.650906,True
3013,1773653517.666595,1773654091.125287,1496,53,104.342304,28.560993,1.457333,True
3014,1773653517.666624,1773654150.062062,181,124,222.090501,51.726599,1.385072,True
3015,1773653517.666652,1773654253.466573,1073,392,428.768994,32.358586,1.013837,True
3016,1773653517.666681,1773654064.832351,1217,49,51.484824,15.663624,0.746275,True
3017,1773653517.666710,1773654273.386091,1027,396,468.509786,51.543160,1.055612,True
3018,1773653517.666738,1773654202.059450,405,142,325.429812,39.137482,2.030442,True
3019,1773653517.666766,1773654187.956613,874,95,296.803692,53.927923,2.583785,True
3020,1773653517.666795,1773654060.628910,91,24,41.349640,14.799123,1.154370,True
3021,1773653517.666823,1773654582.157624,1111,595,1083.147384,61.736670,1.719547,True
3022,1773653517.666855,1773654074.962536,120,12,68.736426,30.843269,3.444832,True
3023,1773653517.666884,1773654189.558151,1316,209,297.802510,51.052009,1.186300,True
3024,1773653517.666913,1773654163.274363,391,88,245.152351,37.777966,2.383614,True
3025,1773653517.666956,1773654188.302851,401,96,294.980872,52.670060,2.550640,True
3026,1773653517.666990,1773654543.293829,1150,470,1003.887254,54.386556,2.024522,True
3027,1773653517.667018,1773654113.051874,407,94,143.152647,26.039108,1.259285,True
3028,1773653517.667051,1773654215.208212,387,124,346.618398,60.427202,2.326758,True
3029,1773653517.667081,1773654078.393471,377,119,72.938786,14.403033,0.496066,True
3030,1773653517.667109,1773654064.832362,979,45,45.527641,14.258555,0.710661,True
3031,1773653517.667140,1773654135.345650,1134,399,186.118823,16.849403,0.425300,True
3032,1773653517.667169,1773654135.755879,401,96,186.709643,49.307847,1.446335,True
3033,1773653517.667198,1773654116.858101,1827,35,148.812286,58.235980,2.664009,True
3034,1773653517.667226,1773654263.081224,1180,371,441.234888,50.491887,1.056062,True
3035,1773653517.667254,1773654293.996821,1090,414,501.501761,61.422273,1.065568,True
3036,1773653517.667283,1773654205.980975,412,117,325.385530,52.448775,2.352903,True
3037,1773653517.667315,1773654397.161717,1102,684,707.478889,49.533589,0.963317,True
3038,1773653517.667343,1773654154.592705,387,52,222.159061,58.811973,3.202884,True
3039,1773653517.667375,1773654108.585241,1000,59,129.265583,32.973236,1.660213,True
3040,1773653517.667407,1773654262.500720,1087,397,437.076636,33.669170,1.018706,True
3041,1773653517.667436,1773654299.682191,1140,467,511.416875,35.576070,1.021118,True
3042,1773653517.667464,1773654074.783993,402,102,61.021177,13.921696,0.466331,True
3043,1773653517.667493,1773654135.755722,1633,64,182.942321,63.923163,1.889193,True
3044,1773653517.667525,1773654122.067520,987,29,155.543753,63.911731,3.272572,True
3045,1773653517.667553,1773654137.937225,1123,400,185.360665,19.405053,0.415929,True
3046,1773653517.667581,1773654142.007722,1150,424,193.356282,21.162395,0.407078,True
3047,1773653517.667609,1773654463.331322,1160,385,835.628907,52.755579,2.038733,True
3048,1773653517.667638,1773654123.641612,1116,393,156.122452,12.614477,0.366092,True
3049,1773653517.667671,1773654518.429217,1111,935,945.506471,47.279834,0.961699,True
3050,1773653517.667699,1773654212.410372,380,115,331.642479,57.681667,2.403165,True
3051,1773653517.667728,1773654492.568513,1084,404,891.933726,58.814769,2.067293,True
3052,1773653517.667756,1773654505.496031,1192,413,917.767137,60.516114,2.080706,True
3053,1773653517.667783,1773654098.378810,1609,62,103.304259,23.117597,1.314535,True
3054,1773653517.667812,1773654116.732592,399,95,139.991899,25.008630,1.223226,True
3055,1773653517.667840,1773654209.839733,402,116,326.058127,55.509317,2.352598,True
3056,1773653517.667869,1773654117.682149,1288,68,140.887765,34.727738,1.584478,True
3057,1773653517.667896,1773654125.997813,1103,404,155.101225,11.325829,0.356763,True
3058,1773653517.667925,1773654264.156928,1148,424,430.613198,23.713509,0.961938,True
3059,1773653517.667969,1773654275.728801,1092,389,453.608212,48.669425,1.043657,True
3060,1773653517.668006,1773654080.095367,376,58,62.277095,17.535169,0.784946,True
3061,1773653517.668035,1773654330.478686,1171,530,561.730231,34.582445,0.996499,True
3062,1773653517.668064,1773654077.702782,91,16,56.052026,22.887353,2.210978,True
3063,1773653517.668093,1773654186.595489,394,80,271.712754,58.206858,2.702606,True
3064,1773653517.668121,1773654116.732885,398,94,131.779369,21.721297,1.183420,True
3065,1773653517.668149,1773654495.114035,1167,414,888.270440,53.200827,2.021960,True
3066,1773653517.668178,1773654267.994610,1027,396,433.946050,33.174163,1.014612,True
3067,1773653517.668207,1773654157.738108,181,104,212.811157,58.111289,1.501940,True
3068,1773653517.668234,1773654111.972384,1319,209,121.257538,17.179067,0.500377,True
3069,1773653517.668262,1773654182.323920,1319,150,261.877407,62.090511,1.340852,True
3070,1773653517.668294,1773654150.239719,408,105,197.687399,47.763794,1.441573,True
3071,1773653517.668322,1773654136.520732,1139,435,169.502794,11.069778,0.365053,True
3072,1773653517.668351,1773654096.522966,1820,109,88.252059,18.232657,0.648328,True
3073,1773653517.668380,1773654287.727120,1034,403,469.652006,48.426910,1.047824,True
3074,1773653517.668409,1773654255.093838,1122,396,404.156059,21.751863,0.968112,True
3075,1773653517.668436,1773654251.630838,1113,375,397.101797,27.530607,0.988158,True
3076,1773653517.668464,1773654128.170351,181,78,150.158721,33.550047,1.514398,True
3077,1773653517.668496,1773654180.347636,203,217,254.487540,27.506144,1.050840,True
3078,1773653517.668525,1773654216.978081,397,115,327.503986,55.719814,2.384072,True
3079,1773653517.668552,1773654132.674465,1110,408,158.377291,11.271580,0.361439,True
3080,1773653517.668581,1773654142.008027,1149,407,175.008923,17.312518,0.388415,True
3081,1773653517.668610,1773654178.249302,1466,76,247.363681,52.302442,2.600817,True
3082,1773653517.668637,1773654199.461791,212,138,289.331405,23.680556,1.939057,True
3083,1773653517.668666,1773654176.600020,878,102,243.585199,26.415805,2.150192,True
3084,1773653517.668694,1773654130.644784,1058,394,151.197815,11.031268,0.356658,True
3085,1773653517.668723,1773654163.278301,200,159,216.239751,31.482074,1.169352,True
3086,1773653517.668750,1773654366.307508,1092,626,622.168468,27.267789,0.951841,True
3087,1773653517.668778,1773654187.114212,399,83,262.305432,54.070092,2.539455,True
3088,1773653517.668807,1773654139.437898,1091,376,166.945663,17.713557,0.397952,True
3089,1773653517.668839,1773654447.007622,984,399,781.650054,28.216678,1.893049,True
3090,1773653517.668866,1773654266.135004,1123,401,419.573212,27.136252,0.981092,True
3091,1773653517.668897,1773654110.526910,1303,36,108.109769,33.090389,2.143411,True
3092,1773653517.668926,1773654131.933578,881,33,150.815584,60.836979,2.811831,True
3093,1773653517.668972,1773654135.055037,1017,409,156.706301,11.766484,0.355245,True
3094,1773653517.669007,1773654294.177505,1096,421,474.930773,46.048800,1.021148,True
3095,1773653517.669035,1773654505.496191,1140,411,897.295985,53.897869,2.057069,True
3096,1773653517.669145,1773654218.707659,376,117,323.695113,53.886871,2.325933,True
3097,1773653517.669176,1773654087.352468,384,69,58.607932,15.630410,0.632022,True
3098,1773653517.669206,1773654282.568031,981,393,449.017600,44.701531,1.031419,True
3099,1773653517.669235,1773654128.170197,386,73,139.970434,31.377806,1.508231,True
3100,1773653517.669264,1773654281.351367,1004,403,446.311363,35.467161,1.022001,True
3101,1773653517.669296,1773654083.838382,455,92,50.808124,10.034094,0.448066,True
3102,1773653517.669325,1773654453.408571,1134,402,789.137010,25.561120,1.904179,True
3103,1773653517.669368,1773654182.324277,1316,139,246.662879,60.237163,1.350911,True
3104,1773653517.669400,1773654311.232144,1144,420,504.456666,62.568156,1.054627,True
3105,1773653517.669429,1773654156.444736,387,73,194.552181,27.449871,2.320865,True
3106,1773653517.669457,1773654433.757285,1042,385,749.155817,27.439187,1.879470,True
3107,1773653517.669486,1773654364.031221,736,300,609.496326,50.742404,1.868742,True
3108,1773653517.669519,1773654140.902787,379,93,160.906019,33.212068,1.387978,True
3109,1773653517.669549,1773654090.082251,1312,138,59.179924,9.992577,0.359032,True
3110,1773653517.669577,1773654141.422245,1169,421,161.567878,12.672434,0.354513,True
3111,1773653517.669605,1773654149.451124,408,129,176.647860,24.348765,1.189837,True
3112,1773653517.669640,1773654286.111264,1019,396,448.846748,43.329565,1.026626,True
3113,1773653517.669672,1773654096.219744,395,126,68.999884,14.987222,0.432101,True
3114,1773653517.669701,1773654154.131120,1191,464,184.800205,14.264483,0.368328,True
3115,1773653517.669729,1773654206.509018,932,102,288.712363,52.560129,2.338141,True
3116,1773653517.669758,1773654145.354439,1021,412,166.280282,13.780951,0.371045,True
3117,1773653517.669787,1773654271.510859,1103,405,418.365728,24.125983,0.975841,True
3118,1773653517.669815,1773654174.424724,405,93,223.639077,24.013139,2.169847,True
3119,1773653517.669843,1773654216.746894,203,152,308.262222,24.002681,1.882514,True
3120,1773653517.669872,1773654522.232511,1148,421,918.832824,51.898056,2.064130,True
3121,1773653517.669904,1773654103.311591,181,165,79.638577,13.214738,0.405023,True
3122,1773653517.669946,1773654147.335575,1069,426,167.459758,14.417034,0.360101,True
3123,1773653517.669984,1773654268.053364,1137,396,408.521878,24.117420,0.973176,True
3124,1773653517.670015,1773654120.237310,1763,45,112.535533,32.176448,1.826343,True
3125,1773653517.670044,1773654196.694118,1008,89,264.644160,54.507069,2.387921,True
3126,1773653517.670074,1773654522.232664,1019,415,915.491531,56.996472,2.073660,True
3127,1773653517.670102,1773654461.892020,1086,398,794.787642,31.444113,1.922780,True
3128,1773653517.670134,1773654144.900676,1371,33,160.776251,48.709380,3.502090,True
3129,1773653517.670163,1773654505.496186,1161,397,881.808541,61.737660,2.070886,True
3130,1773653517.670192,1773654102.330715,416,151,74.980604,11.866706,0.420759,True
3131,1773653517.670219,1773654082.066573,91,24,34.431279,11.856191,0.981526,True
3132,1773653517.670248,1773654275.665092,1151,411,421.316711,22.903241,0.971740,True
3133,1773653517.670278,1773654087.850754,1075,56,45.666403,13.005288,0.593838,True
3134,1773653517.670309,1773654334.467027,1092,499,538.794935,42.553499,0.996469,True
3135,1773653517.670337,1773654278.694065,973,414,424.449373,22.500853,0.973241,True
3136,1773653517.670365,1773654134.623820,394,55,136.285496,42.923135,1.728933,True
3137,1773653517.670395,1773654156.799302,428,79,180.489432,55.016912,1.608622,True
3138,1773653517.670423,1773654133.137748,411,90,133.143731,22.404799,1.244258,True
3139,1773653517.670455,1773654348.800118,1167,549,564.339525,29.516117,0.975955,True
3140,1773653517.670486,1773654286.110966,1102,383,438.834619,45.270579,1.030272,True
3141,1773653517.670516,1773654463.231864,1110,377,792.880862,46.426484,1.985251,True
3142,1773653517.670543,1773654101.263215,400,136,68.798854,9.843192,0.436709,True
3143,1773653517.670572,1773654250.186340,1313,198,366.329366,34.888824,1.682439,True
3144,1773653517.670600,1773654102.607918,387,102,70.658715,14.585709,0.555178,True
3145,1773653517.670632,1773654142.853771,401,94,149.979170,28.860098,1.302356,True
3146,1773653517.670660,1773654146.105422,1160,409,154.690734,9.338626,0.356255,True
3147,1773653517.670690,1773654101.429769,379,92,65.088431,12.978663,0.572635,True
3148,1773653517.670722,1773654143.381722,1056,397,148.950190,11.174953,0.347917,True
3149,1773653517.670750,1773654213.112414,869,98,288.259506,57.348469,2.380526,True
3150,1773653517.670778,1773654270.574871,1107,393,402.746719,23.412985,0.967688,True
3151,1773653517.670807,1773654514.820747,1168,418,891.212526,48.776940,2.020229,True
3152,1773653517.670836,1773654160.812014,388,90,181.182126,51.351094,1.458776,True
3153,1773653517.670865,1773654282.815870,997,375,424.836481,42.452851,1.022416,True
3154,1773653517.670892,1773654531.487092,1019,418,921.799133,55.742281,2.076875,True
3155,1773653517.670923,1773654151.540632,997,420,161.660625,13.410361,0.353819,True
3156,1773653517.670973,1773654154.131210,1053,429,166.820103,13.399878,0.358458,True
3157,1773653517.671005,1773654152.117959,432,108,162.462197,27.083851,1.265218,True
3158,1773653517.671035,1773654192.963169,1925,103,244.047702,30.970874,2.088989,True
3159,1773653517.671062,1773654206.740823,929,99,271.365328,49.541937,2.263504,True
3160,1773653517.671091,1773654185.236258,914,91,228.343377,32.906831,2.171517,True
3161,1773653517.671119,1773654541.615410,1007,449,940.935326,49.447906,1.989927,True
3162,1773653517.671151,1773654222.690617,1820,109,303.065023,56.716908,2.281001,True
3163,1773653517.671179,1773654091.680679,392,86,40.941475,8.871475,0.377294,True
3164,1773653517.671211,1773654360.445667,1076,596,577.867715,21.102460,0.935740,True
3165,1773653517.671240,1773654174.215080,194,181,204.423661,20.610986,1.021182,True
3166,1773653517.671268,1773654148.716412,984,397,153.050446,9.800394,0.361743,True
3167,1773653517.671297,1773654148.463351,1048,397,152.294986,13.662468,0.350082,True
3168,1773653517.671326,1773654180.647592,1316,150,216.008637,42.319011,1.165702,True
3169,1773653517.671355,1773654228.651267,369,118,310.448054,55.903075,2.175598,True
3170,1773653517.671383,1773654518.748057,1176,405,890.619662,55.892460,2.066156,True
3171,1773653517.671412,1773654230.739739,200,138,314.158756,46.936810,1.950525,True
3172,1773653517.671441,1773654152.661295,1064,384,157.668517,15.408824,0.371435,True
3173,1773653517.671470,1773654107.720037,391,91,67.636936,15.334447,0.581139,True
3174,1773653517.671498,1773654152.897597,386,70,157.451997,47.400517,1.594949,True
3175,1773653517.671527,1773654537.107321,1083,1000,925.622279,18.317782,0.908213,True
3176,1773653517.671558,1773654277.328631,1099,383,405.707311,25.265612,0.995921,True
3177,1773653517.671587,1773654154.169593,986,433,158.749315,8.682746,0.347376,True
3178,1773653517.671615,1773654289.427470,1091,405,428.925448,26.587098,0.995887,True
3179,1773653517.671644,1773654149.268263,411,75,148.355305,39.872043,1.465990,True
3180,1773653517.671675,1773654153.103573,1081,425,155.940869,9.938047,0.344346,True
3181,1773653517.671704,1773654468.261518,1110,393,784.998979,28.210404,1.930583,True
3182,1773653517.671732,1773654480.132436,1016,397,808.710809,30.528507,1.965107,True
3183,1773653517.671761,1773654167.084551,1893,63,182.600049,32.769223,2.416626,True
3184,1773653517.671790,1773654192.852650,377,70,233.746077,54.710548,2.594718,True
3185,1773653517.671818,1773654157.624691,990,393,163.098636,16.095706,0.375007,True
3186,1773653517.671850,1773654282.686065,1169,389,412.703916,27.049342,0.993955,True
3187,1773653517.671879,1773654321.881113,1165,439,490.969513,47.665905,1.012109,True
3188,1773653517.671907,1773654114.044348,181,186,74.227942,8.140763,0.357228,True
3189,1773653517.671948,1773654290.776956,1171,435,427.547292,17.350556,0.945154,True
3190,1773653517.671979,1773654285.049511,1007,391,415.735166,27.138983,0.996400,True
3191,1773653517.672012,1773654128.228734,374,70,101.044424,16.647753,1.223140,True
3192,1773653517.672041,1773654100.077199,1002,48,43.355651,12.703410,0.652175,True
3193,1773653517.672070,1773654495.113867,1107,398,833.005311,44.116072,1.987127,True
3194,1773653517.672097,1773654297.974095,1093,419,438.704114,27.122131,0.984646,True
3195,1773653517.672126,1773654158.334732,999,397,159.403288,14.073054,0.366996,True
3196,1773653517.672158,1773654543.522725,1127,441,929.758154,53.815406,1.990779,True
3197,1773653517.672186,1773654511.438168,1011,397,865.046811,51.776891,2.053712,True
3198,1773653517.672217,1773654297.973919,980,417,437.740585,27.865415,0.985277,True
3199,1773653517.672247,1773654109.555445,181,103,60.590770,12.911135,0.467447,True
3200,1773653517.672276,1773654154.642793,399,89,149.914182,35.276239,1.302704,True
3201,1773653517.672303,1773654162.314691,1409,101,165.235218,38.832288,1.264029,True
3202,1773653517.672334,1773654139.500600,1386,93,119.276428,16.427275,1.117926,True
3203,1773653517.672363,1773654163.191508,1125,414,166.181925,12.070370,0.373151,True
3204,1773653517.672396,1773654503.033193,1159,416,844.905460,34.345476,1.953157,True
3205,1773653517.672424,1773654300.689580,1112,403,440.012728,37.845725,1.000415,True
3206,1773653517.672453,1773654112.839543,391,99,63.750744,14.392599,0.503655,True
3207,1773653517.672481,1773654115.810412,181,124,69.421576,11.071199,0.474393,True
3208,1773653517.672510,1773654538.463472,1107,427,914.206574,51.099440,2.026073,True
3209,1773653517.672538,1773654535.474697,1113,422,908.206417,52.739255,2.031989,True
3210,1773653517.672566,1773654181.094129,1458,53,199.422293,54.123135,2.794215,True
3211,1773653517.672597,1773654154.021264,406,98,145.176099,25.535633,1.233407,True
3212,1773653517.672626,1773654259.840698,1312,205,356.494045,35.413576,1.573924,True
3213,1773653517.672657,1773654154.085234,407,116,144.077098,17.054706,1.104543,True
3214,1773653517.672689,1773654164.466826,1093,398,164.796907,16.346225,0.373931,True
3215,1773653517.672718,1773654102.366766,377,57,40.410841,10.009331,0.542884,True
3216,1773653517.672746,1773654162.775525,1125,386,160.404237,15.841209,0.375488,True
3217,1773653517.672774,1773654192.659312,200,149,220.068066,41.437646,1.206962,True
3218,1773653517.672802,1773654500.618658,1125,414,835.966182,34.371747,1.940907,True
3219,1773653517.672834,1773654195.773212,206,217,226.046472,16.352365,0.970806,True
3220,1773653517.672866,1773654463.105983,1107,375,760.662411,39.043151,1.929463,True
3221,1773653517.672893,1773654215.095821,407,115,264.619724,40.755968,1.963717,True
3222,1773653517.672922,1773654516.512822,1102,401,867.433100,54.625682,2.032019,True
3223,1773653517.672967,1773654251.739040,1316,156,337.737752,50.176530,1.855234,True
3224,1773653517.672996,1773654123.353802,377,35,80.066968,23.648587,1.659364,True
3225,1773653517.673024,1773654168.359462,1111,418,169.029725,15.799292,0.367459,True
3226,1773653517.673053,1773654161.224811,1055,400,152.596457,8.770840,0.360465,True
3227,1773653517.673081,1773654535.725423,1112,429,900.969009,50.974906,1.985968,True
3228,1773653517.673113,1773654185.769189,1314,198,201.036497,13.850960,0.950180,True
3229,1773653517.673143,1773654206.740816,388,83,242.947797,52.158789,2.326695,True
3230,1773653517.673175,1773654248.977723,206,162,327.235964,50.856620,1.716642,True
3231,1773653517.673204,1773654511.693644,1081,391,852.648111,54.556659,2.046388,True
3232,1773653517.673232,1773654374.827310,1023,575,578.066632,33.823288,0.948159,True
3233,1773653517.673260,1773654283.478862,1071,394,394.994223,19.386196,0.955746,True
3234,1773653517.673289,1773654177.893804,410,154,183.470317,22.172643,1.054233,True
3235,1773653517.673409,1773654141.565308,721,71,110.793179,22.162252,1.266156,True
3236,1773653517.673441,1773654200.459408,1086,614,227.425143,14.442881,0.347443,True
3237,1773653517.673472,1773654209.194503,1315,179,244.704792,45.673618,1.118153,True
3238,1773653517.673507,1773654141.871893,379,72,109.808148,20.550637,1.257148,True
3239,1773653517.673537,1773654149.698687,400,89,125.440094,20.539780,1.192049,True
3240,1773653517.673570,1773654159.886183,1054,390,145.045628,8.288547,0.351561,True
3241,1773653517.673599,1773654125.571542,402,163,75.418307,7.790254,0.417457,True
3242,1773653517.673631,1773654508.307494,1112,386,840.486902,54.493088,2.041542,True
3243,1773653517.673667,1773654535.594079,1021,421,894.851069,44.878451,2.023744,True
3244,1773653517.673697,1773654526.831126,1055,398,877.301707,52.656159,2.077193,True
3245,1773653517.673727,1773654143.137626,120,12,109.707576,47.931241,5.616030,True
3246,1773653517.673755,1773654494.284487,981,375,811.976612,56.479390,2.020046,True
3247,1773653517.673784,1773654264.985733,1315,175,353.358939,54.251387,1.719009,True
3248,1773653517.673817,1773654529.234612,1046,397,881.687970,55.481551,2.086380,True
3249,1773653517.673846,1773654146.078987,423,80,115.334969,19.106971,1.218076,True
3250,1773653517.673874,1773654398.186188,1115,654,619.156511,20.430288,0.916885,True
3251,1773653517.673903,1773654116.050889,1269,103,53.462211,8.955980,0.436336,True
3252,1773653517.673949,1773654117.702247,397,115,56.743761,8.945532,0.419283,True
3253,1773653517.673986,1773654122.148263,1409,101,64.120204,16.537699,0.475825,True
3254,1773653517.674017,1773654315.666885,1058,394,450.969786,46.377063,1.029498,True
3255,1773653517.674045,1773654162.314874,399,88,144.140606,34.007129,1.265902,True
3256,1773653517.674074,1773654219.797825,446,94,258.898308,52.209125,2.222464,True
3257,1773653517.674103,1773654292.506908,1137,402,404.276526,21.971170,0.953380,True
3258,1773653517.674133,1773654538.221123,1110,410,895.517969,55.945029,2.052746,True
3259,1773653517.674160,1773654220.135769,388,91,258.884591,56.525262,2.248437,True
3260,1773653517.674189,1773654314.859472,1066,393,447.700765,45.549761,1.025895,True
3261,1773653517.674220,1773654318.056322,1163,428,453.840582,34.447964,0.982184,True
3262,1773653517.674249,1773654394.584442,1088,641,606.873545,22.923328,0.912422,True
3263,1773653517.674278,1773654314.795585,1002,411,447.210420,39.677697,0.993982,True
3264,1773653517.674310,1773654300.629742,1186,414,418.855933,22.869925,0.958804,True
3265,1773653517.674341,1773654308.527874,1087,383,434.629816,43.158270,1.024795,True
3266,1773653517.674370,1773654119.545261,871,79,55.721215,14.941103,0.522822,True
3267,1773653517.674398,1773654195.394676,377,61,206.513112,55.636033,2.514618,True
3268,1773653517.674426,1773654162.822027,91,16,140.542589,53.856107,5.779099,True
3269,1773653517.674455,1773654126.751990,191,162,68.193244,5.620490,0.388651,True
3270,1773653517.674487,1773654182.383835,1312,162,178.587465,16.696355,1.005535,True
3271,1773653517.674515,1773654210.411238,373,81,233.588136,54.155222,2.242911,True
3272,1773653517.674543,1773654525.814999,980,400,864.163112,53.483953,2.031777,True
3273,1773653517.674572,1773654205.607657,212,217,223.729747,20.328088,0.941674,True
3274,1773653517.674600,1773654516.631168,1057,387,845.560054,52.556739,2.054413,True
3275,1773653517.674628,1773654187.000860,390,96,186.256185,48.901235,1.445842,True
3276,1773653517.674657,1773654126.891175,386,119,65.769865,14.383225,0.435480,True
3277,1773653517.674685,1773654164.698812,1081,372,140.868728,6.834612,0.361278,True
3278,1773653517.674713,1773654217.091966,450,90,244.891427,53.127363,2.154652,True
3279,1773653517.674741,1773654163.500791,302,18,137.438079,51.625633,5.047791,True
3280,1773653517.674770,1773654295.095881,1161,405,400.607017,16.551066,0.950634,True
3281,1773653517.674801,1773654281.351116,1045,375,372.617772,16.301043,0.952719,True
3282,1773653517.674829,1773654142.610013,1107,55,95.030410,22.088387,1.350778,True
3283,1773653517.674859,1773654171.887797,1081,397,151.322388,12.162937,0.351413,True
3284,1773653517.674887,1773654128.830627,1318,113,65.060840,15.815884,0.439687,True
3285,1773653517.674915,1773654541.845051,1180,427,891.066684,55.212472,1.962099,True
3286,1773653517.674959,1773654175.515208,1315,127,158.056463,22.317157,1.077296,True
3287,1773653517.674989,1773654109.555286,372,54,26.048271,5.257769,0.392274,True
3288,1773653517.675019,1773654305.982924,1018,375,417.745017,38.573687,1.013827,True
3289,1773653517.675047,1773654297.143344,197,217,399.437686,48.992577,1.622431,True
3290,1773653517.675076,1773654306.533133,1093,407,417.595265,22.952746,0.972026,True
3291,1773653517.675105,1773654158.354974,376,81,119.937466,24.027946,1.198869,True
3292,1773653517.675137,1773654315.797791,1106,429,434.800652,25.375492,0.956601,True
3293,1773653517.675171,1773654220.467564,421,92,244.110321,48.808443,2.146174,True
3294,1773653517.675200,1773654178.658729,422,98,160.394646,37.223073,1.269810,True
3295,1773653517.675228,1773654253.986016,407,140,310.925010,58.478764,1.816160,True
3296,1773653517.675258,1773654229.769723,420,106,262.470067,58.361973,1.943887,True
3297,1773653517.675287,1773654257.990640,1352,144,318.887672,62.605940,1.792180,True
3298,1773653517.675318,1773654113.196440,91,16,29.259255,13.549328,1.047329,True
3299,1773653517.675349,1773654167.667777,1539,94,136.862142,28.680554,1.163243,True
3300,1773653517.675379,1773654216.439574,181,169,234.295663,43.482033,1.135795,True
3301,1773653517.675412,1773654284.122995,72,202,368.851644,57.209437,1.550459,True
3302,1773653517.675440,1773654245.051837,181,120,290.708632,61.454179,1.926508,True
3303,1773653517.675470,1773654526.957476,992,396,854.327412,58.308298,2.015238,True
3304,1773653517.675498,1773654226.199515,388,84,252.789793,61.347502,2.306534,True
3305,1773653517.675527,1773654428.315132,1050,638,656.753838,45.518543,0.959553,True
3306,1773653517.675555,1773654123.672051,392,106,47.318419,2.998657,0.422093,True
3307,1773653517.675583,1773654174.172901,1127,396,148.173428,12.030097,0.344667,True
3308,1773653517.675612,1773654158.415309,1646,44,115.061864,39.646033,1.753857,True
3309,1773653517.675640,1773654164.786356,433,87,127.531242,26.895948,1.170178,True
3310,1773653517.675672,1773654178.076011,1081,397,153.608695,14.151843,0.352164,True
3311,1773653517.675700,1773654117.461892,373,70,32.046274,2.897237,0.422450,True
3312,1773653517.675729,1773654323.370569,1058,407,442.996792,39.561828,0.993682,True
3313,1773653517.675757,1773654179.852358,1098,393,155.021360,15.269266,0.356510,True
3314,1773653517.675786,1773654121.538018,376,83,38.328678,1.962458,0.443490,True
3315,1773653517.675814,1773654261.513787,206,162,317.849899,55.518376,1.629388,True
3316,1773653517.675843,1773654169.425027,1099,386,133.620524,3.690373,0.337481,True
3317,1773653517.675871,1773654196.917787,1646,44,188.461011,62.673084,2.925301,True
3318,1773653517.675900,1773654530.755346,1019,396,855.931462,46.863558,2.048273,True
3319,1773653517.675945,1773654297.974101,980,374,390.160524,25.620010,0.977320,True
3320,1773653517.675977,1773654150.718681,371,58,95.502390,20.805470,1.310472,True
3321,1773653517.676008,1773654181.681752,981,398,156.718652,15.392778,0.355985,True
3322,1773653517.676037,1773654123.671879,404,93,40.181888,2.724156,0.407149,True
3323,1773653517.676067,1773654177.524763,408,87,147.513964,37.667082,1.277289,True
3324,1773653517.676096,1773654158.047186,705,66,108.328158,25.363376,1.276381,True
3325,1773653517.676124,1773654243.129806,203,211,278.135441,41.395089,1.127335,True
3326,1773653517.676153,1773654235.884951,1176,114,262.962650,57.488364,1.818357,True
3327,1773653517.676185,1773654328.412303,1081,408,447.915279,41.897605,0.997586,True
3328,1773653517.676216,1773654242.641690,1092,720,276.290648,16.130416,0.361836,True
3329,1773653517.676244,1773654520.078887,1037,388,830.892645,45.023185,2.030670,True
3330,1773653517.676273,1773654309.275008,1127,408,408.934460,20.650868,0.954014,True
3331,1773653517.676301,1773654114.493779,788,29,19.329484,3.905549,0.550855,True
3332,1773653517.676330,1773654273.172504,175,164,336.622489,60.498818,1.694010,True
3333,1773653517.676358,1773654168.762694,401,93,127.222300,24.095199,1.120947,True
3334,1773653517.676387,1773654339.418782,1000,430,467.815288,41.334835,0.994127,True
3335,1773653517.676415,1773654222.150836,410,85,232.983740,56.339083,2.102913,True
3336,1773653517.676443,1773654215.208357,374,63,219.075397,59.695176,2.570649,True
3337,1773653517.676474,1773654543.294025,1113,423,875.043903,43.881779,1.969578,True
3338,1773653517.676503,1773654193.635299,1318,142,174.778043,25.009881,1.062186,True
3339,1773653517.676532,1773654192.146852,988,431,170.743867,16.513193,0.358676,True
3340,1773653517.676559,1773654301.801634,1022,392,389.509984,18.413854,0.949095,True
3341,1773653517.676588,1773654224.171650,1314,176,234.123350,41.965359,1.098046,True
3342,1773653517.676617,1773654184.744657,1704,107,155.163400,30.920298,1.172105,True
3343,1773653517.676646,1773654331.373324,1107,398,448.309962,45.257385,1.015246,True
3344,1773653517.676676,1773654535.353892,1139,398,856.186954,57.542541,2.011699,True
3345,1773653517.676704,1773654534.441632,1045,396,854.339600,57.531438,2.017236,True
3346,1773653517.676745,1773654534.315374,1051,400,853.645533,43.725615,2.029874,True
3347,1773653517.676775,1773654222.690704,405,87,230.378033,45.263003,2.152500,True
3348,1773653517.676803,1773654177.109554,1064,393,138.760833,2.893243,0.346601,True
3349,1773653517.676835,1773654132.752917,387,117,49.551688,6.432166,0.371720,True
3350,1773653517.676867,1773654333.645787,1049,429,450.098245,30.537651,0.980282,True
3351,1773653517.676896,1773654157.775167,181,205,97.319407,14.172584,0.407582,True
3352,1773653517.676925,1773654327.531856,1071,398,436.706769,39.896945,0.999521,True
3353,1773653517.676969,1773654541.615557,999,396,864.828214,60.364040,2.036618,True
3354,1773653517.677001,1773654343.390128,1069,450,468.291436,29.891084,0.976393,True
3355,1773653517.677052,1773654335.911865,1040,403,453.234793,45.786584,1.013553,True
3356,1773653517.677092,1773654546.682352,961,429,874.753770,43.458817,1.942278,True
3357,1773653517.677121,1773654182.607064,988,401,146.101999,4.853384,0.353122,True
3358,1773653517.677151,1773654187.567705,1039,430,156.001995,4.843016,0.352352,True
3359,1773653517.677181,1773654187.104894,1040,393,154.849606,15.321599,0.355939,True
3360,1773653517.677211,1773654163.278216,1508,49,105.486336,34.196624,1.485202,True
3361,1773653517.677239,1773654179.429564,317,18,137.096833,55.392051,4.806164,True
3362,1773653517.677268,1773654250.634482,393,116,279.282052,60.889431,1.899066,True
3363,1773653517.677297,1773654220.135775,371,63,217.597995,60.546913,2.533082,True
3364,1773653517.677329,1773654243.032818,920,104,263.372378,60.536567,1.969280,True
3365,1773653517.677373,1773654254.919620,1118,141,286.895668,42.547079,1.745347,True
3366,1773653517.677404,1773654184.374774,382,61,145.780613,47.336978,1.640727,True
3367,1773653517.677433,1773654179.466128,410,129,135.608452,13.797027,0.951652,True
3368,1773653517.677466,1773654190.458833,1108,434,156.954237,3.582235,0.354208,True
3369,1773653517.677496,1773654119.630767,325,18,15.276933,4.729064,0.620463,True
3370,1773653517.677525,1773654199.112365,397,100,173.394805,46.406871,1.282706,True
3371,1773653517.677554,1773654140.180912,398,92,54.661669,12.151608,0.467144,True
3372,1773653517.677583,1773654329.559405,1125,399,433.272776,37.614252,0.994117,True
3373,1773653517.677616,1773654316.820274,1168,427,407.523438,13.389925,0.925196,True
3374,1773653517.677730,1773654156.063671,2045,60,85.986946,17.287022,1.164405,True
3375,1773653517.677761,1773654318.241311,1097,403,410.321468,23.906405,0.961231,True
3376,1773653517.677791,1773654155.377505,200,165,84.343790,13.611256,0.431296,True
3377,1773653517.677821,1773654545.104809,997,418,863.504760,54.628250,1.939752,True
3378,1773653517.677860,1773654277.495713,203,181,328.018269,54.493414,1.519583,True
3379,1773653517.677904,1773654186.595748,374,40,146.192403,42.818766,2.650606,True
3380,1773653517.677951,1773654141.422401,181,95,54.737184,12.763460,0.446529,True
3381,1773653517.677983,1773654186.758787,1176,77,145.223646,39.315655,1.393526,True
3382,1773653517.678013,1773654189.964417,1046,396,151.546784,13.772189,0.348796,True
3383,1773653517.678049,1773654288.808723,181,284,349.192493,44.609543,1.076265,True
3384,1773653517.678082,1773654128.299049,373,81,27.597994,2.221709,0.317204,True
3385,1773653517.678111,1773654540.451290,1029,392,850.318380,62.830573,2.014035,True
3386,1773653517.678139,1773654547.463016,1006,411,864.321499,62.818923,1.954884,True
3387,1773653517.678168,1773654554.303370,1013,419,877.982042,71.671635,1.928972,True
3388,1773653517.678196,1773654332.490191,1089,417,434.272599,29.377572,0.973305,True
3389,1773653517.678228,1773654185.691208,1180,402,139.755599,3.418032,0.339994,True
3390,1773653517.678255,1773654130.676213,389,87,29.246869,3.178514,0.303120,True
3391,1773653517.678284,1773654144.737453,422,95,56.682870,13.298429,0.461537,True
3392,1773653517.678313,1773654323.307847,1002,413,413.617093,20.487596,0.954198,True
3393,1773653517.678343,1773654318.241604,991,399,403.006023,22.509278,0.956022,True
3394,1773653517.678371,1773654332.310324,1000,428,431.123297,23.616334,0.954349,True
3395,1773653517.678403,1773654206.218469,181,128,178.832125,36.660387,1.119463,True
3396,1773653517.678432,1773654200.709643,390,94,167.690514,45.793868,1.310717,True
3397,1773653517.678464,1773654245.380048,404,108,256.476941,54.745507,1.885341,True
3398,1773653517.678493,1773654130.821338,1508,84,26.696690,3.661895,0.277528,True
3399,1773653517.678522,1773654189.243453,372,61,143.352513,45.091286,1.637687,True
3400,1773653517.678555,1773654326.766514,1093,397,418.144951,30.154559,0.979774,True
3401,1773653517.678584,1773654187.567547,1006,396,139.726145,5.095362,0.340837,True
3402,1773653517.678612,1773654193.269666,982,399,151.109042,6.986578,0.362117,True
3403,1773653517.678640,1773654146.032102,428,98,56.402205,11.863717,0.459160,True
3404,1773653517.678669,1773654540.687836,1055,411,845.117321,38.188408,1.968119,True
3405,1773653517.678698,1773654200.407382,402,105,163.607173,36.838243,1.218932,True
3406,1773653517.678729,1773654350.578804,1045,397,463.272408,51.830277,1.038995,True
3407,1773653517.678758,1773654285.356743,16,177,332.456625,52.754796,1.589215,True
3408,1773653517.678787,1773654275.336795,203,162,312.395336,52.744216,1.612740,True
3409,1773653517.678815,1773654194.247185,1058,400,149.382931,12.168490,0.343896,True
3410,1773653517.678847,1773654133.676670,376,74,28.075776,6.324242,0.297966,True
3411,1773653517.678876,1773654324.950104,1071,387,409.402915,30.399187,0.981875,True
3412,1773653517.678908,1773654258.022699,194,217,275.217072,35.027735,1.111988,True
3413,1773653517.678952,1773654547.344526,1026,429,853.240542,35.592352,1.910393,True
3414,1773653517.678982,1773654323.447195,1312,193,405.422901,70.816092,1.742744,True
3415,1773653517.679011,1773654220.245568,380,82,198.771574,35.456639,2.016234,True
3416,1773653517.679040,1773654198.895003,1098,393,154.696023,8.038395,0.374127,True
3417,1773653517.679073,1773654201.369428,1093,389,158.868224,10.168016,0.383248,True
3418,1773653517.679101,1773654220.135614,379,63,196.375184,49.936682,2.361911,True
3419,1773653517.679132,1773654252.776413,181,121,261.638174,49.925981,1.764268,True
3420,1773653517.679161,1773654537.141805,1089,398,830.135650,37.176998,1.997377,True
3421,1773653517.679190,1773654334.289143,1132,398,424.408838,34.337021,0.982549,True
3422,1773653517.679218,1773654197.123457,981,399,149.930069,11.882230,0.346854,True
3423,1773653517.679247,1773654159.759077,390,48,75.116358,18.164037,1.211752,True
3424,1773653517.679276,1773654551.316507,1063,401,856.308519,70.869629,1.963597,True
3425,1773653517.679305,1773654187.131691,905,115,127.918929,17.193027,0.971280,True
3426,1773653517.679332,1773654338.776047,1087,412,430.978832,29.414534,0.977042,True
3427,1773653517.679361,1773654194.654648,995,83,142.586057,33.883647,1.325639,True
3428,1773653517.679390,1773654155.593611,407,129,63.882447,10.386886,0.417934,True
3429,1773653517.679417,1773654207.861810,1081,390,168.375519,12.736017,0.400102,True
3430,1773653517.679446,1773654223.178732,1081,471,198.988124,15.400570,0.390612,True
3431,1773653517.679477,1773654240.254909,1317,155,232.823767,46.929771,1.207104,True
3432,1773653517.679507,1773654526.830839,1000,386,805.392233,35.116460,2.000716,True
3433,1773653517.679534,1773654551.832388,955,425,855.374908,44.928429,1.911430,True
3434,1773653517.679566,1773654402.303724,986,604,555.702838,16.704535,0.893861,True
3435,1773653517.679598,1773654321.757636,1062,400,394.586992,19.506457,0.940051,True
3436,1773653517.679627,1773654356.149466,1026,402,463.268008,49.967194,1.030675,True
3437,1773653517.679655,1773654176.055850,124,198,100.950551,13.504821,0.443887,True
3438,1773653517.679684,1773654221.749768,200,192,191.921159,18.181099,0.909634,True
3439,1773653517.679713,1773654200.459219,1054,396,148.903973,10.122782,0.351345,True
3440,1773653517.679744,1773654270.920515,203,151,288.459170,42.382760,1.640509,True
3441,1773653517.679772,1773654214.980134,1901,53,176.555641,46.871063,2.493934,True
3442,1773653517.679801,1773654238.416758,388,91,223.402630,47.587863,1.953497,True
3443,1773653517.679830,1773654211.409144,970,401,169.308536,13.568331,0.389351,True
3444,1773653517.679859,1773654203.043874,1065,397,152.286834,11.711626,0.354988,True
3445,1773653517.679892,1773654188.878124,457,81,123.597509,27.186738,1.205135,True
3446,1773653517.679922,1773654341.103129,1133,405,427.941767,32.006837,0.980037,True
3447,1773653517.679968,1773654341.164655,997,394,425.966397,32.197880,1.001956,True
3448,1773653517.679998,1773654227.213537,1316,152,198.041038,35.617681,1.075651,True
3449,1773653517.680028,1773654225.678953,127,202,194.884124,15.733075,0.891299,True
3450,1773653517.680057,1773654544.649733,1071,397,832.802631,47.882260,1.982122,True
3451,1773653517.680086,1773654216.076295,1003,396,175.552788,15.983522,0.403973,True
3452,1773653517.680119,1773654214.349882,1172,391,171.658249,15.762643,0.399732,True
3453,1773653517.680151,1773654198.664410,370,77,139.789347,36.264075,1.362175,True
3454,1773653517.680181,1773654216.529921,1120,447,175.394866,9.779669,0.371335,True
3455,1773653517.680210,1773654274.370296,391,140,289.818991,64.570580,1.620492,True
3456,1773653517.680239,1773654325.020052,1046,405,390.891592,14.395755,0.931920,True
3457,1773653517.680268,1773654547.239706,1051,400,835.309284,49.592069,1.969216,True
3458,1773653517.680296,1773654240.224537,387,84,221.044434,52.515299,2.030471,True
3459,1773653517.680324,1773654361.261055,1024,408,461.657609,47.917865,1.016560,True
3460,1773653517.680353,1773654264.915277,206,212,268.712079,37.948472,1.093666,True
3461,1773653517.680382,1773654167.155088,1313,138,73.005197,14.010659,0.430617,True
3462,1773653517.680409,1773654178.824713,203,181,96.278658,13.598285,0.459335,True
3463,1773653517.680444,1773654382.756535,1323,210,503.871822,67.630625,2.087278,True
3464,1773653517.680474,1773654546.912370,992,397,832.159948,49.912812,1.975372,True
3465,1773653517.680502,1773654225.313956,961,429,188.943768,15.420987,0.405427,True
3466,1773653517.680531,1773654267.203025,181,129,272.532264,51.281750,1.728520,True
3467,1773653517.680559,1773654264.550340,397,90,267.205988,87.186531,2.022691,True
3468,1773653517.680591,1773654251.957417,411,107,241.800364,51.043731,1.799591,True
3469,1773653517.680620,1773654233.101475,1464,68,204.077968,53.705613,2.244364,True
3470,1773653517.680648,1773654195.403242,447,79,127.896792,27.684759,1.284770,True
3471,1773653517.680677,1773654215.491696,23,134,167.093740,27.194009,1.051878,True
3472,1773653517.680709,1773654209.616636,1103,390,153.869673,13.129229,0.361801,True
3473,1773653517.680737,1773654172.497253,2010,115,79.485179,17.923574,0.540014,True
3474,1773653517.680768,1773654167.608411,326,18,69.665895,28.750871,2.406766,True
3475,1773653517.680797,1773654321.757360,1077,400,377.233177,10.828881,0.918307,True
3476,1773653517.680826,1773654557.812107,1031,430,849.027187,48.798582,1.865335,True
3477,1773653517.680854,1773654359.219626,206,217,451.627371,51.365472,1.853064,True
3478,1773653517.680882,1773654171.917411,403,107,76.468291,16.995053,0.561068,True
3479,1773653517.680910,1773654199.600616,378,57,131.335918,44.417315,1.552118,True
3480,1773653517.680953,1773654238.304589,383,78,207.668953,52.009426,2.021552,True
3481,1773653517.680987,1773654560.320214,1076,396,851.472302,83.549161,1.944109,True
3482,1773653517.681015,1773654352.114578,1066,383,434.975996,45.526918,1.019500,True
3483,1773653517.681046,1773654358.064915,1015,122,446.724554,102.042982,2.848608,True
3484,1773653517.681075,1773654546.354869,1089,391,823.284561,50.055732,1.982638,True
3485,1773653517.681104,1773654212.023332,1037,396,153.914240,13.140307,0.356390,True
3486,1773653517.681131,1773654217.789599,388,98,165.341122,45.034350,1.240276,True
3487,1773653517.681159,1773654330.285723,1047,400,389.939322,16.362048,0.936284,True
3488,1773653517.681188,1773654219.973536,1064,364,169.251975,17.239573,0.418767,True
3489,1773653517.681216,1773654339.418601,1093,397,407.323770,25.769688,0.963520,True
3490,1773653517.681248,1773654205.238261,398,104,138.938825,25.758057,1.098842,True
3491,1773653517.681279,1773654346.994531,1072,444,422.222839,15.795174,0.917444,True
3492,1773653517.681308,1773654195.515633,242,14,118.328232,50.128073,5.246166,True
3493,1773653517.681336,1773654222.078693,1132,437,171.105512,11.680697,0.365653,True
3494,1773653517.681379,1773654215.311216,397,114,157.360295,31.875832,1.110482,True
3495,1773653517.681413,1773654174.159518,120,12,73.463181,31.079120,3.853097,True
3496,1773653517.681445,1773654239.457277,982,445,203.022890,15.610158,0.422101,True
3497,1773653517.681475,1773654205.546730,389,89,134.415511,30.168274,1.184628,True
3498,1773653517.681504,1773654189.430437,406,96,102.057473,13.277063,0.934531,True
3499,1773653517.681539,1773654581.012655,1004,396,884.639098,116.809577,1.943872,True
3500,1773653517.681567,1773654562.678801,1094,436,847.073870,49.819928,1.832768,True
3501,1773653517.681597,1773654298.501898,383,67,318.466126,116.234327,3.064118,True
3502,1773653517.681625,1773654549.623172,1085,397,820.501007,48.231940,1.950174,True
3503,1773653517.681653,1773654184.023339,1317,144,89.156518,18.031597,0.497377,True
3504,1773653517.681682,1773654349.558853,1101,411,420.101666,17.165128,0.982772,True
3505,1773653517.681711,1773654349.619606,1111,375,420.116728,41.959255,1.011116,True
3506,1773653517.681740,1773654291.692766,200,167,303.241291,47.543466,1.540348,True
3507,1773653517.681768,1773654550.256957,990,397,820.368384,49.114144,1.947612,True
3508,1773653517.681799,1773654156.996000,413,57,33.619354,9.865268,0.424180,True
3509,1773653517.681828,1773654275.985070,1315,141,271.412742,50.679985,1.576663,True
3510,1773653517.681856,1773654267.096086,884,123,253.611454,50.668840,1.663464,True
3511,1773653517.681885,1773654364.290964,1056,396,447.107884,44.267580,1.019849,True
3512,1773653517.681914,1773654367.125816,1029,393,452.671569,40.731247,1.050868,True
3513,1773653517.683082,1773654382.044276,1064,476,482.276094,27.601074,0.957211,True
3514,1773653517.683120,1773654220.204916,949,393,157.555572,8.624014,0.379927,True
3515,1773653517.683151,1773654223.379508,1048,389,163.882887,13.792489,0.386831,True
3516,1773653517.683184,1773654192.965797,1851,42,102.785330,33.396928,1.692400,True
3517,1773653517.683216,1773654377.794787,1087,429,471.841567,44.749203,0.997879,True
3518,1773653517.683246,1773654231.755309,1170,400,179.490509,15.466823,0.411087,True
3519,1773653517.683275,1773654166.692447,982,47,49.343888,15.456043,0.736692,True
3520,1773653517.683308,1773654233.412414,1595,150,181.855248,23.376745,1.063614,True
3521,1773653517.683338,1773654374.766832,1186,421,464.310825,44.012025,1.000711,True
3522,1773653517.683366,1773654219.307911,1992,76,153.370311,47.617845,1.410033,True
3523,1773653517.683396,1773654211.015682,1677,56,136.762650,49.642406,1.584004,True
3524,1773653517.683425,1773654583.113759,1058,394,880.605848,118.068468,1.940299,True
3525,1773653517.683456,1773654273.510455,209,217,261.291566,32.943548,1.057167,True
3526,1773653517.683487,1773654209.010252,397,88,132.269124,32.932908,1.141796,True
3527,1773653517.683516,1773654350.270900,399,86,414.464309,117.845703,3.489631,True
3528,1773653517.683545,1773654548.646132,1153,375,810.994357,55.849169,2.019105,True
3529,1773653517.683574,1773654237.450814,982,487,188.122154,13.102468,0.360123,True
3530,1773653517.683602,1773654377.583525,398,91,467.121675,123.615928,3.816731,True
3531,1773653517.683631,1773654270.920521,402,110,253.218572,55.663190,1.812435,True
3532,1773653517.683660,1773654240.782070,387,78,192.710251,47.626465,1.884205,True
3533,1773653517.683687,1773654260.076768,392,90,231.261150,55.536393,1.974435,True
3534,1773653517.683716,1773654229.295586,1043,393,169.098174,14.504952,0.394370,True
3535,1773653517.683748,1773654244.720497,387,72,199.631301,51.664341,2.084042,True
3536,1773653517.683777,1773654361.840473,1044,408,433.808018,34.216989,0.981796,True
3537,1773653517.683805,1773654348.219508,1049,403,406.462862,22.367023,0.955462,True
3538,1773653517.683836,1773654176.135675,393,101,61.548554,13.781620,0.477669,True
3539,1773653517.683865,1773654223.620342,378,52,155.423689,55.758665,1.954216,True
3540,1773653517.683894,1773654226.613161,1030,360,161.140101,16.229784,0.403650,True
3541,1773653517.683921,1773654255.094103,441,134,218.017673,48.438349,1.275033,True
3542,1773653517.683973,1773654174.172893,415,93,56.113248,16.156621,0.434311,True
3543,1773653517.684004,1773654203.893157,393,83,114.935357,20.930479,1.146401,True
3544,1773653517.684037,1773654484.503183,394,175,675.926158,121.088185,3.188724,True
3545,1773653517.684067,1773654231.755317,1115,398,168.835159,11.805484,0.395541,True
3546,1773653517.684095,1773654556.063082,968,396,817.428302,54.054009,1.932593,True
3547,1773653517.684127,1773654235.776816,373,48,176.836530,54.043505,2.612618,True
3548,1773653517.684159,1773654212.356986,414,90,129.892388,31.742104,1.102812,True
3549,1773653517.684189,1773654372.835318,1084,453,449.338008,21.505871,0.946531,True
3550,1773653517.684218,1773654354.490305,1183,408,412.625086,24.938707,0.952546,True
3551,1773653517.684247,1773654228.695644,1100,379,160.454379,12.534439,0.391323,True
3552,1773653517.684276,1773654233.639909,978,414,169.825265,13.545491,0.378401,True
3553,1773653517.684311,1773654249.447227,409,98,200.353099,52.396563,1.525325,True
3554,1773653517.684340,1773654376.602015,1041,396,454.290872,49.586357,1.024568,True
3555,1773653517.684368,1773654235.575903,392,86,171.740771,49.337806,1.440035,True
3556,1773653517.684397,1773654274.656561,125,211,249.171464,29.081789,1.048046,True
3557,1773653517.684426,1773654362.020043,1110,429,423.765589,22.979022,0.936417,True
3558,1773653517.684454,1773654385.862758,1060,408,471.237432,53.577317,1.026192,True
3559,1773653517.684485,1773654445.035420,401,145,589.344451,119.991047,3.259399,True
3560,1773653517.684515,1773654463.105703,1352,155,625.280833,122.586194,3.264251,True
3561,1773653517.684544,1773654564.433109,1074,429,827.914095,47.213603,1.824067,True
3562,1773653517.684576,1773654557.902695,1055,397,814.645604,56.935165,1.913410,True
3563,1773653517.684604,1773654307.046489,459,225,312.641291,49.914381,1.172888,True
3564,1773653517.684632,1773654249.386111,396,104,197.296579,49.902811,1.431007,True
3565,1773653517.684660,1773654171.329185,370,63,39.560878,11.007463,0.460539,True
3566,1773653517.684688,1773654252.884261,371,71,202.210072,55.736796,2.092475,True
3567,1773653517.684717,1773654405.033470,997,429,506.061392,60.224278,1.041675,True
3568,1773653517.684747,1773654410.604203,1077,520,516.949418,30.893949,0.936523,True
3569,1773653517.684776,1773654237.709119,992,420,170.081817,9.887908,0.382324,True
3570,1773653517.684803,1773654362.020198,1095,429,418.236146,20.214622,0.929957,True
3571,1773653517.684834,1773654369.731133,1096,445,433.635703,20.203001,0.931155,True
3572,1773653517.684863,1773654240.782220,1916,61,175.520813,51.186561,2.072238,True
3573,1773653517.684892,1773654250.939472,1482,69,195.693302,61.842412,1.968395,True
3574,1773653517.684919,1773654188.699786,407,175,71.170407,10.482738,0.348780,True
3575,1773653517.684964,1773654256.454622,373,71,206.659015,58.933943,2.110358,True
3576,1773653517.684994,1773654233.228214,109,120,158.408503,28.999031,1.087475,True
3577,1773653517.685027,1773654384.229432,1063,407,460.284474,48.530201,1.014173,True
3578,1773653517.685055,1773654180.797454,374,99,53.312627,10.321587,0.438684,True
3579,1773653517.685084,1773654239.457476,991,414,170.609033,10.310343,0.388132,True
3580,1773653517.685118,1773654176.024114,395,87,43.701581,9.423769,0.398579,True
3581,1773653517.685150,1773654258.110543,1230,76,207.477212,57.688559,1.997182,True
3582,1773653517.685179,1773654252.884116,366,65,197.001627,58.378757,2.165982,True
3583,1773653517.685207,1773654555.970374,1061,396,802.750057,49.612377,1.906678,True
3584,1773653517.685235,1773654254.326967,384,83,199.443869,49.601637,1.827344,True
3585,1773653517.685264,1773654276.528171,407,125,243.761477,60.287290,1.479631,True
3586,1773653517.685291,1773654208.482059,379,91,106.657691,17.963160,0.985495,True
3587,1773653517.685320,1773654250.905234,1036,509,191.049633,10.316445,0.355774,True
3588,1773653517.685349,1773654239.805404,1072,429,168.417606,12.615907,0.364023,True
3589,1773653517.685393,1773654352.174657,1147,405,392.451719,17.167473,0.928921,True
3590,1773653517.685426,1773654469.744841,1046,564,627.339522,55.393579,1.015890,True
3591,1773653517.685455,1773654592.799398,1081,402,872.707168,120.216713,1.876535,True
3592,1773653517.685484,1773654592.048564,1085,396,871.183692,122.172591,1.896231,True
3593,1773653517.685514,1773654270.814465,398,111,228.488254,47.636962,1.644103,True
3594,1773653517.685543,1773654215.247216,420,99,116.878017,18.390874,1.004971,True
3595,1773653517.685570,1773654240.991513,1043,429,167.989578,12.431115,0.363454,True
3596,1773653517.685599,1773654603.252555,1064,440,891.993850,122.497777,1.752838,True
3597,1773653517.685628,1773654265.093593,383,86,215.244600,57.156539,1.859860,True
3598,1773653517.685660,1773654245.162343,1775,52,175.362122,57.145661,2.317970,True
3599,1773653517.685688,1773654180.502895,422,92,45.752005,7.504872,0.420298,True
3600,1773653517.685717,1773654254.349829,188,167,193.211862,17.457025,1.058764,True
3601,1773653517.685749,1773654245.135409,1042,407,174.702910,15.156027,0.392973,True
3602,1773653517.685778,1773654215.555901,395,86,115.004625,24.969496,1.059237,True
3603,1773653517.685806,1773654182.962546,1874,51,49.233600,17.604632,0.632579,True
3604,1773653517.685834,1773654386.409495,1050,375,456.105811,58.412414,1.063351,True
3605,1773653517.685863,1773654359.093165,1047,411,401.347526,18.310775,0.934236,True
3606,1773653517.685890,1773654280.081597,401,131,243.199498,56.453507,1.436508,True
3607,1773653517.685922,1773654590.524471,1106,380,862.269801,126.682881,1.940863,True
3608,1773653517.685967,1773654603.797643,1041,569,888.568379,46.339762,1.482797,True
3609,1773653517.686001,1773654259.064449,394,75,198.600135,60.210940,1.870124,True
3610,1773653517.686030,1773654264.327969,386,99,208.977434,46.014058,1.662892,True
3611,1773653517.686058,1773654242.068415,1077,396,164.352410,7.885157,0.396120,True
3612,1773653517.686087,1773654354.550822,1082,373,389.210729,25.513689,0.977680,True
3613,1773653517.686117,1773654257.402441,1057,436,194.768596,19.126058,0.403776,True
3614,1773653517.686146,1773654596.545977,1119,399,872.577497,129.102252,1.868028,True
3615,1773653517.686174,1773654248.404712,206,152,175.162558,15.907039,1.054672,True
3616,1773653517.686206,1773654275.790344,200,217,229.911794,15.895954,0.990814,True
3617,1773653517.686234,1773654179.044406,1583,24,35.634681,14.192197,0.932282,True
3618,1773653517.686263,1773654559.606403,1127,394,796.633556,55.333558,1.886260,True
3619,1773653517.686291,1773654204.745344,379,71,85.702009,14.835803,1.012374,True
3620,1773653517.686319,1773654262.135617,392,93,199.630583,52.615172,1.597994,True
3621,1773653517.686347,1773654586.554631,1040,956,848.448369,52.604320,0.833345,True
3622,1773653517.686375,1773654289.806587,402,143,254.858706,43.477508,1.488600,True
3623,1773653517.686407,1773654510.037719,178,169,694.854404,126.755918,3.381539,True
3624,1773653517.686436,1773654215.188340,1313,186,104.814040,18.333225,0.467464,True
3625,1773653517.686471,1773654579.841797,1047,463,834.033990,53.798792,1.688821,True
3626,1773653517.686499,1773654178.453270,91,16,30.501610,12.216663,1.218996,True
3627,1773653517.686527,1773654590.016990,1101,373,853.481184,126.083352,1.955371,True
3628,1773653517.686555,1773654225.369080,387,100,124.165767,22.172090,1.030239,True
3629,1773653517.686584,1773654215.311361,374,66,104.027598,28.175672,1.166953,True
3630,1773653517.686612,1773654602.159154,1102,560,877.700247,45.839049,1.488124,True
3631,1773653517.686641,1773654399.665715,372,68,472.546962,127.477697,5.150288,True
3632,1773653517.686669,1773654563.268390,1120,416,799.731811,45.744821,1.816836,True
3633,1773653517.686698,1773654380.702332,203,193,434.386101,53.117825,1.985772,True
3634,1773653517.686726,1773654196.686191,1146,88,64.416848,18.341756,0.529599,True
3635,1773653517.686755,1773654201.295671,181,131,73.181385,10.714340,0.480516,True
3636,1773653517.686784,1773654227.213380,402,93,124.847041,26.683415,1.066996,True
3637,1773653517.686812,1773654368.176645,1025,431,405.885077,13.225661,0.913161,True
3638,1773653517.686847,1773654421.472046,386,89,511.264435,125.029144,4.389037,True
3639,1773653517.686877,1773654400.122772,203,217,468.329548,43.190028,1.968239,True
3640,1773653517.686906,1773654562.769719,1104,396,793.398481,55.046736,1.869245,True
3641,1773653517.686956,1773654430.713340,401,99,528.170227,124.241270,4.121724,True
3642,1773653517.686998,1773654250.115311,982,428,166.827793,8.717859,0.370281,True
3643,1773653517.687030,1773654353.387771,1049,384,373.202131,15.977078,0.932702,True
3644,1773653517.687062,1773654386.391360,441,59,438.586921,125.347981,5.400671,True
3645,1773653517.687091,1773654208.272450,434,132,82.229429,17.629632,0.493128,True
3646,1773653517.687120,1773654262.790066,386,93,191.048691,41.881936,1.621378,True
3647,1773653517.687149,1773654573.194990,1057,429,811.650791,56.976910,1.763257,True
3648,1773653517.687177,1773654250.573008,412,131,165.914119,23.857174,1.092746,True
3649,1773653517.687206,1773654367.746062,990,388,400.154938,25.712837,0.967551,True
3650,1773653517.687235,1773654217.842668,1935,78,100.324872,20.879948,1.031752,True
3651,1773653517.687268,1773654285.474463,380,111,234.471662,56.117439,1.621402,True
3652,1773653517.687377,1773654254.590448,1099,414,172.450274,16.422100,0.377792,True
3653,1773653517.687409,1773654294.127579,53,148,251.349478,40.697131,1.433009,True
3654,1773653517.687440,1773654257.663510,1163,82,178.402072,43.170777,1.669522,True
3655,1773653517.687470,1773654371.366031,1015,396,405.184217,25.690870,0.960743,True
3656,1773653517.687504,1773654380.779643,1087,438,423.157343,19.359311,0.924023,True
3657,1773653517.687534,1773654206.098052,814,160,73.339430,7.520707,0.413954,True
3658,1773653517.687562,1773654276.088500,392,96,212.777198,54.646394,1.664535,True
3659,1773653517.687592,1773654394.649808,1061,396,449.545033,47.414752,1.018051,True
3660,1773653517.687621,1773654401.002372,949,407,462.228873,49.712211,1.016051,True
3661,1773653517.687650,1773654271.147531,403,105,202.414109,41.701639,1.545312,True
3662,1773653517.687678,1773654568.452781,1192,415,797.021915,51.751133,1.800171,True
3663,1773653517.687707,1773654371.306255,1000,414,400.912096,17.710046,0.927850,True
3664,1773653517.687736,1773654261.405169,194,152,181.089927,19.558084,1.069747,True
3665,1773653517.687766,1773654267.688232,181,167,193.634132,19.547493,1.048715,True
3666,1773653517.687798,1773654247.651360,988,398,152.628129,6.797694,0.367331,True
3667,1773653517.687828,1773654198.535103,398,86,53.272284,12.888633,0.475102,True
3668,1773653517.687857,1773654252.245896,1061,416,160.651323,8.507041,0.366613,True
3669,1773653517.687886,1773654328.091219,197,152,312.153073,52.331654,1.720672,True
3670,1773653517.687917,1773654193.849328,384,65,42.693743,7.924987,0.543262,True
3671,1773653517.687963,1773654372.180254,1086,397,396.522218,20.545387,0.949436,True
3672,1773653517.687996,1773654265.093746,401,74,182.302125,50.403907,1.806825,True
3673,1773653517.688026,1773654227.093159,331,18,106.092673,45.554353,3.561078,True
3674,1773653517.688053,1773654395.965039,991,406,443.588188,38.943668,0.999122,True
3675,1773653517.688082,1773654208.127159,392,98,67.890584,14.005430,0.555517,True
3676,1773653517.688111,1773654206.475960,385,93,64.566268,13.994634,0.549692,True
3677,1773653517.688138,1773654240.714215,374,42,132.973962,45.751046,2.127388,True
3678,1773653517.688167,1773654596.049122,924,394,843.237816,118.013823,1.845354,True
3679,1773653517.688199,1773654224.171998,401,86,99.234674,15.864420,0.980827,True
3680,1773653517.688228,1773654515.049657,394,173,679.875252,118.894460,3.261516,True
3681,1773653517.688256,1773654319.738313,1310,145,288.800071,50.617910,1.654043,True
3682,1773653517.688288,1773654385.995721,972,378,420.958011,37.598050,1.016870,True
3683,1773653517.688317,1773654366.944513,1044,398,381.860482,15.914088,0.921779,True
3684,1773653517.688344,1773654205.159199,379,83,58.248039,13.121218,0.550327,True
3685,1773653517.688373,1773654197.277122,1239,90,42.420174,5.953550,0.409737,True
3686,1773653517.688409,1773654200.931746,389,90,49.583961,6.862035,0.480022,True
3687,1773653517.688439,1773654622.246166,1070,520,891.269523,119.626373,1.486788,True
3688,1773653517.688471,1773654597.041838,1072,395,840.838798,119.615407,1.830516,True
3689,1773653517.688502,1773654258.619075,1058,422,162.996668,8.131400,0.367851,True
3690,1773653517.688534,1773654399.310249,1054,402,443.548126,43.775913,0.996938,True
3691,1773653517.688563,1773654280.796303,203,194,206.042615,14.153260,0.994245,True
3692,1773653517.688593,1773654402.243803,1008,415,448.810598,38.162644,0.991903,True
3693,1773653517.688621,1773654456.436792,1163,520,557.067252,43.408812,0.989708,True
3694,1773653517.688653,1773654205.304523,1060,74,54.448987,12.963876,0.568289,True
3695,1773653517.688682,1773654281.993530,1287,81,207.464567,59.038587,1.855325,True
3696,1773653517.688711,1773654621.572561,1089,608,886.599853,60.840295,1.360395,True
3697,1773653517.688743,1773654261.364537,1120,429,165.803374,8.448004,0.367653,True
3698,1773653517.688771,1773654240.652654,1165,37,124.230511,39.616909,2.350378,True
3699,1773653517.688799,1773654289.301995,392,138,221.280483,42.649999,1.303872,True
3700,1773653517.688828,1773654230.054926,1314,236,102.454301,11.266131,0.388035,True
3701,1773653517.688859,1773654227.507436,1317,231,96.908300,11.040344,0.373339,True
3702,1773653517.688887,1773654316.237992,91,16,273.843262,116.923027,10.461349,True
3703,1773653517.688916,1773654277.392454,1259,81,195.902105,53.311625,1.782381,True
3704,1773653517.688960,1773654270.574996,382,103,182.205101,40.503020,1.389236,True
3705,1773653517.688992,1773654431.630225,1135,455,504.186909,47.059306,1.006889,True
3706,1773653517.689023,1773654267.609431,1053,427,175.496770,16.381915,0.373509,True
3707,1773653517.689052,1773654585.521140,1111,438,811.274998,61.980667,1.714632,True
3708,1773653517.689084,1773654264.731543,1123,87,168.745292,41.877865,1.475203,True
3709,1773653517.689113,1773654257.578544,1119,399,154.149385,12.100993,0.356906,True
3710,1773653517.689140,1773654320.480444,1314,176,279.763688,56.132834,1.277891,True
3711,1773653517.689169,1773654267.378721,382,79,173.456518,45.945691,1.634754,True
3712,1773653517.689197,1773654256.407368,1112,397,151.203393,11.799361,0.352030,True
3713,1773653517.689225,1773654299.219677,402,98,236.246269,60.767478,1.809060,True
3714,1773653517.689253,1773654578.033873,1027,429,793.619971,51.528573,1.733858,True
3715,1773653517.689282,1773654260.640901,1023,378,157.902314,14.553223,0.380236,True
3716,1773653517.689311,1773654274.598479,200,181,184.536616,9.598657,0.971878,True
3717,1773653517.689338,1773654303.802908,203,152,242.921144,46.108374,1.303396,True
3718,1773653517.689380,1773654368.176897,1135,395,371.566328,12.751598,0.910697,True
3719,1773653517.689410,1773654267.339975,1110,429,169.456306,12.503820,0.366711,True
3720,1773653517.689439,1773654565.101179,1094,383,764.352535,50.983872,1.867457,True
3721,1773653517.689467,1773654583.014643,1074,429,800.159456,59.860769,1.729670,True
3722,1773653517.689499,1773654270.529790,1169,429,175.124927,15.419639,0.373143,True
3723,1773653517.689528,1773654226.010901,194,177,83.952959,14.786223,0.392993,True
3724,1773653517.689560,1773654404.530319,1104,396,440.306348,45.288300,1.000046,True
3725,1773653517.689590,1773654426.138923,1095,429,483.150758,52.166777,1.006972,True
3726,1773653517.689618,1773654266.608179,393,76,163.714743,43.698929,1.600211,True
3727,1773653517.689647,1773654596.793437,1070,393,823.101945,112.597547,1.812511,True
3728,1773653517.689676,1773654265.921927,1126,407,160.455558,14.721492,0.358951,True
3729,1773653517.689708,1773654279.770372,393,86,187.997345,50.959436,1.612211,True
3730,1773653517.689736,1773654267.096340,1455,43,162.430728,58.180008,2.482160,True
3731,1773653517.689767,1773654314.366383,243,14,256.539686,111.744181,11.138116,True
3732,1773653517.689797,1773654289.917454,402,83,206.626253,57.547337,1.818036,True
3733,1773653517.689826,1773654292.996812,1522,85,212.764636,59.648613,1.822810,True
3734,1773653517.689858,1773654376.734328,1072,394,379.929073,15.008798,0.928550,True
3735,1773653517.689888,1773654506.522276,1110,658,639.019749,21.216455,0.940340,True
3736,1773653517.689917,1773654402.971059,997,440,431.895634,21.206114,0.935511,True
3737,1773653517.689963,1773654236.249975,181,200,98.286022,11.280107,0.437216,True
3738,1773653517.689992,1773654583.454014,1089,424,792.671993,59.662192,1.732884,True
3739,1773653517.690022,1773654301.801471,181,133,229.321148,49.590830,1.361593,True
3740,1773653517.690051,1773654210.781652,395,90,46.409992,12.839138,0.377201,True
3741,1773653517.690080,1773654268.669165,1119,405,162.162361,15.840444,0.362183,True
3742,1773653517.690113,1773654279.986118,1852,62,184.051917,60.560921,2.024443,True
3743,1773653517.690141,1773654447.111165,209,179,517.822923,66.396455,2.536104,True
3744,1773653517.690170,1773654632.159885,1081,676,887.691680,64.219233,1.219959,True
3745,1773653517.690200,1773654213.579201,1479,75,49.748928,11.161738,0.521449,True
3746,1773653517.690228,1773654417.640071,1092,419,457.518001,39.569387,0.999877,True
3747,1773653517.690256,1773654413.633482,1029,415,448.755326,40.410624,0.986340,True
3748,1773653517.690285,1773654581.634672,1074,394,784.403559,69.352973,1.819467,True
3749,1773653517.690314,1773654427.086062,1066,426,475.286668,50.313797,0.999936,True
3750,1773653517.690344,1773654413.821469,1054,399,448.735541,50.303470,1.001086,True
3751,1773653517.690378,1773654297.913382,206,188,216.688568,19.127830,1.056475,True
3752,1773653517.690413,1773654556.791346,181,248,734.273506,109.104609,2.531048,True
3753,1773653517.690443,1773654218.997480,1239,90,58.047815,12.626975,0.510347,True
3754,1773653517.690471,1773654271.578217,1009,394,162.216791,12.958397,0.379792,True
3755,1773653517.690500,1773654265.817582,382,74,149.666568,37.465549,1.537000,True
3756,1773653517.690528,1773654398.369186,1009,429,414.182024,18.562288,0.924345,True
3757,1773653517.690558,1773654326.827071,206,181,270.534917,50.012990,1.225122,True
3758,1773653517.690586,1773654590.099186,1044,422,796.818419,70.237836,1.725845,True
3759,1773653517.690614,1773654224.490341,924,105,64.664963,10.442467,0.521370,True
3760,1773653517.690646,1773654249.518046,374,70,113.693032,17.172585,1.398847,True
3761,1773653517.690674,1773654422.514615,1381,82,459.311436,109.695398,4.316247,True
3762,1773653517.690703,1773654570.972187,1140,366,755.995027,63.137331,1.898240,True
3763,1773653517.690732,1773654413.094485,1111,410,440.218158,37.378999,0.984937,True
3764,1773653517.690761,1773654222.674587,869,85,58.801867,15.438246,0.516234,True
3765,1773653517.690789,1773654416.745023,1019,414,446.213163,37.889867,0.988676,True
3766,1773653517.690820,1773654295.163763,399,106,202.918524,52.580922,1.431787,True
3767,1773653517.690849,1773654281.751510,1087,418,175.800416,19.512212,0.374792,True
3768,1773653517.690881,1773654269.068976,1079,405,149.635601,9.877898,0.345935,True
3769,1773653517.690911,1773654388.088114,1061,401,386.844628,16.220613,0.926560,True
3770,1773653517.690954,1773654390.604093,1005,53,390.401327,107.150662,5.447128,True
3771,1773653517.690988,1773654391.991764,1077,393,393.154715,23.763921,0.942323,True
3772,1773653517.691017,1773654319.623618,1540,72,248.207683,70.582778,2.501759,True
3773,1773653517.691046,1773654603.482635,1012,414,815.462754,109.252565,1.709952,True
3774,1773653517.691074,1773654419.022259,1011,396,446.476386,51.280103,1.000497,True
3775,1773653517.691103,1773654580.030595,1111,373,767.651669,72.563252,1.868517,True
3776,1773653517.691132,1773654488.406609,161,217,584.192471,59.801975,2.427734,True
3777,1773653517.691160,1773654581.178687,1077,396,768.965303,62.368746,1.788852,True
3778,1773653517.691189,1773654275.144263,1099,434,156.875322,9.695938,0.339906,True
3779,1773653517.691221,1773654586.039766,1048,396,778.217267,71.837261,1.788304,True
3780,1773653517.691250,1773654280.947653,1101,453,167.635544,10.631830,0.347353,True
3781,1773653517.691278,1773654606.821280,1040,429,819.339910,107.852494,1.662354,True
3782,1773653517.691306,1773654219.001655,333,18,43.433265,18.438484,1.470281,True
3783,1773653517.691340,1773654589.395769,1089,424,783.165678,63.581719,1.701144,True
3784,1773653517.691370,1773654413.821309,1051,375,430.697734,54.544310,1.005758,True
3785,1773653517.691399,1773654284.646499,1135,429,172.218789,12.768602,0.372547,True
3786,1773653517.691427,1773654327.836670,1314,204,258.324839,32.854697,1.110690,True
3787,1773653517.691456,1773654282.968778,1088,402,168.137685,19.242079,0.371311,True
3788,1773653517.691484,1773654389.743427,1316,353,381.253611,35.898289,0.981123,True
3789,1773653517.691512,1773654599.658515,1042,398,800.602453,105.647122,1.750517,True
3790,1773653517.691540,1773654581.713657,1020,375,764.480426,72.231141,1.850934,True
3791,1773653517.691646,1773654290.091828,181,112,180.970051,35.406969,1.311379,True
3792,1773653517.691677,1773654491.238586,209,194,582.030084,68.548524,2.660526,True
3793,1773653517.691711,1773654458.385750,1139,463,516.185296,52.723852,1.003163,True
3794,1773653517.691742,1773654480.808609,24,181,560.934865,71.369175,2.719809,True
3795,1773653517.691771,1773654269.606302,858,100,138.373208,18.758740,1.208227,True
3796,1773653517.691800,1773654228.633753,388,81,56.341409,10.842829,0.568732,True
3797,1773653517.691828,1773654278.072895,1042,407,155.200081,12.604208,0.351221,True
3798,1773653517.691857,1773654411.366597,1035,395,421.305021,38.015625,0.972816,True
3799,1773653517.691885,1773654289.643971,1027,429,177.406169,17.201331,0.374310,True
3800,1773653517.691913,1773654390.931639,1103,391,379.937229,18.215146,0.927493,True
3801,1773653517.691958,1773654435.442002,1049,440,468.831123,40.059040,0.976702,True
3802,1773653517.691988,1773654285.465157,1043,396,168.336883,20.459986,0.374372,True
3803,1773653517.692024,1773654315.595294,1024,520,228.430313,23.790269,0.394297,True
3804,1773653517.692053,1773654592.881480,1094,404,782.464791,75.293595,1.754767,True
3805,1773653517.692082,1773654597.120434,1065,411,790.922591,81.894823,1.729336,True
3806,1773653517.692111,1773654596.878230,1201,410,790.415501,81.883770,1.732351,True
3807,1773653517.692143,1773654603.019653,1029,411,801.912886,105.617068,1.698282,True
3808,1773653517.692170,1773654439.132889,1036,426,473.932122,50.849352,0.995489,True
3809,1773653517.692203,1773654279.602543,1033,407,153.095586,11.559573,0.348611,True
3810,1773653517.692231,1773654420.420021,1081,419,434.708297,29.911204,0.968414,True
3811,1773653517.692260,1773654279.342978,431,80,152.305080,37.894572,1.448234,True
3812,1773653517.692287,1773654405.963905,1089,418,404.123050,19.042016,0.923456,True
3813,1773653517.692316,1773654591.374814,1126,387,773.628733,80.135325,1.796615,True
3814,1773653517.692350,1773654433.657503,1067,467,457.804909,20.300572,0.938851,True
3815,1773653517.692379,1773654295.041452,997,445,179.754362,10.935537,0.380223,True
3816,1773653517.692407,1773654448.410064,1071,498,486.324873,19.807239,0.938667,True
3817,1773653517.692435,1773654230.987160,752,70,51.353394,13.033403,0.555362,True
3818,1773653517.692464,1773654414.216961,1065,401,417.336242,31.822006,0.963786,True
3819,1773653517.692493,1773654260.795208,317,18,110.362910,47.402469,3.703555,True
3820,1773653517.692520,1773654446.873288,1314,138,481.768144,74.936915,2.969571,True
3821,1773653517.692548,1773654292.541800,1022,420,172.873613,19.065475,0.367084,True
3822,1773653517.692577,1773654407.203624,1041,414,401.947850,19.852961,0.925169,True
3823,1773653517.692608,1773654280.947500,1071,396,148.934531,11.863942,0.347014,True
3824,1773653517.692636,1773654605.217282,1168,429,797.410045,87.403399,1.658894,True
3825,1773653517.692664,1773654601.681268,1119,411,789.877158,88.209068,1.711386,True
3826,1773653517.692693,1773654620.967051,1020,501,828.425065,94.538282,1.467774,True
3827,1773653517.692720,1773654607.741292,1065,429,801.951637,94.527216,1.652861,True
3828,1773653517.692749,1773654307.421676,200,174,199.969291,18.645760,1.048113,True
3829,1773653517.692777,1773654296.169497,1139,414,176.593039,19.492777,0.380388,True
3830,1773653517.692805,1773654290.002234,1087,410,163.745810,11.929550,0.371189,True
3831,1773653517.692841,1773654302.155217,1058,475,187.761422,13.141882,0.368396,True
3832,1773653517.692875,1773654396.140273,1157,384,375.294499,21.314110,0.924231,True
3833,1773653517.692904,1773654272.722666,1820,69,127.414159,32.512438,1.395614,True
3834,1773653517.692949,1773654312.185880,200,179,206.083653,20.663414,1.041687,True
3835,1773653517.692984,1773654415.515277,1021,394,412.639548,35.053870,0.960778,True
3836,1773653517.693013,1773654248.448503,209,177,77.649475,11.792701,0.374186,True
3837,1773653517.693042,1773654535.474529,203,183,651.262357,91.450317,3.075890,True
3838,1773653517.693071,1773654605.217264,1014,427,790.517352,86.838790,1.651828,True
3839,1773653517.693099,1773654601.442164,1047,399,782.504452,96.556835,1.723486,True
3840,1773653517.693127,1773654409.234806,1179,407,397.798974,21.869247,0.925935,True
3841,1773653517.693158,1773654601.840126,1029,406,782.835589,97.257531,1.692785,True
3842,1773653517.693187,1773654597.607272,984,384,774.158945,96.219803,1.770076,True
3843,1773653517.693214,1773654607.873639,984,429,794.465205,101.076852,1.620066,True
3844,1773653517.693242,1773654546.355055,181,217,671.213359,86.050565,2.709087,True
3845,1773653517.693270,1773654298.329342,1072,414,175.083473,17.766640,0.380912,True
3846,1773653517.693297,1773654326.588929,167,158,231.123283,41.989192,1.204676,True
3847,1773653517.693326,1773654300.373247,1044,419,177.905677,18.420772,0.381543,True
3848,1773653517.693364,1773654424.794309,1043,403,426.019329,37.407845,0.966695,True
3849,1773653517.693395,1773654313.381842,1070,551,202.699523,11.123553,0.348320,True
3850,1773653517.693423,1773654450.124409,1029,468,475.525437,31.635237,0.950514,True
3851,1773653517.693451,1773654460.472109,1101,482,496.198020,31.623598,0.965851,True
3852,1773653517.693483,1773654600.544517,1048,396,776.259917,94.521343,1.725920,True
3853,1773653517.693512,1773654418.605600,420,71,410.960255,98.939497,4.457439,True
3854,1773653517.693539,1773654539.275775,197,183,652.278634,98.928317,3.040386,True
3855,1773653517.693571,1773654430.214577,1058,414,433.425581,36.397050,0.961328,True
3856,1773653517.693603,1773654427.151680,1086,403,427.280148,37.920691,0.968556,True
3857,1773653517.693631,1773654286.387813,1002,382,145.605329,10.829452,0.353742,True
3858,1773653517.693659,1773654264.221620,159,204,99.733586,15.485958,0.415013,True
3859,1773653517.693687,1773654604.173722,1053,413,778.364012,96.726419,1.654460,True
3860,1773653517.693722,1773654532.831592,25,176,635.466257,91.649845,3.107522,True
3861,1773653517.693751,1773654291.328204,1230,396,152.273968,10.529564,0.358847,True
3862,1773653517.693779,1773654550.157372,197,217,669.885543,91.533566,2.677555,True
3863,1773653517.693807,1773654606.528461,1052,417,782.607574,98.417815,1.644687,True
3864,1773653517.693836,1773654421.669548,1028,401,412.826148,30.150125,0.956690,True
3865,1773653517.693865,1773654285.049184,372,81,139.457340,32.884815,1.332157,True
3866,1773653517.693895,1773654261.405063,1692,51,92.147362,19.189212,1.459163,True
3867,1773653517.693927,1773654488.080090,1047,535,545.165902,32.708313,0.959658,True
3868,1773653517.693991,1773654401.065014,1177,386,371.011945,18.961296,0.914417,True
3869,1773653517.694025,1773654285.889098,1103,363,139.606911,15.238623,0.343559,True
3870,1773653517.694056,1773654295.163757,398,92,157.676283,37.516033,1.320442,True
3871,1773653517.694085,1773654423.242678,1121,424,413.582804,21.643167,0.926571,True
3872,1773653517.694114,1773654288.688974,1028,382,144.310628,11.137280,0.349536,True
3873,1773653517.694143,1773654603.943892,1139,412,774.386522,94.967662,1.653087,True
3874,1773653517.694172,1773654329.475473,203,165,225.262727,38.280366,1.140136,True
3875,1773653517.694201,1773654531.606413,1313,177,629.249171,94.736538,3.037004,True
3876,1773653517.694234,1773654382.756836,918,40,331.322417,95.772540,6.039740,True
3877,1773653517.694262,1773654394.212970,1592,48,354.214325,98.795454,5.434444,True
3878,1773653517.694291,1773654411.458246,375,65,388.680025,96.525661,4.564912,True
3879,1773653517.694325,1773654520.193588,1089,601,605.041425,30.532851,0.957514,True
3880,1773653517.694355,1773654275.089728,1048,80,114.583401,20.296139,1.193510,True
3881,1773653517.694382,1773654337.364794,181,222,239.027860,22.718717,0.978774,True
3882,1773653517.694411,1773654439.660126,1139,405,443.595928,43.961921,0.989193,True
3883,1773653517.694440,1773654434.686297,1014,391,432.783565,45.668013,0.992604,True
3884,1773653517.694469,1773654508.422960,1353,147,579.415659,96.641612,3.306672,True
3885,1773653517.694496,1773654261.220057,203,183,84.430673,12.319441,0.396216,True
3886,1773653517.694525,1773654248.935375,923,137,59.840416,11.174875,0.357835,True
3887,1773653517.694553,1773654435.635906,1047,420,432.640585,34.526203,0.950154,True
3888,1773653517.694588,1773654418.839908,378,68,398.061462,92.535149,4.560094,True
3889,1773653517.694616,1773654290.968904,1044,391,141.977030,15.168366,0.325150,True
3890,1773653517.694644,1773654624.919788,1023,520,809.566037,93.990893,1.378758,True
3891,1773653517.694673,1773654522.656054,1353,160,605.014711,96.786140,3.196406,True
3892,1773653517.694700,1773654602.465021,1010,397,764.613837,96.993825,1.685909,True
3893,1773653517.694732,1773654390.653958,1126,937,340.886541,11.912199,0.351468,True
3894,1773653517.694763,1773654664.719908,1126,919,888.927211,100.193198,0.859187,True
3895,1773653517.694792,1773654604.321406,1088,402,768.107493,100.507253,1.664839,True
3896,1773653517.694822,1773654443.258874,1029,409,445.939414,43.673050,0.985947,True
3897,1773653517.694851,1773654308.273782,398,93,175.947808,45.132647,1.421904,True
3898,1773653517.694880,1773654607.959217,995,414,774.975081,102.016911,1.629439,True
3899,1773653517.694909,1773654456.373313,1204,460,469.239159,32.845566,0.950749,True
3900,1773653517.694952,1773654235.676293,120,12,27.186880,12.795537,1.308304,True
3901,1773653517.694983,1773654550.368458,200,217,656.420967,93.744228,2.604985,True
3902,1773653517.695012,1773654421.606195,999,417,398.474060,18.200007,0.914120,True
3903,1773653517.695041,1773654246.780197,396,91,48.194647,12.466074,0.396984,True
3904,1773653517.695071,1773654542.898529,181,187,640.408476,98.080949,2.915739,True
3905,1773653517.695101,1773654610.650774,1014,428,775.892527,100.620204,1.581434,True
3906,1773653517.695130,1773654313.363057,1023,484,180.362999,11.966957,0.348646,True
3907,1773653517.695159,1773654305.370402,1072,386,163.963650,15.147317,0.386536,True
3908,1773653517.695187,1773654447.541677,1015,416,447.829832,41.806080,0.978370,True
3909,1773653517.695216,1773654420.358575,1019,414,392.370422,18.701489,0.904767,True
3910,1773653517.695247,1773654303.983035,1314,141,159.596374,18.689890,1.006475,True
3911,1773653517.695276,1773654350.638861,1029,663,252.285283,16.352360,0.356394,True
3912,1773653517.695304,1773654616.400080,1044,458,782.714892,102.700525,1.487996,True
3913,1773653517.695333,1773654402.061420,1665,49,354.012533,104.728421,5.193419,True
3914,1773653517.695363,1773654605.811526,995,403,761.096847,102.287223,1.638830,True
3915,1773653517.695391,1773654302.587656,1037,411,154.546175,9.833932,0.352957,True
3916,1773653517.695420,1773654291.810326,1923,74,132.866083,33.616728,1.359580,True
3917,1773653517.695452,1773654335.966376,200,217,220.818601,17.317811,0.942133,True
3918,1773653517.695481,1773654437.878164,1069,419,424.392764,30.981932,0.941174,True
3919,1773653517.695508,1773654340.492707,1315,163,229.475342,40.722834,1.165139,True
3920,1773653517.695537,1773654251.956071,400,94,51.886267,13.293347,0.414978,True
3921,1773653517.695566,1773654610.203391,1115,423,767.984759,101.339516,1.579728,True
3922,1773653517.695598,1773654399.555620,1306,915,345.862391,15.662041,0.361270,True
3923,1773653517.695626,1773654454.637538,903,100,455.087559,91.171147,3.675923,True
3924,1773653517.695655,1773654316.619283,1850,94,179.031469,47.422823,1.415147,True
3925,1773653517.695683,1773654459.476764,1126,447,464.514225,32.762576,0.968053,True
3926,1773653517.695712,1773654436.972012,1040,396,419.480919,35.719876,0.971547,True
3927,1773653517.695745,1773654449.186827,1023,415,443.889687,40.006356,0.975564,True
3928,1773653517.695778,1773654264.438269,203,161,73.849135,14.079674,0.373559,True
3929,1773653517.695810,1773654315.632301,1081,426,173.980323,15.990395,0.371741,True
3930,1773653517.695922,1773654638.928466,1074,645,820.550224,104.063778,1.112557,True
3931,1773653517.695976,1773654323.716712,1038,514,190.022771,12.887629,0.345293,True
3932,1773653517.696005,1773654345.575182,173,158,233.481516,45.692076,1.196111,True
3933,1773653517.696035,1773654335.966363,169,217,214.242487,14.029712,0.926911,True
3934,1773653517.696065,1773654459.341826,1074,411,460.889187,47.366599,1.008592,True
3935,1773653517.696095,1773654440.983689,1144,425,423.954227,27.657632,0.934662,True
3936,1773653517.696127,1773654311.859227,1012,414,165.105424,15.326087,0.362662,True
3937,1773653517.696157,1773654607.802315,1014,411,756.946192,103.388152,1.594044,True
3938,1773653517.696187,1773654639.840967,1143,668,820.345390,88.596139,1.097075,True
3939,1773653517.696217,1773654608.165499,979,413,756.789425,97.779458,1.599539,True
3940,1773653517.696249,1773654313.824911,403,97,167.879384,38.340899,1.349359,True
3941,1773653517.696277,1773654546.018210,1315,189,632.243919,102.821539,2.816076,True
3942,1773653517.696306,1773654305.448542,1012,396,150.770348,11.530119,0.352507,True
3943,1773653517.696336,1773654544.979701,206,186,628.921149,104.099143,2.836876,True
3944,1773653517.696369,1773654452.443191,1079,410,443.620229,39.872342,0.987159,True
3945,1773653517.696400,1773654493.675004,181,125,525.850368,96.801415,3.460072,True
3946,1773653517.696429,1773654264.971174,1312,129,67.945931,15.378487,0.410683,True
3947,1773653517.696458,1773654492.568244,398,125,522.766998,103.433527,3.381722,True
3948,1773653517.696487,1773654308.586329,372,150,153.706540,11.610128,0.953667,True
3949,1773653517.696518,1773654310.131782,1064,409,156.735001,11.365816,0.356297,True
3950,1773653517.696547,1773654320.283580,1054,421,177.017263,19.664037,0.374651,True
3951,1773653517.696576,1773654446.655370,1034,405,428.262807,37.980668,0.966045,True
3952,1773653517.696605,1773654468.486797,181,102,470.749531,101.511947,3.655818,True
3953,1773653517.696633,1773654543.644625,1068,625,620.926930,39.991903,0.930986,True
3954,1773653517.696662,1773654410.085020,1084,389,353.702802,12.064187,0.880512,True
3955,1773653517.696691,1773654270.700900,380,58,74.560321,12.743369,1.084508,True
3956,1773653517.696723,1773654486.142611,1025,468,505.068497,43.990278,0.987320,True
3957,1773653517.696751,1773654262.277412,1801,72,57.245495,19.000999,0.538655,True
3958,1773653517.696780,1773654534.991716,181,176,601.918476,84.233319,2.958201,True
3959,1773653517.696809,1773654524.340214,212,165,578.872519,83.365003,3.021387,True
3960,1773653517.696841,1773654301.801627,404,78,132.438645,28.892286,1.344758,True
3961,1773653517.696872,1773654341.723503,218,167,212.262159,28.881189,1.104705,True
3962,1773653517.696901,1773654294.128721,1389,65,117.050044,29.696537,1.364899,True
3963,1773653517.696950,1773654321.656974,987,399,171.939766,21.573889,0.377804,True
3964,1773653517.696983,1773654605.511367,1000,414,739.446897,83.716161,1.587726,True
3965,1773653517.697013,1773654472.870116,181,107,473.955426,91.658022,3.606579,True
3966,1773653517.697041,1773654549.939698,1314,200,627.864448,98.611481,2.659563,True
3967,1773653517.697070,1773654258.983824,310,18,45.461118,21.547810,1.406665,True
3968,1773653517.697099,1773654436.972200,1120,373,400.063269,37.062886,0.975807,True
3969,1773653517.697126,1773654408.507912,1033,386,342.803671,9.058342,0.866871,True
3970,1773653517.697155,1773654292.720745,1314,150,110.523940,24.468466,0.577554,True
3971,1773653517.697184,1773654254.807767,329,18,34.175251,13.718662,1.203329,True
3972,1773653517.697212,1773654281.104188,91,16,85.857289,35.827426,3.335324,True
3973,1773653517.697243,1773654460.602986,1044,411,444.605588,40.197668,0.986361,True
3974,1773653517.697271,1773654607.958909,1139,412,739.294135,89.239518,1.581641,True
3975,1773653517.697304,1773654608.585662,1064,414,740.527324,91.134006,1.572381,True
3976,1773653517.697334,1773654603.865777,1140,391,730.875504,99.994631,1.617643,True
3977,1773653517.697373,1773654446.476015,1042,414,415.086201,27.970132,0.937327,True
3978,1773653517.697406,1773654373.749288,1126,690,268.561801,14.895173,0.368166,True
3979,1773653517.697438,1773654327.291061,1080,449,175.623834,14.884625,0.358793,True
3980,1773653517.697466,1773654325.402842,1024,373,171.178451,23.520800,0.396929,True
3981,1773653517.697495,1773654444.938866,938,456,409.714396,6.753639,0.885628,True
3982,1773653517.697523,1773654600.301600,1028,375,720.145685,101.103804,1.655192,True
3983,1773653517.697552,1773654301.860685,1284,48,123.198404,40.463319,1.760321,True
3984,1773653517.697583,1773654440.494154,1073,373,399.660214,37.252677,0.974214,True
3985,1773653517.697612,1773654312.067433,402,97,142.700297,26.185926,1.213691,True
3986,1773653517.697640,1773654604.254818,1067,395,726.923438,88.662001,1.619953,True
3987,1773653517.697668,1773654611.478125,1077,427,741.348927,90.110074,1.528730,True
3988,1773653517.697697,1773654332.106539,1101,429,182.222115,25.246710,0.366765,True
3989,1773653517.697725,1773654416.680828,1077,396,349.935010,7.138752,0.867839,True
3990,1773653517.697754,1773654400.093873,1042,363,316.737055,8.286661,0.852073,True
3991,1773653517.697782,1773654449.819613,1298,85,415.642099,99.335218,3.765558,True
3992,1773653517.697811,1773654321.575862,972,384,159.011511,15.361084,0.375066,True
3993,1773653517.697841,1773654338.065616,1057,442,190.835329,26.009408,0.373755,True
3994,1773653517.697872,1773654494.396361,23,125,502.717391,87.876685,3.345490,True
3995,1773653517.697901,1773654349.739632,209,162,213.195722,34.775142,1.108202,True
3996,1773653517.697948,1773654514.393388,405,139,542.481618,98.180345,3.219574,True
3997,1773653517.697980,1773654344.492170,1314,213,202.596729,13.014119,0.894258,True
3998,1773653517.698008,1773654325.932589,1587,97,165.242790,40.442938,1.299998,True
3999,1773653517.698037,1773654609.060576,1122,411,729.127598,99.632854,1.535353,True
4000,1773653517.698066,1773654535.107869,206,162,580.754615,86.183982,3.071867,True
4001,1773653517.698098,1773654373.729048,197,217,257.830520,33.103324,1.040404,True
4002,1773653517.698126,1773654460.655223,1016,468,431.551058,11.328689,0.899834,True
4003,1773653517.698157,1773654612.226438,1125,429,734.340351,91.819040,1.501218,True
4004,1773653517.698185,1773654275.144250,995,46,60.007696,24.842319,0.781453,True
4005,1773653517.698219,1773654611.725726,1147,423,733.103909,102.040396,1.495411,True
4006,1773653517.698248,1773654488.650537,883,115,486.520275,91.492088,3.465160,True
4007,1773653517.698280,1773654425.522010,1076,399,359.821298,10.596588,0.877449,True
4008,1773653517.698309,1773654434.872697,994,386,378.274369,22.883162,0.923094,True
4009,1773653517.698337,1773654430.022170,1092,393,367.212869,15.523196,0.897168,True
4010,1773653517.698365,1773654337.485085,215,152,181.880292,22.073291,1.058325,True
4011,1773653517.698394,1773654333.648097,835,449,173.729936,11.616303,0.361861,True
4012,1773653517.698428,1773654625.609815,1054,509,756.744162,99.976450,1.292850,True
4013,1773653517.698455,1773654447.666833,999,386,400.791709,33.178336,0.954840,True
4014,1773653517.698483,1773654364.231052,203,189,233.898494,33.167125,1.067720,True
4015,1773653517.698511,1773654273.236885,1895,82,51.162608,12.761541,0.474087,True
4016,1773653517.698539,1773654444.119743,997,388,391.420210,27.125931,0.941329,True
4017,1773653517.698568,1773654330.500864,1035,389,164.097532,24.146863,0.360698,True
4018,1773653517.698596,1773654462.883880,1021,395,428.591690,38.883114,0.989108,True
4019,1773653517.698625,1773654333.672876,1130,382,169.463489,23.657827,0.382692,True
4020,1773653517.698653,1773654341.896293,237,14,185.818707,70.517277,8.869341,True
4021,1773653517.698684,1773654448.534809,1029,409,398.282528,21.621978,0.923188,True
4022,1773653517.698712,1773654452.644585,1155,396,406.373020,27.793921,0.958428,True
4023,1773653517.698743,1773654491.175508,1184,442,483.308587,27.731165,1.033055,True
4024,1773653517.698776,1773654466.821306,1140,404,434.576412,37.938413,0.984213,True
4025,1773653517.698804,1773654330.958807,1092,431,161.671089,12.933189,0.345902,True
4026,1773653517.698836,1773654603.717545,1162,405,707.039664,71.010657,1.574329,True
4027,1773653517.698864,1773654473.018024,1104,429,444.866977,31.604251,0.965567,True
4028,1773653517.698891,1773654487.121451,181,112,472.956129,86.238656,3.483941,True
4029,1773653517.698923,1773654339.411711,1057,394,177.007133,26.480313,0.383020,True
4030,1773653517.698971,1773654471.096743,1047,414,440.292099,36.520438,0.977655,True
4031,1773653517.699001,1773654304.768094,1912,69,106.252337,20.634738,1.259082,True
4032,1773653517.699030,1773654444.244454,1146,395,385.181449,21.659915,0.922643,True
4033,1773653517.699059,1773654554.192103,1314,206,604.883317,98.395490,2.470672,True
4034,1773653517.699087,1773654548.871806,1313,194,593.823277,84.915678,2.636827,True
4035,1773653517.699115,1773654276.702175,401,96,49.463369,11.086203,0.403970,True
4036,1773653517.699143,1773654346.468913,985,443,188.440073,14.595199,0.393314,True
4037,1773653517.699171,1773654544.309448,12,177,583.052815,97.364187,2.759594,True
4038,1773653517.699200,1773654411.242616,1886,53,316.715185,72.847977,4.689754,True
4039,1773653517.699229,1773654608.376067,1069,409,710.958286,85.234614,1.533636,True
4040,1773653517.699257,1773654540.331755,1318,165,574.655839,99.822014,2.895328,True
4041,1773653517.699286,1773654461.497701,1150,420,416.446065,22.873586,0.939314,True
4042,1773653517.699314,1773654455.557132,1147,394,404.168222,28.715636,0.955350,True
4043,1773653517.699343,1773654631.118970,1027,558,754.256751,86.126315,1.199516,True
4044,1773653517.699371,1773654454.212157,1009,403,400.214084,25.163595,0.932961,True
4045,1773653517.699399,1773654603.101390,1024,385,697.536540,85.783391,1.593107,True
4046,1773653517.699431,1773654486.206142,1071,396,463.702660,57.327513,1.028798,True
4047,1773653517.699459,1773654628.117147,1067,544,747.144683,71.188468,1.244855,True
4048,1773653517.699490,1773654347.070716,1020,409,184.948796,24.527718,0.393189,True
4049,1773653517.699519,1773654344.552626,1009,429,179.475693,13.570711,0.387628,True
4050,1773653517.699547,1773654479.532298,902,381,449.224070,57.684612,1.030367,True
4051,1773653517.699575,1773654488.406456,412,108,466.948824,99.991448,3.429508,True
4052,1773653517.699603,1773654383.175968,212,162,256.383935,60.093116,1.219198,True
4053,1773653517.699632,1773654368.368451,212,189,226.747232,32.475712,1.033359,True
4054,1773653517.699660,1773654338.586140,390,133,166.972653,24.169460,1.081842,True
4055,1773653517.699687,1773654456.373155,1136,397,402.523097,29.131047,0.942909,True
4056,1773653517.699715,1773654335.796998,1169,397,158.757406,14.368970,0.364617,True
4057,1773653517.699747,1773654610.062326,1021,409,707.203118,101.477093,1.484623,True
4058,1773653517.699778,1773654341.779372,1154,393,168.750019,23.335644,0.370955,True
4059,1773653517.699807,1773654338.341036,1083,404,161.516695,13.204820,0.368020,True
4060,1773653517.699835,1773654610.593253,1182,418,705.852272,84.858197,1.489194,True
4061,1773653517.699864,1773654608.585834,1188,407,701.166555,87.439401,1.511643,True
4062,1773653517.699891,1773654466.111624,1083,409,416.155457,25.382122,0.957778,True
4063,1773653517.699919,1773654492.056375,1162,396,467.940224,58.154972,1.037431,True
4064,1773653517.699967,1773654362.308517,320,18,208.370229,71.761744,8.035793,True
4065,1773653517.699997,1773654622.775553,1152,482,729.117128,99.721119,1.308516,True
4066,1773653517.700029,1773654280.460387,397,71,43.664546,14.171404,0.421331,True
4067,1773653517.700057,1773654354.653810,1080,433,191.332200,25.514682,0.383837,True
4068,1773653517.700086,1773654346.743198,407,141,175.345273,25.171933,1.072667,True
4069,1773653517.700194,1773654354.550808,209,162,190.099381,23.915104,1.032200,True
4070,1773653517.700226,1773654541.845044,127,184,564.001240,70.040545,2.699239,True
4071,1773653517.700257,1773654611.532600,1012,411,702.901974,103.519721,1.461908,True
4072,1773653517.700291,1773654609.864640,1146,402,699.544197,104.999393,1.482655,True
4073,1773653517.700322,1773654299.076638,378,80,76.864762,23.858458,0.670966,True
4074,1773653517.700352,1773654367.307118,194,174,213.009967,30.325683,1.055979,True
4075,1773653517.700384,1773654604.481079,1032,389,686.942918,84.432331,1.552862,True
4076,1773653517.700413,1773654279.259282,791,69,36.064509,11.572406,0.360178,True
4077,1773653517.700442,1773654498.464175,1011,395,474.224778,61.576006,1.047332,True
4078,1773653517.700472,1773654288.154460,181,120,53.562264,13.200545,0.339174,True
4079,1773653517.700500,1773654388.087837,206,162,253.363406,61.521357,1.191566,True
4080,1773653517.700531,1773654471.851577,1027,414,420.869433,26.892574,0.953939,True
4081,1773653517.700561,1773654608.506992,1227,419,693.970505,71.469906,1.489236,True
4082,1773653517.700590,1773654315.035639,379,67,105.796526,26.171307,1.206443,True
4083,1773653517.700618,1773654310.290189,1313,167,96.011789,22.218068,0.444540,True
4084,1773653517.700651,1773654335.786623,401,118,146.563475,20.910949,1.073953,True
4085,1773653517.700681,1773654481.827434,1158,103,438.055231,84.963773,3.461681,True
4086,1773653517.700712,1773654468.046265,1099,387,409.921751,31.879987,0.979383,True
4087,1773653517.700744,1773654383.983147,212,217,239.633590,26.961046,0.984595,True
4088,1773653517.700772,1773654304.976375,200,181,81.495941,10.345383,0.395281,True
4089,1773653517.700800,1773654641.226025,1098,661,753.788137,86.436690,1.011139,True
4090,1773653517.700832,1773654348.147022,1034,402,167.399621,10.126673,0.392202,True
4091,1773653517.700861,1773654606.821109,1011,411,684.538142,71.422988,1.495403,True
4092,1773653517.700888,1773654463.064272,1245,384,396.646524,28.388563,0.961509,True
4093,1773653517.700920,1773654353.567428,397,133,177.545308,30.170897,1.116473,True
4094,1773653517.700965,1773654461.681865,1029,396,393.519074,20.568816,0.944178,True
4095,1773653517.700995,1773654342.984114,1057,391,156.018030,19.527535,0.349976,True
4096,1773653517.701022,1773654606.095122,991,384,682.196421,101.644626,1.515801,True
4097,1773653517.701054,1773654605.152287,993,385,680.103296,90.532395,1.535341,True
4098,1773653517.701083,1773654609.664416,1054,399,689.104526,105.209800,1.467072,True
4099,1773653517.701112,1773654453.539463,1031,373,375.426845,24.136748,0.944328,True
4100,1773653517.701139,1773654356.556357,1042,418,181.251004,16.892327,0.394146,True
4101,1773653517.701168,1773654486.142785,1034,417,440.401560,35.416885,0.973521,True
4102,1773653517.701200,1773654300.381193,242,14,68.485602,26.991080,3.191886,True
4103,1773653517.701229,1773654492.125706,1055,445,451.019523,25.818781,0.957659,True
4104,1773653517.701257,1773654461.656998,420,80,389.330772,92.103153,3.762375,True
4105,1773653517.701285,1773654601.121256,1177,386,668.027188,68.867062,1.556260,True
4106,1773653517.701314,1773654617.389826,1068,444,700.542417,94.611320,1.367790,True
4107,1773653517.701341,1773654614.284152,1170,423,694.139589,103.107462,1.400550,True
4108,1773653517.701383,1773654358.770438,1034,431,182.839529,16.678587,0.386421,True
4109,1773653517.701413,1773654498.914748,1049,440,463.063851,35.551084,0.973833,True
4110,1773653517.701442,1773654345.345269,1064,394,155.468001,18.280596,0.349077,True
4111,1773653517.701477,1773654346.866886,1166,43,158.344958,62.458274,2.283016,True
4112,1773653517.701505,1773654336.683877,404,98,137.354932,24.429373,1.164181,True
4113,1773653517.701534,1773654348.095571,398,122,160.076154,26.554024,1.103489,True
4114,1773653517.701566,1773654294.857266,1708,42,52.366090,18.842150,0.817657,True
4115,1773653517.701597,1773654318.153846,1321,193,98.148089,18.674061,0.413927,True
4116,1773653517.701625,1773654539.210305,1117,559,539.205187,26.199138,0.919366,True
4117,1773653517.701654,1773654335.226062,242,14,131.083573,60.468389,5.431937,True
4118,1773653517.701683,1773654602.785589,1105,393,665.599108,65.989277,1.529617,True
4119,1773653517.701711,1773654320.942466,209,217,100.812918,17.218247,0.387012,True
4120,1773653517.701752,1773654464.935461,1086,383,388.716911,25.702898,0.950298,True
4121,1773653517.701786,1773654482.647466,1087,427,424.115965,25.691257,0.935269,True
4122,1773653517.701816,1773654574.789597,1107,636,608.173361,64.071035,0.856854,True
4123,1773653517.701846,1773654638.392706,1287,611,735.148120,106.614681,1.030383,True
4124,1773653517.701874,1773654609.464569,1095,390,677.082496,111.703817,1.453416,True
4125,1773653517.701902,1773654453.172274,399,71,364.475984,90.795049,3.909728,True
4126,1773653517.701931,1773654611.725718,1039,399,681.558964,114.610199,1.424494,True
4127,1773653517.701977,1773654568.452790,1317,243,594.597542,90.575771,2.082735,True
4128,1773653517.702007,1773654377.301854,206,191,211.562987,24.759939,0.983174,True
4129,1773653517.702039,1773654364.326173,1057,426,185.488171,17.636876,0.394944,True
4130,1773653517.702068,1773654514.156963,181,144,483.995519,65.437544,2.926979,True
4131,1773653517.702097,1773654383.486697,197,205,221.502078,23.072664,0.972693,True
4132,1773653517.702129,1773654303.374961,247,14,61.178018,23.494240,2.898752,True
4133,1773653517.702159,1773654665.759675,1145,907,785.160403,90.236540,0.767024,True
4134,1773653517.702187,1773654340.393348,1313,253,134.301575,19.017708,0.457476,True
4135,1773653517.702215,1773654479.732498,1000,395,412.665802,33.009992,0.963593,True
4136,1773653517.702244,1773654364.231043,409,156,181.424783,22.287873,1.026690,True
4137,1773653517.702273,1773654411.366575,1317,249,275.461674,35.442548,0.967819,True
4138,1773653517.702304,1773654479.774476,387,105,410.790597,63.218133,3.342043,True
4139,1773653517.702332,1773654313.170249,1034,33,77.121189,24.811441,1.634680,True
4140,1773653517.702361,1773654522.429720,1018,414,495.535888,61.949789,1.049845,True
4141,1773653517.702389,1773654519.617726,891,403,489.042032,65.197046,1.054341,True
4142,1773653517.702417,1773654299.076798,1287,58,47.849747,14.777494,0.580215,True
4143,1773653517.702449,1773654323.007971,203,217,95.691204,16.090023,0.368524,True
4144,1773653517.702479,1773654561.016560,200,217,571.348541,88.074214,2.237381,True
4145,1773653517.702507,1773654340.425539,1165,97,129.498150,21.608607,1.123849,True
4146,1773653517.702535,1773654520.543188,1037,404,489.604882,64.554083,1.054717,True
4147,1773653517.702567,1773654495.496587,1200,402,439.406307,39.803178,0.996517,True
4148,1773653517.702595,1773654622.531123,1067,494,693.309855,65.659589,1.273124,True
4149,1773653517.702623,1773654488.296436,413,99,424.608478,87.426008,3.440637,True
4150,1773653517.702652,1773654494.154231,181,94,436.113895,111.928461,3.485865,True
4151,1773653517.702683,1773654510.043031,1042,380,467.399016,65.202428,1.061205,True
4152,1773653517.702712,1773654481.548649,1277,373,410.036617,40.636665,0.993011,True
4153,1773653517.702740,1773654369.953343,993,413,186.494134,17.933760,0.409127,True
4154,1773653517.702771,1773654565.617714,1192,672,576.555537,22.081125,0.826340,True
4155,1773653517.702800,1773654604.843675,1184,398,654.897450,66.195810,1.482876,True
4156,1773653517.702831,1773654609.262140,1087,380,663.528479,115.388051,1.446281,True
4157,1773653517.702859,1773654604.174069,884,395,652.701740,65.767656,1.489680,True
4158,1773653517.702888,1773654494.290139,1208,397,432.471085,40.492200,0.989846,True
4159,1773653517.702916,1773654316.926464,167,162,77.701053,13.176476,0.400774,True
4160,1773653517.702960,1773654389.679009,1322,215,221.965205,22.557734,0.931811,True
4161,1773653517.702989,1773654604.625998,1068,396,651.312216,66.979561,1.479323,True
4162,1773653517.703018,1773654317.827584,11,115,77.117968,15.371487,0.541636,True
4163,1773653517.703047,1773654359.768899,950,84,160.833199,44.976255,1.395867,True
4164,1773653517.703076,1773654348.998836,894,381,138.776445,11.641543,0.334566,True
4165,1773653517.703107,1773654472.840353,1179,390,386.127215,23.044182,0.933375,True
4166,1773653517.703136,1773654356.813128,404,132,153.714415,19.464971,1.024805,True
4167,1773653517.703166,1773654611.911704,1221,391,663.843145,116.016586,1.404683,True
4168,1773653517.703199,1773654504.267020,1015,398,448.366072,46.304303,1.012750,True
4169,1773653517.703228,1773654361.356597,1025,388,161.784529,14.175680,0.381418,True
4170,1773653517.703257,1773654379.865366,1493,86,198.118869,64.328358,1.574006,True
4171,1773653517.703290,1773654364.544238,1024,466,167.180613,11.399101,0.335014,True
4172,1773653517.703319,1773654352.693887,1033,399,143.458007,12.977476,0.327841,True
4173,1773653517.703349,1773654476.739154,982,403,391.258667,18.310974,0.927731,True
4174,1773653517.703377,1773654481.413890,1031,414,400.119623,18.954996,0.922917,True
4175,1773653517.703408,1773654484.770040,1016,411,406.807280,22.883654,0.936399,True
4176,1773653517.703438,1773654522.655965,181,134,482.329084,81.925190,3.010556,True
4177,1773653517.703467,1773654312.011223,901,86,60.505529,14.191843,0.544867,True
4178,1773653517.703495,1773654612.411872,1016,414,660.831859,82.796339,1.399602,True
4179,1773653517.703524,1773654513.929800,1234,412,462.713719,46.388950,1.012956,True
4180,1773653517.703552,1773654498.285863,1018,426,431.176886,24.277324,0.957411,True
4181,1773653517.703580,1773654506.462678,1245,396,447.281840,47.137486,1.013024,True
4182,1773653517.703608,1773654327.658806,203,189,89.365347,12.974549,0.406334,True
4183,1773653517.703637,1773654482.647310,1092,416,398.318077,19.332739,0.913218,True
4184,1773653517.703669,1773654572.005291,1314,252,576.208234,82.524187,1.966869,True
4185,1773653517.703697,1773654601.121544,1078,380,633.983294,65.414793,1.500181,True
4186,1773653517.703726,1773654323.008131,194,211,76.716635,9.292674,0.321066,True
4187,1773653517.703754,1773654500.031281,1173,427,429.941404,23.082648,0.955068,True
4188,1773653517.703782,1773654484.769757,1021,401,399.396739,23.071750,0.940812,True
4189,1773653517.703810,1773654458.766032,401,87,347.033999,64.295902,3.287652,True
4190,1773653517.703839,1773654553.787666,200,191,536.846380,84.380855,2.381398,True
4191,1773653517.703868,1773654366.213718,1024,401,161.492230,12.712907,0.371948,True
4192,1773653517.703896,1773654555.750779,209,179,540.542685,110.528347,2.415811,True
4193,1773653517.703925,1773654366.213539,1070,401,160.640386,12.286910,0.370884,True
4194,1773653517.703970,1773654396.322020,206,164,220.417628,45.505174,1.073083,True
4195,1773653517.704000,1773654383.612281,181,132,194.977187,45.494371,1.141090,True
4196,1773653517.704031,1773654355.863228,1223,395,138.940789,9.863872,0.327606,True
4197,1773653517.704061,1773654446.195245,424,79,316.968663,61.840161,3.270878,True
4198,1773653517.704090,1773654614.700636,1065,444,653.973141,61.829843,1.336667,True
4199,1773653517.704119,1773654519.807574,1093,410,464.143058,47.418430,1.018887,True
4200,1773653517.704152,1773654309.762789,374,66,43.204249,11.659871,0.485298,True
4201,1773653517.704180,1773654361.805874,1095,404,146.229663,12.653044,0.331456,True
4202,1773653517.704209,1773654511.808969,1096,394,445.988004,47.664228,1.013547,True
4203,1773653517.704241,1773654391.105786,1314,138,203.585199,48.907375,1.129035,True
4204,1773653517.704270,1773654353.449529,181,102,128.042598,18.714622,1.082455,True
4205,1773653517.704298,1773654363.102246,1026,388,146.908311,10.172359,0.353323,True
4206,1773653517.704326,1773654607.959213,1158,390,636.280507,79.925980,1.430217,True
4207,1773653517.704355,1773654553.681073,1315,209,527.518094,62.297581,2.236637,True
4208,1773653517.704460,1773654364.544389,1045,394,149.077978,13.388524,0.345266,True
4209,1773653517.704491,1773654550.256814,215,162,520.458299,105.980226,2.574398,True
4210,1773653517.704524,1773654523.126592,1010,410,466.054048,48.121765,1.021839,True
4211,1773653517.704554,1773654382.106970,1316,186,182.637579,14.626538,0.908168,True
4212,1773653517.704583,1773654305.448672,91,24,28.943527,10.586684,0.798124,True
4213,1773653517.704611,1773654327.902544,200,181,73.124760,12.054360,0.339280,True
4214,1773653517.704640,1773654605.067314,1066,396,627.205376,60.754915,1.434052,True
4215,1773653517.704673,1773654458.991200,1212,56,334.564528,104.302829,4.186576,True
4216,1773653517.704706,1773654354.550817,372,78,125.465745,22.342374,1.339265,True
4217,1773653517.704735,1773654393.844377,212,217,202.651981,12.896544,0.878497,True
4218,1773653517.704766,1773654385.385269,1088,486,185.671330,9.014002,0.364242,True
4219,1773653517.704797,1773654377.281710,1078,401,169.110237,20.220831,0.372224,True
4220,1773653517.704826,1773654475.238802,408,97,364.464268,60.953002,3.161576,True
4221,1773653517.704855,1773654612.833122,1032,395,639.430809,105.249863,1.355789,True
4222,1773653517.704882,1773654413.698326,69,165,239.388726,51.129771,1.147920,True
4223,1773653517.704911,1773654423.183842,985,45,258.103988,75.614782,4.147482,True
4224,1773653517.704957,1773654366.060217,8,145,143.842102,11.275157,0.920604,True
4225,1773653517.704989,1773654620.817493,1148,459,653.331602,78.270708,1.255591,True
4226,1773653517.705017,1773654508.762400,1158,373,429.159470,46.848487,1.027718,True
4227,1773653517.705045,1773654556.485137,197,217,524.252560,59.599229,2.151173,True
4228,1773653517.705080,1773654376.405652,1016,407,163.084787,9.792801,0.377566,True
4229,1773653517.705109,1773654389.739202,994,436,189.379562,20.141118,0.389054,True
4230,1773653517.705138,1773654615.705635,1095,411,641.224180,103.274107,1.312073,True
4231,1773653517.705168,1773654488.376679,1061,410,386.544566,15.002198,0.908417,True
4232,1773653517.705196,1773654490.419997,1020,414,390.507056,14.939602,0.909364,True
4233,1773653517.705225,1773654505.189104,991,394,420.020966,32.155820,0.986934,True
4234,1773653517.705252,1773654323.308135,242,14,56.236436,21.359451,2.682845,True
4235,1773653517.705280,1773654327.659101,13,164,62.970308,8.482574,0.334281,True
4236,1773653517.705309,1773654420.485801,1314,249,247.395997,20.952344,0.913079,True
4237,1773653517.705340,1773654556.485293,212,217,519.122499,57.033307,2.139302,True
4238,1773653517.705378,1773654613.921562,1071,395,633.533243,106.550845,1.337519,True
4239,1773653517.705410,1773654517.213859,1017,421,438.579150,30.357770,0.971956,True
4240,1773653517.705438,1773654608.585842,1041,389,621.236835,76.333848,1.404389,True
4241,1773653517.705467,1773654523.754439,1037,428,451.554436,33.264331,0.979602,True
4242,1773653517.705494,1773654565.215996,1227,594,534.455222,35.153892,0.841992,True
4243,1773653517.705523,1773654516.616115,1076,378,437.234952,49.319943,1.028952,True
4244,1773653517.705551,1773654319.485016,409,99,42.307404,8.682147,0.343115,True
4245,1773653517.705580,1773654461.534581,393,88,326.053818,55.449905,3.110390,True
4246,1773653517.705607,1773654386.152073,896,434,174.128004,16.102930,0.364954,True
4247,1773653517.705636,1773654381.221697,1055,398,164.244714,17.606323,0.369366,True
4248,1773653517.705667,1773654610.397789,1110,396,622.349605,81.357959,1.369599,True
4249,1773653517.705695,1773654537.278610,194,161,475.673362,54.515182,2.632239,True
4250,1773653517.705724,1773654479.892315,433,83,360.690170,81.035204,3.410426,True
4251,1773653517.705752,1773654518.294869,1022,411,437.208471,34.403800,0.982450,True
4252,1773653517.705780,1773654607.252274,1147,402,614.954764,57.108898,1.391137,True
4253,1773653517.705807,1773654380.346132,1165,402,159.923836,6.629470,0.382280,True
4254,1773653517.705836,1773654346.003540,372,68,91.216071,17.344579,1.102560,True
4255,1773653517.705864,1773654521.615961,873,456,441.967937,18.610493,0.930456,True
4256,1773653517.705891,1773654425.703156,209,179,250.015147,49.628284,1.125769,True
4257,1773653517.705923,1773654391.300135,200,179,178.983126,17.433638,0.907581,True
4258,1773653517.705968,1773654508.343893,1047,430,413.048556,17.422701,0.922205,True
4259,1773653517.706004,1773654535.760410,1240,496,467.858802,19.176410,0.906429,True
4260,1773653517.706035,1773654419.087304,200,162,234.447132,49.287635,1.150059,True
4261,1773653517.706065,1773654386.151978,1038,408,167.970978,17.042605,0.370831,True
4262,1773653517.706093,1773654350.148510,1318,196,95.117686,10.697563,0.432924,True
4263,1773653517.706122,1773654629.393482,1086,540,652.964173,53.972461,1.111302,True
4264,1773653517.706151,1773654610.325320,1107,415,614.802745,56.074711,1.349585,True
4265,1773653517.706187,1773654503.468530,1000,411,400.182105,19.299537,0.928982,True
4266,1773653517.706216,1773654512.779709,988,395,417.951047,32.423297,0.978497,True
4267,1773653517.706245,1773654512.779861,1216,391,417.927139,34.698835,0.982637,True
4268,1773653517.706277,1773654533.396736,1014,413,458.810406,44.737241,1.005032,True
4269,1773653517.706306,1773654512.834774,1037,433,416.109879,17.897355,0.921788,True
4270,1773653517.706333,1773654353.186496,212,217,96.416061,9.751288,0.401226,True
4271,1773653517.706362,1773654611.669209,1145,402,613.067512,75.446022,1.340702,True
4272,1773653517.706390,1773654563.851062,200,217,517.410842,75.435368,2.046183,True
4273,1773653517.706419,1773654518.288697,9,138,426.095491,53.757326,2.717797,True
4274,1773653517.706446,1773654606.166343,1072,395,601.643047,55.482323,1.386195,True
4275,1773653517.706475,1773654521.377728,380,101,432.038778,98.349468,3.336893,True
4276,1773653517.706503,1773654394.772221,1090,395,178.789224,17.343009,0.409762,True
4277,1773653517.706531,1773654330.466620,181,119,50.033915,9.280191,0.345371,True
4278,1773653517.706562,1773654392.307140,1019,468,173.693033,9.268904,0.352086,True
4279,1773653517.706590,1773654583.312519,1192,646,554.650617,45.164100,0.789902,True
4280,1773653517.706618,1773654403.028882,212,162,192.973896,31.972214,1.000010,True
4281,1773653517.706648,1773654372.957299,375,122,131.817611,15.627926,0.960245,True
4282,1773653517.706679,1773654563.007570,1039,571,511.541706,31.985459,0.841327,True
4283,1773653517.706707,1773654537.472435,1131,419,460.086722,45.702238,0.991350,True
4284,1773653517.706738,1773654532.606376,1016,402,448.652010,44.717927,1.007317,True
4285,1773653517.706769,1773654406.710816,181,133,196.350239,44.596053,1.149653,True
4286,1773653517.706797,1773654393.904279,404,107,170.633653,44.410599,1.190784,True
4287,1773653517.706828,1773654545.794109,200,179,474.242466,52.156031,2.371272,True
4288,1773653517.706856,1773654386.391368,303,18,155.413607,52.145006,6.074624,True
4289,1773653517.706884,1773654541.844851,411,169,466.300857,52.134519,2.465276,True
4290,1773653517.706912,1773654613.743260,1008,394,609.695977,94.810380,1.310141,True
4291,1773653517.706959,1773654351.589785,1671,69,84.616952,14.943994,1.024602,True
4292,1773653517.706990,1773654412.754190,1110,527,205.968996,6.958115,0.378348,True
4293,1773653517.707017,1773654397.488876,1094,429,174.692020,13.023107,0.377731,True
4294,1773653517.707045,1773654434.568113,1089,621,248.539840,13.830502,0.378563,True
4295,1773653517.707072,1773654539.619271,1038,427,456.751225,42.573813,0.972247,True
4296,1773653517.707101,1773654622.871181,1028,468,622.055624,68.737507,1.184835,True
4297,1773653517.707130,1773654410.529088,1145,404,197.328011,21.736470,0.435711,True
4298,1773653517.707158,1773654335.650020,398,81,47.255557,11.143675,0.451399,True
4299,1773653517.707186,1773654358.969970,409,86,93.790978,12.150598,0.960475,True
4300,1773653517.707217,1773654526.886055,1102,386,429.392699,43.184397,1.003138,True
4301,1773653517.707248,1773654558.014611,215,217,491.624046,48.626456,2.050915,True
4302,1773653517.707277,1773654618.285059,1132,419,611.599154,92.961912,1.240759,True
4303,1773653517.707304,1773654611.669515,1094,402,597.334337,67.579513,1.321084,True
4304,1773653517.707332,1773654544.106226,1022,482,461.858312,28.473411,0.901008,True
4305,1773653517.707361,1773654354.811154,209,179,82.873650,9.791824,0.410572,True
4306,1773653517.707388,1773654374.968492,209,223,123.167699,20.216772,0.463743,True
4307,1773653517.707416,1773654428.375425,1314,204,229.092498,30.102844,0.980245,True
4308,1773653517.707444,1773654608.089075,1039,401,587.664138,49.640634,1.345059,True
4309,1773653517.707476,1773654551.628262,27,195,474.513698,49.526634,2.190655,True
4310,1773653517.707503,1773654554.192117,209,163,479.620635,96.377677,2.365697,True
4311,1773653517.707531,1773654528.921441,1003,390,428.235001,40.570022,0.996568,True
4312,1773653517.707562,1773654392.184788,933,104,154.636916,38.131462,1.131121,True
4313,1773653517.707597,1773654543.997323,1071,445,457.900450,39.122720,0.943193,True
4314,1773653517.707625,1773654393.876726,1014,407,156.553295,9.331566,0.362615,True
4315,1773653517.707654,1773654369.512191,194,177,107.741095,17.960266,0.510118,True
4316,1773653517.707685,1773654423.953117,1315,141,216.559604,47.992412,1.204051,True
4317,1773653517.707714,1773654364.291056,381,99,96.963540,8.416117,0.903545,True
4318,1773653517.707748,1773654613.869589,1016,411,595.676362,69.196876,1.284096,True
4319,1773653517.707775,1773654602.315333,1006,375,572.335107,49.231471,1.398673,True
4320,1773653517.707803,1773654636.569041,1053,606,640.657635,51.876819,0.973191,True
4321,1773653517.707831,1773654508.553583,396,120,384.604023,51.866209,2.796116,True
4322,1773653517.707858,1773654637.194102,1003,575,641.864570,94.497561,0.953601,True
4323,1773653517.707886,1773654531.678906,1009,394,430.112662,40.058944,0.992503,True
4324,1773653517.707914,1773654498.862958,1068,396,364.080542,8.795647,0.899455,True
4325,1773653517.707957,1773654407.496234,1115,388,181.135745,18.886877,0.419248,True
4326,1773653517.707985,1773654325.950904,242,14,16.228918,7.094813,0.702623,True
4327,1773653517.708017,1773654570.352894,1070,548,504.575872,43.642828,0.842656,True
4328,1773653517.708046,1773654409.150696,1158,388,181.978203,17.653526,0.424612,True
4329,1773653517.708074,1773654510.535517,1045,410,384.578692,12.577273,0.909539,True
4330,1773653517.708102,1773654402.303734,203,183,168.094397,12.566708,0.854548,True
4331,1773653517.708131,1773654541.501451,169,164,445.762118,49.497793,2.431069,True
4332,1773653517.708158,1773654342.089286,1775,56,45.202359,9.814458,0.643416,True
4333,1773653517.708186,1773654484.981489,1327,82,330.690710,67.433623,3.250087,True
4334,1773653517.708213,1773654537.983258,1317,154,436.466096,48.366967,2.536596,True
4335,1773653517.708242,1773654623.330113,881,448,606.966827,90.912656,1.154484,True
4336,1773653517.708273,1773654352.154854,407,79,63.724503,13.206319,0.647669,True
4337,1773653517.708302,1773654535.760419,989,471,430.537749,12.232644,0.890011,True
4338,1773653517.708329,1773654375.206022,1304,190,108.517384,19.716904,0.469844,True
4339,1773653517.708357,1773654375.375062,203,217,107.585241,11.916693,0.442910,True
4340,1773653517.708386,1773654437.516456,1138,501,231.696845,21.245025,0.420904,True
4341,1773653517.708417,1773654565.300751,203,217,487.244187,65.390179,1.953028,True
4342,1773653517.708447,1773654515.030870,1078,395,386.538685,19.114936,0.932548,True
4343,1773653517.708475,1773654408.383110,1314,153,173.220742,25.819903,0.969742,True
4344,1773653517.708507,1773654539.145802,913,402,434.515164,41.777086,0.979397,True
4345,1773653517.708538,1773654514.393396,417,92,383.554384,88.143528,3.246273,True
4346,1773653517.708566,1773654419.101208,1027,401,192.184613,21.981860,0.425507,True
4347,1773653517.708670,1773654425.038851,942,428,204.038956,21.971500,0.426387,True
4348,1773653517.708702,1773654525.741596,1052,397,404.863154,25.241762,0.958640,True
4349,1773653517.708732,1773654552.505958,1060,499,458.367475,26.856665,0.866488,True
4350,1773653517.708762,1773654581.615337,1152,598,516.483424,44.239734,0.791028,True
4351,1773653517.708791,1773654560.420360,435,200,473.940133,66.549774,2.047188,True
4352,1773653517.708820,1773654604.625812,1044,383,562.330631,47.982836,1.346460,True
4353,1773653517.708849,1773654519.949196,407,115,392.769531,66.435049,2.862583,True
4354,1773653517.708878,1773654608.089067,1035,398,569.027595,47.868285,1.312744,True
4355,1773653517.708907,1773654611.858720,1073,397,576.545129,66.413589,1.288211,True
4356,1773653517.708952,1773654617.780351,1130,413,588.219719,87.088737,1.216337,True
4357,1773653517.708983,1773654352.709573,393,86,57.975844,9.776959,0.567046,True
4358,1773653517.709013,1773654549.337539,1005,483,448.756809,24.282369,0.880652,True
4359,1773653517.709042,1773654357.859595,341,18,65.674484,25.156248,2.383426,True
4360,1773653517.709069,1773654363.015264,397,92,75.215362,21.444333,0.590890,True
4361,1773653517.709104,1773654416.621058,404,92,181.354380,49.480395,1.449165,True
4362,1773653517.709137,1773654405.778474,1045,416,159.647308,8.730721,0.363654,True
4363,1773653517.709166,1773654404.469467,58,138,155.738384,23.578280,0.964672,True
4364,1773653517.709195,1773654374.705010,1165,49,95.854504,28.740597,1.398206,True
4365,1773653517.709223,1773654533.521043,1037,414,413.378235,25.211741,0.939870,True
4366,1773653517.709252,1773654407.226314,1058,402,159.848997,10.479178,0.372493,True
4367,1773653517.709280,1773654535.630836,1001,388,416.176123,36.122295,0.982051,True
4368,1773653517.709308,1773654340.074631,242,14,24.812127,10.113387,1.130672,True
4369,1773653517.709337,1773654346.072039,386,31,36.786582,10.102537,0.889468,True
4370,1773653517.709380,1773654424.669447,191,165,193.662705,27.680520,1.012086,True
4371,1773653517.709411,1773654384.273148,194,211,112.718132,18.938751,0.446568,True
4372,1773653517.709443,1773654607.959206,1031,378,559.938041,62.010412,1.320763,True
4373,1773653517.709471,1773654671.976786,1070,939,687.956250,87.749065,0.639880,True
4374,1773653517.709500,1773654612.526505,1016,420,568.866561,43.349552,1.254217,True
4375,1773653517.709528,1773654468.380860,439,66,280.549124,63.854938,3.333757,True
4376,1773653517.709561,1773654618.610541,1098,412,580.826833,89.958873,1.194326,True
4377,1773653517.709589,1773654453.671366,206,165,250.512448,47.008919,1.240875,True
4378,1773653517.709618,1773654538.910745,986,387,418.855824,39.743321,0.982157,True
4379,1773653517.709647,1773654430.214421,910,87,201.292042,60.793659,1.633702,True
4380,1773653517.709675,1773654617.948903,1054,408,575.888898,88.151453,1.198372,True
4381,1773653517.709703,1773654531.239401,42,144,402.237112,41.322187,2.523881,True
4382,1773653517.709732,1773654610.005349,1072,382,559.746967,66.617449,1.294303,True
4383,1773653517.709760,1773654561.396479,203,179,462.339439,88.662150,2.099311,True
4384,1773653517.709788,1773654537.594410,1151,407,414.610954,30.657987,0.945697,True
4385,1773653517.709817,1773654340.074330,247,14,19.191210,7.302774,0.914495,True
4386,1773653517.709845,1773654377.984833,1862,52,94.991086,27.051514,1.332148,True
4387,1773653517.709874,1773654358.161144,788,52,55.298551,16.340407,0.763885,True
4388,1773653517.709902,1773654401.160526,1082,363,140.385060,8.618500,0.363996,True
4389,1773653517.709930,1773654555.467980,1028,396,448.176672,60.293943,0.981982,True
4390,1773653517.709982,1773654427.778055,1086,426,191.337580,16.521989,0.411331,True
4391,1773653517.710012,1773654535.504430,1027,392,406.377053,32.747900,0.955573,True
4392,1773653517.710040,1773654541.316153,1077,413,417.645763,32.185943,0.935582,True
4393,1773653517.710068,1773654610.325168,1012,403,554.184694,43.608127,1.270091,True
4394,1773653517.710097,1773654621.911756,1095,429,577.337296,87.403891,1.144704,True
4395,1773653517.710126,1773654549.519091,21,160,432.339033,63.399624,2.320374,True
4396,1773653517.710154,1773654608.919334,1055,396,551.116576,43.479945,1.285156,True
4397,1773653517.710182,1773654632.227307,1004,534,597.538976,65.953814,0.997346,True
4398,1773653517.710214,1773654516.631176,371,85,366.323170,87.178287,3.323153,True
4399,1773653517.710245,1773654549.788110,1163,432,432.268385,38.272428,0.914144,True
4400,1773653517.710275,1773654375.375229,200,193,83.418988,5.920901,0.403636,True
4401,1773653517.710304,1773654366.339220,509,95,65.324739,14.953787,0.535861,True
4402,1773653517.710332,1773654446.602551,215,175,224.621005,34.933625,1.090157,True
4403,1773653517.710361,1773654448.342993,181,121,227.747633,57.204325,1.421194,True
4404,1773653517.710394,1773654441.615061,206,162,212.770148,33.995768,1.110400,True
4405,1773653517.710423,1773654409.378550,1218,390,147.440987,5.952816,0.363723,True
4406,1773653517.710454,1773654587.887520,1086,630,504.190129,36.845413,0.742996,True
4407,1773653517.710483,1773654404.148651,1160,373,136.689411,8.347318,0.345006,True
4408,1773653517.710513,1773654535.379812,1024,373,398.921084,33.306924,0.982834,True
4409,1773653517.710546,1773654374.642519,242,14,77.339437,33.253568,3.391221,True
4410,1773653517.710576,1773654494.290147,206,217,316.613796,55.690068,1.207980,True
4411,1773653517.710604,1773654450.124571,1314,175,226.857329,38.547610,1.082240,True
4412,1773653517.710633,1773654397.003567,242,14,119.747643,39.712409,6.156556,True
4413,1773653517.710662,1773654618.237574,1063,426,562.007515,62.178288,1.176069,True
4414,1773653517.710690,1773654462.445127,181,201,250.275605,31.919061,1.091783,True
4415,1773653517.710719,1773654618.118348,1033,397,561.557937,89.482716,1.192109,True
4416,1773653517.710747,1773654540.375407,1054,373,406.011236,41.806304,0.979046,True
4417,1773653517.710778,1773654403.765627,399,103,132.663461,27.629660,1.029743,True
4418,1773653517.710807,1773654563.925699,1160,434,452.858743,55.656215,0.917327,True
4419,1773653517.710835,1773654418.808372,1011,384,161.469335,11.975296,0.390324,True
4420,1773653517.710866,1773654414.412342,1006,414,152.136904,5.807108,0.354309,True
4421,1773653517.710894,1773654413.821474,389,126,150.459131,26.471961,0.991897,True
4422,1773653517.710922,1773654423.054580,397,103,168.549979,40.396701,1.256405,True
4423,1773653517.710966,1773654555.126929,409,148,432.538824,87.964828,2.344041,True
4424,1773653517.710994,1773654603.717798,1012,373,529.491869,37.869780,1.321565,True
4425,1773653517.711023,1773654551.103162,19,164,424.242410,60.429505,2.231981,True
4426,1773653517.711065,1773654535.593823,409,93,393.037388,91.506889,3.277505,True
4427,1773653517.711093,1773654368.615382,419,97,58.399640,12.020705,0.483114,True
4428,1773653517.711123,1773654541.025595,1062,394,403.199323,31.134370,0.946730,True
4429,1773653517.711150,1773654544.050691,1018,407,409.226252,31.122774,0.931289,True
4430,1773653517.711179,1773654356.192285,382,88,32.231797,5.832992,0.303435,True
4431,1773653517.711207,1773654408.753615,1074,377,137.331918,5.821720,0.349761,True
4432,1773653517.711234,1773654371.186164,1314,149,61.575745,7.350974,0.366384,True
4433,1773653517.711262,1773654545.544131,1066,429,410.226768,26.378091,0.896843,True
4434,1773653517.711290,1773654478.573145,209,181,276.137349,52.648630,1.241604,True
4435,1773653517.711322,1773654417.640081,409,93,153.057070,38.064680,1.249917,True
4436,1773653517.711348,1773654542.194540,1192,396,402.037595,30.628682,0.940276,True
4437,1773653517.711379,1773654611.858626,1032,388,540.387994,59.245092,1.243263,True
4438,1773653517.711407,1773654542.077011,1038,392,400.700630,33.626572,0.938808,True
4439,1773653517.711438,1773654360.463337,374,61,37.348170,9.646999,0.461686,True
4440,1773653517.711466,1773654641.193489,1095,649,598.582967,40.190659,0.861717,True
4441,1773653517.711494,1773654608.507262,1040,393,533.186476,40.179739,1.257670,True
4442,1773653517.711522,1773654442.653607,1024,576,201.106578,7.098090,0.337406,True
4443,1773653517.711550,1773654614.463167,1027,374,543.591609,87.914681,1.221654,True
4444,1773653517.711581,1773654426.316273,1012,394,166.658029,11.265610,0.395401,True
4445,1773653517.711610,1773654383.486519,237,14,80.166699,35.774698,3.414769,True
4446,1773653517.711641,1773654559.820612,1314,185,432.199506,61.440080,2.014997,True
4447,1773653517.711669,1773654560.716748,206,187,433.969092,63.785580,1.990234,True
4448,1773653517.711697,1773654611.404912,987,407,534.257028,37.816790,1.222759,True
4449,1773653517.711726,1773654408.507658,388,91,128.024772,28.910923,1.101265,True
4450,1773653517.711755,1773654448.096681,1180,596,207.074958,6.873650,0.336473,True
4451,1773653517.711782,1773654384.431576,181,181,78.160091,8.901442,0.384770,True
4452,1773653517.711811,1773654576.402331,212,217,461.663206,85.012022,1.743755,True
4453,1773653517.711843,1773654440.621132,379,98,190.080611,48.566166,1.458912,True
4454,1773653517.711874,1773654547.596925,1065,411,403.180526,31.038987,0.907662,True
4455,1773653517.711905,1773654378.227341,163,161,64.292504,5.351683,0.368380,True
4456,1773653517.711946,1773654618.402158,957,420,544.620921,61.426018,1.153210,True
4457,1773653517.711982,1773654423.242770,1176,391,153.537703,11.211434,0.364939,True
4458,1773653517.712012,1773654477.885115,1353,224,262.266228,31.797474,1.033492,True
4459,1773653517.712041,1773654548.610451,1021,421,403.485660,26.538257,0.897494,True
4460,1773653517.712068,1773654431.812640,381,128,169.619874,31.546093,1.087195,True
4461,1773653517.712096,1773654362.931823,382,59,31.708608,7.175185,0.422990,True
4462,1773653517.712126,1773654611.786107,1051,408,528.875597,36.986348,1.208573,True
4463,1773653517.712152,1773654471.006363,375,77,247.290920,36.975163,2.767313,True
4464,1773653517.712181,1773654618.285048,1018,396,540.779056,82.686486,1.159728,True
4465,1773653517.712209,1773654552.282183,1028,419,408.354628,34.444516,0.894522,True
4466,1773653517.712238,1773654425.346812,1053,385,154.396002,11.695884,0.371615,True
4467,1773653517.712266,1773654440.675110,1313,133,184.906364,32.299644,1.156112,True
4468,1773653517.712295,1773654465.123162,200,179,232.623686,33.518422,1.118569,True
4469,1773653517.712323,1773654369.512092,377,82,41.021484,6.289397,0.428791,True
4470,1773653517.712355,1773654561.617163,1107,455,424.112223,35.116598,0.856819,True
4471,1773653517.712384,1773654560.201599,1053,411,421.151710,45.709348,0.915713,True
4472,1773653517.712415,1773654623.972584,1145,456,548.605467,57.847580,1.078589,True
4473,1773653517.712448,1773654427.025205,401,105,154.564850,32.587144,1.172863,True
4474,1773653517.712477,1773654431.020886,1165,417,161.728379,12.373626,0.359026,True
4475,1773653517.712504,1773654444.621307,894,57,188.695781,34.061372,2.761329,True
4476,1773653517.712533,1773654547.463174,1314,167,394.357207,37.574559,2.149293,True
4477,1773653517.712561,1773654553.749764,995,375,406.329041,47.222242,0.960179,True
4478,1773653517.712588,1773654363.456619,242,56,25.613891,4.640599,0.381333,True
4479,1773653517.712617,1773654623.741705,1035,428,545.670413,82.366945,1.085020,True
4480,1773653517.712645,1773654547.144753,940,384,391.099409,35.380357,0.928770,True
4481,1773653517.712673,1773654445.190867,181,100,186.134110,45.683531,1.418693,True
4482,1773653517.712700,1773654426.964576,397,105,149.660502,28.387151,1.166090,True
4483,1773653517.712732,1773654437.535546,1171,428,170.738938,12.086719,0.371551,True
4484,1773653517.712762,1773654449.996890,414,110,195.640650,45.630614,1.376239,True
4485,1773653517.712790,1773654372.015722,999,95,38.639241,4.679909,0.361269,True
4486,1773653517.712896,1773654430.354617,1139,399,155.273924,12.780105,0.358025,True
4487,1773653517.712927,1773654545.794119,209,162,385.675059,34.902942,2.178709,True
4488,1773653517.712978,1773654395.160624,1320,158,83.926127,16.318718,0.430620,True
4489,1773653517.713012,1773654551.784340,1010,410,396.778813,30.516300,0.895507,True
4490,1773653517.713042,1773654547.714865,1099,396,388.512690,27.775128,0.913260,True
4491,1773653517.713072,1773654560.628141,1163,402,414.109689,46.204372,0.917470,True
4492,1773653517.713101,1773654419.203536,375,69,129.408650,31.839292,1.434843,True
4493,1773653517.713129,1773654627.112468,1115,451,545.142252,81.253153,1.030865,True
4494,1773653517.713161,1773654399.187791,310,18,89.271778,31.786295,3.381499,True
4495,1773653517.713190,1773654558.603683,1038,399,408.082936,44.199931,0.914279,True
4496,1773653517.713218,1773654548.162026,1021,375,387.177824,34.234357,0.943699,True
4497,1773653517.713246,1773654373.610864,567,104,37.904289,2.717021,0.341624,True
4498,1773653517.713279,1773654479.892472,384,63,250.257132,52.754664,3.185524,True
4499,1773653517.713309,1773654398.225133,1314,176,86.822123,14.702212,0.412114,True
4500,1773653517.713360,1773654508.553416,396,104,306.957435,36.785982,2.623024,True
4501,1773653517.713393,1773654408.373316,237,14,106.574841,36.775578,5.369174,True
4502,1773653517.713423,1773654573.749282,1315,197,435.943201,86.547640,1.782630,True
4503,1773653517.713456,1773654398.775783,197,217,85.808878,1.706492,0.389363,True
4504,1773653517.713484,1773654555.468260,1028,375,398.634770,45.395851,0.944489,True
4505,1773653517.713525,1773654433.591618,1004,402,154.797246,13.323303,0.352803,True
4506,1773653517.713554,1773654383.798033,396,80,54.461278,14.460268,0.506342,True
4507,1773653517.713586,1773654459.220319,181,122,204.811669,42.588572,1.340687,True
4508,1773653517.713615,1773654484.835067,194,217,253.943063,29.111796,1.040885,True
4509,1773653517.713643,1773654616.455745,1143,427,516.758375,33.783614,1.133744,True
4510,1773653517.713672,1773654397.589908,191,194,78.837270,0.289230,0.406985,True
4511,1773653517.713703,1773654544.872246,54,139,373.381216,49.335700,2.348156,True
4512,1773653517.713732,1773654373.430201,120,12,29.313261,12.254518,1.550795,True
4513,1773653517.713760,1773654484.835164,209,217,251.706764,27.994380,1.035705,True
4514,1773653517.713789,1773654438.509341,755,104,158.827744,29.711823,1.253553,True
4515,1773653517.713820,1773654610.713037,1002,395,502.980778,34.287125,1.189578,True
4516,1773653517.713851,1773654543.857500,394,132,369.020312,53.568284,2.408031,True
4517,1773653517.713879,1773654548.110924,203,165,377.505163,34.152266,2.093615,True
4518,1773653517.713908,1773654620.817120,1104,429,522.728778,56.093758,1.090269,True
4519,1773653517.713952,1773654618.118635,1001,384,517.310064,82.862331,1.134328,True
4520,1773653517.713984,1773654478.948469,169,163,238.346284,41.771355,1.213425,True
4521,1773653517.714012,1773654562.240735,1029,443,403.579874,29.806966,0.845640,True
4522,1773653517.714045,1773654378.734725,400,99,36.523282,0.495548,0.367630,True
4523,1773653517.714075,1773654447.046528,397,89,171.568009,43.513627,1.455163,True
4524,1773653517.714104,1773654384.273238,394,86,45.811526,9.660240,0.425309,True
4525,1773653517.714135,1773654432.728925,945,375,141.828736,0.948782,0.376684,True
4526,1773653517.714164,1773654469.925341,1312,138,216.156693,40.924232,1.279069,True
4527,1773653517.714193,1773654432.914053,431,86,141.777012,29.150991,1.325012,True
4528,1773653517.714222,1773654568.311647,1103,460,412.550189,30.674017,0.831974,True
4529,1773653517.714251,1773654616.178557,1013,402,508.179984,53.457102,1.133972,True
4530,1773653517.714279,1773654463.105991,385,64,201.805816,31.307644,2.706320,True
4531,1773653517.714308,1773654639.362848,1050,566,554.094960,82.015109,0.835540,True
4532,1773653517.714337,1773654374.490756,370,68,23.113597,0.439223,0.338423,True
4533,1773653517.714367,1773654439.779312,975,407,153.522254,1.357316,0.374790,True
4534,1773653517.714397,1773654419.832116,181,285,113.437537,7.914404,0.371560,True
4535,1773653517.714426,1773654404.311448,200,217,81.697240,1.299429,0.372212,True
4536,1773653517.714457,1773654615.831275,981,400,503.577120,51.503423,1.133017,True
4537,1773653517.714485,1773654617.322959,1029,429,506.354558,32.397614,1.107376,True
4538,1773653517.714514,1773654481.165550,212,162,233.849995,39.213255,1.208924,True
4539,1773653517.714543,1773654464.684088,419,159,200.866760,26.007373,1.106705,True
4540,1773653517.714576,1773654621.617484,1065,402,514.713537,81.439895,1.080483,True
4541,1773653517.714604,1773654594.076661,937,569,459.567181,49.208640,0.722462,True
4542,1773653517.714635,1773654562.853586,994,433,397.100313,30.919213,0.847641,True
4543,1773653517.714664,1773654464.093178,1013,554,199.515892,8.360032,0.345671,True
4544,1773653517.714693,1773654383.953429,404,113,38.802347,1.535762,0.332737,True
4545,1773653517.714721,1773654380.357757,851,89,31.590212,1.525351,0.341646,True
4546,1773653517.714750,1773654621.572893,1119,432,512.124987,51.817309,1.067999,True
4547,1773653517.714778,1773654504.904561,399,98,278.560372,30.919795,2.552996,True
4548,1773653517.714806,1773654609.324656,1042,386,487.172371,30.804549,1.185371,True
4549,1773653517.714834,1773654623.191367,1179,411,514.882522,81.980832,1.055858,True
4550,1773653517.714864,1773654467.730801,215,152,203.334190,29.159699,1.153473,True
4551,1773653517.714892,1773654400.570637,200,179,68.695908,6.472388,0.349570,True
4552,1773653517.714920,1773654390.140817,398,138,47.814310,6.461265,0.301847,True
4553,1773653517.714964,1773654460.532137,398,134,188.427629,28.904593,1.199421,True
4554,1773653517.714998,1773654440.854518,1030,403,149.008494,1.094482,0.367945,True
4555,1773653517.715028,1773654420.358420,413,61,106.825730,25.765261,1.351008,True
4556,1773653517.715061,1773654564.124441,1120,406,393.982635,38.754403,0.877107,True
4557,1773653517.715089,1773654561.195071,1014,402,387.771606,36.900985,0.874989,True
4558,1773653517.715120,1773654563.413594,1059,388,391.322976,47.631447,0.888092,True
4559,1773653517.715150,1773654470.909983,200,162,205.458954,24.530607,1.123779,True
4560,1773653517.715178,1773654474.640308,200,162,212.896931,28.175646,1.147337,True
4561,1773653517.715206,1773654573.940557,165,223,411.371181,50.823099,1.624090,True
4562,1773653517.715235,1773654622.728517,1073,429,508.926916,56.745560,1.056498,True
4563,1773653517.715264,1773654562.090090,1074,394,387.439458,37.516991,0.890388,True
4564,1773653517.715292,1773654614.344405,998,411,491.925945,30.469321,1.125504,True
4565,1773653517.715321,1773654619.149478,1046,439,501.348385,30.375733,1.075280,True
4566,1773653517.715349,1773654514.934589,1344,56,292.895929,82.266636,3.829624,True
4567,1773653517.715381,1773654394.772230,402,122,52.305598,0.473218,0.428367,True
4568,1773653517.715413,1773654393.478143,877,105,47.911146,0.921679,0.451822,True
4569,1773653517.715441,1773654384.431838,1543,46,29.796350,7.191114,0.502339,True
4570,1773653517.715476,1773654474.640299,69,162,209.800512,26.626947,1.137724,True
4571,1773653517.715505,1773654435.530008,1068,388,131.147653,5.171614,0.325519,True
4572,1773653517.715534,1773654387.102112,372,83,31.812435,3.932011,0.340005,True
4573,1773653517.715565,1773654493.651417,209,162,244.679875,44.072127,1.246011,True
4574,1773653517.715595,1773654565.166801,1103,427,387.583620,27.740552,0.844702,True
4575,1773653517.715624,1773654619.051799,1300,405,494.938417,54.883095,1.089246,True
4576,1773653517.715653,1773654450.824688,1039,395,157.611705,6.634120,0.383192,True
4577,1773653517.715681,1773654564.021154,1082,388,383.675611,45.200779,0.874612,True
4578,1773653517.715709,1773654559.409504,1108,396,373.125762,27.958308,0.873842,True
4579,1773653517.715743,1773654434.872537,382,58,123.817334,35.646924,1.546849,True
4580,1773653517.715772,1773654614.877624,1094,411,483.027547,28.100670,1.109578,True
4581,1773653517.715800,1773654386.879821,390,77,26.885661,2.641290,0.319005,True
4582,1773653517.715829,1773654617.901318,1050,397,488.840245,55.182313,1.095096,True
4583,1773653517.715858,1773654404.612990,401,141,61.992158,5.035876,0.406831,True
4584,1773653517.715885,1773654475.226094,402,123,202.988025,43.651997,1.306033,True
4585,1773653517.715914,1773654378.545146,331,18,9.582312,2.324185,0.426949,True
4586,1773653517.715956,1773654579.841389,206,211,412.022331,78.242454,1.589428,True
4587,1773653517.715987,1773654468.553791,1062,522,188.115793,5.302924,0.350888,True
4588,1773653517.716018,1773654612.708911,1104,396,476.298652,30.333284,1.129026,True
4589,1773653517.716048,1773654500.262429,403,88,251.383112,30.322446,2.540927,True
4590,1773653517.716080,1773654570.442826,1083,420,391.596554,43.623013,0.830486,True
4591,1773653517.716107,1773654479.532144,218,167,209.645664,26.096817,1.105716,True
4592,1773653517.716136,1773654583.769315,1004,501,417.995348,40.194779,0.755601,True
4593,1773653517.716164,1773654625.865632,1011,429,502.142450,77.277579,0.992675,True
4594,1773653517.716193,1773654456.436784,1407,92,163.196488,37.505094,1.381224,True
4595,1773653517.716221,1773654401.622213,394,95,53.299254,6.163368,0.501446,True
4596,1773653517.716250,1773654397.101462,382,58,43.783185,5.925940,0.664162,True
4597,1773653517.716285,1773654441.609165,1088,400,132.464129,2.113695,0.326693,True
4598,1773653517.716317,1773654389.925527,438,99,29.074610,3.609966,0.259843,True
4599,1773653517.716346,1773654390.352376,901,74,27.877161,5.257202,0.309862,True
4600,1773653517.716377,1773654591.524802,995,551,429.831542,38.357539,0.711771,True
4601,1773653517.716406,1773654453.471813,432,104,153.451813,24.059383,1.256237,True
4602,1773653517.716439,1773654534.802126,388,95,315.634223,51.689269,2.807925,True
4603,1773653517.716469,1773654529.490342,393,89,305.007743,51.678235,2.878744,True
4604,1773653517.716497,1773654575.494863,212,217,396.998295,51.667721,1.598753,True
4605,1773653517.716526,1773654454.737248,937,415,154.899060,4.828823,0.362488,True
4606,1773653517.716554,1773654458.385573,398,89,162.150117,37.656939,1.414695,True
4607,1773653517.716582,1773654635.325338,1002,565,515.471406,30.418555,0.860023,True
4608,1773653517.716613,1773654615.586782,1004,407,475.972027,35.221740,1.085592,True
4609,1773653517.716642,1773654550.051931,1318,157,344.879140,35.210608,1.985055,True
4610,1773653517.716671,1773654567.050657,1093,399,378.502730,41.685618,0.846274,True
4611,1773653517.716699,1773654468.673721,420,104,181.375929,40.281816,1.369846,True
4612,1773653517.716727,1773654449.662369,989,388,142.859853,8.170521,0.348034,True
4613,1773653517.716756,1773654466.911777,1026,418,176.721117,13.607960,0.391159,True
4614,1773653517.716784,1773654415.774996,1314,155,74.072502,7.331036,0.433386,True
4615,1773653517.716812,1773654568.502347,1190,440,377.255952,21.799170,0.809697,True
4616,1773653517.716841,1773654413.940795,393,108,67.175547,11.805840,0.517474,True
4617,1773653517.716869,1773654404.391438,396,100,48.054686,5.706184,0.427763,True
4618,1773653517.716897,1773654572.919561,1315,186,384.427355,73.479775,1.680798,True
4619,1773653517.716925,1773654555.952146,1021,375,350.322506,22.614278,0.876225,True
4620,1773653517.716969,1773654473.028664,1043,531,183.591193,8.343127,0.330657,True
4621,1773653517.717005,1773654450.124565,1491,66,136.153858,39.315623,1.489819,True
4622,1773653517.717035,1773654567.050816,1002,395,369.877139,39.362462,0.838870,True
4623,1773653517.717063,1773654619.652708,1023,429,473.769091,31.156367,1.034142,True
4624,1773653517.717095,1773654614.523363,1091,397,463.488589,35.583856,1.080568,True
4625,1773653517.717204,1773654568.692441,1135,430,371.028929,23.274360,0.810617,True
4626,1773653517.717240,1773654497.162337,1312,156,227.341028,39.056205,1.214741,True
4627,1773653517.717269,1773654475.226369,436,114,183.444887,39.044730,1.277877,True
4628,1773653517.717299,1773654478.948741,21,139,190.658968,28.724947,1.173435,True
4629,1773653517.717328,1773654426.983729,215,212,86.349276,8.349971,0.369665,True
4630,1773653517.717367,1773654461.152885,1080,427,154.377089,5.611387,0.349215,True
4631,1773653517.717397,1773654575.235543,1093,427,382.499357,42.592718,0.797903,True
4632,1773653517.717427,1773654567.632103,1006,384,366.789271,43.423707,0.844297,True
4633,1773653517.717457,1773654417.243632,165,159,65.926366,5.295739,0.383738,True
4634,1773653517.717487,1773654458.749377,1127,396,148.917721,9.148833,0.353845,True
4635,1773653517.717515,1773654429.993627,1312,230,91.115834,5.140158,0.375440,True
4636,1773653517.717544,1773654408.914081,407,124,48.934740,5.726929,0.351283,True
4637,1773653517.717573,1773654623.148389,1128,427,477.357198,47.807386,1.008333,True
4638,1773653517.717601,1773654639.277144,1005,556,509.389968,73.687133,0.785050,True
4639,1773653517.717630,1773654460.810024,1008,401,150.828181,9.690116,0.352845,True
4640,1773653517.717659,1773654564.124450,1010,388,356.505428,28.205748,0.848320,True
4641,1773653517.717692,1773654470.721694,396,101,169.445552,36.549075,1.328965,True
4642,1773653517.717721,1773654566.454519,200,183,360.616093,46.131192,1.727939,True
4643,1773653517.717753,1773654457.511087,1005,393,142.708457,6.667777,0.347043,True
4644,1773653517.717782,1773654458.442475,1089,396,144.548916,6.656774,0.349094,True
4645,1773653517.717811,1773654524.340121,1407,92,275.874994,38.414597,2.609455,True
4646,1773653517.717840,1773654613.982502,1060,383,455.147374,38.403053,1.090954,True
4647,1773653517.717869,1773654466.174507,396,76,159.510439,41.241901,1.576914,True
4648,1773653517.717898,1773654453.408852,296,18,133.952512,46.294296,5.156366,True
4649,1773653517.717927,1773654465.345297,1139,407,156.925050,9.571161,0.362941,True
4650,1773653517.717977,1773654428.095325,203,217,81.970259,9.344024,0.336233,True
4651,1773653517.718008,1773654560.508353,44,141,346.588157,71.055159,1.968093,True
4652,1773653517.718037,1773654623.837055,1093,429,471.699162,46.790121,0.992778,True
4653,1773653517.718066,1773654621.865883,1005,414,467.734929,49.770753,1.012020,True
4654,1773653517.718096,1773654567.926899,1086,423,359.669821,19.910899,0.805116,True
4655,1773653517.718128,1773654558.121434,1038,375,340.035408,19.899336,0.855979,True
4656,1773653517.718157,1773654573.250711,1104,396,367.125259,45.680841,0.813783,True
4657,1773653517.718186,1773654486.434888,937,571,193.386892,4.622307,0.331166,True
4658,1773653517.718217,1773654565.918375,1060,395,352.332828,26.608274,0.826712,True
4659,1773653517.718247,1773654415.849093,421,93,51.834512,7.997593,0.476488,True
4660,1773653517.718276,1773654462.286957,1056,383,144.280066,9.555542,0.352682,True
4661,1773653517.718307,1773654417.541646,407,95,54.370597,9.345996,0.478985,True
4662,1773653517.718335,1773654516.748163,402,78,252.270956,42.114875,2.729300,True
4663,1773653517.718364,1773654564.916426,203,181,348.588060,42.103585,1.702692,True
4664,1773653517.718396,1773654445.347913,1320,286,109.365806,5.490283,0.364476,True
4665,1773653517.718425,1773654567.594577,203,183,353.752343,47.051334,1.685170,True
4666,1773653517.718452,1773654494.096430,206,179,206.321070,18.040868,1.057754,True
4667,1773653517.718481,1773654562.498088,1101,378,342.774804,25.249277,0.842243,True
4668,1773653517.718510,1773654572.150348,1051,389,361.688406,45.469292,0.814998,True
4669,1773653517.718538,1773654562.956726,1016,396,341.908037,16.973576,0.822619,True
4670,1773653517.718567,1773654640.264615,950,590,496.358780,42.345068,0.770821,True
4671,1773653517.718599,1773654461.560990,398,90,138.742016,24.663917,1.281776,True
4672,1773653517.718629,1773654622.775544,1041,400,461.106047,68.040383,0.985127,True
4673,1773653517.718657,1773654473.172163,1109,398,161.711607,9.914017,0.382362,True
4674,1773653517.718686,1773654431.850590,197,217,76.726885,2.668042,0.342865,True
4675,1773653517.718714,1773654576.670768,982,414,365.636387,42.922887,0.781389,True
4676,1773653517.718746,1773654476.835797,1038,396,165.902668,11.521970,0.390837,True
4677,1773653517.718774,1773654463.889084,390,74,139.964856,31.294363,1.488637,True
4678,1773653517.718806,1773654617.663301,1073,393,447.135239,41.990206,1.033533,True
4679,1773653517.718834,1773654542.421517,397,82,296.628702,68.274212,2.819191,True
4680,1773653517.718863,1773654513.446965,387,68,238.446339,44.839988,2.889647,True
4681,1773653517.718890,1773654537.747978,402,92,287.028183,43.535061,2.675749,True
4682,1773653517.718919,1773654544.309602,401,87,299.956089,68.050092,2.696581,True
4683,1773653517.718967,1773654493.969740,181,119,198.758189,43.782958,1.313349,True
4684,1773653517.718997,1773654502.772388,203,159,216.235952,31.528474,1.169035,True
4685,1773653517.719029,1773654406.111029,400,84,22.663392,1.910236,0.250038,True
4686,1773653517.719057,1773654464.859925,1021,392,140.140374,6.351299,0.342172,True
4687,1773653517.719089,1773654507.594611,1046,566,224.852362,11.976728,0.376771,True
4688,1773653517.719118,1773654566.603390,1077,375,341.262729,33.234160,0.823606,True
4689,1773653517.719146,1773654569.640784,1052,429,346.979258,13.674632,0.778749,True
4690,1773653517.719174,1773654469.048978,400,82,145.444131,31.423595,1.407661,True
4691,1773653517.719203,1773654620.125545,1131,406,446.491861,42.183856,0.998291,True
4692,1773653517.719234,1773654558.014788,407,147,321.997387,48.813940,1.871119,True
4693,1773653517.719262,1773654538.108209,51,93,282.164339,40.743281,2.624142,True
4694,1773653517.719291,1773654624.560721,1207,408,454.898715,70.599159,0.944225,True
4695,1773653517.719319,1773654414.105091,409,92,33.965884,4.019010,0.329087,True
4696,1773653517.719351,1773654445.532921,386,39,96.734888,30.585145,1.740783,True
4697,1773653517.719378,1773654421.253069,382,84,47.505687,9.645310,0.456149,True
4698,1773653517.719411,1773654442.161500,1318,192,89.139581,8.295670,0.423267,True
4699,1773653517.719441,1773654503.407395,197,152,210.432226,31.014972,1.188194,True
4700,1773653517.719469,1773654478.688643,1123,402,160.909017,10.280583,0.375632,True
4701,1773653517.719497,1773654454.842020,397,91,112.922777,11.445608,1.127524,True
4702,1773653517.719526,1773654422.167435,181,89,46.772984,7.690259,0.444122,True
4703,1773653517.719555,1773654491.238747,396,127,184.082890,30.009397,1.222806,True
4704,1773653517.719584,1773654589.792509,1075,500,380.942430,32.049985,0.699183,True
4705,1773653517.719615,1773654445.974823,181,211,92.830275,6.911471,0.409137,True
4706,1773653517.719646,1773654578.671529,212,217,357.988307,46.151692,1.443688,True
4707,1773653517.719675,1773654561.725688,1066,388,323.257175,10.435544,0.808325,True
4708,1773653517.719703,1773654508.676266,375,63,217.095594,37.640262,2.894441,True
4709,1773653517.719734,1773654579.032450,165,223,357.784702,37.629736,1.442139,True
4710,1773653517.719763,1773654582.332391,1314,228,363.554970,47.541718,1.392129,True
4711,1773653517.719795,1773654422.365296,416,95,43.579254,8.643397,0.371658,True
4712,1773653517.719824,1773654565.967861,1080,397,329.911936,16.133332,0.792370,True
4713,1773653517.719852,1773654572.564274,1069,398,342.977263,30.295621,0.787611,True
4714,1773653517.719883,1773654487.501995,1034,437,172.679284,10.474674,0.372029,True
4715,1773653517.719912,1773654437.203348,200,161,71.158197,6.646013,0.403201,True
4716,1773653517.719956,1773654626.244018,1048,415,448.358486,69.740010,0.914537,True
4717,1773653517.719985,1773654585.858268,206,217,367.567275,69.729726,1.378878,True
4718,1773653517.720015,1773654573.799215,1030,396,343.092793,36.120457,0.777145,True
4719,1773653517.720044,1773654490.104320,406,108,175.595424,35.499587,1.309307,True
4720,1773653517.720073,1773654574.701857,1049,398,344.768799,37.269781,0.774557,True
4721,1773653517.720104,1773654573.751841,996,395,341.539047,34.823333,0.778466,True
4722,1773653517.720133,1773654570.206510,1095,410,334.343699,18.160841,0.773063,True
4723,1773653517.720166,1773654572.883546,1068,385,338.227007,37.710704,0.782595,True
4724,1773653517.720195,1773654637.968232,1013,552,468.244996,47.133732,0.764267,True
4725,1773653517.720227,1773654621.423139,1025,411,434.920875,33.807326,0.978326,True
4726,1773653517.720258,1773654581.713750,47,201,355.315416,67.748690,1.437834,True
4727,1773653517.720287,1773654439.915270,194,190,71.511361,7.477683,0.338803,True
4728,1773653517.720319,1773654447.798193,169,205,86.965483,3.954776,0.406915,True
4729,1773653517.720348,1773654424.420989,417,90,40.043446,3.870998,0.406432,True
4730,1773653517.720375,1773654482.647472,394,91,156.350363,37.008883,1.326016,True
4731,1773653517.720403,1773654503.529705,200,152,197.990057,26.837274,1.133462,True
4732,1773653517.720434,1773654474.572905,1067,409,139.909774,5.595443,0.329202,True
4733,1773653517.720462,1773654496.339589,1317,135,182.596282,27.299580,1.158931,True
4734,1773653517.720490,1773654571.166527,21,195,330.927575,32.066572,1.540521,True
4735,1773653517.720518,1773654575.767060,128,211,340.107398,32.055570,1.466913,True
4736,1773653517.720547,1773654499.483987,1134,518,187.393349,5.849873,0.351148,True
4737,1773653517.720574,1773654620.909259,1090,399,429.952360,47.106444,0.961924,True
4738,1773653517.720602,1773654569.828630,1030,408,327.707639,15.220866,0.767781,True
4739,1773653517.720634,1773654477.576114,1128,410,142.912176,6.717349,0.332995,True
4740,1773653517.720662,1773654567.730369,1132,396,322.031033,15.378818,0.776335,True
4741,1773653517.720695,1773654595.297280,1053,559,376.180964,16.487034,0.644613,True
4742,1773653517.720723,1773654428.570860,374,135,42.685719,5.914309,0.274414,True
4743,1773653517.720752,1773654422.912256,1295,68,30.809959,5.330225,0.380295,True
4744,1773653517.720780,1773654628.320535,1052,429,440.094545,68.653144,0.867854,True
4745,1773653517.720808,1773654576.402049,200,179,336.231432,68.641601,1.503314,True
4746,1773653517.720841,1773654623.233487,1058,415,429.875656,44.743278,0.930271,True
4747,1773653517.720870,1773654538.221292,377,59,259.682437,68.547597,3.295428,True
4748,1773653517.720899,1773654517.278483,1314,153,217.778354,36.412676,1.193195,True
4749,1773653517.720929,1773654569.261692,1055,400,321.491820,16.081139,0.765440,True
4750,1773653517.720977,1773654458.258749,379,67,99.463556,16.069868,1.263541,True
4751,1773653517.721006,1773654437.535424,1313,156,57.559468,6.933808,0.326617,True
4752,1773653517.721035,1773654476.361510,1087,388,134.883204,7.923615,0.328061,True
4753,1773653517.721062,1773654481.483427,1051,393,144.649525,12.216113,0.337840,True
4754,1773653517.721091,1773654502.130661,200,168,185.778263,15.355242,1.020497,True
4755,1773653517.721120,1773654484.811441,1039,388,150.851279,7.674306,0.369966,True
4756,1773653517.721148,1773654577.118533,1110,440,334.044833,15.918476,0.724661,True
4757,1773653517.721176,1773654422.244499,120,12,23.414714,10.837780,1.143358,True
4758,1773653517.721205,1773654535.941012,181,220,250.663327,27.196432,1.020397,True
4759,1773653517.721237,1773654540.101634,387,89,257.705571,43.053699,2.439226,True
4760,1773653517.721265,1773654570.884192,206,193,319.034617,27.976591,1.515927,True
4761,1773653517.721293,1773654493.474818,428,130,164.195434,20.964204,1.110320,True
4762,1773653517.721322,1773654570.353196,1077,376,317.930073,24.765186,0.781773,True
4763,1773653517.721350,1773654628.320545,1038,429,433.719556,65.465633,0.860406,True
4764,1773653517.721474,1773654449.514605,197,217,73.515025,4.302813,0.320427,True
4765,1773653517.721505,1773654574.656044,1010,393,323.111085,27.818614,0.753297,True
4766,1773653517.721535,1773654619.556344,1021,398,412.755737,26.165288,0.973779,True
4767,1773653517.721565,1773654569.195626,200,179,311.800005,41.007655,1.521305,True
4768,1773653517.721599,1773654620.186825,1077,401,413.761916,27.317598,0.966111,True
4769,1773653517.721629,1773654556.683829,405,110,286.582741,69.995155,1.987042,True
4770,1773653517.721660,1773654566.753163,1301,377,306.217483,15.297508,0.773723,True
4771,1773653517.721689,1773654516.126869,26,167,204.837831,22.445775,1.098747,True
4772,1773653517.721721,1773654583.268205,1123,429,338.889492,33.142118,0.714363,True
4773,1773653517.721750,1773654491.307643,408,87,154.947974,35.505042,1.388871,True
4774,1773653517.721779,1773654494.667268,395,96,161.646257,35.494683,1.327911,True
4775,1773653517.721808,1773654435.291988,398,90,42.686824,4.186877,0.432584,True
4776,1773653517.721837,1773654483.762203,1049,394,139.292449,7.258680,0.335964,True
4777,1773653517.721869,1773654501.223865,393,102,174.007067,33.188287,1.394245,True
4778,1773653517.721897,1773654458.355606,200,217,87.881061,3.720154,0.389634,True
4779,1773653517.721926,1773654489.014428,393,110,146.985750,20.631466,1.159214,True
4780,1773653517.721972,1773654484.778044,1060,383,137.983310,8.337327,0.339387,True
4781,1773653517.722002,1773654444.918496,418,110,58.120243,8.762892,0.452820,True
4782,1773653517.722030,1773654568.167868,200,183,303.630498,24.270735,1.534944,True
4783,1773653517.722059,1773654619.149379,1083,387,405.363077,39.201714,0.948605,True
4784,1773653517.722087,1773654567.111225,181,144,301.072762,66.812664,1.638183,True
4785,1773653517.722116,1773654572.240426,1056,403,311.229409,13.943300,0.739518,True
4786,1773653517.722147,1773654477.820803,384,59,122.257254,31.518752,1.564457,True
4787,1773653517.722175,1773654581.100671,1095,428,328.693578,23.605406,0.714492,True
4788,1773653517.722207,1773654436.418185,397,62,38.334682,7.564624,0.504427,True
4789,1773653517.722236,1773654452.866121,206,161,70.627014,7.068216,0.397242,True
4790,1773653517.722264,1773654488.565104,1636,78,141.837936,32.217286,1.423645,True
4791,1773653517.722295,1773654496.209624,979,91,157.102759,34.523464,1.361992,True
4792,1773653517.722324,1773654551.832375,372,95,266.430498,64.769895,2.145326,True
4793,1773653517.722352,1773654490.806753,1049,401,143.974991,7.273501,0.341754,True
4794,1773653517.722379,1773654634.682592,1062,522,431.681195,24.220965,0.782073,True
4795,1773653517.722415,1773654525.741326,200,162,213.424388,30.310165,1.137355,True
4796,1773653517.722445,1773654445.533097,242,14,52.880154,21.267151,2.431769,True
4797,1773653517.722474,1773654492.135216,1091,399,146.064630,8.435636,0.345801,True
4798,1773653517.722502,1773654584.709140,1018,429,331.005208,32.974381,0.696334,True
4799,1773653517.722530,1773654582.235924,1315,197,325.282783,63.792008,1.334137,True
4800,1773653517.722559,1773654451.298004,206,152,62.925308,4.785621,0.385031,True
4801,1773653517.722586,1773654528.161476,1315,207,215.598306,14.124346,0.978029,True
4802,1773653517.722615,1773654579.972170,1059,401,319.196124,31.806680,0.718474,True
4803,1773653517.722643,1773654501.160643,399,144,161.466142,14.059998,1.030812,True
4804,1773653517.722675,1773654579.316323,1087,388,317.650727,37.338575,0.724321,True
4805,1773653517.722703,1773654442.561381,408,96,42.612835,4.523015,0.400945,True
4806,1773653517.722731,1773654572.466992,165,189,301.982087,34.194356,1.424403,True
4807,1773653517.722760,1773654560.420530,402,156,277.659912,21.472746,1.652820,True
4808,1773653517.722788,1773654595.328271,1097,500,347.432330,30.568688,0.634997,True
4809,1773653517.722816,1773654501.160485,408,144,158.972025,12.812450,1.022095,True
4810,1773653517.722844,1773654454.455820,206,169,64.564799,5.365201,0.352379,True
4811,1773653517.722872,1773654497.472514,1090,427,150.452500,6.642207,0.337583,True
4812,1773653517.722900,1773654522.668374,1054,514,200.591880,7.266494,0.376853,True
4813,1773653517.722952,1773654565.201739,169,164,285.369692,33.152369,1.547346,True
4814,1773653517.722996,1773654494.506541,1030,402,143.184952,8.303828,0.336362,True
4815,1773653517.723027,1773654579.449281,981,398,312.771396,29.117151,0.714494,True
4816,1773653517.723056,1773654620.909268,1004,394,395.668318,36.697734,0.913411,True
4817,1773653517.723085,1773654561.898559,200,161,277.406526,19.867813,1.609617,True
4818,1773653517.723113,1773654490.293682,374,114,134.093860,15.503777,1.049470,True
4819,1773653517.723142,1773654487.419007,1349,270,128.321572,10.014277,0.439804,True
4820,1773653517.723171,1773654503.336457,399,137,158.743522,17.129461,1.041280,True
4821,1773653517.723200,1773654499.340505,1020,402,149.826388,9.665035,0.349530,True
4822,1773653517.723232,1773654522.999918,404,147,196.652676,28.346449,1.152782,True
4823,1773653517.723266,1773654481.037886,416,88,112.476965,15.559975,1.113988,True
4824,1773653517.723296,1773654447.719467,376,72,45.353036,9.049196,0.511322,True
4825,1773653517.723325,1773654542.898374,381,69,235.498704,58.238743,2.606764,True
4826,1773653517.723355,1773654512.881336,1050,411,175.063208,7.922589,0.407660,True
4827,1773653517.723383,1773654620.343761,1064,396,389.925615,21.368442,0.933056,True
4828,1773653517.723412,1773654543.969838,425,72,236.946302,57.890298,2.521916,True
4829,1773653517.723441,1773654576.758371,1012,406,302.460986,16.537451,0.705984,True
4830,1773653517.723469,1773654516.126533,417,158,180.840730,15.328950,1.054215,True
4831,1773653517.723500,1773654591.960959,1080,467,331.626117,31.681383,0.643658,True
4832,1773653517.723529,1773654452.339180,400,111,52.023640,9.135879,0.389889,True
4833,1773653517.723558,1773654581.870485,1044,411,309.803733,26.051315,0.692079,True
4834,1773653517.723590,1773654546.945660,1068,958,239.910402,7.982694,0.242349,True
4835,1773653517.723618,1773654482.519849,406,86,110.974730,17.433618,1.100484,True
4836,1773653517.723646,1773654580.533609,1068,395,306.873028,30.732384,0.700865,True
4837,1773653517.723675,1773654577.254215,1301,398,300.186913,16.636125,0.714234,True
4838,1773653517.723703,1773654577.134439,1313,207,299.753884,22.436185,1.346202,True
4839,1773653517.723732,1773654542.302888,949,96,230.067818,22.425350,2.185710,True
4840,1773653517.723764,1773654452.556364,400,114,49.534977,7.674114,0.370450,True
4841,1773653517.723792,1773654455.890541,396,109,55.582230,6.873918,0.451003,True
4842,1773653517.723819,1773654508.283563,398,113,159.933062,25.577053,1.199607,True
4843,1773653517.723854,1773654502.836288,390,127,148.911430,16.085401,1.054175,True
4844,1773653517.723883,1773654510.415967,1047,398,163.673753,8.320582,0.391318,True
4845,1773653517.723912,1773654549.623005,467,83,241.654485,58.488387,2.233733,True
4846,1773653517.723957,1773654624.826364,1105,391,392.039964,60.837618,0.849237,True
4847,1773653517.723989,1773654450.391454,181,95,40.791783,5.467524,0.375790,True
4848,1773653517.724033,1773654512.947334,203,152,165.839675,15.309916,0.996886,True
4849,1773653517.724070,1773654489.976987,392,91,119.502069,15.553098,1.154989,True
4850,1773653517.724100,1773654578.661800,1137,396,296.850433,17.852615,0.706324,True
4851,1773653517.724132,1773654447.506424,372,57,34.291627,6.538838,0.495586,True
4852,1773653517.724164,1773654539.752261,377,84,218.055791,29.047718,2.277206,True
4853,1773653517.724194,1773654514.305540,1105,396,166.564982,8.578274,0.399966,True
4854,1773653517.724222,1773654620.817487,1010,398,378.908490,18.331789,0.908254,True
4855,1773653517.724254,1773654620.596846,1066,388,378.012664,31.149174,0.896288,True
4856,1773653517.724283,1773654584.146003,1101,411,305.027013,26.551840,0.679208,True
4857,1773653517.724313,1773654530.056462,215,162,196.474058,26.009742,1.058785,True
4858,1773653517.724341,1773654511.242919,961,418,158.762253,7.602480,0.362493,True
4859,1773653517.724370,1773654548.977311,423,79,233.140168,57.236550,2.255175,True
4860,1773653517.724399,1773654514.243159,1080,429,163.005659,6.723725,0.365145,True
4861,1773653517.724427,1773654560.884880,181,315,255.931337,12.417821,0.775521,True
4862,1773653517.724456,1773654517.456974,1054,424,167.713126,6.000967,0.382298,True
4863,1773653517.724485,1773654484.456345,424,89,101.585762,11.673640,1.021729,True
4864,1773653517.724514,1773654618.339398,1104,374,369.142067,33.255829,0.900499,True
4865,1773653517.724542,1773654581.366829,197,217,294.987237,20.495422,1.270795,True
4866,1773653517.724571,1773654509.475856,1004,411,149.807706,6.123870,0.350448,True
4867,1773653517.724599,1773654587.029688,1123,429,304.664833,23.486665,0.656958,True
4868,1773653517.724628,1773654502.263960,405,95,134.760096,24.132297,1.176891,True
4869,1773653517.724656,1773654583.435961,1151,411,297.082252,24.121126,0.665759,True
4870,1773653517.724684,1773654545.104989,421,94,220.398982,32.119040,2.024516,True
4871,1773653517.724712,1773654621.423314,1080,396,372.761086,22.198046,0.887501,True
4872,1773653517.724743,1773654622.155957,977,401,374.033933,22.101216,0.879832,True
4873,1773653517.724772,1773654589.395604,200,217,308.490490,54.494087,1.175909,True
4874,1773653517.724801,1773654509.852650,1145,379,149.115124,5.760888,0.379244,True
4875,1773653517.724833,1773654549.459297,1316,234,228.017511,22.733935,0.881045,True
4876,1773653517.724864,1773654453.230205,1998,58,35.392411,9.086806,0.461502,True
4877,1773653517.724894,1773654590.793040,1025,452,310.306287,26.682519,0.628878,True
4878,1773653517.724923,1773654512.425179,961,418,151.998927,5.344141,0.351690,True
4879,1773653517.724969,1773654495.367591,404,86,116.769040,16.911357,1.174796,True
4880,1773653517.725006,1773654605.223046,1087,569,336.459259,19.306747,0.558367,True
4881,1773653517.725146,1773654505.099506,1137,385,135.775785,7.026130,0.335286,True
4882,1773653517.725176,1773654503.852664,1129,375,132.664227,6.717055,0.336757,True
4883,1773653517.725205,1773654517.456984,1000,396,159.830731,8.473979,0.383182,True
4884,1773653517.725234,1773654468.452620,421,97,61.800054,11.437873,0.524606,True
4885,1773653517.725263,1773654501.538851,440,88,127.316589,24.442397,1.182462,True
4886,1773653517.725294,1773654546.801434,404,98,217.527184,28.986243,1.943721,True
4887,1773653517.725323,1773654620.967199,1065,393,365.626705,19.087183,0.884029,True
4888,1773653517.725363,1773654581.823665,1101,418,286.621054,10.610272,0.661896,True
4889,1773653517.725395,1773654545.999720,194,217,213.715176,23.180629,0.882104,True
4890,1773653517.725423,1773654629.788718,1041,426,380.632334,53.943050,0.768681,True
4891,1773653517.725457,1773654538.376460,200,183,197.410435,20.244160,0.973441,True
4892,1773653517.725487,1773654544.534040,907,92,209.639395,21.216021,2.070587,True
4893,1773653517.725517,1773654511.895669,1095,387,144.214933,7.458512,0.354291,True
4894,1773653517.725546,1773654464.093167,414,90,48.339432,9.067280,0.441260,True
4895,1773653517.725574,1773654534.434821,194,177,187.876802,15.804280,0.977685,True
4896,1773653517.725602,1773654514.903175,418,146,148.539647,8.490008,0.965860,True
4897,1773653517.725631,1773654581.957851,1129,395,282.561923,19.238413,0.668334,True
4898,1773653517.725660,1773654629.468079,1069,419,377.435406,55.415510,0.770383,True
4899,1773653517.725689,1773654460.725572,446,83,39.724188,7.392266,0.394292,True
4900,1773653517.725718,1773654495.696094,401,77,109.407651,21.330852,1.158905,True
4901,1773653517.725747,1773654546.912376,408,98,211.819390,19.928199,1.978260,True
4902,1773653517.725775,1773654482.744041,1314,164,82.264778,9.318777,0.447521,True
4903,1773653517.725885,1773654540.788388,194,217,198.333787,7.501961,0.883481,True
4904,1773653517.725916,1773654453.885455,314,18,23.430670,9.434564,0.823300,True
4905,1773653517.725963,1773654524.934130,1049,440,164.736775,9.638552,0.353299,True
4906,1773653517.725994,1773654495.859453,194,217,106.400643,10.423395,0.444339,True
4907,1773653517.726024,1773654580.236462,1091,383,273.940832,17.984634,0.670042,True
4908,1773653517.726058,1773654556.684011,403,93,226.268685,52.616969,1.887519,True
4909,1773653517.726090,1773654493.562758,404,92,98.868231,9.084116,0.986639,True
4910,1773653517.726119,1773654606.263041,1087,568,324.019220,19.562428,0.536961,True
4911,1773653517.726147,1773654624.599622,1059,415,359.934499,22.391816,0.815320,True
4912,1773653517.726176,1773654549.407929,391,106,208.975940,22.105560,1.779718,True
4913,1773653517.726204,1773654468.370437,387,71,46.880929,9.973786,0.527245,True
4914,1773653517.726237,1773654478.020364,1574,56,66.158038,10.541421,1.011211,True
4915,1773653517.726266,1773654559.911874,401,103,229.729061,51.119336,1.751076,True
4916,1773653517.726297,1773654513.929810,181,115,137.470060,16.056677,1.065030,True
4917,1773653517.726326,1773654522.058752,1064,420,153.415741,8.244691,0.346470,True
4918,1773653517.726354,1773654539.088837,206,183,187.101342,16.841662,0.935493,True
4919,1773653517.726385,1773654583.477646,1159,400,275.856086,17.869739,0.646582,True
4920,1773653517.726414,1773654566.744375,11,161,241.561975,14.966932,1.416219,True
4921,1773653517.726442,1773654519.918365,1075,375,147.864895,10.369739,0.367634,True
4922,1773653517.726470,1773654621.956024,1053,396,351.515272,20.825968,0.837188,True
4923,1773653517.726499,1773654584.265256,1030,404,275.570476,19.173723,0.636220,True
4924,1773653517.726527,1773654494.158751,388,79,95.106317,9.694751,1.095020,True
4925,1773653517.726558,1773654590.572104,1090,427,287.828053,14.703763,0.641137,True
4926,1773653517.726587,1773654618.827369,1112,377,343.899606,20.146410,0.861046,True
4927,1773653517.726616,1773654629.543845,1082,450,365.064212,20.462802,0.767486,True
4928,1773653517.726645,1773654547.210185,206,217,200.314072,16.366067,0.851611,True
4929,1773653517.726672,1773654544.198613,1479,86,194.166165,20.359137,2.044789,True
4930,1773653517.726703,1773654625.312887,1044,411,356.373331,22.991708,0.813126,True
4931,1773653517.726732,1773654624.560710,1074,378,354.845725,52.990579,0.800677,True
4932,1773653517.726760,1773654488.870565,36,179,82.722220,7.394196,0.423191,True
4933,1773653517.726788,1773654584.467073,1058,397,273.829235,19.728133,0.641669,True
4934,1773653517.726817,1773654466.111465,302,18,36.866400,8.622539,1.661404,True
4935,1773653517.726846,1773654479.381346,197,162,63.303701,8.626181,0.339612,True
4936,1773653517.726874,1773654489.865421,203,217,84.127362,8.553694,0.349878,True
4937,1773653517.726908,1773654478.605302,402,130,61.013412,6.805015,0.420220,True
4938,1773653517.726952,1773654529.924359,377,123,163.154242,14.584662,1.217783,True
4939,1773653517.726991,1773654581.785836,1095,378,266.729884,20.115610,0.654149,True
4940,1773653517.727023,1773654497.224133,428,74,97.356871,17.107861,1.099302,True
4941,1773653517.727052,1773654584.549459,1115,415,270.720983,11.019154,0.627299,True
4942,1773653517.727080,1773654471.970288,181,84,44.899537,5.382886,0.476104,True
4943,1773653517.727109,1773654471.462229,378,80,43.594378,5.239098,0.485510,True
4944,1773653517.727138,1773654522.340708,378,55,145.020132,18.800216,2.337406,True
4945,1773653517.727166,1773654577.764260,200,163,255.613000,50.170883,1.268161,True
4946,1773653517.727194,1773654583.312610,1137,385,266.626960,19.547373,0.643436,True
4947,1773653517.727223,1773654584.060326,1140,411,267.861927,10.839199,0.626885,True
4948,1773653517.727257,1773654538.970211,1313,187,177.658668,12.602075,0.887401,True
4949,1773653517.727287,1773654510.473259,431,97,120.641081,16.534842,1.084440,True
4950,1773653517.727315,1773654469.804198,404,85,38.819540,7.828973,0.368935,True
4951,1773653517.727344,1773654522.260429,1030,388,142.849529,8.665540,0.346729,True
4952,1773653517.727373,1773654626.407779,1133,425,350.363033,19.408310,0.780554,True
4953,1773653517.727401,1773654468.370602,379,59,34.123049,3.594778,0.526350,True
4954,1773653517.727430,1773654587.846557,396,199,272.985845,51.317355,1.119538,True
4955,1773653517.727459,1773654524.332684,1063,397,143.959821,10.928487,0.335938,True
4956,1773653517.727492,1773654585.833683,1059,411,266.779687,14.243111,0.615943,True
4957,1773653517.727523,1773654524.014122,1174,387,142.913755,10.721475,0.342467,True
4958,1773653517.727551,1773654591.306921,1079,409,277.312224,27.527560,0.612217,True
4959,1773653517.727580,1773654481.711694,393,93,57.686862,7.066592,0.550220,True
4960,1773653517.727609,1773654490.877450,326,18,75.398290,16.940353,3.438702,True
4961,1773653517.727641,1773654481.711843,379,93,56.940143,6.693656,0.546157,True
4962,1773653517.727669,1773654621.663348,1030,389,336.733070,19.431059,0.817789,True
4963,1773653517.727698,1773654540.803429,388,77,174.786402,19.318064,2.045636,True
4964,1773653517.727730,1773654622.300016,1059,385,337.758831,21.552757,0.823453,True
4965,1773653517.727763,1773654590.164757,1080,429,273.364346,16.977366,0.599035,True
4966,1773653517.727792,1773654625.991744,1084,388,344.925107,49.141980,0.764297,True
4967,1773653517.727821,1773654591.015450,1042,394,274.930552,33.954861,0.613170,True
4968,1773653517.727849,1773654584.145826,1115,385,260.940077,17.912020,0.632886,True
4969,1773653517.727879,1773654528.893297,1166,418,149.999905,15.837317,0.321733,True
4970,1773653517.727906,1773654501.289114,382,81,94.145940,11.437498,1.033856,True
4971,1773653517.727955,1773654531.201095,1107,414,153.484566,19.691956,0.323953,True
4972,1773653517.728002,1773654625.182797,1054,403,341.067831,26.032334,0.783670,True
4973,1773653517.728034,1773654529.460280,1128,375,149.434174,21.329795,0.342525,True
4974,1773653517.728062,1773654551.316495,403,107,193.073534,17.948299,1.652125,True
4975,1773653517.728092,1773654627.320234,1084,419,345.060334,29.091571,0.755906,True
4976,1773653517.728125,1773654559.409321,167,217,209.112441,32.652269,0.816945,True
4977,1773653517.728155,1773654538.013104,209,164,164.897621,14.896123,0.920255,True
4978,1773653517.728183,1773654475.596284,384,50,39.401315,6.307210,0.675390,True
4979,1773653517.728213,1773654503.216553,390,83,93.673871,10.366447,1.015944,True
4980,1773653517.728241,1773654512.652827,388,92,112.523865,15.997174,1.060733,True
4981,1773653517.728273,1773654509.419367,395,95,105.950565,11.531491,1.004458,True
4982,1773653517.728302,1773654516.126875,463,97,119.344075,15.933536,1.077193,True
4983,1773653517.728335,1773654559.305700,392,95,203.865779,50.671572,1.629726,True
4984,1773653517.728364,1773654490.302448,386,73,65.569364,18.555825,0.652966,True
4985,1773653517.728392,1773654534.876882,382,111,153.228232,29.242446,1.127144,True
4986,1773653517.728420,1773654527.606856,1020,411,138.500638,3.846502,0.328425,True
4987,1773653517.728454,1773654524.599744,401,121,132.421410,11.599066,1.006853,True
4988,1773653517.728484,1773654589.148529,1104,417,261.493077,14.926859,0.592707,True
4989,1773653517.728512,1773654533.570226,1055,452,150.232869,19.047596,0.290876,True
4990,1773653517.728541,1773654482.743957,388,88,47.974077,5.002612,0.493925,True
4991,1773653517.728570,1773654558.618871,399,130,199.704298,13.960984,1.439871,True
4992,1773653517.728598,1773654635.804374,1080,512,354.053591,15.993480,0.661566,True
4993,1773653517.728629,1773654579.841788,200,165,241.690502,49.048473,1.174647,True
4994,1773653517.728661,1773654518.295165,1032,97,118.143487,14.455158,1.080087,True
4995,1773653517.728690,1773654527.584843,401,116,136.469528,13.038154,1.073316,True
4996,1773653517.728718,1773654586.794145,1001,393,254.618916,16.194420,0.608226,True
4997,1773653517.728745,1773654628.752325,1130,428,337.666758,26.816609,0.727986,True
4998,1773653517.728777,1773654594.076391,1056,438,267.186522,16.819616,0.572922,True
4999,1773653517.728812,1773654592.248172,1151,423,263.426458,17.973641,0.581642,True
5000,1773653517.728840,1773654594.599833,1053,409,267.979982,31.143678,0.580481,True
5001,1773653517.728868,1773654538.376281,407,136,155.426230,19.864193,1.004163,True
5002,1773653517.728900,1773654516.586770,126,178,111.699439,16.764839,0.536354,True
5003,1773653517.728929,1773654529.541982,1057,442,137.445947,2.940188,0.305002,True
5004,1773653517.728978,1773654507.363610,406,143,92.402647,17.922902,0.524505,True
5005,1773653517.729007,1773654545.777502,129,177,168.537364,16.999917,0.861008,True
5006,1773653517.729036,1773654622.814918,1093,396,322.548399,13.230712,0.783083,True
5007,1773653517.729065,1773654556.994690,206,217,190.863473,18.965420,0.795824,True
5008,1773653517.729093,1773654626.705233,1055,411,330.074218,25.067273,0.743919,True
5009,1773653517.729121,1773654544.334344,1316,161,165.289162,20.477405,0.905073,True
5010,1773653517.729151,1773654570.225443,206,167,216.898833,12.994952,1.228337,True
5011,1773653517.729183,1773654628.555486,1030,405,333.305027,46.140786,0.710803,True
5012,1773653517.729211,1773654528.657776,1103,423,132.725199,2.884694,0.307679,True
5013,1773653517.729240,1773654525.100706,393,75,125.300650,29.303680,1.297256,True
5014,1773653517.729269,1773654533.581138,957,113,141.366542,19.552202,1.087628,True
5015,1773653517.729299,1773654593.967463,1054,424,261.790396,20.741631,0.569855,True
5016,1773653517.729327,1773654623.645041,1301,401,321.055703,16.277759,0.761945,True
5017,1773653517.729366,1773654574.674232,1316,182,223.091199,16.266273,1.142679,True
5018,1773653517.729398,1773654560.320419,389,133,194.359054,16.255326,1.349271,True
5019,1773653517.729427,1773654555.653490,392,105,185.005030,23.585160,1.552114,True
5020,1773653517.729458,1773654538.691058,403,69,150.914375,16.162168,1.981650,True
5021,1773653517.729490,1773654642.906315,1017,570,359.326270,26.897616,0.584233,True
5022,1773653517.729522,1773654593.455737,209,217,260.238640,44.707468,0.997830,True
5023,1773653517.729552,1773654509.980859,373,58,92.173030,18.553051,1.291579,True
5024,1773653517.729581,1773654528.049225,1020,411,127.889619,2.466966,0.305909,True
5025,1773653517.729613,1773654471.462077,120,14,14.694054,2.456722,0.941333,True
5026,1773653517.729642,1773654589.904081,1001,396,250.418636,19.118976,0.585569,True
5027,1773653517.729674,1773654530.583796,1069,388,131.439510,14.220894,0.302890,True
5028,1773653517.729703,1773654531.872925,403,111,133.851684,18.867512,1.045311,True
5029,1773653517.729734,1773654557.098860,209,217,183.923555,17.032982,0.772642,True
5030,1773653517.729763,1773654497.943689,200,167,65.184510,1.390632,0.384300,True
5031,1773653517.729792,1773654524.797770,396,89,117.352636,16.046593,1.151205,True
5032,1773653517.729821,1773654591.344036,1059,401,250.426286,19.877823,0.576371,True
5033,1773653517.729849,1773654530.857213,493,107,129.347234,17.630626,1.053930,True
5034,1773653517.729877,1773654559.144795,1316,216,184.638155,20.518603,0.763347,True
5035,1773653517.729907,1773654504.876065,1314,210,75.912669,1.364609,0.356689,True
5036,1773653517.729954,1773654588.235616,1075,375,240.993632,21.185130,0.587723,True
5037,1773653517.729986,1773654493.775858,320,18,51.442140,19.289698,1.891320,True
5038,1773653517.730016,1773654581.279251,181,205,226.031321,11.131998,1.053428,True
5039,1773653517.730045,1773654528.356205,1064,411,119.951482,1.333648,0.289312,True
5040,1773653517.730074,1773654636.506495,1121,498,336.229945,23.679392,0.628874,True
5041,1773653517.730102,1773654498.028080,206,163,59.251412,1.311857,0.357652,True
5042,1773653517.730218,1773654535.319226,1054,537,133.729325,2.333899,0.245141,True
5043,1773653517.730249,1773654544.649425,371,51,152.302251,39.545758,2.255130,True
5044,1773653517.730280,1773654534.098229,1166,429,131.074888,15.126838,0.270907,True
5045,1773653517.730310,1773654530.793577,420,102,124.217339,17.323900,1.058351,True
5046,1773653517.730342,1773654590.534503,1095,391,242.949658,18.284212,0.576065,True
5047,1773653517.730372,1773654631.626863,1101,441,325.004518,29.848170,0.670810,True
5048,1773653517.730401,1773654565.782340,408,151,192.838915,10.032474,1.218710,True
5049,1773653517.730430,1773654546.923697,206,161,154.334880,19.168257,0.844791,True
5050,1773653517.730465,1773654496.571035,377,59,53.525494,14.315863,0.676028,True
5051,1773653517.730496,1773654550.234442,1313,181,160.603800,16.076336,0.802930,True
5052,1773653517.730524,1773654527.710464,384,89,113.959237,17.574518,1.095281,True
5053,1773653517.730553,1773654627.027192,1077,427,312.275550,8.505510,0.713075,True
5054,1773653517.730582,1773654527.649613,402,81,113.456668,21.634416,1.147778,True
5055,1773653517.730611,1773654584.404295,165,217,226.773233,8.377331,1.011092,True
5056,1773653517.730639,1773654580.915523,161,169,219.774553,37.015406,1.087852,True
5057,1773653517.730669,1773654529.107244,420,95,116.011613,16.243491,1.061363,True
5058,1773653517.730698,1773654499.403524,181,171,55.872149,0.252783,0.327173,True
5059,1773653517.730727,1773654474.187842,247,14,5.419967,0.777810,0.357089,True
5060,1773653517.730755,1773654594.005188,1080,396,244.284828,23.371171,0.559275,True
5061,1773653517.730783,1773654491.141751,392,99,38.330658,1.595605,0.374847,True
5062,1773653517.730812,1773654594.667641,1107,415,243.646883,18.197090,0.544565,True
5063,1773653517.730840,1773654567.311697,427,129,188.858929,26.091405,1.271621,True
5064,1773653517.730869,1773654591.344046,1129,396,236.633278,16.561056,0.557145,True
5065,1773653517.730898,1773654534.381512,1133,425,122.686564,13.247918,0.258110,True
5066,1773653517.730927,1773654591.796380,1314,243,237.346774,8.567002,0.945371,True
5067,1773653517.730974,1773654493.551427,317,18,40.829921,8.555352,1.898504,True
5068,1773653517.731007,1773654482.743927,375,54,19.132613,0.840954,0.345126,True
5069,1773653517.731037,1773654630.389121,1080,429,314.321075,25.744174,0.674245,True
5070,1773653517.731066,1773654493.301547,394,109,38.207095,0.473235,0.349388,True
5071,1773653517.731094,1773654499.259503,379,66,49.350002,11.701919,0.579201,True
5072,1773653517.731123,1773654537.228861,401,109,125.162271,17.908169,0.993094,True
5073,1773653517.731152,1773654541.491297,397,127,133.664966,17.896641,0.918796,True
5074,1773653517.731181,1773654575.401551,206,182,200.568678,6.573087,1.071799,True
5075,1773653517.731209,1773654629.280008,1112,418,308.304863,29.400549,0.668835,True
5076,1773653517.731238,1773654589.718028,1042,385,228.971925,14.356252,0.558895,True
5077,1773653517.731266,1773654594.774594,961,415,239.063586,16.615999,0.537313,True
5078,1773653517.731301,1773654553.681245,390,84,156.852460,29.274750,1.537081,True
5079,1773653517.731329,1773654596.950011,1314,231,243.370596,32.779208,0.915615,True
5080,1773653517.731359,1773654562.873331,181,113,175.196143,29.253265,1.303061,True
5081,1773653517.731388,1773654626.618751,1030,388,302.664900,34.612530,0.692642,True
5082,1773653517.731417,1773654502.645074,423,147,54.075604,1.674327,0.358913,True
5083,1773653517.731445,1773654501.484909,1856,78,50.243170,12.238105,0.493572,True
5084,1773653517.731484,1773654531.548700,407,94,109.603786,16.010908,1.006375,True
5085,1773653517.731513,1773654494.998976,388,93,36.320846,0.841119,0.385649,True
5086,1773653517.731543,1773654506.610542,394,85,58.059103,11.020300,0.559986,True
5087,1773653517.731572,1773654594.774748,1021,414,233.891445,14.928288,0.530177,True
5088,1773653517.731600,1773654524.077750,375,71,92.368763,13.148511,1.131718,True
5089,1773653517.731631,1773654535.882195,1527,90,115.707048,21.271809,1.061070,True
5090,1773653517.731661,1773654553.969374,128,174,150.789340,16.659746,0.775316,True
5091,1773653517.731690,1773654530.803636,1128,394,104.375079,1.199976,0.262532,True
5092,1773653517.731718,1773654529.192336,1030,366,100.985364,2.165455,0.270739,True
5093,1773653517.731747,1773654594.005095,1140,396,230.097017,16.277169,0.541316,True
5094,1773653517.731776,1773654591.998338,1174,381,226.060486,17.102229,0.549890,True
5095,1773653517.731804,1773654536.135285,1101,438,113.503988,12.677391,0.230724,True
5096,1773653517.731833,1773654540.084664,156,107,121.082471,19.756966,0.955901,True
5097,1773653517.731862,1773654598.927127,1095,418,238.747231,23.022940,0.517324,True
5098,1773653517.731891,1773654595.948699,1053,408,232.410510,17.283567,0.528567,True
5099,1773653517.731919,1773654626.456920,1053,395,293.343018,19.187208,0.695827,True
5100,1773653517.731966,1773654547.132873,387,64,134.458638,24.627759,1.743347,True
5101,1773653517.731996,1773654556.898669,902,95,153.974216,19.061626,1.435240,True
5102,1773653517.732025,1773654518.873263,325,18,77.475568,25.104122,3.080673,True
5103,1773653517.732054,1773654629.014269,1114,408,296.388627,29.078933,0.656781,True
5104,1773653517.732084,1773654557.294806,419,87,152.928171,30.235160,1.426663,True
5105,1773653517.732113,1773654576.669308,209,152,191.655634,30.224059,1.069083,True
5106,1773653517.732146,1773654563.722122,200,217,165.363976,15.987246,0.691559,True
5107,1773653517.732178,1773654533.457621,393,96,104.578393,12.729235,0.966833,True
5108,1773653517.732207,1773654588.805402,1115,365,214.778912,15.336416,0.547919,True
5109,1773653517.732236,1773654511.324237,393,90,59.666243,11.406507,0.542244,True
5110,1773653517.732270,1773654598.493860,1079,423,233.880640,18.340252,0.510759,True
5111,1773653517.732300,1773654515.359925,28,176,67.278435,0.515058,0.381505,True
5112,1773653517.732328,1773654495.859197,379,74,28.254941,0.504677,0.380141,True
5113,1773653517.732357,1773654628.283499,1114,408,292.889505,20.534507,0.669177,True
5114,1773653517.732385,1773654601.518337,1077,427,237.987524,24.929571,0.500136,True
5115,1773653517.732414,1773654594.110034,1126,396,222.917518,15.430038,0.525285,True
5116,1773653517.732442,1773654554.341805,17,175,143.359386,15.419465,0.735287,True
5117,1773653517.732474,1773654524.984958,379,57,84.623114,16.778862,1.211505,True
5118,1773653517.732503,1773654486.365547,120,12,7.239610,1.641873,0.508885,True
5119,1773653517.732535,1773654530.971302,1128,379,96.428774,1.630749,0.250788,True
5120,1773653517.732563,1773654493.301389,374,58,21.064909,1.619710,0.341144,True
5121,1773653517.732591,1773654524.200762,126,211,80.860869,9.127564,0.341587,True
5122,1773653517.732620,1773654593.470030,1098,367,218.019740,22.993951,0.532857,True
5123,1773653517.732649,1773654630.454923,1151,411,291.881809,35.300209,0.625809,True
5124,1773653517.732677,1773654562.393370,212,217,155.230837,11.974454,0.663224,True
5125,1773653517.732706,1773654533.997956,382,86,98.418422,14.662926,0.985359,True
5126,1773653517.732738,1773654524.570711,194,217,79.542466,8.098358,0.330760,True
5127,1773653517.732768,1773654533.632301,1021,422,97.620065,1.123810,0.229207,True
5128,1773653517.732799,1773654550.456594,12,163,131.224989,11.908351,0.736522,True
5129,1773653517.732828,1773654600.437717,1066,435,231.165545,17.140334,0.493146,True
5130,1773653517.732857,1773654569.009332,397,133,168.033003,17.380613,1.141306,True
5131,1773653517.732892,1773654555.653220,433,89,141.298227,17.369485,1.408281,True
5132,1773653517.732925,1773654543.536511,912,122,114.785967,13.750259,0.835006,True
5133,1773653517.732972,1773654550.403398,417,125,128.496399,24.243875,0.840746,True
5134,1773653517.733005,1773654543.536601,181,109,114.655596,18.587576,0.889519,True
5135,1773653517.733041,1773654516.349062,200,169,59.948207,0.289141,0.355113,True
5136,1773653517.733071,1773654521.922449,1314,156,70.971447,9.889319,0.394078,True
5137,1773653517.733103,1773654629.575720,1002,411,285.413367,25.819147,0.633157,True
5138,1773653517.733132,1773654639.076410,1045,517,303.895440,15.244331,0.559401,True
5139,1773653517.733162,1773654489.703650,309,18,4.553249,0.383944,0.245253,True
5140,1773653517.733191,1773654498.194024,376,66,21.368403,0.694631,0.318058,True
5141,1773653517.733220,1773654596.562879,1079,418,216.949823,9.867007,0.496601,True
5142,1773653517.733249,1773654565.968241,391,114,155.318447,24.380440,1.158743,True
5143,1773653517.733279,1773654538.068997,460,95,99.374657,14.317218,0.904866,True
5144,1773653517.733308,1773654550.887923,370,66,124.938740,24.270610,1.548740,True
5145,1773653517.733338,1773654649.591402,1017,620,322.327123,21.955068,0.485254,True
5146,1773653517.733382,1773654633.446325,1057,444,290.014117,27.814773,0.591872,True
5147,1773653517.733410,1773654550.456718,197,162,123.772608,9.385063,0.710482,True
5148,1773653517.733439,1773654625.826841,996,378,274.346611,24.525434,0.662656,True
5149,1773653517.733468,1773654516.349221,42,150,54.933563,0.149556,0.367678,True
5150,1773653517.733497,1773654602.857083,1054,444,227.679886,15.778281,0.478333,True
5151,1773653517.733525,1773654534.853575,1002,411,90.277319,1.087280,0.217537,True
5152,1773653517.733558,1773654522.328534,200,162,64.908427,6.451630,0.363086,True
5153,1773653517.733590,1773654611.530051,1340,519,243.084404,17.008724,0.436440,True
5154,1773653517.733620,1773654529.736204,375,79,79.239836,7.839761,0.915386,True
5155,1773653517.733651,1773654539.388687,377,77,98.171459,20.097022,1.027295,True
5156,1773653517.733680,1773654514.243170,387,80,47.860752,6.013729,0.529709,True
5157,1773653517.733709,1773654511.747413,738,20,42.638619,13.766997,1.519559,True
5158,1773653517.733738,1773654520.851764,218,138,60.082301,6.011477,0.394678,True
5159,1773653517.733766,1773654560.716762,419,91,139.664382,24.350865,1.281261,True
5160,1773653517.733794,1773654534.326904,1053,396,86.358107,1.141118,0.215739,True
5161,1773653517.733824,1773654531.548867,400,85,80.737259,6.775788,0.880494,True
5162,1773653517.733854,1773654629.322815,1166,402,276.150415,26.356072,0.622929,True
5163,1773653517.733885,1773654546.912217,378,47,111.302418,26.344531,1.846911,True
5164,1773653517.733918,1773654547.935476,394,99,113.330541,25.603997,0.895169,True
5165,1773653517.733965,1773654597.399740,1066,408,212.174376,12.882268,0.489661,True
5166,1773653517.733996,1773654593.790335,1107,397,203.450764,6.712241,0.496814,True
5167,1773653517.734025,1773654608.640899,1130,460,233.026783,27.981300,0.446722,True
5168,1773653517.734057,1773654536.975166,1133,425,89.674019,6.468958,0.196238,True
5169,1773653517.734089,1773654558.507888,384,85,131.865180,23.679537,1.287924,True
5170,1773653517.734118,1773654550.256826,375,59,115.338313,23.668200,1.580519,True
5171,1773653517.734147,1773654522.316852,1322,185,58.008602,1.350507,0.307924,True
5172,1773653517.734175,1773654506.269999,383,81,25.894338,2.072576,0.297772,True
5173,1773653517.734207,1773654607.084197,1001,444,227.212895,27.996468,0.449698,True
5174,1773653517.734238,1773654628.824636,1128,394,270.523505,28.403463,0.616082,True
5175,1773653517.734267,1773654550.899735,397,161,114.650413,6.872661,0.673611,True
5176,1773653517.734295,1773654599.954440,1020,411,212.594128,15.564579,0.480560,True
5177,1773653517.734324,1773654633.117425,1159,432,278.875176,31.101185,0.574882,True
5178,1773653517.734353,1773654552.125885,10,137,116.678282,15.435456,0.744433,True
5179,1773653517.734381,1773654600.051215,1101,414,212.149409,15.930416,0.475107,True
5180,1773653517.734414,1773654536.192066,420,98,84.179008,6.344569,0.802417,True
5181,1773653517.735588,1773654525.358081,120,12,62.383411,27.308665,3.188613,True
5182,1773653517.735629,1773654629.499741,1092,398,270.646291,31.129323,0.603317,True
5183,1773653517.735660,1773654591.878641,126,194,195.164836,30.486095,0.853258,True
5184,1773653517.735690,1773654599.026506,1099,396,209.440855,18.079929,0.484458,True
5185,1773653517.735726,1773654522.367199,321,18,56.100245,18.068875,2.237139,True
5186,1773653517.735755,1773654556.994961,437,79,125.185192,23.750554,1.300444,True
5187,1773653517.735785,1773654536.088984,1130,396,83.148052,5.947095,0.195445,True
5188,1773653517.735814,1773654530.857522,396,50,72.370995,16.310228,1.144097,True
5189,1773653517.735843,1773654578.844610,1314,153,167.927989,23.271869,0.951685,True
5190,1773653517.735872,1773654496.606134,120,12,3.198373,0.510232,0.244376,True
5191,1773653517.735904,1773654627.198391,1088,375,264.146825,31.571911,0.621858,True
5192,1773653517.735948,1773654583.198504,129,159,176.124100,31.561307,0.914954,True
5193,1773653517.735980,1773654539.868686,324,18,89.441211,33.949417,3.264223,True
5194,1773653517.736016,1773654605.938056,1340,475,221.131134,10.449603,0.444476,True
5195,1773653517.736055,1773654522.619166,311,18,54.240885,17.381567,2.168195,True
5196,1773653517.736085,1773654558.868760,218,167,126.323291,15.274370,0.668969,True
5197,1773653517.736115,1773654520.585664,19,152,49.447032,0.238915,0.325882,True
5198,1773653517.736144,1773654524.119723,127,202,56.492651,0.227689,0.279925,True
5199,1773653517.736173,1773654554.288186,212,162,116.139020,9.603571,0.661711,True
5200,1773653517.736201,1773654605.039607,1046,442,217.392372,18.223916,0.451629,True
5201,1773653517.736230,1773654518.482379,1856,78,43.816329,7.027941,0.477771,True
5202,1773653517.736262,1773654506.349699,401,70,19.465357,0.486861,0.275051,True
5203,1773653517.736290,1773654567.973912,1316,207,141.617385,16.554397,0.607102,True
5204,1773653517.736319,1773654539.265769,380,81,84.068849,13.750545,0.878979,True
5205,1773653517.736347,1773654520.997049,181,110,47.031007,6.120417,0.375327,True
5206,1773653517.736377,1773654537.230888,1095,396,78.552242,3.645490,0.189637,True
5207,1773653517.736422,1773654536.654649,1114,383,77.235440,3.563318,0.192859,True
5208,1773653517.736457,1773654527.092834,414,184,57.795704,7.122341,0.276904,True
5209,1773653517.736486,1773654548.442912,407,116,100.310629,15.432025,0.738075,True
5210,1773653517.736516,1773654601.270499,973,395,205.586520,22.998904,0.463420,True
5211,1773653517.736545,1773654597.666029,1054,388,197.592185,14.985711,0.471851,True
5212,1773653517.736575,1773654522.367114,91,16,46.887794,15.644770,2.082868,True
5213,1773653517.736604,1773654567.680480,881,113,137.134188,20.298572,1.043175,True
5214,1773653517.736633,1773654518.806747,394,82,39.072693,4.331515,0.428903,True
5215,1773653517.736663,1773654527.174929,203,205,55.660955,4.928164,0.248690,True
5216,1773653517.736696,1773654539.954603,1082,414,81.089986,8.023711,0.176916,True
5217,1773653517.736724,1773654539.214242,1126,396,79.442899,9.699157,0.176566,True
5218,1773653517.736757,1773654544.564491,396,99,89.060877,13.685419,0.769137,True
5219,1773653517.736786,1773654559.215628,460,75,117.882729,28.822396,1.203518,True
5220,1773653517.736821,1773654603.019496,1312,237,205.262341,28.273723,0.749952,True
5221,1773653517.736851,1773654562.678810,872,86,124.559766,28.697666,1.127789,True
5222,1773653517.736879,1773654595.049920,129,205,189.091280,28.157305,0.788892,True
5223,1773653517.736908,1773654631.557642,1057,422,261.855108,20.350332,0.573646,True
5224,1773653517.736952,1773654545.889590,373,83,89.442336,20.305795,0.843129,True
5225,1773653517.736984,1773654542.018559,398,88,81.677705,12.540248,0.794683,True
5226,1773653517.737012,1773654601.767056,1099,396,201.070955,21.693537,0.454120,True
5227,1773653517.737044,1773654569.924040,181,216,137.257964,12.560612,0.579988,True
5228,1773653517.737079,1773654525.466068,203,176,47.944579,2.778819,0.258090,True
5229,1773653517.737108,1773654552.505683,1354,130,101.918870,14.233752,0.679730,True
5230,1773653517.737137,1773654539.388395,375,44,74.501006,23.464818,1.186888,True
5231,1773653517.737166,1773654567.050810,181,198,129.550920,13.504646,0.589067,True
5232,1773653517.737195,1773654526.443865,27,159,47.591227,6.543988,0.259793,True
5233,1773653517.737224,1773654538.910735,1164,37,72.253745,24.597785,1.323777,True
5234,1773653517.737252,1773654537.654385,376,64,69.613891,11.720302,0.918946,True
5235,1773653517.737285,1773654630.034854,1073,395,253.981306,29.653062,0.569361,True
5236,1773653517.737319,1773654523.818764,324,18,41.193542,12.558020,1.684442,True
5237,1773653517.737349,1773654599.493269,1021,394,192.291773,14.368207,0.452732,True
5238,1773653517.737393,1773654608.847370,975,442,210.871974,25.243288,0.420927,True
5239,1773653517.737423,1773654600.691675,1114,403,194.434515,14.359074,0.447949,True
5240,1773653517.737451,1773654545.378474,891,93,83.674958,13.003002,0.768173,True
5241,1773653517.737480,1773654539.433542,1045,444,71.146025,2.301725,0.155405,True
5242,1773653517.737509,1773654568.072866,1318,192,127.595902,15.269831,0.588095,True
5243,1773653517.737538,1773654521.815388,381,91,33.870178,4.311955,0.328425,True
5244,1773653517.737567,1773654559.102798,380,71,108.373822,27.781915,1.151313,True
5245,1773653517.737603,1773654522.528794,181,119,34.850337,1.252198,0.284730,True
5246,1773653517.737632,1773654552.005189,181,123,93.616337,12.518719,0.664735,True
5247,1773653517.737661,1773654534.814737,91,16,58.631665,15.482176,2.876633,True
5248,1773653517.737692,1773654634.129139,1053,446,257.240552,18.699824,0.536047,True
5249,1773653517.737721,1773654577.494404,1351,144,143.948362,18.688464,0.875943,True
5250,1773653517.737751,1773654523.984170,181,122,35.422022,2.919193,0.268618,True
5251,1773653517.737780,1773654519.262795,1336,41,25.811062,6.354841,0.486406,True
5252,1773653517.737808,1773654608.026688,1096,433,203.106275,22.933662,0.417066,True
5253,1773653517.737840,1773654612.101211,1089,500,211.150504,13.018730,0.397058,True
5254,1773653517.737872,1773654521.852612,391,105,30.461130,0.485824,0.288224,True
5255,1773653517.737901,1773654520.155059,941,78,25.570938,1.176328,0.316813,True
5256,1773653517.737929,1773654527.733759,203,164,40.272577,5.114302,0.215695,True
5257,1773653517.737975,1773654567.581273,215,194,118.585413,10.750288,0.558731,True
5258,1773653517.738004,1773654562.382702,389,84,108.144106,22.311230,1.034131,True
5259,1773653517.738037,1773654547.822448,429,97,78.939051,13.684642,0.679733,True
5260,1773653517.738067,1773654590.017142,62,180,163.180971,24.271326,0.776032,True
5261,1773653517.738094,1773654566.648548,410,95,116.165612,25.371545,0.965894,True
5262,1773653517.738123,1773654628.401080,996,378,239.650991,25.605979,0.567759,True
5263,1773653517.738155,1773654565.681087,466,103,114.001615,15.528096,0.965427,True
5264,1773653517.738184,1773654600.343863,1030,393,183.141734,11.695387,0.437363,True
5265,1773653517.738212,1773654572.883699,197,217,126.917571,12.612929,0.529188,True
5266,1773653517.738240,1773654521.852711,397,90,24.750002,1.509933,0.261124,True
5267,1773653517.738269,1773654524.599752,881,116,29.481791,2.853286,0.231552,True
5268,1773653517.738298,1773654621.723183,1046,572,223.480781,20.478770,0.355520,True
5269,1773653517.738327,1773654601.360736,973,395,182.628001,13.569010,0.429084,True
5270,1773653517.738359,1773654541.501443,327,18,62.883335,23.877662,2.294451,True
5271,1773653517.738387,1773654541.380254,1089,427,61.918905,3.548912,0.137019,True
5272,1773653517.738419,1773654542.722403,388,80,64.476539,8.554708,0.707871,True
5273,1773653517.738448,1773654636.442330,1100,466,251.830805,17.856405,0.503171,True
5274,1773653517.738477,1773654555.191287,20,129,89.307806,11.500009,0.607873,True
5275,1773653517.738505,1773654523.439924,181,110,24.371805,0.263548,0.221177,True
5276,1773653517.738541,1773654529.736335,209,217,36.818446,0.483357,0.168218,True
5277,1773653517.738572,1773654629.241520,1088,394,235.602571,16.943229,0.556385,True
5278,1773653517.738601,1773654631.119131,1114,400,238.837597,25.309694,0.535158,True
5279,1773653517.738630,1773654552.720216,181,119,81.937403,10.286157,0.607214,True
5280,1773653517.738661,1773654569.785187,194,194,115.941221,11.801100,0.539586,True
5281,1773653517.738694,1773654527.350282,181,173,30.903485,0.276195,0.178066,True
5282,1773653517.738723,1773654530.425502,1318,224,35.978833,1.467768,0.154758,True
5283,1773653517.738753,1773654570.164689,1315,169,115.001599,19.677903,0.567403,True
5284,1773653517.738781,1773654604.980905,1109,436,184.380613,6.248187,0.409500,True
5285,1773653517.738811,1773654561.141801,203,162,96.679916,6.237119,0.561757,True
5286,1773653517.738839,1773654558.442614,69,144,91.197762,9.193620,0.573456,True
5287,1773653517.738867,1773654540.183000,1126,396,54.595628,2.305734,0.132379,True
5288,1773653517.738899,1773654569.452303,206,162,112.988239,20.656947,0.573486,True
5289,1773653517.738929,1773654590.017150,200,179,153.132776,20.486110,0.745206,True
5290,1773653517.738978,1773654562.294627,404,129,96.721515,18.407938,0.611825,True
5291,1773653517.739007,1773654606.922437,1044,414,185.956682,19.119873,0.403963,True
5292,1773653517.739035,1773654599.658668,212,217,170.979321,19.768040,0.700052,True
5293,1773653517.739064,1773654529.626742,1313,204,30.751730,1.745970,0.142886,True
5294,1773653517.739093,1773654523.375450,413,98,18.227920,1.735671,0.170023,True
5295,1773653517.739121,1773654530.519431,1349,177,32.405944,4.471799,0.158717,True
5296,1773653517.739149,1773654582.493045,1320,157,136.187835,15.979427,0.770567,True
5297,1773653517.739178,1773654565.968248,373,99,103.113635,15.968131,0.889240,True
5298,1773653517.739210,1773654631.219144,1073,401,232.788997,22.184603,0.526511,True
