RequestID,ArrivalTime,CompletionTime,InputTokens,OutputTokens,Latency,TTFT,TPOT,Success
0,1773650530.437799,1773650572.246037,374,44,83.265439,1.109851,1.910595,True
1,1773650530.437966,1773650598.526142,396,109,135.803859,4.888390,1.212180,True
2,1773650530.438034,1773650576.479098,879,55,91.689417,4.125225,1.621559,True
3,1773650530.438100,1773650563.150831,91,16,65.010468,5.596728,3.960916,True
4,1773650530.438141,1773650562.775107,91,16,64.237405,3.234174,4.066882,True
5,1773650530.438184,1773650585.683292,381,84,110.032137,4.845456,1.267309,True
6,1773650530.438235,1773650607.176708,1313,142,152.998239,4.082230,1.056142,True
7,1773650530.438277,1773650587.599287,388,84,113.821861,5.553663,1.304436,True
8,1773650530.438317,1773650659.680557,242,14,257.962221,2.965602,19.615125,True
9,1773650530.438363,1773650613.952185,209,152,166.484716,3.180753,1.081483,True
10,1773650530.438406,1773650603.881987,394,124,146.323004,4.791746,1.150661,True
11,1773650530.438449,1773650690.168658,394,59,318.873481,13.405231,5.266694,True
12,1773650530.438487,1773650618.978775,1315,174,176.473208,4.018176,0.996850,True
13,1773650530.438530,1773650729.557773,389,90,397.611370,9.215600,4.363997,True
14,1773650530.438568,1773650597.082860,415,106,132.638050,5.478245,1.211046,True
15,1773650530.438614,1773650658.102593,120,12,254.656744,13.361937,21.935892,True
16,1773650530.438652,1773650582.989824,369,74,104.410601,3.105898,1.387736,True
17,1773650530.438698,1773650783.581739,206,162,505.572791,9.172764,3.083230,True
18,1773650530.438733,1773650769.750099,1353,142,477.889058,3.117500,3.367174,True
19,1773650530.438777,1773650774.437289,197,152,487.240688,9.415244,3.164407,True
20,1773650530.438815,1773650779.223634,181,154,496.791824,13.308670,3.160021,True
21,1773650530.438865,1773650575.183379,388,54,88.688515,4.673506,1.585189,True
22,1773650530.438899,1773650775.545126,203,147,489.388947,9.118814,3.289521,True
23,1773650530.438949,1773650626.536573,126,194,191.353595,3.900168,0.971261,True
24,1773650530.438991,1773650589.653510,389,87,117.565211,5.371507,1.304578,True
25,1773650530.439022,1773650656.054588,91,16,250.345934,11.126354,15.947972,True
26,1773650530.439053,1773650758.579433,181,123,455.373673,7.736256,3.669159,True
27,1773650530.439086,1773650635.895184,191,217,209.983987,2.987948,0.958315,True
28,1773650530.439130,1773650793.402834,27,183,524.977528,13.223510,2.811835,True
29,1773650530.439281,1773650635.008907,203,217,208.170716,4.588919,0.942508,True
30,1773650530.439336,1773650712.174664,398,81,362.477497,9.297795,4.414746,True
31,1773650530.439386,1773650783.894181,126,172,505.895852,11.063026,2.893759,True
32,1773650530.439427,1773650621.766603,209,181,181.621022,3.804019,0.987872,True
33,1773650530.439467,1773650621.432580,209,181,180.931938,5.275524,0.975869,True
34,1773650530.439514,1773650620.571968,28,175,179.189973,2.913168,1.013085,True
35,1773650530.439548,1773650587.778288,437,88,113.579471,4.523307,1.253519,True
36,1773650530.439580,1773650596.232734,181,104,130.465699,3.760681,1.230146,True
37,1773650530.439637,1773650607.058142,203,138,152.095826,5.232157,1.071998,True
38,1773650530.439679,1773650621.250257,200,177,180.459718,2.870313,1.009031,True
39,1773650530.439726,1773650654.115180,91,16,246.165773,7.596780,15.904600,True
40,1773650530.439771,1773650706.925156,1087,401,351.764995,4.469776,0.868238,True
41,1773650530.439809,1773650696.459397,382,64,330.812924,9.178926,5.105302,True
42,1773650530.439855,1773650737.556505,412,102,412.978957,10.943227,3.980552,True
43,1773650530.439893,1773650812.856790,194,217,563.560493,8.892163,2.567909,True
44,1773650530.439959,1773650633.426317,203,217,204.679346,3.673736,0.930582,True
45,1773650530.440005,1773650633.304580,200,217,204.414398,5.145126,0.922543,True
46,1773650530.440053,1773650620.335893,64,174,178.456557,2.783218,1.015453,True
47,1773650530.440096,1773650603.633444,458,123,145.030455,4.394324,1.152755,True
48,1773650530.440140,1773650781.247018,1352,158,500.237166,7.499537,3.138456,True
49,1773650530.440183,1773650992.787752,874,404,923.292920,9.092342,2.268488,True
50,1773650530.440222,1773650578.307787,378,58,94.315804,3.609914,1.591331,True
51,1773650530.440267,1773650563.150820,91,16,63.979762,5.081472,3.926553,True
52,1773650530.440310,1773650590.991180,389,89,119.640717,2.719661,1.328648,True
53,1773650530.440357,1773650624.261093,212,183,186.157764,4.329631,0.999056,True
54,1773650530.440399,1773650688.030727,1085,394,313.675820,3.567634,0.789079,True
55,1773650530.440443,1773650604.905716,407,131,147.405355,5.038706,1.095128,True
56,1773650530.440490,1773650586.048776,396,82,109.671191,2.676950,1.320917,True
57,1773650530.440528,1773650703.299829,1029,399,344.151540,4.287924,0.853929,True
58,1773650530.440575,1773650702.402457,962,399,342.333889,3.524697,0.851279,True
59,1773650530.440613,1773650811.784788,203,217,561.073931,10.761468,2.547743,True
60,1773650530.440658,1773650592.823562,898,94,123.130791,4.984322,1.270392,True
61,1773650530.440695,1773650836.627317,181,253,610.717174,7.360181,2.394274,True
62,1773650530.440740,1773650659.619972,320,18,256.680562,8.953658,14.572171,True
63,1773650530.440776,1773650961.537289,1119,414,860.496961,12.847472,2.052420,True
64,1773650530.440821,1773650615.274207,124,157,167.949034,2.590505,1.059991,True
65,1773650530.440855,1773650621.819776,1313,179,181.018175,4.201329,0.993353,True
66,1773650530.440892,1773650889.537815,1096,383,716.431649,10.685899,1.847502,True
67,1773650530.440958,1773650743.402334,400,102,424.137198,7.295591,4.127145,True
68,1773650530.441003,1773651059.074753,1057,424,1055.461691,8.888600,2.474168,True
69,1773650530.441035,1773650615.333333,203,162,167.958989,3.405683,1.022070,True
70,1773650530.441065,1773650632.492481,1314,216,202.254158,4.876884,0.918034,True
71,1773650530.441094,1773650593.405243,2,93,124.058612,2.514993,1.321126,True
72,1773650530.441129,1773650992.918529,1065,409,923.060889,10.620367,2.236374,True
73,1773650530.441159,1773650578.366204,372,60,93.934658,4.113447,1.522393,True
74,1773650530.441191,1773650688.030556,1104,394,313.241995,6.511799,0.780484,True
75,1773650530.441225,1773650717.540295,1075,415,372.241347,4.822412,0.887485,True
76,1773650530.441255,1773650676.032025,1225,372,289.204254,2.460633,0.772894,True
77,1773650530.441285,1773650728.408555,1118,426,393.936708,7.276944,0.909788,True
78,1773650530.441319,1773650743.402327,380,102,423.899405,7.176811,4.125966,True
79,1773650530.441366,1773650919.506299,1133,385,776.086729,8.770229,1.998220,True
80,1773650530.441408,1773650785.252171,42,167,507.558368,8.495278,3.006404,True
81,1773650530.441439,1773650676.591232,1140,377,290.216257,6.437671,0.754730,True
82,1773650530.441469,1773650629.231644,126,203,195.474290,4.747523,0.944192,True
83,1773650530.441502,1773650719.882993,431,84,376.753213,12.631242,4.387012,True
84,1773650530.441555,1773650726.356953,1115,421,389.681298,2.374628,0.922159,True
85,1773650530.441600,1773650788.451961,206,179,513.847686,10.481309,2.827901,True
86,1773650530.441642,1773650590.867331,400,91,118.659224,7.179836,1.238660,True
87,1773650530.441688,1773650907.714873,1123,396,752.331364,8.419818,1.883320,True
88,1773650530.441720,1773650913.110448,862,379,763.100535,7.068810,2.000084,True
89,1773650530.441759,1773650723.283798,859,422,383.427722,6.350571,0.895670,True
90,1773650530.441804,1773650930.981242,890,402,798.799204,12.555762,1.960707,True
91,1773650530.441847,1773650722.279601,1192,419,381.375992,4.650251,0.901258,True
92,1773650530.441885,1773650989.796377,899,403,916.385433,8.629254,2.258100,True
93,1773650530.441927,1773650638.568758,163,224,213.909634,2.276431,0.949028,True
94,1773650530.441988,1773650808.909617,181,212,554.569753,8.342924,2.588753,True
95,1773650530.442032,1773650587.778134,416,88,112.283993,7.081430,1.209225,True
96,1773650530.442075,1773650991.738035,1163,426,920.180502,12.489958,2.135742,True
97,1773650530.442115,1773650562.606337,243,14,61.900049,6.264403,4.279665,True
98,1773650530.442160,1773650731.311214,1041,428,399.288321,7.739212,0.916977,True
99,1773650530.442192,1773650611.782364,1350,146,160.209298,2.212871,1.089631,True
100,1773650530.442221,1773650698.800891,1104,396,334.224151,7.029048,0.828342,True
101,1773650530.442250,1773650728.590156,1127,426,393.782675,6.221869,0.911908,True
102,1773650530.442279,1773650715.797653,1114,414,368.174521,7.696225,0.872829,True
103,1773650530.442309,1773650702.578662,1083,396,341.715956,5.418803,0.851385,True
104,1773650530.442338,1773650619.525904,1313,173,175.589259,6.986210,0.980250,True
105,1773650530.442367,1773650901.474550,888,395,739.462405,8.225601,1.855931,True
106,1773650530.442400,1773650758.442193,13,130,453.375317,10.254610,3.435044,True
107,1773650530.442429,1773650588.573892,874,89,113.619152,6.156723,1.221164,True
108,1773650530.442458,1773650961.119871,1065,395,858.679339,6.852976,2.161996,True
109,1773650530.442490,1773650728.709326,1157,426,393.847196,7.621056,0.908767,True
110,1773650530.442520,1773650691.273623,1077,390,318.954075,5.342897,0.806198,True
111,1773650530.442549,1773650714.338554,1149,411,365.059901,6.910283,0.873536,True
112,1773650530.442578,1773650683.522134,996,389,303.409032,6.102825,0.766253,True
113,1773650530.442607,1773650953.762256,990,394,843.867166,8.403203,2.125863,True
114,1773650530.442636,1773650623.246859,197,183,182.805415,7.566716,0.962850,True
115,1773650530.442666,1773650635.895005,197,217,208.086584,5.288961,0.938878,True
116,1773650530.442698,1773650944.917677,1378,407,826.111918,12.275309,2.004524,True
117,1773650530.442727,1773650982.534227,1214,421,901.323796,8.096499,2.126732,True
118,1773650530.442756,1773650676.152760,1016,375,288.540524,6.834862,0.753224,True
119,1773650530.442784,1773650700.769143,1186,398,337.752407,6.027507,0.835579,True
120,1773650530.442817,1773650728.709336,1100,426,393.609611,7.502167,0.908488,True
121,1773650530.442850,1773650635.895188,218,217,207.959872,5.224958,0.938588,True
122,1773650530.442879,1773650722.227412,1232,419,380.604363,6.791962,0.894288,True
123,1773650530.442908,1773650715.920410,975,416,367.962240,9.037833,0.864878,True
124,1773650530.442956,1773650633.304425,209,217,202.714520,7.459737,0.903957,True
125,1773650530.442992,1773650587.659458,181,85,111.404845,5.182672,1.264550,True
126,1773650530.443021,1773650685.116516,1029,388,306.297111,9.867842,0.765967,True
127,1773650530.443050,1773651027.212314,888,418,990.465936,10.029690,2.351166,True
128,1773650530.443080,1773650674.301046,1113,375,284.623783,8.985278,0.737001,True
129,1773650530.443109,1773650774.988561,1035,520,485.975358,7.406750,0.922098,True
130,1773650530.443138,1773650731.135850,1009,425,398.249472,5.128751,0.927172,True
131,1773650530.443167,1773651106.993926,869,450,1149.934310,6.607098,2.546386,True
132,1773650530.443195,1773650731.255207,1183,431,398.448078,9.803929,0.903824,True
133,1773650530.443224,1773650693.478892,972,395,322.873001,8.931872,0.796805,True
134,1773650530.443253,1773650693.715700,1097,396,323.322728,7.353455,0.799922,True
135,1773650530.443288,1773650624.879089,206,183,185.629610,5.075353,0.992056,True
136,1773650530.443317,1773650631.512674,181,208,198.875593,9.760337,0.913600,True
137,1773650530.443347,1773650628.381743,1316,200,192.591962,8.888010,0.923135,True
138,1773650530.443378,1773651110.233202,908,456,1156.271350,8.135204,2.523376,True
139,1773650530.443408,1773651044.721409,1094,422,1025.226490,9.900098,2.411702,True
140,1773650530.443440,1773650724.707329,996,422,385.176792,10.362318,0.890296,True
141,1773650530.443474,1773650590.991452,420,89,117.723096,5.009992,1.280831,True
142,1773650530.443521,1773650681.634748,1112,385,298.989830,9.695879,0.753370,True
143,1773650530.443550,1773650696.624719,1133,396,328.948297,8.823535,0.810442,True
144,1773650530.443579,1773650935.815727,890,403,807.308871,11.974976,1.978443,True
145,1773650530.443608,1773650570.818033,833,36,77.290797,10.308859,1.913770,True
146,1773650530.443637,1773650732.479969,1093,426,400.593002,4.956282,0.930910,True
147,1773650530.443666,1773650632.201486,206,211,200.014555,9.641296,0.906539,True
148,1773650530.443694,1773650742.648072,898,454,420.884867,8.769219,0.909748,True
149,1773650530.443723,1773650620.744298,1312,180,177.057439,10.265165,0.931800,True
150,1773650530.443752,1773650702.578510,1129,396,340.702296,4.911911,0.850102,True
151,1773650530.443781,1773650694.918782,375,67,325.359032,6.389920,4.832865,True
152,1773650530.443810,1773651062.659517,862,425,1060.820125,13.417515,2.470289,True
153,1773650530.443842,1773650621.819862,167,179,179.119299,9.575559,0.952493,True
154,1773650530.443871,1773651010.217695,914,414,955.890387,9.737829,2.290926,True
155,1773650530.443900,1773650633.426161,209,217,202.290112,8.693316,0.896281,True
156,1773650530.443929,1773651206.780180,982,594,1348.976975,7.676706,2.261889,True
157,1773650530.443978,1773650614.974509,200,161,165.345365,10.179484,0.969787,True
158,1773650530.444008,1773650778.686766,1313,156,492.747734,6.316254,3.138268,True
159,1773650530.444040,1773650721.131792,999,416,377.618062,4.816340,0.898317,True
160,1773650530.444070,1773650901.594651,1084,397,738.519701,11.802331,1.835145,True
161,1773650530.444100,1773650597.263368,399,106,129.836427,9.490680,1.146150,True
162,1773650530.444129,1773650803.935454,1065,594,543.159879,8.618441,0.901419,True
163,1773650530.444161,1773651031.642610,1036,446,998.550607,7.601590,2.226852,True
164,1773650530.444190,1773650977.329687,1243,398,889.904066,13.289470,2.208097,True
165,1773650530.444219,1773650895.286136,1128,384,725.795346,9.619479,1.869911,True
166,1773650530.444247,1773650901.493704,1000,375,738.185448,11.359034,1.943386,True
167,1773650530.444276,1773650578.189399,992,56,91.557828,10.070673,1.481585,True
168,1773650530.444421,1773650589.170607,920,87,113.498820,7.751026,1.229626,True
169,1773650530.444466,1773650685.116674,1040,388,305.367420,9.403027,0.764766,True
170,1773650530.444508,1773650739.561594,411,101,414.227628,13.223382,4.010042,True
171,1773650530.444546,1773650721.800517,900,91,378.684738,14.944843,4.041554,True
172,1773650530.444593,1773650726.415693,1018,425,387.901517,11.517342,0.887699,True
173,1773650530.444634,1773650749.076271,395,99,433.198553,19.092153,4.225576,True
174,1773650530.444681,1773650633.304586,209,217,201.634197,9.994518,0.887221,True
175,1773650530.444714,1773650751.830446,181,113,438.660685,11.260614,3.816072,True
176,1773650530.444744,1773651027.470144,1118,414,989.922029,13.157724,2.365047,True
177,1773650530.444774,1773650697.696807,972,392,330.354632,7.652553,0.825325,True
178,1773650530.444803,1773650683.506765,1847,53,301.952200,15.109322,5.516209,True
179,1773650530.444832,1773650593.525398,392,96,121.968654,9.294511,1.186044,True
180,1773650530.444865,1773650810.674021,197,217,556.241844,19.015785,2.487158,True
181,1773650530.444894,1773650710.239547,975,409,355.351813,11.418994,0.842973,True
182,1773650530.444929,1773650738.967779,1025,443,412.787047,9.907120,0.911493,True
183,1773650530.444997,1773650686.926901,1027,388,308.685354,7.587756,0.778030,True
184,1773650530.445049,1773650712.273796,1143,409,359.357376,9.240154,0.858130,True
185,1773650530.445086,1773650688.030714,1028,394,310.847983,11.376304,0.762014,True
186,1773650530.445130,1773650705.035569,874,402,344.838984,9.865063,0.835346,True
187,1773650530.445162,1773650762.849563,997,492,460.445415,7.545169,0.922404,True
188,1773650530.445191,1773650823.769818,72,245,582.261948,15.001608,2.324837,True
189,1773650530.445220,1773650700.827826,851,397,336.359755,9.187190,0.826193,True
190,1773650530.445250,1773650590.807077,408,91,116.295326,11.323382,1.166355,True
191,1773650530.445279,1773651204.292312,1113,531,1343.244979,14.729006,2.506634,True
192,1773650530.445313,1773650617.427493,1313,170,169.495844,12.782370,0.927299,True
193,1773650530.445343,1773651065.046364,1083,426,1064.700394,11.067661,2.479136,True
194,1773650530.445392,1773650700.705390,1139,394,336.009114,7.471188,0.835974,True
195,1773650530.445431,1773651086.471033,978,437,1107.515204,12.954828,2.510460,True
196,1773650530.445476,1773650611.423177,26,146,157.402034,9.113656,1.022678,True
197,1773650530.445518,1773650694.654775,386,61,323.844572,18.835611,5.083483,True
198,1773650530.445554,1773650712.214385,1074,411,358.944191,11.239565,0.848060,True
199,1773650530.445599,1773650615.215456,209,162,164.923560,12.708824,0.945433,True
200,1773650530.445632,1773650744.469675,1099,455,423.409820,7.407836,0.916304,True
201,1773650530.445669,1773650561.770584,120,12,57.991122,9.060822,4.448209,True
202,1773650530.445715,1773650618.742092,126,173,171.912974,11.196758,0.934397,True
203,1773650530.445746,1773650772.268614,416,140,478.940822,14.843169,3.338832,True
204,1773650530.445775,1773650718.743123,394,83,371.868711,18.760704,4.306195,True
205,1773650530.445810,1773650958.422668,1043,399,851.204018,14.580355,2.102070,True
206,1773650530.445855,1773650693.715688,1099,396,321.770755,12.632897,0.782627,True
207,1773650530.445888,1773650721.523100,857,91,377.362445,10.917846,4.071607,True
208,1773650530.445922,1773650635.895192,209,217,206.086690,7.321525,0.920209,True
209,1773650530.445991,1773650672.207184,1109,365,278.692425,11.890948,0.732971,True
210,1773650530.446032,1773651092.478182,993,441,1119.210189,12.794258,2.514582,True
211,1773650530.446077,1773650719.654665,888,418,373.541633,11.098809,0.869167,True
212,1773650530.446109,1773650681.692223,1141,388,297.596509,12.568269,0.736507,True
213,1773650530.446138,1773650930.882427,1067,394,795.953391,14.494255,1.988446,True
214,1773650530.446175,1773651058.945532,1116,423,1052.055779,10.842770,2.467329,True
215,1773650530.446221,1773650584.883312,416,79,103.913831,7.245946,1.239332,True
216,1773650530.446252,1773651210.595096,1126,520,1355.314821,12.729592,2.586869,True
217,1773650530.446282,1773650791.526419,203,179,517.154614,14.691605,2.822826,True
218,1773650530.446311,1773650610.345397,379,144,154.772704,11.793221,0.999857,True
219,1773650530.446340,1773650615.816217,56,164,165.693564,11.012702,0.948962,True
220,1773650530.446369,1773650711.601805,1232,410,357.244104,12.482404,0.842938,True
221,1773650530.446398,1773650775.812414,209,162,485.642239,14.408400,2.926918,True
222,1773650530.446427,1773650784.020081,206,162,502.035970,18.566444,3.002916,True
223,1773650530.446460,1773650912.300581,1083,378,758.575734,10.745724,1.983634,True
224,1773650530.446490,1773650624.879407,171,183,183.710503,7.149003,0.970118,True
225,1773650530.446527,1773651072.876467,982,429,1079.681214,12.632047,2.493106,True
226,1773650530.446570,1773650575.183547,374,54,84.275640,11.706995,1.369220,True
227,1773650530.446608,1773650968.059361,1019,413,870.007138,14.583391,2.076271,True
228,1773650530.446653,1773650805.461515,126,205,544.789291,14.332596,2.600278,True
229,1773650530.446686,1773650968.166545,1147,396,870.175942,10.681577,2.175935,True
230,1773650530.446716,1773650731.194712,1078,428,396.212844,10.894247,0.902385,True
231,1773650530.446745,1773650715.023363,883,413,363.849253,12.363673,0.853120,True
232,1773650530.446780,1773650635.895176,169,217,205.569872,7.062713,0.919015,True
233,1773650530.446830,1773651072.876475,1094,429,1079.509095,17.823954,2.480573,True
234,1773650530.446863,1773650998.232883,1001,427,930.204612,18.437098,2.140299,True
235,1773650530.446892,1773650725.177413,391,93,384.067313,14.257574,4.019671,True
236,1773650530.446922,1773650936.244274,1085,388,806.182728,10.606068,2.055754,True
237,1773650530.446976,1773650696.688651,1064,395,327.051861,11.589249,0.800667,True
238,1773650530.447021,1773650961.415439,1070,411,856.480347,14.465672,2.053694,True
239,1773650530.447060,1773651180.199893,972,575,1294.029080,18.382952,2.222380,True
240,1773650530.447104,1773650688.030735,1099,394,309.668798,14.021853,0.752282,True
241,1773650530.447149,1773650877.346562,980,384,688.279608,14.432831,1.759391,True
242,1773650530.447193,1773650686.869822,1057,393,307.304298,12.244637,0.752703,True
243,1773650530.447226,1773651010.078981,1082,409,953.701520,17.716009,2.294082,True
244,1773650530.447263,1773650925.587166,1072,400,784.696006,18.329559,1.920718,True
245,1773650530.447307,1773650733.586166,385,98,400.668948,14.149375,3.984738,True
246,1773650530.447339,1773650609.253394,78,141,151.987256,6.912447,1.036249,True
247,1773650530.447374,1773650595.307590,412,100,124.074499,11.481629,1.137302,True
248,1773650530.447429,1773650681.805477,1027,388,297.048881,13.936429,0.731557,True
249,1773650530.447460,1773650748.563850,1146,466,430.545271,15.480172,0.892613,True
250,1773650530.447490,1773650723.470829,994,419,380.326607,9.934909,0.886105,True
251,1773650530.447520,1773650597.747394,846,108,128.868105,11.438621,1.097472,True
252,1773650530.447549,1773651014.544914,1140,430,962.437969,14.314675,2.210078,True
253,1773650530.447579,1773651244.039521,1059,649,1421.407018,18.232447,2.165393,True
254,1773650530.447612,1773650811.513840,1354,200,556.335067,15.607238,2.717225,True
255,1773650530.447642,1773650789.158731,167,171,511.601589,14.282342,2.925407,True
256,1773650530.447671,1773650574.129064,1792,50,81.523965,13.850293,1.381095,True
257,1773650530.447704,1773650605.624918,40,134,144.495414,15.394350,0.970685,True
258,1773650530.447737,1773650754.287748,407,104,441.796394,18.179975,4.112781,True
259,1773650530.447781,1773650961.415428,1065,411,856.032178,21.717189,2.034915,True
260,1773650530.447829,1773650821.815796,181,241,576.811316,18.158313,2.327721,True
261,1773650530.447865,1773650607.116261,1314,137,147.391755,9.817515,1.011575,True
262,1773650530.447907,1773650604.847320,181,128,142.833762,11.321495,1.035530,True
263,1773650530.447962,1773650630.301272,163,205,193.720482,13.776336,0.882079,True
264,1773650530.448004,1773650592.380198,2,93,117.856611,15.319661,1.114532,True
265,1773650530.448042,1773650804.245615,1314,203,541.561761,21.651465,2.573813,True
266,1773650530.448092,1773650953.762409,1056,394,840.572953,17.469233,2.094412,True
267,1773650530.448124,1773651082.889651,978,442,1098.808475,13.913672,2.460079,True
268,1773650530.448154,1773651172.552678,1217,565,1278.114417,18.072148,2.234117,True
269,1773650530.448184,1773650707.044704,1056,398,347.075933,9.731004,0.849735,True
270,1773650530.448214,1773651101.792441,951,445,1136.549603,15.435630,2.525031,True
271,1773650530.448243,1773650706.924869,1233,401,346.792549,11.223427,0.838923,True
272,1773650530.448273,1773650789.537474,1317,169,511.992237,17.403739,2.943979,True
273,1773650530.448303,1773651129.621876,1103,520,1192.142347,21.565380,2.255447,True
274,1773650530.448333,1773650674.301199,887,375,281.478108,13.654432,0.716106,True
275,1773650530.448363,1773650693.715057,1123,396,320.283299,15.198998,0.772365,True
276,1773650530.448396,1773650886.038499,1095,379,704.908924,13.815472,1.828290,True
277,1773650530.448426,1773650978.613926,1079,419,890.037271,24.902991,2.069699,True
278,1773650530.448455,1773650724.764137,1073,420,382.318057,9.632303,0.889465,True
279,1773650530.448485,1773651027.345100,1147,413,987.457051,15.336977,2.359515,True
280,1773650530.448514,1773650624.260910,212,183,181.268651,11.125537,0.934852,True
281,1773650530.448544,1773650585.182601,411,81,103.090039,13.580022,1.118875,True
282,1773650530.448584,1773650706.516774,380,76,345.734301,21.467904,4.323552,True
283,1773650530.448631,1773650749.662910,990,468,432.008204,15.113168,0.892709,True
284,1773650530.448662,1773650717.596992,1106,414,367.855170,9.568276,0.867523,True
285,1773650530.448693,1773650894.460151,1117,396,721.556654,24.817573,1.763896,True
286,1773650530.448722,1773650698.800901,1147,396,330.220299,11.061270,0.807998,True
287,1773650530.448752,1773650620.630473,127,178,173.859578,13.516660,0.905892,True
288,1773650530.448781,1773650998.358610,1021,428,929.292282,21.403995,2.126202,True
289,1773650530.448812,1773650688.142574,1081,394,308.841233,15.049619,0.747561,True
290,1773650530.448840,1773650700.705379,1104,394,333.945222,9.505027,0.825548,True
291,1773650530.448869,1773651002.833527,1149,429,938.178459,24.753721,2.134170,True
292,1773650530.448898,1773650718.837278,399,86,370.165350,17.189936,4.152652,True
293,1773650530.448946,1773650898.418209,1127,385,729.298881,18.780555,1.850308,True
294,1773650530.448978,1773650585.928975,766,85,104.306643,14.138496,1.073430,True
295,1773650530.449014,1773650968.166407,1073,396,868.760297,15.166960,2.160996,True
296,1773650530.449045,1773650563.488293,91,16,59.381569,13.420647,3.064061,True
297,1773650530.449075,1773650705.036018,922,402,342.454001,14.963821,0.816684,True
298,1773650530.449104,1773650637.056919,1314,220,206.476548,12.591902,0.885318,True
299,1773650530.449134,1773650967.669637,1049,396,867.674496,17.114177,2.153317,True
300,1773650530.449163,1773650703.299915,1048,399,338.918554,14.073202,0.816194,True
301,1773650530.449193,1773650981.090604,1180,404,894.475867,18.693845,2.173156,True
302,1773650530.449241,1773650633.426322,194,217,199.127353,13.355579,0.860055,True
303,1773650530.449278,1773650693.715214,1063,396,319.683027,14.898821,0.771606,True
304,1773650530.449308,1773650819.175989,206,217,570.574976,15.069016,2.571787,True
305,1773650530.449337,1773650684.998774,1083,386,302.208507,12.515730,0.752449,True
306,1773650530.449378,1773650735.656652,1016,436,403.501451,14.007761,0.895388,True
307,1773650530.449496,1773650730.398574,958,427,392.959871,13.300459,0.891219,True
308,1773650530.449533,1773650563.150836,91,16,58.446674,14.844317,2.906824,True
309,1773650530.449563,1773650563.838633,335,18,59.798781,12.471877,2.783936,True
310,1773650530.449598,1773650600.990905,895,114,134.081018,13.963991,1.062983,True
311,1773650530.449630,1773650781.174177,1004,532,494.428373,13.257386,0.906160,True
312,1773650530.449659,1773650822.218216,194,223,576.493136,16.973318,2.520360,True
313,1773650530.449688,1773650730.515762,1001,427,393.068960,14.790685,0.887977,True
314,1773650530.449718,1773650691.274065,954,390,314.562685,12.418654,0.776720,True
315,1773650530.449747,1773650812.856794,203,217,557.706400,21.112737,2.484230,True
316,1773650530.449776,1773650870.649176,980,385,673.269106,24.483618,1.689546,True
317,1773650530.449805,1773650667.706667,91,24,267.363911,18.520741,10.819268,True
318,1773650530.449834,1773650743.402156,428,102,418.732040,14.918598,3.998153,True
319,1773650530.449863,1773650598.772982,878,110,129.454848,13.868631,1.060424,True
320,1773650530.449891,1773650615.816125,212,164,163.519406,16.176579,0.903944,True
321,1773650530.449920,1773650712.335350,982,411,356.537210,17.802994,0.826181,True
322,1773650530.449971,1773650790.049993,445,174,511.944231,21.038263,2.837607,True
323,1773650530.450004,1773650723.248036,394,86,378.317950,24.408990,4.163635,True
324,1773650530.450034,1773650726.356570,1023,421,384.515728,12.311935,0.886200,True
325,1773650530.450063,1773650613.139634,1314,152,158.059758,13.804410,0.955333,True
326,1773650530.450092,1773650721.729207,1009,420,375.217876,16.112514,0.857053,True
327,1773650530.450121,1773650674.417591,1007,375,280.573263,17.738454,0.702767,True
328,1773650530.450154,1773650889.788034,1161,373,711.279786,16.802506,1.866874,True
329,1773650530.450186,1773651058.808109,1067,429,1049.309230,18.392312,2.408684,True
330,1773650530.450221,1773651010.338468,1038,409,952.350187,14.789532,2.297943,True
331,1773650530.450254,1773650728.530374,1136,422,388.712425,12.236504,0.894242,True
332,1773650530.450283,1773650818.918227,169,217,569.461517,16.758658,2.558810,True
333,1773650530.450312,1773650660.152541,313,18,251.912304,18.348723,13.739034,True
334,1773650530.450343,1773650796.937538,1116,574,525.461582,13.707127,0.893114,True
335,1773650530.450393,1773650767.370740,1240,501,466.306839,16.015502,0.900583,True
336,1773650530.450425,1773650579.420991,1060,58,90.385096,17.641389,1.276205,True
337,1773650530.450455,1773650618.209976,209,167,167.749471,12.075707,0.937794,True
338,1773650530.450488,1773650759.906450,428,108,451.123154,20.770657,4.021986,True
339,1773650530.450516,1773650715.979260,1093,414,363.246359,16.760734,0.838948,True
340,1773650530.450549,1773650800.124813,1045,585,531.514990,15.865246,0.882962,True
341,1773650530.450578,1773650598.586051,435,111,128.416425,17.491286,1.008410,True
342,1773650530.450607,1773650885.013384,1037,390,701.247962,24.108529,1.740718,True
343,1773650530.450637,1773650730.253067,422,95,391.707400,14.554000,4.012270,True
344,1773650530.450669,1773650802.016249,1313,201,535.212074,20.705074,2.572535,True
345,1773650530.450698,1773650889.146348,1184,394,709.447460,24.076355,1.743947,True
346,1773650530.450730,1773650702.578655,1001,396,336.293854,11.979292,0.821050,True
347,1773650530.450759,1773650683.581414,890,387,298.279378,16.675328,0.729544,True
348,1773650530.450788,1773650606.699255,181,140,144.492970,15.780065,0.925992,True
349,1773650530.450820,1773650916.818176,1119,397,764.707361,27.729273,1.861056,True
350,1773650530.450852,1773650725.458515,407,92,381.967648,21.686591,3.959132,True
351,1773650530.450883,1773650681.692214,1188,388,294.415755,17.385297,0.715841,True
352,1773650530.450913,1773650881.609187,1016,375,694.226321,18.049497,1.807959,True
353,1773650530.450958,1773650721.898224,1095,417,374.783752,15.021219,0.864814,True
354,1773650530.450988,1773650696.688565,1027,395,324.343746,16.600050,0.781075,True
355,1773650530.451017,1773650743.840508,1102,455,418.624006,15.704420,0.887488,True
356,1773650530.451046,1773651002.833521,1026,429,936.588390,31.127696,2.115562,True
357,1773650530.451076,1773650582.697858,1996,70,96.298006,17.320634,1.144600,True
358,1773650530.451105,1773650608.221400,1314,139,147.322129,14.967070,0.959095,True
359,1773650530.451134,1773650619.526082,181,173,169.911027,16.546336,0.891655,True
360,1773650530.451164,1773650698.741721,1049,397,328.321020,15.651365,0.789570,True
361,1773650530.451196,1773651034.722508,1132,414,1000.252197,19.871857,2.373802,True
362,1773650530.451225,1773650921.588000,1088,386,773.967452,21.556865,1.954313,True
363,1773650530.451254,1773650807.006915,125,205,544.785518,27.577676,2.535333,True
364,1773650530.451283,1773650616.717667,206,167,164.185982,17.244538,0.885189,True
365,1773650530.451315,1773650706.360852,376,73,343.449477,31.030743,4.339149,True
366,1773650530.451345,1773650802.443537,127,198,535.593817,17.898457,2.627895,True
367,1773650530.451376,1773650598.652893,404,109,127.991020,14.870135,1.047416,True
368,1773650530.451406,1773650712.274054,1026,409,355.211951,16.448808,0.830302,True
369,1773650530.451435,1773650688.030731,1199,394,306.702163,15.553505,0.740836,True
370,1773650530.451464,1773650660.520449,91,16,251.660642,27.502755,14.943859,True
371,1773650530.451499,1773650724.707070,1013,422,380.014611,20.370692,0.854261,True
372,1773650530.451532,1773650949.203191,990,392,828.983366,19.753084,2.069643,True
373,1773650530.451581,1773650629.757102,1314,200,190.069997,14.805075,0.880728,True
374,1773650530.451613,1773650764.411557,1069,499,459.356254,16.384101,0.889502,True
375,1773650530.451647,1773650774.069971,1017,519,478.651926,18.692989,0.887952,True
376,1773650530.451677,1773650793.402675,200,183,517.295033,30.910895,2.672440,True
377,1773650530.451706,1773650629.462441,124,204,189.394809,20.305362,0.832953,True
378,1773650530.451739,1773650949.323986,895,393,829.095630,21.384326,2.060488,True
379,1773650530.451774,1773650600.388052,399,112,131.202537,14.740731,1.049205,True
380,1773650530.451807,1773650740.351057,410,95,411.106920,27.395165,4.082040,True
381,1773650530.451838,1773650906.758606,1107,388,743.889379,17.736742,1.876363,True
382,1773650530.451867,1773650819.176015,212,217,568.706061,19.645501,2.541947,True
383,1773650530.451896,1773650681.634653,1007,385,293.609316,16.287256,0.722193,True
384,1773650530.451926,1773651246.717269,1052,652,1423.751523,30.825685,2.139671,True
385,1773650530.451977,1773650681.805485,1143,388,293.908856,18.585710,0.711429,True
386,1773650530.452021,1773650565.535044,307,18,61.345328,20.208890,2.419790,True
387,1773650530.452050,1773650592.198036,392,91,114.651753,14.654798,1.111077,True
388,1773650530.452080,1773650802.715538,129,185,535.661492,21.277129,2.795567,True
389,1773650530.452109,1773650615.392664,129,159,160.998010,16.222825,0.916299,True
390,1773650530.452139,1773651018.004632,936,431,966.199710,27.287538,2.183517,True
391,1773650530.452168,1773650805.375504,128,205,540.920106,30.750721,2.500830,True
392,1773650530.452197,1773650906.758615,1025,388,743.652636,17.618840,1.876056,True
393,1773650530.452227,1773650633.426311,203,217,196.977883,18.499928,0.826287,True
394,1773650530.452256,1773650733.723455,431,97,397.551494,19.516540,3.937864,True
395,1773650530.452289,1773650693.715671,1000,396,317.512860,20.112329,0.752913,True
396,1773650530.452322,1773650767.311993,1045,496,464.684557,14.557605,0.909347,True
397,1773650530.452351,1773650627.283111,165,192,184.604511,16.136199,0.882033,True
398,1773650530.452384,1773650732.535049,1163,429,395.088334,18.445608,0.880006,True
399,1773650530.452414,1773651266.933924,1143,580,1463.862862,21.158089,2.491718,True
400,1773650530.452444,1773650683.406249,1012,389,296.786714,20.058124,0.713218,True
401,1773650530.452473,1773651022.089056,1121,433,974.131990,27.168837,2.192044,True
402,1773650530.452502,1773650676.908706,971,373,283.748573,14.492845,0.723806,True
403,1773650530.452532,1773650884.343103,1088,377,698.594890,22.770762,1.797405,True
404,1773650530.452561,1773650763.712629,1028,498,457.313503,16.061224,0.887832,True
405,1773650530.452591,1773650812.315342,127,202,554.496434,19.397782,2.662182,True
406,1773650530.452620,1773650673.065892,1139,371,275.978323,18.360193,0.696265,True
407,1773650530.452649,1773651027.470002,1100,414,984.764042,21.072806,2.333393,True
408,1773650530.452681,1773650935.815580,1019,403,801.434064,30.567512,1.917578,True
409,1773650530.452711,1773650738.967769,1022,443,407.717340,19.961850,0.877275,True
410,1773650530.452741,1773650676.908990,1176,373,283.578924,17.535090,0.715172,True
411,1773650530.452770,1773650944.792545,1007,403,819.323094,27.061970,1.970799,True
412,1773650530.452803,1773650676.436792,382,38,282.590230,30.525230,6.812568,True
413,1773650530.452832,1773650597.505229,396,107,124.708375,19.057717,0.996704,True
414,1773650530.452861,1773650775.545146,401,147,480.762978,27.030327,3.107758,True
415,1773650530.452890,1773650605.271438,882,135,140.195476,18.263636,0.909939,True
416,1773650530.452919,1773650732.657451,1161,429,394.947425,19.886953,0.876310,True
417,1773650530.452966,1773650773.018061,21,139,475.643846,30.471475,3.225887,True
418,1773650530.452996,1773650681.753042,1053,383,293.097033,17.449529,0.721590,True
419,1773650530.453026,1773650737.556659,402,102,404.679877,22.600302,3.782966,True
420,1773650530.453055,1773651085.472786,1037,434,1100.491326,19.237761,2.497121,True
421,1773650530.453084,1773651105.090209,945,504,1139.706120,26.955529,2.212228,True
422,1773650530.453114,1773650708.935148,1050,403,347.375027,18.961887,0.816948,True
423,1773650530.453147,1773650680.773404,1036,386,291.031485,18.178823,0.708708,True
424,1773650530.453177,1773650957.597008,1062,413,844.654914,30.397113,1.976354,True
425,1773650530.453207,1773650925.704696,1070,398,780.849043,26.912733,1.899084,True
426,1773650530.453236,1773650621.432427,206,181,172.283319,19.780326,0.847239,True
427,1773650530.453265,1773650605.210675,419,130,139.819480,17.353409,0.949349,True
428,1773650530.453300,1773650763.798796,181,132,456.974341,20.849142,3.329200,True
429,1773650530.453335,1773650717.717384,1127,415,364.789482,18.886785,0.835514,True
430,1773650530.453376,1773650688.030722,1043,394,305.392492,18.103417,0.731015,True
431,1773650530.453407,1773650744.516560,413,95,418.344167,30.322011,4.127895,True
432,1773650530.453437,1773650677.320224,934,378,283.932975,19.716573,0.700839,True
433,1773650530.453466,1773650679.673155,1039,379,288.616911,17.289745,0.717797,True
434,1773650530.453496,1773650671.158404,91,24,271.562705,26.817033,10.641116,True
435,1773650530.453525,1773650691.567404,1017,393,312.363821,18.823772,0.748827,True
436,1773650530.453557,1773650748.689337,1007,468,426.585914,21.150995,0.868169,True
437,1773650530.453586,1773650698.990283,375,66,327.159015,22.409421,4.688455,True
438,1773650530.453615,1773650773.046047,10,146,475.254356,19.046592,3.146260,True
439,1773650530.453648,1773650715.797663,994,414,360.739547,19.642995,0.825900,True
440,1773650530.453677,1773650663.628662,298,18,256.379261,30.227525,13.303043,True
441,1773650530.453706,1773650887.360738,1002,388,703.823689,34.266567,1.730122,True
442,1773650530.453735,1773650691.274053,1021,390,311.628630,17.195190,0.756898,True
443,1773650530.453763,1773650635.008735,209,217,199.077610,18.739581,0.834898,True
444,1773650530.453793,1773650593.065697,386,96,115.170532,21.067079,0.990563,True
445,1773650530.453822,1773650717.540038,1092,415,364.096927,22.527210,0.825048,True
446,1773650530.453955,1773650610.469653,403,142,149.935405,17.152848,0.941720,True
447,1773650530.453990,1773650595.546551,415,101,120.069048,18.697491,1.013716,True
448,1773650530.454023,1773650670.601723,1013,363,270.156690,21.023852,0.688212,True
449,1773650530.454054,1773650892.877168,1014,395,714.684375,30.131688,1.737443,True
450,1773650530.454084,1773650904.007115,1034,377,736.921676,20.615068,1.905071,True
451,1773650530.454116,1773650693.715694,1002,396,316.315775,22.461640,0.743935,True
452,1773650530.454146,1773651122.267375,1149,516,1173.400604,34.148168,2.212141,True
453,1773650530.454176,1773650977.465189,1112,403,883.770571,22.236984,2.143118,True
454,1773650530.454205,1773650781.894328,1314,159,492.609181,37.835351,2.878315,True
455,1773650530.454234,1773650576.653565,1917,56,82.106627,17.054083,1.182774,True
456,1773650530.454263,1773651080.470628,1043,431,1089.716840,18.853131,2.490381,True
457,1773650530.454293,1773650982.534386,1032,421,893.823928,34.094286,2.046975,True
458,1773650530.454322,1773650867.852269,1093,382,664.438628,37.792652,1.644740,True
459,1773650530.454351,1773651072.876471,1173,429,1074.463769,20.516994,2.462492,True
460,1773650530.454380,1773650796.386091,203,189,521.463912,22.161512,2.655864,True
461,1773650530.454413,1773650733.723444,390,97,396.115491,18.798857,3.930382,True
462,1773650530.454442,1773650592.072785,409,93,112.792539,18.532910,1.024561,True
463,1773650530.454471,1773650725.458548,402,92,379.541387,25.732766,3.888007,True
464,1773650530.454504,1773650817.407658,1354,225,563.410937,34.018007,2.363361,True
465,1773650530.454536,1773650632.145553,181,213,192.874979,20.839121,0.811490,True
466,1773650530.454568,1773651010.217677,1035,414,948.996111,22.097147,2.244307,True
467,1773650530.454597,1773651051.185791,1033,420,1030.902987,18.734927,2.415676,True
468,1773650530.454626,1773650620.513821,206,179,169.548388,22.278200,0.827361,True
469,1773650530.454654,1773650991.738199,888,426,911.973727,37.674315,2.057175,True
470,1773650530.454683,1773650624.879400,209,183,178.235201,16.893234,0.886494,True
471,1773650530.454712,1773650733.477403,1102,433,395.410900,18.437328,0.872624,True
472,1773650530.454741,1773650724.825251,1007,424,378.083625,20.763498,0.844728,True
473,1773650530.454769,1773650787.344644,203,167,503.096874,25.625354,2.876334,True
474,1773650530.454799,1773651037.429029,1173,421,1003.243594,22.010442,2.336269,True
475,1773650530.454830,1773650672.948652,1080,371,274.265522,22.202575,0.681251,True
476,1773650530.454859,1773650724.892470,395,92,378.130075,18.637964,3.950463,True
477,1773650530.454894,1773651262.485636,1011,677,1453.298135,33.878920,2.099733,True
478,1773650530.454924,1773650566.705552,91,24,61.715730,16.807014,1.952553,True
479,1773650530.454971,1773650617.605374,209,167,163.493983,18.351262,0.874354,True
480,1773650530.455004,1773650702.402787,1159,399,333.066470,20.678404,0.784895,True
481,1773650530.455034,1773651293.900609,463,739,1516.042032,37.545399,2.003383,True
482,1773650530.455064,1773650698.861704,1094,398,325.943115,22.127977,0.765277,True
483,1773650530.455092,1773650629.520216,130,199,187.239102,16.753299,0.861039,True
484,1773650530.455125,1773650616.415272,203,162,161.005751,18.297262,0.886388,True
485,1773650530.455154,1773650633.426326,206,217,195.004155,20.623812,0.807316,True
486,1773650530.455183,1773650889.788038,1003,373,707.695959,25.485671,1.833899,True
487,1773650530.455212,1773650720.298852,376,88,368.698101,21.870931,3.986519,True
488,1773650530.455240,1773650603.450697,401,125,134.991451,22.062734,0.910715,True
489,1773650530.455270,1773651069.615774,1023,427,1067.287295,18.497550,2.461948,True
490,1773650530.455299,1773650635.895170,197,217,199.834309,16.676997,0.847951,True
491,1773650530.455328,1773650563.098832,91,16,54.220653,18.220774,2.399992,True
492,1773650530.455357,1773650624.438229,77,187,176.878232,20.548017,0.840485,True
493,1773650530.455393,1773650693.715681,1056,396,315.410080,22.008368,0.742789,True
494,1773650530.455422,1773650705.090788,1033,397,338.141428,19.595041,0.804410,True
495,1773650530.455451,1773650678.236869,1118,378,284.412410,18.178715,0.706190,True
496,1773650530.455480,1773650611.844070,1269,152,151.604416,20.505523,0.868205,True
497,1773650530.455511,1773650702.518823,1035,401,332.933389,21.966107,0.777418,True
498,1773650530.455540,1773650717.597082,1256,414,363.069181,19.553004,0.831758,True
499,1773650530.455575,1773650740.895222,1211,450,409.644225,21.064260,0.865434,True
500,1773650530.455604,1773650588.574200,396,89,104.979012,20.462838,0.960411,True
501,1773650530.455633,1773650655.923143,91,16,239.655925,25.325535,14.288693,True
502,1773650530.455668,1773651037.429040,1066,421,1002.643001,21.710357,2.335554,True
503,1773650530.455700,1773650567.533423,91,24,62.834872,21.901974,1.779691,True
504,1773650530.455729,1773650707.320621,414,79,342.383905,23.296894,4.090859,True
505,1773650530.455759,1773650685.634284,378,52,298.988940,25.281985,5.366803,True
506,1773650530.455787,1773650761.226583,385,112,450.153638,33.566766,3.753035,True
507,1773650530.455817,1773650653.239795,1314,285,234.159489,19.455433,0.756000,True
508,1773650530.455846,1773650729.398082,401,88,386.453786,37.254065,4.013790,True
509,1773650530.455875,1773650594.826138,404,98,117.289603,20.956369,0.993126,True
510,1773650530.455904,1773650656.054910,91,16,239.723344,21.623560,14.539986,True
511,1773650530.455951,1773650624.941973,194,188,177.477314,20.344202,0.840284,True
512,1773650530.455983,1773650683.406238,1111,389,294.385247,23.338270,0.698575,True
513,1773650530.456012,1773650901.474715,1125,395,730.498827,33.491095,1.769055,True
514,1773650530.456045,1773650726.356923,1013,421,380.242891,19.380306,0.859197,True
515,1773650530.456074,1773650588.007395,847,89,103.522085,20.891123,0.938988,True
516,1773650530.456104,1773650595.247899,375,101,117.982292,20.290292,0.976920,True
517,1773650530.456133,1773650686.869662,1046,393,301.204419,23.284449,0.708980,True
518,1773650530.456162,1773650578.248095,395,58,83.941360,19.337453,1.133402,True
519,1773650530.456192,1773650715.775618,402,86,358.971809,23.135792,3.951012,True
520,1773650530.456224,1773650877.231523,1207,386,681.863461,37.125400,1.674644,True
521,1773650530.456253,1773650717.717212,997,415,362.812877,20.827152,0.826052,True
522,1773650530.456286,1773650784.170679,191,162,495.698736,25.099104,2.922979,True
523,1773650530.456316,1773650734.255966,978,430,395.847092,22.098705,0.871208,True
524,1773650530.456345,1773650633.304677,200,217,193.921771,23.208622,0.790339,True
525,1773650530.456379,1773651037.428864,1160,421,1002.146785,26.628955,2.322661,True
526,1773650530.456409,1773651127.218759,1216,466,1181.704679,23.059425,2.491710,True
527,1773650530.456439,1773651069.328639,912,427,1065.905748,25.044459,2.443336,True
528,1773650530.456468,1773650597.144739,181,104,121.517464,19.229112,0.993091,True
529,1773650530.456501,1773650783.581443,206,162,494.368380,33.318429,2.863664,True
530,1773650530.456529,1773650894.460305,1010,396,716.099850,37.016427,1.719199,True
531,1773650530.456558,1773650701.829743,975,68,330.818917,26.564077,4.541117,True
532,1773650530.456588,1773650698.800906,1033,396,324.741557,20.707711,0.769706,True
533,1773650530.456616,1773650779.668351,163,157,486.456263,33.275654,2.905004,True
534,1773650530.456646,1773650695.142015,382,62,317.382138,36.974160,4.596852,True
535,1773650530.456675,1773650728.589961,1082,426,384.257343,21.969939,0.852441,True
536,1773650530.456704,1773650717.540191,1311,415,362.136105,23.080171,0.818976,True
537,1773650530.456733,1773650635.895180,200,217,198.824673,19.133073,0.831906,True
538,1773650530.456762,1773650660.520613,91,16,248.050896,33.222052,14.321923,True
539,1773650530.456791,1773650722.745700,181,85,372.479657,36.920816,3.994748,True
540,1773650530.456820,1773651024.223925,1004,412,975.416093,22.909853,2.317533,True
541,1773650530.456849,1773650610.345657,1315,144,147.639330,20.612113,0.888302,True
542,1773650530.456878,1773650781.382774,203,161,489.690591,24.884278,2.905039,True
543,1773650530.456907,1773650944.792715,960,403,816.491656,40.564643,1.930167,True
544,1773650530.456950,1773650904.132759,1032,387,735.149886,26.426612,1.836071,True
545,1773650530.456985,1773650968.166550,1144,396,863.196105,22.856979,2.127441,True
546,1773650530.457014,1773650768.107831,414,130,463.058169,36.847437,3.303959,True
547,1773650530.457043,1773650718.837455,399,86,364.497501,24.832166,3.996063,True
548,1773650530.457072,1773650747.761146,1113,98,422.322275,40.512084,3.936188,True
549,1773650530.457102,1773650744.619435,181,107,416.016016,26.373849,3.675870,True
550,1773650530.457136,1773650798.466618,161,193,523.691814,36.805013,2.535869,True
551,1773650530.457165,1773650925.704691,1001,398,778.145646,40.480285,1.858099,True
552,1773650530.457195,1773650685.300213,371,54,297.313113,22.782566,5.179822,True
553,1773650530.457224,1773650870.649168,1176,385,667.991728,44.234421,1.624368,True
554,1773650530.457252,1773651002.708355,1061,429,932.087255,40.447746,2.083270,True
555,1773650530.457281,1773650744.516389,886,95,415.684219,44.213558,3.951816,True
556,1773650530.457310,1773650998.358616,1137,428,923.347287,40.426648,2.067730,True
557,1773650530.457342,1773650931.120108,1245,389,788.848839,24.725207,1.969391,True
558,1773650530.457382,1773650739.281397,401,103,405.145678,26.277816,3.714391,True
559,1773650530.457413,1773650711.610016,405,83,349.784460,22.708060,3.988737,True
560,1773650530.457442,1773650789.537089,1319,169,505.620302,24.693264,2.862661,True
561,1773650530.457471,1773651002.833052,1052,429,932.188660,44.149900,2.074857,True
562,1773650530.457500,1773650671.158579,91,24,268.819709,40.363064,9.932898,True
563,1773650530.457532,1773650921.720929,1062,393,769.919924,26.224763,1.897182,True
564,1773650530.457562,1773650682.424829,2042,52,291.310590,22.655113,5.267754,True
565,1773650530.457592,1773650659.619789,328,18,245.676963,24.639674,13.002194,True
566,1773650530.457623,1773650753.719720,8,122,433.857593,26.192637,3.369132,True
567,1773650530.457654,1773650778.686777,1313,156,483.770373,28.030513,2.940257,True
568,1773650530.457682,1773651027.470149,1129,414,981.314335,24.608597,2.316479,True
569,1773650530.457712,1773650746.513544,405,110,419.383219,26.161600,3.607538,True
570,1773650530.457741,1773650746.232891,393,105,418.800120,27.998693,3.757706,True
571,1773650530.457770,1773650803.530980,167,187,533.373055,29.767373,2.707557,True
572,1773650530.457799,1773651102.080359,1040,456,1130.449808,26.128827,2.427079,True
573,1773650530.457829,1773650981.212102,1113,399,888.692969,27.966153,2.162630,True
574,1773650530.457863,1773651017.105059,1042,411,960.455960,29.734797,2.270052,True
575,1773650530.457893,1773651010.217686,1180,414,946.658647,31.275001,2.216425,True
576,1773650530.457922,1773651065.046210,1069,426,1056.284277,27.933737,2.419648,True
577,1773650530.457968,1773650818.918235,209,217,564.016958,29.702394,2.473679,True
578,1773650530.458001,1773650991.738193,1065,426,909.635585,43.967899,2.036865,True
579,1773650530.458031,1773650784.314320,128,173,494.764967,31.231547,2.694962,True
580,1773650530.458060,1773651037.164045,1037,415,1000.444844,27.890969,2.349164,True
581,1773650530.458089,1773650944.792706,966,403,815.681178,40.159308,1.929159,True
582,1773650530.458118,1773650737.414488,380,99,400.901067,29.648298,3.788294,True
583,1773650530.458147,1773650938.370312,1087,396,802.791835,31.188659,1.953426,True
584,1773650530.458179,1773650799.241417,218,179,524.510781,27.847486,2.790243,True
585,1773650530.458291,1773650706.813579,387,75,339.633166,29.615628,4.189426,True
586,1773650530.458322,1773651152.864567,1000,498,1231.712820,31.155730,2.415608,True
587,1773650530.458353,1773650763.212767,383,114,452.389329,43.870503,3.615211,True
588,1773650530.458387,1773651002.708343,1093,429,931.358853,40.083153,2.082420,True
589,1773650530.458417,1773650885.013221,1262,390,695.946765,43.848701,1.676345,True
590,1773650530.458446,1773651036.850532,1473,450,999.599559,47.533430,2.120415,True
591,1773650530.458476,1773651254.320083,1127,563,1434.518206,27.770993,2.503109,True
592,1773650530.458506,1773651122.599559,1076,464,1171.056236,29.539447,2.465479,True
593,1773650530.458539,1773650921.720772,1067,393,769.273980,31.079515,1.883149,True
594,1773650530.458569,1773650706.360839,402,73,338.534716,43.794068,4.093620,True
595,1773650530.458598,1773650799.241656,209,179,524.273800,27.727630,2.789585,True
596,1773650530.458628,1773650935.933614,1047,401,797.636081,47.468157,1.875420,True
597,1773650530.458657,1773650798.466470,200,193,522.679894,43.761657,2.494366,True
598,1773650530.458686,1773650992.787600,942,404,911.302655,29.475067,2.188158,True
599,1773650530.458715,1773651086.615854,1072,446,1098.933848,31.014989,2.399818,True
600,1773650530.458748,1773651048.732141,1232,419,1023.134031,27.674534,2.381482,True
601,1773650530.458777,1773650732.268723,373,91,390.198122,47.415296,3.808698,True
602,1773650530.458807,1773650958.672956,999,395,842.978729,29.432568,2.064838,True
603,1773650530.458837,1773650991.738203,1146,426,909.096176,43.698216,2.036230,True
604,1773650530.458866,1773651320.424212,1049,667,1566.448728,30.962497,2.305535,True
605,1773650530.458898,1773650863.898731,1130,375,653.374979,47.372458,1.620328,True
606,1773650530.458930,1773650978.614112,1009,419,882.782269,51.083300,1.989710,True
607,1773650530.458980,1773650843.090688,1317,320,611.716653,47.350537,1.769173,True
608,1773650530.459009,1773650752.244495,921,114,429.999952,32.772428,3.515288,True
609,1773650530.459038,1773651072.876461,1157,429,1071.242567,29.357043,2.434312,True
610,1773650530.459071,1773651049.249248,1093,425,1023.958732,36.043135,2.329990,True
611,1773650530.459101,1773650999.580126,1035,405,924.607748,32.739986,2.207593,True
612,1773650530.459130,1773650958.672787,1009,395,842.761250,29.324288,2.064561,True
613,1773650530.459159,1773650706.540820,482,73,338.484385,36.010069,4.201032,True
614,1773650530.459189,1773650754.287752,401,104,433.956064,50.996384,3.718055,True
615,1773650530.459218,1773651073.402421,1046,429,1072.150043,32.696644,2.428629,True
616,1773650530.459247,1773650931.120100,1230,389,787.578196,34.316951,1.941395,True
617,1773650530.459276,1773650780.340029,161,159,485.992181,47.241738,2.776902,True
618,1773650530.459306,1773650821.954412,26,238,569.202395,35.955887,2.249985,True
619,1773650530.459338,1773650916.702192,1108,399,758.678392,50.942393,1.778231,True
620,1773650530.459370,1773650766.120914,378,124,457.492635,47.209228,3.335637,True
621,1773650530.459402,1773651016.970313,1051,410,959.169623,32.631431,2.265375,True
622,1773650530.459431,1773650728.993450,2,93,383.186606,34.251608,3.792772,True
623,1773650530.459466,1773650858.065404,1001,373,641.318550,50.899199,1.587149,True
624,1773650530.459496,1773651002.708191,1059,429,930.581344,47.166794,2.064053,True
625,1773650530.459525,1773650870.649187,996,385,666.443673,50.878020,1.603036,True
626,1773650530.459557,1773650938.370317,1096,396,801.861572,35.870303,1.939218,True
627,1773650530.459586,1773650747.761537,417,98,420.623497,47.134517,3.850402,True
628,1773650530.459618,1773650968.166555,1139,396,861.412381,32.556419,2.098370,True
629,1773650530.459647,1773650663.629058,310,18,252.316115,50.834644,11.851851,True
630,1773650530.459681,1773651140.483518,1027,482,1206.001941,34.165812,2.436250,True
631,1773650530.459713,1773650906.758120,1007,388,738.521450,35.815598,1.815777,True
632,1773650530.459742,1773650776.436398,161,150,477.866733,47.080070,2.891186,True
633,1773650530.459771,1773650889.146187,1025,394,703.262671,50.790796,1.660234,True
634,1773650530.459800,1773650968.059525,1044,413,861.068594,54.559723,1.957546,True
635,1773650530.459832,1773650748.629148,404,108,422.181218,32.479742,3.642070,True
636,1773650530.459862,1773650987.969220,1036,425,900.843805,50.758384,2.004918,True
637,1773650530.459894,1773650967.669306,1098,396,860.219062,34.089905,2.091466,True
638,1773650530.459923,1773650754.142306,405,105,433.146366,54.517363,3.640663,True
639,1773650530.459970,1773651094.377801,1269,451,1113.597675,35.730217,2.395261,True
640,1773650530.460000,1773650681.811324,788,51,288.444839,50.716814,4.754560,True
641,1773650530.460029,1773650916.818155,918,397,758.435900,54.485767,1.777652,True
642,1773650530.460058,1773650799.241569,206,179,523.261304,32.405684,2.757616,True
643,1773650530.460087,1773651333.391184,1068,664,1591.536264,34.025443,2.349187,True
644,1773650530.460115,1773651120.537311,1042,472,1165.804856,35.675634,2.399425,True
645,1773650530.460145,1773650724.892484,417,92,374.498357,32.373469,3.759614,True
646,1773650530.460177,1773650770.284341,409,146,465.260349,33.993201,2.974256,True
647,1773650530.460206,1773650878.148854,1002,373,680.968324,35.643672,1.734744,True
648,1773650530.460237,1773650754.287741,942,104,433.223690,58.165746,3.641339,True
649,1773650530.460269,1773650972.704791,983,414,870.037595,54.399309,1.974911,True
650,1773650530.460298,1773651581.830099,1113,1000,2088.264847,58.143802,2.032153,True
651,1773650530.460327,1773650812.856781,203,217,550.296449,54.376890,2.295924,True
652,1773650530.460359,1773650718.743133,435,83,362.046854,58.122236,3.706398,True
653,1773650530.460387,1773650654.115429,91,16,232.768939,32.286380,13.365504,True
654,1773650530.460417,1773650881.898499,1071,386,688.313990,54.344340,1.646674,True
655,1773650530.460449,1773650818.918242,167,217,562.330455,33.896271,2.446455,True
656,1773650530.460477,1773650783.727662,200,161,491.929103,58.079100,2.711563,True
657,1773650530.460505,1773650733.440681,181,92,391.328686,54.312316,3.703477,True
658,1773650530.460534,1773650751.681258,181,118,427.797045,35.525294,3.352750,True
659,1773650530.460563,1773651160.360801,1201,546,1245.132008,58.047010,2.178138,True
660,1773650530.460592,1773650986.793684,1208,400,897.976824,32.211417,2.169838,True
661,1773650530.460621,1773650689.677150,373,57,303.721848,33.832069,4.819460,True
662,1773650530.460650,1773650950.858373,1005,407,826.064776,54.259048,1.900999,True
663,1773650530.460681,1773650801.353344,130,199,527.033204,58.004128,2.368834,True
664,1773650530.460713,1773650953.514281,1008,398,831.331947,40.807848,1.991245,True
665,1773650530.460742,1773650654.115336,91,16,232.512487,32.158085,13.356960,True
666,1773650530.460771,1773650760.215417,392,109,444.693253,54.216284,3.615527,True
667,1773650530.460800,1773650730.398486,394,94,385.032407,33.767498,3.777042,True
668,1773650530.460829,1773651111.169066,988,466,1146.553647,40.765110,2.378040,True
669,1773650530.460861,1773650916.536156,1146,380,757.259472,37.213365,1.899858,True
670,1773650530.460891,1773651085.613459,1091,436,1095.401565,33.735800,2.440611,True
671,1773650530.460920,1773650726.574861,379,87,377.301864,57.918533,3.713760,True
672,1773650530.460968,1773650735.558006,411,93,395.248228,54.152104,3.707567,True
673,1773650530.461004,1773650698.192024,396,65,320.493994,40.711255,4.371605,True
674,1773650530.461033,1773650894.460320,1060,396,713.006706,57.885694,1.658534,True
675,1773650530.461062,1773651002.708347,1046,429,929.482077,54.118643,2.045242,True
676,1773650530.461091,1773650714.249237,398,79,352.544485,57.864063,3.777954,True
677,1773650530.461123,1773650737.690110,381,99,399.404324,37.126869,3.696709,True
678,1773650530.461153,1773650998.358440,1117,428,920.719611,61.368960,2.012531,True
679,1773650530.461182,1773650703.107529,383,69,330.194533,57.831695,4.005336,True
680,1773650530.461211,1773650746.375423,403,106,416.709486,33.627719,3.648398,True
681,1773650530.461240,1773650702.952485,377,69,329.843646,40.625260,4.253212,True
682,1773650530.461269,1773650740.972736,403,101,405.847259,37.073834,3.687734,True
683,1773650530.461298,1773650907.714864,1145,396,739.325434,61.316433,1.716478,True
684,1773650530.461329,1773650989.796231,1209,403,903.467074,38.686508,2.151195,True
685,1773650530.461369,1773651040.769588,893,455,1005.393071,57.768635,2.087278,True
686,1773650530.461400,1773650961.415435,1036,411,846.661682,61.284122,1.915555,True
687,1773650530.461428,1773650811.784794,203,217,547.380208,40.561359,2.346384,True
688,1773650530.461457,1773650810.674027,200,217,545.134062,57.735617,2.256474,True
689,1773650530.461486,1773650664.062663,299,18,251.892163,61.252094,11.214122,True
690,1773650530.461518,1773651023.494838,1142,436,970.735779,64.654810,2.082945,True
691,1773650530.461550,1773650827.147248,1318,234,578.016835,36.976877,2.322060,True
692,1773650530.461598,1773650664.062834,323,18,251.828223,61.219106,11.212301,True
693,1773650530.461634,1773650972.579911,1023,416,868.841602,64.621704,1.937879,True
694,1773650530.461663,1773651281.490118,1039,593,1486.640113,38.578339,2.446050,True
695,1773650530.461692,1773651010.217699,1024,414,944.072347,40.475277,2.187886,True
696,1773650530.461721,1773650788.590069,206,165,500.797901,36.923234,2.828504,True
697,1773650530.461750,1773650733.440386,371,97,390.470820,38.545346,3.665890,True
698,1773650530.461779,1773650697.215106,373,66,318.001575,61.154686,3.951491,True
699,1773650530.461808,1773650706.541000,385,73,336.631987,40.431571,4.113895,True
700,1773650530.461837,1773650785.686079,203,167,494.903179,64.546645,2.592509,True
701,1773650530.461866,1773650764.497614,398,132,452.503593,36.868874,3.172784,True
702,1773650530.461895,1773651049.981054,1241,421,1023.438980,38.490990,2.345114,True
703,1773650530.462006,1773650880.311884,1050,374,684.087826,40.388061,1.725737,True
704,1773650530.462036,1773650722.599349,401,86,368.641792,61.089370,3.618264,True
705,1773650530.462065,1773650877.231359,1436,386,677.883149,64.492388,1.593223,True
706,1773650530.462097,1773650695.284808,389,65,313.967209,61.067573,3.951557,True
707,1773650530.462126,1773650678.695519,386,49,280.768368,36.803536,5.082601,True
708,1773650530.462155,1773651064.765410,1069,426,1052.887711,38.426102,2.386968,True
709,1773650530.462184,1773650810.674142,212,217,544.681141,64.448556,2.223299,True
710,1773650530.462213,1773650878.149242,991,373,679.610203,40.311836,1.718544,True
711,1773650530.462245,1773650751.400592,181,112,426.092790,36.760285,3.507500,True
712,1773650530.462274,1773650772.875851,395,142,469.019146,61.002314,2.893736,True
713,1773650530.462302,1773651105.394803,1007,451,1134.038154,38.371640,2.434814,True
714,1773650530.462331,1773650734.954902,395,91,393.130010,64.394651,3.652615,True
715,1773650530.462362,1773650660.152547,324,18,243.504897,40.257695,11.955718,True
716,1773650530.462391,1773650785.252162,200,167,493.683954,60.959326,2.606775,True
717,1773650530.462420,1773650753.479250,397,103,430.121784,64.362699,3.585873,True
718,1773650530.462452,1773650740.972749,452,101,405.073117,36.685106,3.683880,True
719,1773650530.462480,1773650735.558167,391,93,394.234591,60.927354,3.622905,True
720,1773650530.462517,1773651002.833381,1061,429,928.762173,64.330520,2.019700,True
721,1773650530.462546,1773650867.963584,1007,379,659.004728,60.906348,1.582271,True
722,1773650530.462574,1773650737.414648,398,99,397.882942,38.276075,3.669458,True
723,1773650530.462603,1773650907.832294,913,398,738.699623,64.298496,1.698743,True
724,1773650530.462716,1773651004.321209,999,412,931.654463,40.162427,2.169080,True
725,1773650530.462748,1773650712.031729,385,84,347.052311,36.610776,3.740259,True
726,1773650530.462778,1773650954.452335,1161,408,831.875421,67.746583,1.877466,True
727,1773650530.462811,1773650751.538406,396,113,426.023921,38.222557,3.462512,True
728,1773650530.462841,1773650797.046025,200,188,517.019747,64.245237,2.421254,True
729,1773650530.462870,1773650935.933461,1116,401,794.770457,67.714014,1.817641,True
730,1773650530.462899,1773651145.741745,1046,531,1214.364949,71.697861,2.155976,True
731,1773650530.462928,1773650916.818163,1015,397,756.498235,67.692335,1.739409,True
732,1773650530.462975,1773650730.529811,396,95,383.897788,45.158123,3.603613,True
733,1773650530.463004,1773650801.899685,1320,201,526.618482,71.665031,2.274767,True
734,1773650530.463037,1773650907.714373,1040,396,738.226038,67.659819,1.697636,True
735,1773650530.463066,1773650777.456475,416,153,477.686460,36.502069,2.902529,True
736,1773650530.463101,1773650692.668588,384,61,308.090683,38.124698,4.499433,True
737,1773650530.463131,1773651027.212319,1288,418,977.156192,45.104307,2.235136,True
738,1773650530.463160,1773650784.020239,203,162,490.749502,71.610970,2.603345,True
739,1773650530.463188,1773650717.097889,400,82,356.884823,67.605147,3.571354,True
740,1773650530.463217,1773650810.674014,209,217,544.012870,71.589332,2.187146,True
741,1773650530.463246,1773650765.326452,402,134,453.299139,36.437867,3.134295,True
742,1773650530.463275,1773650770.284185,906,146,463.192815,43.239856,2.896227,True
743,1773650530.463304,1773650805.504271,1312,204,533.613365,67.562916,2.295815,True
744,1773650530.463334,1773650858.065571,1042,373,638.710487,71.546914,1.524633,True
745,1773650530.463365,1773650805.461524,128,205,533.482831,45.018203,2.394434,True
746,1773650530.463394,1773650977.584453,1067,398,877.706508,36.383923,2.119200,True
747,1773650530.463423,1773650925.704543,1170,398,773.925438,67.519375,1.779360,True
748,1773650530.463460,1773650894.460316,1129,396,711.412367,71.503404,1.620023,True
749,1773650530.463490,1773650769.474152,401,144,461.422709,43.164259,2.924884,True
750,1773650530.463520,1773650967.814255,1032,401,858.081754,44.964629,2.032793,True
751,1773650530.463549,1773650756.741444,407,122,435.912971,36.330282,3.302336,True
752,1773650530.463581,1773650988.093442,1102,425,898.596500,74.731363,1.943078,True
753,1773650530.463609,1773650944.917831,1088,407,812.223530,71.449551,1.824566,True
754,1773650530.463641,1773650748.345385,385,107,419.057971,43.110336,3.546676,True
755,1773650530.463670,1773650953.514535,967,398,829.371376,44.910189,1.975973,True
756,1773650530.463699,1773650711.610005,395,83,345.541834,41.425466,3.708736,True
757,1773650530.463728,1773650943.776356,1160,392,809.854486,43.077477,1.961067,True
758,1773650530.463760,1773651006.146790,1019,413,934.572699,44.877978,2.159453,True
759,1773650530.463789,1773650795.300839,181,172,512.855919,41.392693,2.757095,True
760,1773650530.463817,1773650667.163612,91,24,256.561994,43.044951,9.283350,True
761,1773650530.463846,1773650766.431280,409,125,455.074785,74.633697,3.068073,True
762,1773650530.463878,1773650689.871814,383,58,301.933840,71.352322,4.045290,True
763,1773650530.463907,1773650874.387349,1363,363,670.945658,44.823468,1.729619,True
764,1773650530.463950,1773651239.422302,1034,550,1400.990903,41.337949,2.476599,True
765,1773650530.463982,1773650795.436249,200,174,512.999142,42.990853,2.716811,True
766,1773650530.464011,1773650862.147651,998,373,646.399369,74.579654,1.537150,True
767,1773650530.464040,1773650810.673819,203,217,543.429030,71.297792,2.185793,True
768,1773650530.464072,1773650829.729819,1317,268,581.519886,74.557510,1.898735,True
769,1773650530.464110,1773650916.702345,1001,399,755.445355,71.276197,1.719018,True
770,1773650530.464143,1773650785.547152,167,168,493.112201,74.535774,2.506446,True
771,1773650530.464188,1773651002.833387,1093,429,927.661101,78.084287,1.984993,True
772,1773650530.464223,1773650669.953391,373,27,261.881285,44.725361,8.352151,True
773,1773650530.464252,1773650808.952623,209,194,539.859642,41.240451,2.583519,True
774,1773650530.464281,1773650781.382950,1314,161,484.698082,42.893585,2.761278,True
775,1773650530.464310,1773650660.520607,91,16,242.948792,74.482400,11.231093,True
776,1773650530.464343,1773651086.615866,1072,446,1095.117546,44.682649,2.360528,True
777,1773650530.464372,1773650697.563332,370,69,316.981719,41.197922,4.055644,True
778,1773650530.464401,1773650729.398252,379,88,380.643031,78.010348,3.478537,True
779,1773650530.464431,1773650770.748449,1129,136,463.321462,74.439377,2.880608,True
780,1773650530.464459,1773650722.467115,372,90,366.735168,42.829592,3.639388,True
781,1773650530.464489,1773650855.494435,1297,368,632.769907,77.977747,1.511695,True
782,1773650530.464518,1773651034.918039,1012,420,991.596159,49.648576,2.248085,True
783,1773650530.464546,1773650683.506917,377,53,288.752373,74.395816,4.122241,True
784,1773650530.464576,1773651020.711101,1191,411,963.139758,41.122147,2.248823,True
785,1773650530.464605,1773650751.964700,393,101,425.616373,77.933871,3.476825,True
786,1773650530.464638,1773651024.358664,1208,413,970.391544,42.763941,2.251523,True
787,1773650530.464666,1773650694.379593,379,62,310.408963,49.594687,4.275644,True
788,1773650530.464695,1773650698.326818,394,70,318.275931,41.079585,4.017338,True
789,1773650530.464724,1773650744.672309,425,96,410.954038,74.331427,3.543396,True
790,1773650530.464756,1773650659.619967,313,18,240.825569,42.720823,11.653220,True
791,1773650530.464785,1773650804.255054,134,202,530.075305,49.551114,2.390668,True
792,1773650530.464814,1773651046.954467,181,418,1015.447528,41.035539,2.336719,True
793,1773650530.464843,1773650996.598154,1027,405,914.718085,42.688058,2.158490,True
794,1773650530.464872,1773651014.679556,1035,431,950.858435,77.836175,2.030284,True
795,1773650530.464901,1773650725.177419,391,93,371.828716,49.507679,3.503490,True
796,1773650530.464931,1773650754.700618,395,118,430.857605,40.992902,3.332177,True
797,1773650530.464977,1773650688.251071,371,58,297.939562,74.244998,3.924466,True
798,1773650530.465006,1773650967.669631,1098,396,856.750159,47.426535,2.048921,True
799,1773650530.465035,1773650907.832153,1296,398,737.058573,77.783317,1.660643,True
800,1773650530.465065,1773650780.340182,124,159,482.049133,74.212983,2.581241,True
801,1773650530.465098,1773650754.287756,394,104,429.923508,77.761907,3.419045,True
802,1773650530.465127,1773650930.862673,1230,399,783.053443,81.057235,1.763810,True
803,1773650530.465157,1773650706.658206,380,74,334.621068,77.740041,3.518918,True
804,1773650530.465189,1773650656.054904,91,16,233.392956,49.410566,12.265493,True
805,1773650530.465221,1773650941.316000,1298,402,803.894567,81.024123,1.802669,True
806,1773650530.465254,1773650999.580394,1101,405,920.399521,40.884522,2.177017,True
807,1773650530.465283,1773651205.935919,998,518,1333.090338,47.328765,2.486966,True
808,1773650530.465312,1773650682.114237,378,52,285.427179,77.685802,4.073360,True
809,1773650530.465341,1773650930.882422,1033,394,782.939834,49.357234,1.866622,True
810,1773650530.465380,1773650721.093216,395,90,363.343823,40.842675,3.623608,True
811,1773650530.465410,1773651034.732598,1120,415,990.601406,47.286877,2.278538,True
812,1773650530.465443,1773650741.683587,420,104,404.470553,49.325868,3.448007,True
813,1773650530.465472,1773650907.714868,1138,396,736.521588,80.939383,1.659702,True
814,1773650530.465502,1773650729.701056,406,89,380.472403,77.622404,3.441477,True
815,1773650530.465532,1773650775.954082,1314,152,472.956639,40.788589,2.862040,True
816,1773650530.465561,1773651099.714215,1057,445,1120.454108,47.232452,2.417166,True
817,1773650530.465661,1773650977.465038,1074,403,875.932920,49.270928,2.056373,True
818,1773650530.465698,1773651020.669836,1133,432,962.320820,80.884222,2.045097,True
819,1773650530.465732,1773651108.892389,1110,451,1138.746725,45.719205,2.428950,True
820,1773650530.465764,1773650761.377159,1005,111,443.690699,84.327140,3.266941,True
821,1773650530.465792,1773650746.375306,853,106,413.667335,47.177541,3.490379,True
822,1773650530.465821,1773650907.714709,1198,396,736.324397,80.840448,1.659453,True
823,1773650530.465850,1773650693.604295,372,61,308.078384,49.205096,4.314555,True
824,1773650530.465879,1773650734.954896,381,91,390.754678,84.283409,3.405236,True
825,1773650530.465909,1773650996.465017,1112,404,913.759356,45.654031,2.154108,True
826,1773650530.465957,1773650706.813751,956,75,334.435929,47.123142,3.882605,True
827,1773650530.465988,1773650734.394624,431,99,389.566895,49.162255,3.473517,True
828,1773650530.466017,1773651034.722263,957,414,990.204990,45.621477,2.287127,True
829,1773650530.466047,1773650717.989403,400,85,356.720369,47.091094,3.686063,True
830,1773650530.466076,1773650725.177423,394,93,371.074560,49.129326,3.499405,True
831,1773650530.466106,1773651115.033016,1216,456,1150.765629,45.588563,2.428961,True
832,1773650530.466135,1773650678.422735,1398,44,277.523519,52.709220,5.228240,True
833,1773650530.466167,1773650791.526423,218,179,503.707451,80.721184,2.376327,True
834,1773650530.466197,1773650739.887018,391,93,400.405607,84.175048,3.437289,True
835,1773650530.466229,1773650717.409069,383,83,355.429648,80.699075,3.350373,True
836,1773650530.466258,1773650767.940592,22,147,456.471292,49.063479,2.790464,True
837,1773650530.466290,1773650977.584309,1247,398,875.734951,45.523175,2.091214,True
838,1773650530.466319,1773650767.384781,1318,139,455.315974,52.643479,2.917917,True
839,1773650530.466348,1773650799.101621,203,193,518.728908,49.031098,2.446343,True
840,1773650530.466377,1773650950.736550,1135,410,821.975896,84.109479,1.804074,True
841,1773650530.466406,1773650953.643082,1009,393,827.766584,45.479630,1.995630,True
842,1773650530.466435,1773650968.059520,1249,413,856.577770,87.481667,1.866738,True
843,1773650530.466467,1773650740.203534,391,94,400.843930,84.076813,3.406098,True
844,1773650530.466498,1773650779.966100,163,158,480.349338,87.459980,2.502480,True
845,1773650530.466527,1773650703.228115,404,71,326.852839,52.567690,3.918359,True
846,1773650530.466556,1773650753.479405,871,103,427.333653,84.044923,3.365576,True
847,1773650530.466588,1773650935.933620,978,401,792.218446,87.427475,1.761977,True
848,1773650530.466618,1773650673.021655,372,28,266.372436,84.022913,6.753686,True
849,1773650530.466647,1773650697.512882,372,67,315.335659,87.406140,3.453478,True
850,1773650530.466676,1773650999.447507,1165,411,919.181900,48.912072,2.122609,True
851,1773650530.466704,1773650898.175248,1262,373,716.616649,50.592888,1.790386,True
852,1773650530.466733,1773651049.981046,1216,421,1020.199136,52.492702,2.304063,True
853,1773650530.466765,1773650653.984828,237,14,228.193685,48.880711,13.793306,True
854,1773650530.466797,1773650665.781349,91,24,251.766387,50.560814,8.748068,True
855,1773650530.466826,1773650870.649155,1196,385,661.476997,83.948438,1.503981,True
856,1773650530.466858,1773651017.105214,1116,411,954.370099,52.449830,2.199806,True
857,1773650530.466887,1773651054.840704,1102,427,1029.820145,54.220306,2.290140,True
858,1773650530.466916,1773650712.031739,414,84,344.180723,50.517548,3.538111,True
859,1773650530.466961,1773650706.401058,392,74,332.898437,52.417306,3.842207,True
860,1773650530.466991,1773650690.231529,386,57,300.532966,54.187503,4.399026,True
861,1773650530.467021,1773651037.164052,1111,415,994.376704,50.485680,2.279930,True
862,1773650530.467050,1773650949.324137,997,393,818.679698,52.385773,1.954831,True
863,1773650530.467162,1773650921.720960,987,393,763.448385,54.155802,1.809420,True
864,1773650530.467193,1773650785.252425,203,167,490.492781,87.245820,2.429199,True
865,1773650530.467224,1773650819.176119,209,217,558.309839,50.442580,2.351237,True
866,1773650530.467254,1773650722.466820,908,90,364.879073,52.342526,3.511647,True
867,1773650530.467289,1773650766.892564,404,126,453.707603,83.819749,2.959103,True
868,1773650530.467319,1773651089.616206,1296,448,1099.130943,54.101396,2.337874,True
869,1773650530.467349,1773650725.318237,396,87,370.515252,87.191286,3.294465,True
870,1773650530.467378,1773651020.711091,1035,411,961.280734,50.388802,2.221688,True
871,1773650530.467407,1773650749.076141,416,99,417.989470,83.776189,3.410340,True
872,1773650530.467441,1773650812.845802,167,205,545.504864,57.027044,2.394499,True
873,1773650530.467470,1773651058.808192,907,429,1037.408746,54.047095,2.297574,True
874,1773650530.467499,1773650748.629139,429,108,417.024424,50.345126,3.426909,True
875,1773650530.467541,1773650734.954718,1361,98,389.656921,56.994323,3.429511,True
876,1773650530.467570,1773650784.314464,130,173,488.356626,54.015057,2.525242,True
877,1773650530.467599,1773650819.176008,203,217,558.048935,50.313332,2.350628,True
878,1773650530.467627,1773650804.245770,126,203,528.174792,87.094307,2.183567,True
879,1773650530.467656,1773650744.900895,1082,105,409.466278,56.951123,3.389569,True
880,1773650530.467685,1773650688.289490,397,54,296.211564,53.971429,4.570569,True
881,1773650530.467714,1773650701.386010,383,72,322.392040,50.269166,3.832717,True
882,1773650530.467743,1773650775.392524,416,144,470.382706,83.656478,2.704379,True
883,1773650530.467771,1773650961.415052,1072,411,842.406135,87.039330,1.842358,True
884,1773650530.467800,1773650751.116806,380,112,421.789207,56.897048,3.287317,True
885,1773650530.467833,1773651027.022519,1161,440,973.578657,90.920682,2.010610,True
886,1773650530.467861,1773650811.784799,197,217,543.078961,53.907165,2.264684,True
887,1773650530.467891,1773650690.771349,368,62,301.030775,50.205070,4.111897,True
888,1773650530.467922,1773650941.316178,1101,402,802.100108,86.986348,1.783326,True
889,1773650530.467970,1773650768.643764,405,142,456.736435,56.843466,2.836120,True
890,1773650530.468000,1773650764.744677,181,119,448.913342,90.866233,3.034298,True
891,1773650530.468029,1773650690.022320,910,60,299.448414,86.953093,3.601616,True
892,1773650530.468059,1773650938.370149,994,396,796.122192,53.841843,1.879191,True
893,1773650530.468088,1773651096.855654,1201,497,1113.074152,90.834326,2.060967,True
894,1773650530.468118,1773650740.351247,400,95,400.043284,86.921910,3.331078,True
895,1773650530.468147,1773650751.964414,404,101,423.238981,90.812794,3.324262,True
896,1773650530.468175,1773650858.182640,1001,371,635.663094,94.377403,1.462934,True
897,1773650530.468204,1773651024.223770,1004,412,967.721342,50.097016,2.232663,True
898,1773650530.468237,1773650870.649181,1118,385,660.551163,90.780023,1.483779,True
899,1773650530.468266,1773650734.954731,391,98,389.140656,56.735638,3.426856,True
900,1773650530.468295,1773650702.658537,374,70,324.527953,94.333338,3.336154,True
901,1773650530.468324,1773650769.216272,395,132,457.620745,90.748221,2.800554,True
902,1773650530.468354,1773650776.735644,1318,151,472.637448,94.312109,2.522169,True
903,1773650530.468395,1773650766.892408,373,126,452.927011,90.726218,2.897606,True
904,1773650530.468426,1773650811.784620,167,217,542.690825,53.712715,2.263788,True
905,1773650530.468458,1773650744.672301,404,96,408.448553,94.279992,3.307037,True
906,1773650530.468488,1773650721.523108,399,91,362.124966,50.000477,3.468050,True
907,1773650530.468522,1773650663.629050,309,18,246.317607,90.683557,9.154944,True
908,1773650530.468551,1773650751.798664,914,100,422.636573,94.247805,3.317058,True
909,1773650530.468580,1773650737.414642,398,99,393.844463,56.627879,3.440986,True
910,1773650530.468610,1773651020.989743,923,416,960.974907,53.648000,2.186330,True
911,1773650530.468638,1773650721.522731,392,91,362.016790,49.945748,3.467456,True
912,1773650530.468668,1773650792.961074,206,171,504.872729,56.595432,2.636925,True
913,1773650530.468697,1773651020.989567,1231,416,960.909198,58.923762,2.173459,True
914,1773650530.468726,1773651037.163694,1181,415,993.234787,55.040966,2.266169,True
915,1773650530.468755,1773650706.361042,374,73,331.606790,90.596054,3.347371,True
916,1773650530.468792,1773650754.838668,396,120,428.538823,56.551103,3.125947,True
917,1773650530.468822,1773650808.046649,181,209,534.935064,94.149100,2.119163,True
918,1773650530.468851,1773650715.637312,1658,82,350.087187,58.868390,3.595294,True
919,1773650530.468880,1773650781.247023,165,158,481.289381,54.985945,2.715309,True
920,1773650530.468909,1773650770.605729,405,133,459.985834,90.541496,2.798821,True
921,1773650530.468953,1773651010.078660,1205,409,938.912202,56.496568,2.162783,True
922,1773650530.468987,1773650916.818169,1120,397,752.368890,94.095068,1.662308,True
923,1773650530.469016,1773650684.753236,367,49,288.218125,58.814836,4.779235,True
924,1773650530.469048,1773650744.821088,405,96,408.333187,90.499148,3.345621,True
925,1773650530.469080,1773650706.680209,442,78,332.031539,54.922396,3.598820,True
926,1773650530.469109,1773650930.862667,1009,399,780.375598,94.053381,1.724428,True
927,1773650530.469138,1773650730.398331,375,94,379.419820,56.433506,3.472971,True
928,1773650530.469170,1773650958.422647,1009,399,835.449445,58.762452,1.951475,True
929,1773650530.469199,1773650785.281054,1313,162,489.145000,54.879599,2.697301,True
930,1773650530.469228,1773651018.254977,1133,432,955.072825,90.434836,2.006121,True
931,1773650530.469257,1773650711.019314,385,77,340.580179,93.998876,3.244491,True
932,1773650530.469286,1773650996.598001,1296,405,911.712280,62.165600,2.102838,True
933,1773650530.469315,1773651027.022315,1199,440,972.541498,97.623735,1.992979,True
934,1773650530.469347,1773650788.856690,1321,180,496.181279,58.697241,2.444045,True
935,1773650530.469387,1773650724.892480,437,92,368.239671,54.814887,3.444228,True
936,1773650530.469417,1773650717.569782,440,84,353.566222,62.122913,3.511365,True
937,1773650530.469446,1773650697.513074,381,67,313.439655,93.934904,3.325830,True
938,1773650530.469475,1773650739.281252,420,103,396.953741,58.654679,3.316657,True
939,1773650530.469507,1773651105.248486,1060,449,1128.865097,54.771850,2.397530,True
940,1773650530.469537,1773650889.788029,1199,373,697.913233,62.080132,1.709229,True
941,1773650530.469566,1773650734.394614,390,99,387.106606,58.622320,3.351880,True
942,1773650530.469595,1773650819.176001,203,217,556.646968,54.739802,2.323644,True
943,1773650530.469628,1773651180.199903,999,575,1278.682658,97.516892,2.057780,True
944,1773650530.469656,1773651120.388768,1231,463,1159.037060,62.037254,2.374458,True
945,1773650530.469688,1773650992.918536,1165,409,904.078690,58.579627,2.072302,True
946,1773650530.469718,1773650953.642906,987,393,825.505695,54.697438,1.966348,True
947,1773650530.469747,1773650739.561276,414,101,397.313709,62.005649,3.353081,True
948,1773650530.469776,1773650737.556669,396,102,393.289137,58.547326,3.314275,True
949,1773650530.469808,1773650756.741275,1865,122,431.635418,60.138973,3.070219,True
950,1773650530.469838,1773650715.920732,390,83,349.970955,61.973251,3.512167,True
951,1773650530.469867,1773651002.708351,1083,429,923.528855,101.127678,1.921498,True
952,1773650530.469900,1773650702.952496,373,69,323.997251,63.774515,3.826805,True
953,1773650530.469929,1773650718.693145,401,89,355.455031,60.096325,3.356349,True
954,1773650530.469974,1773650801.899509,203,183,521.845139,61.930358,2.527004,True
955,1773650530.470004,1773650863.787472,1233,377,645.601207,97.388257,1.458013,True
956,1773650530.470033,1773651002.708337,1133,429,923.418181,101.073567,1.921366,True
957,1773650530.470062,1773650938.370306,1199,396,794.721725,63.720026,1.850637,True
958,1773650530.470095,1773650730.252879,1226,95,378.466022,60.042860,3.387480,True
959,1773650530.470125,1773650974.035544,1031,397,866.012784,61.877190,2.030645,True
960,1773650530.470154,1773650797.332122,206,189,512.585484,97.335541,2.208776,True
961,1773650530.470186,1773651180.136168,980,516,1278.162281,63.677644,2.358223,True
962,1773650530.470215,1773650799.241564,167,179,516.357412,59.999654,2.563808,True
963,1773650530.470245,1773650759.965976,405,128,437.787185,61.833173,2.960268,True
964,1773650530.470279,1773650694.379290,376,62,306.590815,63.645052,3.982717,True
965,1773650530.470309,1773650787.464315,1313,169,492.742658,100.977271,2.331937,True
966,1773650530.470340,1773650821.303611,1320,239,560.398669,97.270612,1.945916,True
967,1773650530.470370,1773650740.972745,1052,101,399.700868,59.946170,3.397547,True
968,1773650530.470399,1773651328.306724,1060,658,1574.361397,61.780502,2.302254,True
969,1773650530.470428,1773650901.474706,1049,395,720.677142,100.934827,1.572950,True
970,1773650530.470457,1773650741.683759,408,104,401.062698,63.581146,3.276520,True
971,1773650530.470489,1773650660.372423,91,16,238.430358,97.217484,9.414192,True
972,1773650530.470518,1773650827.147257,1313,234,571.955120,59.892885,2.197692,True
973,1773650530.470547,1773650795.717034,206,186,509.075608,100.891880,2.206399,True
974,1773650530.470576,1773650781.894603,128,159,481.407518,97.184753,2.431790,True
975,1773650530.470608,1773650900.059530,1150,375,717.708965,66.879221,1.740186,True
976,1773650530.470638,1773650988.093590,1196,425,893.765267,100.859774,1.870060,True
977,1773650530.470667,1773650737.556664,406,102,392.666169,63.505772,3.259014,True
978,1773650530.470696,1773650735.406954,388,92,388.345150,97.141392,3.200041,True
979,1773650530.470725,1773650907.714859,980,396,732.937270,100.826502,1.600280,True
980,1773650530.470754,1773650781.247007,173,158,479.982312,59.806122,2.676281,True
981,1773650530.470783,1773650725.032129,407,91,367.532060,66.813995,3.341312,True
982,1773650530.470811,1773650989.542506,963,407,896.530738,63.451491,2.051919,True
983,1773650530.470840,1773650688.100425,1808,56,293.625274,97.087392,3.573416,True
984,1773650530.470869,1773650689.723079,379,59,296.849963,100.772751,3.380642,True
985,1773650530.470897,1773650733.237192,413,96,383.851668,59.751891,3.411577,True
986,1773650530.470926,1773650987.968930,1146,425,893.298034,104.370774,1.860678,True
987,1773650530.470971,1773650916.818004,1060,397,750.975246,107.981238,1.623722,True
988,1773650530.471001,1773650818.918056,191,217,555.150616,66.738508,2.261167,True
989,1773650530.471030,1773650725.177428,394,93,367.648438,63.375691,3.307312,True
990,1773650530.471071,1773650956.471688,1204,412,830.215279,104.327759,1.766150,True
991,1773650530.471103,1773650819.176022,197,217,555.593731,59.687351,2.295863,True
992,1773650530.471132,1773650881.898508,1207,386,681.025858,107.927197,1.488568,True
993,1773650530.471161,1773650776.877713,23,149,470.966567,104.295734,2.477506,True
994,1773650530.471191,1773650740.351382,396,95,397.889948,107.906294,3.084932,True
995,1773650530.471220,1773650976.672889,923,418,870.513921,104.274905,1.837504,True
996,1773650530.471249,1773650732.916351,396,96,382.980159,66.653145,3.329758,True
997,1773650530.471277,1773650978.476733,923,417,874.078827,107.874058,1.841838,True
998,1773650530.471307,1773650967.937717,1262,415,852.979138,104.242267,1.808543,True
999,1773650530.471336,1773651054.840989,1102,427,1026.761943,63.269100,2.261720,True
1000,1773650530.471364,1773650721.388844,371,85,359.835161,107.841415,2.999926,True
1001,1773650530.471394,1773650890.584386,1186,371,698.207555,64.933156,1.711552,True
1002,1773650530.472824,1773650761.377416,181,111,439.771048,104.199130,3.050654,True
1003,1773650530.472875,1773650889.788022,1008,373,696.558789,66.577672,1.693498,True
1004,1773650530.472908,1773650967.814260,1225,401,852.602715,63.215107,1.973469,True
1005,1773650530.472955,1773651065.046457,1181,426,1047.034660,64.890061,2.310928,True
1006,1773650530.472990,1773650789.537466,1311,169,496.001338,66.545533,2.556285,True
1007,1773650530.473019,1773650791.526004,200,179,499.961470,107.766428,2.203343,True
1008,1773650530.473055,1773650901.594659,1060,397,720.077245,104.134707,1.555410,True
1009,1773650530.473085,1773650672.393445,763,30,261.654166,68.203138,6.670725,True
1010,1773650530.473118,1773650800.213328,1353,181,517.269378,64.836111,2.513518,True
1011,1773650530.473148,1773651017.105313,1035,411,951.031830,66.491445,2.157416,True
1012,1773650530.473180,1773650760.529100,394,110,437.859298,107.712155,3.028873,True
1013,1773650530.473217,1773650804.654284,126,203,526.085692,68.158920,2.266964,True
1014,1773650530.473248,1773651092.752373,1264,440,1102.258635,64.792511,2.363249,True
1015,1773650530.473280,1773650655.923150,91,16,228.580931,66.448031,10.808860,True
1016,1773650530.473309,1773650684.763339,382,53,286.241612,104.048055,3.503722,True
1017,1773650530.473338,1773650726.429027,395,88,369.549466,107.658182,3.010245,True
1018,1773650530.473377,1773650894.460311,1004,396,705.588157,104.026056,1.522942,True
1019,1773650530.473407,1773651631.855638,181,1000,2180.361859,68.094725,2.114382,True
1020,1773650530.473436,1773650974.289548,1031,397,865.205355,64.728072,2.021407,True
1021,1773650530.473465,1773650722.599199,416,86,361.804246,107.615319,2.990458,True
1022,1773650530.473495,1773650801.082752,171,198,518.751479,103.983211,2.105423,True
1023,1773650530.473524,1773650706.516614,383,76,329.593230,107.593385,2.959998,True
1024,1773650530.473558,1773651120.388921,1133,463,1157.317341,66.350649,2.361400,True
1025,1773650530.473588,1773650725.177251,419,93,366.869641,68.029811,3.248259,True
1026,1773650530.473617,1773650901.594500,1083,397,719.687709,110.569546,1.538177,True
1027,1773650530.473647,1773650894.307681,1146,394,705.093264,107.550811,1.520464,True
1028,1773650530.473676,1773650729.398244,385,88,375.252687,110.548067,3.042582,True
1029,1773650530.473706,1773651046.954154,1264,418,1010.340306,64.631325,2.267887,True
1030,1773650530.473735,1773650743.123790,402,103,402.658965,66.286823,3.297766,True
1031,1773650530.473768,1773650772.875980,415,142,462.142899,107.507990,2.515141,True
1032,1773650530.473797,1773650701.088543,386,66,318.547731,110.504850,3.200660,True
1033,1773650530.473829,1773650760.109497,1312,134,436.568961,67.943990,2.771616,True
1034,1773650530.473859,1773650930.862504,1009,399,778.050905,113.115200,1.670693,True
1035,1773650530.473888,1773650898.175406,1196,373,712.656864,69.552885,1.728774,True
1036,1773650530.473917,1773650958.672800,1007,395,833.622370,71.484898,1.934359,True
1037,1773650530.473963,1773650921.720968,1024,393,759.702673,67.901384,1.764799,True
1038,1773650530.473994,1773651051.412894,923,468,1019.065452,110.440427,1.945664,True
1039,1773650530.474024,1773651515.720850,1318,918,1947.660314,113.061137,2.000653,True
1040,1773650530.474054,1773650744.516399,432,95,405.227964,110.418720,3.136269,True
1041,1773650530.474087,1773651073.402255,1010,429,1062.964162,69.487529,2.321207,True
1042,1773650530.474117,1773650711.336173,371,78,338.822861,113.028697,2.932392,True
1043,1773650530.474146,1773650725.032283,403,91,366.194317,71.408425,3.275399,True
1044,1773650530.474176,1773650740.203708,389,94,396.516612,110.374821,3.076793,True
1045,1773650530.474205,1773651114.891558,1072,468,1145.870798,67.813852,2.308473,True
1046,1773650530.474235,1773650753.863109,391,116,423.792480,69.432463,3.081391,True
1047,1773650530.474264,1773650744.900881,396,105,405.844827,71.364682,3.216155,True
1048,1773650530.474293,1773650791.526411,209,179,499.076420,112.963668,2.169173,True
1049,1773650530.474322,1773650967.814246,1136,401,851.632368,67.771719,1.959652,True
1050,1773650530.474352,1773650793.402828,206,183,502.787791,110.311300,2.156464,True
1051,1773650530.474382,1773650785.281061,203,162,486.522299,69.379884,2.590947,True
1052,1773650530.474411,1773650972.704967,1025,414,861.351016,112.921698,1.812178,True
1053,1773650530.474440,1773650676.335928,944,40,268.590241,71.302184,5.058668,True
1054,1773650530.474470,1773651290.130422,1227,625,1496.157769,67.718540,2.289165,True
1055,1773650530.474502,1773650855.494155,1211,368,626.865317,110.258259,1.407649,True
1056,1773650530.474532,1773650866.212568,1186,377,648.282004,112.879441,1.423943,True
1057,1773650530.474561,1773650761.079909,408,129,437.988334,69.316763,2.880247,True
1058,1773650530.474593,1773650858.065563,1139,373,631.943844,110.226223,1.402467,True
1059,1773650530.474622,1773650760.804782,419,130,437.399156,71.237980,2.838459,True
1060,1773650530.474657,1773651080.328488,1199,441,1076.422480,72.788232,2.280987,True
1061,1773650530.474691,1773650787.617118,30,164,490.973876,69.273101,2.587121,True
1062,1773650530.474721,1773650889.788042,1008,373,695.291552,71.205405,1.677651,True
1063,1773650530.474750,1773650904.132511,1150,387,723.968875,72.755807,1.687080,True
1064,1773650530.474779,1773650981.212257,1009,399,878.106956,69.241250,2.032326,True
1065,1773650530.474808,1773651217.158062,1231,526,1349.978780,71.173563,2.435819,True
1066,1773650530.474837,1773651010.217703,1027,414,936.074626,72.723969,2.090437,True
1067,1773650530.474869,1773650800.213339,203,181,516.045517,69.208661,2.482427,True
1068,1773650530.474898,1773650743.123921,388,103,401.841416,71.140595,3.242165,True
1069,1773650530.474928,1773650930.882431,1231,394,777.337985,72.691205,1.792994,True
1070,1773650530.474974,1773651089.747366,1029,438,1095.048828,69.175978,2.347535,True
1071,1773650530.475004,1773650919.506148,1009,385,754.542735,71.107805,1.779778,True
1072,1773650530.475033,1773650917.738629,1205,391,750.986528,72.658016,1.739304,True
1073,1773650530.475065,1773650737.689913,393,99,390.867767,69.143232,3.282903,True
1074,1773650530.475095,1773650685.634028,369,52,286.733961,71.075028,4.228607,True
1075,1773650530.475124,1773650921.720964,1010,393,758.882156,72.625555,1.750655,True
1076,1773650530.475159,1773650961.119880,1049,395,837.653642,69.110579,1.950617,True
1077,1773650530.475189,1773650705.269347,387,73,325.937866,71.042931,3.540207,True
1078,1773650530.475221,1773650943.915625,1010,397,803.208996,77.850744,1.831713,True
1079,1773650530.475249,1773651097.209275,912,442,1109.776367,74.457364,2.347662,True
1080,1773650530.475278,1773650949.324143,981,393,813.980576,76.210225,1.882067,True
1081,1773650530.475307,1773650943.915630,1083,397,803.141770,77.817537,1.831627,True
1082,1773650530.475335,1773650681.620993,1076,51,278.531754,74.424692,4.082141,True
1083,1773650530.475364,1773651182.879863,1195,507,1281.026881,76.177508,2.381125,True
1084,1773650530.475393,1773651017.238591,1007,415,949.724785,77.785388,2.106134,True
1085,1773650530.475422,1773650819.175305,167,217,553.569613,74.392092,2.218414,True
1086,1773650530.475451,1773650691.384874,379,60,297.975679,76.145459,3.759834,True
1087,1773650530.475483,1773651010.217691,1230,414,935.615310,77.752874,2.077149,True
1088,1773650530.475515,1773650682.424839,1596,52,280.012893,74.360138,4.032407,True
1089,1773650530.475545,1773651182.879853,1195,507,1280.898701,76.113953,2.380998,True
1090,1773650530.475574,1773650680.827741,1201,45,276.761972,77.721058,4.523657,True
1091,1773650530.475604,1773650724.892489,931,92,364.881084,74.327804,3.192893,True
1092,1773650530.475636,1773651037.302120,1264,416,989.680550,76.081329,2.201444,True
1093,1773650530.475665,1773650767.106701,1351,145,449.269894,77.688802,2.580424,True
1094,1773650530.475696,1773650715.775468,386,86,346.583478,74.296021,3.203382,True
1095,1773650530.475726,1773650943.776634,1227,392,802.564419,76.049302,1.858095,True
1096,1773650530.475757,1773650958.422673,1009,399,831.832618,82.936443,1.881649,True
1097,1773650530.475786,1773650927.222229,1007,385,769.412764,74.263346,1.810285,True
1098,1773650530.475818,1773650889.788046,1231,373,694.512167,76.016509,1.662623,True
1099,1773650530.475847,1773650794.757626,130,185,504.437371,82.904185,2.290941,True
1100,1773650530.475876,1773650704.529061,391,76,323.963165,74.231360,3.329757,True
1101,1773650530.475905,1773650718.837461,380,86,352.553121,81.169071,3.192754,True
1102,1773650530.475948,1773650743.267318,407,106,401.396153,82.871183,3.033571,True
1103,1773650530.475979,1773650906.501775,1136,377,727.840690,74.198506,1.738410,True
1104,1773650530.476009,1773650697.282263,956,65,309.380263,81.136931,3.566302,True
1105,1773650530.476042,1773650936.110190,1262,395,787.015754,82.839793,1.787249,True
1106,1773650530.476070,1773650880.443821,181,357,675.663364,74.166416,1.689598,True
1107,1773650530.476099,1773650655.922788,91,16,226.599724,81.104346,9.699692,True
1108,1773650530.476129,1773650943.915638,1086,397,802.561155,82.806948,1.817561,True
1109,1773650530.476167,1773651083.029888,1112,432,1080.769394,79.334319,2.323515,True
1110,1773650530.476197,1773650816.365686,200,211,547.419426,81.071033,2.220707,True
1111,1773650530.476229,1773650943.915467,1120,397,802.494277,82.773546,1.817477,True
1112,1773650530.476257,1773650927.222381,1082,385,769.086670,79.301301,1.796316,True
1113,1773650530.476286,1773650967.669473,1156,396,849.958089,81.038743,1.946631,True
1114,1773650530.476315,1773650999.447905,1060,411,913.495213,82.741473,2.026229,True
1115,1773650530.476351,1773651071.080553,1139,428,1056.731100,79.269320,2.289138,True
1116,1773650530.476383,1773650816.365700,206,211,547.287439,81.006227,2.220387,True
1117,1773650530.476412,1773650930.882413,1009,394,776.300893,82.708984,1.764865,True
1118,1773650530.476440,1773650705.126340,375,77,324.765317,79.236974,3.230636,True
1119,1773650530.476469,1773650781.382959,1314,161,477.259325,80.974124,2.476783,True
1120,1773650530.476498,1773650739.281084,435,103,393.033970,82.677109,3.042714,True
1121,1773650530.476528,1773650774.297476,409,149,463.043619,79.204822,2.593505,True
1122,1773650530.476556,1773651006.018727,1211,408,926.467355,80.942234,2.077457,True
1123,1773650530.476585,1773650881.608906,1035,375,677.624874,87.957901,1.576650,True
1124,1773650530.476614,1773651331.096486,1227,656,1576.579597,79.173176,2.286117,True
1125,1773650530.476643,1773651049.980668,1203,421,1014.320032,80.910818,2.222403,True
1126,1773650530.476675,1773651058.808117,1024,429,1031.962519,87.926798,2.205691,True
1127,1773650530.476704,1773650814.240037,171,205,542.802475,79.141790,2.272846,True
1128,1773650530.476733,1773650795.436404,200,174,505.174018,80.878749,2.452574,True
1129,1773650530.476762,1773650981.090348,923,404,876.461330,87.894071,1.956743,True
1130,1773650530.476793,1773650802.173035,20,182,518.604614,79.109324,2.428151,True
1131,1773650530.476823,1773650706.813745,383,75,327.864202,80.846804,3.338073,True
1132,1773650530.476852,1773651212.986677,1156,536,1340.181072,87.862556,2.340782,True
1133,1773650530.476881,1773651073.402427,1060,429,1060.984982,79.077415,2.294177,True
1134,1773650530.476910,1773650804.927507,181,190,524.028541,80.814074,2.345050,True
1135,1773650530.476955,1773650999.447915,1030,411,913.045380,87.829521,2.012722,True
1136,1773650530.476989,1773650974.289542,1009,397,862.707364,79.044005,1.978948,True
1137,1773650530.477018,1773651062.659354,980,425,1039.425320,85.746281,2.249243,True
1138,1773650530.477047,1773650999.447669,1204,411,912.980738,87.796884,2.012644,True
1139,1773650530.477076,1773650733.723609,402,97,381.512125,84.144517,3.097579,True
1140,1773650530.477108,1773650889.788049,1199,373,693.606863,85.714342,1.634120,True
1141,1773650530.477217,1773651017.238739,998,415,948.495314,87.764204,2.079061,True
1142,1773650530.477249,1773650764.078703,415,131,442.155699,84.111758,2.754184,True
1143,1773650530.477279,1773650936.359253,1156,390,786.697318,85.681739,1.802097,True
1144,1773650530.477309,1773650660.152379,311,18,234.259932,87.731630,8.619312,True
1145,1773650530.477343,1773650961.119716,1264,395,836.164942,84.079240,1.908847,True
1146,1773650530.477381,1773650886.289827,1207,368,686.483375,85.649320,1.637150,True
1147,1773650530.477411,1773650710.055563,373,75,334.003492,92.940540,3.257607,True
1148,1773650530.477441,1773650767.246969,436,136,448.361629,84.046910,2.698628,True
1149,1773650530.477470,1773651070.593057,1025,428,1055.030679,85.616396,2.270291,True
1150,1773650530.477502,1773650774.988873,439,161,463.802440,92.907687,2.318092,True
1151,1773650530.477532,1773650953.643088,963,393,821.088550,84.013843,1.880293,True
1152,1773650530.477560,1773650678.831148,1130,45,271.440600,85.583385,4.224028,True
1153,1773650530.477590,1773651049.249434,1139,425,1012.247124,92.874386,2.168332,True
1154,1773650530.477619,1773650687.591403,383,56,288.918773,83.980402,3.726152,True
1155,1773650530.477648,1773650958.672794,912,395,831.051820,91.109137,1.878027,True
1156,1773650530.477677,1773650788.451781,206,179,490.598053,92.842113,2.234584,True
1157,1773650530.477712,1773651170.956057,1179,498,1255.581664,83.948735,2.357410,True
1158,1773650530.477747,1773650652.659265,120,12,218.967755,91.077386,11.626397,True
1159,1773650530.477779,1773650660.152536,311,18,233.932358,92.809969,8.301317,True
1160,1773650530.477809,1773650718.281308,1989,88,350.160189,83.916120,3.060277,True
1161,1773650530.477838,1773650936.359094,1086,390,786.304696,91.044805,1.787300,True
1162,1773650530.477871,1773650906.758619,1219,388,727.071663,92.777147,1.639004,True
1163,1773650530.477900,1773650756.741540,392,122,427.023434,83.883977,2.835863,True
1164,1773650530.477929,1773650796.250121,1313,176,506.020926,91.012364,2.371477,True
1165,1773650530.477976,1773651027.212324,1146,418,967.924659,92.745105,2.098752,True
1166,1773650530.478005,1773650992.654366,1036,403,898.785309,89.232441,2.013813,True
1167,1773650530.478035,1773651004.176310,1024,407,921.804607,90.979477,2.046367,True
1168,1773650530.478068,1773650919.633697,1216,392,752.699497,92.712013,1.687948,True
1169,1773650530.478097,1773650749.991486,790,111,413.395858,89.200130,2.947234,True
1170,1773650530.478127,1773650730.398481,1474,94,374.183453,90.947340,3.045550,True
1171,1773650530.478156,1773650698.990273,1733,66,311.344202,92.679836,3.364067,True
1172,1773650530.478185,1773650919.751188,1227,383,752.853073,89.168084,1.737395,True
1173,1773650530.478217,1773651057.578742,1233,423,1028.487280,90.915841,2.221733,True
1174,1773650530.478246,1773650943.915620,1031,397,801.137575,97.210806,1.777593,True
1175,1773650530.478276,1773650961.119876,1049,395,835.516335,89.135914,1.894367,True
1176,1773650530.478305,1773650763.798785,181,132,440.860225,90.883849,2.671575,True
1177,1773650530.478337,1773650878.149234,983,373,669.539754,97.178227,1.538606,True
1178,1773650530.478366,1773650989.673256,998,402,892.568829,89.103769,2.003654,True
1179,1773650530.478398,1773650712.174579,406,81,337.546140,95.635954,3.023877,True
1180,1773650530.478427,1773650974.169719,1130,402,861.514634,97.145686,1.906157,True
1181,1773650530.478456,1773650838.380205,181,257,589.916519,89.071244,1.956427,True
1182,1773650530.478485,1773650889.787415,1169,373,692.698438,95.603545,1.605094,True
1183,1773650530.478514,1773651027.212160,1029,418,967.536550,97.113854,2.087345,True
1184,1773650530.478543,1773650981.212262,923,399,875.517054,89.039772,1.976074,True
1185,1773650530.478572,1773650958.672963,1144,395,830.407212,95.572582,1.865063,True
1186,1773650530.478604,1773650886.038236,1134,379,685.127036,97.082854,1.555672,True
1187,1773650530.478633,1773651005.884084,1151,407,924.797189,89.007933,2.058594,True
1188,1773650530.478663,1773651072.876297,1183,429,1058.759363,95.540049,2.250512,True
1189,1773650530.478693,1773650901.361514,1017,386,715.710382,97.050300,1.606909,True
1190,1773650530.478722,1773651054.969586,1203,421,1022.900340,94.023451,2.211612,True
1191,1773650530.478751,1773650712.174588,380,81,337.293554,95.508612,3.022312,True
1192,1773650530.478780,1773650906.758611,1156,388,726.429928,102.565017,1.612054,True
1193,1773650530.478809,1773651010.338617,1191,409,933.576928,93.991273,2.057808,True
1194,1773650530.478842,1773651006.018880,1156,408,924.912212,95.475395,2.037928,True
1195,1773650530.478872,1773651279.938618,1102,612,1472.734208,102.532010,2.242557,True
1196,1773650530.478901,1773650927.222389,1149,385,767.276945,93.958338,1.753434,True
1197,1773650530.478930,1773650953.762403,1064,394,820.335725,95.443455,1.844510,True
1198,1773650530.478976,1773650906.758598,1182,388,726.300523,102.499635,1.611889,True
1199,1773650530.479005,1773650986.793845,981,400,886.355658,93.926085,1.986039,True
1200,1773650530.479038,1773650701.519521,1339,69,315.786266,100.718778,3.162757,True
1201,1773650530.479067,1773650987.066609,1033,406,886.857306,102.466676,1.936767,True
1202,1773650530.479100,1773651080.470639,1112,431,1073.644149,93.893317,2.278490,True
1203,1773650530.479130,1773650915.999249,1051,382,744.673236,100.685978,1.690255,True
1204,1773650530.479162,1773650943.915732,1010,397,800.489235,102.434160,1.762765,True
1205,1773650530.479192,1773651027.345250,1115,413,967.329163,93.860619,2.120069,True
1206,1773650530.479226,1773651004.176324,1025,407,920.968206,100.653022,2.020481,True
1207,1773650530.479256,1773650921.720956,1143,393,756.032120,102.401184,1.667426,True
1208,1773650530.479285,1773650913.110194,1226,379,738.794820,98.195558,1.694707,True
1209,1773650530.479315,1773651044.993331,1024,419,1002.533548,100.621590,2.157684,True
1210,1773650530.479344,1773651027.212328,1136,418,966.953743,102.369923,2.073342,True
1211,1773650530.479373,1773650981.212251,1083,399,874.930787,98.163207,1.951677,True
1212,1773650530.479403,1773650715.920725,1989,83,344.327069,100.588471,2.972422,True
1213,1773650530.479432,1773651071.345568,1046,438,1055.145969,104.609665,2.175140,True
1214,1773650530.479468,1773650901.493695,1025,375,715.428704,98.129894,1.650532,True
1215,1773650530.479498,1773650805.729804,1317,192,523.879539,100.555013,2.216359,True
1216,1773650530.479527,1773650989.542660,1083,407,891.484774,104.576464,1.938198,True
1217,1773650530.479556,1773651230.228877,1036,538,1372.832479,98.097115,2.373809,True
1218,1773650530.479585,1773650977.329440,1035,398,867.015293,103.234055,1.923882,True
1219,1773650530.479614,1773650728.700421,398,94,369.737418,104.544630,2.851535,True
1220,1773650530.479642,1773651198.329855,1179,511,1308.960584,98.065803,2.374303,True
1221,1773650530.479674,1773650980.954278,1009,399,874.203316,103.202590,1.937188,True
1222,1773650530.479707,1773650938.370322,1030,396,789.011590,104.512514,1.732909,True
1223,1773650530.479736,1773650728.847729,403,94,369.945676,98.033058,2.923792,True
1224,1773650530.479765,1773650680.833323,1003,372,238.114197,0.651167,0.640062,True
1225,1773650530.479795,1773650611.361905,181,136,97.504092,0.419158,0.719148,True
1226,1773650530.479825,1773650712.152855,1037,390,298.732697,0.631271,0.766328,True
1227,1773650530.479854,1773650705.036030,1070,387,283.856163,0.660204,0.733668,True
1228,1773650530.479883,1773650713.906570,1054,397,301.489118,1.549005,0.757425,True
1229,1773650530.479912,1773650721.069389,1171,402,315.794349,1.538625,0.783680,True
1230,1773650530.479960,1773650598.773135,1474,94,71.179747,1.073060,0.753835,True
1231,1773650530.479994,1773650713.785910,1111,396,300.591190,1.494195,0.757208,True
1232,1773650530.480022,1773650693.765691,983,373,259.846402,1.479145,0.694536,True
1233,1773650530.480051,1773650709.436558,1150,389,287.792495,0.630145,0.740109,True
1234,1773650530.480080,1773650741.842217,986,426,350.258904,0.636592,0.822641,True
1235,1773650530.480109,1773650751.023757,1015,446,366.974201,0.724148,0.823034,True
1236,1773650530.480139,1773650741.784198,1010,415,341.927339,0.664135,0.824307,True
1237,1773650530.480168,1773650623.059727,1317,135,101.616397,0.874116,0.751808,True
1238,1773650530.480197,1773650770.297341,1142,458,392.321487,0.710461,0.856917,True
1239,1773650530.480226,1773650737.188053,1082,385,323.986586,1.102318,0.840844,True
1240,1773650530.480258,1773650750.385905,1170,422,350.360960,1.092035,0.829617,True
1241,1773650530.480287,1773650609.069595,1785,91,65.162193,0.939441,0.713586,True
1242,1773650530.480319,1773650603.512186,1896,68,53.695307,1.339981,0.781423,True
1243,1773650530.480349,1773650631.802013,1312,157,107.216411,0.830564,0.681961,True
1244,1773650530.480378,1773650742.647893,1039,397,328.780921,0.484127,0.829032,True
1245,1773650530.480416,1773650746.477512,1172,402,336.336021,0.835108,0.836661,True
1246,1773650530.480454,1773650771.467958,995,452,386.190655,0.978782,0.854128,True
1247,1773650530.480484,1773650745.341214,1020,400,331.826759,0.667564,0.829973,True
1248,1773650530.480513,1773650753.646192,1140,404,341.873001,0.697841,0.846588,True
1249,1773650530.480551,1773650766.166787,1088,421,366.335987,0.927297,0.870021,True
1250,1773650530.480579,1773650755.487068,998,399,341.190236,0.663552,0.855595,True
1251,1773650530.480608,1773650626.302861,420,112,82.222562,0.669502,0.734712,True
1252,1773650530.480638,1773650756.953320,1171,402,342.517535,0.722834,0.852356,True
1253,1773650530.480667,1773650764.411550,1189,415,356.958668,0.996504,0.859812,True
1254,1773650530.480701,1773650754.621738,1119,395,337.130710,1.116271,0.852829,True
1255,1773650530.480730,1773650605.866023,1076,51,36.518350,0.669571,0.716976,True
1256,1773650530.480759,1773650764.288610,1191,409,353.234219,0.839564,0.863712,True
1257,1773650530.480788,1773650755.607572,1009,396,335.646287,1.252974,0.846565,True
1258,1773650530.480823,1773650764.411210,1054,411,353.231599,1.242270,0.858511,True
1259,1773650530.480852,1773650654.279701,1323,205,132.532236,1.566441,0.641989,True
1260,1773650530.480881,1773650760.497198,1046,399,343.841551,1.979097,0.858951,True
1261,1773650530.480910,1773650613.778895,1896,68,50.384860,1.968674,0.722630,True
1262,1773650530.480954,1773650620.335600,402,87,62.306634,1.555883,0.706404,True
1263,1773650530.480985,1773650766.352271,998,387,353.374732,3.666493,0.905980,True
1264,1773650530.481018,1773650758.916779,1170,394,336.206683,0.721755,0.853651,True
1265,1773650530.481047,1773650615.157182,375,67,48.562398,0.712379,0.725000,True
1266,1773650530.481076,1773650761.919564,981,401,341.838001,0.941126,0.852242,True
1267,1773650530.481107,1773650611.541707,373,56,41.060198,0.930110,0.729638,True
1268,1773650530.481137,1773650769.274063,1015,414,354.387273,0.678077,0.856439,True
1269,1773650530.481166,1773650753.306226,1082,385,322.201391,0.788260,0.837013,True
1270,1773650530.481195,1773650800.724584,1140,401,416.683306,25.520436,0.977907,True
1271,1773650530.481226,1773650868.143720,1015,572,550.617545,28.347257,0.914659,True
1272,1773650530.481256,1773650779.888676,991,414,373.633409,0.833268,0.902664,True
1273,1773650530.481285,1773650774.006498,1227,420,361.189298,0.937636,0.859789,True
1274,1773650530.481314,1773650777.654264,1024,429,368.255299,1.044453,0.857969,True
1275,1773650530.481343,1773650775.627121,1149,423,361.592218,1.206547,0.853994,True
1276,1773650530.481383,1773650794.960897,1063,428,399.412619,14.613029,0.901170,True
1277,1773650530.481412,1773650816.298483,1059,525,441.963933,2.951909,0.837809,True
1278,1773650530.481441,1773650788.740725,1085,442,386.370337,4.455337,0.866020,True
1279,1773650530.481471,1773650802.613312,1023,446,412.739097,13.623081,0.896890,True
1280,1773650530.481588,1773650642.230424,1282,66,90.278303,25.010955,1.004113,True
1281,1773650530.481619,1773650629.757404,421,77,65.207417,6.599958,0.771151,True
1282,1773650530.481666,1773650809.117662,1144,498,423.700471,2.743581,0.846996,True
1283,1773650530.481704,1773650623.729759,373,72,52.443199,2.502622,0.703388,True
1284,1773650530.481733,1773650604.606089,324,18,13.694686,2.252482,0.673071,True
1285,1773650530.481762,1773650837.204015,1072,415,477.352950,34.531047,1.069618,True
1286,1773650530.481796,1773650820.289638,1136,500,443.398247,9.090744,0.870356,True
1287,1773650530.481825,1773650776.423904,1141,411,355.519126,2.777106,0.860346,True
1288,1773650530.481854,1773650791.852297,1012,416,386.147807,12.144870,0.901212,True
1289,1773650530.481884,1773650639.850646,405,90,82.121942,12.133714,0.786385,True
1290,1773650530.481913,1773650784.431861,1035,398,368.069021,8.359177,0.906070,True
1291,1773650530.481958,1773650803.763243,1057,439,405.537309,12.590081,0.897140,True
1292,1773650530.481989,1773650684.940492,391,90,162.963630,29.599514,1.498473,True
1293,1773650530.482018,1773650776.301669,1094,376,345.556887,6.691638,0.903641,True
1294,1773650530.482047,1773650819.337714,1050,438,431.399694,16.332662,0.949810,True
1295,1773650530.482077,1773650911.095490,1148,614,614.420122,19.046440,0.971246,True
1296,1773650530.482110,1773650825.756119,1142,361,442.297510,18.324355,1.177703,True
1297,1773650530.482139,1773650854.303710,1106,434,498.894614,29.357690,1.084381,True
1298,1773650530.482168,1773650855.664720,1226,407,501.512619,19.842697,1.186379,True
1299,1773650530.482200,1773650838.740231,958,554,467.042223,7.128892,0.831670,True
1300,1773650530.482229,1773650784.432136,1082,391,358.298602,6.954956,0.900881,True
1301,1773650530.482258,1773650638.511155,245,14,65.754197,28.580089,2.859547,True
1302,1773650530.482292,1773650849.329593,1018,390,486.914352,28.341964,1.178849,True
1303,1773650530.482322,1773650641.187131,395,85,68.963089,7.414612,0.732720,True
1304,1773650530.482351,1773650768.855764,435,114,323.571965,77.432513,2.178225,True
1305,1773650530.482380,1773650640.258057,379,81,66.273058,6.998745,0.740929,True
1306,1773650530.482409,1773650803.885473,1099,410,393.403010,14.510322,0.926388,True
1307,1773650530.482438,1773650644.847415,1339,72,73.228357,15.369597,0.814912,True
1308,1773650530.482467,1773650710.239264,1317,235,202.326452,7.270944,0.833571,True
1309,1773650530.482496,1773650845.756127,1017,537,472.982551,16.036205,0.852512,True
1310,1773650530.482525,1773651017.734155,1139,674,814.768466,72.253328,1.103291,True
1311,1773650530.482555,1773650885.519495,1033,427,550.316734,74.512506,1.116911,True
1312,1773650530.482584,1773650807.457927,1009,397,393.966711,19.754107,0.944981,True
1313,1773650530.482616,1773650812.180259,1020,400,401.613017,8.087185,0.986280,True
1314,1773650530.482646,1773650864.803401,1008,395,506.737711,75.136149,1.095435,True
1315,1773650530.482681,1773650823.672737,1046,418,424.246954,24.790671,0.957929,True
1316,1773650530.482712,1773650831.642771,1054,419,439.709409,15.188534,1.015600,True
1317,1773650530.482741,1773650832.432456,1202,411,441.166534,25.778690,1.013141,True
1318,1773650530.482770,1773650866.129917,1102,396,505.972563,73.426582,1.095053,True
1319,1773650530.482799,1773650842.957498,1139,429,458.349106,15.087116,1.035659,True
1320,1773650530.482828,1773650775.502475,1785,137,323.088918,66.517196,1.886557,True
1321,1773650530.482857,1773650934.182621,1075,516,638.407128,69.523180,1.104629,True
1322,1773650530.482889,1773650930.744524,1179,511,631.153066,69.333586,1.101607,True
1323,1773650530.482919,1773650892.333433,1065,439,554.225458,67.780581,1.110605,True
1324,1773650530.482965,1773650850.855659,1230,413,471.146317,19.185072,1.096993,True
1325,1773650530.482995,1773650788.740578,1314,164,346.809930,71.235129,1.690643,True
1326,1773650530.483024,1773650746.125250,1029,71,261.453084,78.243089,2.617286,True
1327,1773650530.483056,1773650876.608760,1051,420,521.572031,65.367580,1.088793,True
1328,1773650530.483089,1773650955.906988,990,559,680.147940,67.447594,1.098029,True
1329,1773650530.483125,1773650859.606803,1136,375,486.375938,82.026892,1.081147,True
1330,1773650530.483176,1773650796.673604,1315,183,359.889693,71.095592,1.586781,True
1331,1773650530.483208,1773650882.002332,1139,418,529.139384,70.391688,1.100114,True
1332,1773650530.483237,1773650890.833805,1139,428,546.450341,80.836810,1.090430,True
1333,1773650530.483267,1773650879.102398,1180,414,521.776150,67.269566,1.100500,True
1334,1773650530.483296,1773650935.757804,1034,519,634.027120,64.536133,1.099403,True
1335,1773650530.483325,1773650866.071563,1166,401,494.178430,65.781471,1.070992,True
1336,1773650530.483354,1773650819.578532,181,246,400.100424,78.917336,1.310951,True
1337,1773650530.483383,1773650780.997304,396,136,322.914601,78.906199,1.807470,True
1338,1773650530.483412,1773650817.932905,1314,243,395.185576,67.620761,1.353574,True
1339,1773650530.483444,1773650959.461433,1176,548,678.220039,73.064990,1.106316,True
1340,1773650530.483474,1773650876.279286,1085,409,511.525258,70.693416,1.080470,True
1341,1773650530.483503,1773650745.466792,1282,66,249.775671,70.333712,2.760646,True
1342,1773650530.483532,1773650930.556219,1148,501,619.847667,72.783182,1.094129,True
1343,1773650530.483563,1773650761.862503,390,96,282.231416,70.464033,2.229130,True
1344,1773650530.483593,1773650769.151639,1756,111,295.784808,72.156453,2.032985,True
1345,1773650530.483621,1773650978.641830,1025,591,714.410123,75.005782,1.083736,True
1346,1773650530.483650,1773650891.689507,1136,429,540.484417,74.994875,1.087592,True
1347,1773650530.483679,1773650875.741051,1024,402,507.926414,78.647652,1.070521,True
1348,1773650530.483713,1773650942.174119,1209,522,640.685494,69.081877,1.097128,True
1349,1773650530.483745,1773650870.119237,1057,394,496.554685,78.583513,1.063540,True
1350,1773650530.483779,1773650805.687883,1314,202,365.240077,70.347900,1.467125,True
1351,1773650530.483809,1773650959.401498,969,554,672.292137,73.187357,1.083372,True
1352,1773650530.483838,1773650758.747311,505,92,270.020233,76.688517,2.124524,True
1353,1773650530.483867,1773650756.953737,403,91,265.379892,76.162399,2.102417,True
1354,1773650530.483896,1773650939.115746,1062,509,629.682255,76.151193,1.089628,True
1355,1773650530.483927,1773650768.496388,692,109,288.094366,66.463373,2.052139,True
1356,1773650530.483974,1773650903.445554,1061,448,557.109784,71.663683,1.086009,True
1357,1773650530.484020,1773650863.973571,1041,385,478.145079,73.773523,1.053051,True
1358,1773650530.484053,1773650984.751630,955,602,719.679722,66.000650,1.087652,True
1359,1773650530.484081,1773650772.807282,857,117,295.727213,76.909298,1.886361,True
1360,1773650530.484110,1773650863.800198,1036,394,474.971511,64.598708,1.044206,True
1361,1773650530.484139,1773650756.117195,385,88,259.150059,64.370874,2.238841,True
1362,1773650530.484169,1773650785.769529,1313,148,316.949244,74.922263,1.646442,True
1363,1773650530.484197,1773650864.745176,1035,395,472.716504,62.525775,1.041093,True
1364,1773650530.484230,1773650859.665634,1171,380,460.846155,67.199439,1.038646,True
1365,1773650530.484259,1773650811.370019,1314,218,363.792337,66.968741,1.367851,True
1366,1773650530.484291,1773650861.212880,1003,376,463.375078,72.328076,1.042792,True
1367,1773650530.484320,1773650898.489701,1013,439,537.452817,72.089862,1.062473,True
1368,1773650530.484350,1773650951.903221,1129,526,644.257381,74.759984,1.084757,True
1369,1773650530.484379,1773650894.630414,986,441,528.644334,60.604304,1.063727,True
1370,1773650530.484414,1773650857.750214,1028,366,452.470428,73.451370,1.038408,True
1371,1773650530.484446,1773650871.479250,1160,400,479.345253,64.636072,1.039371,True
1372,1773650530.484475,1773651002.569276,1160,639,740.838843,59.349815,1.068165,True
1373,1773650530.484504,1773651013.472565,1036,650,762.519310,72.753696,1.062813,True
1374,1773650530.484534,1773650898.430313,1007,441,531.852765,65.127543,1.060739,True
1375,1773650530.484562,1773650921.180289,1154,482,575.728239,64.315433,1.063228,True
1376,1773650530.484591,1773650861.881403,1039,385,457.111058,64.305107,1.022932,True
1377,1773650530.484620,1773650952.093273,1082,538,637.512285,67.299819,1.061848,True
1378,1773650530.484648,1773650872.175270,1144,404,477.654983,60.678248,1.034682,True
1379,1773650530.484677,1773650994.951347,979,622,723.040071,64.470281,1.060499,True
1380,1773650530.484706,1773650784.193975,181,147,301.503941,64.459701,1.623591,True
1381,1773650530.484739,1773650752.644177,1232,80,238.381825,65.761637,2.185066,True
1382,1773650530.484767,1773650899.358778,1126,446,531.790913,68.621744,1.040830,True
1383,1773650530.484796,1773650862.657819,1024,385,458.365767,67.161873,1.018760,True
1384,1773650530.484827,1773650733.477394,917,33,196.934905,73.279277,3.864238,True
1385,1773650530.484859,1773650873.266330,1226,393,476.488963,73.267643,1.028626,True
1386,1773650530.484888,1773650876.102629,1171,401,480.412516,68.638569,1.029435,True
1387,1773650530.484916,1773650935.705417,1032,502,599.596763,68.627648,1.059819,True
1388,1773650530.484961,1773650778.883830,434,124,285.932321,68.617441,1.766788,True
1389,1773650530.484991,1773650717.103228,311,18,162.350341,68.606525,5.514342,True
1390,1773650530.485020,1773650760.683105,1133,92,249.488311,70.854848,1.963005,True
1391,1773650530.485052,1773650781.983539,401,130,292.066557,70.843542,1.714907,True
1392,1773650530.485081,1773650754.621585,376,81,237.319948,70.833147,2.081085,True
1393,1773650530.485110,1773650866.817441,1176,383,459.506579,71.506136,1.015708,True
1394,1773650530.485139,1773650752.231522,1029,71,227.437989,64.928413,2.321565,True
1395,1773650530.485171,1773650785.647537,1312,132,294.145257,74.124860,1.679545,True
1396,1773650530.485201,1773650746.125530,372,63,212.537734,68.433383,2.324264,True
1397,1773650530.485230,1773650861.760517,1203,385,442.983101,61.815806,0.992623,True
1398,1773650530.485266,1773650983.858331,1015,596,685.319524,62.033312,1.047540,True
1399,1773650530.485296,1773650866.759400,1018,388,449.055346,64.376542,0.994002,True
1400,1773650530.485328,1773650999.204059,1045,605,708.690386,74.732478,1.049599,True
1401,1773650530.485365,1773651097.537431,1112,431,889.729869,1.162790,2.066435,True
1402,1773650530.485396,1773650762.849465,237,79,219.204378,66.344017,1.959748,True
1403,1773650530.485426,1773651097.209266,1162,427,886.423141,0.951453,2.078572,True
1404,1773650530.485455,1773650949.203351,1076,377,590.152406,1.643000,1.565185,True
1405,1773650530.485484,1773651224.282317,1199,534,1140.287761,1.375112,2.136797,True
1406,1773650530.485513,1773650847.540068,28,265,386.780772,1.620136,1.458942,True
1407,1773650530.485543,1773650884.790351,1052,412,460.998504,53.998298,0.990268,True
1408,1773650530.485572,1773651591.888009,1180,880,1871.924514,2.936538,2.126266,True
1409,1773650530.485601,1773651044.721226,1083,407,777.569400,0.909596,1.912955,True
1410,1773650530.485630,1773650774.845577,1785,137,237.793634,2.914272,1.727054,True
1411,1773650530.485659,1773650992.918377,1053,394,673.704421,3.257202,1.705973,True
1412,1773650530.485690,1773650670.626885,243,14,29.091969,2.784572,2.023646,True
1413,1773650530.485720,1773650913.361376,1028,374,514.540054,3.235105,1.370791,True
1414,1773650530.485749,1773650986.227182,1101,411,656.235927,1.402894,1.597154,True
1415,1773650530.485778,1773651616.604510,1179,921,1913.945170,2.477489,2.077682,True
1416,1773650530.485810,1773651020.849781,1005,394,722.413825,2.465753,1.831929,True
1417,1773650530.485839,1773651054.695110,1151,404,790.082729,2.454774,1.954412,True
1418,1773650530.485871,1773650793.252162,181,167,267.118004,0.518938,1.606018,True
1419,1773650530.486005,1773650943.915634,1149,379,567.519900,5.066337,1.487972,True
1420,1773650530.486038,1773651086.615698,1070,428,852.898671,5.055268,1.985582,True
1421,1773650530.486069,1773650749.848685,992,97,179.346915,5.044698,1.815648,True
1422,1773650530.486099,1773651298.903086,1035,616,1277.434170,5.033930,2.068943,True
1423,1773650530.486128,1773650957.476218,912,395,594.192305,1.336312,1.504711,True
1424,1773650530.486158,1773650824.790869,1353,234,328.530069,2.940886,1.397378,True
1425,1773650530.486187,1773650753.319824,388,88,185.566258,2.929971,2.099268,True
1426,1773650530.486216,1773650950.736398,1044,394,580.378844,1.731366,1.472385,True
1427,1773650530.486245,1773650954.331226,997,393,581.392690,3.688572,1.473735,True
1428,1773650530.486275,1773651107.884422,1109,488,888.477380,3.677370,1.816838,True
1429,1773650530.486305,1773650790.785616,1311,159,254.258712,3.666814,1.586025,True
1430,1773650530.486335,1773651217.075191,1025,589,1106.001772,5.583539,1.871460,True
1431,1773650530.486364,1773650747.761529,1232,80,167.350121,5.573188,2.047809,True
1432,1773650530.486397,1773651058.945692,1106,399,786.322863,1.224712,1.972608,True
1433,1773650530.486426,1773651048.449348,1060,396,762.548167,1.175198,1.927527,True
1434,1773650530.486455,1773650703.371483,398,46,71.321170,1.326973,1.555427,True
1435,1773650530.486485,1773650728.700656,1786,67,117.466084,1.640883,1.754927,True
1436,1773650530.486514,1773650711.721632,119,12,82.229195,32.624617,4.509507,True
1437,1773650530.486543,1773650678.422561,247,14,15.584910,1.597961,1.075919,True
1438,1773650530.486575,1773650957.476212,1013,386,572.611920,1.686673,1.482923,True
1439,1773650530.486604,1773650761.226867,407,88,180.090301,1.675737,2.050742,True
1440,1773650530.486636,1773650862.845728,1030,375,381.266569,37.155851,0.920082,True
1441,1773650530.486665,1773651037.429035,1035,391,730.055032,1.169104,1.868938,True
1442,1773650530.486695,1773650749.663088,385,67,153.406007,33.648151,1.814513,True
1443,1773650530.486724,1773650766.586053,380,97,187.107215,0.690141,1.941845,True
1444,1773650530.486753,1773650867.540927,1046,393,388.927409,30.154502,0.915237,True
1445,1773650530.486782,1773650872.175082,1036,390,395.740608,37.171648,0.921771,True
1446,1773650530.486811,1773650964.094866,985,552,579.557860,37.160720,0.984387,True
1447,1773650530.486848,1773650874.223024,1054,397,399.605548,32.188168,0.927822,True
1448,1773650530.486879,1773650786.969198,181,126,221.854838,43.549640,1.426442,True
1449,1773650530.486913,1773650889.665978,1089,412,427.006795,37.387989,0.947978,True
1450,1773650530.486958,1773650760.386140,405,89,168.093463,0.842968,1.900574,True
1451,1773650530.486988,1773651014.679716,1097,393,676.474752,1.686448,1.721399,True
1452,1773650530.487017,1773650900.992141,1168,436,448.778318,34.873428,0.951505,True
1453,1773650530.487047,1773650735.780204,333,18,117.726111,42.673949,4.414833,True
1454,1773650530.487076,1773650895.852977,1053,415,437.850957,42.663592,0.954559,True
1455,1773650530.487105,1773650771.005273,396,107,187.361348,29.283507,1.491300,True
1456,1773650530.487137,1773650910.105270,986,448,463.721720,35.303734,0.958429,True
1457,1773650530.487166,1773650831.275406,1315,198,305.682669,2.235180,1.540343,True
1458,1773650530.487196,1773650759.551274,407,83,162.204759,2.221828,1.951011,True
1459,1773650530.487227,1773651094.229986,1032,398,831.044925,1.962168,2.088370,True
1460,1773650530.487257,1773651101.792731,1064,396,845.899094,2.346645,2.135576,True
1461,1773650530.487287,1773650918.400082,1044,450,477.430858,41.974348,0.969836,True
1462,1773650530.487315,1773650885.460889,1214,406,409.362469,32.042324,0.931655,True
1463,1773650530.487344,1773651094.377967,1033,406,827.083811,1.427761,2.038657,True
1464,1773650530.487373,1773650793.353789,42,154,225.020188,32.703896,1.256969,True
1465,1773650530.487405,1773651110.095287,1025,401,856.923611,1.557869,2.138414,True
1466,1773650530.487437,1773650742.775858,1019,52,122.266956,24.965401,1.907874,True
1467,1773650530.487467,1773650772.685235,450,107,182.064627,31.894838,1.416696,True
1468,1773650530.487500,1773650827.824671,181,263,292.259376,24.912830,1.020407,True
1469,1773650530.487530,1773650913.427793,1025,441,463.442853,40.789863,0.960575,True
1470,1773650530.487559,1773650881.882699,1201,401,400.247757,32.511775,0.919340,True
1471,1773650530.487588,1773650882.539097,1021,398,401.455035,35.445050,0.921940,True
1472,1773650530.487617,1773650777.654112,417,117,191.664564,31.726237,1.378779,True
1473,1773650530.487647,1773651033.073366,1182,396,702.478461,1.516267,1.774588,True
1474,1773650530.487679,1773651227.744132,1027,569,1091.247194,2.331980,1.917104,True
1475,1773650530.487707,1773650805.995208,1351,140,247.128348,2.031025,1.763290,True
1476,1773650530.487736,1773650773.046057,409,95,181.211730,2.019911,1.906296,True
1477,1773650530.487765,1773650888.057635,1009,411,409.293964,26.462876,0.933734,True
1478,1773650530.487794,1773650864.360928,1109,377,361.877790,28.664129,0.886207,True
1479,1773650530.487823,1773650767.347838,1155,75,167.659109,2.712701,2.229006,True
1480,1773650530.487852,1773650870.557754,1066,379,374.057185,37.412791,0.890594,True
1481,1773650530.487883,1773650775.545140,431,94,184.008951,2.690437,1.949661,True
1482,1773650530.487912,1773650877.914660,1201,391,388.644315,31.361618,0.916109,True
1483,1773650530.487959,1773650766.547981,387,95,163.567121,0.959734,1.729866,True
1484,1773650530.487990,1773651033.073197,1003,394,696.594364,2.704337,1.765623,True
1485,1773650530.488019,1773650880.082222,1033,396,390.279378,28.714572,0.915354,True
1486,1773650530.488048,1773650882.718073,1018,388,395.426732,39.511398,0.919678,True
1487,1773650530.488077,1773650752.457868,1436,66,134.674720,32.350285,1.574222,True
1488,1773650530.488106,1773650868.326818,983,373,366.382846,35.108651,0.890522,True
1489,1773650530.488135,1773650869.125179,1312,283,367.624656,1.203169,1.299367,True
1490,1773650530.488163,1773651111.019626,1082,406,850.746440,1.654630,2.096523,True
1491,1773650530.488192,1773651179.454848,998,447,987.583506,1.330774,2.211329,True
1492,1773650530.488225,1773650798.904348,1316,168,224.047240,27.686666,1.175812,True
1493,1773650530.488253,1773650821.282705,1314,231,268.782347,28.657217,1.044022,True
1494,1773650530.488282,1773650912.561609,1046,438,451.257366,37.583325,0.946623,True
1495,1773650530.488316,1773651099.584479,1023,388,823.962577,1.112532,2.126228,True
1496,1773650530.488346,1773651016.919522,1227,652,657.770620,32.907734,0.959851,True
1497,1773650530.488375,1773650882.539087,1019,394,388.986545,34.110185,0.902993,True
1498,1773650530.488410,1773650905.675692,936,432,435.238837,35.790016,0.926795,True
1499,1773650530.488439,1773650791.080850,46,138,206.028150,35.779027,1.242694,True
1500,1773650530.488468,1773650768.971527,404,83,161.788121,35.768785,1.536821,True
1501,1773650530.488500,1773650881.053716,1059,388,385.932174,38.079181,0.898845,True
1502,1773650530.488529,1773650800.669542,12,139,225.114949,0.308908,1.629029,True
1503,1773650530.488558,1773650923.621100,1044,471,470.934355,28.886632,0.940527,True
1504,1773650530.488588,1773651022.230309,1134,379,667.941058,1.295367,1.763613,True
1505,1773650530.488617,1773650752.102631,379,65,127.621952,1.089973,1.977062,True
1506,1773650530.488646,1773650793.367670,429,115,207.370195,0.793789,1.812074,True
1507,1773650530.488675,1773651040.902798,1159,397,702.336419,2.545171,1.767150,True
1508,1773650530.488703,1773651104.348412,1223,444,828.931727,2.398290,1.865764,True
1509,1773650530.488732,1773651081.331778,1093,432,782.595929,2.891250,1.809060,True
1510,1773650530.488765,1773651040.769745,1009,397,701.176783,3.854576,1.760915,True
1511,1773650530.488793,1773650749.848533,380,58,119.210794,0.846968,2.076558,True
1512,1773650530.488822,1773650761.079589,1786,67,140.596209,1.734409,2.103967,True
1513,1773650530.488854,1773650908.214133,1102,427,433.878171,34.730373,0.936967,True
1514,1773650530.488883,1773650909.748867,1183,429,436.927092,36.930759,0.934571,True
1515,1773650530.488912,1773650888.118551,1086,393,393.643543,36.919861,0.910009,True
1516,1773650530.488956,1773651113.310567,1038,398,843.842648,2.052716,2.120378,True
1517,1773650530.488987,1773650883.707556,1059,397,384.264200,28.665474,0.897977,True
1518,1773650530.489016,1773651137.128161,1004,419,888.913371,1.550910,2.122877,True
1519,1773650530.489054,1773650752.644329,371,53,118.325330,32.685544,1.646919,True
1520,1773650530.489083,1773650798.689725,396,131,210.148234,1.149009,1.607686,True
1521,1773650530.489113,1773650882.663831,1189,399,377.887453,23.320654,0.890871,True
1522,1773650530.489145,1773650887.103608,1083,403,386.745426,23.309741,0.904069,True
1523,1773650530.489177,1773650906.688470,1152,437,425.892866,25.568788,0.918174,True
1524,1773650530.489205,1773650875.356588,1063,386,363.207247,25.557846,0.877011,True
1525,1773650530.489234,1773651002.342863,1108,622,617.156797,25.546685,0.952673,True
1526,1773650530.489263,1773650882.664012,1017,398,377.776554,25.535568,0.887257,True
1527,1773650530.489292,1773650868.144031,1120,375,348.716151,27.763732,0.858162,True
1528,1773650530.489324,1773650870.001920,1060,365,352.411177,34.419898,0.873602,True
1529,1773650530.489353,1773651105.531990,1009,399,822.287007,1.775645,2.061586,True
1530,1773650530.489394,1773651124.708645,1053,414,860.627957,1.764558,2.079572,True
1531,1773650530.489423,1773650714.249418,304,18,39.165187,0.811129,2.256121,True
1532,1773650530.489452,1773651152.596602,1097,418,915.341830,2.198837,2.189791,True
1533,1773650530.489481,1773651151.893141,1018,476,913.479184,1.229518,1.920526,True
1534,1773650530.489510,1773650768.410790,1143,70,146.247223,1.694175,2.094972,True
1535,1773650530.489539,1773650793.367582,991,108,193.793381,1.562060,1.796554,True
1536,1773650530.489568,1773650759.692313,1155,75,126.124719,23.611914,1.385308,True
1537,1773650530.489600,1773650905.675785,1143,429,417.965459,31.645301,0.902617,True
1538,1773650530.489629,1773650889.176136,1068,401,384.944675,26.007575,0.897343,True
1539,1773650530.489658,1773651268.415303,1036,619,1142.394741,1.376791,1.846307,True
1540,1773650530.489689,1773651193.414167,1032,447,992.239828,1.539519,2.221301,True
1541,1773650530.489718,1773651050.973144,1015,399,706.897920,3.396569,1.767591,True
1542,1773650530.489748,1773650822.750652,1312,175,250.428623,3.385596,1.419788,True
1543,1773650530.489781,1773650805.200208,685,120,215.264040,1.641000,1.795152,True
1544,1773650530.489811,1773650777.780619,398,98,160.157658,30.514221,1.336530,True
1545,1773650530.489840,1773651092.622901,1173,385,788.854698,1.640206,2.050038,True
1546,1773650530.489869,1773651218.742730,1073,454,1040.825987,1.757945,2.293748,True
1547,1773650530.489898,1773650756.953749,2042,56,116.394301,33.542307,1.506400,True
1548,1773650530.489927,1773650902.353488,1061,408,407.090468,35.858068,0.912119,True
1549,1773650530.489973,1773650785.284167,17,120,172.929326,29.518899,1.205130,True
1550,1773650530.490002,1773650803.227194,1316,170,208.794770,24.326924,1.091526,True
1551,1773650530.490031,1773650780.997215,439,98,164.248217,35.793061,1.324280,True
1552,1773650530.490064,1773650812.971465,390,155,227.947414,1.754447,1.468786,True
1553,1773650530.490093,1773651119.167982,1023,406,840.319186,1.743555,2.070557,True
1554,1773650530.490122,1773650961.696043,1029,519,521.974273,27.507725,0.954569,True
1555,1773650530.490151,1773650794.008213,404,144,186.576889,29.112652,1.101149,True
1556,1773650530.490180,1773650896.842924,1124,408,392.139040,28.233254,0.894117,True
1557,1773650530.490209,1773650906.628089,1044,413,411.584353,35.620827,0.912533,True
1558,1773650530.490318,1773651044.085554,1022,390,685.980376,1.394048,1.759862,True
1559,1773650530.490349,1773650799.779605,393,113,196.763955,0.659222,1.750935,True
1560,1773650530.490379,1773650768.786288,406,82,134.525137,0.644364,1.652849,True
1561,1773650530.490412,1773651145.965175,1102,408,888.263798,0.822509,2.180445,True
1562,1773650530.490442,1773650738.064776,238,14,71.300922,27.418224,3.375592,True
1563,1773650530.490471,1773650888.664563,1146,396,372.479571,27.407365,0.873601,True
1564,1773650530.490501,1773650890.956931,1048,396,376.854278,29.034357,0.880557,True
1565,1773650530.490533,1773650904.235355,1040,414,403.303124,30.719593,0.902139,True
1566,1773650530.490562,1773650747.111580,750,44,89.034980,20.562678,1.592379,True
1567,1773650530.490591,1773650880.140045,1037,373,355.070677,30.698662,0.871968,True
1568,1773650530.490623,1773651048.318854,1156,390,691.295825,1.481449,1.773302,True
1569,1773650530.490654,1773651239.289433,1034,479,1072.656945,1.423398,2.241074,True
1570,1773650530.490686,1773650774.155384,430,90,142.370081,1.412066,1.583798,True
1571,1773650530.490715,1773650754.287283,1044,35,102.355224,2.320959,2.942184,True
1572,1773650530.490744,1773651146.090569,1009,415,885.714843,1.649058,2.135425,True
1573,1773650530.490773,1773650897.913066,1026,400,389.216875,33.152065,0.892393,True
1574,1773650530.490803,1773650936.813132,1089,465,466.993093,34.315238,0.932495,True
1575,1773650530.490832,1773650814.510607,62,152,222.252959,1.548033,1.461622,True
1576,1773650530.490862,1773650761.079902,382,53,113.074404,0.948132,2.156274,True
1577,1773650530.490894,1773650870.183915,998,373,330.277435,20.840819,0.831819,True
1578,1773650530.490924,1773650907.173660,936,431,404.236121,20.829954,0.891642,True
1579,1773650530.490972,1773650892.517336,1150,404,374.900304,20.819343,0.878613,True
1580,1773650530.491001,1773650917.330847,1099,410,424.452384,39.819635,0.940422,True
1581,1773650530.491030,1773650815.173379,7,136,220.081082,0.394186,1.627310,True
1582,1773650530.491060,1773651155.133122,1033,411,899.701545,0.959521,2.192054,True
1583,1773650530.491091,1773651078.146823,1071,415,743.561040,3.187551,1.788342,True
1584,1773650530.491121,1773651081.065287,1099,414,749.377965,1.275413,1.811386,True
1585,1773650530.491153,1773650726.574624,238,14,40.374318,3.165387,2.862225,True
1586,1773650530.491185,1773650808.420589,685,137,204.017152,0.759243,1.494543,True
1587,1773650530.491215,1773651180.199882,1020,502,947.342705,3.024873,1.884866,True
1588,1773650530.491244,1773650814.530832,1315,144,215.978669,3.671785,1.484664,True
1589,1773650530.491273,1773650830.492914,9,166,247.880927,0.871381,1.497028,True
1590,1773650530.491302,1773650777.732798,421,93,142.336818,1.044187,1.535789,True
1591,1773650530.491339,1773651206.915817,1200,526,1000.490037,4.176041,1.897741,True
1592,1773650530.491369,1773650785.420799,394,91,157.458264,0.732262,1.741400,True
1593,1773650530.491398,1773650755.675497,1628,48,97.719554,2.355845,2.029015,True
1594,1773650530.491427,1773651202.677184,1046,442,991.688514,2.344265,2.243411,True
1595,1773650530.491456,1773650785.280795,383,84,156.884862,0.874611,1.879642,True
1596,1773650530.491484,1773650772.449467,376,65,131.036592,34.305387,1.511425,True
1597,1773650530.491513,1773650783.057816,379,87,152.231874,34.295060,1.371358,True
1598,1773650530.491543,1773650911.205749,1046,395,408.299405,39.864126,0.935115,True
1599,1773650530.491572,1773651170.955629,1173,420,927.261539,2.429468,2.207236,True
1600,1773650530.491605,1773650826.717570,1351,186,235.542840,42.009121,1.046128,True
1601,1773650530.491633,1773650737.946292,243,14,57.010301,20.826615,2.783360,True
1602,1773650530.491672,1773650785.137845,410,100,150.156734,0.971908,1.506917,True
1603,1773650530.491720,1773650753.949009,387,52,87.405010,19.585497,1.329794,True
1604,1773650530.491755,1773650906.988178,1034,429,393.462333,19.574972,0.873569,True
1605,1773650530.491786,1773651078.279328,1162,411,734.497615,1.527877,1.787731,True
1606,1773650530.491815,1773651196.744078,1121,506,970.791057,2.417007,1.917572,True
1607,1773650530.491845,1773650738.968086,331,18,54.718258,18.659349,2.121112,True
1608,1773650530.491877,1773651133.842169,1081,388,844.446727,1.225263,2.178867,True
1609,1773650530.491909,1773650841.511559,30,182,259.763446,1.214097,1.428449,True
1610,1773650530.491953,1773650894.630564,1073,408,365.794464,19.103213,0.851821,True
1611,1773650530.491984,1773651148.334128,1191,407,872.592865,1.822310,2.144755,True
1612,1773650530.492013,1773651094.230247,1094,362,764.363308,1.811292,2.112332,True
1613,1773650530.492043,1773650980.617447,459,562,536.907142,19.669008,0.921993,True
1614,1773650530.492072,1773651193.696676,985,426,963.009915,2.610839,2.259763,True
1615,1773650530.492102,1773650787.344798,395,87,150.297082,2.714412,1.716078,True
1616,1773650530.492131,1773651138.816644,1070,392,853.215168,2.589018,2.175514,True
1617,1773650530.492160,1773650779.697990,1786,50,134.958893,40.962411,1.918296,True
1618,1773650530.492192,1773650899.479230,1081,414,374.396609,17.986181,0.862979,True
1619,1773650530.492221,1773650957.193492,1130,459,489.801414,41.581107,0.978647,True
1620,1773650530.492254,1773650830.916581,1320,192,237.140784,43.982918,1.011298,True
1621,1773650530.492283,1773650876.160886,1023,377,324.726689,18.035879,0.815667,True
1622,1773650530.492318,1773650737.946139,238,14,48.067142,16.354648,2.439423,True
1623,1773650530.492348,1773650809.297683,1314,137,190.086925,2.669559,1.378069,True
1624,1773650530.492377,1773651062.736207,1072,398,696.944976,2.659137,1.748831,True
1625,1773650530.492408,1773650796.937802,394,89,165.181292,44.148250,1.375375,True
1626,1773650530.492437,1773650760.375125,373,60,90.695597,15.239707,1.278913,True
1627,1773650530.492469,1773650775.292649,375,66,119.128270,0.493240,1.825154,True
1628,1773650530.492498,1773651259.635271,1142,491,1087.694845,1.174242,2.217389,True
1629,1773650530.492526,1773650810.061979,395,116,188.526652,1.163018,1.629249,True
1630,1773650530.492555,1773650889.487767,1044,394,347.359376,15.257550,0.845043,True
1631,1773650530.492584,1773650892.517181,1021,398,353.394188,16.587586,0.848379,True
1632,1773650530.492612,1773650784.314560,406,91,136.762741,1.138407,1.506937,True
1633,1773650530.492641,1773650917.128893,996,446,402.373983,17.470437,0.864952,True
1634,1773650530.492670,1773651368.565916,1010,635,1305.221920,1.449009,2.056424,True
1635,1773650530.492699,1773650941.620440,1156,424,451.271992,42.510595,0.966339,True
1636,1773650530.492733,1773650929.070342,1115,413,423.927788,38.132056,0.936397,True
1637,1773650530.492762,1773651071.127414,1116,401,708.020833,1.462929,1.766395,True
1638,1773650530.492790,1773651055.402345,1045,390,675.974364,2.299255,1.731813,True
1639,1773650530.492824,1773650759.508678,1529,56,83.914434,16.567269,1.224494,True
1640,1773650530.492853,1773650885.337675,1163,386,335.542699,16.552599,0.828546,True
1641,1773650530.492882,1773650811.246838,440,117,187.337064,0.814862,1.607950,True
1642,1773650530.492912,1773650798.723703,457,98,162.271651,37.650316,1.284756,True
1643,1773650530.492956,1773650797.798501,1313,135,160.398476,22.155735,1.031662,True
1644,1773650530.492989,1773650907.225892,1044,368,379.232277,38.444306,0.928578,True
1645,1773650530.493039,1773651180.251076,1170,939,925.045284,40.766387,0.942728,True
1646,1773650530.493072,1773650923.557248,1038,396,411.633478,40.754709,0.938934,True
1647,1773650530.493102,1773650778.833348,2001,74,121.663809,2.133797,1.637397,True
1648,1773650530.493131,1773650805.995198,392,103,175.397028,0.771842,1.712012,True
1649,1773650530.493160,1773651158.477299,966,403,879.544977,5.879388,2.173297,True
1650,1773650530.493192,1773650744.516567,120,12,51.540243,2.475812,4.460403,True
1651,1773650530.493224,1773651073.402536,1201,402,709.288923,2.465240,1.762653,True
1652,1773650530.493253,1773651154.862758,1152,400,872.045069,9.697989,2.161271,True
1653,1773650530.493285,1773650744.900890,238,14,52.100553,9.687221,3.262564,True
1654,1773650530.493317,1773651148.199872,997,393,858.665706,1.787576,2.185914,True
1655,1773650530.493349,1773650889.608299,1025,394,339.884790,15.448712,0.825537,True
1656,1773650530.493392,1773651138.139867,1121,440,836.488359,2.532990,1.899671,True
1657,1773650530.493422,1773650818.648672,1312,141,196.684369,2.618278,1.386186,True
1658,1773650530.493451,1773650790.479930,403,113,138.799064,18.674185,1.072544,True
1659,1773650530.493480,1773651143.380312,1036,388,844.550998,1.207611,2.179182,True
1660,1773650530.493509,1773650793.233741,385,80,144.193802,34.918148,1.383236,True
1661,1773650530.493538,1773650795.717192,444,101,148.634341,1.682331,1.469520,True
1662,1773650530.493567,1773651242.363964,1012,461,1041.657367,2.824077,2.258333,True
1663,1773650530.493599,1773651348.668039,1036,590,1254.244622,2.812480,2.124673,True
1664,1773650530.493629,1773651126.393086,1036,375,809.671026,2.801831,2.157404,True
1665,1773650530.493657,1773650761.741379,380,61,80.017004,13.382245,1.110579,True
1666,1773650530.493686,1773650768.365685,378,56,93.118553,4.535844,1.610595,True
1667,1773650530.493715,1773650918.400321,1052,378,392.981916,39.524304,0.937553,True
1668,1773650530.493747,1773650914.582791,1039,417,384.687926,19.989006,0.876680,True
1669,1773650530.493776,1773650930.682376,1097,409,416.783935,36.908666,0.931067,True
1670,1773650530.493808,1773651124.990880,1052,373,805.012517,9.265972,2.139104,True
1671,1773650530.493838,1773651152.733766,1036,397,860.488718,9.255087,2.149580,True
1672,1773650530.493872,1773650780.340286,376,74,115.468126,1.908920,1.555606,True
1673,1773650530.493901,1773651067.931453,1043,397,690.632684,1.898289,1.739228,True
1674,1773650530.493930,1773651143.549962,1020,445,841.603766,2.320683,1.890277,True
1675,1773650530.493977,1773651122.136170,1105,429,797.764825,3.003223,1.856920,True
1676,1773650530.494007,1773650916.396913,1095,420,386.203535,20.186119,0.873550,True
1677,1773650530.494037,1773650931.970284,1033,403,416.979859,38.878970,0.940549,True
1678,1773650530.494066,1773650784.634757,1063,93,119.846692,18.998003,1.096181,True
1679,1773650530.494096,1773650910.169469,981,402,370.894233,21.053772,0.872420,True
1680,1773650530.494126,1773650911.037034,999,411,372.524184,18.705981,0.862971,True
1681,1773650530.494158,1773650931.970195,1010,401,414.288137,38.757898,0.938826,True
1682,1773650530.494187,1773651158.766663,1018,396,867.715194,3.307749,2.188373,True
1683,1773650530.494220,1773651127.218917,1145,374,804.604817,3.297033,2.148278,True
1684,1773650530.494249,1773651259.635433,1059,477,1069.418821,9.304823,2.227130,True
1685,1773650530.494278,1773651155.132743,1080,395,860.391611,3.274401,2.175424,True
1686,1773650530.494307,1773650838.247912,1321,182,226.408928,1.298031,1.243707,True
1687,1773650530.494336,1773651190.199250,1035,400,930.288437,5.040149,2.318918,True
1688,1773650530.494370,1773651199.329125,1004,394,948.286239,4.915430,2.400435,True
1689,1773650530.494403,1773651239.289578,1165,421,1028.195595,6.817219,2.431853,True
1690,1773650530.494433,1773651245.582541,1108,459,1040.760405,11.768237,2.246708,True
1691,1773650530.494462,1773651230.084510,978,391,1009.744914,13.507292,2.554455,True
1692,1773650530.494492,1773650825.031632,414,137,199.618196,2.989090,1.445802,True
1693,1773650530.494524,1773650798.044997,400,103,145.430636,1.550909,1.410586,True
1694,1773650530.494553,1773651162.679033,998,396,874.428101,12.853730,2.181201,True
1695,1773650530.494594,1773651161.208496,1045,393,871.469415,16.043992,2.182208,True
1696,1773650530.494625,1773650938.214624,1002,407,423.695853,37.218185,0.951915,True
1697,1773650530.494742,1773650822.743528,874,150,192.732402,38.437122,1.035539,True
1698,1773650530.494775,1773650913.487691,1060,415,374.199905,17.891099,0.860649,True
1699,1773650530.494805,1773650803.641284,399,92,154.445594,38.395519,1.275276,True
1700,1773650530.494836,1773651124.564312,1219,429,796.247049,1.427162,1.857056,True
1701,1773650530.494866,1773651046.144337,1100,371,639.115468,1.911384,1.722173,True
1702,1773650530.494895,1773651104.952234,1064,418,756.712087,2.471906,1.808729,True
1703,1773650530.494925,1773650935.290811,1064,414,413.737373,31.889085,0.924572,True
1704,1773650530.494972,1773650919.812343,1003,418,382.560091,17.521649,0.875392,True
1705,1773650530.495001,1773650934.308439,1204,437,411.426303,20.705626,0.896148,True
1706,1773650530.495030,1773650799.577546,1656,82,141.941818,38.216018,1.280565,True
1707,1773650530.495059,1773650935.953529,1179,445,414.484499,18.895712,0.890966,True
1708,1773650530.495089,1773650935.101174,1146,440,412.756043,20.321434,0.893928,True
1709,1773650530.495118,1773650792.276106,420,80,127.085547,9.985182,1.482283,True
1710,1773650530.495152,1773651340.135028,1136,518,1222.777883,12.062035,2.341810,True
1711,1773650530.495185,1773650808.692485,402,95,159.667278,12.659127,1.563916,True
1712,1773650530.495214,1773650822.089915,18,128,186.187549,1.549240,1.453845,True
1713,1773650530.495244,1773650842.090634,12,231,225.362838,2.692345,0.968133,True
1714,1773650530.495274,1773651117.049206,1271,423,775.254855,2.681234,1.830743,True
1715,1773650530.495303,1773650784.953316,434,77,111.042700,0.595282,1.453255,True
1716,1773650530.495333,1773651036.991364,1050,362,614.841349,2.532580,1.696146,True
1717,1773650530.495363,1773651099.001523,1069,410,738.593763,3.554890,1.797161,True
1718,1773650530.495392,1773650753.166648,242,14,45.814677,13.197190,2.509038,True
1719,1773650530.495421,1773651242.512653,1116,451,1024.488450,15.660043,2.241841,True
1720,1773650530.495450,1773650924.577850,998,411,388.335757,23.111126,0.890792,True
1721,1773650530.495480,1773651155.133115,1103,393,849.422549,1.842311,2.162194,True
1722,1773650530.495509,1773651214.383768,1163,418,967.902761,17.465619,2.279226,True
1723,1773650530.495544,1773651318.007794,1065,474,1175.126332,10.363457,2.462501,True
1724,1773650530.495574,1773650791.667136,1063,93,122.275454,19.666529,1.115314,True
1725,1773650530.495603,1773650805.200057,398,95,149.314113,2.213547,1.564900,True
1726,1773650530.495634,1773650821.844371,874,169,181.394933,25.495852,0.927971,True
1727,1773650530.495663,1773650945.799735,1056,417,429.200548,36.679306,0.943561,True
1728,1773650530.495692,1773650786.906711,1116,79,111.291590,20.684196,1.161633,True
1729,1773650530.495720,1773650928.460906,1044,396,394.295180,32.845994,0.915061,True
1730,1773650530.495749,1773651166.469791,1075,466,868.378691,2.505001,1.862094,True
1731,1773650530.495780,1773650794.960644,401,89,124.946942,26.895090,1.114226,True
1732,1773650530.495810,1773651001.471050,1044,524,537.863318,37.048460,0.957581,True
1733,1773650530.495838,1773650814.922552,1312,157,164.515466,19.279907,0.930997,True
1734,1773650530.495867,1773651175.038958,1039,398,884.234027,14.975903,2.189567,True
1735,1773650530.495901,1773651193.414174,1027,390,920.345227,23.203129,2.306278,True
1736,1773650530.495952,1773650795.139295,395,93,123.373530,1.781153,1.321656,True
1737,1773650530.495984,1773651297.473058,1133,423,1128.018967,10.594549,2.647925,True
1738,1773650530.496013,1773651019.976221,1156,565,572.982856,32.554794,0.958206,True
1739,1773650530.496042,1773651000.413161,1082,522,533.835069,32.543719,0.962171,True
1740,1773650530.496075,1773651133.842328,1126,375,800.496418,1.199541,2.137157,True
1741,1773650530.496104,1773650858.175999,1314,210,248.898422,2.976914,1.176658,True
1742,1773650530.496133,1773651130.684712,1062,373,793.894374,2.966047,2.126151,True
1743,1773650530.496162,1773650749.565155,238,14,31.633042,2.955579,2.205959,True
1744,1773650530.496194,1773650827.135981,1313,181,185.748047,26.819142,0.882938,True
1745,1773650530.496223,1773651346.750976,1200,406,1224.707766,56.033761,2.885615,True
1746,1773650530.496252,1773651079.911922,413,137,691.007275,56.022507,4.669006,True
1747,1773650530.496281,1773651175.039038,1054,374,880.143274,26.626064,2.288250,True
1748,1773650530.496309,1773651395.529353,1059,622,1321.091914,36.950804,2.067860,True
1749,1773650530.496338,1773651103.257274,1050,411,736.538621,2.600526,1.790093,True
1750,1773650530.496367,1773651115.776835,1069,419,761.555645,2.589697,1.815708,True
1751,1773650530.496399,1773651126.362468,1085,426,781.897061,2.741762,1.833307,True
1752,1773650530.496428,1773651138.278643,1012,434,805.434213,4.149881,1.850541,True
1753,1773650530.496460,1773650774.792884,1537,51,78.444933,3.581798,1.497263,True
1754,1773650530.496488,1773650798.846665,401,80,126.368321,30.376407,1.215088,True
1755,1773650530.496517,1773651033.577955,1158,589,595.581463,37.502808,0.949113,True
1756,1773650530.496549,1773650929.195916,1028,396,384.002427,28.844763,0.899133,True
1757,1773650530.496579,1773650821.171886,369,57,167.486237,53.004861,2.044310,True
1758,1773650530.496608,1773651322.708213,1133,507,1170.540569,34.491366,2.245157,True
1759,1773650530.496636,1773651500.757401,1010,485,1526.607619,76.641023,2.995799,True
1760,1773650530.496665,1773651302.003000,1066,465,1128.882871,38.094820,2.350836,True
1761,1773650530.496694,1773651437.154052,1036,422,1399.162139,163.077774,2.936067,True
1762,1773650530.496725,1773651185.113109,977,407,895.059245,1.386568,2.201164,True
1763,1773650530.496754,1773651254.458219,1097,411,1033.730053,42.755295,2.417012,True
1764,1773650530.496783,1773651120.537160,396,88,765.669545,162.947916,6.927835,True
1765,1773650530.496812,1773651303.126084,1096,514,1130.827709,4.365767,2.195832,True
1766,1773650530.496840,1773650787.876971,2006,77,99.851080,16.602050,1.095382,True
1767,1773650530.496869,1773651045.351582,1052,667,614.777369,21.994709,0.890064,True
1768,1773650530.496898,1773650948.344124,1082,428,420.536940,30.170298,0.914208,True
1769,1773650530.496928,1773650919.270567,1073,378,360.590751,28.272179,0.881482,True
1770,1773650530.496973,1773650819.397025,11,141,160.820177,28.260456,0.946855,True
1771,1773650530.497005,1773650944.086699,1093,396,410.178315,36.435601,0.946184,True
1772,1773650530.497038,1773651387.558121,1014,392,1296.531594,162.836119,2.899477,True
1773,1773650530.497067,1773651374.165893,1085,375,1269.721706,167.055471,2.948305,True
1774,1773650530.497099,1773651415.523588,1174,411,1352.416943,167.044112,2.891153,True
1775,1773650530.497129,1773651237.140797,1094,378,995.148093,44.171057,2.522486,True
1776,1773650530.497158,1773651283.050205,1086,410,1086.945462,44.159971,2.549598,True
1777,1773650530.497187,1773651107.884410,987,413,735.968610,1.249804,1.783298,True
1778,1773650530.497218,1773651044.219209,1088,363,608.018389,2.641073,1.672313,True
1779,1773650530.497250,1773651227.889777,1102,523,975.339092,2.630711,1.863426,True
1780,1773650530.497282,1773651089.229411,1029,401,697.749432,3.498096,1.735628,True
1781,1773650530.497311,1773651058.643584,981,381,636.553457,3.972430,1.664687,True
1782,1773650530.497339,1773651099.001893,1029,405,717.247399,3.476358,1.766760,True
1783,1773650530.497379,1773650803.409972,374,91,125.011024,25.134672,1.109737,True
1784,1773650530.497414,1773651205.797769,1023,415,929.631974,1.978114,2.240710,True
1785,1773650530.497444,1773650784.453745,956,59,86.920524,3.318182,1.441420,True
1786,1773650530.497473,1773651170.956046,1057,388,859.904735,9.956280,2.196249,True
1787,1773650530.497502,1773651380.492969,1053,385,1277.595107,164.663791,2.898259,True
1788,1773650530.497531,1773651393.260512,1041,395,1303.107025,170.450280,2.874763,True
1789,1773650530.497566,1773650958.421442,1146,401,433.255905,45.602610,0.969133,True
1790,1773650530.497594,1773650947.020069,1038,401,410.337463,32.895979,0.943604,True
1791,1773650530.497626,1773650953.313846,1051,440,421.309336,25.587113,0.901417,True
1792,1773650530.497656,1773650816.004473,15,134,146.670082,25.577028,0.910474,True
1793,1773650530.497684,1773650955.781663,1006,394,425.996585,45.527274,0.968115,True
1794,1773650530.497714,1773650839.691920,424,102,193.110583,40.601285,1.509993,True
1795,1773650530.497743,1773651307.875415,1029,415,1129.456471,44.985585,2.619495,True
1796,1773650530.497772,1773651292.822186,1006,488,1099.096075,9.734858,2.236881,True
1797,1773650530.497802,1773651190.341977,1005,386,893.867766,14.734567,2.283463,True
1798,1773650530.497831,1773651131.821537,404,96,776.805469,168.737951,6.400711,True
1799,1773650530.497859,1773651314.121311,1147,509,1141.383761,14.712815,2.217856,True
1800,1773650530.497888,1773650819.771382,1314,138,151.823143,26.991439,0.911180,True
1801,1773650530.497917,1773650950.858113,1008,408,412.766201,30.275427,0.939781,True
1802,1773650530.497961,1773650797.045848,397,93,105.037090,2.742373,1.111899,True
1803,1773650530.497991,1773651156.052012,1027,450,823.026376,2.732156,1.826936,True
1804,1773650530.498020,1773650798.320348,424,96,107.542015,0.583339,1.125881,True
1805,1773650530.498049,1773651129.770527,1042,424,770.422223,2.710529,1.814921,True
1806,1773650530.498081,1773651382.459821,1094,385,1275.672406,167.534445,2.885776,True
1807,1773650530.498113,1773650797.902014,415,93,106.453869,6.635688,1.084980,True
1808,1773650530.498142,1773651112.215782,1096,411,735.061708,4.224475,1.782530,True
1809,1773650530.498171,1773650817.277026,398,127,144.887327,7.999756,1.086409,True
1810,1773650530.498200,1773651430.975896,1052,564,1372.140415,47.219960,2.353322,True
1811,1773650530.498229,1773651307.875572,1089,394,1125.915833,47.208793,2.744802,True
1812,1773650530.498258,1773651347.998475,1160,443,1206.141860,47.198432,2.622044,True
1813,1773650530.498287,1773650809.961722,1786,50,129.218293,47.033581,1.677239,True
1814,1773650530.498317,1773651020.156803,1090,558,549.375561,29.388324,0.933550,True
1815,1773650530.498345,1773650835.267467,1317,180,178.273863,23.741318,0.863310,True
1816,1773650530.498374,1773651001.346035,1179,511,510.407017,25.814978,0.950180,True
1817,1773650530.498403,1773651305.502730,1116,368,1118.532911,48.365698,2.915987,True
1818,1773650530.498432,1773650823.596154,388,55,154.431577,48.221158,1.966860,True
1819,1773650530.498461,1773651155.002396,887,112,817.218105,165.764735,5.868949,True
1820,1773650530.498490,1773650939.240656,1020,385,385.504464,29.459305,0.927201,True
1821,1773650530.498522,1773650840.734894,1313,135,188.425594,16.502192,1.283010,True
1822,1773650530.498552,1773650970.263718,1055,395,446.302001,50.007946,1.005822,True
1823,1773650530.498581,1773651078.279317,1130,391,661.012777,3.299649,1.686444,True
1824,1773650530.498613,1773651094.253290,1062,398,692.939635,3.289337,1.737154,True
1825,1773650530.498652,1773651121.534038,1070,411,747.477514,7.432969,1.804987,True
1826,1773650530.498698,1773650802.715395,238,14,108.731817,46.252176,4.806126,True
1827,1773650530.498728,1773651006.532665,1060,468,515.929069,49.848778,0.998031,True
1828,1773650530.498757,1773651190.341719,1026,379,883.420347,14.392810,2.299015,True
1829,1773650530.498786,1773651212.705855,1073,385,928.127456,17.608693,2.371143,True
1830,1773650530.498815,1773650844.866345,1325,198,192.342721,31.992896,0.813959,True
1831,1773650530.498844,1773650780.478163,387,58,62.797168,3.753642,1.035851,True
1832,1773650530.498878,1773650800.266025,438,93,102.352432,4.874223,1.059546,True
1833,1773650530.498909,1773650824.248882,406,86,149.345092,20.555476,1.515172,True
1834,1773650530.498957,1773650829.015574,388,93,158.693332,48.747685,1.195061,True
1835,1773650530.498989,1773650834.610793,398,107,169.859830,49.828963,1.132367,True
1836,1773650530.499108,1773651183.017381,22,131,866.312527,162.296749,5.415506,True
1837,1773650530.499140,1773651151.713074,417,110,803.681925,162.285287,5.884373,True
1838,1773650530.499173,1773651242.363955,1052,400,984.731914,26.854777,2.400695,True
1839,1773650530.499204,1773650942.232522,1069,388,383.689150,25.785127,0.924817,True
1840,1773650530.499237,1773650988.634499,1019,427,475.213996,48.481411,1.001720,True
1841,1773650530.499266,1773651334.461559,1222,396,1166.678519,46.607437,2.835623,True
1842,1773650530.499295,1773650812.449906,902,29,122.094474,46.326434,2.706001,True
1843,1773650530.499324,1773651480.877474,1051,440,1458.652425,160.606678,2.956824,True
1844,1773650530.499353,1773650867.751767,2006,175,232.136883,28.407125,1.170861,True
1845,1773650530.499382,1773651085.560433,1135,388,667.499979,7.109541,1.706435,True
1846,1773650530.499411,1773650867.370142,1349,172,231.056505,31.301212,1.168160,True
1847,1773650530.499440,1773651238.077059,1147,525,972.208489,10.456589,1.835404,True
1848,1773650530.499469,1773651081.331969,1095,387,658.695494,6.937415,1.688492,True
1849,1773650530.499498,1773651379.241683,1158,383,1254.265202,160.047745,2.864444,True
1850,1773650530.499527,1773650983.739097,1090,414,463.010629,48.934829,1.002605,True
1851,1773650530.499555,1773650837.991182,396,99,171.470656,30.887349,1.434524,True
1852,1773650530.499584,1773650947.145105,1091,397,389.362802,24.942336,0.920254,True
1853,1773650530.499613,1773650972.082429,1083,430,438.852337,29.138069,0.955045,True
1854,1773650530.499642,1773650969.946579,1136,396,434.561118,43.161545,0.990885,True
1855,1773650530.499671,1773651339.601977,1001,375,1172.844905,53.334559,2.993343,True
1856,1773650530.499700,1773650830.795597,50,154,154.966286,22.635450,0.864907,True
1857,1773650530.499732,1773651216.936444,1056,499,927.223909,5.596695,1.850657,True
1858,1773650530.499761,1773651258.972961,1084,534,1010.962337,20.530061,1.858222,True
1859,1773650530.499792,1773651156.052007,1062,416,805.099422,5.418469,1.926942,True
1860,1773650530.499821,1773650815.882617,773,41,124.450470,49.912307,1.863454,True
1861,1773650530.499850,1773651373.766582,1070,373,1240.071736,158.425582,2.907651,True
1862,1773650530.499879,1773651257.698161,1085,407,1007.664431,29.277492,2.409820,True
1863,1773650530.499910,1773650824.750161,388,75,141.583603,46.400494,1.286258,True
1864,1773650530.499959,1773650807.656431,383,80,107.006452,14.745630,1.167859,True
1865,1773650530.499989,1773651396.533153,1027,660,1284.488917,15.998376,1.924872,True
1866,1773650530.500019,1773650820.021416,414,102,131.442888,16.889485,1.134192,True
1867,1773650530.500047,1773651246.716861,1164,444,984.811763,28.816272,2.158003,True
1868,1773650530.500076,1773651190.583921,1069,430,872.524549,23.548561,1.978965,True
1869,1773650530.500105,1773651240.529306,1136,396,972.394553,40.268450,2.359813,True
1870,1773650530.500135,1773650801.716199,1951,67,94.166649,22.463397,1.086413,True
1871,1773650530.500163,1773651012.312344,1044,527,515.335547,24.682523,0.932800,True
1872,1773650530.500192,1773651596.234466,1094,575,1683.043507,59.133986,2.829111,True
1873,1773650530.500221,1773651298.636811,1086,446,1087.571416,31.935292,2.372216,True
1874,1773650530.500253,1773650955.221632,991,394,399.446009,29.711856,0.940799,True
1875,1773650530.500282,1773650800.669410,383,59,90.108242,21.794472,1.177824,True
1876,1773650530.500317,1773651378.330167,976,388,1245.282578,63.944329,3.052554,True
1877,1773650530.500346,1773650981.323648,1158,400,450.408195,46.978433,1.011102,True
1878,1773650530.500375,1773651678.292091,1089,1000,1843.077290,30.032583,1.814860,True
1879,1773650530.500404,1773651247.979125,1031,388,982.430513,32.614426,2.454305,True
1880,1773650530.500441,1773651272.613681,1134,394,1031.675711,44.965294,2.510714,True
1881,1773650530.500471,1773650853.177316,1314,227,192.433412,21.794772,0.755038,True
1882,1773650530.500500,1773650811.541768,400,90,109.138610,21.783058,0.981523,True
1883,1773650530.500530,1773651042.810953,1025,604,571.653347,21.772066,0.911909,True
1884,1773650530.500559,1773651428.434065,1052,415,1339.958858,154.512860,2.863396,True
1885,1773650530.500588,1773651315.867303,1020,420,1114.551411,49.145492,2.542735,True
1886,1773650530.500617,1773650814.627064,410,99,111.736898,21.503868,0.920745,True
1887,1773650530.500646,1773650976.347626,998,385,434.843306,45.627888,1.013582,True
1888,1773650530.500676,1773650997.179122,1120,419,475.310472,50.886302,1.015369,True
1889,1773650530.500705,1773651407.409372,1112,394,1295.681678,157.381169,2.896439,True
1890,1773650530.500735,1773651029.827554,973,565,540.247187,20.558803,0.921433,True
1891,1773650530.500764,1773650839.468821,1351,148,159.111723,21.816133,0.933984,True
1892,1773650530.500798,1773651231.979998,16,163,944.002856,156.967781,4.858241,True
1893,1773650530.500829,1773651394.866293,1069,396,1269.505589,156.275791,2.818303,True
1894,1773650530.500858,1773650853.039806,1316,193,185.625716,26.926867,0.826557,True
1895,1773650530.500890,1773651036.405101,1025,514,552.038646,51.424033,0.975857,True
1896,1773650530.500919,1773651117.510129,2006,77,714.225013,160.516443,7.285639,True
1897,1773650530.500970,1773650819.771391,378,51,118.527627,44.053454,1.489483,True
1898,1773650530.501000,1773651172.686052,1036,398,824.299677,28.015611,2.005753,True
1899,1773650530.501030,1773651031.073296,1042,558,540.775476,24.524759,0.926842,True
1900,1773650530.501059,1773651387.426577,1089,372,1253.230738,162.274362,2.940583,True
1901,1773650530.501091,1773651333.261499,1146,395,1144.343434,46.648407,2.786028,True
1902,1773650530.501120,1773651361.043382,1011,411,1199.887587,59.015217,2.782616,True
1903,1773650530.501148,1773651359.859504,981,382,1197.499570,67.670551,2.965430,True
1904,1773650530.501178,1773651203.306012,1138,414,884.135511,31.424242,2.064676,True
1905,1773650530.501210,1773651270.239089,1163,418,1017.980511,38.456733,2.348978,True
1906,1773650530.501242,1773651214.365530,1087,417,905.967205,35.503314,2.092461,True
1907,1773650530.501271,1773651375.051646,1138,517,1227.315592,41.699491,2.297706,True
1908,1773650530.501303,1773651034.062243,1160,468,544.634368,58.758204,1.040420,True
1909,1773650530.501333,1773650860.471378,21,165,197.202051,49.939343,0.897943,True
1910,1773650530.501371,1773650947.718894,1091,378,371.591824,24.559382,0.920510,True
1911,1773650530.501402,1773650967.968219,1149,407,410.226540,23.627351,0.952215,True
1912,1773650530.501431,1773650829.789162,1378,85,133.845232,39.679161,1.121025,True
1913,1773650530.501459,1773651285.684616,1013,397,1044.929456,47.181323,2.519566,True
1914,1773650530.501488,1773650954.306040,1053,408,381.168768,17.721887,0.892990,True
1915,1773650530.501519,1773651419.779979,1049,398,1311.933495,159.280361,2.903408,True
1916,1773650530.501547,1773651140.484626,1474,94,753.332439,172.145392,6.249323,True
1917,1773650530.501575,1773650833.897482,243,14,139.630376,64.697890,5.764037,True
1918,1773650530.501604,1773650834.670344,401,95,140.740460,38.245720,1.090370,True
1919,1773650530.501633,1773650822.862460,430,106,116.893522,22.184481,0.901991,True
1920,1773650530.501665,1773650972.972231,1044,415,417.090049,25.502395,0.945864,True
1921,1773650530.501699,1773650960.748507,1179,398,392.617653,25.489295,0.924757,True
1922,1773650530.501745,1773651392.056521,1175,401,1255.091870,64.277184,2.977037,True
1923,1773650530.501780,1773651289.929107,1034,395,1050.355640,47.967121,2.544133,True
1924,1773650530.501812,1773651062.522709,1951,46,594.382723,150.524267,9.863521,True
1925,1773650530.501845,1773651206.779911,1134,394,881.294509,37.556767,2.146915,True
1926,1773650530.501873,1773650836.310853,415,101,140.273390,36.371762,1.039016,True
1927,1773650530.501905,1773651005.364918,1157,416,478.002517,49.033830,1.033659,True
1928,1773650530.501958,1773650851.312788,983,151,169.745203,38.779763,0.873103,True
1929,1773650530.501991,1773651502.576780,1059,448,1472.044032,152.676560,2.951605,True
1930,1773650530.502021,1773651283.168501,969,375,1033.140903,46.119938,2.639093,True
1931,1773650530.502050,1773650825.429192,243,14,117.063880,55.198447,4.758879,True
1932,1773650530.502079,1773651299.867345,1011,373,1065.917333,110.062126,2.569503,True
1933,1773650530.502111,1773651385.919848,1040,385,1237.602403,152.111755,2.826799,True
1934,1773650530.502140,1773651471.349195,1047,419,1408.178260,168.707324,2.965241,True
1935,1773650530.502169,1773651014.823251,1135,396,495.014131,60.380997,1.100337,True
1936,1773650530.502198,1773651222.215660,1162,401,909.728037,39.378510,2.175874,True
1937,1773650530.502227,1773650981.603480,1150,395,428.436745,36.981372,0.993542,True
1938,1773650530.502255,1773651249.203396,20,177,963.615866,148.460121,4.631567,True
1939,1773650530.502285,1773651107.540969,379,70,679.178783,153.235976,7.622360,True
1940,1773650530.502314,1773651313.135121,1106,396,1090.049933,108.859681,2.484026,True
1941,1773650530.502343,1773651136.853161,414,95,736.953039,152.805324,6.214337,True
1942,1773650530.502374,1773651353.544453,1072,415,1170.252519,112.268706,2.555516,True
1943,1773650530.502403,1773650831.106526,238,14,125.213137,59.197601,5.078118,True
1944,1773650530.502434,1773651132.101117,385,87,726.893267,167.313504,6.506741,True
1945,1773650530.502464,1773650992.918543,322,18,448.243383,152.384296,17.403476,True
1946,1773650530.502493,1773651016.795614,1026,396,495.873314,52.857089,1.121560,True
1947,1773650530.502522,1773651023.284797,970,403,508.617383,63.267045,1.107837,True
1948,1773650530.502554,1773650833.694782,1378,85,129.080024,37.099629,1.095005,True
1949,1773650530.502583,1773651169.357406,13,172,800.276574,111.466254,4.028131,True
1950,1773650530.502612,1773650955.094174,1004,388,371.622995,20.646502,0.906916,True
1951,1773650530.502641,1773651391.797545,980,372,1244.634230,168.737362,2.899992,True
1952,1773650530.502670,1773651605.762485,1102,530,1672.000609,146.093675,2.884512,True
1953,1773650530.502699,1773651419.779990,1005,394,1298.967149,167.928186,2.877962,True
1954,1773650530.502728,1773651142.877069,403,94,745.153403,167.917210,6.206841,True
1955,1773650530.502757,1773651054.013165,1169,451,567.403477,73.251263,1.098116,True
1956,1773650530.502785,1773651242.738025,1140,397,944.242030,43.384713,2.274892,True
1957,1773650530.502815,1773651313.135132,1083,395,1084.765714,109.935016,2.474190,True
1958,1773650530.502843,1773651053.630615,1034,398,565.241961,89.895486,1.197346,True
1959,1773650530.502875,1773650836.429204,404,131,129.905136,21.150747,0.836572,True
1960,1773650530.502907,1773651283.290698,1073,422,1022.033726,43.400654,2.324544,True
1961,1773650530.502951,1773650796.378581,243,14,47.851636,20.174175,2.129035,True
1962,1773650530.502982,1773650971.378065,1146,389,397.367059,24.797853,0.960230,True
1963,1773650530.503011,1773650987.575457,1017,394,429.525700,35.214841,1.003336,True
1964,1773650530.503041,1773651278.864367,1164,395,1011.953650,45.713740,2.452386,True
1965,1773650530.503073,1773651148.059761,1312,156,750.321041,96.937351,4.215379,True
1966,1773650530.503102,1773651317.534542,1096,396,1089.022210,107.663351,2.484453,True
1967,1773650530.503131,1773651222.661143,983,151,899.205480,142.797934,5.042717,True
1968,1773650530.503160,1773651437.282083,1050,412,1328.425012,144.401901,2.880835,True
1969,1773650530.503193,1773650879.960745,399,87,211.899117,69.551774,1.655202,True
1970,1773650530.503222,1773650846.923927,404,118,145.699579,33.953274,0.955097,True
1971,1773650530.503251,1773651131.821714,1992,91,715.324810,152.918686,6.248957,True
1972,1773650530.503279,1773651460.073994,1163,409,1371.528084,171.031525,2.942394,True
1973,1773650530.503307,1773651624.600797,1103,577,1700.315426,147.004387,2.696721,True
1974,1773650530.503336,1773651593.237137,1123,651,1636.881803,112.429093,2.345312,True
1975,1773650530.503447,1773651428.294016,1032,396,1306.891574,170.492641,2.876959,True
1976,1773650530.503481,1773650996.726745,315,18,443.451982,152.077318,17.139686,True
1977,1773650530.503516,1773650949.935004,1316,151,349.847687,88.186827,1.744406,True
1978,1773650530.503549,1773651422.234635,1014,398,1293.861036,155.303707,2.867903,True
1979,1773650530.503578,1773651370.980036,1071,426,1191.165220,105.862731,2.553653,True
1980,1773650530.503607,1773651053.457324,1069,523,555.891566,45.345022,0.978059,True
1981,1773650530.503636,1773651063.163983,421,93,575.214504,109.318363,5.064088,True
1982,1773650530.503665,1773651090.601754,1474,109,630.067985,109.307951,4.821852,True
1983,1773650530.503694,1773651320.447110,1097,393,1089.737000,111.646654,2.495128,True
1984,1773650530.503723,1773650988.576120,1086,419,425.891485,23.659653,0.962277,True
1985,1773650530.503752,1773650987.066454,238,14,422.497786,151.259756,20.864464,True
1986,1773650530.503783,1773651402.336030,1088,382,1252.741338,154.642407,2.882149,True
1987,1773650530.503813,1773651018.675594,1088,417,484.725349,46.876952,1.052520,True
1988,1773650530.503841,1773650815.587453,724,40,78.323186,27.656834,1.299137,True
1989,1773650530.503870,1773651328.116081,1151,404,1103.336799,108.427198,2.468758,True
1990,1773650530.503899,1773651306.896462,1101,385,1060.298860,111.770542,2.470126,True
1991,1773650530.503928,1773651548.476647,1090,558,1543.188289,115.730879,2.562760,True
1992,1773650530.503975,1773651456.494126,960,413,1358.066696,153.147865,2.924560,True
1993,1773650530.504009,1773650998.528864,1094,411,441.740329,31.901318,0.999607,True
1994,1773650530.504038,1773651004.852525,1111,396,454.367072,39.654806,1.049904,True
1995,1773650530.504070,1773651206.067630,1316,140,856.642882,149.333464,5.088557,True
1996,1773650530.504099,1773651004.979182,1094,377,454.386938,46.418025,1.085024,True
1997,1773650530.504128,1773651131.965895,403,86,706.547698,151.915557,6.525084,True
1998,1773650530.504157,1773651229.939429,1316,149,902.472119,174.659756,4.917651,True
1999,1773650530.504186,1773651507.629173,1114,442,1457.576782,151.768159,2.961017,True
2000,1773650530.504214,1773650926.313398,1323,213,294.842967,54.082354,1.135663,True
2001,1773650530.504242,1773651178.835848,397,181,799.198379,113.376918,3.810119,True
2002,1773650530.504270,1773651379.106124,1069,419,1198.849715,115.753104,2.591140,True
2003,1773650530.504298,1773650900.455165,1316,207,241.507987,37.622944,0.989733,True
2004,1773650530.504326,1773650875.238678,374,76,190.693284,65.207143,1.673149,True
2005,1773650530.504355,1773651332.043442,994,396,1104.132723,125.405386,2.477791,True
2006,1773650530.504384,1773651085.418814,1961,96,610.132351,125.031251,5.106327,True
2007,1773650530.504413,1773651317.650858,961,388,1074.573366,125.019478,2.453628,True
2008,1773650530.504447,1773651081.065400,397,94,601.379265,134.413167,5.021141,True
2009,1773650530.504477,1773651307.284708,1053,380,1053.589445,112.122380,2.484082,True
2010,1773650530.504508,1773650852.359671,1314,111,142.710405,39.109010,0.941831,True
2011,1773650530.504538,1773651028.960202,1131,432,495.887370,45.214576,1.045645,True
2012,1773650530.504566,1773651048.004394,1198,394,533.638399,70.161638,1.179330,True
2013,1773650530.504596,1773651401.113752,1074,377,1239.711185,172.104722,2.839379,True
2014,1773650530.504641,1773651185.113120,44,121,807.688048,149.339017,5.486242,True
2015,1773650530.504670,1773650988.674286,738,10,414.786290,172.082712,26.967064,True
2016,1773650530.504698,1773650974.289397,738,10,385.790606,155.758736,25.559097,True
2017,1773650530.504727,1773651020.849954,738,20,478.889948,171.957786,16.154324,True
2018,1773650530.504756,1773651476.597084,1026,418,1390.361597,170.607385,2.925070,True
2019,1773650530.504785,1773651335.266120,1040,399,1106.725904,110.709004,2.502555,True
2020,1773650530.504814,1773651363.819914,1133,414,1163.812120,112.257959,2.546136,True
2021,1773650530.504843,1773650845.284585,808,43,126.596500,52.433258,1.765791,True
2022,1773650530.504871,1773650849.270552,373,78,132.414597,43.887950,1.149697,True
2023,1773650530.504908,1773651058.643425,1138,80,550.100700,131.194418,5.302611,True
2024,1773650530.504954,1773651307.399026,1133,379,1047.588032,131.183346,2.424351,True
2025,1773650530.504990,1773650944.664384,120,12,321.849032,110.432768,19.219660,True
2026,1773650530.505019,1773651450.019228,1073,419,1332.240337,143.179912,2.844642,True
2027,1773650530.505048,1773651384.641674,1128,428,1201.240723,117.318924,2.538459,True
2028,1773650530.505080,1773651052.827412,1020,74,537.583819,117.305388,5.757239,True
2029,1773650530.505113,1773651431.114553,1124,411,1293.864792,142.895382,2.807242,True
2030,1773650530.505145,1773651058.549201,1048,396,548.692351,80.031381,1.186483,True
2031,1773650530.505175,1773651398.843057,1013,394,1229.052509,142.761644,2.764099,True
2032,1773650530.505209,1773651117.509963,376,69,666.363921,169.036325,7.313641,True
2033,1773650530.505237,1773651395.264389,1148,393,1221.854340,143.600306,2.750648,True
2034,1773650530.505265,1773651023.918709,1018,391,478.950842,49.976622,1.099934,True
2035,1773650530.505294,1773650901.332038,1337,79,233.757345,63.033887,2.188762,True
2036,1773650530.505323,1773651104.830839,1099,57,640.730347,167.559384,8.449481,True
2037,1773650530.505354,1773651057.250822,1051,396,545.218790,80.790736,1.175767,True
2038,1773650530.505394,1773651343.506861,1138,398,1117.083526,129.822918,2.486803,True
2039,1773650530.505423,1773651404.895852,1148,375,1239.505785,171.482849,2.855676,True
2040,1773650530.505453,1773651114.140927,424,114,657.766928,129.529804,4.674665,True
2041,1773650530.505485,1773651058.643578,388,80,546.749788,129.519475,5.281396,True
2042,1773650530.505514,1773651337.905201,1091,397,1105.247709,129.506233,2.463994,True
2043,1773650530.505543,1773650918.225013,1484,88,265.865185,80.456573,2.131133,True
2044,1773650530.505576,1773651265.927815,1312,181,961.248734,171.322403,4.388480,True
2045,1773650530.505605,1773651445.917637,1031,403,1321.205651,172.940576,2.856381,True
2046,1773650530.505634,1773651411.301878,1089,402,1251.951674,149.304126,2.749745,True
2047,1773650530.505663,1773651422.234981,1135,390,1273.604989,171.193968,2.833961,True
2048,1773650530.505691,1773651067.931624,391,87,564.745750,129.228960,5.064149,True
2049,1773650530.505720,1773651066.289546,974,406,561.273291,81.697132,1.184139,True
2050,1773650530.505752,1773651331.926101,1013,396,1092.454905,115.642734,2.472942,True
2051,1773650530.505784,1773650898.614768,1316,150,225.667857,45.670961,1.208033,True
2052,1773650530.505814,1773651075.121954,1084,429,576.420288,78.519747,1.163319,True
2053,1773650530.505842,1773651060.824859,1162,390,547.700524,83.519791,1.193267,True
2054,1773650530.505871,1773651190.473724,1061,117,806.234949,170.899510,5.477030,True
2055,1773650530.505900,1773651493.489145,1046,427,1412.244947,170.889132,2.913981,True
2056,1773650530.505929,1773651483.731872,1183,501,1392.515235,127.313856,2.530403,True
2057,1773650530.505975,1773651402.336186,1182,372,1229.426116,179.896683,2.828920,True
2058,1773650530.506010,1773651060.763120,1167,398,545.765150,79.361594,1.174820,True
2059,1773650530.506049,1773651117.227729,381,76,657.527224,146.167062,6.818135,True
2060,1773650530.506080,1773651419.515785,1198,405,1262.081565,146.155930,2.762192,True
2061,1773650530.506114,1773651437.282247,1006,397,1297.359887,178.917504,2.824349,True
2062,1773650530.506143,1773651034.585771,1026,385,491.675041,46.958252,1.158117,True
2063,1773650530.506173,1773651055.308097,1022,413,533.097405,65.239192,1.135578,True
2064,1773650530.506228,1773651148.465175,900,102,719.196655,145.764606,5.677545,True
2065,1773650530.506257,1773651088.788526,911,97,599.246904,127.388701,4.915190,True
2066,1773650530.506286,1773651434.526334,1096,398,1289.954260,168.706890,2.824301,True
2067,1773650530.506315,1773651138.955869,389,87,698.790417,168.695468,6.163895,True
2068,1773650530.506345,1773651483.041581,1102,420,1386.936690,175.097270,2.892218,True
2069,1773650530.506374,1773651322.933954,1010,391,1065.743659,135.384896,2.385535,True
2070,1773650530.506402,1773651061.758133,1148,398,542.534380,78.484432,1.168892,True
2071,1773650530.506434,1773651331.926242,1024,396,1082.269241,110.549258,2.460051,True
2072,1773650530.506464,1773651058.549345,1023,394,534.914486,75.480098,1.169044,True
2073,1773650530.506499,1773650957.476058,242,14,331.893970,133.918107,15.228913,True
2074,1773650530.506529,1773651337.904866,1144,396,1092.731473,133.907299,2.427403,True
2075,1773650530.506558,1773651424.500605,995,449,1265.901921,133.896352,2.526798,True
2076,1773650530.506588,1773651369.134107,1082,411,1155.145623,133.885533,2.490878,True
2077,1773650530.506617,1773650912.501319,1020,74,241.651555,77.300137,2.251389,True
2078,1773650530.506649,1773651050.016406,989,392,516.307008,64.228685,1.156211,True
2079,1773650530.506677,1773651037.428854,1717,28,490.282027,142.342545,12.886647,True
2080,1773650530.506712,1773651395.529622,1013,373,1205.111612,171.700869,2.777986,True
2081,1773650530.506741,1773651084.523704,1051,427,582.568474,83.298654,1.171995,True
2082,1773650530.506770,1773651047.771172,382,64,509.014150,108.076720,6.364086,True
2083,1773650530.506799,1773650974.877775,1313,204,363.042179,64.932328,1.468521,True
2084,1773650530.506828,1773651140.483769,381,88,694.208194,171.289297,6.010562,True
2085,1773650530.506857,1773651614.115506,1051,538,1641.450826,171.278790,2.737751,True
2086,1773650530.506889,1773650950.479495,243,14,314.130592,107.926489,15.861854,True
2087,1773650530.506921,1773651058.643433,1337,79,530.437737,132.021981,5.107894,True
2088,1773650530.506968,1773651169.940331,401,164,753.010615,107.905089,3.957703,True
2089,1773650530.506999,1773650874.343213,120,12,160.664840,72.561720,8.009375,True
2090,1773650530.507028,1773651407.140919,1130,398,1224.744050,142.190093,2.726836,True
2091,1773650530.507057,1773651059.899700,1134,393,529.863091,73.048147,1.165344,True
2092,1773650530.507086,1773651057.374240,1053,385,524.791557,76.374313,1.167753,True
2093,1773650530.507118,1773651328.116087,1015,393,1065.940031,130.301944,2.386832,True
2094,1773650530.507148,1773651248.923499,25,165,907.223305,169.356134,4.499190,True
2095,1773650530.507180,1773651536.601024,1168,453,1482.315039,169.229592,2.905056,True
2096,1773650530.507215,1773651434.404128,1023,396,1277.909889,172.069308,2.799596,True
2097,1773650530.507244,1773651451.181067,964,476,1310.920628,129.726117,2.486725,True
2098,1773650530.507272,1773651075.859658,1360,90,560.256552,134.850964,4.779838,True
2099,1773650530.507301,1773651434.526342,1048,397,1276.549382,168.416947,2.798314,True
2100,1773650530.507330,1773651078.964456,996,441,565.156083,63.777975,1.139496,True
2101,1773650530.507359,1773651134.127853,890,89,675.449441,147.104639,6.003918,True
2102,1773650530.507388,1773651071.816969,1135,415,550.281676,74.460663,1.149326,True
2103,1773650530.507417,1773650916.952631,408,100,240.008081,63.215380,1.785785,True
2104,1773650530.507449,1773651063.393610,1266,397,532.866883,68.922750,1.171576,True
2105,1773650530.507478,1773651071.270208,403,89,548.425277,104.282917,5.047072,True
2106,1773650530.507506,1773651338.025957,1127,398,1081.912853,104.271761,2.462572,True
2107,1773650530.507535,1773651058.777682,390,79,522.880558,110.232768,5.290356,True
2108,1773650530.507567,1773651058.427545,1084,390,521.247193,73.332715,1.151451,True
2109,1773650530.507597,1773651352.307065,963,399,1108.786577,132.668980,2.452557,True
2110,1773650530.507626,1773651140.642983,404,128,685.185778,109.520739,4.532796,True
2111,1773650530.507655,1773651335.266277,1201,396,1073.868682,109.238463,2.442102,True
2112,1773650530.507687,1773651382.878199,1115,418,1168.799274,132.104425,2.486079,True
2113,1773650530.507722,1773651338.026115,1025,397,1079.074669,109.081517,2.449478,True
2114,1773650530.507833,1773651169.166106,418,113,740.928178,144.800998,5.322564,True
2115,1773650530.507865,1773651076.577957,984,409,555.691172,81.158001,1.163071,True
2116,1773650530.507895,1773651061.758123,1150,394,525.817831,73.196931,1.151707,True
2117,1773650530.507925,1773651056.482813,1011,384,515.140511,67.778189,1.168048,True
2118,1773650530.507971,1773651414.104769,1149,383,1229.982558,168.405975,2.778996,True
2119,1773650530.508001,1773651170.534048,408,103,742.571957,168.272087,5.630391,True
2120,1773650530.508031,1773651120.662228,386,67,642.809173,168.261152,7.190122,True
2121,1773650530.508067,1773651434.271217,1196,410,1270.003104,144.233111,2.752494,True
2122,1773650530.508097,1773651475.430623,1008,414,1352.297825,168.238608,2.866971,True
2123,1773650530.508126,1773651082.711990,985,421,566.263839,80.310964,1.157031,True
2124,1773650530.508156,1773651506.516261,988,432,1413.450653,164.877275,2.896922,True
2125,1773650530.508185,1773651074.048019,1027,414,547.823022,73.061838,1.149543,True
2126,1773650530.508214,1773651432.666077,1042,394,1264.891023,173.666741,2.776652,True
2127,1773650530.508243,1773651415.657758,1071,384,1230.852675,173.656172,2.760304,True
2128,1773650530.508272,1773651347.525979,1093,401,1094.499720,107.294866,2.468012,True
2129,1773650530.508306,1773651125.236965,1171,523,649.130002,74.199023,1.101400,True
2130,1773650530.508335,1773651402.948446,1048,433,1204.528954,129.898692,2.487570,True
2131,1773650530.508368,1773650918.284161,1821,84,235.095473,68.902217,2.002328,True
2132,1773650530.508397,1773651090.456617,388,98,578.734425,114.989692,4.780874,True
2133,1773650530.508426,1773651094.114774,1047,99,585.509114,114.718092,4.803990,True
2134,1773650530.508455,1773650959.218403,21,138,314.991664,78.168231,1.728638,True
2135,1773650530.508487,1773651526.014356,971,444,1448.184193,169.485997,2.886452,True
2136,1773650530.508519,1773651406.088068,1185,434,1208.331639,133.062769,2.483300,True
2137,1773650530.508548,1773651338.026120,1231,396,1071.994584,114.050151,2.425176,True
2138,1773650530.508577,1773651193.272510,413,113,782.174342,171.701774,5.450648,True
2139,1773650530.508606,1773651444.487856,1255,414,1284.064994,141.047083,2.767598,True
2140,1773650530.508636,1773650932.035307,922,104,258.825924,70.575417,1.827675,True
2141,1773650530.508665,1773651402.466422,1080,375,1199.498229,168.679182,2.756201,True
2142,1773650530.508693,1773651097.537254,383,48,589.616753,168.668015,8.956356,True
2143,1773650530.508723,1773650881.762806,120,12,157.053918,71.635369,7.765323,True
2144,1773650530.508752,1773650918.284184,376,84,229.735292,66.221727,1.970043,True
2145,1773650530.508781,1773651283.050215,1315,199,959.013119,167.854445,3.995751,True
2146,1773650530.508813,1773650954.975657,36,130,302.658830,76.244274,1.755152,True
2147,1773650530.508842,1773650909.865231,422,67,212.181275,66.834753,2.202220,True
2148,1773650530.508871,1773650898.553589,374,44,189.327062,69.308294,2.791134,True
2149,1773650530.508900,1773650933.314223,1360,94,258.741202,76.803839,1.956316,True
2150,1773650530.508946,1773651345.024410,1076,396,1081.535408,130.728628,2.407106,True
2151,1773650530.508977,1773651206.067638,1313,137,803.598126,139.234778,4.885025,True
2152,1773650530.509007,1773651075.859982,890,89,543.163083,130.706900,4.687002,True
2153,1773650530.509036,1773651405.159888,1161,395,1200.987521,138.842479,2.695800,True
2154,1773650530.509065,1773651139.877824,382,86,669.895940,166.467138,5.922692,True
2155,1773650530.509095,1773651148.199543,397,86,685.968118,168.674728,6.085805,True
2156,1773650530.509127,1773651151.466707,420,88,692.305344,168.663585,6.018871,True
2157,1773650530.509156,1773651347.646437,1062,397,1084.519850,129.597885,2.411419,True
2158,1773650530.509185,1773651382.459563,1122,377,1153.972814,138.029185,2.701978,True
2159,1773650530.509214,1773651463.287604,1099,420,1315.595216,143.574050,2.797187,True
2160,1773650530.509245,1773651311.247755,1048,379,1011.484461,113.821375,2.374770,True
2161,1773650530.509275,1773651082.469965,1055,413,553.552733,78.969828,1.151900,True
2162,1773650530.509304,1773651089.473022,1006,44,567.472089,165.660812,9.344448,True
2163,1773650530.509332,1773651200.374691,1670,117,788.746845,167.887746,5.352234,True
2164,1773650530.509374,1773651140.353079,411,81,668.682576,167.876267,6.260079,True
2165,1773650530.509408,1773651031.352178,1757,45,448.678505,134.031403,7.151071,True
2166,1773650530.509437,1773651088.796503,999,419,562.671154,81.134818,1.152001,True
2167,1773650530.509466,1773650956.471416,247,14,297.622046,111.667042,14.304231,True
2168,1773650530.509495,1773651326.507852,1020,388,1036.907629,132.989608,2.335705,True
2169,1773650530.509529,1773651148.465016,442,99,680.064294,140.625922,5.504473,True
2170,1773650530.509559,1773651024.358506,324,18,431.309359,162.693197,15.800951,True
2171,1773650530.509588,1773651374.927697,1009,410,1132.030052,132.130628,2.444742,True
2172,1773650530.509617,1773651175.525310,391,104,733.123137,168.215250,5.484543,True
2173,1773650530.509646,1773650961.819331,1313,157,305.388521,65.029087,1.540766,True
2174,1773650530.509676,1773651203.169469,1317,198,787.731774,110.023859,3.440142,True
2175,1773650530.509707,1773650928.517696,386,99,237.104002,64.904918,1.757134,True
2176,1773650530.509737,1773651449.885158,1043,401,1279.623124,164.746559,2.787191,True
2177,1773650530.509766,1773651029.992914,1165,45,438.633585,116.138656,7.329430,True
2178,1773650530.509794,1773651371.101269,1028,414,1120.827745,124.855950,2.411554,True
2179,1773650530.509824,1773651156.051827,1821,143,690.707794,128.253708,3.960944,True
2180,1773650530.509855,1773650972.580201,237,14,323.742352,128.243205,15.038396,True
2181,1773650530.509884,1773651403.081879,1151,434,1184.721569,128.231486,2.439931,True
2182,1773650530.509915,1773651245.582700,1484,159,868.658079,168.054193,4.434202,True
2183,1773650530.509961,1773650926.490891,427,93,230.225390,64.417746,1.802257,True
2184,1773650530.509991,1773651454.433225,1207,400,1285.815836,165.646802,2.807441,True
2185,1773650530.510020,1773651073.363011,1001,407,523.633738,62.608083,1.135531,True
2186,1773650530.510049,1773651238.447309,50,168,853.303386,137.261919,4.287673,True
2187,1773650530.510078,1773651070.338049,1381,40,517.050313,137.250771,9.738450,True
2188,1773650530.510107,1773651140.209561,396,93,656.780743,137.239266,5.647190,True
2189,1773650530.510136,1773651407.141044,1040,396,1190.622372,137.228400,2.666820,True
2190,1773650530.510165,1773650923.744464,394,88,223.122873,61.015431,1.863304,True
2191,1773650530.510195,1773651099.714360,378,48,574.790234,166.988521,8.676632,True
2192,1773650530.510224,1773651600.380232,1307,501,1575.851005,164.717745,2.822267,True
2193,1773650530.510256,1773651456.231555,974,402,1286.764426,166.457952,2.793782,True
2194,1773650530.510289,1773651447.531198,1129,467,1269.343749,131.662965,2.441375,True
2195,1773650530.510318,1773651328.115888,1040,388,1030.490219,131.652080,2.322579,True
2196,1773650530.510347,1773651367.178113,1159,405,1108.594945,131.641438,2.418202,True
2197,1773650530.510379,1773651410.114043,946,398,1194.274229,136.081970,2.665472,True
2198,1773650530.510408,1773651488.293991,967,419,1348.084727,162.926904,2.835306,True
2199,1773650530.510438,1773651389.931139,1109,383,1150.818338,134.535819,2.660425,True
2200,1773650530.510467,1773651528.826628,1171,526,1428.585581,133.912482,2.466044,True
2201,1773650530.510496,1773650914.757459,1670,65,200.237859,64.335640,2.123472,True
2202,1773650530.510525,1773651067.767308,1039,399,505.684596,62.306839,1.114014,True
2203,1773650530.510560,1773651464.031157,1184,405,1297.683822,167.178601,2.798280,True
2204,1773650530.510589,1773650933.439080,421,99,235.699246,63.384235,1.758316,True
2205,1773650530.510618,1773651067.528247,1046,398,503.286322,61.346599,1.113198,True
2206,1773650530.510647,1773651083.789981,1034,428,535.555913,59.663469,1.114502,True
2207,1773650530.510676,1773650928.460749,373,93,224.307024,62.667143,1.756955,True
2208,1773650530.510705,1773651198.043126,890,115,763.345873,165.994465,5.239925,True
2209,1773650530.510734,1773651106.322531,377,51,579.874058,173.011559,8.137250,True
2210,1773650530.510763,1773651140.787327,426,126,646.996349,131.157229,4.126713,True
2211,1773650530.510791,1773651067.800023,1508,76,500.767931,132.526800,4.909882,True
2212,1773650530.510822,1773651087.486610,1059,410,539.100267,73.912930,1.137377,True
2213,1773650530.510851,1773651437.154057,1196,410,1237.005207,132.897152,2.699531,True
2214,1773650530.510885,1773651494.894351,1072,419,1351.929254,173.442605,2.819346,True
2215,1773650530.510914,1773651445.917966,1020,394,1253.953486,173.431775,2.749419,True
2216,1773650530.510959,1773651238.737701,26,150,839.570196,173.420285,4.470805,True
2217,1773650530.510989,1773651414.235433,1045,378,1190.536901,175.416232,2.692628,True
2218,1773650530.511023,1773651534.213156,1116,446,1430.058390,161.622693,2.850417,True
2219,1773650530.511053,1773651488.294157,1084,418,1338.190162,161.612204,2.821530,True
2220,1773650530.511082,1773651286.218603,1338,195,934.027420,167.175887,3.952843,True
2221,1773650530.511115,1773651605.370203,1137,509,1572.306527,167.165661,2.766025,True
2222,1773650530.511147,1773651562.372786,1130,468,1486.291811,167.155107,2.824704,True
2223,1773650530.511178,1773651145.965166,387,82,653.454703,167.143915,6.003837,True
2224,1773650530.511207,1773651463.007664,1087,402,1287.521250,167.133460,2.793985,True
2225,1773650530.511236,1773651067.767457,1075,395,496.851868,61.179890,1.105766,True
2226,1773650530.511265,1773651077.637085,1131,396,516.464095,65.863955,1.140760,True
2227,1773650530.511293,1773650967.010424,1353,144,294.857356,67.115691,1.592599,True
2228,1773650530.511322,1773650965.664504,1484,159,291.783139,58.073455,1.479175,True
2229,1773650530.511351,1773651063.330017,1183,384,487.092359,58.062611,1.120182,True
2230,1773650530.511383,1773651166.612170,1318,148,693.158883,129.909135,3.831631,True
2231,1773650530.511414,1773650949.007741,1907,90,257.429107,76.300871,2.035149,True
2232,1773650530.511446,1773651127.501095,401,82,612.623673,130.364108,5.953822,True
2233,1773650530.511476,1773650935.953521,1961,95,229.332356,63.264984,1.766674,True
2234,1773650530.511511,1773651153.699903,403,135,664.770117,128.626942,4.001068,True
2235,1773650530.511540,1773651114.006110,389,100,584.369074,131.649167,4.572928,True
2236,1773650530.511569,1773650940.412582,399,101,237.117493,59.780567,1.773369,True
2237,1773650530.511598,1773651380.492655,953,375,1117.069653,129.589363,2.640322,True
2238,1773650530.511626,1773651515.374326,1066,431,1386.563283,172.286204,2.823900,True
2239,1773650530.511658,1773651043.248926,298,18,442.035882,164.150371,16.346207,True
2240,1773650530.511686,1773651093.642974,1146,413,541.786621,74.795760,1.133473,True
2241,1773650530.511714,1773651587.061638,1178,607,1528.601733,125.686109,2.315042,True
2242,1773650530.511757,1773651074.108900,1066,388,502.470780,63.823722,1.133455,True
2243,1773650530.511796,1773651415.783637,1248,378,1184.366610,175.498250,2.676043,True
2244,1773650530.511826,1773650935.165081,387,68,222.962478,73.861051,2.225394,True
2245,1773650530.511855,1773651345.024568,1027,392,1042.493177,124.668428,2.347378,True
2246,1773650530.511884,1773651185.112971,858,107,721.712279,162.123603,5.279138,True
2247,1773650530.511913,1773651080.446575,1052,413,511.369883,56.872563,1.103149,True
2248,1773650530.511965,1773651390.136099,1034,417,1130.685683,129.390893,2.406959,True
2249,1773650530.511996,1773651444.211447,1038,394,1238.349660,163.486525,2.735021,True
2250,1773650530.512025,1773650982.403229,120,12,313.933938,128.033855,16.900008,True
2251,1773650530.512054,1773650953.821049,435,117,256.118635,63.656575,1.659156,True
2252,1773650530.512084,1773651085.503464,1190,403,517.547135,63.623101,1.129164,True
2253,1773650530.512195,1773650921.800884,955,68,189.307208,55.142263,2.002462,True
2254,1773650530.512227,1773651500.182187,1248,423,1346.037146,161.364258,2.807282,True
2255,1773650530.512258,1773651170.534039,406,96,686.727740,164.576627,5.496328,True
2256,1773650530.512288,1773651079.024546,1093,411,502.397505,56.726166,1.087003,True
2257,1773650530.512323,1773650926.929221,434,82,195.808882,55.527115,1.731874,True
2258,1773650530.512351,1773651063.163778,368,72,466.848543,124.444765,4.822588,True
2259,1773650530.512383,1773651075.881771,988,375,492.181644,69.149084,1.131103,True
2260,1773650530.512412,1773651169.870399,418,95,678.735874,168.602606,5.426950,True
2261,1773650530.512441,1773650942.346855,1531,70,223.080210,71.418857,2.197991,True
2262,1773650530.512470,1773651090.358228,1135,410,518.870375,60.702379,1.120215,True
2263,1773650530.512500,1773650926.374104,1142,79,190.524054,52.531669,1.769133,True
2264,1773650530.512529,1773651415.783791,1189,378,1169.011687,167.820052,2.655681,True
2265,1773650530.512563,1773650939.291456,394,97,215.294898,51.999639,1.700992,True
2266,1773650530.512597,1773651138.638731,1147,498,612.402088,71.546308,1.088241,True
2267,1773650530.512627,1773651103.908221,985,427,540.412368,71.180516,1.101483,True
2268,1773650530.512657,1773651175.525318,1047,99,683.235152,157.845056,5.361123,True
2269,1773650530.512686,1773651080.574751,1128,410,491.912522,51.343059,1.077187,True
2270,1773650530.512716,1773650945.799571,647,74,222.255249,70.211282,2.082794,True
2271,1773650530.512745,1773651078.964613,972,388,487.371385,56.346429,1.113760,True
2272,1773650530.512774,1773650914.642500,242,14,156.654402,71.653327,6.538544,True
2273,1773650530.512803,1773651097.021256,1048,412,521.160984,61.919812,1.117375,True
2274,1773650530.512832,1773651454.433057,1062,394,1235.606416,156.799266,2.745056,True
2275,1773650530.512861,1773650940.294176,396,97,206.161361,48.747468,1.639728,True
2276,1773650530.512890,1773651181.169333,431,99,686.331814,159.469167,5.376149,True
2277,1773650530.512919,1773651139.101630,405,92,601.693973,113.293839,5.367034,True
2278,1773650530.512968,1773651431.233231,959,384,1185.683015,159.079738,2.680426,True
2279,1773650530.512999,1773650922.046739,387,68,166.593967,44.894125,1.816416,True
2280,1773650530.513028,1773651398.404314,1254,419,1117.854498,116.845366,2.394759,True
2281,1773650530.513057,1773651137.128404,396,75,594.860380,159.400570,5.884592,True
2282,1773650530.513089,1773651511.060327,1100,424,1340.625009,163.281060,2.783319,True
2283,1773650530.513118,1773651482.899137,1028,408,1282.762710,162.509435,2.752465,True
2284,1773650530.513150,1773651357.684958,955,394,1031.165612,111.368387,2.340451,True
2285,1773650530.513180,1773650981.323900,19,178,276.721025,40.680819,1.333560,True
2286,1773650530.513209,1773651052.957388,373,60,419.718603,117.077578,5.129509,True
2287,1773650530.513240,1773651073.060997,1023,396,456.372571,38.768952,1.057224,True
2288,1773650530.513273,1773651098.214742,1105,407,505.841336,63.726250,1.088953,True
2289,1773650530.513303,1773651085.598713,1028,379,479.668754,63.256349,1.101620,True
2290,1773650530.513332,1773650959.461239,1907,84,225.057155,65.141639,1.926693,True
2291,1773650530.513370,1773651466.334678,1028,396,1237.570903,159.591274,2.729062,True
2292,1773650530.513402,1773651112.946187,1364,480,527.335187,38.531474,1.020467,True
2293,1773650530.513432,1773651099.376067,1034,417,500.070855,49.826560,1.082318,True
2294,1773650530.513461,1773651083.790138,1084,414,465.856337,35.407620,1.042249,True
2295,1773650530.513490,1773651040.152707,378,45,377.656028,108.851488,6.109194,True
2296,1773650530.513519,1773650927.431816,1028,55,150.120217,48.834343,1.875664,True
2297,1773650530.513547,1773651365.556796,1103,396,1025.017438,107.128378,2.323770,True
2298,1773650530.513576,1773650987.447850,1314,156,268.525809,50.131986,1.408992,True
2299,1773650530.513604,1773650935.953607,404,91,163.292513,33.502145,1.442115,True
2300,1773650530.513637,1773651347.525968,1002,388,984.038414,97.964762,2.289596,True
2301,1773650530.513666,1773651499.235025,1128,502,1287.437145,99.951872,2.370230,True
2302,1773650530.513695,1773651092.254268,1018,395,473.164039,47.644620,1.079999,True
2303,1773650530.513724,1773650927.431543,840,45,139.339530,49.340336,2.045436,True
2304,1773650530.513754,1773651143.549767,449,119,570.960097,99.263696,3.997427,True
2305,1773650530.513783,1773651168.059773,376,145,619.959315,99.253381,3.616013,True
2306,1773650530.513812,1773651360.043778,1030,393,1003.906369,102.085076,2.300565,True
2307,1773650530.513841,1773651152.596615,374,79,588.824794,148.955961,5.639344,True
2308,1773650530.513870,1773651063.028425,1992,66,409.665400,103.070659,4.716842,True
2309,1773650530.513900,1773651070.415125,957,388,421.608622,28.862608,1.014848,True
2310,1773650530.513928,1773651091.237706,1043,377,463.128503,50.880908,1.096403,True
2311,1773650530.513975,1773650958.421452,864,129,195.881444,29.493778,1.299904,True
2312,1773650530.514004,1773651097.139474,1150,395,471.845567,51.964730,1.065687,True
2313,1773650530.514034,1773650923.497797,386,69,123.463269,24.503957,1.455284,True
2314,1773650530.514068,1773650898.668732,325,18,73.555640,28.078819,2.675107,True
2315,1773650530.514098,1773651416.866870,1114,429,1109.427785,104.924464,2.346970,True
2316,1773650530.514133,1773651078.146507,1093,398,430.955609,29.601027,1.010969,True
2317,1773650530.514163,1773651088.678643,1052,373,451.657471,48.725067,1.083152,True
2318,1773650530.514192,1773651322.933817,1122,377,918.284343,103.285688,2.167550,True
2319,1773650530.514221,1773651065.651113,1002,373,403.697157,25.304848,1.017184,True
2320,1773650530.514251,1773651379.228606,1071,405,1030.637244,103.750613,2.294274,True
2321,1773650530.514280,1773650940.355404,1369,44,152.741285,50.358836,2.380987,True
2322,1773650530.514308,1773651111.280451,1160,468,493.829838,29.422337,0.994449,True
2323,1773650530.514338,1773650942.174284,1868,82,154.849477,30.914609,1.530060,True
2324,1773650530.514367,1773650964.117594,1571,89,198.606457,51.153635,1.675600,True
2325,1773650530.514396,1773650955.907265,719,113,179.647989,29.581276,1.339881,True
2326,1773650530.514425,1773650974.637559,413,102,217.004285,49.833004,1.655161,True
2327,1773650530.514454,1773651419.736806,1066,431,1107.037197,100.859510,2.339948,True
2328,1773650530.514483,1773651090.423533,1058,419,447.305727,27.016797,1.005476,True
2329,1773650530.514512,1773651088.796723,1000,375,443.946961,47.520765,1.059963,True
2330,1773650530.514540,1773651137.404653,404,68,540.056198,139.763128,5.974523,True
2331,1773650530.514569,1773650987.631229,1484,159,240.171607,32.846266,1.312186,True
2332,1773650530.514598,1773651189.933767,400,98,644.343103,148.198202,5.114896,True
2333,1773650530.514630,1773651090.601742,429,84,445.481725,99.217860,4.171854,True
2334,1773650530.514658,1773651392.680417,1054,414,1049.411203,101.417799,2.295384,True
2335,1773650530.514693,1773650919.270388,691,51,102.238256,25.636414,1.532037,True
2336,1773650530.514731,1773650941.681851,396,90,147.039910,25.625754,1.364204,True
2337,1773650530.514762,1773650969.766271,387,97,202.856215,47.629893,1.616941,True
2338,1773650530.514794,1773651432.791327,1185,384,1127.307875,136.371640,2.587301,True
2339,1773650530.514823,1773651207.035414,1130,609,674.058668,48.148366,1.029458,True
2340,1773650530.514852,1773650977.414684,1313,145,214.584748,30.746377,1.276655,True
2341,1773650530.514880,1773650983.680834,398,123,226.986494,45.780923,1.485292,True
2342,1773650530.514911,1773651098.824468,1121,423,456.524689,29.827403,1.011131,True
2343,1773650530.514956,1773651124.564324,428,101,507.811694,98.734178,4.090775,True
2344,1773650530.514991,1773651360.168460,1077,391,978.998049,103.221693,2.245580,True
2345,1773650530.515021,1773651051.121760,1341,50,360.884297,107.651745,5.168011,True
2346,1773650530.515050,1773651075.243381,384,69,409.101609,107.640876,4.433246,True
2347,1773650530.515083,1773651317.534372,1085,363,893.664578,111.161482,2.161611,True
2348,1773650530.515114,1773650949.697534,404,93,156.422829,29.382323,1.380875,True
2349,1773650530.515144,1773650969.946589,1386,125,195.523847,29.551771,1.338484,True
2350,1773650530.515175,1773650931.791722,382,57,119.192734,29.540889,1.600926,True
2351,1773650530.515207,1773650976.869188,396,104,207.198988,43.920669,1.585226,True
2352,1773650530.515236,1773650980.742125,410,152,213.027933,26.640516,1.234354,True
2353,1773650530.515265,1773650926.805505,993,40,104.920185,32.210030,1.864363,True
2354,1773650530.515293,1773651099.022887,391,57,449.246446,77.148436,6.644607,True
2355,1773650530.515321,1773651082.535242,1190,375,414.579759,31.310402,1.024784,True
2356,1773650530.515354,1773650945.984167,1912,72,141.246240,32.563859,1.530738,True
2357,1773650530.515383,1773651119.972185,1101,430,488.454401,43.459697,1.037284,True
2358,1773650530.515411,1773650969.220521,719,113,186.221860,31.245339,1.383719,True
2359,1773650530.515440,1773650994.428247,1314,144,236.530329,43.565478,1.349405,True
2360,1773650530.515469,1773651094.577216,1024,395,436.576759,34.380909,1.020802,True
2361,1773650530.515497,1773651095.969928,1126,397,438.698715,34.823841,1.019886,True
2362,1773650530.515531,1773651586.921479,976,599,1419.361796,104.624655,2.198557,True
2363,1773650530.515563,1773651412.102478,1110,427,1069.705633,89.828263,2.300182,True
2364,1773650530.515593,1773651381.504009,1091,401,1008.302661,104.510448,2.259481,True
2365,1773650530.515625,1773651104.520084,1093,396,453.192461,41.281085,1.042814,True
2366,1773650530.515653,1773651415.523484,983,400,1074.739902,76.986711,2.500635,True
2367,1773650530.515682,1773651226.617519,1314,152,696.904873,76.976209,4.105488,True
2368,1773650530.515711,1773651530.644433,1015,458,1304.937788,82.797891,2.674267,True
2369,1773650530.515746,1773651100.843254,1152,395,443.463650,40.616757,1.022454,True
2370,1773650530.515776,1773650975.864998,12,113,191.795493,31.476978,1.431415,True
2371,1773650530.515805,1773651131.682354,1125,468,503.196902,32.902683,1.007054,True
2372,1773650530.515836,1773651116.389132,1024,410,472.483507,46.586982,1.041312,True
2373,1773650530.515865,1773651137.276453,1571,89,513.905844,80.648866,4.923375,True
2374,1773650530.515897,1773651174.895989,376,91,588.897320,135.507100,5.037669,True
2375,1773650530.515926,1773651105.323987,1049,411,448.534973,33.398871,1.012527,True
2376,1773650530.515974,1773651089.616405,1139,50,415.990479,79.351866,6.870176,True
2377,1773650530.516003,1773651450.019383,977,411,1136.775001,90.685750,2.551437,True
2378,1773650530.516032,1773651087.660427,1076,375,411.782545,33.264576,1.012080,True
2379,1773650530.516062,1773651107.485764,1131,413,451.194642,34.996575,1.010189,True
2380,1773650530.516090,1773651437.775282,1008,446,1111.730167,85.167729,2.306882,True
2381,1773650530.516119,1773651206.780166,1353,182,649.717500,90.509425,3.089547,True
2382,1773650530.516148,1773650942.294802,730,42,120.581476,38.373259,2.005078,True
2383,1773650530.516180,1773651100.903330,1240,398,436.723161,35.228756,1.011321,True
2384,1773650530.516209,1773650976.347636,398,105,187.589560,35.216961,1.465121,True
2385,1773650530.516237,1773650985.684574,1386,125,206.036713,37.711770,1.357459,True
2386,1773650530.516269,1773651107.608760,1182,411,449.862054,38.994606,1.002116,True
2387,1773650530.516299,1773650981.603376,400,92,197.766779,46.762384,1.659389,True
2388,1773650530.516328,1773651049.278515,1316,256,331.125291,44.496626,1.124034,True
2389,1773650530.516357,1773651151.712799,398,97,534.730268,87.970353,4.653749,True
2390,1773650530.516388,1773650958.600965,650,54,147.598815,43.410896,1.965810,True
2391,1773650530.516420,1773651403.081725,1160,414,1036.111299,102.404822,2.260790,True
2392,1773650530.516552,1773651112.080034,1187,84,454.087339,104.935091,4.206654,True
2393,1773650530.516586,1773651109.235690,1094,406,447.780102,38.778923,1.009879,True
2394,1773650530.516619,1773651128.146143,1098,449,485.365814,33.327727,1.009014,True
2395,1773650530.516663,1773650977.111171,398,80,183.170693,43.172248,1.772132,True
2396,1773650530.516701,1773651099.443421,954,54,426.804491,86.276004,6.425066,True
2397,1773650530.516747,1773651155.002239,419,99,537.898989,86.265595,4.608504,True
2398,1773650530.516778,1773651175.038927,400,97,577.491692,119.216015,4.773705,True
2399,1773650530.516808,1773651100.784842,1146,375,427.343452,41.887955,1.030630,True
2400,1773650530.516837,1773651353.819778,1210,385,932.915349,85.067883,2.207936,True
2401,1773650530.516879,1773650979.836554,396,90,183.546431,43.599822,1.572434,True
2402,1773650530.516918,1773650969.395353,435,64,162.539751,41.356843,1.923538,True
2403,1773650530.516979,1773650972.082273,375,96,166.809852,30.113842,1.438905,True
2404,1773650530.517011,1773651107.598333,381,81,436.882031,100.813061,4.200862,True
2405,1773650530.517049,1773651138.139714,384,99,497.941561,100.802366,4.052441,True
2406,1773650530.517094,1773650972.971878,1912,72,167.584843,41.249152,1.779376,True
2407,1773650530.517126,1773651126.599341,1095,423,474.213059,42.169651,1.023800,True
2408,1773650530.517156,1773651479.089165,1201,426,1179.078310,82.767607,2.579555,True
2409,1773650530.517186,1773651154.455039,1092,502,529.689376,31.198816,0.994991,True
2410,1773650530.517227,1773650981.479730,1109,91,183.604595,40.751328,1.587259,True
2411,1773650530.517270,1773651146.090716,366,80,512.595432,115.716920,5.023779,True
2412,1773650530.517309,1773651193.413815,1730,104,607.222630,119.505496,4.735118,True
2413,1773650530.517353,1773651293.367817,1357,200,807.107191,119.494358,3.455341,True
2414,1773650530.517397,1773651146.090711,372,79,512.532614,119.483339,5.039093,True
2415,1773650530.517447,1773651494.894344,1025,414,1210.116904,119.472553,2.640785,True
2416,1773650530.517479,1773651466.469705,1171,396,1153.236650,122.001424,2.610722,True
2417,1773650530.517509,1773651129.556870,371,62,479.400109,121.990323,5.859177,True
2418,1773650530.517539,1773651234.713847,881,141,689.691258,121.979209,4.055086,True
2419,1773650530.517569,1773651204.016209,413,106,626.845138,125.363645,4.776014,True
2420,1773650530.517604,1773650940.479785,120,12,99.280979,40.506368,5.343146,True
2421,1773650530.517647,1773651111.345151,1087,394,440.759843,40.240597,1.019133,True
2422,1773650530.517683,1773651115.116975,1136,396,446.846631,43.057741,1.022250,True
2423,1773650530.517725,1773650964.862129,376,56,145.038320,38.863058,1.930459,True
2424,1773650530.517763,1773651116.322366,1244,396,447.605582,43.115672,1.024025,True
2425,1773650530.517808,1773651130.523434,1184,424,475.985518,45.599427,1.017461,True
2426,1773650530.517840,1773651118.809479,1047,87,451.853573,105.072298,4.032340,True
2427,1773650530.517870,1773651133.905336,1999,97,479.184789,103.642843,3.911895,True
2428,1773650530.517900,1773651353.544347,1085,375,918.145156,103.483397,2.178240,True
2429,1773650530.517954,1773651384.641518,1002,398,980.318106,103.472635,2.208679,True
2430,1773650530.518001,1773651367.056400,1063,385,945.126526,103.461496,2.191836,True
2431,1773650530.518033,1773651187.621722,1315,163,586.233717,77.925986,3.137702,True
2432,1773650530.518063,1773651405.987174,1150,411,1022.943215,104.888829,2.239157,True
2433,1773650530.518094,1773650965.664337,1098,88,142.048491,26.169705,1.331940,True
2434,1773650530.518124,1773651117.399207,1158,427,445.495880,27.880224,0.980318,True
2435,1773650530.518154,1773651402.590175,1069,388,1014.598962,79.791485,2.415523,True
2436,1773650530.518183,1773650987.329164,429,100,182.938176,37.154737,1.472560,True
2437,1773650530.518214,1773651117.340770,1076,404,440.985057,36.166717,1.004512,True
2438,1773650530.518249,1773650980.022555,385,87,164.211807,33.429171,1.520728,True
2439,1773650530.518292,1773651247.979424,398,146,699.580788,117.767809,4.012503,True
2440,1773650530.518326,1773651420.447924,1035,373,1044.487285,117.757452,2.491209,True
2441,1773650530.518358,1773651415.523325,1089,395,1034.192266,81.882860,2.417029,True
2442,1773650530.518400,1773651029.018311,1316,203,261.161439,39.692997,1.096378,True
2443,1773650530.518433,1773650967.790320,870,81,138.599712,25.838832,1.409511,True
2444,1773650530.518463,1773651166.898158,1170,502,536.687098,34.460136,1.002449,True
2445,1773650530.518492,1773651105.200729,1190,375,413.165395,39.512735,0.999071,True
2446,1773650530.518528,1773651114.301239,1027,390,431.242468,35.432864,1.017505,True
2447,1773650530.518569,1773651146.022839,1145,478,493.310925,25.694851,0.980327,True
2448,1773650530.518611,1773651140.747573,982,442,482.531631,38.649090,1.006536,True
2449,1773650530.518646,1773651494.894017,1103,411,1189.651404,120.128959,2.608591,True
2450,1773650530.518678,1773650946.694758,306,18,92.475549,35.431227,3.355548,True
2451,1773650530.518721,1773651121.018344,1254,419,440.030068,26.358681,0.989644,True
2452,1773650530.518754,1773650976.287812,957,74,149.889072,32.544999,1.607453,True
2453,1773650530.518786,1773651469.154401,1067,395,1135.576169,116.411441,2.586713,True
2454,1773650530.518833,1773651511.192122,1176,500,1219.415203,74.784331,2.293849,True
2455,1773650530.518878,1773651388.558155,1160,398,974.135475,111.702637,2.172375,True
2456,1773650530.518912,1773651442.568915,1086,405,1082.133692,78.809355,2.483476,True
2457,1773650530.518972,1773651508.934605,1113,417,1214.847330,120.943861,2.629576,True
2458,1773650530.519010,1773651094.253299,1010,82,385.460797,74.741373,3.836042,True
2459,1773650530.519061,1773651177.108762,7,143,551.003392,111.586142,3.094488,True
2460,1773650530.519094,1773651089.086262,406,80,374.938948,74.646857,3.801166,True
2461,1773650530.519127,1773651118.809636,1109,84,434.365627,111.565670,3.889156,True
2462,1773650530.519170,1773650991.350093,430,102,177.984474,33.530837,1.430234,True
2463,1773650530.519207,1773650967.968306,393,59,129.022340,30.431939,1.699835,True
2464,1773650530.519257,1773651034.918199,309,18,261.809497,76.295892,10.912565,True
2465,1773650530.519289,1773651162.679021,396,84,517.078175,116.057963,4.831569,True
2466,1773650530.519319,1773651485.733872,952,427,1163.164591,76.159844,2.551654,True
2467,1773650530.519349,1773651120.953662,1042,403,433.421612,32.176530,0.998122,True
2468,1773650530.519379,1773651104.454994,1074,378,397.554298,27.448828,0.981712,True
2469,1773650530.519416,1773651109.900815,1044,386,408.421708,29.283563,0.984774,True
2470,1773650530.519461,1773651113.675003,368,45,414.323812,115.941339,6.781420,True
2471,1773650530.519493,1773651110.534176,1236,376,407.789081,37.117393,0.988458,True
2472,1773650530.519523,1773651010.183961,772,136,206.985312,32.064770,1.295708,True
2473,1773650530.519557,1773651432.534461,1185,401,1051.540137,76.401922,2.437846,True
2474,1773650530.519599,1773651471.086619,1034,417,1128.619151,76.390724,2.529395,True
2475,1773650530.519632,1773651151.712968,383,94,489.852138,76.380022,4.445937,True
2476,1773650530.519669,1773651584.186827,1022,494,1354.767297,82.334739,2.580999,True
2477,1773650530.519714,1773651428.434074,972,396,1043.249399,84.608717,2.426938,True
2478,1773650530.519746,1773651218.591667,402,135,623.544281,84.597454,4.021991,True
2479,1773650530.519783,1773651168.392037,1183,501,522.792116,29.722889,0.986138,True
2480,1773650530.519829,1773651358.960842,1025,916,903.558197,37.348204,0.946678,True
2481,1773650530.519861,1773650984.331777,373,88,154.197936,29.186013,1.436919,True
2482,1773650530.519898,1773651067.358732,387,67,319.284009,68.547316,3.799041,True
2483,1773650530.519958,1773651219.523316,1315,188,623.591573,78.354975,2.915704,True
2484,1773650530.520004,1773651180.328750,1315,154,545.180327,78.344002,3.051218,True
2485,1773650530.520044,1773651143.110746,58,111,470.724557,78.333777,3.567189,True
2486,1773650530.520090,1773651090.601749,957,74,365.682933,78.322746,3.936441,True
2487,1773650530.520122,1773651058.021595,647,46,300.498743,105.421801,4.335043,True
2488,1773650530.520159,1773651432.016628,1022,426,1048.346120,83.744860,2.269650,True
2489,1773650530.520204,1773651067.800010,382,54,319.889183,105.338462,4.048127,True
2490,1773650530.520236,1773650991.210497,392,104,165.989966,28.203791,1.337730,True
2491,1773650530.520273,1773651121.979342,1155,403,424.454255,29.233552,0.983136,True
2492,1773650530.520318,1773651121.080540,1057,398,422.408087,28.879871,0.991255,True
2493,1773650530.520350,1773651134.912103,1129,416,449.590627,36.833212,0.994596,True
2494,1773650530.520379,1773650964.983108,1358,51,109.608530,29.605050,1.600070,True
2495,1773650530.520409,1773651124.481679,1004,413,426.872521,25.673033,0.973785,True
2496,1773650530.520438,1773650992.149008,391,97,162.102694,30.882889,1.366873,True
2497,1773650530.520468,1773651119.026214,1004,399,415.627536,28.891859,0.971698,True
2498,1773650530.520497,1773651524.501027,989,426,1224.377864,110.142603,2.621730,True
2499,1773650530.520527,1773650991.151070,459,90,157.280555,34.439048,1.380242,True
2500,1773650530.520567,1773650980.795445,373,80,136.446039,27.531164,1.378669,True
2501,1773650530.520612,1773651553.180050,1147,448,1280.102861,113.635070,2.609548,True
2502,1773650530.520644,1773651181.169183,1280,91,536.071966,113.624444,4.693861,True
2503,1773650530.520674,1773651463.287426,1037,410,1099.832275,78.051221,2.498242,True
2504,1773650530.520704,1773650962.314810,869,47,97.747231,27.630551,1.524276,True
2505,1773650530.520741,1773650976.993860,371,69,127.004122,27.477309,1.463630,True
2506,1773650530.520787,1773651137.420345,1094,411,445.664235,36.194510,0.998707,True
2507,1773650530.520827,1773651142.019537,1108,442,454.735298,26.317683,0.971469,True
2508,1773650530.520872,1773650983.680824,394,79,137.827037,27.213647,1.418120,True
2509,1773650530.520912,1773651190.473730,849,100,548.942976,104.195218,4.492402,True
2510,1773650530.520971,1773650987.389314,403,86,141.968598,27.025120,1.352276,True
2511,1773650530.521003,1773651254.320093,1314,152,675.556005,110.216162,3.743972,True
2512,1773650530.521033,1773651356.359862,1063,374,879.305543,74.881807,2.156632,True
2513,1773650530.521063,1773651114.141102,851,85,394.842885,74.870631,3.809194,True
2514,1773650530.521099,1773651103.114691,902,75,372.585905,85.592141,3.878294,True
2515,1773650530.521137,1773651107.744144,385,78,381.821953,85.581369,3.847280,True
2516,1773650530.521173,1773651410.174515,1039,410,986.662635,96.349758,2.176804,True
2517,1773650530.521210,1773651416.584672,1094,411,999.461369,85.560057,2.229028,True
2518,1773650530.521254,1773651405.987328,981,409,978.245158,96.328306,2.161561,True
2519,1773650530.521285,1773650992.883400,1999,97,151.848436,26.674894,1.303891,True
2520,1773650530.521314,1773650982.808207,386,79,131.340600,26.292402,1.346772,True
2521,1773650530.521343,1773651013.598266,1315,144,192.528483,26.561844,1.160606,True
2522,1773650530.521386,1773651165.550765,371,100,495.608025,73.671104,4.261989,True
2523,1773650530.521424,1773650996.066324,405,93,155.671193,29.361490,1.372932,True
2524,1773650530.521460,1773650962.926162,783,45,89.261242,25.134997,1.457415,True
2525,1773650530.521497,1773651135.092632,1054,397,433.572293,36.538727,1.002610,True
2526,1773650530.521531,1773651187.803301,1200,518,538.782586,28.045210,0.987887,True
2527,1773650530.521575,1773650990.488765,430,86,144.131444,28.033714,1.365856,True
2528,1773650530.521607,1773651133.883149,1039,404,429.211010,31.504960,0.986864,True
2529,1773650530.521637,1773651139.321051,1093,411,440.064074,33.648366,0.991258,True
2530,1773650530.521667,1773651655.730666,1014,659,1472.425337,100.679470,2.084720,True
2531,1773650530.521805,1773651442.427277,1069,383,1045.794289,100.668231,2.474152,True
2532,1773650530.521852,1773651502.576449,1056,430,1165.860851,76.671724,2.538902,True
2533,1773650530.521904,1773651184.709829,402,92,529.889138,113.166280,4.579372,True
2534,1773650530.521952,1773650996.487179,1730,107,153.344986,23.615798,1.223860,True
2535,1773650530.521990,1773651052.191722,31,234,262.000749,31.745935,0.988218,True
2536,1773650530.522034,1773651152.864413,386,90,462.540815,74.723372,4.357499,True
2537,1773650530.522073,1773651158.623435,421,92,473.786567,74.586448,4.386814,True
2538,1773650530.522119,1773651222.516405,1351,139,601.549477,74.575530,3.818652,True
2539,1773650530.522164,1773651444.487876,1072,401,1045.469521,74.564491,2.427263,True
2540,1773650530.522201,1773651618.649197,1144,550,1393.770003,81.747754,2.389840,True
2541,1773650530.522247,1773651498.998389,1045,411,1154.437304,101.156219,2.568978,True
2542,1773650530.522295,1773651524.783514,1054,443,1205.993659,81.725504,2.543593,True
2543,1773650530.522333,1773651123.741978,983,377,403.869679,31.944439,0.989163,True
2544,1773650530.522378,1773651232.750783,1162,594,621.389179,34.462302,0.989759,True
2545,1773650530.522423,1773650989.214491,2042,45,131.428998,40.241292,2.072448,True
2546,1773650530.522456,1773651142.819097,1026,408,438.509343,32.665464,0.997159,True
2547,1773650530.522489,1773651166.360391,1041,463,485.465330,32.084236,0.981344,True
2548,1773650530.522534,1773651151.455426,1069,414,455.399049,40.786319,1.003905,True
2549,1773650530.522567,1773651134.005990,1190,375,418.839902,42.354778,1.006645,True
2550,1773650530.522597,1773651127.742096,1280,92,404.286477,76.814982,3.598588,True
2551,1773650530.522626,1773651463.454001,1107,453,1075.481548,83.999317,2.193545,True
2552,1773650530.522655,1773651455.616323,1162,449,1059.782499,83.988245,2.178112,True
2553,1773650530.522685,1773651148.200095,390,104,444.930271,87.458063,3.470604,True
2554,1773650530.522715,1773651136.639282,1003,381,420.635228,40.619306,1.000042,True
2555,1773650530.522751,1773651144.377715,1074,434,435.985770,21.090378,0.958188,True
2556,1773650530.522794,1773651002.342607,1737,89,151.686316,32.649723,1.352689,True
2557,1773650530.522827,1773651159.579127,1143,426,465.542580,40.133164,1.000963,True
2558,1773650530.522857,1773651138.579819,1079,396,423.296323,33.310013,0.987307,True
2559,1773650530.522886,1773651200.374679,849,100,546.274139,105.695064,4.450294,True
2560,1773650530.522923,1773651476.597434,1045,397,1098.704885,105.684174,2.507628,True
2561,1773650530.522987,1773651179.454595,385,89,504.386366,105.673906,4.530823,True
2562,1773650530.523019,1773651018.799415,407,122,182.716991,28.270508,1.276417,True
2563,1773650530.523049,1773651140.682750,1143,396,426.463110,34.114081,0.993289,True
2564,1773650530.523080,1773651009.121993,958,89,161.300191,33.093547,1.456894,True
2565,1773650530.523109,1773650997.178960,1031,74,137.384754,31.759156,1.446926,True
2566,1773650530.523139,1773651251.074728,1127,639,645.101677,33.968547,0.957889,True
2567,1773650530.523169,1773651165.033313,1101,478,471.907422,19.193653,0.949085,True
2568,1773650530.523198,1773651006.253344,409,78,154.100160,35.529631,1.539877,True
2569,1773650530.523227,1773651156.400671,1054,454,451.683858,18.948233,0.955266,True
2570,1773650530.523261,1773651014.157223,400,82,166.942331,47.221806,1.478031,True
2571,1773650530.523290,1773651008.156142,421,80,154.809119,33.981346,1.529465,True
2572,1773650530.523323,1773651483.731863,1077,468,1105.730700,78.847369,2.198894,True
2573,1773650530.523352,1773651396.398655,1023,397,931.045158,78.836055,2.152043,True
2574,1773650530.523381,1773651413.968121,1044,386,966.161748,72.624117,2.320877,True
2575,1773650530.523411,1773651221.666858,403,135,581.539979,72.613669,3.797958,True
2576,1773650530.523440,1773651090.601287,397,66,319.386683,78.804275,3.701268,True
2577,1773650530.523469,1773651522.484543,1117,442,1183.130968,72.592405,2.518228,True
2578,1773650530.523498,1773651222.088564,61,136,582.319816,72.581878,3.775837,True
2579,1773650530.523527,1773651227.743976,27,192,593.501560,82.199960,2.676972,True
2580,1773650530.523556,1773651456.231547,1035,388,1050.197970,91.798894,2.476483,True
2581,1773650530.523588,1773651474.104576,1129,396,1085.913490,95.902520,2.506357,True
2582,1773650530.523618,1773651175.126052,1056,451,486.652532,36.440733,1.000471,True
2583,1773650530.523646,1773651027.617236,1315,166,191.286176,19.678598,1.040046,True
2584,1773650530.523675,1773651016.919362,406,104,169.865776,37.472059,1.285376,True
2585,1773650530.523704,1773651022.257929,12,149,180.439960,19.614696,1.086657,True
2586,1773650530.523732,1773650999.204413,444,99,131.767778,18.332521,1.157503,True
2587,1773650530.523762,1773651016.067467,393,102,165.243183,31.286565,1.326303,True
2588,1773650530.523794,1773651008.453624,375,64,148.533022,43.720512,1.663691,True
2589,1773650530.523823,1773651032.900050,1313,143,197.178177,37.002846,1.127995,True
2590,1773650530.523859,1773651020.035695,402,98,169.862202,42.803000,1.309889,True
2591,1773650530.523905,1773651225.958072,1180,597,581.581294,17.386758,0.946635,True
2592,1773650530.523954,1773651143.001346,1147,394,415.416364,30.179620,0.980246,True
2593,1773650530.523992,1773651142.085460,1117,387,412.754940,35.605858,0.977070,True
2594,1773650530.524030,1773651021.537808,404,145,171.555413,16.793962,1.074732,True
2595,1773650530.524071,1773651362.467155,1091,375,853.287969,73.889215,2.083954,True
2596,1773650530.524107,1773651425.730585,1061,418,979.793612,73.878371,2.172459,True
2597,1773650530.524149,1773651371.101275,1038,387,870.325965,77.254598,2.054589,True
2598,1773650530.524193,1773651412.102223,1052,409,952.308532,78.293013,2.142195,True
2599,1773650530.524237,1773651041.656489,391,155,211.395401,43.387385,1.090961,True
2600,1773650530.524274,1773651046.954460,1313,169,221.967860,43.376623,1.063043,True
2601,1773650530.524320,1773651159.451555,1038,394,446.943144,48.287726,1.014390,True
2602,1773650530.524356,1773651133.905324,1737,92,395.826988,81.847867,3.450320,True
2603,1773650530.524409,1773651456.373892,1001,403,1040.514476,67.395223,2.420695,True
2604,1773650530.524442,1773651526.014058,1100,426,1179.503931,97.936974,2.544863,True
2605,1773650530.524480,1773651184.842040,400,95,496.954144,97.822982,4.246076,True
2606,1773650530.524528,1773651163.349821,395,78,453.937332,100.020305,4.596325,True
2607,1773650530.524560,1773651161.246854,1066,432,448.855055,30.776559,0.970020,True
2608,1773650530.524596,1773651003.632169,1639,91,130.818067,19.998945,1.231324,True
2609,1773650530.524638,1773651398.843208,1013,375,920.921020,67.351917,2.282270,True
2610,1773650530.524676,1773651450.019389,1104,399,1023.251740,71.404965,2.391575,True
2611,1773650530.524721,1773651508.804821,1027,429,1140.801938,71.393559,2.498618,True
2612,1773650530.524753,1773651506.659315,1116,426,1136.488888,76.957469,2.493015,True
2613,1773650530.524783,1773651437.154045,944,393,997.455890,76.946299,2.348239,True
2614,1773650530.524814,1773651011.215350,453,85,144.180145,28.471020,1.377490,True
2615,1773650530.524843,1773651009.064271,371,79,139.628535,32.063742,1.379036,True
2616,1773650530.524873,1773651286.577994,1039,717,694.568503,18.928505,0.943631,True
2617,1773650530.524914,1773651186.390589,1072,446,492.179700,46.231841,1.002130,True
2618,1773650530.524973,1773651018.736117,404,104,156.744658,30.950107,1.221306,True
2619,1773650530.525005,1773651153.022680,1101,432,425.213987,20.204765,0.939697,True
2620,1773650530.525036,1773650992.149291,921,45,103.315504,29.699610,1.673089,True
2621,1773650530.525065,1773651548.323357,1017,520,1213.991237,72.913869,2.198608,True
2622,1773650530.525099,1773651439.375674,1182,428,996.072757,74.401096,2.158482,True
2623,1773650530.525128,1773651175.248146,1042,424,467.239958,44.904544,0.998429,True
2624,1773650530.525160,1773651150.797589,1048,405,418.213209,30.195087,0.960441,True
2625,1773650530.525190,1773651013.650448,405,92,142.929070,30.475831,1.235750,True
2626,1773650530.525220,1773651212.275703,1023,520,540.159290,30.465082,0.982070,True
2627,1773650530.525252,1773651052.915026,10,173,221.353580,44.293668,1.029418,True
2628,1773650530.525281,1773651006.373088,1412,94,128.144239,18.319502,1.180911,True
2629,1773650530.525311,1773651033.456401,1314,136,182.205205,32.029120,1.112415,True
2630,1773650530.525339,1773651444.487868,1143,396,1001.406336,71.588832,2.353968,True
2631,1773650530.525378,1773651114.891852,1417,55,342.195107,71.578481,5.011419,True
2632,1773650530.525408,1773651206.067647,415,119,524.299339,71.455061,3.837663,True
2633,1773650530.525437,1773651124.708891,372,62,361.561058,71.444430,4.756010,True
2634,1773650530.525467,1773651175.176731,398,100,462.474903,71.433555,3.949913,True
2635,1773650530.525496,1773651151.512503,398,76,415.120686,90.238468,4.331763,True
2636,1773650530.525524,1773651425.273188,1047,388,962.623272,71.412153,2.302871,True
2637,1773650530.525553,1773651154.862926,844,78,421.781590,90.217016,4.306033,True
2638,1773650530.525582,1773651509.217554,1096,429,1130.471754,72.835591,2.471113,True
2639,1773650530.525611,1773651051.501339,1353,156,214.812781,47.622205,1.078649,True
2640,1773650530.525644,1773651442.694129,1084,429,996.037037,74.853997,2.152297,True
2641,1773650530.525673,1773651392.680727,1064,398,895.753362,73.035414,2.072337,True
2642,1773650530.525705,1773651117.185180,393,82,344.739887,74.714335,3.333649,True
2643,1773650530.525734,1773651067.507803,624,50,245.364784,75.683295,3.462888,True
2644,1773650530.525763,1773651374.927866,1038,379,860.013872,76.863716,2.071826,True
2645,1773650530.525794,1773651099.001885,391,67,308.137615,75.578098,3.523629,True
2646,1773650530.525824,1773650979.899922,1312,39,68.196360,16.444737,1.361885,True
2647,1773650530.525852,1773651009.705412,1639,87,127.784285,23.337865,1.214493,True
2648,1773650530.525881,1773651185.428420,1039,417,478.877688,52.348304,1.025311,True
2649,1773650530.525910,1773651242.837267,1035,605,592.281150,27.686241,0.934760,True
2650,1773650530.525972,1773651154.636169,1082,419,415.218291,22.125000,0.940415,True
2651,1773650530.526015,1773651140.441860,1156,378,386.579112,27.230809,0.953179,True
2652,1773650530.526045,1773651154.635883,1234,393,413.828911,32.827777,0.971942,True
2653,1773650530.526076,1773651150.736332,1012,394,404.773646,28.449088,0.957569,True
2654,1773650530.526105,1773651019.375051,386,84,140.725813,31.536930,1.315529,True
2655,1773650530.526139,1773651475.576390,1089,396,1052.722685,84.972862,2.450000,True
2656,1773650530.526171,1773651210.595251,391,107,522.739943,84.962392,4.129977,True
2657,1773650530.526201,1773651529.010530,1037,425,1159.362691,87.067430,2.528998,True
2658,1773650530.526230,1773651184.842279,1412,94,471.004174,87.374294,4.125052,True
2659,1773650530.526260,1773651144.615641,635,66,390.530691,87.046095,4.668994,True
2660,1773650530.526289,1773651021.474655,593,56,143.548862,48.637950,1.725653,True
2661,1773650530.526318,1773651039.947799,919,100,180.016921,53.629958,1.276636,True
2662,1773650530.526350,1773651153.699893,422,110,406.415149,70.018237,3.086210,True
2663,1773650530.526379,1773651145.741719,395,100,390.004480,69.770334,3.234688,True
2664,1773650530.526408,1773651552.235100,1175,521,1202.969722,72.582904,2.173821,True
2665,1773650530.526437,1773651157.256537,973,393,412.785265,31.637859,0.972315,True
2666,1773650530.526469,1773651132.128729,1333,86,362.509167,74.962464,3.382902,True
2667,1773650530.526498,1773651157.256702,1021,393,410.689870,30.589809,0.969643,True
2668,1773650530.526528,1773651190.529050,1143,414,476.860819,51.470606,1.030001,True
2669,1773650530.526560,1773651175.125885,1061,427,443.601310,27.743298,0.976193,True
2670,1773650530.527761,1773651126.393096,387,52,345.731595,82.869929,5.154150,True
2671,1773650530.527807,1773651184.985347,401,107,462.895404,63.279666,3.769960,True
2672,1773650530.527837,1773651479.352094,1045,397,1051.394916,86.604254,2.436340,True
2673,1773650530.527870,1773651649.534450,1030,631,1391.738211,86.593804,2.071658,True
2674,1773650530.527900,1773651175.525408,1065,86,443.686166,86.141149,4.206412,True
2675,1773650530.527950,1773651532.483893,1117,426,1157.429297,93.577538,2.503181,True
2676,1773650530.527983,1773651165.550925,393,93,423.541071,63.037046,3.918522,True
2677,1773650530.528013,1773651442.685391,1109,378,977.790629,86.026414,2.365422,True
2678,1773650530.528041,1773650994.555669,696,43,81.447089,21.840727,1.419199,True
2679,1773650530.528071,1773651023.103421,181,105,137.590608,21.364659,1.117557,True
2680,1773650530.528104,1773651432.303192,1212,406,955.921281,78.566049,2.166309,True
2681,1773650530.528134,1773651425.610160,1070,415,942.302048,71.378959,2.103679,True
2682,1773650530.528163,1773651064.721884,1314,191,219.482764,33.385525,0.979459,True
2683,1773650530.528196,1773651151.512748,1126,403,392.832138,20.576553,0.926009,True
2684,1773650530.528224,1773651012.071178,407,53,113.676785,33.133424,1.548911,True
2685,1773650530.528254,1773651196.823256,1030,429,482.068689,47.780235,1.014693,True
2686,1773650530.528283,1773651024.427828,1999,94,137.027701,27.696663,1.175603,True
2687,1773650530.528313,1773651147.897212,1057,374,383.942355,28.572111,0.952735,True
2688,1773650530.528342,1773651176.525413,404,130,440.102240,72.345123,2.850830,True
2689,1773650530.528374,1773651412.238863,1001,403,911.509717,72.334610,2.087500,True
2690,1773650530.528406,1773651190.592542,1131,426,466.774517,37.674106,1.009648,True
2691,1773650530.528435,1773651152.191221,1722,92,389.404652,81.426404,3.384376,True
2692,1773650530.528467,1773651163.463603,411,101,411.931236,81.415814,3.305154,True
2693,1773650530.528496,1773651194.196278,1349,126,473.369597,86.411472,3.095665,True
2694,1773650530.528525,1773651168.059599,449,117,420.913906,71.217667,3.014623,True
2695,1773650530.528554,1773651042.128595,427,102,167.411704,47.395872,1.188276,True
2696,1773650530.528584,1773651037.890743,1333,86,158.912476,49.526472,1.286894,True
2697,1773650530.528612,1773651515.505097,1131,433,1114.120039,62.114949,2.435197,True
2698,1773650530.528641,1773651250.956914,463,164,584.998096,62.103472,3.207942,True
2699,1773650530.528676,1773651288.903049,1317,207,660.870012,65.603901,2.889641,True
2700,1773650530.528706,1773651152.894356,979,388,388.563629,23.294121,0.943849,True
2701,1773650530.528735,1773651180.648302,391,86,443.933549,90.408441,4.159119,True
2702,1773650530.528765,1773651152.733600,381,71,388.095315,90.397931,4.252820,True
2703,1773650530.528797,1773651154.862917,2000,71,392.331625,95.161323,4.245290,True
2704,1773650530.528826,1773651165.838818,1443,76,414.259809,95.150207,4.254795,True
2705,1773650530.528855,1773651488.015668,1171,396,1058.591887,95.139704,2.439119,True
2706,1773650530.528884,1773651182.934494,1103,405,447.427351,40.822038,1.006449,True
2707,1773650530.528914,1773651180.863564,1034,402,442.913092,40.636039,1.003185,True
2708,1773650530.528962,1773651038.882147,928,88,158.826433,48.492265,1.268209,True
2709,1773650530.528993,1773651185.254044,973,405,451.547575,43.012326,1.011226,True
2710,1773650530.529023,1773651217.881367,1162,527,514.258787,23.405251,0.933182,True
2711,1773650530.529055,1773651215.479470,1730,107,508.708895,78.692437,4.056759,True
2712,1773650530.529084,1773651122.459171,855,47,322.647036,83.280710,5.203616,True
2713,1773650530.529116,1773651205.797778,401,98,489.302686,87.147269,4.145932,True
2714,1773650530.529146,1773651638.726390,1107,588,1355.139252,87.136339,2.160141,True
2715,1773650530.529176,1773651453.293430,1139,420,983.732437,84.412805,2.146348,True
2716,1773650530.529204,1773651600.990625,1082,607,1279.105257,86.169052,1.968542,True
2717,1773650530.529235,1773651143.406519,390,75,363.915283,86.157833,3.753479,True
2718,1773650530.529264,1773651534.700228,1115,477,1146.476214,88.044889,2.223595,True
2719,1773650530.529294,1773651419.873723,1140,403,916.661523,69.651381,2.106990,True
2720,1773650530.529324,1773651126.665060,1316,288,329.910806,42.532573,1.001318,True
2721,1773650530.529354,1773651263.339065,1078,615,603.035301,26.090708,0.939649,True
2722,1773650530.529394,1773651194.196423,1078,459,463.740676,23.230049,0.961814,True
2723,1773650530.529424,1773651214.429711,1050,501,502.988289,22.620506,0.960736,True
2724,1773650530.529453,1773651239.109028,978,550,550.023895,24.409849,0.957403,True
2725,1773650530.529482,1773651170.365974,1136,411,412.491833,24.905021,0.945334,True
2726,1773650530.529511,1773651178.202819,1144,385,426.678292,40.765144,1.004982,True
2727,1773650530.529540,1773651294.131125,1147,669,658.285181,27.644006,0.944074,True
2728,1773650530.529568,1773651038.010411,393,122,144.682970,22.838405,1.006980,True
2729,1773650530.529597,1773651207.088655,1045,479,482.819656,24.377774,0.959083,True
2730,1773650530.529626,1773651076.456103,1324,200,218.886241,26.803896,0.965238,True
2731,1773650530.529658,1773651190.473716,1057,89,445.598388,88.047429,4.063079,True
2732,1773650530.529687,1773651144.333479,374,64,353.298922,88.036981,4.210507,True
2733,1773650530.529716,1773651546.184324,1086,451,1156.978286,56.375731,2.445783,True
2734,1773650530.529750,1773651449.885311,1031,375,964.355281,90.938346,2.335339,True
2735,1773650530.529780,1773651166.306704,1111,401,397.010455,22.255507,0.936887,True
2736,1773650530.529809,1773651204.016056,392,97,472.374546,80.467867,4.082361,True
2737,1773650530.529838,1773651166.509549,1443,76,397.333500,81.990264,4.204576,True
2738,1773650530.529866,1773651485.734064,1000,414,1035.771738,56.223739,2.371787,True
2739,1773650530.529895,1773651176.968320,1722,100,418.053930,89.630517,3.317408,True
2740,1773650530.529928,1773651175.307573,1186,380,414.667258,39.295532,0.990427,True
2741,1773650530.529973,1773651028.360584,181,57,120.753103,39.285060,1.454786,True
2742,1773650530.530002,1773651178.690118,404,102,421.244451,89.504951,3.284550,True
2743,1773650530.530041,1773651453.293265,1089,402,970.430649,94.204685,2.185102,True
2744,1773650530.530069,1773651419.873563,996,400,903.572015,68.026792,2.094098,True
2745,1773650530.530098,1773651502.709462,1104,405,1069.076343,86.370625,2.432440,True
2746,1773650530.530127,1773651204.154525,409,95,471.946190,90.463562,4.058326,True
2747,1773650530.530156,1773651644.047009,1030,624,1351.709837,64.139100,2.066727,True
2748,1773650530.530189,1773651221.337738,370,107,506.266543,86.337997,3.961590,True
2749,1773650530.530219,1773651170.303017,1139,393,402.149582,26.284474,0.958840,True
2750,1773650530.530247,1773651192.410696,1103,408,446.011214,37.864496,1.002817,True
2751,1773650530.530276,1773651193.205250,1076,446,446.855912,24.039128,0.950150,True
2752,1773650530.530307,1773651177.148029,1074,396,414.390778,26.979411,0.980788,True
2753,1773650530.530335,1773651172.689300,1149,380,405.451784,33.853920,0.980469,True
2754,1773650530.530364,1773651056.306533,1503,69,172.068069,59.363371,1.657422,True
2755,1773650530.530396,1773651187.932839,1023,432,433.106466,23.725302,0.949840,True
2756,1773650530.530424,1773651204.980869,1109,415,465.780838,43.185551,1.020762,True
2757,1773650530.530452,1773651199.074302,1039,396,453.945358,45.565257,1.033874,True
2758,1773650530.530481,1773651476.894687,1135,417,1008.615509,89.695438,2.208942,True
2759,1773650530.530509,1773651423.248404,1009,402,901.302195,63.517930,2.089238,True
2760,1773650530.530541,1773651180.328741,387,100,415.233773,89.570705,3.289526,True
2761,1773650530.530573,1773651425.609991,1076,404,905.775167,63.392588,2.090279,True
2762,1773650530.530601,1773651270.287905,1082,607,594.615181,26.094907,0.938152,True
2763,1773650530.530630,1773651174.209036,1038,394,402.434761,27.862096,0.953111,True
2764,1773650530.530658,1773651460.073829,1131,377,972.064777,88.182301,2.350751,True
2765,1773650530.530687,1773651253.906930,410,142,559.461507,83.248508,3.377397,True
2766,1773650530.530714,1773651553.180040,1086,437,1157.743803,87.622404,2.454407,True
2767,1773650530.530743,1773651544.205153,1104,448,1139.785395,58.020087,2.420057,True
2768,1773650530.530774,1773651352.918041,181,267,757.188539,87.600319,2.517249,True
2769,1773650530.530803,1773651221.538768,1176,500,493.789975,27.633550,0.934181,True
2770,1773650530.530831,1773651284.773873,1101,629,619.779428,27.393277,0.943290,True
2771,1773650530.530860,1773651046.833036,422,82,141.923660,41.795100,1.236155,True
2772,1773650530.530889,1773651100.660888,181,202,248.728253,41.369121,1.031637,True
2773,1773650530.530920,1773651209.581295,1112,410,466.466148,44.996674,1.030488,True
2774,1773650530.530968,1773651065.587140,392,147,178.453474,33.696288,0.991488,True
2775,1773650530.530997,1773651152.334097,373,91,351.298661,62.430774,3.209643,True
2776,1773650530.531027,1773651425.201626,1078,956,896.662027,28.430313,0.909143,True
2777,1773650530.531055,1773651032.380417,381,60,110.768284,33.060341,1.317084,True
2778,1773650530.531084,1773651013.233011,313,18,72.227464,29.348831,2.522272,True
2779,1773650530.531112,1773651523.091240,966,414,1091.508965,86.998977,2.432228,True
2780,1773650530.531141,1773651425.273183,1096,384,895.850533,54.984800,2.195472,True
2781,1773650530.531169,1773651063.449669,378,64,172.060203,59.733593,1.782962,True
2782,1773650530.531198,1773651174.895790,410,77,394.838644,84.446756,4.084104,True
2783,1773650530.531227,1773651568.234876,1201,451,1181.493056,86.847455,2.432546,True
2784,1773650530.531256,1773651450.019394,1110,394,944.857034,54.740815,2.264927,True
2785,1773650530.531285,1773651544.398155,978,429,1133.593159,84.322003,2.451568,True
2786,1773650530.531315,1773651445.144209,1036,414,933.311763,64.773145,2.102999,True
2787,1773650530.531344,1773651170.372893,928,88,383.494782,83.656426,3.446418,True
2788,1773650530.531377,1773651127.608043,390,63,297.942898,64.625164,3.763189,True
2789,1773650530.531407,1773651224.522625,1126,409,491.751366,59.745155,1.058839,True
2790,1773650530.531436,1773651221.598853,1171,396,483.509073,60.596588,1.070665,True
2791,1773650530.531466,1773651180.863310,1031,375,401.910955,32.842704,0.986814,True
2792,1773650530.531508,1773651187.932832,1102,405,415.796070,29.541192,0.956076,True
2793,1773650530.531540,1773651202.726019,1079,398,444.214912,40.726650,1.016343,True
2794,1773650530.531577,1773651228.983618,1140,403,496.478787,61.871034,1.081114,True
2795,1773650530.531607,1773651043.873086,2000,82,126.153131,33.710407,1.141268,True
2796,1773650530.531644,1773651175.176637,442,96,388.419160,51.365786,3.547930,True
2797,1773650530.531677,1773651161.490635,388,67,360.776724,80.821254,4.241750,True
2798,1773650530.531708,1773651512.990122,1120,406,1063.753253,82.233284,2.423506,True
2799,1773650530.531737,1773651539.389875,1001,421,1116.347260,87.954417,2.448554,True
2800,1773650530.531766,1773651550.106325,1353,436,1137.758204,85.047573,2.420024,True
2801,1773650530.531803,1773651466.201015,1085,400,969.923631,51.094249,2.302831,True
2802,1773650530.531846,1773651164.838555,371,67,367.165192,87.921677,4.230962,True
2803,1773650530.531875,1773651211.117731,1017,404,459.570490,42.394467,1.035176,True
2804,1773650530.531904,1773651055.950310,404,91,149.214740,43.817364,1.171082,True
2805,1773650530.531951,1773651189.058508,1109,404,415.145459,29.237312,0.957588,True
2806,1773650530.531993,1773651208.438734,1033,415,453.646464,37.509453,1.005162,True
2807,1773650530.532024,1773651205.169616,1048,396,447.085756,42.732444,1.023679,True
2808,1773650530.532054,1773651178.689810,390,99,392.559512,79.871418,3.190695,True
2809,1773650530.532169,1773651472.084227,1111,413,979.074891,84.218738,2.171981,True
2810,1773650530.532200,1773651430.110969,1096,397,895.108451,60.705188,2.107079,True
2811,1773650530.532231,1773651052.073341,380,80,138.514349,42.343355,1.217354,True
2812,1773650530.532260,1773651195.413197,1100,408,423.449592,30.404357,0.965713,True
2813,1773650530.532290,1773651227.643863,1141,393,487.877880,62.276409,1.085718,True
2814,1773650530.532319,1773651053.097482,404,110,138.710714,30.350246,0.994133,True
2815,1773650530.532353,1773651203.957965,1073,381,440.183342,41.293304,1.049711,True
2816,1773650530.532385,1773651211.761627,1122,396,454.842995,43.768763,1.040694,True
2817,1773650530.532413,1773651223.168907,1065,396,476.830014,49.762894,1.081183,True
2818,1773650530.532442,1773651087.426385,408,91,203.472899,60.286405,1.590961,True
2819,1773650530.532471,1773651527.233021,1115,477,1081.986931,58.989903,2.149153,True
2820,1773650530.532500,1773651493.361245,1072,394,1013.122774,82.370914,2.368325,True
2821,1773650530.532529,1773651479.227225,1133,385,984.832178,82.360259,2.350187,True
2822,1773650530.532557,1773651171.233060,428,94,368.323069,45.261661,3.473779,True
2823,1773650530.532587,1773651456.373601,1106,396,938.585778,45.250785,2.261608,True
2824,1773650530.532619,1773651095.488506,16,136,216.299807,47.178352,1.252752,True
2825,1773650530.532648,1773651227.650158,1168,428,480.499547,44.253830,1.021653,True
2826,1773650530.532677,1773651205.785124,1068,426,436.664437,31.090826,0.954291,True
2827,1773650530.532706,1773651078.265256,1899,50,181.373242,67.177090,2.330534,True
2828,1773650530.532735,1773651261.942216,1065,500,548.599057,45.184958,1.008846,True
2829,1773650530.532764,1773651145.595438,934,52,315.246260,82.853323,4.556724,True
2830,1773650530.532793,1773651442.568753,1082,398,909.160358,64.542708,2.127500,True
2831,1773650530.532821,1773651567.650363,1037,487,1159.106245,85.137034,2.209813,True
2832,1773650530.532850,1773651190.452695,1917,113,404.689159,66.557108,3.019036,True
2833,1773650530.532878,1773651236.550499,1037,407,495.942410,58.818115,1.076661,True
2834,1773650530.532907,1773651206.903654,1124,428,436.522912,29.901380,0.952275,True
2835,1773650530.532952,1773651274.442366,9,161,571.514048,77.588563,3.087034,True
2836,1773650530.532986,1773651100.903223,396,92,223.362582,68.834399,1.698112,True
2837,1773650530.533015,1773651498.733246,1214,417,1018.356221,47.455339,2.333896,True
2838,1773650530.533045,1773651437.153842,1100,386,895.177961,53.530293,2.186098,True
2839,1773650530.533073,1773651179.174079,411,79,378.987649,76.595457,3.876823,True
2840,1773650530.533102,1773651148.334287,382,62,317.061399,76.471434,3.944098,True
2841,1773650530.533134,1773651230.228700,407,113,480.830762,79.356535,3.584591,True
2842,1773650530.533166,1773651225.221693,920,418,469.454361,43.498125,1.021478,True
2843,1773650530.533195,1773651106.880837,881,118,231.442711,60.782139,1.458637,True
2844,1773650530.533231,1773651235.296669,1083,395,488.149318,53.455330,1.103284,True
2845,1773650530.533265,1773651296.262658,1099,616,609.812414,29.316330,0.943896,True
2846,1773650530.533295,1773651170.514384,395,88,357.529416,66.734871,3.342466,True
2847,1773650530.533324,1773651234.306294,1503,153,485.090381,74.401469,2.701901,True
2848,1773650530.533354,1773651164.015880,382,72,344.489777,74.390832,3.804210,True
2849,1773650530.533396,1773651281.918895,1315,240,580.274244,74.380524,2.116710,True
2850,1773650530.533438,1773651071.270079,181,134,158.224232,28.517310,0.975240,True
2851,1773650530.533480,1773651060.702767,384,111,137.072292,28.506154,0.986965,True
2852,1773650530.533512,1773651591.887790,1144,470,1198.448581,77.508781,2.390064,True
2853,1773650530.533546,1773651480.877462,1144,407,976.155435,50.295426,2.280443,True
2854,1773650530.533576,1773651131.042234,381,62,276.459932,50.284333,3.707797,True
2855,1773650530.533606,1773651039.891678,961,27,93.994308,37.813232,2.160811,True
2856,1773650530.533635,1773651456.373762,1109,393,926.887903,50.164673,2.236539,True
2857,1773650530.533664,1773651196.693370,398,85,407.486805,78.244392,3.919553,True
2858,1773650530.533696,1773651611.496997,1133,521,1237.087273,50.142854,2.282585,True
2859,1773650530.533726,1773651515.231489,1103,406,1044.537386,76.207700,2.390937,True
2860,1773650530.533759,1773651162.660557,1313,203,336.450584,70.901976,1.314597,True
2861,1773650530.533791,1773651100.960748,203,165,212.794858,36.144848,1.077134,True
2862,1773650530.533820,1773651136.037514,212,162,282.165701,63.101543,1.360647,True
2863,1773650530.533849,1773651226.084522,1079,441,460.032350,34.639184,0.966803,True
2864,1773650530.533877,1773651541.488915,1125,423,1090.023346,81.061592,2.390905,True
2865,1773650530.533906,1773651249.425238,1112,395,505.853050,63.146969,1.123619,True
2866,1773650530.533951,1773651517.907392,1066,407,1042.609866,80.936630,2.368653,True
2867,1773650530.533983,1773651411.302063,967,375,829.379290,46.482291,2.093307,True
2868,1773650530.534011,1773651181.169338,400,76,368.861030,73.695586,3.935539,True
2869,1773650530.534044,1773651122.150798,181,145,249.941112,54.761356,1.355415,True
2870,1773650530.534073,1773651258.620071,1057,443,522.857115,57.097063,1.053756,True
2871,1773650530.534102,1773651167.920892,1011,76,339.364464,74.995557,3.524919,True
2872,1773650530.534131,1773651439.375515,1081,371,882.026005,79.622125,2.168659,True
2873,1773650530.534166,1773651469.491305,1048,403,942.238163,79.611645,2.145837,True
2874,1773650530.534195,1773651469.346795,1012,414,941.924259,71.957316,2.106457,True
2875,1773650530.534223,1773651219.147929,1075,412,441.216136,36.834217,0.983898,True
2876,1773650530.534253,1773651145.709560,209,167,292.999425,66.127910,1.366696,True
2877,1773650530.534281,1773651145.467582,42,166,292.493981,66.117247,1.371980,True
2878,1773650530.534310,1773651215.340329,395,118,431.778847,43.645437,3.317380,True
2879,1773650530.534342,1773651111.168877,1137,46,223.414439,44.747466,3.970377,True
2880,1773650530.534371,1773651184.985336,402,100,371.026893,44.737070,3.295857,True
2881,1773650530.534402,1773651210.444844,1917,90,421.924486,73.230368,3.917911,True
2882,1773650530.534431,1773651466.201004,1081,396,933.229840,47.201669,2.243109,True
2883,1773650530.534463,1773651232.265775,418,113,465.337458,73.115297,3.501984,True
2884,1773650530.534492,1773651067.227032,411,84,133.611888,34.952997,1.188661,True
2885,1773650530.534521,1773651092.986967,181,134,183.269349,34.022300,1.122158,True
2886,1773650530.534549,1773651246.159489,1073,381,489.364084,65.619887,1.115116,True
2887,1773650530.534578,1773651247.412740,1124,412,490.125237,54.443922,1.060052,True
2888,1773650530.534607,1773651126.599496,1324,141,248.475593,55.541100,1.378104,True
2889,1773650530.534636,1773651103.506773,399,94,201.857884,57.067752,1.556883,True
2890,1773650530.534664,1773651465.333529,1106,396,925.242670,78.041373,2.144813,True
2891,1773650530.534693,1773651190.009957,380,91,374.571071,78.030450,3.294896,True
2892,1773650530.534726,1773651256.458872,411,188,507.447093,67.606084,2.352091,True
2893,1773650530.534755,1773651201.667487,411,104,397.844292,78.008539,3.105201,True
2894,1773650530.534785,1773651452.594722,1162,398,899.676733,67.584776,2.095950,True
2895,1773650530.534813,1773651156.186006,181,60,306.838825,77.987017,3.878844,True
2896,1773650530.534845,1773651477.035156,1093,414,948.388711,72.094212,2.121778,True
2897,1773650530.534874,1773651611.129202,1176,621,1216.556635,80.535402,1.832292,True
2898,1773650530.534903,1773651180.199899,393,91,354.674568,72.072604,3.140022,True
2899,1773650530.534945,1773651480.100183,1109,405,954.456396,80.513924,2.163224,True
2900,1773650530.534983,1773651187.762181,410,92,369.756156,72.818827,3.263048,True
2901,1773650530.535012,1773651254.275858,1006,394,501.268584,63.455741,1.114028,True
2902,1773650530.535042,1773651471.349050,1140,379,934.313399,73.350347,2.277680,True
2903,1773650530.535071,1773651513.132458,1078,405,1017.865941,73.339904,2.337936,True
2904,1773650530.535101,1773651184.985343,386,99,361.319270,42.463935,3.253626,True
2905,1773650530.535130,1773651071.269877,396,94,132.811785,30.513531,1.099981,True
2906,1773650530.535159,1773651272.727314,969,411,535.485375,72.276071,1.129779,True
2907,1773650530.535187,1773651067.289205,313,18,123.825497,52.525834,4.194098,True
2908,1773650530.535217,1773651313.049169,169,205,614.315609,71.646358,2.660143,True
2909,1773650530.535249,1773651239.150739,1315,125,466.239055,71.507796,3.183317,True
2910,1773650530.535278,1773651162.397454,1625,82,312.711809,40.746657,3.357594,True
2911,1773650530.535306,1773651536.858451,1149,417,1061.399910,73.197734,2.375486,True
2912,1773650530.535338,1773651230.206764,1136,411,447.890833,36.997877,1.002178,True
2913,1773650530.535367,1773651111.793603,398,78,210.836456,70.885106,1.817550,True
2914,1773650530.535399,1773651255.448712,1085,427,497.815308,52.341237,1.045714,True
2915,1773650530.535431,1773651286.450773,1033,508,556.577269,42.426085,1.014105,True
2916,1773650530.535460,1773651263.151133,1018,434,509.376042,52.800859,1.054446,True
2917,1773650530.535489,1773651262.004737,1125,422,505.857632,50.569659,1.081444,True
2918,1773650530.535524,1773651083.071311,374,69,147.886409,41.460445,1.565088,True
2919,1773650530.535561,1773651086.762304,90,20,154.106639,67.551798,4.555518,True
2920,1773650530.535591,1773651169.590624,376,85,319.019613,40.947159,3.310386,True
2921,1773650530.535623,1773651267.889466,209,174,515.579483,40.936002,2.743604,True
2922,1773650530.535654,1773651258.808111,1056,442,497.225641,45.562944,1.024178,True
2923,1773650530.535686,1773651425.272930,1066,377,830.085743,40.799335,2.099166,True
2924,1773650530.535715,1773651206.067198,405,108,391.654053,40.788774,3.279115,True
2925,1773650530.535749,1773651218.872891,393,99,417.243156,67.287286,3.570978,True
2926,1773650530.535778,1773651193.558273,42,100,366.593303,40.767040,3.291174,True
2927,1773650530.535807,1773651175.524895,828,72,330.494423,69.083933,3.681838,True
2928,1773650530.535841,1773651513.132174,1093,405,1005.699216,69.460274,2.317423,True
2929,1773650530.535869,1773651491.696580,1095,407,962.692235,46.959177,2.255500,True
2930,1773650530.535898,1773651550.387643,1049,429,1080.038646,68.994841,2.362252,True
2931,1773650530.535927,1773651248.353405,920,418,474.254285,45.952813,1.027102,True
2932,1773650530.535976,1773651252.181626,1116,360,480.213769,71.400393,1.138756,True
2933,1773650530.536006,1773651130.339402,403,99,236.047723,71.158984,1.682538,True
2934,1773650530.536036,1773651152.894445,1317,194,279.304846,50.862998,1.183637,True
2935,1773650530.536065,1773651268.901782,1147,424,510.834816,58.262590,1.069911,True
2936,1773650530.536093,1773651248.293614,1139,393,469.367008,47.022592,1.077409,True
2937,1773650530.536125,1773651280.019580,1114,412,532.731980,71.351333,1.122581,True
2938,1773650530.536154,1773651254.214497,1097,420,480.091984,49.031007,1.028785,True
2939,1773650530.536183,1773651472.224347,1162,410,915.348784,64.796531,2.079590,True
2940,1773650530.536217,1773651105.089900,91,16,180.812758,68.702303,7.474030,True
2941,1773650530.536249,1773651458.878741,967,396,888.368217,70.564157,2.070390,True
2942,1773650530.536278,1773651088.858549,374,60,148.058403,45.802703,1.733147,True
2943,1773650530.536308,1773651265.510628,1161,414,498.881304,57.786768,1.068026,True
2944,1773650530.536337,1773651289.928926,1085,491,546.249068,46.395682,1.020109,True
2945,1773650530.536369,1773651100.903070,382,89,167.944474,43.701619,1.411851,True
2946,1773650530.536397,1773651096.961176,1189,74,160.039354,47.025487,1.548135,True
2947,1773650530.536429,1773651189.656783,391,81,345.366501,62.768716,3.532472,True
2948,1773650530.536539,1773651277.704892,206,161,521.192859,62.633701,2.865995,True
2949,1773650530.536570,1773651529.294833,1099,429,1024.347260,40.189562,2.299434,True
2950,1773650530.536605,1773651631.755659,944,548,1229.248473,70.046067,2.119200,True
2951,1773650530.536635,1773651616.006891,1133,527,1197.523558,40.065085,2.200491,True
2952,1773650530.536664,1773651550.387530,990,429,1066.253114,62.101008,2.346150,True
2953,1773650530.536694,1773651136.458821,396,135,237.445526,57.071506,1.346075,True
2954,1773650530.536723,1773651455.616167,1097,388,875.218933,69.593686,2.081719,True
2955,1773650530.536753,1773651178.547027,782,84,320.559557,66.992450,3.055025,True
2956,1773650530.536782,1773651103.506954,396,88,169.654335,45.287863,1.429500,True
2957,1773650530.536811,1773651105.259053,1325,45,173.034575,67.527197,2.397895,True
2958,1773650530.536840,1773651254.891976,1212,396,472.171846,56.002270,1.053594,True
2959,1773650530.536872,1773651288.306227,1090,424,537.843329,68.753574,1.108959,True
2960,1773650530.536901,1773651260.648637,1123,430,481.331448,43.217120,1.021246,True
2961,1773650530.536931,1773651257.489883,1056,397,474.886079,56.858447,1.055625,True
2962,1773650530.536980,1773651267.134583,1153,420,493.946680,45.938518,1.069232,True
2963,1773650530.537010,1773651199.626646,954,99,357.902796,66.925385,2.969157,True
2964,1773650530.537040,1773651520.287037,1177,399,999.139202,69.616957,2.335483,True
2965,1773650530.537069,1773651217.017113,405,92,392.577811,61.857976,3.634284,True
2966,1773650530.537098,1773651263.212803,181,162,484.720711,40.230930,2.760806,True
2967,1773650530.537127,1773651490.595839,1119,377,939.464063,72.409385,2.305996,True
2968,1773650530.537161,1773651233.395666,946,129,424.787892,40.082124,3.005514,True
2969,1773650530.537190,1773651502.709306,1184,394,963.395057,61.573969,2.294710,True
2970,1773650530.537219,1773651104.336445,425,91,165.707295,41.716708,1.377673,True
2971,1773650530.537249,1773651117.098815,378,66,191.107488,66.593065,1.915607,True
2972,1773650530.537277,1773651513.211359,1144,424,982.232322,68.200082,2.160833,True
2973,1773650530.537307,1773651483.873303,1249,415,923.263733,63.017129,2.077890,True
2974,1773650530.537336,1773651175.307547,203,181,306.088341,65.874984,1.334519,True
2975,1773650530.537376,1773651249.926706,1037,379,453.637563,54.963326,1.054694,True
2976,1773650530.537407,1773651268.833205,1083,406,491.074999,51.328356,1.085794,True
2977,1773650530.537439,1773651154.281266,386,53,261.548802,64.820006,3.783246,True
2978,1773650530.537468,1773651283.737015,1124,412,519.620470,66.300645,1.102968,True
2979,1773650530.537500,1773651263.075797,181,133,477.695620,71.780447,3.075115,True
2980,1773650530.537534,1773651482.899426,1065,382,917.316573,58.346285,2.254515,True
2981,1773650530.537562,1773651278.708314,1441,150,508.690116,71.645720,2.933184,True
2982,1773650530.537591,1773651217.016824,438,91,385.286527,60.048319,3.613758,True
2983,1773650530.537619,1773651158.599322,181,174,268.326637,50.188443,1.260914,True
2984,1773650530.537649,1773651461.565465,1095,396,869.079799,61.300520,2.045011,True
2985,1773650530.537678,1773651502.928064,1133,420,951.778875,64.564696,2.117456,True
2986,1773650530.537710,1773651473.855990,998,393,893.280668,33.868610,2.192378,True
2987,1773650530.537739,1773651130.546247,382,53,206.639377,33.857975,3.322719,True
2988,1773650530.537768,1773651215.340483,417,110,376.206645,33.846894,3.140915,True
2989,1773650530.537809,1773651190.199011,398,94,325.901032,33.835578,3.140489,True
2990,1773650530.537839,1773651548.280523,1166,421,1042.041559,59.050791,2.340454,True
2991,1773650530.537868,1773651520.287047,1027,396,985.861194,68.652112,2.322048,True
2992,1773650530.537896,1773651534.340610,1034,403,1013.947695,71.489725,2.344423,True
2993,1773650530.537925,1773651234.714142,1924,105,414.482779,74.017360,3.273706,True
2994,1773650530.537972,1773651536.738852,1054,423,1018.500825,45.755933,2.305083,True
2995,1773650530.538005,1773651562.373138,1018,429,1069.751431,64.396717,2.348960,True
2996,1773650530.538037,1773651373.421920,992,609,691.604517,62.608164,1.034533,True
2997,1773650530.538065,1773651287.613124,1004,421,518.482449,61.855958,1.087206,True
2998,1773650530.538096,1773651125.237118,2027,121,192.531150,40.469242,1.267183,True
2999,1773650530.538125,1773651265.510782,1157,404,472.973933,51.169692,1.046661,True
3000,1773650530.538154,1773651116.508103,450,84,173.352043,50.361157,1.481818,True
3001,1773650530.538183,1773651203.169626,431,101,346.342492,64.978638,2.813639,True
3002,1773650530.538212,1773651128.970982,1189,74,195.788250,63.067252,1.818096,True
3003,1773650530.538240,1773651160.493582,1642,56,258.271888,62.595855,3.557746,True
3004,1773650530.538273,1773651206.779749,401,101,350.266548,62.307544,2.879590,True
3005,1773650530.538301,1773651131.041910,794,70,197.300822,65.327435,1.912658,True
3006,1773650530.538330,1773651272.226374,1137,402,478.641729,45.989193,1.078934,True
3007,1773650530.538359,1773651189.868088,392,84,313.565789,61.892740,3.032205,True
3008,1773650530.538388,1773651584.040462,1172,511,1101.887448,65.584857,2.031966,True
3009,1773650530.538417,1773651274.125155,1161,420,481.314466,46.725430,1.037205,True
3010,1773650530.538447,1773651250.053909,1314,322,432.944532,65.173095,1.145705,True
3011,1773650530.538476,1773651119.912784,862,87,171.690598,47.177711,1.447824,True
3012,1773650530.538506,1773651113.126210,388,78,157.058033,45.595976,1.447559,True
3013,1773650530.538540,1773651145.825026,1496,53,222.182840,46.869109,3.371418,True
3014,1773650530.538569,1773651253.487225,181,124,437.479356,57.147140,3.092132,True
3015,1773650530.538599,1773651530.919573,1073,392,992.317389,72.613317,2.352184,True
3016,1773650530.538629,1773651142.599131,1217,49,215.355376,49.372950,3.457967,True
3017,1773650530.538658,1773651520.561512,1027,396,971.249748,59.138822,2.309142,True
3018,1773650530.538687,1773651137.015771,405,142,201.196307,33.023499,1.192715,True
3019,1773650530.538716,1773651199.626908,874,95,325.527842,57.091534,2.855705,True
3020,1773650530.538745,1773651131.832109,91,24,189.672249,61.684424,5.564688,True
3021,1773650530.538774,1773651647.608793,1111,595,1220.866453,61.430848,1.951912,True
3022,1773650530.538821,1773651111.293973,120,12,148.215165,61.419840,7.890484,True
3023,1773650530.538857,1773651334.461714,1316,209,594.526323,74.739170,2.498977,True
3024,1773650530.538886,1773651200.578923,391,88,326.519864,46.979840,3.213104,True
3025,1773650530.538915,1773651214.529213,401,96,354.175606,46.853105,3.234974,True
3026,1773650530.538961,1773651600.232997,1150,470,1125.564078,51.287017,2.290569,True
3027,1773650530.538992,1773651216.879023,407,94,358.833590,51.276443,3.307066,True
3028,1773650530.539025,1773651245.294290,387,124,415.642439,51.265454,2.962415,True
3029,1773650530.539054,1773651251.523146,377,119,428.079155,61.122594,3.109801,True
3030,1773650530.539086,1773651091.296030,979,45,106.798907,31.543681,1.710346,True
3031,1773650530.539118,1773651271.677859,1134,399,467.312911,43.223687,1.065551,True
3032,1773650530.539148,1773651112.946013,401,96,148.114433,30.552204,1.237497,True
3033,1773650530.539176,1773651088.737101,1827,35,97.668679,33.026932,1.901228,True
3034,1773650530.539205,1773651253.197838,1180,371,426.483047,46.033121,1.028243,True
3035,1773650530.539235,1773651506.482459,1090,414,932.654948,56.540121,2.121343,True
3036,1773650530.539264,1773651219.660383,412,117,357.767124,57.904326,2.585024,True
3037,1773650530.539298,1773651625.659695,1102,684,1169.744019,55.907754,1.630800,True
3038,1773650530.539327,1773651163.616890,387,52,245.402202,57.766036,3.679141,True
3039,1773650530.539357,1773651099.435475,1000,59,115.553162,31.271098,1.453139,True
3040,1773650530.539389,1773651256.152249,1087,397,428.032893,33.436119,0.996456,True
3041,1773650530.539418,1773651307.357509,1140,467,529.070442,46.347218,1.035887,True
3042,1773650530.539447,1773651234.576195,402,102,382.641023,55.351794,3.240487,True
3043,1773650530.539481,1773651132.873394,1633,64,177.995245,57.732160,1.908938,True
3044,1773650530.539510,1773651142.810563,987,29,197.428081,59.947608,4.910017,True
3045,1773650530.539538,1773651472.224504,1123,400,856.004931,57.849031,2.000391,True
3046,1773650530.539567,1773651548.565114,1150,424,1007.666254,44.013514,2.278139,True
3047,1773650530.539596,1773651490.741520,1160,385,892.007600,46.877688,2.200859,True
3048,1773650530.539628,1773651540.390315,1116,393,990.784351,69.733595,2.349619,True
3049,1773650530.539663,1773651504.361351,1111,935,918.006372,33.239546,0.947288,True
3050,1773650530.539696,1773651227.889928,380,115,363.466313,58.631139,2.673993,True
3051,1773650530.539725,1773651276.996762,1084,404,460.314057,36.147078,1.052524,True
3052,1773650530.539754,1773651269.901880,1192,413,445.872252,33.353466,1.001259,True
3053,1773650530.539782,1773651185.113115,1609,62,276.273427,54.076953,3.642565,True
3054,1773650530.539812,1773651230.228871,399,95,366.481903,54.065798,3.323576,True
3055,1773650530.539840,1773651219.660536,402,116,343.756324,54.286889,2.517126,True
3056,1773650530.539870,1773651113.070177,1288,68,130.118784,36.322076,1.399951,True
3057,1773650530.539899,1773651503.064799,1103,404,909.479980,59.109303,2.110101,True
3058,1773650530.539928,1773651575.591704,1148,424,1054.262701,66.269956,2.335680,True
3059,1773650530.539974,1773651518.185850,1092,389,938.872596,54.807722,2.278518,True
3060,1773650530.540004,1773651164.703201,376,58,230.904893,42.362853,3.307755,True
3061,1773650530.540033,1773651624.493637,1171,530,1150.464871,42.352197,2.094731,True
3062,1773650530.540062,1773651096.777914,91,16,94.987995,39.885853,3.673476,True
3063,1773650530.540092,1773651229.311487,394,80,358.631101,69.014932,3.666027,True
3064,1773650530.540124,1773651242.085392,398,94,384.170163,69.004542,3.388878,True
3065,1773650530.540153,1773651567.131097,1167,414,1034.240574,68.993895,2.337159,True
3066,1773650530.540182,1773651272.030852,1027,396,444.020019,40.914077,1.020521,True
3067,1773650530.540211,1773651217.075196,181,104,332.181009,56.449081,2.677009,True
3068,1773650530.540239,1773651276.385854,1319,209,450.504856,50.936345,1.921002,True
3069,1773650530.540268,1773651287.208791,1319,150,472.022225,52.353337,2.816570,True
3070,1773650530.540300,1773651212.852698,408,105,322.855109,50.645165,2.617403,True
3071,1773650530.540332,1773651280.899367,1139,435,458.783333,30.167723,0.987594,True
3072,1773650530.540361,1773651148.564593,1820,109,192.973506,44.629284,1.373558,True
3073,1773650530.540390,1773651268.223083,1034,403,432.059557,29.482299,1.001436,True
3074,1773650530.540419,1773651490.247368,1122,396,874.814081,56.070023,2.072770,True
3075,1773650530.540447,1773651258.619741,1113,375,411.394575,36.845146,1.001469,True
3076,1773650530.540476,1773651189.867996,181,78,273.795051,51.219725,2.890589,True
3077,1773650530.540505,1773651192.031154,203,217,277.854688,37.831270,1.111220,True
3078,1773650530.540534,1773651160.662746,397,115,214.393237,50.681146,1.436071,True
3079,1773650530.540563,1773651278.034752,1110,408,448.785303,36.125415,1.013906,True
3080,1773650530.540591,1773651291.019018,1149,407,473.992660,43.415977,1.060534,True
3081,1773650530.540623,1773651196.133915,1466,76,282.855294,39.093799,3.250153,True
3082,1773650530.540652,1773651287.350080,212,138,465.004911,64.157119,2.925896,True
3083,1773650530.540680,1773651229.021630,878,102,348.327585,42.184551,3.031119,True
3084,1773650530.540710,1773651532.357117,1058,394,954.753939,51.185088,2.299157,True
3085,1773650530.540743,1773651161.735844,200,159,212.849303,35.623732,1.121681,True
3086,1773650530.540774,1773651616.362829,1092,626,1121.911588,58.432762,1.701566,True
3087,1773650530.540890,1773651138.700054,399,83,165.476866,43.101847,1.492378,True
3088,1773650530.540921,1773651262.301420,1091,376,411.975153,34.731192,1.005984,True
3089,1773650530.540970,1773651275.419720,984,399,437.856312,35.178706,1.011753,True
3090,1773650530.541000,1773651275.230347,1123,401,435.936236,34.558728,1.003444,True
3091,1773650530.541033,1773651117.399217,1303,36,120.045827,45.151933,2.139826,True
3092,1773650530.541063,1773651164.552770,881,33,213.934227,64.461230,4.671031,True
3093,1773650530.541092,1773651499.234676,1017,409,882.403136,48.589374,2.043661,True
3094,1773650530.541124,1773651286.516328,1096,421,456.163077,36.677636,0.998775,True
3095,1773650530.541152,1773651297.405150,1140,411,477.706990,43.976976,1.057878,True
3096,1773650530.541181,1773651159.333644,376,117,201.540833,43.965244,1.358410,True
3097,1773650530.541210,1773651189.713102,384,69,262.132091,56.964934,3.017164,True
3098,1773650530.541243,1773651491.668392,981,393,866.020953,56.954287,2.063946,True
3099,1773650530.541273,1773651199.329294,386,73,281.320867,63.299369,3.028076,True
3100,1773650530.541305,1773651515.721046,1004,403,914.082340,65.704379,2.110393,True
3101,1773650530.541334,1773651201.806148,455,92,286.044902,47.839264,2.617644,True
3102,1773650530.541372,1773651522.484377,1134,402,927.335213,38.226297,2.217229,True
3103,1773650530.541407,1773651259.769554,1316,139,401.881716,38.215106,2.635265,True
3104,1773650530.541437,1773651568.502417,1144,420,1019.325095,49.613105,2.314348,True
3105,1773650530.541467,1773651224.564785,387,73,331.205992,63.089345,3.723842,True
3106,1773650530.541496,1773651502.576786,1042,385,887.215253,41.252664,2.203028,True
3107,1773650530.541534,1773651387.289434,736,300,656.413638,49.371090,2.030243,True
3108,1773650530.541563,1773651146.022847,379,93,172.240957,42.626551,1.408852,True
3109,1773650530.541593,1773651167.077500,1312,138,212.726360,40.724896,1.255485,True
3110,1773650530.541623,1773651305.633377,1169,421,489.732072,45.159031,1.058507,True
3111,1773650530.541652,1773651149.087448,408,129,176.511526,31.660867,1.131646,True
3112,1773650530.541685,1773651287.793024,1019,396,452.066886,44.046721,1.032962,True
3113,1773650530.541726,1773651165.220528,395,126,206.899642,44.035036,1.302917,True
3114,1773650530.541756,1773651611.747972,1191,464,1098.425612,59.512216,2.243873,True
3115,1773650530.541785,1773651251.664372,932,102,377.984419,61.452761,3.133977,True
3116,1773650530.541822,1773651558.213709,1021,412,991.062435,46.974984,2.297050,True
3117,1773650530.541873,1773651493.923417,1103,405,862.348908,48.719151,2.013935,True
3118,1773650530.541905,1773651219.523471,405,93,312.965704,61.343638,2.735022,True
3119,1773650530.541950,1773651255.868401,203,152,385.382933,61.208170,2.146853,True
3120,1773650530.541981,1773651515.862752,1148,421,905.352597,48.280310,2.040648,True
3121,1773650530.542015,1773651188.450116,181,165,250.212583,40.379006,1.279473,True
3122,1773650530.542044,1773651307.925704,1069,426,489.042415,45.337677,1.044011,True
3123,1773650530.542073,1773651276.713395,1137,396,426.503956,30.054807,1.003669,True
3124,1773650530.542103,1773651134.970258,1763,45,140.488400,47.786138,2.106870,True
3125,1773650530.542132,1773651238.737536,1008,89,347.934128,59.354787,3.279311,True
3126,1773650530.542162,1773651562.372957,1019,415,994.646147,45.812877,2.291868,True
3127,1773650530.542191,1773651546.996742,1086,398,963.875737,51.869742,2.297244,True
3128,1773650530.542221,1773651166.509672,1371,33,202.870752,58.541902,4.510277,True
3129,1773650530.542250,1773651293.440367,1161,397,455.689745,39.412796,1.051204,True
3130,1773650530.542284,1773651195.295670,416,151,259.272293,51.187408,1.387233,True
3131,1773650530.542313,1773651130.094866,91,24,127.587928,50.545762,3.349659,True
3132,1773650530.542345,1773651298.791536,1151,411,463.119468,41.510932,1.028314,True
3133,1773650530.542379,1773651122.098638,1075,56,109.611576,30.249655,1.442944,True
3134,1773650530.542412,1773651588.960685,1092,499,1043.181054,60.066948,1.974125,True
3135,1773650530.542443,1773651509.638657,973,414,884.236375,43.949410,2.034593,True
3136,1773650530.542474,1773651138.337489,394,55,141.595707,42.230359,1.840099,True
3137,1773650530.542503,1773651149.514115,428,79,163.469893,41.991081,1.557421,True
3138,1773650530.542532,1773651154.582903,411,90,173.587692,41.980551,1.478732,True
3139,1773650530.542561,1773651601.685632,1167,549,1067.748724,61.488908,1.836241,True
3140,1773650530.542590,1773651465.474482,1102,383,795.304081,45.432123,1.963016,True
3141,1773650530.542619,1773651483.731503,1110,377,831.591050,63.727131,2.042191,True
3142,1773650530.542648,1773651239.662097,400,136,343.430956,46.515704,2.199372,True
3143,1773650530.542677,1773651342.416101,1313,198,546.152251,68.967892,2.422256,True
3144,1773650530.542706,1773651259.497930,387,102,379.748969,57.159869,3.193951,True
3145,1773650530.542735,1773651226.617691,401,94,312.550234,33.471438,3.000847,True
3146,1773650530.542764,1773651300.689611,1160,409,460.527287,40.602927,1.029226,True
3147,1773650530.542793,1773651257.841805,379,92,374.469724,67.703432,3.371058,True
3148,1773650530.542822,1773651558.213878,1056,397,974.241892,58.306678,2.312968,True
3149,1773650530.542854,1773651227.889958,869,98,313.509846,60.528405,2.608056,True
3150,1773650530.542883,1773651282.416880,1107,393,422.270767,28.583956,1.004303,True
3151,1773650530.542912,1773651304.068419,1168,418,465.552191,33.839832,1.035281,True
3152,1773650530.542955,1773651206.915809,388,90,271.223704,45.431759,2.536988,True
3153,1773650530.542986,1773651493.231293,997,375,843.764210,35.488502,2.161165,True
3154,1773650530.543015,1773651306.058722,1019,418,468.476562,39.904094,1.027752,True
3155,1773650530.543047,1773651600.521796,997,420,1055.287695,69.560487,2.352571,True
3156,1773650530.543080,1773651605.502489,1053,429,1065.227267,69.549893,2.326349,True
3157,1773650530.543109,1773651277.705093,432,108,409.612052,69.539316,3.178250,True
3158,1773650530.543139,1773651275.052791,1925,103,404.287849,72.753870,3.250333,True
3159,1773650530.543168,1773651270.167510,929,99,394.491870,74.977847,3.260347,True
3160,1773650530.543197,1773651149.378400,914,91,152.628576,32.965368,1.329591,True
3161,1773650530.543226,1773651328.685242,1007,449,510.637550,47.457740,1.033884,True
3162,1773650530.543255,1773651267.210686,1820,109,387.587543,55.987230,3.070373,True
3163,1773650530.543287,1773651242.363596,392,86,337.881435,55.976523,3.316528,True
3164,1773650530.543316,1773651654.978362,1076,596,1163.090603,58.089003,1.857146,True
3165,1773650530.543345,1773651268.278714,194,181,389.669783,43.291348,1.924325,True
3166,1773650530.543377,1773651297.405432,984,397,446.705189,34.260011,1.041528,True
3167,1773650530.543406,1773651306.250770,1048,397,464.269068,46.707996,1.054447,True
3168,1773650530.543436,1773651186.390736,1316,150,222.527515,38.742167,1.233459,True
3169,1773650530.543465,1773651233.421633,369,118,316.333520,41.480784,2.349169,True
3170,1773650530.543496,1773651532.006793,1176,405,912.289533,66.328892,2.093962,True
3171,1773650530.543525,1773651254.303801,200,138,356.861217,66.318083,2.120753,True
3172,1773650530.543554,1773651301.601376,1064,384,451.435547,42.030638,1.068942,True
3173,1773650530.543582,1773651161.981132,391,91,171.041756,45.385764,1.396178,True
3174,1773650530.543611,1773651151.395118,386,70,149.622260,41.330314,1.569448,True
3175,1773650530.543639,1773651569.755256,1083,1000,984.218295,45.177583,0.939981,True
3176,1773650530.543670,1773651289.139665,1099,383,421.963704,35.710479,1.011134,True
3177,1773650530.543698,1773651563.669658,986,433,970.999669,66.189585,2.094468,True
3178,1773650530.543726,1773651302.830874,1091,405,449.115254,30.039774,1.037316,True
3179,1773650530.543755,1773651217.075182,411,75,277.582600,67.766443,2.835353,True
3180,1773650530.543783,1773651529.599399,1081,425,902.606710,40.203735,2.033969,True
3181,1773650530.543817,1773651320.094867,1110,393,482.246050,57.969259,1.082339,True
3182,1773650530.543846,1773651297.280695,1016,397,436.594399,36.974655,1.009141,True
3183,1773650530.543875,1773651169.813573,1893,63,181.556711,62.537524,1.919664,True
3184,1773650530.543904,1773651200.578772,377,70,241.298791,26.912994,3.107041,True
3185,1773650530.543951,1773651560.424448,990,393,960.167568,55.795445,2.307072,True
3186,1773650530.543982,1773651295.226459,1169,389,429.544818,29.949251,1.029885,True
3187,1773650530.544011,1773651590.325781,1165,439,1019.696499,32.341446,2.254235,True
3188,1773650530.544041,1773651331.096648,181,186,501.216261,55.647201,2.408481,True
3189,1773650530.544070,1773651317.014985,1171,435,472.861592,35.374096,1.008036,True
3190,1773650530.544098,1773651523.834034,1007,391,885.525430,69.022497,2.093597,True
3191,1773650530.544127,1773651190.164247,374,70,218.165379,37.415928,2.619557,True
3192,1773650530.544159,1773651194.196267,1002,48,225.701468,68.750100,3.339391,True
3193,1773650530.544188,1773651491.527846,1107,398,820.346917,40.022187,1.965553,True
3194,1773650530.544217,1773651317.831381,1093,419,470.706619,36.115700,1.039691,True
3195,1773650530.544246,1773651308.647931,999,397,452.210865,37.300328,1.047754,True
3196,1773650530.544275,1773651327.603609,1127,441,489.768544,37.123260,1.028739,True
3197,1773650530.544305,1773651539.874628,1011,397,913.935983,29.917325,2.232370,True
3198,1773650530.544337,1773651590.894354,980,417,1015.710754,53.097194,2.313975,True
3199,1773650530.544367,1773651191.534811,181,103,216.908253,58.492828,1.553092,True
3200,1773650530.544397,1773651162.170230,399,89,156.729285,34.792778,1.385642,True
3201,1773650530.544426,1773651168.391718,1409,101,169.160346,34.782408,1.343779,True
3202,1773650530.544458,1773651165.033696,1386,93,160.996362,36.997912,1.347809,True
3203,1773650530.544488,1773651555.450587,1125,414,940.038366,68.102190,2.111226,True
3204,1773650530.544518,1773651600.522113,1159,416,1030.071553,62.413815,2.331705,True
3205,1773650530.544548,1773651312.622237,1112,403,454.231246,37.093631,1.037656,True
3206,1773650530.544577,1773651216.641687,391,99,262.136622,35.804190,2.309515,True
3207,1773650530.544606,1773651199.782997,181,124,228.360457,55.970333,1.401546,True
3208,1773650530.544636,1773651600.380379,1107,427,1029.510191,50.510701,2.298121,True
3209,1773650530.544665,1773651568.376903,1113,422,963.785995,30.191888,2.217563,True
3210,1773650530.544694,1773651184.984971,1458,53,196.732808,30.056286,3.205318,True
3211,1773650530.544726,1773651270.167216,406,98,367.074589,63.623475,3.128362,True
3212,1773650530.544755,1773651326.618411,1312,205,479.952696,33.452873,2.188725,True
3213,1773650530.544786,1773651179.884340,407,116,186.238467,35.835606,1.307851,True
3214,1773650530.544816,1773651298.791701,1093,398,422.723465,29.346503,0.990874,True
3215,1773650530.544845,1773651152.770281,377,57,130.556048,40.343478,1.610939,True
3216,1773650530.544874,1773651304.124569,1125,386,432.911027,38.677863,1.023982,True
3217,1773650530.544903,1773651198.701047,200,149,220.022409,37.656491,1.232202,True
3218,1773650530.544944,1773651322.892656,1125,414,468.299953,40.851420,1.034984,True
3219,1773650530.544978,1773651300.251326,206,217,422.909494,64.736022,1.658211,True
3220,1773650530.545013,1773651300.110078,1107,375,422.607731,31.589996,1.045502,True
3221,1773650530.545043,1773651186.211451,407,115,194.789063,40.776724,1.350985,True
3222,1773650530.545071,1773651328.685252,1102,401,479.630439,54.886873,1.061859,True
3223,1773650530.545100,1773651277.934374,1316,156,377.672780,74.057362,1.958809,True
3224,1773650530.545129,1773651160.361126,377,35,142.252760,32.142474,3.238538,True
3225,1773650530.545158,1773651568.376916,1111,418,957.782380,32.815807,2.218145,True
3226,1773650530.545271,1773651580.468630,1055,400,981.701601,60.634329,2.308439,True
3227,1773650530.545303,1773651589.068784,1112,429,998.880580,36.601952,2.248315,True
3228,1773650530.545333,1773651343.977571,1314,198,508.449257,49.966290,2.327325,True
3229,1773650530.545380,1773651164.365395,388,83,147.990979,35.977160,1.366022,True
3230,1773650530.545416,1773651216.434182,206,162,252.004141,53.324666,1.234034,True
3231,1773650530.545446,1773651548.013559,1081,391,915.097508,77.145656,2.148594,True
3232,1773650530.545476,1773651616.154887,1023,575,1051.082740,78.576974,1.694261,True
3233,1773650530.545506,1773651557.684633,1071,394,934.121891,80.888437,2.171077,True
3234,1773650530.545539,1773651287.116432,410,154,392.964090,84.666737,2.015015,True
3235,1773650530.545568,1773651194.060357,721,71,206.828408,30.730234,2.515688,True
3236,1773650530.545598,1773651397.390459,1086,614,612.296435,35.104523,0.941586,True
3237,1773650530.545627,1773651232.810648,1315,179,283.006166,61.087505,1.246734,True
3238,1773650530.545656,1773651187.932527,379,72,191.345477,60.135055,1.848034,True
3239,1773650530.545685,1773651263.494204,400,89,342.006944,57.762391,3.230052,True
3240,1773650530.545718,1773651541.627247,1054,390,897.985721,33.595629,2.222082,True
3241,1773650530.545747,1773651319.759080,402,163,453.990267,48.709150,2.501735,True
3242,1773650530.545783,1773651334.210699,1112,386,482.440861,61.170902,1.094208,True
3243,1773650530.545813,1773651330.667250,1021,421,474.036808,37.839863,1.038564,True
3244,1773650530.545845,1773651566.022598,1055,398,943.802331,83.967301,2.165831,True
3245,1773650530.545875,1773651169.449184,120,12,150.430479,56.018540,8.582904,True
3246,1773650530.545904,1773651532.214826,981,375,875.941119,39.441010,2.236631,True
3247,1773650530.545949,1773651297.647354,1315,175,406.786711,85.778318,1.844876,True
3248,1773650530.545984,1773651493.923591,1046,397,799.314521,29.088554,1.945015,True
3249,1773650530.546012,1773651254.043324,423,80,319.323673,57.564756,3.313404,True
3250,1773650530.546042,1773651668.227303,1115,654,1147.674079,39.294501,1.697365,True
3251,1773650530.546071,1773651177.271215,1269,103,165.378374,33.195411,1.295911,True
3252,1773650530.546101,1773651180.679252,397,115,170.371571,26.292361,1.263853,True
3253,1773650530.546131,1773651171.691019,1409,101,151.436137,25.813732,1.256224,True
3254,1773650530.546164,1773651337.482690,1058,394,481.386883,57.371861,1.078919,True
3255,1773650530.546194,1773651212.852850,399,88,231.978272,29.147960,2.331383,True
3256,1773650530.546224,1773651170.302680,446,94,146.670374,27.019730,1.286566,True
3257,1773650530.546253,1773651340.422617,1137,402,486.798289,57.137803,1.071473,True
3258,1773650530.546282,1773651324.880294,1110,410,455.458844,36.182676,1.025125,True
3259,1773650530.546312,1773651266.934102,388,91,339.441806,56.983205,3.138429,True
3260,1773650530.546341,1773651572.476723,1066,393,950.494692,46.950890,2.304959,True
3261,1773650530.546373,1773651608.319161,1163,428,1021.538256,56.648278,2.259695,True
3262,1773650530.546402,1773651668.769464,1088,641,1142.420879,49.883215,1.707090,True
3263,1773650530.546431,1773651328.813877,1002,411,461.184447,37.752159,1.032762,True
3264,1773650530.546460,1773651321.416251,1186,414,445.174854,26.278686,1.014276,True
3265,1773650530.546490,1773651472.224509,1087,383,746.434657,27.004848,1.883324,True
3266,1773650530.546519,1773651201.806296,871,79,205.577805,29.539508,2.256901,True
3267,1773650530.546548,1773651220.676495,377,61,243.297667,34.657748,3.477332,True
3268,1773650530.546578,1773651148.200102,91,16,98.322041,29.518465,4.586905,True
3269,1773650530.546607,1773651203.583743,191,162,208.400843,28.393667,1.118057,True
3270,1773650530.546638,1773651235.900779,1312,162,272.908113,63.084374,1.303253,True
3271,1773650530.546668,1773651237.283174,373,81,275.648994,34.227660,3.017767,True
3272,1773650530.546696,1773651585.512599,980,400,971.832594,57.395785,2.291822,True
3273,1773650530.546725,1773651359.590300,212,217,519.740788,57.272045,2.141059,True
3274,1773650530.546757,1773651562.373145,1057,387,925.279937,47.711385,2.273494,True
3275,1773650530.546786,1773651174.146243,390,96,146.951323,24.437308,1.289621,True
3276,1773650530.546818,1773651184.450855,386,119,167.310132,26.980892,1.189231,True
3277,1773650530.546847,1773651305.453672,1081,372,409.210209,27.927677,1.027716,True
3278,1773650530.546881,1773651173.475408,450,90,145.130428,27.865648,1.317582,True
3279,1773650530.546911,1773651142.085468,302,18,82.327534,33.375257,2.879546,True
3280,1773650530.546954,1773651325.624863,1161,405,449.386390,35.041177,1.025607,True
3281,1773650530.546986,1773651341.373800,1045,375,480.819894,65.802245,1.109673,True
3282,1773650530.547015,1773651228.746413,1107,55,253.900244,48.031778,3.812379,True
3283,1773650530.547050,1773651580.003968,1081,397,956.388512,48.020534,2.293859,True
3284,1773650530.547079,1773651268.632889,1318,113,333.090770,36.570048,2.647506,True
3285,1773650530.547108,1773651584.485991,1180,427,962.717726,84.185936,2.062281,True
3286,1773650530.547137,1773651240.529587,1315,127,274.535130,30.200304,1.939165,True
3287,1773650530.547165,1773651161.186718,372,54,115.352562,30.786778,1.595581,True
3288,1773650530.547194,1773651315.916589,1018,375,424.790326,33.768374,1.045513,True
3289,1773650530.547224,1773651241.145822,197,217,274.458344,35.214110,1.107612,True
3290,1773650530.547252,1773651314.641955,1093,407,420.608408,23.439290,0.978249,True
3291,1773650530.547282,1773651251.049852,376,81,293.378991,82.952059,2.630337,True
3292,1773650530.547314,1773651343.197895,1106,429,477.467160,38.223898,1.026269,True
3293,1773650530.547343,1773651212.889133,421,92,216.715503,65.578020,1.660851,True
3294,1773650530.547372,1773651275.328684,422,98,340.959492,49.000677,3.009885,True
3295,1773650530.547401,1773651283.033776,407,140,356.156988,83.954400,1.958292,True
3296,1773650530.547430,1773651264.757794,420,106,319.332651,83.818689,2.242990,True
3297,1773650530.547459,1773651254.184086,1352,144,298.160840,32.713846,1.856273,True
3298,1773650530.547493,1773651134.426887,91,16,58.441722,22.570982,2.391383,True
3299,1773650530.547523,1773651270.167379,1539,94,329.812450,51.731976,2.990113,True
3300,1773650530.547552,1773651225.282218,181,169,240.023099,37.417830,1.205984,True
3301,1773650530.547584,1773651236.025956,72,202,261.381119,33.795406,1.132267,True
3302,1773650530.547613,1773651275.188084,181,120,339.577049,33.257790,2.574111,True
3303,1773650530.547643,1773651582.826265,992,396,954.585495,48.309669,2.294369,True
3304,1773650530.547677,1773651263.075979,388,84,313.497417,50.665836,3.166646,True
3305,1773650530.547709,1773651412.444976,1050,638,611.118445,24.082791,0.921563,True
3306,1773650530.547739,1773651282.913678,392,106,351.815744,46.837797,2.904552,True
3307,1773650530.547771,1773651333.557864,1127,396,452.121153,39.412845,1.044831,True
3308,1773650530.547800,1773651206.067643,1646,44,197.032561,33.819018,3.795664,True
3309,1773650530.547829,1773651253.211262,433,87,291.215689,81.307209,2.440796,True
3310,1773650530.547870,1773651314.642206,1081,397,414.055054,24.948119,0.982593,True
3311,1773650530.547912,1773651199.761804,373,70,184.026371,30.067635,2.231286,True
3312,1773650530.547977,1773651522.061061,1058,407,828.329486,29.920364,1.966525,True
3313,1773650530.548027,1773651502.928225,1098,393,790.039636,29.909421,1.939108,True
3314,1773650530.548072,1773651263.771992,376,83,309.748739,49.423688,3.174696,True
3315,1773650530.548117,1773651207.680193,206,162,196.878922,23.321018,1.077999,True
3316,1773650530.548165,1773651328.624889,1099,386,437.434696,37.002781,1.040083,True
3317,1773650530.548208,1773651224.564692,1646,44,228.919010,50.158154,4.157229,True
3318,1773650530.548254,1773651585.372516,1019,396,950.253354,48.076844,2.283991,True
3319,1773650530.548301,1773651302.954332,980,374,384.821383,22.018459,0.972662,True
3320,1773650530.548359,1773651222.516688,371,58,222.969519,32.185323,3.347091,True
3321,1773650530.548414,1773651584.040368,981,398,945.713526,49.077484,2.258529,True
3322,1773650530.548464,1773651253.764884,404,93,285.146955,32.024712,2.751329,True
3323,1773650530.548509,1773651174.999177,408,87,127.426493,22.838974,1.216134,True
3324,1773650530.548558,1773651245.437237,705,66,268.280572,47.024184,3.403944,True
3325,1773650530.548612,1773651239.041558,203,211,255.384230,27.781431,1.083823,True
3326,1773650530.548673,1773651199.268967,1176,114,174.946622,30.724457,1.276302,True
3327,1773650530.548724,1773651580.480511,1081,408,936.784069,81.807095,2.100681,True
3328,1773650530.548773,1773651635.586450,1092,720,1046.725605,28.102410,1.416722,True
3329,1773650530.548810,1773651313.645472,1037,388,401.382711,22.800388,0.978249,True
3330,1773650530.548841,1773651323.526511,1127,408,421.121679,22.788687,0.978705,True
3331,1773650530.548871,1773651162.725460,788,29,99.288395,35.231545,2.287745,True
3332,1773650530.548901,1773651241.994523,175,164,257.720387,56.974942,1.231567,True
3333,1773650530.548954,1773651272.749746,401,93,318.856129,48.913620,2.934158,True
3334,1773650530.548987,1773651608.998585,1000,430,990.620792,44.634908,2.205095,True
3335,1773650530.549018,1773651254.041995,410,85,280.037006,79.878099,2.382844,True
3336,1773650530.549051,1773651239.808259,374,63,251.311389,79.743196,2.767229,True
3337,1773650530.549081,1773651543.699926,1113,423,859.073662,26.162738,1.973723,True
3338,1773650530.549110,1773651232.810639,1318,142,237.005095,57.186576,1.275309,True
3339,1773650530.549139,1773651604.451298,988,431,979.105774,31.625662,2.203442,True
3340,1773650530.549169,1773651566.846575,1022,392,903.876248,35.794111,2.220159,True
3341,1773650530.549198,1773651339.468070,1314,176,448.866503,46.017393,2.301995,True
3342,1773650530.549228,1773651189.858819,1704,107,149.460904,22.957373,1.193430,True
3343,1773650530.549277,1773651520.419060,1107,398,809.279292,29.652165,1.963796,True
3344,1773650530.549311,1773651321.287991,1139,398,409.924296,22.744756,0.975263,True
3345,1773650530.549341,1773651331.699679,1045,396,430.598796,28.813733,1.017177,True
3346,1773650530.549386,1773651356.402530,1051,400,479.776459,58.413788,1.056047,True
3347,1773650530.549416,1773651255.868119,405,87,277.629482,79.084921,2.308658,True
3348,1773650530.549446,1773651328.813753,1064,393,423.411904,28.105982,1.008433,True
3349,1773650530.549476,1773651240.243279,387,117,246.092260,28.234869,1.878081,True
3350,1773650530.549506,1773651604.451059,1049,429,974.422449,33.464063,2.198501,True
3351,1773650530.549539,1773651247.041613,181,205,259.396142,30.969964,1.119736,True
3352,1773650530.549568,1773651336.447723,1071,398,438.085804,31.608528,1.023872,True
3353,1773650530.549601,1773651341.251137,999,396,447.668549,36.967416,1.039750,True
3354,1773650530.549630,1773651617.642286,1069,450,1000.240622,44.713823,2.128122,True
3355,1773650530.549669,1773651591.888001,1040,403,948.709499,46.349226,2.244677,True
3356,1773650530.549699,1773651560.261122,961,429,882.894651,29.078428,1.994898,True
3357,1773650530.549727,1773651526.014481,988,401,814.376885,29.067350,1.963274,True
3358,1773650530.549757,1773651355.232187,1039,430,472.393812,37.111918,1.014643,True
3359,1773650530.549786,1773651568.376487,1040,393,898.405285,33.259194,2.207005,True
3360,1773650530.549816,1773651178.262579,1508,49,116.691561,30.321382,1.799379,True
3361,1773650530.549849,1773651182.802661,317,18,125.644699,54.947872,4.158637,True
3362,1773650530.549886,1773651295.508404,393,116,350.224998,43.485765,2.667298,True
3363,1773650530.549916,1773651234.860079,371,63,228.907031,34.157500,3.141121,True
3364,1773650530.549967,1773651287.350087,920,104,333.616318,44.850940,2.803547,True
3365,1773650530.550100,1773651302.136790,1118,141,363.168150,34.012805,2.351110,True
3366,1773650530.550131,1773651238.590072,382,61,235.851713,40.387133,3.257743,True
3367,1773650530.550161,1773651215.429908,410,129,188.933714,29.274600,1.247337,True
3368,1773650530.550195,1773651357.542420,1108,434,473.033388,35.121763,1.011343,True
3369,1773650530.550226,1773651182.802672,325,18,123.426383,53.838452,4.093408,True
3370,1773650530.550258,1773651264.757885,397,100,286.422996,74.593096,2.139696,True
3371,1773650530.550289,1773651201.452914,398,92,158.925159,34.156712,1.371082,True
3372,1773650530.550318,1773651322.273408,1125,399,400.339295,18.145596,0.960286,True
3373,1773650530.550348,1773651586.495466,1168,427,928.696265,73.991097,2.006350,True
3374,1773650530.550382,1773651209.391645,2045,60,174.466091,61.460743,1.915345,True
3375,1773650530.550412,1773651543.700103,1097,403,842.852931,33.174372,2.014126,True
3376,1773650530.550442,1773651329.627473,200,165,414.314291,42.920884,2.264594,True
3377,1773650530.550471,1773651605.762088,997,418,966.312798,41.790919,2.217079,True
3378,1773650530.550500,1773651238.858670,203,181,230.224197,26.491180,1.131850,True
3379,1773650530.550529,1773651171.691175,374,40,94.411274,26.474311,1.741973,True
3380,1773650530.550558,1773651238.223673,181,95,227.296782,35.468124,2.040730,True
3381,1773650530.550587,1773651228.026979,1176,77,206.878393,35.457306,2.255541,True
3382,1773650530.550617,1773651576.158260,1046,396,902.892147,32.599258,2.203273,True
3383,1773650530.550649,1773651393.260238,181,284,537.073408,32.588387,1.782633,True
3384,1773650530.550678,1773651263.907466,373,81,277.828325,42.047749,2.947257,True
3385,1773650530.550707,1773651318.792313,1029,392,387.103045,15.008287,0.951649,True
3386,1773650530.550735,1773651328.753006,1006,411,407.003124,16.456227,0.952553,True
3387,1773650530.550764,1773651584.774825,1013,419,916.800577,71.757679,2.021634,True
3388,1773650530.550796,1773651606.525910,1089,417,960.261970,42.472828,2.206224,True
3389,1773650530.550830,1773651599.125471,1180,402,945.433244,42.461982,2.251799,True
3390,1773650530.550860,1773651181.464341,389,87,109.722452,15.105477,1.100197,True
3391,1773650530.550889,1773651186.390579,422,95,119.553510,16.707434,1.094107,True
3392,1773650530.550918,1773651347.731928,1002,413,442.110879,29.471269,1.001552,True
3393,1773650530.550968,1773651596.088752,991,399,937.735417,41.647031,2.251478,True
3394,1773650530.550998,1773651612.533547,1000,428,970.603190,47.072980,2.162834,True
3395,1773650530.551028,1773651292.211907,181,128,329.397917,29.798851,2.359048,True
3396,1773650530.551058,1773651259.498373,390,94,263.755877,70.512117,2.077890,True
3397,1773650530.551087,1773651246.717277,404,108,237.943918,32.300252,1.921903,True
3398,1773650530.551116,1773651195.606760,1508,84,134.898052,24.052874,1.335484,True
3399,1773650530.551145,1773651188.921718,372,61,119.897635,27.784426,1.535220,True
3400,1773650530.551174,1773651588.921657,1093,397,918.722696,37.481848,2.225356,True
3401,1773650530.551203,1773651573.237478,1006,396,887.201057,71.141581,2.065973,True
3402,1773650530.551232,1773651536.601187,982,399,813.632941,30.261695,1.968269,True
3403,1773650530.551261,1773651204.670010,428,98,149.128414,26.650546,1.262658,True
3404,1773650530.551294,1773651348.534504,1055,411,436.380109,27.943005,0.996188,True
3405,1773650530.551323,1773651197.531230,402,105,133.998429,12.789092,1.165474,True
3406,1773650530.551356,1773651584.186999,1045,397,907.246903,32.633337,2.208620,True
3407,1773650530.551385,1773651345.682717,16,177,429.972142,43.609128,2.195244,True
3408,1773650530.551414,1773651232.935499,203,162,203.772242,27.238407,1.096483,True
3409,1773650530.551443,1773651590.748528,1058,400,919.375283,35.289658,2.215753,True
3410,1773650530.551475,1773651198.031395,376,74,132.678564,11.629159,1.658211,True
3411,1773650530.551507,1773651579.586414,1071,387,895.516328,38.546438,2.220129,True
3412,1773650530.551536,1773651300.900520,194,217,338.124655,28.205617,1.434810,True
3413,1773650530.551564,1773651612.781374,1026,429,961.863424,49.161152,2.132482,True
3414,1773650530.551593,1773651352.242489,1312,193,440.526517,44.654076,2.061836,True
3415,1773650530.551622,1773651272.613586,380,82,281.018089,42.201648,2.948351,True
3416,1773650530.551650,1773651533.618869,1098,393,802.963998,27.908587,1.977182,True
3417,1773650530.551679,1773651339.841695,1093,389,413.913376,25.403255,1.001315,True
3418,1773650530.551713,1773651251.522981,379,63,235.353002,40.459543,3.143443,True
3419,1773650530.551743,1773651305.373140,181,121,343.031648,40.448555,2.521526,True
3420,1773650530.551772,1773651347.081929,1089,398,426.387609,34.371917,0.987445,True
3421,1773650530.551804,1773651536.601193,1132,398,805.378327,28.585624,1.956657,True
3422,1773650530.551838,1773651539.865910,981,399,811.880011,28.574657,1.968104,True
3423,1773650530.551887,1773651179.700751,390,48,91.372653,18.196059,1.556949,True
3424,1773650530.551925,1773651603.255538,1063,401,938.232903,53.387366,2.212114,True
3425,1773650530.551980,1773651219.667052,905,115,170.476117,33.832118,1.198632,True
3426,1773650530.552009,1773651360.242812,1087,412,450.653438,43.214459,0.991336,True
3427,1773650530.552042,1773651201.703178,995,83,133.449279,26.137992,1.308674,True
3428,1773650530.552071,1773651241.994612,407,129,213.781006,53.685396,1.250747,True
3429,1773650530.552100,1773651337.422145,1081,390,402.749729,18.859040,0.986866,True
3430,1773650530.552129,1773651392.834798,1081,471,512.748062,52.328219,0.979617,True
3431,1773650530.552161,1773651235.352870,1317,155,197.410283,23.820288,1.127208,True
3432,1773650530.552190,1773651590.748367,1000,386,907.765034,50.661804,2.226242,True
3433,1773650530.552219,1773651366.239686,955,425,458.436470,41.109687,0.984261,True
3434,1773650530.552248,1773651664.681647,986,604,1055.084470,39.493965,1.684230,True
3435,1773650530.552282,1773651602.720367,1062,400,931.137538,42.825144,2.226347,True
3436,1773650530.552314,1773651603.656548,1026,402,932.736386,50.238557,2.200743,True
3437,1773650530.552343,1773651356.664054,124,198,438.496691,36.888853,2.038618,True
3438,1773650530.552375,1773651258.132076,200,192,241.410503,40.704349,1.050818,True
3439,1773650530.552404,1773651539.865736,1054,396,803.418317,26.988665,1.965645,True
3440,1773650530.552435,1773651295.142908,203,151,313.962545,62.612646,1.675666,True
3441,1773650530.552464,1773651224.239508,1901,53,171.897777,36.771986,2.598573,True
3442,1773650530.552493,1773651223.295717,388,91,169.906629,47.796177,1.356783,True
3443,1773650530.552521,1773651363.808791,970,401,450.453554,47.556742,1.007242,True
3444,1773650530.552549,1773651343.897386,1065,397,410.506753,21.823951,0.981522,True
3445,1773650530.552581,1773651202.914340,457,81,128.413849,24.194008,1.302748,True
3446,1773650530.552612,1773651605.885993,1133,405,934.128471,45.581910,2.199373,True
3447,1773650530.552640,1773651600.232987,997,394,922.530185,51.991380,2.215111,True
3448,1773650530.552669,1773651327.849685,1316,152,377.463704,35.191891,2.266701,True
3449,1773650530.552698,1773651276.524286,127,202,274.390152,48.401913,1.124320,True
3450,1773650530.552726,1773651602.720526,1071,397,925.661977,44.514481,2.225120,True
3451,1773650530.552754,1773651603.255273,1003,396,926.065653,57.516874,2.198858,True
3452,1773650530.552782,1773651596.234475,1172,391,911.752795,46.333897,2.219023,True
3453,1773650530.552811,1773651220.101216,370,77,159.297140,48.336375,1.460010,True
3454,1773650530.552840,1773651621.902282,1120,447,962.835087,46.206566,2.055221,True
3455,1773650530.552869,1773651320.291091,391,140,359.591515,46.195846,2.254645,True
3456,1773650530.552901,1773651603.387963,1046,405,925.762147,33.798300,2.207831,True
3457,1773650530.552930,1773651581.381394,1051,400,881.450851,62.352549,2.052878,True
3458,1773650530.552979,1773651220.651773,387,84,159.931151,47.045437,1.360069,True
3459,1773650530.553009,1773651370.924376,1024,408,460.330282,49.026541,1.010574,True
3460,1773650530.553039,1773651310.991538,206,212,340.399434,34.271561,1.450843,True
3461,1773650530.553067,1773651229.685171,1313,138,175.324758,21.237792,1.124722,True
3462,1773650530.553097,1773651252.241441,203,181,220.289626,24.424193,1.088141,True
3463,1773650530.553126,1773651264.731682,1323,210,245.249156,24.128488,1.057994,True
3464,1773650530.553154,1773651603.656540,992,397,922.101453,55.132383,2.189316,True
3465,1773650530.553183,1773651590.335140,961,429,895.042380,63.359507,1.943184,True
3466,1773650530.553212,1773651240.841046,181,129,196.032064,44.906397,1.180669,True
3467,1773650530.553241,1773651287.349727,397,90,288.923124,47.152269,2.716526,True
3468,1773650530.553270,1773651232.810629,411,107,179.606925,46.778699,1.253096,True
3469,1773650530.553299,1773651253.211251,1464,68,220.175062,67.893146,2.272864,True
3470,1773650530.553329,1773651269.614419,447,79,252.460899,30.922361,2.840238,True
3471,1773650530.553373,1773651272.664386,23,134,258.492572,31.644297,1.705626,True
3472,1773650530.553414,1773651573.237184,1103,390,859.362405,67.461194,2.035736,True
3473,1773650530.553442,1773651266.403733,2010,115,245.676602,42.939015,1.778400,True
3474,1773650530.553475,1773651218.873062,326,18,149.055755,48.624462,5.907723,True
3475,1773650530.553504,1773651352.174650,1077,400,415.576240,21.848812,0.986786,True
3476,1773650530.553533,1773651613.987010,1031,430,938.718977,34.390019,2.107993,True
3477,1773650530.553562,1773651268.776987,206,217,246.612621,20.765897,1.045587,True
3478,1773650530.553594,1773651262.351823,403,107,233.490691,40.897135,1.816920,True
3479,1773650530.553623,1773651196.884686,378,57,102.345519,20.523923,1.461100,True
3480,1773650530.553653,1773651257.430847,383,78,223.370898,65.271466,2.053239,True
3481,1773650530.553681,1773651565.867340,1076,396,840.225650,40.749507,2.023990,True
3482,1773650530.553710,1773651585.372535,1066,383,879.088658,33.188694,2.214398,True
3483,1773650530.553738,1773651312.238632,1015,122,332.521994,46.992812,2.359745,True
3484,1773650530.553766,1773651599.266269,1089,391,906.556844,46.982114,2.204038,True
3485,1773650530.553795,1773651350.128310,1037,396,408.198265,23.475092,0.973983,True
3486,1773650530.553824,1773651217.367362,388,98,142.653868,23.463781,1.228764,True
3487,1773650530.553853,1773651605.502315,1047,400,918.815812,49.882479,2.177778,True
3488,1773650530.553882,1773651574.929771,1064,364,857.647228,56.933326,2.205823,True
3489,1773650530.553916,1773651599.547415,1093,397,906.847015,32.902144,2.206931,True
3490,1773650530.553964,1773651220.286602,398,104,144.760431,21.597590,1.195756,True
3491,1773650530.553994,1773651587.205656,1072,444,878.274296,38.436121,1.895797,True
3492,1773650530.554023,1773651215.610659,242,14,134.807574,47.770140,6.695187,True
3493,1773650530.554052,1773651616.479452,1132,437,936.522919,30.800089,2.077346,True
3494,1773650530.554081,1773651278.864533,397,114,261.271220,62.786813,1.756499,True
3495,1773650530.554110,1773651198.295973,120,12,100.111047,38.264140,5.622446,True
3496,1773650530.554139,1773651623.848809,982,445,951.005639,57.288258,2.012877,True
3497,1773650530.554167,1773651288.772660,389,89,280.832351,47.620195,2.650138,True
3498,1773650530.554196,1773651292.212098,406,96,287.481531,57.162337,2.424413,True
3499,1773650530.554229,1773651599.547505,1004,396,902.114758,32.007793,2.202802,True
3500,1773650530.554258,1773651367.128492,1094,436,437.105127,20.928387,0.956728,True
3501,1773650530.554287,1773651216.186023,383,67,134.195402,40.696695,1.416647,True
3502,1773650530.554319,1773651351.995657,1085,397,405.212821,21.938996,0.967863,True
3503,1773650530.554348,1773651245.639499,1317,144,192.228374,38.205771,1.077081,True
3504,1773650530.554461,1773651358.054674,1101,411,414.620246,20.584111,0.961064,True
3505,1773650530.554492,1773651362.335239,1111,375,423.072948,43.197718,1.015709,True
3506,1773650530.554526,1773651248.293804,200,167,193.782779,19.927115,1.047323,True
3507,1773650530.554556,1773651351.426620,990,397,399.927007,16.242416,0.968900,True
3508,1773650530.554591,1773651258.935143,413,57,214.921729,54.159179,2.870760,True
3509,1773650530.554621,1773651322.839924,1315,141,342.642020,58.349195,2.030663,True
3510,1773650530.554650,1773651244.464104,884,123,185.871858,42.468360,1.175439,True
3511,1773650530.554679,1773651603.925851,1056,396,904.418277,44.261104,2.177613,True
3512,1773650530.554708,1773651604.842999,1029,393,906.234835,58.141500,2.163503,True
3513,1773650530.554737,1773651630.429985,1064,476,957.386758,30.978958,1.950332,True
3514,1773650530.554766,1773651579.295130,949,393,854.778420,59.110810,2.029764,True
3515,1773650530.554796,1773651581.381384,1048,389,858.356740,63.280333,2.049166,True
3516,1773650530.554825,1773651222.088251,1851,42,139.497772,34.168515,2.569006,True
3517,1773650530.554857,1773651616.604265,1087,429,927.988675,43.368375,2.066870,True
3518,1773650530.554886,1773651602.982720,1170,400,900.729088,30.096416,2.182037,True
3519,1773650530.554921,1773651250.957105,982,47,196.423826,57.122077,3.028299,True
3520,1773650530.554968,1773651330.817662,1595,150,356.122582,46.411200,2.078600,True
3521,1773650530.554997,1773651364.531149,1186,421,423.506614,14.928540,0.972805,True
3522,1773650530.555027,1773651276.726355,1992,76,247.689048,56.991359,2.542636,True
3523,1773650530.555056,1773651251.523278,1677,56,197.270854,36.604061,2.921214,True
3524,1773650530.555089,1773651370.924644,1058,394,436.052450,43.053754,0.999997,True
3525,1773650530.555119,1773651295.036847,209,217,284.255475,43.042309,1.116728,True
3526,1773650530.555151,1773651217.059732,397,88,128.052112,24.042394,1.195514,True
3527,1773650530.555180,1773651253.353250,399,86,199.298614,35.437526,1.927778,True
3528,1773650530.555209,1773651552.099083,1153,375,796.769074,39.243339,2.025470,True
3529,1773650530.555239,1773651599.717003,982,487,890.849411,38.663466,1.753469,True
3530,1773650530.555268,1773651216.377724,398,91,123.839061,16.870295,1.188542,True
3531,1773650530.555300,1773651226.873439,402,110,144.558457,22.482233,1.119965,True
3532,1773650530.555330,1773651217.946071,387,78,126.619307,33.094500,1.214608,True
3533,1773650530.555358,1773651219.272679,392,90,129.250953,24.185254,1.180513,True
3534,1773650530.555387,1773651604.717851,1043,393,899.702175,48.847959,2.170546,True
3535,1773650530.555420,1773651275.053121,387,72,240.351483,48.837552,2.697379,True
3536,1773650530.555449,1773651612.414222,1044,408,915.050269,59.194549,2.102840,True
3537,1773650530.555478,1773651605.369768,1049,403,900.710210,34.477247,2.154808,True
3538,1773650530.555509,1773651295.783226,393,101,281.514845,34.466731,2.470481,True
3539,1773650530.555539,1773651254.043314,378,52,197.808767,49.797914,2.902174,True
3540,1773650530.555571,1773651582.310840,1030,360,854.320381,60.948918,2.209948,True
3541,1773650530.555600,1773651319.759236,441,134,329.198059,34.331025,2.217045,True
3542,1773650530.555629,1773651257.559268,415,93,203.003361,36.899974,1.805472,True
3543,1773650530.555658,1773651253.907209,393,83,195.680215,38.423229,1.917768,True
3544,1773650530.555690,1773651313.252970,394,175,314.348710,63.139813,1.443729,True
3545,1773650530.555719,1773651579.144630,1115,398,845.907330,49.496202,2.006073,True
3546,1773650530.555747,1773651360.060477,968,396,407.306861,22.426256,0.974381,True
3547,1773650530.555776,1773651203.897044,373,48,93.269752,24.918519,1.454282,True
3548,1773650530.555805,1773651222.616450,414,90,130.689057,24.907986,1.188551,True
3549,1773650530.555834,1773651627.249301,1084,453,937.520862,48.320292,1.967258,True
3550,1773650530.555863,1773651356.594871,1183,408,395.985359,13.828094,0.938961,True
3551,1773650530.555892,1773651602.846248,1100,379,888.422196,60.786539,2.189512,True
3552,1773650530.555921,1773651609.754406,978,414,901.967010,30.720889,2.109555,True
3553,1773650530.555973,1773651219.791476,409,98,120.904433,13.091643,1.111472,True
3554,1773650530.556003,1773651362.396347,1041,396,405.885965,28.277485,0.955971,True
3555,1773650530.556032,1773651214.429808,392,86,109.677359,12.840153,1.139261,True
3556,1773650530.556061,1773651360.168294,125,211,399.590781,45.314137,1.687032,True
3557,1773650530.556094,1773651594.101887,1110,429,867.437604,58.834216,1.889260,True
3558,1773650530.556123,1773651582.852707,1060,408,844.706445,45.187562,1.964420,True
3559,1773650530.556160,1773651245.456349,401,145,169.582000,21.515362,1.028241,True
3560,1773650530.556190,1773651244.397755,1352,155,166.413997,12.031125,1.002486,True
3561,1773650530.556219,1773651619.902395,1074,429,917.376802,51.185029,2.023813,True
3562,1773650530.556248,1773651382.199312,1055,397,441.887554,46.359493,0.998808,True
3563,1773650530.556277,1773651373.902257,459,225,424.801621,27.989462,1.771483,True
3564,1773650530.556306,1773651251.819207,396,104,180.155837,45.873265,1.303714,True
3565,1773650530.556335,1773651232.810644,370,63,141.639291,45.624040,1.548633,True
3566,1773650530.556364,1773651208.498381,371,71,92.643328,11.535321,1.158686,True
3567,1773650530.556398,1773651623.848658,997,429,922.891534,61.112707,2.013502,True
3568,1773650530.556427,1773651403.504037,1077,520,481.682981,13.856548,0.901400,True
3569,1773650530.556457,1773651616.604416,992,420,907.834694,49.713790,2.048021,True
3570,1773650530.556486,1773651620.908790,1095,429,916.426532,52.481309,2.018564,True
3571,1773650530.556515,1773651383.110835,1096,445,440.767095,19.452726,0.948906,True
3572,1773650530.556544,1773651259.900174,1916,61,193.077105,29.025629,2.734191,True
3573,1773650530.556587,1773651259.498271,1482,69,192.064229,57.606191,1.977324,True
3574,1773650530.556626,1773651307.284393,407,175,287.326416,48.328306,1.373552,True
3575,1773650530.556655,1773651256.459187,373,71,184.876975,47.930316,1.956381,True
3576,1773650530.556684,1773651238.983413,109,120,149.220163,25.899663,1.036307,True
3577,1773650530.556713,1773651614.115661,1063,407,899.102580,53.869313,2.081855,True
3578,1773650530.556742,1773651307.602252,374,99,285.784557,58.805910,2.316109,True
3579,1773650530.556772,1773651610.506342,991,414,891.316580,27.539932,2.091469,True
3580,1773650530.556804,1773651220.711160,395,87,111.336301,17.137552,1.095334,True
3581,1773650530.556834,1773651217.302558,1230,76,104.497771,18.836770,1.142147,True
3582,1773650530.556867,1773651215.309178,366,65,100.157869,25.043510,1.173662,True
3583,1773650530.556896,1773651612.414697,1061,396,893.720896,60.377055,2.109731,True
3584,1773650530.556926,1773651294.729109,384,83,258.317982,60.366447,2.414043,True
3585,1773650530.556979,1773651321.905571,407,125,312.122133,52.590223,2.092999,True
3586,1773650530.557008,1773651218.067310,379,91,103.498774,10.201451,1.036637,True
3587,1773650530.557042,1773651432.472385,1036,509,532.201371,43.557421,0.961898,True
3588,1773650530.557071,1773651595.323777,1072,429,857.695482,57.601642,1.869378,True
3589,1773650530.557100,1773651607.664355,1147,405,882.305923,30.017447,2.109625,True
3590,1773650530.557129,1773651657.626526,1046,564,982.207029,33.172970,1.685673,True
3591,1773650530.557159,1773651581.830008,1081,402,830.425318,45.333029,1.957836,True
3592,1773650530.557195,1773651366.301808,1085,396,398.794896,18.806849,0.961995,True
3593,1773650530.557225,1773651235.473290,398,111,136.780776,23.190655,1.032637,True
3594,1773650530.557254,1773651274.811152,420,99,213.756118,45.397250,1.717948,True
3595,1773650530.557283,1773651596.525981,1043,429,856.915727,62.626639,1.855816,True
3596,1773650530.557312,1773651595.692221,1064,440,855.226548,49.977454,1.834280,True
3597,1773650530.557341,1773651216.627254,383,86,96.457070,8.120373,1.039255,True
3598,1773650530.557384,1773651200.314885,1775,52,63.808591,8.109348,1.092142,True
3599,1773650530.557414,1773651302.984606,422,92,267.628412,56.759552,2.317240,True
3600,1773650530.557443,1773651312.881343,188,167,287.029526,51.828703,1.416872,True
3601,1773650530.557475,1773651614.479116,1042,407,890.036376,50.438939,2.067974,True
3602,1773650530.557505,1773651297.473065,395,86,255.740192,56.327086,2.346037,True
3603,1773650530.557534,1773651240.226552,1874,51,140.806712,48.808718,1.839960,True
3604,1773650530.557564,1773651605.111096,1050,375,870.460141,56.580229,2.176149,True
3605,1773650530.557594,1773651589.369310,1047,411,838.848911,53.570075,1.915314,True
3606,1773650530.557622,1773651237.414671,401,131,134.221425,7.087543,0.977953,True
3607,1773650530.557655,1773651348.349739,1106,380,356.068955,8.636760,0.916708,True
3608,1773650530.557686,1773651471.857449,1041,569,602.969283,49.226935,0.974898,True
3609,1773650530.557715,1773651272.265918,394,75,203.772641,60.315662,1.938608,True
3610,1773650530.557750,1773651281.133926,386,99,221.216823,52.986914,1.716632,True
3611,1773650530.557780,1773651605.370040,1077,396,869.666471,31.981439,2.120722,True
3612,1773650530.557809,1773651588.778454,1082,373,836.463156,31.970332,2.162615,True
3613,1773650530.557839,1773651620.459689,1057,436,898.983356,31.550348,1.994099,True
3614,1773650530.557868,1773651607.291186,1119,399,872.623624,33.869405,2.107423,True
3615,1773650530.557905,1773651340.668474,206,152,339.356660,35.434270,2.012731,True
3616,1773650530.557953,1773651376.482970,200,217,410.478523,54.692785,1.647156,True
3617,1773650530.557986,1773651197.902607,1583,24,52.400899,9.626557,1.859754,True
3618,1773650530.558016,1773651370.414481,1127,394,397.402362,24.728077,0.948281,True
3619,1773650530.558046,1773651268.944743,379,71,192.769076,58.134748,1.923348,True
3620,1773650530.558076,1773651238.362128,392,93,131.329232,23.743976,1.169405,True
3621,1773650530.558106,1773651668.124375,1040,956,990.833263,54.137912,0.980833,True
3622,1773650530.558135,1773651262.004829,402,143,177.047685,24.841736,1.071873,True
3623,1773650530.558165,1773651276.649094,178,169,204.990129,24.168943,1.076317,True
3624,1773650530.558194,1773651311.602421,1313,186,274.772110,48.201952,1.224704,True
3625,1773650530.558229,1773651639.677986,1047,463,929.557616,61.387454,1.879156,True
3626,1773650530.558259,1773651251.238266,91,16,152.657592,61.376821,6.085385,True
3627,1773650530.558287,1773651353.716991,1101,373,357.427374,16.264546,0.917104,True
3628,1773650530.558316,1773651311.160797,387,100,272.221421,52.693756,2.217451,True
3629,1773650530.558345,1773651274.308516,374,66,198.494152,31.363145,2.571246,True
3630,1773650530.558374,1773651665.155409,1102,560,980.166342,61.214311,1.643921,True
3631,1773650530.558403,1773651227.758682,372,68,105.249073,23.188222,1.224789,True
3632,1773650530.558431,1773651380.194448,1120,416,410.098172,24.564508,0.928997,True
3633,1773650530.558460,1773651362.271051,203,193,374.164863,31.235916,1.786088,True
3634,1773650530.558489,1773651294.459073,1146,88,238.521418,36.745100,2.319268,True
3635,1773650530.558517,1773651243.404060,181,131,136.305053,11.180588,0.962496,True
3636,1773650530.558546,1773651226.812307,402,93,102.994083,15.953229,0.946096,True
3637,1773650530.558575,1773651380.135164,1025,431,409.617967,13.054082,0.922242,True
3638,1773650530.558607,1773651295.783233,386,89,240.489799,36.407061,2.319122,True
3639,1773650530.558636,1773651376.221406,203,217,401.346941,36.396417,1.689586,True
3640,1773650530.558665,1773651612.781114,1104,396,874.443906,52.185789,2.081666,True
3641,1773650530.558693,1773651303.932523,401,99,256.726887,36.374912,2.248490,True
3642,1773650530.558725,1773651594.229545,982,428,835.400014,50.317348,1.838601,True
3643,1773650530.558830,1773651588.689369,1049,384,823.429707,53.720142,2.009686,True
3644,1773650530.558864,1773651258.302474,441,59,162.362455,49.725914,1.942009,True
3645,1773650530.558895,1773651257.069455,434,132,159.836038,22.558598,1.047919,True
3646,1773650530.558924,1773651226.812016,386,93,99.072239,13.992546,0.924779,True
3647,1773650530.558970,1773651386.316515,1057,429,416.214566,22.557056,0.919761,True
3648,1773650530.559000,1773651243.652067,412,131,130.756043,10.106155,0.928076,True
3649,1773650530.559029,1773651598.188737,990,388,839.270988,76.744416,1.970353,True
3650,1773650530.559058,1773651272.664378,1935,78,187.934347,52.962177,1.752885,True
3651,1773650530.559087,1773651311.363724,380,111,265.309139,77.592612,1.706514,True
3652,1773650530.559116,1773651593.979118,1099,414,830.272235,56.618664,1.873253,True
3653,1773650530.559145,1773651353.048660,53,148,347.727176,57.101249,1.977047,True
3654,1773650530.559175,1773651290.272539,1163,82,221.610538,34.106565,2.314864,True
3655,1773650530.559204,1773651608.998425,1015,396,859.037105,37.094421,2.080868,True
3656,1773650530.559234,1773651393.476790,1087,438,427.541383,23.747191,0.924014,True
3657,1773650530.559263,1773651257.368926,814,160,154.952615,9.401413,0.915416,True
3658,1773650530.559292,1773651310.753464,392,96,261.223831,49.498903,2.228683,True
3659,1773650530.559321,1773651593.735186,1061,396,827.061572,62.376936,1.935910,True
3660,1773650530.559355,1773651596.408760,949,407,832.387396,62.366538,1.896603,True
3661,1773650530.559385,1773651309.725610,403,105,259.000621,77.642438,1.743829,True
3662,1773650530.559418,1773651598.781444,1192,415,837.091154,65.606942,1.863488,True
3663,1773650530.559452,1773651402.251069,1000,414,443.988126,42.160837,0.972947,True
3664,1773650530.559482,1773651398.404590,194,152,436.145435,78.886690,2.365952,True
3665,1773650530.559512,1773651371.101104,181,167,381.516280,65.500760,1.903708,True
3666,1773650530.559543,1773651619.902386,988,398,878.496246,57.637902,2.067653,True
3667,1773650530.559573,1773651241.933959,398,86,122.497556,22.767908,1.173290,True
3668,1773650530.559602,1773651376.355269,1061,416,390.966708,10.530254,0.916714,True
3669,1773650530.559631,1773651255.508688,197,152,149.250848,10.518692,0.918756,True
3670,1773650530.559663,1773651278.570233,384,65,194.800285,35.401228,2.490610,True
3671,1773650530.559692,1773651609.754257,1086,397,857.142366,36.903886,2.071309,True
3672,1773650530.559724,1773651288.632341,401,74,214.877541,36.893261,2.438141,True
3673,1773650530.559753,1773651202.848717,331,18,42.765196,15.672998,1.593659,True
3674,1773650530.559782,1773651403.566388,991,406,441.508104,43.929835,0.981675,True
3675,1773650530.559811,1773651279.653133,392,98,193.660091,47.621901,1.505548,True
3676,1773650530.559843,1773651318.682331,385,93,271.593233,55.405513,2.349867,True
3677,1773650530.559872,1773651280.215075,374,42,194.624387,55.394825,3.395843,True
3678,1773650530.559901,1773651369.829901,924,394,373.777998,9.881006,0.925947,True
3679,1773650530.559947,1773651301.729021,401,86,237.399432,46.611860,2.244560,True
3680,1773650530.559978,1773651273.939158,394,173,178.965881,13.314397,0.963090,True
3681,1773650530.560007,1773651353.456181,1310,145,337.478988,56.226472,1.953142,True
3682,1773650530.560036,1773651607.156402,972,378,844.605342,46.124830,2.117985,True
3683,1773650530.560065,1773651619.673958,1044,398,869.619489,56.976335,2.046960,True
3684,1773650530.560094,1773651295.783054,379,83,221.578234,34.545395,2.280888,True
3685,1773650530.560123,1773651305.373146,1239,90,240.737605,38.976547,2.266978,True
3686,1773650530.560152,1773651305.372982,389,90,240.714768,38.965429,2.266847,True
3687,1773650530.560180,1773651655.820273,1070,520,941.590922,56.815461,1.704770,True
3688,1773650530.560212,1773651615.063953,1072,395,859.890128,46.278440,2.065004,True
3689,1773650530.560241,1773651628.508051,1058,422,886.757779,55.814878,1.973736,True
3690,1773650530.560270,1773651621.017211,1054,402,871.756805,56.702471,2.032554,True
3691,1773650530.560299,1773651375.429118,203,194,380.556452,46.246795,1.732174,True
3692,1773650530.560328,1773651381.063347,1008,415,391.595490,12.066772,0.916736,True
3693,1773650530.560360,1773651455.109630,1163,520,539.340544,37.111723,0.967686,True
3694,1773650530.560390,1773651234.580769,1060,74,96.734741,15.943361,1.106731,True
3695,1773650530.560419,1773651260.648797,1287,81,148.492429,38.747371,1.371813,True
3696,1773650530.560448,1773651500.328533,1089,608,627.831596,40.851419,0.967018,True
3697,1773650530.560480,1773651414.061468,1120,429,455.274259,41.744495,0.966191,True
3698,1773650530.560509,1773651281.786615,1165,37,188.323759,74.579719,3.159557,True
3699,1773650530.560538,1773651323.055236,392,138,270.570266,58.074339,1.551065,True
3700,1773650530.560569,1773651311.720975,1314,236,247.821169,16.620144,0.983834,True
3701,1773650530.560599,1773651343.260895,1317,231,310.647666,46.511379,1.148419,True
3702,1773650530.560627,1773651239.977965,91,16,104.058927,46.499973,3.837264,True
3703,1773650530.560656,1773651273.395065,1259,81,170.872796,46.489408,1.554792,True
3704,1773650530.560684,1773651248.293813,382,103,119.681892,15.000825,1.026285,True
3705,1773650530.560713,1773651408.233849,1135,455,438.617596,17.201975,0.928228,True
3706,1773650530.560745,1773651421.355884,1053,427,464.589258,45.387529,0.984042,True
3707,1773650530.560773,1773651634.164182,1111,438,889.010263,55.278089,1.907854,True
3708,1773650530.560805,1773651292.280142,1123,87,205.110157,60.593196,1.680430,True
3709,1773650530.560835,1773651401.462093,1119,399,423.184054,39.684902,0.963566,True
3710,1773650530.560867,1773651432.303358,1314,176,484.844797,72.322942,2.357268,True
3711,1773650530.560901,1773651299.473037,382,79,219.160859,72.312353,1.882673,True
3712,1773650530.560950,1773651616.479601,1112,397,853.067565,43.151168,2.045243,True
3713,1773650530.560982,1773651297.779416,402,98,215.513635,60.296139,1.600180,True
3714,1773650530.561011,1773651602.709431,1027,429,825.085048,60.150988,1.787229,True
3715,1773650530.561043,1773651620.683166,1023,378,860.944412,72.052910,2.092550,True
3716,1773650530.561072,1773651374.300428,200,181,368.159295,51.699531,1.758110,True
3717,1773650530.561101,1773651359.192325,203,152,337.688782,54.590577,1.874823,True
3718,1773650530.561130,1773651620.574423,1135,395,860.434890,56.898766,2.039432,True
3719,1773650530.561159,1773651610.263710,1110,429,839.598113,73.347634,1.790305,True
3720,1773650530.561188,1773651616.250740,1094,383,851.531899,56.770963,2.080526,True
3721,1773650530.561217,1773651639.777298,1074,429,898.563548,78.951126,1.914982,True
3722,1773650530.561247,1773651631.040075,1169,429,881.064650,54.126902,1.932098,True
3723,1773650530.561276,1773651311.418101,194,177,241.759199,39.016835,1.151945,True
3724,1773650530.561308,1773651594.963040,1104,396,808.743264,59.727021,1.896244,True
3725,1773650530.561337,1773651396.110277,1095,429,411.018440,17.498665,0.919439,True
3726,1773650530.561375,1773651269.836319,393,76,156.599062,42.911319,1.515837,True
3727,1773650530.561406,1773651407.767666,1070,393,431.466722,44.447214,0.987295,True
3728,1773650530.561441,1773651388.360440,1126,407,391.884095,15.681732,0.926607,True
3729,1773650530.561474,1773651278.953548,393,86,171.473590,43.264061,1.508347,True
3730,1773650530.561503,1773651297.341519,1455,43,208.113017,64.114181,3.428544,True
3731,1773650530.561532,1773651268.913602,243,14,150.972847,63.978780,6.691851,True
3732,1773650530.561560,1773651322.303283,402,83,257.744950,63.967604,2.363138,True
3733,1773650530.561591,1773651341.336042,1522,85,295.788903,87.754342,2.476602,True
3734,1773650530.561620,1773651619.446769,1072,394,851.753305,51.063947,2.037378,True
3735,1773650530.561649,1773651688.292687,1110,658,989.168306,50.925738,1.428071,True
3736,1773650530.561677,1773651613.250154,997,440,838.356829,71.650132,1.746485,True
3737,1773650530.561706,1773651293.440502,181,200,198.464546,10.269337,0.945705,True
3738,1773650530.561735,1773651611.343254,1089,424,834.250627,75.874343,1.792852,True
3739,1773650530.561764,1773651347.525542,181,133,306.594252,60.338886,1.865571,True
3740,1773650530.561793,1773651245.211094,395,90,99.825134,13.713322,0.967548,True
3741,1773650530.561822,1773651417.035878,1119,405,443.222545,45.343690,0.984849,True
3742,1773650530.561853,1773651231.617571,1852,62,72.013713,10.093543,1.015085,True
3743,1773650530.561885,1773651405.159738,209,179,418.034574,85.059099,1.870649,True
3744,1773650530.561948,1773651694.183598,1081,676,994.972907,65.334537,1.377242,True
3745,1773650530.561988,1773651313.253131,1479,75,233.006606,83.715448,2.017448,True
3746,1773650530.562017,1773651418.444685,1092,419,443.226012,40.203257,0.964169,True
3747,1773650530.562047,1773651391.530082,1029,415,389.288584,12.125625,0.911022,True
3748,1773650530.562076,1773651420.093331,1074,394,445.113214,48.552326,1.009061,True
3749,1773650530.562106,1773651391.591997,1066,426,387.362086,10.331743,0.887130,True
3750,1773650530.562139,1773651425.273177,1054,399,454.458290,49.817681,1.016685,True
3751,1773650530.562171,1773651390.201790,206,188,384.298559,63.985361,1.712905,True
3752,1773650530.562201,1773651499.234846,181,248,601.853889,56.260033,2.208882,True
3753,1773650530.562230,1773651320.968182,1239,90,245.253859,47.966532,2.216712,True
3754,1773650530.562259,1773651431.003458,1009,394,464.591142,55.947007,1.039807,True
3755,1773650530.562289,1773651240.965233,382,74,83.758379,9.157149,1.021935,True
3756,1773650530.562318,1773651402.126213,1009,429,405.705376,12.928947,0.917702,True
3757,1773650530.562347,1773651468.739481,206,181,538.795182,81.124159,2.542617,True
3758,1773650530.562376,1773651645.402060,1044,422,892.100913,92.130513,1.900167,True
3759,1773650530.562406,1773651390.135827,924,105,381.007432,85.386503,2.842509,True
3760,1773650530.562444,1773651381.369427,374,70,363.451738,85.375811,4.030086,True
3761,1773650530.562478,1773651304.346334,1381,82,209.157491,68.229772,1.739848,True
3762,1773650530.562506,1773651401.399673,1140,366,403.221766,42.795642,0.987469,True
3763,1773650530.562538,1773651386.316761,1111,410,371.997903,10.297867,0.884352,True
3764,1773650530.562567,1773651348.530294,869,85,296.285374,91.096313,2.442727,True
3765,1773650530.562597,1773651627.138293,1019,414,853.482845,48.366461,1.949434,True
3766,1773650530.562625,1773651359.722129,399,106,318.278487,92.069116,2.154375,True
3767,1773650530.562654,1773651630.429976,1087,418,859.670451,52.445575,1.935791,True
3768,1773650530.562683,1773651400.531752,1079,405,398.139970,19.703143,0.936725,True
3769,1773650530.562715,1773651605.968972,1061,401,808.590586,69.918480,1.846680,True
3770,1773650530.562744,1773651247.468256,1005,53,91.507112,23.988682,1.298431,True
3771,1773650530.562775,1773651620.825522,1077,393,838.033822,86.414774,1.917396,True
3772,1773650530.562804,1773651302.967809,1540,72,202.296405,72.453559,1.828772,True
3773,1773650530.562833,1773651632.356806,1012,414,859.335647,59.343211,1.937028,True
3774,1773650530.562862,1773651380.882298,1011,396,356.304270,7.884833,0.882075,True
3775,1773650530.562890,1773651421.414104,1111,373,437.117154,53.041853,1.032460,True
3776,1773650530.562918,1773651325.624874,161,217,245.409876,22.783575,1.030677,True
3777,1773650530.562963,1773651607.527651,1077,396,808.693187,74.336978,1.859130,True
3778,1773650530.562998,1773651632.412126,1099,434,858.440115,114.195728,1.718809,True
3779,1773650530.563027,1773651609.936188,1048,396,813.237745,79.571508,1.857383,True
3780,1773650530.563056,1773651459.881840,1101,453,512.574134,53.097967,1.016540,True
3781,1773650530.563084,1773651395.211892,1040,429,382.606928,7.657834,0.876049,True
3782,1773650530.563195,1773651234.580778,333,18,61.238780,22.570516,2.274604,True
3783,1773650530.563227,1773651632.250654,1089,424,856.445798,49.012208,1.908826,True
3784,1773650530.563257,1773651619.564360,1051,375,831.051693,57.993135,2.067001,True
3785,1773650530.563287,1773651649.363686,1135,429,890.396170,94.310833,1.860012,True
3786,1773650530.563317,1773651402.336192,1314,204,396.067711,52.610265,1.691909,True
3787,1773650530.563350,1773651405.280349,1088,402,401.213742,21.858272,0.946024,True
3788,1773650530.563379,1773651367.128518,1316,353,324.280937,7.830910,0.899006,True
3789,1773650530.563409,1773651403.691735,1042,398,397.032504,23.372237,0.941210,True
3790,1773650530.563438,1773651407.767513,1020,375,403.947819,37.480884,0.979858,True
3791,1773650530.563467,1773651345.683038,181,112,279.759412,51.108597,2.059917,True
3792,1773650530.563496,1773651395.133200,209,194,378.637105,56.217163,1.670570,True
3793,1773650530.563525,1773651658.535137,1139,463,905.194033,94.554880,1.754630,True
3794,1773650530.563555,1773651460.218241,24,181,508.291791,94.421310,2.299280,True
3795,1773650530.563583,1773651360.514403,858,100,308.860624,94.410184,2.166166,True
3796,1773650530.563618,1773651353.181099,388,81,294.173873,96.467064,2.471335,True
3797,1773650530.563647,1773651645.136034,1042,407,878.062634,97.667523,1.922155,True
3798,1773650530.563675,1773651623.960524,1035,395,835.687429,50.796480,1.992109,True
3799,1773650530.563704,1773651631.727079,1027,429,849.871545,113.506086,1.720480,True
3800,1773650530.563732,1773651625.461241,1103,391,837.317599,119.435177,1.840724,True
3801,1773650530.563761,1773651634.402401,1049,440,855.179651,119.424734,1.675979,True
3802,1773650530.563789,1773651610.154820,1043,396,806.663875,77.226714,1.846676,True
3803,1773650530.563817,1773651478.398107,1024,520,542.980617,38.175243,0.972650,True
3804,1773650530.563845,1773651627.993984,1094,404,842.151400,119.318870,1.793629,True
3805,1773650530.563877,1773651614.174803,1065,411,814.492936,79.859536,1.791789,True
3806,1773650530.563906,1773651390.554628,1201,410,367.023360,7.884839,0.878089,True
3807,1773650530.563950,1773651411.056730,1029,411,407.919443,21.451319,0.942605,True
3808,1773650530.563989,1773651451.766022,1036,426,488.167664,52.282971,1.025611,True
3809,1773650530.564020,1773651389.770371,1033,407,362.652808,7.428685,0.874936,True
3810,1773650530.564050,1773651421.243003,1081,419,425.460600,26.531044,0.954377,True
3811,1773650530.564079,1773651285.718046,431,80,152.648386,35.688451,1.480506,True
3812,1773650530.564111,1773651398.022615,1089,418,376.865500,9.488870,0.880999,True
3813,1773650530.564141,1773651624.712675,1126,387,828.526126,54.343457,2.005655,True
3814,1773650530.564176,1773651649.534731,1067,467,877.854785,57.128469,1.761215,True
3815,1773650530.564225,1773651639.296134,997,445,857.356691,46.294192,1.826717,True
3816,1773650530.564257,1773651440.409261,1071,498,458.566797,12.532507,0.897453,True
3817,1773650530.564287,1773651267.325834,752,70,111.114445,23.934454,1.263478,True
3818,1773650530.564317,1773651402.646778,1065,401,380.733125,17.856689,0.907191,True
3819,1773650530.564346,1773651274.308674,317,18,123.177088,44.194431,4.646039,True
3820,1773650530.564375,1773651449.326461,1314,138,472.925696,80.762293,2.862507,True
3821,1773650530.564404,1773651622.349673,1022,420,818.949407,82.123511,1.758534,True
3822,1773650530.564434,1773651431.369844,1041,414,436.947915,36.335780,0.970005,True
3823,1773650530.564464,1773651651.616081,1071,396,877.244530,112.399322,1.936317,True
3824,1773650530.564493,1773651632.749987,1168,429,836.745360,113.467727,1.689901,True
3825,1773650530.564523,1773651634.752097,1119,411,840.729435,57.930868,1.909265,True
3826,1773650530.564552,1773651453.573168,1020,501,478.264867,18.052714,0.920424,True
3827,1773650530.564581,1773651416.977198,1065,429,405.048939,18.041624,0.904223,True
3828,1773650530.564610,1773651518.053371,200,174,607.032688,110.857877,2.868062,True
3829,1773650530.564644,1773651445.111979,1139,414,459.582751,44.645142,1.004692,True
3830,1773650530.564674,1773651662.141475,1087,410,893.578882,112.058789,1.910807,True
3831,1773650530.564704,1773651688.058330,1058,475,945.390970,133.958434,1.711883,True
3832,1773650530.564734,1773651398.022351,1157,384,365.173290,17.880995,0.906768,True
3833,1773650530.564764,1773651322.707903,1820,69,214.433610,56.826867,2.317746,True
3834,1773650530.564793,1773651382.199565,200,179,333.161711,43.023879,1.629988,True
3835,1773650530.564823,1773651423.503791,1021,394,414.626576,34.294073,0.967767,True
3836,1773650530.564854,1773651314.769420,209,177,196.760885,16.927912,1.021778,True
3837,1773650530.564884,1773651338.872238,203,183,244.861957,34.043147,1.158345,True
3838,1773650530.564916,1773651419.072687,1014,427,404.881655,19.197792,0.905361,True
3839,1773650530.564962,1773651621.947668,1047,399,810.587144,89.839745,1.810923,True
3840,1773650530.564993,1773651628.089275,1179,407,822.410514,41.759366,1.922786,True
3841,1773650530.565023,1773651628.754332,1029,406,823.611926,114.833141,1.750071,True
3842,1773650530.565053,1773651626.617579,984,384,819.192040,56.988381,1.990088,True
3843,1773650530.565082,1773651682.794316,984,429,931.525180,165.014310,1.790913,True
3844,1773650530.565112,1773651336.389223,181,217,238.650459,18.639472,1.018569,True
3845,1773650530.565141,1773651630.222503,1072,414,826.271414,114.694578,1.722946,True
3846,1773650530.565174,1773651547.721324,167,158,661.245534,114.683510,3.481287,True
3847,1773650530.565203,1773651625.948990,1044,419,817.680184,89.385231,1.742332,True
3848,1773650530.565232,1773651627.775620,1043,403,821.227729,45.753677,1.929040,True
3849,1773650530.565261,1773651476.982553,1070,551,519.351038,20.555914,0.906900,True
3850,1773650530.565294,1773651457.176245,1029,468,479.609727,26.716403,0.969793,True
3851,1773650530.565322,1773651475.726699,1101,482,515.680579,42.078908,0.984619,True
3852,1773650530.565351,1773651425.201886,1048,396,414.501769,33.614165,0.964272,True
3853,1773650530.565391,1773651269.769377,420,71,103.381744,20.526572,1.183645,True
3854,1773650530.565420,1773651616.006741,197,183,794.806205,163.443113,3.469028,True
3855,1773650530.565449,1773651636.511325,1058,414,835.525950,57.824115,1.883055,True
3856,1773650530.565487,1773651633.259791,1086,403,828.750192,57.687958,1.918065,True
3857,1773650530.565516,1773651620.792914,1002,382,803.796228,44.018946,1.994166,True
3858,1773650530.565545,1773651347.854445,159,204,257.403060,32.411289,1.108334,True
3859,1773650530.565578,1773651434.392469,1053,413,430.226922,27.447434,0.977620,True
3860,1773650530.565607,1773651563.669764,25,176,688.276002,112.250273,3.291576,True
3861,1773650530.565639,1773651621.947760,1230,396,804.811912,89.024086,1.812121,True
3862,1773650530.565668,1773651585.924703,197,217,732.514446,112.113562,2.872226,True
3863,1773650530.565697,1773651447.184242,1052,417,455.012082,42.194426,0.992350,True
3864,1773650530.565730,1773651623.759922,1028,401,808.142301,92.661457,1.788702,True
3865,1773650530.565762,1773651276.996953,372,81,114.388561,19.862647,1.181574,True
3866,1773650530.565794,1773651281.091767,1692,51,121.969119,33.796291,1.763457,True
3867,1773650530.565823,1773651469.645595,1047,535,498.698236,19.368978,0.897620,True
3868,1773650530.565855,1773651432.514168,1177,386,423.714065,41.215308,0.993503,True
3869,1773650530.565884,1773651667.748662,1103,363,894.137493,163.837764,2.017403,True
3870,1773650530.565917,1773651290.959638,398,92,140.474211,26.004110,1.257913,True
3871,1773650530.565964,1773651636.116867,1121,424,829.535380,45.421843,1.853696,True
3872,1773650530.565997,1773651430.209309,1028,382,417.324077,40.325254,0.989498,True
3873,1773650530.566027,1773651437.366108,1139,412,431.528595,33.776902,0.967766,True
3874,1773650530.566057,1773651609.630041,203,165,775.903078,162.839385,3.738193,True
3875,1773650530.566087,1773651614.231429,1313,177,784.262371,162.417814,3.533208,True
3876,1773650530.566116,1773651401.296416,918,40,358.371889,109.670523,6.376958,True
3877,1773650530.566149,1773651390.269597,1592,48,336.079488,94.573853,5.138418,True
3878,1773650530.566178,1773651498.733422,375,65,552.428864,161.998671,6.100472,True
3879,1773650530.566208,1773651706.305221,1089,601,967.550433,164.207641,1.338905,True
3880,1773650530.566241,1773651285.595416,1048,80,125.943178,25.355745,1.273259,True
3881,1773650530.566269,1773651449.749929,181,222,454.165568,45.669699,1.848398,True
3882,1773650530.566298,1773651419.780097,1139,405,393.213385,21.708681,0.919566,True
3883,1773650530.566327,1773651436.241876,1014,391,425.886758,39.599787,0.990479,True
3884,1773650530.566355,1773651515.862586,1353,147,583.239078,92.560988,3.360809,True
3885,1773650530.566384,1773651618.305445,203,183,788.040804,164.539572,3.425831,True
3886,1773650530.566413,1773651327.543641,923,137,206.036538,39.405326,1.225230,True
3887,1773650530.566442,1773651639.394954,1047,420,829.650588,55.214418,1.848296,True
3888,1773650530.566471,1773651328.306472,378,68,207.449378,55.203436,2.272328,True
3889,1773650530.566500,1773651416.236465,1044,391,382.018277,23.894683,0.918266,True
3890,1773650530.566529,1773651487.074572,1023,520,523.566789,25.407020,0.959845,True
3891,1773650530.566558,1773651327.603714,1353,160,203.281798,26.859136,1.109576,True
3892,1773650530.566587,1773651432.472239,1010,397,412.759587,31.970299,0.961589,True
3893,1773650530.566618,1773651738.277022,1126,937,1023.317009,164.886229,0.917127,True
3894,1773650530.566648,1773651736.689958,1126,919,1020.121564,164.875502,0.931641,True
3895,1773650530.566676,1773651441.462445,1088,402,429.292366,37.113758,0.978002,True
3896,1773650530.566705,1773651452.014038,1029,409,450.373734,43.654638,0.996861,True
3897,1773650530.566737,1773651296.145538,398,93,138.531731,25.942021,1.223801,True
3898,1773650530.566769,1773651428.337767,995,414,401.381077,21.474434,0.919871,True
3899,1773650530.566799,1773651479.502732,1204,460,503.688268,48.404113,0.991904,True
3900,1773650530.566828,1773651359.525759,120,12,263.540023,104.025519,14.501318,True
3901,1773650530.566856,1773651585.924712,200,217,716.317108,104.015065,2.834732,True
3902,1773650530.566885,1773651442.751333,999,417,429.948548,26.984357,0.968664,True
3903,1773650530.566917,1773651446.817350,396,91,437.849220,88.912871,3.877071,True
3904,1773650530.566966,1773651563.816306,181,187,671.826828,88.900876,3.134010,True
3905,1773650530.566997,1773651632.917315,1014,428,810.007057,107.204267,1.645908,True
3906,1773650530.567026,1773651638.827598,1023,484,821.578025,91.701907,1.511131,True
3907,1773650530.567056,1773651624.600807,1072,386,791.684595,39.578415,1.953523,True
3908,1773650530.567085,1773651458.572591,1015,416,459.172700,47.076429,0.993003,True
3909,1773650530.567113,1773651681.934507,1019,414,905.803008,165.016651,1.793672,True
3910,1773650530.567142,1773651371.667160,1314,141,284.705595,53.307474,1.652844,True
3911,1773650530.567171,1773651545.234762,1029,663,631.080182,20.161299,0.922838,True
3912,1773650530.567200,1773651651.016274,1044,458,842.130940,55.382902,1.721549,True
3913,1773650530.567229,1773651312.917637,1665,49,165.640504,43.682275,2.540796,True
3914,1773650530.567261,1773651437.366119,995,403,414.310926,30.366982,0.955084,True
3915,1773650530.567291,1773651634.944498,1037,411,809.424034,46.912023,1.859785,True
3916,1773650530.567323,1773651534.080133,1923,74,607.662786,167.278728,6.032658,True
3917,1773650530.567352,1773651476.597426,200,217,492.683690,56.530871,2.019226,True
3918,1773650530.567381,1773651443.746494,1069,419,424.253515,31.056856,0.940662,True
3919,1773650530.567410,1773651387.024326,1315,163,310.066586,53.342300,1.584718,True
3920,1773650530.567439,1773651351.471884,400,94,238.396277,54.512747,1.977242,True
3921,1773650530.567547,1773651450.091814,1115,423,434.675348,27.823011,0.964105,True
3922,1773650530.567582,1773651618.265108,1306,915,770.895339,31.536262,0.808927,True
3923,1773650530.567612,1773651314.334849,903,100,163.010539,33.869533,1.304455,True
3924,1773650530.567642,1773651310.181888,1850,94,154.683606,35.013628,1.286774,True
3925,1773650530.567672,1773651460.978782,1126,447,456.254013,24.992633,0.966954,True
3926,1773650530.567704,1773651438.512118,1040,396,411.129588,33.752024,0.955386,True
3927,1773650530.567733,1773651682.794465,1023,415,898.778801,164.117139,1.774545,True
3928,1773650530.567761,1773651534.843400,203,161,602.830750,86.313471,3.228233,True
3929,1773650530.567791,1773651629.406611,1081,426,790.176783,85.422820,1.658245,True
3930,1773650530.567820,1773651692.768741,1074,645,916.381768,50.756245,1.344139,True
3931,1773650530.567850,1773651494.010809,1038,514,518.843665,27.975061,0.956859,True
3932,1773650530.567883,1773651336.646237,173,158,204.091298,27.963261,1.121835,True
3933,1773650530.567912,1773651483.041409,169,217,496.630825,53.614480,2.051002,True
3934,1773650530.567958,1773651682.150706,1074,411,894.828546,166.089683,1.777412,True
3935,1773650530.567992,1773651642.586572,1144,425,815.428022,53.189798,1.797732,True
3936,1773650530.568021,1773651449.460309,1012,414,428.304273,33.968939,0.954807,True
3937,1773650530.568050,1773651450.852232,1014,411,430.984390,29.934471,0.978171,True
3938,1773650530.568080,1773651573.504581,1143,668,676.055338,43.040940,0.949047,True
3939,1773650530.568109,1773651448.383156,979,413,424.960118,30.795788,0.956710,True
3940,1773650530.568139,1773651309.873787,403,97,147.688951,29.265394,1.233579,True
3941,1773650530.568168,1773651365.172044,1315,189,257.229011,44.973143,1.129021,True
3942,1773650530.568196,1773651634.458616,1012,396,794.611418,51.187630,1.882086,True
3943,1773650530.568225,1773651622.341394,206,186,770.093758,163.532193,3.278711,True
3944,1773650530.568254,1773651447.575603,1079,410,420.303726,32.800235,0.947441,True
3945,1773650530.568287,1773651512.613787,181,125,549.068471,97.038912,3.645400,True
3946,1773650530.568316,1773651493.923431,1312,129,511.395574,83.787333,3.340689,True
3947,1773650530.568344,1773651327.171507,398,125,177.601654,33.591367,1.161373,True
3948,1773650530.568376,1773651609.249297,372,150,741.592505,162.372204,3.887385,True
3949,1773650530.568405,1773651640.805281,1064,409,804.408620,55.560088,1.835413,True
3950,1773650530.568437,1773651645.575927,1054,421,813.652388,59.296985,1.796084,True
3951,1773650530.568465,1773651638.151150,1034,405,798.782840,53.013948,1.845963,True
3952,1773650530.568499,1773651317.138611,181,102,156.547344,33.097036,1.222280,True
3953,1773650530.568528,1773651566.022749,1068,625,654.060417,48.217717,0.970902,True
3954,1773650530.568560,1773651438.699692,1084,389,399.310940,34.272565,0.940821,True
3955,1773650530.568589,1773651292.888219,380,58,107.552917,28.919509,1.379533,True
3956,1773650530.568619,1773651692.667634,1025,468,907.028999,161.672679,1.596052,True
3957,1773650530.568647,1773651354.809821,1801,72,231.035386,71.309130,2.249666,True
3958,1773650530.568676,1773651618.989513,181,176,759.370750,161.522738,3.416274,True
3959,1773650530.568705,1773651398.976200,212,165,319.096181,52.346263,1.626524,True
3960,1773650530.568734,1773651447.248357,404,78,415.166934,95.452967,4.152129,True
3961,1773650530.568763,1773651547.409058,218,167,615.195086,82.201678,3.210804,True
3962,1773650530.568792,1773651302.423073,1389,65,124.870644,31.256777,1.462717,True
3963,1773650530.568824,1773651446.651202,987,399,412.825645,31.006059,0.959346,True
3964,1773650530.568853,1773651629.035394,1000,414,777.571959,94.067470,1.654975,True
3965,1773650530.568885,1773651472.224499,181,107,463.366630,93.775872,3.486705,True
3966,1773650530.568914,1773651576.977828,1314,200,672.851717,93.764737,2.909985,True
3967,1773650530.568962,1773651295.834357,310,18,109.963880,47.383747,3.681184,True
3968,1773650530.568993,1773651430.877682,1120,373,379.822942,32.350728,0.934065,True
3969,1773650530.569022,1773651445.175148,1033,386,408.040652,32.497664,0.975436,True
3970,1773650530.569052,1773651342.041396,1314,150,200.200026,30.658888,1.137860,True
3971,1773650530.569081,1773651283.552834,329,18,83.094267,35.653760,2.790618,True
3972,1773650530.569111,1773651280.838805,91,16,77.644375,30.583508,3.137391,True
3973,1773650530.569140,1773651647.174346,1044,411,810.168483,68.511177,1.808920,True
3974,1773650530.569169,1773651641.560231,1139,412,798.383078,52.985128,1.813620,True
3975,1773650530.569198,1773651642.586576,1064,414,800.411307,54.805680,1.805340,True
3976,1773650530.569227,1773651641.373351,1140,391,797.965931,68.210096,1.871169,True
3977,1773650530.569256,1773651642.586132,1042,414,800.140056,54.670443,1.805011,True
3978,1773650530.569289,1773651657.918997,1126,690,830.350374,97.320129,1.063905,True
3979,1773650530.569318,1773651468.396792,1080,449,451.096674,31.019962,0.937671,True
3980,1773650530.569348,1773651447.003156,1024,373,407.174710,37.046782,0.994968,True
3981,1773650530.569388,1773651489.287607,938,456,491.266434,40.495181,0.990706,True
3982,1773650530.569424,1773651621.539362,1028,375,754.976595,93.709932,1.768093,True
3983,1773650530.569454,1773651302.830620,1284,48,116.850461,33.254338,1.778641,True
3984,1773650530.569486,1773651435.036557,1073,373,381.136106,30.444775,0.942719,True
3985,1773650530.569516,1773651333.261509,402,97,176.071275,40.612287,1.411031,True
3986,1773650530.569545,1773651679.134774,1067,395,867.677805,159.449553,1.797534,True
3987,1773650530.569574,1773651657.953799,1077,427,825.025824,79.630918,1.749753,True
3988,1773650530.569605,1773651480.844574,1101,429,470.764218,41.896629,1.002027,True
3989,1773650530.569634,1773651649.988337,1077,396,808.788547,79.477501,1.846357,True
3990,1773650530.569663,1773651627.775470,1042,363,764.340221,53.827990,1.962741,True
3991,1773650530.569692,1773651331.640704,1298,85,171.985620,44.024074,1.523352,True
3992,1773650530.569720,1773651459.949891,972,384,427.563905,41.883022,1.007000,True
3993,1773650530.569749,1773651634.156360,1057,442,774.871889,91.041522,1.550636,True
3994,1773650530.569781,1773651506.627552,23,125,519.795920,91.031111,3.457781,True
3995,1773650530.569810,1773651551.475806,209,162,609.468825,91.020385,3.220177,True
3996,1773650530.569838,1773651354.535787,405,139,214.966526,47.006368,1.217103,True
3997,1773650530.569867,1773651382.005662,1314,213,269.178714,43.471087,1.064659,True
3998,1773650530.569896,1773651335.032852,1587,97,175.106954,41.465625,1.392097,True
3999,1773650530.569928,1773651645.484542,1122,411,794.987298,58.924203,1.795276,True
4000,1773650530.569977,1773651415.657495,206,162,335.313031,58.913508,1.716767,True
4001,1773650530.570011,1773651385.330107,197,217,274.062076,45.763400,1.056938,True
4002,1773650530.570041,1773651498.313759,1016,468,500.004250,45.752688,0.972701,True
4003,1773650530.570074,1773651482.639148,1125,429,468.642991,47.386789,0.984243,True
4004,1773650530.570103,1773651294.131401,995,46,91.539849,26.552482,1.444164,True
4005,1773650530.570135,1773651656.970600,1147,423,816.086388,76.144517,1.753417,True
4006,1773650530.570167,1773651375.821713,883,115,253.229489,57.709044,1.715092,True
4007,1773650530.570196,1773651467.305395,1076,399,435.743379,49.229616,0.971140,True
4008,1773650530.570225,1773651441.900224,994,386,383.938022,26.522899,0.928351,True
4009,1773650530.570255,1773651464.977808,1092,393,429.836311,41.345734,0.991047,True
4010,1773650530.570284,1773651611.497121,215,152,721.067448,155.366563,3.746363,True
4011,1773650530.570313,1773651690.304811,835,449,878.661123,155.355897,1.614521,True
4012,1773650530.570345,1773651644.547493,1054,509,786.980921,89.007348,1.373964,True
4013,1773650530.570373,1773651442.617229,999,386,383.079331,26.065269,0.927309,True
4014,1773650530.570402,1773651529.150531,203,189,555.803073,73.821990,2.563729,True
4015,1773650530.570431,1773651364.299977,1895,82,225.543436,63.911515,1.995456,True
4016,1773650530.570462,1773651642.586565,997,388,782.091934,65.204073,1.852423,True
4017,1773650530.570492,1773651649.534602,1035,389,795.968796,77.653166,1.851329,True
4018,1773650530.570524,1773651647.346410,1021,395,791.361595,70.086979,1.830646,True
4019,1773650530.570553,1773651443.553573,1130,382,383.462329,27.572630,0.934094,True
4020,1773650530.570582,1773651305.453683,237,14,106.527109,46.473233,4.619529,True
4021,1773650530.570614,1773651483.760090,1029,409,463.013927,49.788243,1.012808,True
4022,1773650530.570642,1773651454.779803,1155,396,403.157608,28.718899,0.947946,True
4023,1773650530.570671,1773651635.668796,1184,442,764.892554,91.519724,1.526923,True
4024,1773650530.570700,1773651629.316052,1140,404,752.165632,94.145979,1.632803,True
4025,1773650530.570729,1773651632.498022,1092,431,758.279516,90.003155,1.554131,True
4026,1773650530.570761,1773651653.972089,1162,405,800.946877,79.344474,1.786145,True
4027,1773650530.570791,1773651687.151564,1104,429,866.757282,155.223436,1.662462,True
4028,1773650530.570819,1773651401.114028,181,112,294.389471,75.284198,1.973921,True
4029,1773650530.570848,1773651627.413771,1057,394,746.969662,93.449856,1.662900,True
4030,1773650530.570880,1773651629.406801,1047,414,750.725957,89.317284,1.601474,True
4031,1773650530.570912,1773651370.469998,1912,69,232.832012,78.111649,2.275299,True
4032,1773650530.570956,1773651651.690481,1146,395,795.250890,80.051889,1.815226,True
4033,1773650530.570989,1773651584.485985,1314,206,660.579561,97.649994,2.745998,True
4034,1773650530.571019,1773651375.544222,1313,194,242.654433,36.670467,1.067274,True
4035,1773650530.571052,1773651349.574918,401,96,190.591253,51.843469,1.460503,True
4036,1773650530.571082,1773651634.480618,985,443,760.339376,89.049614,1.518755,True
4037,1773650530.571112,1773651518.186227,12,177,527.714465,79.794821,2.544998,True
4038,1773650530.571142,1773651364.433307,1886,53,220.199699,83.244815,2.633748,True
4039,1773650530.571174,1773651659.094869,1069,409,809.249870,90.386682,1.761920,True
4040,1773650530.571204,1773651354.355108,1318,165,198.903211,28.209100,1.040818,True
4041,1773650530.571233,1773651486.536475,1150,420,462.169606,44.527574,0.996759,True
4042,1773650530.571263,1773651483.760081,1147,394,456.488878,53.613887,1.025127,True
4043,1773650530.571292,1773651649.412370,1027,558,787.083506,95.974865,1.240770,True
4044,1773650530.571321,1773651629.498605,1009,403,747.232966,97.510506,1.616225,True
4045,1773650530.571350,1773651466.710402,1024,385,421.092716,43.815101,0.982494,True
4046,1773650530.571379,1773651625.949088,1071,396,738.972439,86.898354,1.650820,True
4047,1773650530.571409,1773651647.710145,1067,544,782.473315,94.223155,1.267496,True
4048,1773650530.571441,1773651472.759491,1020,409,431.368566,41.588393,0.955344,True
4049,1773650530.571475,1773651503.702102,1009,429,492.650672,54.993661,1.022563,True
4050,1773650530.571508,1773651625.460891,902,381,736.036944,98.640061,1.677360,True
4051,1773650530.571537,1773651331.579792,412,108,148.170338,25.617973,1.145349,True
4052,1773650530.571566,1773651557.833810,212,162,600.521891,93.125735,3.151529,True
4053,1773650530.571595,1773651544.531099,212,189,573.648834,79.871303,2.626476,True
4054,1773650530.571624,1773651472.014095,390,133,428.312343,88.217906,2.576473,True
4055,1773650530.571653,1773651472.888477,1136,397,429.507756,41.844276,0.978948,True
4056,1773650530.571682,1773651626.924422,1169,397,737.221010,92.382293,1.628381,True
4057,1773650530.571714,1773651482.009300,1021,409,446.768539,42.905576,0.989860,True
4058,1773650530.571743,1773651471.659907,1154,393,426.044955,42.893889,0.977426,True
4059,1773650530.571773,1773651459.818317,1083,404,402.010560,26.404359,0.932025,True
4060,1773650530.571881,1773651684.868092,1182,418,851.860163,150.058134,1.682978,True
4061,1773650530.571914,1773651630.576867,1188,407,743.194812,98.559321,1.587772,True
4062,1773650530.571984,1773651656.725756,1083,409,794.440199,78.072222,1.755804,True
4063,1773650530.572031,1773651629.316043,1162,396,739.598380,102.211623,1.613637,True
4064,1773650530.572062,1773651387.892837,320,18,256.729110,102.200726,9.089905,True
4065,1773650530.572093,1773651674.202038,1152,482,829.110472,77.931078,1.561704,True
4066,1773650530.572124,1773651539.874762,397,71,560.423040,149.337703,5.872648,True
4067,1773650530.572154,1773651672.954170,1080,433,826.363038,102.082880,1.676574,True
4068,1773650530.572184,1773651544.398277,407,141,568.972849,105.075856,3.313550,True
4069,1773650530.572214,1773651373.356185,209,162,225.409395,43.222234,1.131597,True
4070,1773650530.572248,1773651380.755815,127,184,240.188735,43.211692,1.076377,True
4071,1773650530.572277,1773651474.905543,1012,411,425.904901,36.709570,0.949257,True
4072,1773650530.572307,1773651469.645427,1146,402,415.258477,38.544654,0.939436,True
4073,1773650530.572340,1773651347.144768,378,80,170.235809,50.343037,1.517630,True
4074,1773650530.572369,1773651377.783457,194,174,230.953258,41.566346,1.094722,True
4075,1773650530.572399,1773651628.185205,1032,389,731.650570,101.312119,1.624584,True
4076,1773650530.572428,1773651442.568580,791,69,360.137466,88.202155,3.999049,True
4077,1773650530.572458,1773651655.978622,1011,395,785.791987,80.211697,1.790813,True
4078,1773650530.572487,1773651444.346336,181,120,362.504961,80.200996,2.372302,True
4079,1773650530.572516,1773651373.356006,206,162,220.400472,40.717948,1.116041,True
4080,1773650530.572546,1773651684.466517,1027,414,842.497748,147.665850,1.682402,True
4081,1773650530.572575,1773651466.895201,1227,419,407.107621,23.754658,0.917112,True
4082,1773650530.572605,1773651391.797805,379,67,256.597103,89.134503,2.537312,True
4083,1773650530.572634,1773651552.892319,1313,167,578.233038,90.611002,2.937482,True
4084,1773650530.572665,1773651511.060071,401,118,494.299650,101.077449,3.360874,True
4085,1773650530.572695,1773651358.780906,1158,103,188.081510,48.711059,1.366377,True
4086,1773650530.572724,1773651628.185213,1099,387,726.845706,102.144123,1.618398,True
4087,1773650530.572753,1773651590.589900,212,217,651.633692,102.133482,2.543982,True
4088,1773650530.572783,1773651365.878586,200,181,200.712845,21.573839,0.995217,True
4089,1773650530.572812,1773651580.205979,1098,661,629.346320,29.251992,0.909234,True
4090,1773650530.572841,1773651669.002849,1034,402,806.145695,103.595121,1.751996,True
4091,1773650530.572873,1773651630.132647,1011,411,727.451348,89.204073,1.556701,True
4092,1773650530.572903,1773651658.691724,1245,384,783.491934,89.031726,1.813212,True
4093,1773650530.572946,1773651510.043550,397,133,486.174352,89.021116,3.008737,True
4094,1773650530.572979,1773651469.645589,1029,396,404.997913,36.556961,0.932762,True
4095,1773650530.573008,1773651669.470592,1057,391,804.497837,109.770818,1.781351,True
4096,1773650530.573040,1773651488.425161,991,384,442.175374,46.113945,1.034103,True
4097,1773650530.573075,1773651678.228973,993,385,820.676918,145.661441,1.757853,True
4098,1773650530.573105,1773651479.502587,1054,399,422.539436,36.600687,0.969695,True
4099,1773650530.573135,1773651625.659421,1031,373,714.736444,100.566421,1.650995,True
4100,1773650530.573164,1773651631.462411,1042,418,726.071304,87.183470,1.532105,True
4101,1773650530.573193,1773651685.259965,1034,417,833.248381,144.916984,1.654643,True
4102,1773650530.573228,1773651309.443042,242,14,81.323105,34.921607,3.569346,True
4103,1773650530.573257,1773651525.422037,1055,445,513.173220,56.529831,1.028476,True
4104,1773650530.573286,1773651331.817666,420,80,125.809287,25.871571,1.265034,True
4105,1773650530.573315,1773651667.658756,1177,386,797.468957,103.612379,1.802225,True
4106,1773650530.573344,1773651638.058222,1068,444,738.201762,101.477233,1.437301,True
4107,1773650530.573384,1773651684.323009,1170,423,829.394039,134.523892,1.646612,True
4108,1773650530.573414,1773651488.793506,1034,431,438.042943,33.931270,0.939795,True
4109,1773650530.573443,1773651500.328384,1049,440,460.964747,36.650964,0.966546,True
4110,1773650530.573472,1773651466.102369,1064,394,392.384761,27.299901,0.928969,True
4111,1773650530.573504,1773651456.231164,1166,43,372.119861,118.575034,6.036782,True
4112,1773650530.573534,1773651546.046486,404,98,551.724628,118.564438,4.465569,True
4113,1773650530.573563,1773651574.092555,398,122,607.782671,118.554001,4.043212,True
4114,1773650530.573592,1773651417.003150,1708,42,293.514790,89.136112,4.984846,True
4115,1773650530.573624,1773651378.319027,1321,193,216.039225,26.910996,0.985043,True
4116,1773650530.573652,1773651550.383391,1117,559,557.396837,34.246892,0.937545,True
4117,1773650530.573681,1773651309.505958,242,14,74.942890,30.602478,3.410801,True
4118,1773650530.573710,1773651478.333317,1105,393,412.203565,38.807493,0.952541,True
4119,1773650530.573740,1773651591.100426,209,217,637.648370,98.157844,2.497641,True
4120,1773650530.573776,1773651675.285753,1086,383,805.337045,131.532736,1.763886,True
4121,1773650530.573805,1773651683.567973,1087,427,821.877998,120.084263,1.647403,True
4122,1773650530.573833,1773651655.210296,1107,636,765.079189,89.652611,1.063664,True
4123,1773650530.573861,1773651653.651390,1287,611,761.940186,92.730504,1.097065,True
4124,1773650530.573894,1773651498.961521,1095,390,452.456368,53.630144,1.025260,True
4125,1773650530.573923,1773651524.501194,399,71,503.487279,131.393803,5.315621,True
4126,1773650530.573968,1773651475.677298,1039,399,404.551594,31.318271,0.937772,True
4127,1773650530.573999,1773651407.563295,1317,243,267.233566,34.630221,0.961171,True
4128,1773650530.574029,1773651381.407826,206,191,214.546023,30.585116,0.968215,True
4129,1773650530.574062,1773651685.122433,1057,426,821.621630,131.489107,1.623841,True
4130,1773650530.574090,1773651603.121854,181,144,657.594841,118.388913,3.770671,True
4131,1773650530.574119,1773651628.396847,197,205,707.899081,131.354254,2.826200,True
4132,1773650530.574149,1773651384.109013,247,14,218.572842,90.589171,9.844898,True
4133,1773650530.574178,1773651735.898365,1145,907,921.686903,123.633352,0.880854,True
4134,1773650530.574207,1773651642.117971,1313,253,734.102242,123.622112,2.422540,True
4135,1773650530.574237,1773651680.477486,1000,395,810.571160,138.360701,1.706118,True
4136,1773650530.574269,1773651374.100257,409,156,197.731114,33.341965,1.060575,True
4137,1773650530.574298,1773651645.217833,1317,249,739.771910,143.496358,2.404337,True
4138,1773650530.574330,1773651349.699488,387,105,148.549053,29.294665,1.146677,True
4139,1773650530.574360,1773651412.239157,1034,33,271.701138,91.736887,5.623883,True
4140,1773650530.574389,1773651495.714218,1018,414,438.356094,37.604223,0.970344,True
4141,1773650530.574417,1773651483.557482,891,403,413.812228,34.387728,0.943842,True
4142,1773650530.574446,1773651331.817523,1287,58,110.205929,30.388463,1.400306,True
4143,1773650530.574475,1773651635.153394,203,217,716.834362,136.815735,2.685271,True
4144,1773650530.574504,1773651397.771082,200,217,241.530817,34.033932,0.960634,True
4145,1773650530.574538,1773651358.840375,1165,97,163.649108,41.643838,1.270888,True
4146,1773650530.574567,1773651680.174270,1037,404,804.928962,124.341485,1.688803,True
4147,1773650530.574600,1773651679.950562,1200,402,804.460602,126.776389,1.689986,True
4148,1773650530.574632,1773651644.771592,1067,494,733.668044,94.174472,1.297147,True
4149,1773650530.574662,1773651355.427065,413,99,154.772335,37.498140,1.196675,True
4150,1773650530.574692,1773651552.892330,181,94,548.639305,125.923628,4.545330,True
4151,1773650530.574721,1773651677.605592,1042,380,797.770542,140.107492,1.735259,True
4152,1773650530.574755,1773651626.440600,1277,373,695.145616,99.179412,1.602060,True
4153,1773650530.574785,1773651633.752924,993,413,709.746029,99.168427,1.481984,True
4154,1773650530.574817,1773651588.042191,1192,672,618.156456,28.891467,0.878189,True
4155,1773650530.574847,1773651485.243897,1184,398,411.177162,32.424178,0.954038,True
4156,1773650530.574879,1773651677.314601,1087,380,794.729541,134.943765,1.740860,True
4157,1773650530.574907,1773651502.081539,884,395,444.117699,46.341038,1.009585,True
4158,1773650530.574953,1773651679.950388,1208,397,799.460955,129.350149,1.692199,True
4159,1773650530.574984,1773651381.010373,167,162,200.336724,34.697004,1.028818,True
4160,1773650530.575013,1773651406.158753,1322,215,250.505967,39.818826,0.984519,True
4161,1773650530.575042,1773651500.263822,1068,396,438.334861,48.784008,0.986205,True
4162,1773650530.575072,1773651515.135597,11,115,467.991770,86.985898,3.342157,True
4163,1773650530.575101,1773651555.996914,950,84,549.005896,133.878859,5.001531,True
4164,1773650530.575130,1773651627.993996,894,381,692.399466,96.254114,1.568804,True
4165,1773650530.575162,1773651629.035556,1179,390,694.208603,92.850664,1.545907,True
4166,1773650530.575191,1773651380.695153,404,132,196.549920,47.459831,1.138092,True
4167,1773650530.575220,1773651680.174096,1221,391,794.510783,136.443088,1.687353,True
4168,1773650530.575249,1773651631.554758,1015,398,697.018120,97.155751,1.510988,True
4169,1773650530.575281,1773651679.499555,1025,388,792.886591,136.305100,1.696593,True
4170,1773650530.575310,1773651566.991967,1493,86,567.848360,141.918991,5.010934,True
4171,1773650530.575342,1773651642.125539,1024,466,717.907859,100.790086,1.327135,True
4172,1773650530.575371,1773651630.662586,1033,399,694.724656,91.481221,1.515687,True
4173,1773650530.575400,1773651491.725424,982,403,416.337446,35.102340,0.948346,True
4174,1773650530.575429,1773651514.944536,1031,414,462.398190,44.809553,1.011111,True
4175,1773650530.575461,1773651509.703538,1016,411,449.844134,48.089930,0.979888,True
4176,1773650530.575494,1773651385.513031,181,134,199.824976,42.954122,1.179480,True
4177,1773650530.575523,1773651480.244431,901,86,389.095695,89.085347,3.529534,True
4178,1773650530.575552,1773651511.513475,1016,414,451.567944,47.141749,0.979240,True
4179,1773650530.575582,1773651685.318065,1234,412,798.176550,138.755963,1.604430,True
4180,1773650530.575614,1773651502.742139,1018,426,432.571059,29.082236,0.949385,True
4181,1773650530.575643,1773651505.725123,1245,396,438.403849,42.031409,1.003475,True
4182,1773650530.575672,1773651406.158624,203,189,239.144394,46.284819,1.025849,True
4183,1773650530.575701,1773651636.281777,1092,416,698.316813,105.396264,1.428724,True
4184,1773650530.575730,1773651646.378376,1314,252,718.317295,134.533813,2.325831,True
4185,1773650530.575759,1773651677.915662,1078,380,781.123304,134.399488,1.706395,True
4186,1773650530.575792,1773651634.458604,194,211,694.185786,134.388284,2.665702,True
4187,1773650530.575820,1773651688.292441,1173,427,801.832209,137.609826,1.559207,True
4188,1773650530.575850,1773651508.587382,1021,401,441.944353,42.797990,0.997866,True
4189,1773650530.575879,1773651351.048227,401,87,126.486964,27.734922,1.148280,True
4190,1773650530.575908,1773651410.156955,200,191,243.694103,42.103841,1.061001,True
4191,1773650530.575951,1773651683.567980,1024,401,789.847170,140.429586,1.623544,True
4192,1773650530.575982,1773651623.521840,209,179,669.482310,126.112777,3.052638,True
4193,1773650530.576017,1773651684.525788,1070,401,791.241369,144.717757,1.616309,True
4194,1773650530.576047,1773651382.005929,206,164,185.724863,26.396250,0.977476,True
4195,1773650530.576077,1773651370.982393,181,132,162.101769,25.608034,1.041937,True
4196,1773650530.576109,1773651630.132493,1223,395,680.379714,88.751118,1.501595,True
4197,1773650530.576138,1773651553.455976,424,79,526.643593,128.160268,5.108761,True
4198,1773650530.576168,1773651692.417258,1065,444,804.266548,145.485744,1.487090,True
4199,1773650530.576278,1773651497.374050,1093,410,412.814278,30.925567,0.933713,True
4200,1773650530.576309,1773651358.240974,374,66,134.421343,39.383157,1.462126,True
4201,1773650530.576339,1773651683.005766,1095,404,781.581162,126.078299,1.626558,True
4202,1773650530.576368,1773651680.696554,1096,394,776.942020,126.068008,1.656168,True
4203,1773650530.576398,1773651552.099077,1314,138,519.613464,88.930335,3.143672,True
4204,1773650530.576427,1773651595.671542,181,102,605.675037,142.936026,4.581574,True
4205,1773650530.576461,1773651501.461446,1026,388,417.129320,37.516798,0.980911,True
4206,1773650530.576490,1773651681.411193,1158,390,776.078180,138.476671,1.639078,True
4207,1773650530.576519,1773651416.977045,1315,209,247.064098,40.694761,0.992160,True
4208,1773650530.576548,1773651506.291363,1045,394,425.668669,43.566120,0.972271,True
4209,1773650530.576581,1773651570.633615,215,162,553.459836,87.317701,2.895293,True
4210,1773650530.576627,1773651511.513485,1010,410,434.742480,40.509301,0.963895,True
4211,1773650530.576655,1773651410.281121,1316,186,232.256412,43.966423,1.017784,True
4212,1773650530.576684,1773651485.872829,91,24,382.812891,141.306274,10.500288,True
4213,1773650530.576713,1773651624.493625,200,181,659.522743,123.561659,2.977562,True
4214,1773650530.576742,1773651513.218428,1066,396,436.352934,45.825141,0.988678,True
4215,1773650530.576771,1773651459.012135,1212,56,327.730755,97.372728,4.188328,True
4216,1773650530.576800,1773651368.404819,372,78,146.350580,41.792876,1.357892,True
4217,1773650530.576829,1773651637.670285,212,217,684.317523,136.337314,2.536945,True
4218,1773650530.576864,1773651698.239089,1088,486,804.887279,146.480147,1.357540,True
4219,1773650530.576897,1773651684.926190,1078,401,778.241511,146.469157,1.579431,True
4220,1773650530.576926,1773651590.894511,408,97,590.151685,146.457345,4.621816,True
4221,1773650530.576972,1773651491.091255,1032,395,390.502861,21.615528,0.936262,True
4222,1773650530.577004,1773651397.451785,69,165,202.594629,34.259445,1.026434,True
4223,1773650530.577034,1773651359.483524,985,45,126.430794,45.516482,1.838962,True
4224,1773650530.577063,1773651377.783272,8,145,160.982232,20.163044,0.977911,True
4225,1773650530.577092,1773651692.956159,1148,459,791.224713,120.949423,1.463483,True
4226,1773650530.577121,1773651496.299023,1158,373,397.765187,40.565351,0.960215,True
4227,1773650530.577151,1773651425.696695,197,217,256.539842,40.555026,0.999930,True
4228,1773650530.577184,1773651685.386732,1016,407,775.813625,136.635887,1.574329,True
4229,1773650530.577213,1773651689.467406,994,436,783.951523,122.808130,1.519870,True
4230,1773650530.577242,1773651635.825859,1095,411,676.334056,99.885623,1.405972,True
4231,1773650530.577271,1773651633.332186,1061,410,671.099668,84.949610,1.433130,True
4232,1773650530.577301,1773651687.752840,1020,414,778.209604,145.132764,1.532874,True
4233,1773650530.577333,1773651492.368593,991,394,387.149024,20.864587,0.932021,True
4234,1773650530.577372,1773651325.564532,242,14,53.517604,20.853110,2.512653,True
4235,1773650530.577404,1773651618.989665,13,164,640.158862,121.389201,3.182636,True
4236,1773650530.577433,1773651603.393696,1314,249,607.827790,101.254010,2.042636,True
4237,1773650530.577469,1773651591.985046,212,217,584.212563,82.853457,2.321107,True
4238,1773650530.577497,1773651515.748616,1071,395,431.262025,44.611730,0.981346,True
4239,1773650530.577528,1773651637.472556,1017,421,674.439059,100.480656,1.366568,True
4240,1773650530.577558,1773651489.490120,1041,389,377.588090,18.962514,0.924293,True
4241,1773650530.577587,1773651636.804718,1037,428,671.793854,86.832851,1.369932,True
4242,1773650530.577621,1773651584.307875,1227,594,565.404242,29.593190,0.903560,True
4243,1773650530.577651,1773651678.002967,1076,378,752.539732,126.279670,1.661167,True
4244,1773650530.577680,1773651582.597581,409,99,561.164506,132.101709,4.378192,True
4245,1773650530.577710,1773651567.951085,393,88,531.621172,125.871858,4.663785,True
4246,1773650530.577742,1773651532.681036,896,434,460.493240,40.319507,0.970378,True
4247,1773650530.577771,1773651517.379564,1055,398,429.090098,41.894351,0.975304,True
4248,1773650530.577800,1773651523.146664,1110,396,440.603167,47.821600,0.994384,True
4249,1773650530.577830,1773651386.192058,194,161,166.464930,18.638805,0.923913,True
4250,1773650530.577858,1773651489.497249,433,83,373.054174,84.770781,3.515651,True
4251,1773650530.577888,1773651685.260100,1022,411,764.537410,125.021283,1.559795,True
4252,1773650530.577917,1773651685.513230,1147,402,764.750499,142.628150,1.551427,True
4253,1773650530.577962,1773651685.513407,1165,402,763.136508,141.821061,1.549415,True
4254,1773650530.577993,1773651349.515915,372,68,90.872182,17.518749,1.094827,True
4255,1773650530.578026,1773651541.689187,873,456,475.115013,38.622197,0.959325,True
4256,1773650530.578056,1773651582.127036,209,179,555.543571,83.386659,2.652567,True
4257,1773650530.578085,1773651629.018810,200,179,647.285613,144.688277,2.823581,True
4258,1773650530.578115,1773651691.178879,1047,430,771.580753,150.688027,1.447302,True
4259,1773650530.578145,1773651699.101450,1240,496,787.406253,131.595644,1.324870,True
4260,1773650530.578176,1773651415.284351,200,162,219.647211,45.205544,1.083489,True
4261,1773650530.578206,1773651532.618560,1038,408,454.294027,46.957795,1.000826,True
4262,1773650530.578236,1773651634.650192,1318,196,658.270402,150.561586,2.603635,True
4263,1773650530.578266,1773651569.879354,1086,540,528.478876,26.675560,0.930989,True
4264,1773650530.578299,1773651506.095920,1107,415,400.068784,16.760605,0.925865,True
4265,1773650530.578331,1773651522.442068,1000,411,432.359924,37.437705,0.963225,True
4266,1773650530.578361,1773651633.752964,988,395,653.702127,95.475202,1.416820,True
4267,1773650530.578391,1773651630.662439,1216,391,646.744775,80.450838,1.452036,True
4268,1773650530.578419,1773651636.884591,1014,413,659.167328,96.494111,1.365712,True
4269,1773650530.578448,1773651546.821598,1037,433,478.915202,47.487326,0.998676,True
4270,1773650530.578477,1773651593.735036,212,217,572.648205,82.578837,2.268840,True
4271,1773650530.578506,1773651683.429617,1145,402,751.642829,120.403661,1.574163,True
4272,1773650530.578539,1773651638.535432,200,217,661.297897,129.107362,2.463845,True
4273,1773650530.578571,1773651612.661471,9,138,609.527152,129.096378,3.506794,True
4274,1773650530.578604,1773651496.426053,1072,395,376.994088,16.387625,0.915245,True
4275,1773650530.578633,1773651374.623972,380,101,131.939619,23.661822,1.082778,True
4276,1773650530.578662,1773651532.361305,1090,395,445.824932,47.898920,1.009964,True
4277,1773650530.578691,1773651399.662720,181,119,180.302847,45.339962,1.143753,True
4278,1773650530.578719,1773651644.433041,1019,468,669.404196,100.279327,1.218683,True
4279,1773650530.578748,1773651597.618143,1192,646,575.484345,25.764282,0.852279,True
4280,1773650530.578778,1773651424.116205,212,162,227.855712,47.159034,1.122340,True
4281,1773650530.578809,1773651604.053804,375,122,586.598879,117.257396,3.878855,True
4282,1773650530.578842,1773651652.095057,1039,571,682.184040,78.986275,1.058242,True
4283,1773650530.578871,1773651687.151558,1131,419,751.957541,119.512477,1.513026,True
4284,1773650530.578899,1773651636.281957,1016,402,650.052473,104.108770,1.361456,True
4285,1773650530.578928,1773651557.833472,181,133,492.915098,78.614022,3.138645,True
4286,1773650530.578972,1773651368.778841,404,107,114.702587,12.888891,0.960507,True
4287,1773650530.579002,1773651429.339274,200,179,235.471084,45.328831,1.068215,True
4288,1773650530.579034,1773651342.173458,303,18,60.882390,23.907899,2.174970,True
4289,1773650530.579064,1773651623.743535,411,169,622.984289,124.744187,2.965715,True
4290,1773650530.579097,1773651511.645714,1008,394,398.024252,24.715370,0.949895,True
4291,1773650530.579130,1773651469.630499,1671,69,313.493415,83.369971,3.384168,True
4292,1773650530.579159,1773651702.240676,1110,527,778.623805,124.065354,1.244408,True
4293,1773650530.579191,1773651691.179229,1094,429,756.248808,146.866970,1.423789,True
4294,1773650530.579220,1773651656.684756,1089,621,687.097691,102.227491,0.943339,True
4295,1773650530.579249,1773651637.395715,1038,427,648.498287,83.106826,1.327210,True
4296,1773650530.579278,1773651644.988463,1028,468,663.456450,102.103342,1.202041,True
4297,1773650530.579307,1773651633.830033,1145,404,641.117194,82.982355,1.384950,True
4298,1773650530.579336,1773651355.427219,398,81,83.559041,10.668708,0.911129,True
4299,1773650530.579365,1773651585.372531,409,86,542.495483,145.795886,4.667054,True
4300,1773650530.579397,1773651527.636853,1102,386,426.581992,42.586272,0.997391,True
4301,1773650530.579426,1773651410.994022,215,217,192.691131,9.668067,0.847329,True
4302,1773650530.579456,1773651514.102871,1132,419,398.885381,15.364185,0.917515,True
4303,1773650530.579488,1773651535.774464,1094,402,441.997830,43.808331,0.992991,True
4304,1773650530.579517,1773651698.827182,1022,482,765.912447,147.994591,1.284653,True
4305,1773650530.579549,1773651432.760547,209,179,233.675417,42.661294,1.073113,True
4306,1773650530.579578,1773651422.652753,209,223,211.264449,13.003866,0.893066,True
4307,1773650530.579607,1773651445.234131,1314,204,256.176668,42.272996,1.053713,True
4308,1773650530.579637,1773651633.498376,1039,401,631.905507,80.711546,1.377985,True
4309,1773650530.579669,1773651593.109558,27,195,551.104634,97.806819,2.336587,True
4310,1773650530.579698,1773651578.391437,209,163,521.454880,80.595113,2.721357,True
4311,1773650530.579727,1773651539.418413,1003,390,443.161829,50.309937,1.009902,True
4312,1773650530.579756,1773651590.748638,933,104,545.454318,112.665229,4.201836,True
4313,1773650530.579785,1773651692.622672,1071,445,747.857288,124.533979,1.403881,True
4314,1773650530.579814,1773651527.697609,1014,407,417.798073,13.271738,0.996370,True
4315,1773650530.579843,1773651629.950871,194,177,620.361694,144.096820,2.706050,True
4316,1773650530.579872,1773651619.446759,1315,141,599.331758,151.001369,3.202360,True
4317,1773650530.579901,1773651395.024783,381,99,149.846275,39.826449,1.122651,True
4318,1773650530.579930,1773651687.453869,1016,411,734.301992,129.155389,1.475967,True
4319,1773650530.579976,1773651677.542254,1006,375,714.231678,110.257523,1.614904,True
4320,1773650530.580006,1773651655.210387,1053,606,669.503920,85.085323,0.965981,True
4321,1773650530.580035,1773651611.620409,396,120,581.280796,149.800770,3.625883,True
4322,1773650530.580071,1773651594.287127,1003,575,545.985651,34.910239,0.890375,True
4323,1773650530.580100,1773651542.795556,1009,394,442.749593,46.727093,1.007691,True
4324,1773650530.580135,1773651684.393515,1068,396,724.968380,127.549349,1.512453,True
4325,1773650530.580163,1773651535.142754,1115,388,425.736053,37.385280,1.003490,True
4326,1773650530.580192,1773651475.576399,242,14,306.538429,127.150847,13.799045,True
4327,1773650530.580221,1773651704.845648,1070,548,764.262617,129.358454,1.160702,True
4328,1773650530.580250,1773651682.931039,1158,388,720.411083,129.347062,1.527297,True
4329,1773650530.580279,1773651685.455153,1045,410,725.205269,109.251295,1.506000,True
4330,1773650530.580308,1773651415.927416,203,183,186.047968,17.385992,0.926714,True
4331,1773650530.580337,1773651584.485803,169,164,523.100297,92.428584,2.642158,True
4332,1773650530.580367,1773651481.784041,1775,56,317.676333,95.787687,4.034339,True
4333,1773650530.580396,1773651507.905172,1327,82,369.689714,82.484007,3.545749,True
4334,1773650530.580425,1773651424.236706,1317,154,201.404488,37.613458,1.070530,True
4335,1773650530.580454,1773651541.243847,881,448,432.718181,15.405114,0.933586,True
4336,1773650530.580483,1773651374.624127,407,79,98.095298,15.927024,1.053439,True
4337,1773650530.580512,1773651571.229522,989,471,491.202771,37.188366,0.965988,True
4338,1773650530.581822,1773651429.464046,1304,190,207.649218,22.638111,0.978895,True
4339,1773650530.581866,1773651598.897062,203,217,544.754532,92.214439,2.095093,True
4340,1773650530.581897,1773651699.355247,1138,501,745.464850,106.756944,1.277416,True
4341,1773650530.581928,1773651459.999681,203,217,265.650185,40.972753,1.040173,True
4342,1773650530.581989,1773651526.656634,1078,395,398.220661,21.770207,0.955458,True
4343,1773650530.582034,1773651428.467105,1314,153,201.712688,36.847523,1.084639,True
4344,1773650530.582065,1773651529.189268,913,402,403.133317,21.693731,0.951221,True
4345,1773650530.582100,1773651599.125478,417,92,542.541632,142.928437,4.391354,True
4346,1773650530.582130,1773651636.733115,1027,401,617.220098,92.802446,1.311044,True
4347,1773650530.582160,1773651641.082603,942,428,625.896359,97.309228,1.237909,True
4348,1773650530.582190,1773651636.884463,1052,397,617.478418,101.793139,1.302236,True
4349,1773650530.582219,1773651700.065171,1060,499,743.506747,123.760941,1.244469,True
4350,1773650530.582253,1773651709.856776,1152,598,763.069042,130.367604,1.059801,True
4351,1773650530.582281,1773651443.554008,435,200,229.841515,31.295468,0.997719,True
4352,1773650530.582310,1773651542.795848,1044,383,428.201823,42.155378,1.010593,True
4353,1773650530.582339,1773651409.367143,407,115,161.323792,35.753602,1.101493,True
4354,1773650530.582369,1773651531.315681,1035,398,405.117478,23.165030,0.962097,True
4355,1773650530.582398,1773651531.315410,1073,397,404.992760,23.962708,0.962197,True
4356,1773650530.582428,1773651554.302030,1130,413,450.944232,42.974427,0.990218,True
4357,1773650530.582456,1773651579.444220,393,86,499.614382,129.053159,4.359544,True
4358,1773650530.582485,1773651569.879533,1005,483,478.417619,25.185099,0.940316,True
4359,1773650530.582513,1773651488.015379,341,18,314.389093,127.869941,10.971715,True
4360,1773650530.582542,1773651600.380222,397,92,538.560119,142.854178,4.348417,True
4361,1773650530.582571,1773651601.973123,404,92,541.723750,144.695513,4.362948,True
4362,1773650530.582600,1773651551.464887,1045,416,439.760513,34.025224,0.977675,True
4363,1773650530.582629,1773651413.135345,58,138,162.972101,24.206864,1.012885,True
4364,1773650530.582658,1773651388.233672,1165,49,113.065124,40.103409,1.520036,True
4365,1773650530.582687,1773651566.677919,1037,414,469.701373,50.107961,1.015965,True
4366,1773650530.582718,1773651562.495052,1058,402,461.313433,51.545928,1.021864,True
4367,1773650530.582748,1773651632.664043,1001,388,601.464305,77.520688,1.353859,True
4368,1773650530.582777,1773651442.694121,242,14,221.501727,97.995329,9.500492,True
4369,1773650530.582806,1773651444.438613,386,31,224.780054,77.405432,4.912487,True
4370,1773650530.582835,1773651425.075709,191,165,183.618685,22.589781,0.981884,True
4371,1773650530.582866,1773651639.109190,194,211,611.666614,125.413701,2.315490,True
4372,1773650530.582895,1773651683.910822,1031,378,701.016225,145.391515,1.473806,True
4373,1773650530.582925,1773651654.908900,1070,939,642.680345,47.763078,0.634240,True
4374,1773650530.582971,1773651579.017140,1016,420,489.596742,59.062712,1.027528,True
4375,1773650530.583007,1773651555.996763,439,66,443.044826,124.217009,4.905043,True
4376,1773650530.583037,1773651688.177049,1098,412,707.387762,124.206580,1.418932,True
4377,1773650530.583067,1773651425.076111,206,165,180.061797,20.811387,0.971039,True
4378,1773650530.583098,1773651632.498115,986,387,594.439915,74.174628,1.347838,True
4379,1773650530.583128,1773651513.072509,910,87,355.565366,74.163567,3.272114,True
4380,1773650530.583158,1773651568.898264,1054,408,465.012449,51.029041,1.017158,True
4381,1773650530.583187,1773651415.221290,42,144,157.530202,19.399705,0.965948,True
4382,1773650530.583216,1773651529.189277,1072,382,385.074509,21.329827,0.954710,True
4383,1773650530.583245,1773651464.789731,203,179,254.716156,49.989031,1.150152,True
4384,1773650530.583275,1773651581.618332,1151,407,488.249663,64.382471,1.044008,True
4385,1773650530.583304,1773651425.610154,247,14,175.403605,71.544812,7.989138,True
4386,1773650530.583338,1773651494.065715,1862,52,312.294090,98.436665,4.193283,True
4387,1773650530.583368,1773651464.709042,788,52,253.353255,73.079377,3.534782,True
4388,1773650530.583400,1773651632.242923,1082,363,588.399801,98.311429,1.353835,True
4389,1773650530.583430,1773651634.802563,1028,396,593.497870,78.381950,1.304091,True
4390,1773650530.583462,1773651586.238997,1086,426,494.722808,63.955514,1.013570,True
4391,1773650530.583491,1773651684.393789,1027,392,689.829114,122.709412,1.450434,True
4392,1773650530.583520,1773651690.524307,1077,413,701.821975,139.180678,1.365634,True
4393,1773650530.583548,1773651539.599832,1012,403,399.493629,19.361285,0.945603,True
4394,1773650530.583577,1773651689.467187,1095,429,698.638661,95.313584,1.409638,True
4395,1773650530.583606,1773651479.699034,21,160,278.544089,62.406109,1.359358,True
4396,1773650530.583634,1773651687.571737,1055,396,693.784133,138.114094,1.406760,True
4397,1773650530.583663,1773651585.899025,1004,534,489.273391,19.457477,0.881456,True
4398,1773650530.583692,1773651568.376911,371,85,454.056368,94.112805,4.285042,True
4399,1773650530.583724,1773651588.260849,1163,432,493.763441,63.112761,0.999190,True
4400,1773650530.583753,1773651495.393393,200,193,306.684790,62.441092,1.272103,True
4401,1773650530.583782,1773651396.110624,509,95,107.868967,18.544098,0.950265,True
4402,1773650530.583810,1773651628.508299,215,175,572.170474,119.765344,2.600029,True
4403,1773650530.583842,1773651440.408927,181,121,194.413023,44.218304,1.251623,True
4404,1773650530.583871,1773651482.190272,206,162,277.850454,61.226779,1.345489,True
4405,1773650530.583900,1773651636.582869,1218,390,586.128334,92.836444,1.268103,True
4406,1773650530.583946,1773651617.207441,1086,630,546.607998,43.516801,0.799827,True
4407,1773650530.583978,1773651683.068193,1160,373,678.177094,136.277104,1.456720,True
4408,1773650530.584013,1773651634.725188,1024,373,579.378176,94.039192,1.304675,True
4409,1773650530.584046,1773651449.177519,242,14,208.263102,94.028619,8.787268,True
4410,1773650530.584085,1773651644.947794,206,217,598.506708,134.562523,2.147890,True
4411,1773650530.584123,1773651633.153506,1314,175,574.896666,139.282123,2.503532,True
4412,1773650530.584152,1773651469.026842,242,14,244.537783,88.702678,11.987316,True
4413,1773650530.584184,1773651557.477347,1063,426,420.768862,19.877535,0.943274,True
4414,1773650530.584213,1773651448.078860,181,201,201.845902,13.563924,0.941410,True
4415,1773650530.584243,1773651634.963216,1033,397,574.863925,68.904705,1.277675,True
4416,1773650530.584271,1773651631.286437,1054,373,567.486713,71.761165,1.332596,True
4417,1773650530.584303,1773651562.127614,399,103,429.146417,94.546425,3.280392,True
4418,1773650530.584332,1773651640.879901,1160,434,586.444235,75.013655,1.181133,True
4419,1773650530.584362,1773651537.907796,1011,384,380.328834,17.233566,0.948029,True
4420,1773650530.584390,1773651584.878783,1006,414,474.041806,59.133794,1.004620,True
4421,1773650530.584419,1773651611.373594,389,126,526.738163,114.183972,3.300434,True
4422,1773650530.584448,1773651432.394753,397,103,168.067355,39.059402,1.264784,True
4423,1773650530.584476,1773651429.214761,409,148,161.352091,18.518825,0.971655,True
4424,1773650530.584508,1773651678.003067,1012,373,658.904839,93.133036,1.520892,True
4425,1773650530.584537,1773651629.639727,19,164,561.920684,136.308202,2.611120,True
4426,1773650530.584571,1773651400.706739,409,93,102.359431,17.443513,0.922999,True
4427,1773650530.584599,1773651405.280631,419,97,111.400869,17.478351,0.978360,True
4428,1773650530.584628,1773651580.206282,1062,394,460.997433,57.284649,1.027259,True
4429,1773650530.584657,1773651571.817929,1018,407,443.353249,40.075581,0.993295,True
4430,1773650530.584688,1773651397.894683,382,88,93.684874,15.918205,0.893870,True
4431,1773650530.584720,1773651539.600009,1074,377,376.323090,18.905941,0.950578,True
4432,1773650530.584749,1773651624.918533,1314,149,546.869815,133.504491,2.793009,True
4433,1773650530.584778,1773651578.154895,1066,429,452.309921,39.084552,0.965480,True
4434,1773650530.584814,1773651450.852222,209,181,197.346614,18.164945,0.995454,True
4435,1773650530.584846,1773651588.921393,409,93,473.333538,109.934184,3.949993,True
4436,1773650530.584876,1773651638.338274,1192,396,572.040265,89.781311,1.220909,True
4437,1773650530.584905,1773651683.567778,1032,388,661.275146,109.258329,1.426400,True
4438,1773650530.584949,1773651682.364883,1038,392,658.621976,88.629502,1.457781,True
4439,1773650530.584980,1773651575.080754,374,61,443.768877,131.795184,5.199562,True
4440,1773650530.585009,1773651715.057505,1095,649,723.190762,112.573982,0.942310,True
4441,1773650530.585042,1773651634.963089,1040,393,562.832715,69.124756,1.259459,True
4442,1773650530.585071,1773651655.177953,1024,576,603.241198,88.542195,0.895129,True
4443,1773650530.585100,1773651544.253701,1027,374,381.055808,20.823791,0.965769,True
4444,1773650530.585133,1773651635.431186,1012,394,563.200685,70.520513,1.253639,True
4445,1773650530.585163,1773651413.259984,237,14,117.787040,54.336186,4.880835,True
4446,1773650530.585192,1773651474.156378,1314,185,239.222726,37.723701,1.095103,True
4447,1773650530.585221,1773651633.259971,206,187,556.889670,111.221376,2.396066,True
4448,1773650530.585249,1773651556.792000,987,407,403.097305,18.661146,0.946887,True
4449,1773650530.585279,1773651410.993829,388,91,111.128911,20.357444,1.008572,True
4450,1773650530.585308,1773651610.978367,1180,596,511.076240,27.590864,0.812580,True
4451,1773650530.585339,1773651594.591264,181,181,476.439263,85.728415,2.170616,True
4452,1773650530.585379,1773651508.459039,212,217,304.089967,52.288987,1.165745,True
4453,1773650530.585412,1773651436.114506,379,98,159.024655,35.666648,1.271732,True
4454,1773650530.585442,1773651691.179247,1065,411,669.005284,133.762053,1.305471,True
4455,1773650530.585474,1773651443.680151,163,161,172.251613,16.350896,0.974379,True
4456,1773650530.585503,1773651639.519417,957,420,563.646798,71.561534,1.174428,True
4457,1773650530.585532,1773651568.652995,1176,391,421.176328,35.899679,0.987889,True
4458,1773650530.585567,1773651475.547712,1353,224,234.585509,18.841234,0.967463,True
4459,1773650530.585596,1773651579.186907,1021,421,440.805225,36.878730,0.961730,True
4460,1773650530.585627,1773651432.333480,381,128,146.971532,18.248587,1.013566,True
4461,1773650530.585656,1773651406.222705,382,59,94.519794,24.068286,1.214681,True
4462,1773650530.585685,1773651688.355786,1051,408,658.304199,109.375535,1.348719,True
4463,1773650530.585714,1773651445.048310,375,77,171.106710,49.207826,1.603933,True
4464,1773650530.585742,1773651638.618916,1018,396,558.164014,84.301540,1.199652,True
4465,1773650530.585771,1773651690.747139,1028,419,662.291606,114.082653,1.311505,True
4466,1773650530.585800,1773651680.696732,1053,385,641.941328,81.958018,1.458290,True
4467,1773650530.585829,1773651620.459847,1313,133,521.192884,130.575233,2.959225,True
4468,1773650530.585858,1773651590.208854,200,179,460.317199,69.208733,2.197239,True
4469,1773650530.585887,1773651414.974723,377,82,109.805158,20.292934,1.105089,True
4470,1773650530.585915,1773651646.820689,1107,455,573.285563,88.691101,1.067389,True
4471,1773650530.585960,1773651638.266201,1053,411,556.155835,69.069412,1.188016,True
4472,1773650530.585990,1773651587.430129,1145,456,454.358914,22.781362,0.948522,True
4473,1773650530.586023,1773651595.950727,401,105,470.859706,81.163710,3.747077,True
4474,1773650530.586053,1773651692.714012,1165,417,663.318923,133.682546,1.273164,True
4475,1773650530.586082,1773651580.746729,894,57,436.925817,139.145206,5.317511,True
4476,1773650530.586111,1773651482.518340,1314,167,240.343433,39.705012,1.208665,True
4477,1773650530.586223,1773651574.889755,995,375,424.980355,46.303030,1.012506,True
4478,1773650530.586260,1773651523.533437,242,56,322.119721,86.395473,4.285895,True
4479,1773650530.586290,1773651590.389962,1035,428,453.153021,44.332213,0.957426,True
4480,1773650530.586319,1773651634.156488,940,384,540.664375,65.433872,1.240811,True
4481,1773650530.586349,1773651603.925843,181,100,479.229341,109.372890,3.735924,True
4482,1773650530.586384,1773651612.902637,397,105,496.932578,136.991904,3.460968,True
4483,1773650530.586415,1773651572.744464,1171,428,416.404265,17.166849,0.934982,True
4484,1773650530.586444,1773651460.914813,414,110,191.474346,42.968030,1.362443,True
4485,1773650530.586474,1773651565.401278,999,95,399.665451,86.581779,3.330677,True
4486,1773650530.586504,1773651583.502242,1139,399,435.240179,45.038711,0.980406,True
4487,1773650530.586533,1773651487.855603,209,162,243.208940,43.339141,1.241427,True
4488,1773650530.586567,1773651454.907926,1320,158,177.189510,17.457336,1.017402,True
4489,1773650530.586597,1773651642.747144,1010,410,551.376415,88.257121,1.132321,True
4490,1773650530.586627,1773651574.091333,1099,396,413.918689,32.457379,0.965725,True
4491,1773650530.586657,1773651575.569708,1163,402,416.852972,32.445656,0.958622,True
4492,1773650530.586686,1773651509.331515,375,69,284.292020,62.072433,3.267935,True
4493,1773650530.586715,1773651587.759443,1115,451,438.705488,31.182924,0.905606,True
4494,1773650530.586747,1773651530.362544,310,18,323.568585,132.850374,11.218718,True
4495,1773650530.586776,1773651586.526165,1038,399,435.479311,44.275249,0.982925,True
4496,1773650530.586806,1773651638.058385,1021,375,537.822972,86.170408,1.207627,True
4497,1773650530.586835,1773651427.580550,567,104,115.489572,13.934066,0.985976,True
4498,1773650530.586869,1773651427.146695,384,63,113.453888,29.169147,1.359431,True
4499,1773650530.586897,1773651631.147736,1314,176,521.344483,103.209467,2.389343,True
4500,1773650530.586926,1773651459.567718,396,104,177.263696,39.984891,1.332804,True
4501,1773650530.586973,1773651419.198681,237,14,96.505480,42.115337,4.183857,True
4502,1773650530.587003,1773651510.535350,1315,197,279.087025,47.379969,1.182179,True
4503,1773650530.587032,1773651599.483340,197,217,456.961034,58.255675,1.845858,True
4504,1773650530.587062,1773651632.830994,1028,375,523.448745,60.194403,1.238648,True
4505,1773650530.587091,1773651641.867773,1004,402,541.501157,87.595905,1.131933,True
4506,1773650530.587121,1773651539.865904,396,80,337.464155,72.075011,3.359356,True
4507,1773650530.587153,1773651612.661461,181,122,481.965188,102.005688,3.140161,True
4508,1773650530.587182,1773651518.358173,194,217,289.988066,39.698155,1.158750,True
4509,1773650530.587212,1773651593.654177,1143,427,440.558700,41.524504,0.936700,True
4510,1773650530.587240,1773651475.547866,191,194,204.243203,15.285245,0.979057,True
4511,1773650530.587269,1773651612.781268,54,139,478.020178,67.914537,2.971780,True
4512,1773650530.587298,1773651518.186234,120,12,288.532098,127.514530,14.637961,True
4513,1773650530.587327,1773651520.022743,209,217,291.822575,40.787334,1.162200,True
4514,1773650530.587357,1773651595.528567,755,104,442.701260,67.506401,3.642669,True
4515,1773650530.587388,1773651690.026381,1002,395,631.429717,132.042065,1.267481,True
4516,1773650530.587422,1773651450.218819,394,132,151.173182,14.079060,1.046520,True
4517,1773650530.587451,1773651463.476047,203,165,177.665167,14.068258,0.997542,True
4518,1773650530.587479,1773651645.109840,1104,429,540.351954,83.779118,1.066759,True
4519,1773650530.587508,1773651639.452353,1001,384,529.014491,83.768144,1.162523,True
4520,1773650530.587538,1773651589.636311,169,163,429.150964,68.142300,2.228449,True
4521,1773650530.587567,1773651696.994918,1029,443,643.121197,130.919417,1.158828,True
4522,1773650530.587596,1773651462.469118,400,99,173.841740,39.350468,1.372360,True
4523,1773650530.587625,1773651607.290900,397,89,462.936228,130.530904,3.777333,True
4524,1773650530.587654,1773651606.138461,394,86,459.810754,130.121413,3.878698,True
4525,1773650530.587686,1773651563.121004,945,375,373.507739,15.569549,0.957054,True
4526,1773650530.587715,1773651612.414530,1312,138,471.841814,65.191049,2.968254,True
4527,1773650530.587744,1773651457.366153,431,86,159.160893,37.113212,1.435855,True
4528,1773650530.587776,1773651601.928956,1103,460,448.263229,41.141929,0.886975,True
4529,1773650530.587805,1773651589.674273,1013,402,422.689120,43.440314,0.945758,True
4530,1773650530.587834,1773651561.656710,385,64,366.628484,95.341923,4.306136,True
4531,1773650530.587867,1773651655.846810,1050,566,553.459253,82.282376,0.833941,True
4532,1773650530.587897,1773651529.295154,370,68,300.119817,65.601811,3.500269,True
4533,1773650530.587925,1773651685.455172,975,407,612.402918,62.430536,1.354612,True
4534,1773650530.587970,1773651534.762718,181,285,309.239720,22.859550,1.008381,True
4535,1773650530.588000,1773651497.058039,200,217,233.705252,16.740058,1.004468,True
4536,1773650530.588032,1773651684.263644,981,400,607.534672,62.948689,1.364877,True
4537,1773650530.588062,1773651690.138350,1029,429,619.263633,67.871020,1.288300,True
4538,1773650530.588091,1773651497.247334,212,162,233.089470,38.944703,1.205868,True
4539,1773650530.588121,1773651497.999401,419,159,234.465724,43.148691,1.210867,True
4540,1773650530.588151,1773651579.891567,1065,402,398.000442,23.443435,0.934057,True
4541,1773650530.588184,1773651621.744839,937,569,481.457092,40.015029,0.777187,True
4542,1773650530.588213,1773651584.307730,994,433,406.476491,15.876106,0.904168,True
4543,1773650530.588242,1773651655.112696,1013,554,547.464066,80.018955,0.845290,True
4544,1773650530.588274,1773651476.779060,404,113,190.733635,42.503756,1.323481,True
4545,1773650530.588306,1773651555.601736,851,89,348.194520,64.523997,3.223529,True
4546,1773650530.588336,1773651596.967303,1119,432,429.918139,40.137125,0.904364,True
4547,1773650530.588365,1773651465.841044,399,98,167.642462,40.125468,1.314608,True
4548,1773650530.588397,1773651588.041930,1042,386,411.666366,44.388179,0.953969,True
4549,1773650530.588426,1773651692.858318,1179,411,621.277722,126.276640,1.207320,True
4550,1773650530.588455,1773651618.649043,215,152,472.357685,65.908750,2.691715,True
4551,1773650530.588483,1773651627.671214,200,179,490.382024,65.897991,2.384742,True
4552,1773650530.588512,1773651589.494420,398,138,413.223442,81.662315,2.420154,True
4553,1773650530.588542,1773651463.475894,398,134,160.707984,17.652273,1.075607,True
4554,1773650530.588571,1773651640.609508,1030,403,512.998952,66.641623,1.110342,True
4555,1773650530.588599,1773651529.599554,413,61,289.892767,66.099450,3.729889,True
4556,1773650530.588629,1773651642.311029,1120,406,515.295718,75.466656,1.085998,True
4557,1773650530.588658,1773651583.900661,1014,402,397.118567,18.993571,0.942955,True
4558,1773650530.588690,1773651575.994623,1059,388,380.950371,17.062458,0.940279,True
4559,1773650530.588720,1773651622.008552,200,162,472.164758,62.451598,2.544802,True
4560,1773650530.588751,1773651498.898376,200,162,225.404289,36.863912,1.171058,True
4561,1773650530.588780,1773651520.423114,165,223,268.202196,31.914459,1.064359,True
4562,1773650530.588809,1773651592.676741,1073,429,412.687175,31.903656,0.889681,True
4563,1773650530.588838,1773651686.532492,1074,394,598.993649,88.103058,1.299976,True
4564,1773650530.588868,1773651689.749916,998,411,604.915621,89.014097,1.258296,True
4565,1773650530.588897,1773651691.756407,1046,439,608.636125,60.939791,1.250448,True
4566,1773650530.588926,1773651585.372526,1344,56,395.616360,122.320033,4.969024,True
4567,1773650530.588995,1773651585.064985,402,122,394.338235,76.648714,2.625533,True
4568,1773650530.589025,1773651474.719692,877,105,172.962584,38.358878,1.294266,True
4569,1773650530.589055,1773651425.076118,1543,46,73.423825,16.543763,1.264001,True
4570,1773650530.589085,1773651594.718776,69,162,412.309888,71.566449,2.116419,True
4571,1773650530.589114,1773651583.435455,1068,388,387.322418,28.462669,0.927286,True
4572,1773650530.589144,1773651572.954725,372,83,366.012270,58.435432,3.750937,True
4573,1773650530.589176,1773651595.813274,209,162,411.346181,74.405659,2.092798,True
4574,1773650530.589206,1773651645.524679,1103,427,510.748856,76.731701,1.018820,True
4575,1773650530.589236,1773651689.235273,1300,405,598.044113,90.500562,1.256296,True
4576,1773650530.589267,1773651641.012553,1039,395,501.475502,72.719564,1.088213,True
4577,1773650530.589300,1773651583.900653,1082,388,386.669483,28.968508,0.924292,True
4578,1773650530.589329,1773651585.952423,1108,396,388.832032,29.284855,0.910246,True
4579,1773650530.589379,1773651431.055742,382,58,78.912271,13.307300,1.150964,True
4580,1773650530.589410,1773651690.583626,1094,411,597.549882,93.564912,1.229232,True
4581,1773650530.589439,1773651585.512589,390,77,387.383925,93.554478,3.866177,True
4582,1773650530.589470,1773651691.014767,1050,397,597.909827,120.497843,1.205586,True
4583,1773650530.589503,1773651589.369012,401,141,393.360165,70.306569,2.307526,True
4584,1773650530.589532,1773651585.210214,402,123,385.021927,72.474750,2.561862,True
4585,1773650530.589561,1773651434.516755,331,18,83.342298,33.750845,2.917144,True
4586,1773650530.589591,1773651637.480595,206,211,488.418174,55.106049,2.063391,True
4587,1773650530.589620,1773651701.980227,1062,522,617.396516,55.095799,1.079272,True
4588,1773650530.589649,1773651585.952332,1104,396,384.942872,27.340088,0.905324,True
4589,1773650530.589679,1773651580.614917,403,88,371.487309,53.509258,3.654920,True
4590,1773650530.589708,1773651595.480316,1083,420,400.887981,31.560848,0.881449,True
4591,1773650530.589737,1773651630.540232,218,167,470.790989,90.229418,2.292540,True
4592,1773650530.589767,1773651611.065702,1004,501,431.698373,33.780855,0.795835,True
4593,1773650530.589796,1773651690.469459,1011,429,590.397856,59.004764,1.241573,True
4594,1773650530.589828,1773651604.322713,1407,92,417.577857,93.754901,3.558494,True
4595,1773650530.589857,1773651605.502483,394,95,419.914447,93.743829,3.469900,True
4596,1773650530.589886,1773651432.333569,382,58,72.442927,9.914762,1.096985,True
4597,1773650530.589915,1773651580.792377,1088,400,369.337992,9.903083,0.900839,True
4598,1773650530.589960,1773651572.626528,438,99,352.447333,70.478826,2.877230,True
4599,1773650530.589990,1773651562.906080,901,74,332.733745,71.142817,3.583437,True
4600,1773650530.590026,1773651619.966688,995,551,445.130491,27.346625,0.759607,True
4601,1773650530.590055,1773651455.925694,432,104,116.942964,8.572383,1.052142,True
4602,1773650530.590087,1773651469.145746,388,95,142.737443,31.220376,1.186352,True
4603,1773650530.590116,1773651465.159566,393,89,134.512202,28.857789,1.200618,True
4604,1773650530.590147,1773651528.487033,212,217,260.913805,30.967948,1.064564,True
4605,1773650530.590177,1773651595.637801,937,415,395.192893,33.259912,0.874234,True
4606,1773650530.590209,1773651571.393440,398,89,345.953193,71.525888,3.118492,True
4607,1773650530.590238,1773651656.527596,1002,565,516.203779,75.186931,0.781945,True
4608,1773650530.590267,1773651686.594452,1004,407,575.492805,55.427023,1.280950,True
4609,1773650530.590295,1773651621.017219,1318,157,444.315263,55.416527,2.492941,True
4610,1773650530.590324,1773651691.334613,1093,399,584.702543,113.574157,1.183740,True
4611,1773650530.590353,1773651482.459842,420,104,165.577852,32.528761,1.291739,True
4612,1773650530.590385,1773651579.144334,989,388,357.207607,8.384053,0.901353,True
4613,1773650530.590415,1773651595.743865,1026,418,390.055944,26.044768,0.872928,True
4614,1773650530.590444,1773651627.565257,1314,155,452.880810,90.403302,2.353750,True
4615,1773650530.590476,1773651695.843262,1190,440,589.414671,97.432591,1.120688,True
4616,1773650530.590590,1773651583.595033,393,108,364.581270,72.308322,2.731523,True
4617,1773650530.590621,1773651474.289889,396,100,145.761950,27.733420,1.192207,True
4618,1773650530.590651,1773651520.211453,1315,186,237.494455,32.494934,1.108106,True
4619,1773650530.590682,1773651577.388978,1021,375,350.509539,9.373515,0.912128,True
4620,1773650530.590712,1773651618.932073,1043,531,433.340301,31.696819,0.757818,True
4621,1773650530.590744,1773651599.547424,1491,66,394.382679,114.765142,4.301808,True
4622,1773650530.590774,1773651691.179240,1002,395,577.638850,114.754083,1.174834,True
4623,1773650530.590803,1773651694.323963,1023,429,583.907151,96.198916,1.139505,True
4624,1773650530.590836,1773651684.466508,1091,397,563.986924,51.802568,1.293395,True
4625,1773650530.590868,1773651696.468012,1135,430,587.733530,116.865613,1.097594,True
4626,1773650530.590897,1773651509.638915,1312,156,213.971610,36.747371,1.143382,True
4627,1773650530.590947,1773651582.852456,436,114,359.799209,64.726799,2.611260,True
4628,1773650530.590983,1773651592.361974,21,139,378.545773,70.524997,2.232035,True
4629,1773650530.591012,1773651607.527401,215,212,408.855294,64.580203,1.631636,True
4630,1773650530.591047,1773651602.019704,1080,427,397.012825,37.816158,0.843185,True
4631,1773650530.591076,1773651599.911491,1093,427,392.668318,30.381639,0.850438,True
4632,1773650530.591108,1773651582.444994,1006,384,357.483175,11.964393,0.902138,True
4633,1773650530.591140,1773651634.650016,165,159,459.485558,114.559808,2.183074,True
4634,1773650530.591169,1773651684.263474,1127,396,558.194283,49.109373,1.288823,True
4635,1773650530.591199,1773651644.318183,1312,230,478.284141,54.410845,1.850975,True
4636,1773650530.591227,1773651477.465099,407,124,144.345906,16.191389,1.041907,True
4637,1773650530.591256,1773651596.610649,1128,427,382.617125,20.317730,0.850468,True
4638,1773650530.591285,1773651655.803920,1005,556,499.611695,65.923773,0.781420,True
4639,1773650530.591314,1773651643.484048,1008,401,474.950801,72.731636,1.005548,True
4640,1773650530.591343,1773651641.408606,1010,388,470.632126,65.829969,1.046000,True
4641,1773650530.591372,1773651481.946181,396,101,151.563135,27.794167,1.237690,True
4642,1773650530.591401,1773651515.875550,200,183,219.399210,22.965929,1.079304,True
4643,1773650530.591431,1773651593.592221,1005,393,374.728483,29.440153,0.880838,True
4644,1773650530.591460,1773651684.667269,1089,396,555.030309,52.434972,1.272393,True
4645,1773650530.591492,1773651590.325960,1407,92,366.325403,52.424185,3.449464,True
4646,1773650530.591521,1773651686.903499,1060,383,558.980425,91.155274,1.224673,True
4647,1773650530.591550,1773651464.161845,396,76,113.183711,22.926217,1.203433,True
4648,1773650530.591578,1773651443.554016,296,18,71.548807,27.889321,2.568205,True
4649,1773650530.591608,1773651597.717681,1139,407,379.856537,30.464456,0.860572,True
4650,1773650530.591637,1773651527.765130,203,217,239.046575,17.379578,1.026236,True
4651,1773650530.591666,1773651495.714394,44,141,172.683060,21.123372,1.082569,True
4652,1773650530.591694,1773651690.960295,1093,429,561.679576,52.324590,1.190082,True
4653,1773650530.591722,1773651594.755868,1005,414,369.187893,17.858113,0.850677,True
4654,1773650530.591751,1773651645.675446,1086,423,470.979330,66.545827,0.958373,True
4655,1773650530.591780,1773651590.989917,1038,375,361.399246,27.963778,0.891539,True
4656,1773650530.591808,1773651593.440226,1104,396,364.878264,20.962650,0.870672,True
4657,1773650530.591836,1773651625.051574,937,571,428.077859,20.951083,0.714258,True
4658,1773650530.591868,1773651591.535827,1060,395,360.936623,18.941928,0.868007,True
4659,1773650530.591897,1773651592.027110,421,93,361.433441,53.998693,3.341682,True
4660,1773650530.591926,1773651682.579096,1056,383,542.519195,53.988057,1.278877,True
4661,1773650530.591974,1773651578.542379,407,95,332.863753,66.630757,2.832266,True
4662,1773650530.592016,1773651569.108867,402,78,313.978030,64.611365,3.238528,True
4663,1773650530.592058,1773651602.592335,203,181,380.694192,66.496130,1.745545,True
4664,1773650530.592088,1773651624.758375,1320,286,425.006749,64.476453,1.265019,True
4665,1773650530.592117,1773651518.357894,203,183,211.811947,19.511643,1.056595,True
4666,1773650530.592147,1773651513.915844,206,179,201.549693,16.869224,1.037531,True
4667,1773650530.592176,1773651591.863440,1101,378,357.193477,25.704749,0.879280,True
4668,1773650530.592209,1773651683.849252,1051,389,539.756265,51.335495,1.258816,True
4669,1773650530.592238,1773651593.863677,1016,396,359.596074,20.004165,0.859726,True
4670,1773650530.592267,1773651711.190789,950,590,594.164228,84.459632,0.865373,True
4671,1773650530.592296,1773651611.989811,398,90,395.484527,108.677162,3.222555,True
4672,1773650530.592325,1773651593.489528,1041,400,357.007098,17.092142,0.851917,True
4673,1773650530.592354,1773651596.256207,1109,398,362.065314,26.105991,0.846245,True
4674,1773650530.592383,1773651534.445037,197,217,238.312759,17.405802,1.022717,True
4675,1773650530.592417,1773651688.943528,982,414,546.831489,52.520967,1.196878,True
4676,1773650530.592446,1773651685.455164,1038,396,539.831997,52.510333,1.233726,True
4677,1773650530.592475,1773651605.762495,390,74,380.425881,107.375720,3.740413,True
4678,1773650530.592507,1773651688.710388,1073,393,546.093271,82.904804,1.181603,True
4679,1773650530.592535,1773651602.720520,397,82,374.089943,84.921709,3.569978,True
4680,1773650530.592567,1773651562.227983,387,68,292.878031,52.259723,3.591318,True
4681,1773650530.592597,1773651612.902629,402,92,394.204713,107.124618,3.154726,True
4682,1773650530.592629,1773651471.221023,401,87,110.568619,16.757472,1.090827,True
4683,1773650530.592658,1773651494.585189,181,119,156.695451,25.092274,1.115281,True
4684,1773650530.592687,1773651597.953823,203,159,362.726622,64.229593,1.889222,True
4685,1773650530.592716,1773651571.089424,400,84,308.436890,63.949393,2.945632,True
4686,1773650530.592747,1773651596.458139,1021,392,358.947631,27.740270,0.847078,True
4687,1773650530.592778,1773651627.307367,1046,566,420.622995,29.142729,0.692885,True
4688,1773650530.592808,1773651639.794663,1077,375,445.574159,59.724153,1.031685,True
4689,1773650530.592839,1773651603.819407,1052,429,373.561394,25.318963,0.813651,True
4690,1773650530.592868,1773651471.154609,400,82,105.398006,18.141216,1.077244,True
4691,1773650530.592896,1773651600.458383,1131,406,362.765621,29.230807,0.823543,True
4692,1773650530.592925,1773651503.882070,407,147,169.357214,17.394175,1.040843,True
4693,1773650530.592971,1773651595.528575,51,93,352.009560,48.526389,3.298730,True
4694,1773650530.593001,1773651644.137523,1207,408,448.792602,59.897790,0.955516,True
4695,1773650530.593030,1773651606.655224,409,92,373.742239,80.812433,3.219009,True
4696,1773650530.593072,1773651463.035114,386,39,86.480749,28.511615,1.525504,True
4697,1773650530.593113,1773651603.535974,382,84,367.458481,80.790282,3.453834,True
4698,1773650530.593143,1773651605.852496,1318,192,371.946198,63.238120,1.616273,True
4699,1773650530.593173,1773651595.445198,197,152,351.108238,59.749210,1.929530,True
4700,1773650530.593203,1773651600.561211,1123,402,360.931946,25.790402,0.835764,True
4701,1773650530.593232,1773651612.902462,397,91,384.886066,105.392099,3.105489,True
4702,1773650530.593261,1773651471.721010,181,89,100.943233,11.445048,1.017025,True
4703,1773650530.593289,1773651504.361624,396,127,165.993892,24.521713,1.122795,True
4704,1773650530.593318,1773651616.910801,1075,500,390.989610,21.745241,0.739969,True
4705,1773650530.593351,1773651650.415321,181,211,456.350685,103.611139,1.679712,True
4706,1773650530.593392,1773651651.944901,212,217,459.387700,103.599949,1.647166,True
4707,1773650530.593421,1773651598.579820,1066,388,351.849901,25.358005,0.843648,True
4708,1773650530.593450,1773651561.976173,375,63,277.430869,56.379580,3.565343,True
4709,1773650530.593479,1773651545.806999,165,223,244.597053,19.653315,1.013260,True
4710,1773650530.593508,1773651551.599207,1314,228,254.943547,25.892072,1.009037,True
4711,1773650530.593537,1773651491.090926,416,95,133.698533,23.772182,1.169429,True
4712,1773650530.593566,1773651643.604457,1080,397,438.203193,64.078095,0.944760,True
4713,1773650530.593598,1773651595.172969,1069,398,340.182161,9.817373,0.832153,True
4714,1773650530.593627,1773651606.375111,1034,437,362.562902,20.932548,0.783556,True
4715,1773650530.593663,1773651520.342660,200,161,190.474853,20.921569,1.059708,True
4716,1773650530.593693,1773651601.487144,1048,415,352.548187,19.091729,0.805450,True
4717,1773650530.593724,1773651548.068542,206,217,245.688160,22.788644,1.031942,True
4718,1773650530.593754,1773651686.024363,1030,396,521.490584,46.582683,1.202298,True
4719,1773650530.593782,1773651493.380786,406,108,136.182351,19.014854,1.095023,True
4720,1773650530.593811,1773651686.781672,1049,398,522.963269,49.303173,1.193098,True
4721,1773650530.593840,1773651687.151222,996,395,523.677220,54.537716,1.190709,True
4722,1773650530.593868,1773651644.601883,1095,410,437.961600,55.997856,0.933897,True
4723,1773650530.593901,1773651642.058834,1068,385,432.854106,63.550721,0.961728,True
4724,1773650530.593931,1773651656.153570,1013,552,461.023457,62.938791,0.722477,True
4725,1773650530.593977,1773651608.300706,1025,411,365.192339,28.376225,0.821503,True
4726,1773650530.594006,1773651608.182397,47,201,364.889933,63.445041,1.507224,True
4727,1773650530.594035,1773651551.344762,194,190,248.379433,26.926143,1.171711,True
4728,1773650530.594067,1773651539.600016,169,205,224.019928,18.436547,1.007762,True
4729,1773650530.594097,1773651600.657819,417,90,344.704082,54.441652,3.261376,True
4730,1773650530.594246,1773651511.453013,394,91,166.206098,39.727001,1.405323,True
4731,1773650530.594275,1773651629.439856,200,152,401.989963,78.388279,2.143058,True
4732,1773650530.594306,1773651689.803344,1067,409,522.693787,54.290615,1.148047,True
4733,1773650530.594336,1773651514.916723,1317,135,172.876821,24.464091,1.107558,True
4734,1773650530.594364,1773651535.711111,21,195,212.977250,16.804524,1.011200,True
4735,1773650530.594393,1773651539.479278,128,211,220.266169,14.958126,0.977657,True
4736,1773650530.594421,1773651621.151469,1134,518,383.358958,18.017749,0.706656,True
4737,1773650530.594450,1773651644.370885,1090,399,428.497128,62.575264,0.919402,True
4738,1773650530.594478,1773651604.257063,1030,408,348.084219,22.727063,0.799403,True
4739,1773650530.594507,1773651611.964049,1128,410,362.171067,40.143256,0.787354,True
4740,1773650530.594535,1773651691.236649,1132,396,520.498262,83.951574,1.105181,True
4741,1773650530.594563,1773651630.358795,1053,559,398.700921,24.838672,0.670004,True
4742,1773650530.594592,1773651509.823832,374,135,157.523095,17.428572,1.045482,True
4743,1773650530.594624,1773651576.158622,1295,68,290.061367,51.621015,3.558811,True
4744,1773650530.594652,1773651696.732781,1052,429,530.987064,94.611872,1.019568,True
4745,1773650530.594683,1773651526.789323,200,179,190.832461,12.931568,0.999443,True
4746,1773650530.594712,1773651645.626833,1058,415,427.216238,56.562166,0.895300,True
4747,1773650530.594741,1773651555.450343,377,59,246.280157,56.271441,3.276012,True
4748,1773650530.594774,1773651597.242858,1314,153,329.843569,56.260299,1.799890,True
4749,1773650530.594805,1773651600.806023,1055,400,336.927181,18.970420,0.796884,True
4750,1773650530.594837,1773651502.611687,379,67,140.515445,38.667914,1.543144,True
4751,1773650530.594865,1773651516.630382,1313,156,168.462270,13.182012,1.001808,True
4752,1773650530.594894,1773651603.677397,1087,388,342.407990,26.643234,0.815930,True
4753,1773650530.594923,1773651601.391151,1051,393,337.813406,23.009433,0.803071,True
4754,1773650530.594969,1773651522.948816,200,168,180.863428,14.352294,0.997073,True
4755,1773650530.595085,1773651686.409842,1039,388,507.742022,55.184733,1.169399,True
4756,1773650530.595116,1773651697.428804,1110,440,529.513062,82.266124,1.018786,True
4757,1773650530.595147,1773651476.712840,120,12,87.892508,38.255456,4.512459,True
4758,1773650530.595177,1773651652.703636,181,220,439.808436,93.051478,1.583365,True
4759,1773650530.595211,1773651601.829002,387,89,335.090801,53.440873,3.200567,True
4760,1773650530.595240,1773651544.317869,206,193,219.842172,21.097519,1.035128,True
4761,1773650530.595270,1773651624.712954,428,130,380.611351,80.531302,2.326202,True
4762,1773650530.595299,1773651595.064720,1077,376,321.088099,14.739896,0.816929,True
4763,1773650530.595328,1773651696.115758,1038,429,523.168951,82.822646,1.028847,True
4764,1773650530.595361,1773651652.451463,197,217,435.818289,94.987699,1.577919,True
4765,1773650530.595390,1773651598.525608,1010,393,326.955580,14.213030,0.797813,True
4766,1773650530.595419,1773651609.785526,1021,398,347.332511,34.902591,0.786977,True
4767,1773650530.595448,1773651542.667399,200,179,212.842388,22.870427,1.067258,True
4768,1773650530.595480,1773651688.768785,1077,401,503.213492,50.561083,1.131631,True
4769,1773650530.595510,1773651610.383993,405,110,346.420439,50.550162,2.714406,True
4770,1773650530.595541,1773651684.868382,1301,377,495.366454,55.616265,1.169548,True
4771,1773650530.595573,1773651638.438580,26,167,402.487378,92.335104,1.868387,True
4772,1773650530.595606,1773651693.945442,1123,429,513.303949,57.166855,1.065741,True
4773,1773650530.595636,1773651611.989662,408,87,349.368656,92.225964,2.990031,True
4774,1773650530.595665,1773651491.787874,395,96,108.837827,13.347182,1.005165,True
4775,1773650530.595695,1773651489.419714,398,90,104.078897,13.335797,1.019585,True
4776,1773650530.595724,1773651643.724560,1049,394,411.894226,53.582866,0.911734,True
4777,1773650530.595756,1773651494.647882,393,102,112.260348,12.199152,0.990705,True
4778,1773650530.595785,1773651568.652987,200,217,259.891931,32.316265,1.053591,True
4779,1773650530.595814,1773651587.341814,393,110,295.910460,54.369733,2.215970,True
4780,1773650530.595844,1773651642.501299,1060,383,406.207833,54.359109,0.921070,True
4781,1773650530.595875,1773651522.380961,418,110,163.935094,30.608858,1.223176,True
4782,1773650530.595904,1773651556.614871,200,183,232.378724,30.596924,1.108691,True
4783,1773650530.595952,1773651604.068250,1083,387,325.188965,19.118816,0.792928,True
4784,1773650530.595984,1773651514.301504,181,144,144.797174,8.813797,0.950933,True
4785,1773650530.596013,1773651692.622684,1056,403,500.383019,76.424177,1.054624,True
4786,1773650530.596045,1773651574.929607,384,59,264.696111,51.880276,3.669239,True
4787,1773650530.596075,1773651647.484086,1095,428,409.785666,56.175641,0.828127,True
4788,1773650530.596104,1773651566.166018,397,62,247.127379,55.582365,3.140082,True
4789,1773650530.596133,1773651522.191077,206,161,159.135243,8.093076,0.944014,True
4790,1773650530.596163,1773651576.838771,1636,78,268.279948,63.463802,2.659950,True
4791,1773650530.596195,1773651615.063921,979,91,344.711549,90.462970,2.824984,True
4792,1773650530.596224,1773651583.151094,372,95,280.864118,55.465277,2.397860,True
4793,1773650530.596253,1773651604.111611,1049,401,322.699344,14.861654,0.769594,True
4794,1773650530.596282,1773651626.179445,1062,522,365.243402,16.882040,0.668640,True
4795,1773650530.596314,1773651535.322489,200,162,183.503559,16.870372,1.034989,True
4796,1773650530.596343,1773651464.349420,242,14,41.536422,16.859224,1.898246,True
4797,1773650530.596372,1773651610.885192,1091,399,334.401606,29.922643,0.765023,True
4798,1773650530.596404,1773651610.840491,1018,429,334.186592,16.971741,0.741156,True
4799,1773650530.596433,1773651646.114545,1315,197,403.801980,78.108788,1.661700,True
4800,1773650530.596466,1773651627.035058,206,152,365.371498,50.110790,2.087819,True
4801,1773650530.596495,1773651610.804606,1315,207,332.722853,53.741035,1.354281,True
4802,1773650530.596524,1773651689.971599,1059,401,490.945509,55.525078,1.088551,True
4803,1773650530.596553,1773651625.128874,399,144,361.237157,55.513729,2.137926,True
4804,1773650530.596586,1773651691.961639,1087,388,494.879507,91.491354,1.042347,True
4805,1773650530.596615,1773651506.095657,408,96,122.084652,15.539947,1.121523,True
4806,1773650530.596644,1773651548.131275,165,189,206.027153,15.602211,1.012899,True
4807,1773650530.596673,1773651599.250188,402,156,308.199561,53.033578,1.646232,True
4808,1773650530.596702,1773651627.307355,1097,500,364.250270,28.424783,0.672997,True
4809,1773650530.596730,1773651535.322217,408,144,180.153637,21.146022,1.111941,True
4810,1773650530.596760,1773651637.960074,206,169,384.074251,76.399444,1.831398,True
4811,1773650530.596789,1773651696.250498,1090,427,500.633066,76.388669,0.995879,True
4812,1773650530.596818,1773651627.917187,1054,514,362.516076,20.965005,0.665792,True
4813,1773650530.596850,1773651601.108151,169,164,308.558169,51.355143,1.577933,True
4814,1773650530.596879,1773651605.999894,1030,402,317.989641,14.513085,0.756799,True
4815,1773650530.596908,1773651607.273555,981,398,320.156190,15.704966,0.766880,True
4816,1773650530.596955,1773651644.660244,1004,394,394.801854,60.473327,0.850709,True
4817,1773650530.596986,1773651601.911896,200,161,308.748548,60.195309,1.553458,True
4818,1773650530.597016,1773651527.818587,374,114,160.477371,27.074965,1.180552,True
4819,1773650530.597045,1773651580.792370,1349,270,265.417682,17.558188,0.921411,True
4820,1773650530.597079,1773651534.058198,399,137,171.333181,19.232965,1.118384,True
4821,1773650530.597110,1773651646.027646,1020,402,393.677693,63.106452,0.824367,True
4822,1773650530.597139,1773651597.123997,404,147,295.573656,48.846993,1.689909,True
4823,1773650530.597169,1773651515.048232,416,88,131.174081,25.193224,1.218171,True
4824,1773650530.597198,1773651604.718033,376,72,309.927336,72.569266,3.343071,True
4825,1773650530.597227,1773651590.325955,381,69,280.876392,50.136631,3.393232,True
4826,1773650530.597257,1773651691.756577,1050,411,483.715322,52.065484,1.052804,True
4827,1773650530.597286,1773651689.467321,1064,396,478.889061,55.705315,1.071351,True
4828,1773650530.597319,1773651605.111106,425,72,310.157131,74.584883,3.317919,True
4829,1773650530.597350,1773651691.122492,1012,406,482.159840,55.684123,1.053026,True
4830,1773650530.597391,1773651637.279182,417,158,374.451998,85.959745,1.837530,True
4831,1773650530.597419,1773651621.227638,1080,467,342.264305,18.852825,0.694016,True
4832,1773650530.597452,1773651519.326971,400,111,138.209123,15.419380,1.116270,True
4833,1773650530.597482,1773651614.216997,1044,411,326.715301,25.138703,0.735553,True
4834,1773650530.597522,1773651678.039572,1068,958,454.338491,27.389462,0.446133,True
4835,1773650530.597551,1773651584.774543,406,86,267.180990,63.784413,2.392901,True
4836,1773650530.597580,1773651609.141478,1068,395,314.734923,15.397860,0.759739,True
4837,1773650530.597610,1773651611.517034,1301,398,318.987464,20.187457,0.752645,True
4838,1773650530.597640,1773651610.804448,1313,207,316.405792,45.582991,1.314674,True
4839,1773650530.597670,1773651587.615075,949,96,268.633343,61.669160,2.178570,True
4840,1773650530.597699,1773651593.109403,400,114,279.600048,65.103301,1.898201,True
4841,1773650530.597729,1773651524.589760,396,109,142.019831,21.075209,1.119858,True
4842,1773650530.597759,1773651623.960373,398,113,339.047339,84.512164,2.272635,True
4843,1773650530.597789,1773651628.396693,390,127,347.900574,84.501649,2.090468,True
4844,1773650530.597818,1773651610.566744,1047,398,311.555140,17.776035,0.739998,True
4845,1773650530.597847,1773651519.833806,467,83,129.836893,26.388236,1.261569,True
4846,1773650530.597877,1773651610.614953,1105,391,310.998950,18.907960,0.748951,True
4847,1773650530.597906,1773651587.883441,181,95,264.520386,62.788834,2.146080,True
4848,1773650530.597950,1773651602.138004,203,152,293.004849,62.777695,1.524683,True
4849,1773650530.597985,1773651522.570776,392,91,133.276032,25.370515,1.198950,True
4850,1773650530.598014,1773651692.172691,1137,396,471.864921,72.473898,1.011117,True
4851,1773650530.598044,1773651576.158628,372,57,239.811942,49.475309,3.398868,True
4852,1773650530.598073,1773651610.259682,377,84,307.994919,72.451669,2.837870,True
4853,1773650530.598103,1773651689.467038,1105,396,466.178097,49.349947,1.055261,True
4854,1773650530.598132,1773651692.473314,1010,398,472.171147,72.326342,1.007166,True
4855,1773650530.598161,1773651688.058065,1066,388,463.318419,49.328688,1.069741,True
4856,1773650530.598193,1773651695.656445,1101,411,478.302350,83.726375,0.962380,True
4857,1773650530.598223,1773651553.380100,215,162,192.384099,24.116066,1.045143,True
4858,1773650530.598255,1773651615.396603,961,418,316.046993,16.650381,0.717977,True
4859,1773650530.598284,1773651513.029331,423,79,108.900483,16.197037,1.188506,True
4860,1773650530.598314,1773651648.942320,1080,429,380.120478,59.531240,0.749040,True
4861,1773650530.598343,1773651632.998017,181,315,347.965264,43.288635,0.970308,True
4862,1773650530.598372,1773651615.872564,1054,424,312.599945,15.606021,0.702113,True
4863,1773650530.598401,1773651519.769111,424,89,119.890461,16.506346,1.174819,True
4864,1773650530.598431,1773651610.291291,1104,374,300.807347,25.216895,0.738848,True
4865,1773650530.598460,1773651571.106211,197,217,222.307450,15.396183,0.957923,True
4866,1773650530.598492,1773651613.954300,1004,411,307.899646,16.200708,0.711461,True
4867,1773650530.598524,1773651696.780869,1123,429,473.407544,68.637351,0.945725,True
4868,1773650530.598558,1773651615.891353,405,95,311.605768,71.966845,2.549350,True
4869,1773650530.598588,1773651692.065027,1151,411,463.685029,47.246863,1.015703,True
4870,1773650530.598618,1773651521.408888,421,94,120.965526,15.403915,1.135071,True
4871,1773650530.598648,1773651614.216825,1080,396,306.454095,24.114727,0.714783,True
4872,1773650530.598677,1773651644.931699,977,401,366.727661,40.736391,0.814978,True
4873,1773650530.598706,1773651572.686384,200,217,220.424836,13.855539,0.956339,True
4874,1773650530.598750,1773651691.805810,1145,379,457.585819,82.867327,0.991319,True
4875,1773650530.598788,1773651577.444763,1316,234,228.801442,14.860166,0.918203,True
4876,1773650530.598821,1773651584.186588,1998,58,241.784582,47.610054,3.406571,True
4877,1773650530.598851,1773651698.672315,1025,452,470.743915,54.302885,0.923373,True
4878,1773650530.598880,1773651648.016034,961,418,369.115182,54.954078,0.753384,True
4879,1773650530.598910,1773651523.644904,404,86,120.330234,21.624618,1.161243,True
4880,1773650530.598957,1773651640.511461,1087,569,354.040081,24.159541,0.580776,True
4881,1773650530.598992,1773651691.236349,1137,385,454.407627,69.880770,1.001372,True
4882,1773650530.599021,1773651609.511089,1129,375,290.687462,16.603062,0.732846,True
4883,1773650530.599051,1773651611.650566,1000,396,294.592324,12.976737,0.712951,True
4884,1773650530.599084,1773651584.334484,421,97,239.228514,37.583830,2.100465,True
4885,1773650530.599120,1773651519.136929,440,88,108.687740,13.111522,1.098577,True
4886,1773650530.599149,1773651533.933551,404,98,137.887607,22.662214,1.187891,True
4887,1773650530.599182,1773651612.769311,1065,393,295.207380,15.604430,0.713273,True
4888,1773650530.599212,1773651648.530216,1101,418,366.370846,60.497619,0.733509,True
4889,1773650530.599242,1773651613.356638,194,217,295.753183,36.824428,1.198744,True
4890,1773650530.599271,1773651618.476068,1041,426,305.247451,14.917896,0.683128,True
4891,1773650530.599300,1773651559.402095,200,183,186.582227,11.220780,0.963524,True
4892,1773650530.599330,1773651612.414691,907,92,292.414284,58.141385,2.574427,True
4893,1773650530.599360,1773651690.304990,1095,387,448.174779,58.130583,1.010477,True
4894,1773650530.599481,1773651614.479107,414,90,296.266169,67.567131,2.569652,True
4895,1773650530.599513,1773651645.217685,194,177,357.488981,79.407264,1.580010,True
4896,1773650530.599544,1773651549.253686,418,146,165.064044,15.536373,1.031225,True
4897,1773650530.599574,1773651611.831789,1129,395,289.867127,12.526201,0.703911,True
4898,1773650530.599607,1773651615.828310,1069,419,297.037667,11.953132,0.682020,True
4899,1773650530.599636,1773651516.630554,446,83,96.463240,11.026671,1.041909,True
4900,1773650530.599665,1773651584.485995,401,77,231.482318,57.098645,2.294522,True
4901,1773650530.599695,1773651614.594264,408,98,291.110576,55.309600,2.430938,True
4902,1773650530.599724,1773651553.442995,1314,164,168.576288,10.108573,0.972195,True
4903,1773650530.599753,1773651655.891002,194,217,373.448147,76.714004,1.373769,True
4904,1773650530.599783,1773651543.540576,314,18,148.363835,56.484289,5.404679,True
4905,1773650530.599813,1773651648.651130,1049,440,358.313077,32.809641,0.741466,True
4906,1773650530.599843,1773651613.356905,194,217,287.428491,32.662403,1.179473,True
4907,1773650530.599873,1773651611.246659,1091,383,283.188370,14.656519,0.702963,True
4908,1773650530.599902,1773651525.484976,403,93,111.642069,14.645012,1.054316,True
4909,1773650530.599946,1773651524.589631,404,92,109.829114,14.634451,1.046095,True
4910,1773650530.599979,1773651710.675190,1087,568,479.155268,55.335079,0.747478,True
4911,1773650530.600009,1773651617.462848,1059,415,292.602385,12.009732,0.677760,True
4912,1773650530.600038,1773651537.476365,391,106,132.501897,17.493976,1.095314,True
4913,1773650530.600071,1773651607.032518,387,71,271.360938,62.561892,2.982844,True
4914,1773650530.600101,1773651602.310554,1574,56,261.897005,67.047376,3.542721,True
4915,1773650530.600134,1773651530.693583,401,103,118.063717,11.509292,1.044651,True
4916,1773650530.600169,1773651542.731728,181,115,142.009011,16.992171,1.096639,True
4917,1773650530.600199,1773651617.418421,1064,420,291.108771,11.032230,0.668440,True
4918,1773650530.600228,1773651646.820703,206,183,349.601637,73.860935,1.515059,True
4919,1773650530.600260,1773651645.054133,1159,400,345.917615,33.217905,0.783709,True
4920,1773650530.600290,1773651601.342006,11,161,258.221816,33.082510,1.407121,True
4921,1773650530.600319,1773651642.059008,1075,375,339.634389,33.072160,0.819685,True
4922,1773650530.600348,1773651647.295568,1053,396,350.086702,61.191611,0.731380,True
4923,1773650530.600381,1773651645.775864,1030,404,347.025535,36.745322,0.769926,True
4924,1773650530.600410,1773651524.337611,388,79,103.132542,16.314712,1.113049,True
4925,1773650530.600440,1773651620.786975,1090,427,295.784811,14.105390,0.661219,True
4926,1773650530.600469,1773651689.118340,1112,377,430.516371,56.346327,0.995133,True
4927,1773650530.600498,1773651700.168686,1082,450,452.119662,64.300802,0.863739,True
4928,1773650530.600528,1773651579.186804,206,217,210.052511,14.924986,0.903368,True
4929,1773650530.600568,1773651529.373866,1479,86,110.152326,16.022621,1.107408,True
4930,1773650530.600606,1773651616.565593,1044,411,283.669229,10.969818,0.665121,True
4931,1773650530.600635,1773651613.736179,1074,378,277.656907,17.321914,0.690544,True
4932,1773650530.600666,1773651643.949197,36,179,337.025964,62.973755,1.539619,True
4933,1773650530.600696,1773651616.306959,1058,397,281.514527,14.303800,0.674775,True
4934,1773650530.600725,1773651496.236057,302,18,41.347754,14.292142,1.591507,True
4935,1773650530.600755,1773651639.677995,197,162,328.189509,65.428572,1.632056,True
4936,1773650530.600788,1773651655.891011,203,217,360.595517,70.287163,1.344020,True
4937,1773650530.600817,1773651550.254833,402,130,149.132964,15.897546,1.032833,True
4938,1773650530.600846,1773651549.186755,377,123,146.910100,17.890990,1.057534,True
4939,1773650530.600876,1773651691.961805,1095,378,430.719557,71.233415,0.953544,True
4940,1773650530.600908,1773651613.262844,428,74,273.299694,72.069836,2.756573,True
4941,1773650530.600953,1773651697.633423,1115,415,442.022266,75.686077,0.884870,True
4942,1773650530.600988,1773651536.779839,181,84,120.125674,19.828698,1.208397,True
4943,1773650530.601021,1773651531.446622,378,80,109.328871,18.097642,1.154826,True
4944,1773650530.601051,1773651579.295285,378,55,204.792824,56.546681,2.745299,True
4945,1773650530.601081,1773651568.653001,200,163,183.322428,19.555126,1.010909,True
4946,1773650530.601111,1773651643.901401,1137,385,333.710191,33.974581,0.780561,True
4947,1773650530.601140,1773651620.500709,1140,411,286.065591,17.042812,0.656153,True
4948,1773650530.601170,1773651576.304251,1313,187,195.918231,19.579299,0.948059,True
4949,1773650530.601200,1773651545.807005,431,97,134.794898,22.100131,1.173904,True
4950,1773650530.601229,1773651611.124363,404,85,264.064310,52.697464,2.516272,True
4951,1773650530.601259,1773651692.768462,1030,388,427.059396,64.018319,0.938091,True
4952,1773650530.601289,1773651698.827174,1133,425,438.926872,72.945111,0.863165,True
4953,1773650530.601318,1773651519.769305,379,59,80.520436,12.077336,1.180053,True
4954,1773650530.601348,1773651576.179209,396,199,193.317766,12.065776,0.915414,True
4955,1773650530.601391,1773651623.840080,1063,397,288.260167,30.559975,0.650758,True
4956,1773650530.601421,1773651648.942139,1059,411,337.679901,56.014107,0.686990,True
4957,1773650530.601450,1773651644.601875,1174,387,328.711612,34.056852,0.763354,True
4958,1773650530.601479,1773651622.250380,1079,409,282.795676,18.767712,0.647127,True
4959,1773650530.601508,1773651614.231420,393,93,266.684633,50.901321,2.345471,True
4960,1773650530.601538,1773651552.613152,326,18,143.423355,50.890105,5.443132,True
4961,1773650530.601571,1773651592.361798,379,93,221.136758,54.324207,1.813180,True
4962,1773650530.601600,1773651616.610150,1030,389,269.326295,11.232925,0.665189,True
4963,1773650530.601629,1773651545.806820,388,77,127.572026,28.249831,1.306871,True
4964,1773650530.601664,1773651622.169852,1059,385,279.945361,28.801864,0.654020,True
4965,1773650530.601697,1773651623.134928,1080,429,281.338391,10.714081,0.632300,True
4966,1773650530.601728,1773651622.941982,1084,388,280.843837,30.073185,0.647986,True
4967,1773650530.601757,1773651619.061376,1042,394,272.832569,16.116606,0.653221,True
4968,1773650530.601786,1773651692.323794,1115,385,418.838561,60.352275,0.933558,True
4969,1773650530.601815,1773651698.238802,1166,418,430.644748,72.916599,0.857861,True
4970,1773650530.601847,1773651613.748646,382,81,261.392154,60.204133,2.514850,True
4971,1773650530.601879,1773651697.755524,1107,414,429.383435,72.768281,0.863475,True
4972,1773650530.601909,1773651623.210825,1054,403,279.284839,23.801898,0.635530,True
4973,1773650530.601953,1773651646.820697,1128,375,326.169101,66.154465,0.695226,True
4974,1773650530.601984,1773651598.660823,403,107,229.829316,66.143956,1.544202,True
4975,1773650530.602021,1773651650.864621,1084,419,334.215312,71.384243,0.628782,True
4976,1773650530.602072,1773651585.444443,167,217,203.353210,15.852590,0.868058,True
4977,1773650530.602107,1773651571.760112,209,164,175.961100,15.841444,0.982329,True
4978,1773650530.602136,1773651569.415507,384,50,171.058156,36.215641,2.751888,True
4979,1773650530.602165,1773651549.442329,390,83,128.386100,27.344517,1.232214,True
4980,1773650530.602196,1773651613.868363,388,92,256.244617,46.044839,2.309888,True
4981,1773650530.602225,1773651615.298958,395,95,259.085796,46.834578,2.257992,True
4982,1773650530.602256,1773651623.101380,463,97,274.437303,69.950027,2.130076,True
4983,1773650530.602285,1773651539.546095,392,95,106.008356,9.620082,1.025407,True
4984,1773650530.602320,1773651535.968420,386,73,97.779444,14.739591,1.153331,True
4985,1773650530.602349,1773651547.815813,382,111,119.911329,8.301714,1.014633,True
4986,1773650530.602379,1773651697.301779,1020,411,418.565865,62.865497,0.867562,True
4987,1773650530.602412,1773651631.449757,401,121,286.840821,65.260493,1.846503,True
4988,1773650530.602442,1773651698.116763,1104,417,419.625260,67.528079,0.846387,True
4989,1773650530.602471,1773651702.108304,1055,452,427.586186,71.665861,0.789180,True
4990,1773650530.602500,1773651544.318051,388,88,111.779168,13.390021,1.130910,True
4991,1773650530.602529,1773651564.008905,399,130,150.414855,18.568852,1.022062,True
4992,1773650530.602559,1773651637.536039,1080,512,296.491904,13.248064,0.554293,True
4993,1773650530.602592,1773651568.528116,200,165,158.202464,6.734598,0.923585,True
4994,1773650530.602621,1773651555.192795,1032,97,131.382055,23.092170,1.128020,True
4995,1773650530.602650,1773651593.486213,401,116,207.946673,30.587733,1.542252,True
4996,1773650530.602679,1773651648.942313,1001,393,317.365010,67.092206,0.638451,True
4997,1773650530.602708,1773651699.647116,1130,428,418.079293,66.882165,0.822476,True
4998,1773650530.602740,1773651698.318709,1056,438,415.132061,44.886413,0.847244,True
4999,1773650530.602770,1773651623.730184,1151,423,265.262239,5.882237,0.614645,True
5000,1773650530.602802,1773651622.985968,1053,409,263.750401,10.273845,0.621266,True
5001,1773650530.602831,1773651606.743316,407,136,230.420879,65.817803,1.219282,True
5002,1773650530.602863,1773651607.964969,126,178,232.569756,28.420635,1.153385,True
5003,1773650530.602892,1773651698.789733,1057,442,414.178198,43.938457,0.839546,True
5004,1773650530.602921,1773651571.106312,406,143,158.747338,18.146219,0.990149,True
5005,1773650530.602967,1773651582.094853,129,177,180.594515,20.796349,0.907944,True
5006,1773650530.602997,1773651620.949439,1093,396,257.152144,9.011182,0.628205,True
5007,1773650530.603026,1773651652.881034,206,217,319.276965,42.396549,1.281854,True
5008,1773650530.603060,1773651697.677639,1055,411,408.620126,64.121717,0.840240,True
5009,1773650530.603088,1773651577.983764,1316,161,169.189193,20.391264,0.929987,True
5010,1773650530.603118,1773651645.484449,206,167,303.981229,66.487703,1.430684,True
5011,1773650530.603150,1773651646.767454,1030,405,305.677099,26.171369,0.691846,True
5012,1773650530.603180,1773651648.399191,1103,423,308.919257,26.160851,0.670044,True
5013,1773650530.603214,1773651592.361789,393,75,196.820933,63.401219,1.802969,True
5014,1773650530.603244,1773651554.429369,957,113,120.813917,10.134864,0.988206,True
5015,1773650530.603274,1773651648.568748,1054,424,308.982634,27.663010,0.665058,True
5016,1773650530.603304,1773651625.851994,1301,401,262.512094,21.704729,0.602018,True
5017,1773650530.603333,1773651585.333583,1316,182,181.364763,22.528056,0.877551,True
5018,1773650530.603363,1773651638.249638,389,133,286.696819,72.885761,1.619781,True
5019,1773650530.603396,1773651629.748874,392,105,269.673782,72.874817,1.892298,True
5020,1773650530.603428,1773651618.193722,403,69,246.538738,74.377085,2.531789,True
5021,1773650530.603458,1773651649.048991,1017,570,307.293351,25.429543,0.495367,True
5022,1773650530.603487,1773651586.526000,209,217,181.600088,5.659392,0.814540,True
5023,1773650530.603516,1773651527.957768,373,58,64.444571,5.648984,1.031502,True
5024,1773650530.603545,1773651627.739810,1020,411,262.995175,21.978612,0.587845,True
5025,1773650530.603575,1773651510.670392,120,14,28.728695,7.850727,1.605998,True
5026,1773650530.603606,1773651621.589284,1001,396,250.318209,6.947188,0.616129,True
5027,1773650530.603636,1773651620.664289,1069,388,247.190857,9.142665,0.615112,True
5028,1773650530.603668,1773651552.815186,403,111,111.122464,6.123932,0.954532,True
5029,1773650530.603703,1773651593.324670,209,217,191.891575,20.841569,0.791898,True
5030,1773650530.603733,1773651583.731897,200,167,171.441619,22.821475,0.895302,True
5031,1773650530.603762,1773651558.358258,396,89,120.070899,19.900804,1.138297,True
5032,1773650530.603792,1773651693.663359,1059,401,389.837881,40.005340,0.874581,True
5033,1773650530.603904,1773651620.682886,493,107,243.854462,39.994749,1.923205,True
5034,1773650530.603952,1773651587.878375,1316,216,177.956070,6.496943,0.797484,True
5035,1773650530.603984,1773651587.704271,1314,210,177.477859,10.345537,0.799676,True
5036,1773650530.604014,1773651694.323974,1075,375,390.646246,70.299256,0.856543,True
5037,1773650530.604043,1773651539.865915,320,18,81.239441,22.501261,3.455187,True
5038,1773650530.604080,1773651614.380712,181,205,230.259697,24.112339,1.010526,True
5039,1773650530.604109,1773651647.530126,1064,411,296.537277,24.101566,0.664477,True
5040,1773650530.604138,1773651706.521622,1121,498,412.656340,59.787744,0.709997,True
5041,1773650530.604168,1773651574.218125,206,163,147.904718,5.131638,0.881315,True
5042,1773650530.604197,1773651641.615009,1054,537,282.551623,5.057979,0.517712,True
5043,1773650530.604226,1773651542.862446,371,51,85.021411,20.481048,1.290807,True
5044,1773650530.604255,1773651697.715395,1166,429,393.893763,40.035632,0.826771,True
5045,1773650530.604285,1773651553.379777,420,102,103.827413,7.845351,0.950317,True
5046,1773650530.604314,1773651623.173157,1095,391,242.175435,10.742312,0.593418,True
5047,1773650530.604346,1773651699.355139,1101,441,393.540062,41.029742,0.801160,True
5048,1773650530.604376,1773651636.023840,408,151,266.857081,41.019408,1.505584,True
5049,1773650530.604405,1773651643.855600,206,161,282.498256,57.374550,1.407023,True
5050,1773650530.604434,1773651546.000243,377,59,86.765818,15.603403,1.226938,True
5051,1773650530.604466,1773651645.136124,1313,181,284.847365,42.432415,1.346750,True
5052,1773650530.604496,1773651621.787271,384,89,238.127855,58.338950,2.043056,True
5053,1773650530.604525,1773651626.942170,1077,427,248.396628,4.330340,0.572926,True
5054,1773650530.604554,1773651585.210064,402,81,164.555434,23.979026,1.757205,True
5055,1773650530.604587,1773651624.062543,165,217,242.239282,54.408197,0.869588,True
5056,1773650530.604623,1773651607.079990,161,169,208.025785,23.844314,1.096318,True
5057,1773650530.604653,1773651555.322868,420,95,103.238100,10.467325,0.986923,True
5058,1773650530.604682,1773651576.660904,181,171,145.534172,3.181100,0.837371,True
5059,1773650530.604711,1773651511.582750,247,14,14.429572,2.706856,0.901747,True
5060,1773650530.604740,1773651623.283968,1080,396,237.810212,2.695310,0.595228,True
5061,1773650530.604775,1773651558.542021,392,99,105.609792,9.939068,0.976232,True
5062,1773650530.604804,1773651627.952648,1107,415,243.712266,9.469471,0.565804,True
5063,1773650530.604833,1773651569.019351,427,129,125.820741,9.457758,0.909086,True
5064,1773650530.604863,1773651627.739708,1129,396,242.888482,17.779366,0.569896,True
5065,1773650530.604895,1773651651.465578,1133,425,289.961499,52.777091,0.559397,True
5066,1773650530.604925,1773651670.016685,1314,243,326.978389,74.853086,1.041840,True
5067,1773650530.604973,1773651547.409212,317,18,81.556206,20.280552,3.604450,True
5068,1773650530.605003,1773651602.846397,375,54,192.363683,40.171998,2.871541,True
5069,1773650530.605032,1773651700.234581,1080,429,385.200516,58.906568,0.762369,True
5070,1773650530.605061,1773651593.237313,394,109,170.653140,20.749341,1.387998,True
5071,1773650530.605091,1773651550.689477,379,66,84.444074,14.219484,1.080378,True
5072,1773650530.605120,1773651562.122045,401,109,107.051577,7.079758,0.925665,True
5073,1773650530.605150,1773651629.230720,397,127,240.829434,38.018359,1.609612,True
5074,1773650530.605179,1773651650.671988,206,182,283.461938,57.600152,1.247855,True
5075,1773650530.605209,1773651697.213062,1112,418,375.988698,40.164627,0.805334,True
5076,1773650530.605239,1773651645.367327,1042,385,272.048654,19.315960,0.658158,True
5077,1773650530.605268,1773651648.484839,961,415,277.669452,22.189251,0.617102,True
5078,1773650530.605297,1773651561.435668,390,84,103.549110,14.414147,1.073915,True
5079,1773650530.605326,1773651598.920425,1314,231,178.411551,13.786372,0.715762,True
5080,1773650530.605365,1773651563.121014,181,113,106.581999,5.846210,0.899427,True
5081,1773650530.605396,1773651697.799616,1030,388,375.503868,73.283430,0.780931,True
5082,1773650530.605426,1773651582.569382,423,147,144.055024,17.344686,0.867879,True
5083,1773650530.605459,1773651559.778651,1856,78,98.202526,15.729726,1.071075,True
5084,1773650530.605492,1773651624.600972,407,94,227.056634,55.469505,1.845023,True
5085,1773650530.605522,1773651624.278801,388,93,226.392199,55.458483,1.857975,True
5086,1773650530.605552,1773651595.082004,394,85,167.763619,48.061955,1.425020,True
5087,1773650530.605581,1773651632.837995,1021,414,242.747807,22.330611,0.533698,True
5088,1773650530.605611,1773651556.615164,375,71,90.196249,12.558452,1.109111,True
5089,1773650530.605644,1773651556.739185,1527,90,90.421588,7.471300,0.932026,True
5090,1773650530.605676,1773651587.929194,128,174,152.676581,14.816242,0.796881,True
5091,1773650530.605705,1773651630.041277,1128,394,236.777542,22.142170,0.546146,True
5092,1773650530.605737,1773651647.484077,1030,366,269.726868,52.147862,0.596107,True
5093,1773650530.605769,1773651698.872034,1140,396,371.741255,71.880131,0.759142,True
5094,1773650530.605798,1773651625.051671,1174,381,224.036948,8.958070,0.565997,True
5095,1773650530.605827,1773651653.339352,1101,438,280.523542,54.250851,0.517786,True
5096,1773650530.605856,1773651635.345544,156,107,244.404723,74.898892,1.599112,True
5097,1773650530.605885,1773651699.054876,1095,418,371.801191,53.386590,0.763584,True
5098,1773650530.605914,1773651647.883752,1053,408,269.331035,18.621070,0.615995,True
5099,1773650530.605958,1773651633.253339,1053,395,240.049011,29.109802,0.535379,True
5100,1773650530.605989,1773651553.131907,387,64,78.420416,12.486174,1.046575,True
5101,1773650530.606018,1773651567.226388,902,95,106.231353,14.239422,0.978638,True
5102,1773650530.606047,1773651549.442483,325,18,70.270597,28.032088,2.484618,True
5103,1773650530.606077,1773651629.724361,1114,408,229.601438,10.301094,0.538821,True
5104,1773650530.606106,1773651565.315822,419,87,100.738806,15.367123,0.992694,True
5105,1773650530.606135,1773651582.914666,209,152,135.725842,11.355826,0.823642,True
5106,1773650530.606164,1773651618.438287,200,217,206.583667,16.692543,0.879126,True
5107,1773650530.606193,1773651632.056742,393,96,233.627656,72.799738,1.692925,True
5108,1773650530.606222,1773651692.667759,1115,365,354.575733,56.116063,0.819944,True
5109,1773650530.606260,1773651623.101545,393,90,215.169876,51.024656,1.844328,True
5110,1773650530.606296,1773651652.354373,1079,423,273.244382,53.055989,0.521773,True
5111,1773650530.606325,1773651609.496281,28,176,187.506421,16.095931,0.979489,True
5112,1773650530.606355,1773651558.838121,379,74,86.169391,9.471244,1.050660,True
5113,1773650530.606387,1773651652.281906,1114,408,272.826039,60.644009,0.521332,True
5114,1773650530.606416,1773651634.381380,1077,427,237.004542,15.361159,0.520290,True
5115,1773650530.606446,1773651647.530118,1126,396,263.277405,23.642802,0.606670,True
5116,1773650530.606475,1773651596.105635,17,175,158.940590,25.703260,0.765732,True
5117,1773650530.606505,1773651564.066961,379,57,94.840614,25.691930,1.234798,True
5118,1773650530.606534,1773651530.825040,120,12,26.867826,7.834191,1.730330,True
5119,1773650530.606565,1773651697.173522,1128,379,358.527268,72.244812,0.757361,True
5120,1773650530.606594,1773651611.620252,374,58,187.110822,48.476294,2.432185,True
5121,1773650530.606623,1773651658.114975,126,211,279.850166,48.351618,1.102374,True
5122,1773650530.606652,1773651692.956445,1098,367,349.511084,53.295086,0.809333,True
5123,1773650530.606682,1773651698.238810,1151,411,360.054017,48.329855,0.760303,True
5124,1773650530.606711,1773651599.770496,212,217,162.809662,12.875301,0.694141,True
5125,1773650530.606740,1773651569.019466,382,86,101.285923,17.012481,0.991452,True
5126,1773650530.606769,1773651597.062098,194,217,155.848689,7.319234,0.687636,True
5127,1773650530.606798,1773651632.076264,1021,422,225.476880,7.906457,0.516794,True
5128,1773650530.606830,1773651590.389851,12,163,141.224357,15.611213,0.775390,True
5129,1773650530.606859,1773651639.460128,1066,435,239.344423,25.051631,0.493762,True
5130,1773650530.606888,1773651578.656883,397,133,117.631183,7.403762,0.835056,True
5131,1773650530.606919,1773651577.575668,433,89,115.094449,24.811898,1.025938,True
5132,1773650530.606965,1773651586.239123,912,122,132.048319,26.011745,0.876335,True
5133,1773650530.606995,1773651641.092160,417,125,241.603225,69.864431,1.384990,True
5134,1773650530.607025,1773651636.511023,181,109,232.419547,69.853567,1.505241,True
5135,1773650530.607058,1773651587.532834,200,169,134.357749,7.694514,0.753948,True
5136,1773650530.607088,1773651585.670597,1314,156,130.478179,9.687697,0.779293,True
5137,1773650530.607120,1773651648.814226,1002,411,256.743604,19.091236,0.579640,True
5138,1773650530.607149,1773651708.751279,1045,517,376.357408,45.968188,0.640289,True
5139,1773650530.607179,1773651554.361649,309,18,65.882651,26.875543,2.294536,True
5140,1773650530.607211,1773651584.334476,376,66,124.522104,17.461162,1.647091,True
5141,1773650530.607243,1773651637.734072,1079,418,231.075215,25.289938,0.493490,True
5142,1773650530.607273,1773651574.091047,391,114,103.414022,6.351755,0.858958,True
5143,1773650530.607302,1773651580.438853,460,95,115.981676,25.038571,0.967480,True
5144,1773650530.607331,1773651616.362929,370,66,187.733180,48.999856,2.134359,True
5145,1773650530.607360,1773651719.009867,1017,620,393.007176,48.989079,0.555764,True
5146,1773650530.607389,1773651636.048690,1057,444,226.940296,7.540356,0.495259,True
5147,1773650530.607421,1773651595.480157,197,162,145.053208,24.533581,0.748569,True
5148,1773650530.607452,1773651697.553895,996,378,348.902857,72.266456,0.733784,True
5149,1773650530.607482,1773651583.435299,42,150,120.560877,5.581125,0.771676,True
5150,1773650530.607511,1773651654.782362,1054,444,262.493083,52.977242,0.472948,True
5151,1773650530.607540,1773651631.936668,1002,411,216.571503,8.636709,0.507158,True
5152,1773650530.607569,1773651618.752571,200,162,189.822970,52.672665,0.851865,True
5153,1773650530.607601,1773651645.998046,1340,519,243.298941,9.230515,0.451870,True
5154,1773650530.607631,1773651619.787159,375,79,190.560559,43.087221,1.890684,True
5155,1773650530.607660,1773651619.105665,377,77,189.179843,43.076393,1.922414,True
5156,1773650530.607695,1773651565.189508,387,80,81.175554,8.978623,0.913885,True
5157,1773650530.607729,1773651541.038664,738,20,32.853699,8.967738,1.257156,True
5158,1773650530.607759,1773651639.493395,218,138,229.408159,46.706699,1.333587,True
5159,1773650530.607788,1773651572.072088,419,91,93.290786,10.890743,0.915556,True
5160,1773650530.607817,1773651629.830391,1053,396,208.679288,6.796762,0.511095,True
5161,1773650530.607846,1773651630.540082,400,85,209.037614,69.349388,1.662955,True
5162,1773650530.607876,1773651700.270858,1166,402,348.480680,69.338296,0.696116,True
5163,1773650530.607905,1773651576.683976,378,47,101.283512,13.491760,1.908516,True
5164,1773650530.607949,1773651571.760122,394,99,90.200774,5.628017,0.862987,True
5165,1773650530.607981,1773651638.002799,1066,408,222.415312,24.347795,0.486652,True
5166,1773650530.608011,1773651647.710137,1107,397,240.930598,16.121840,0.567699,True
5167,1773650530.608041,1773651645.011615,1130,460,234.747850,24.325105,0.458437,True
5168,1773650530.608071,1773651635.369114,1133,425,215.335586,9.003671,0.486632,True
5169,1773650530.608105,1773651569.931638,384,85,84.309543,8.540707,0.902010,True
5170,1773650530.608134,1773651575.392045,375,59,95.123901,26.743553,1.178972,True
5171,1773650530.608163,1773651604.444973,1322,185,152.962359,26.918944,0.685019,True
5172,1773650530.608306,1773651568.652566,383,81,80.320161,7.824835,0.906192,True
5173,1773650530.608342,1773651654.782097,1001,444,251.888519,47.675004,0.460979,True
5174,1773650530.608375,1773651699.430543,1128,394,340.825886,66.351107,0.698409,True
5175,1773650530.608406,1773651646.208438,397,161,234.110091,42.341814,1.198552,True
5176,1773650530.608435,1773651634.006762,1020,411,209.623242,9.144677,0.488972,True
5177,1773650530.608465,1773651637.535739,1159,432,216.658059,11.756902,0.475409,True
5178,1773650530.608498,1773651602.709422,10,137,146.805487,14.059988,0.976070,True
5179,1773650530.608529,1773651698.940486,1101,414,339.247114,42.534702,0.718432,True
5180,1773650530.608558,1773651587.429822,420,98,116.101363,27.678527,0.911576,True
5181,1773650530.608588,1773651552.098898,120,12,44.973892,13.755633,2.838024,True
5182,1773650530.608622,1773651647.796687,1092,398,236.350101,13.744545,0.560719,True
5183,1773650530.608650,1773651654.474828,126,194,248.212391,41.483142,1.071136,True
5184,1773650530.608680,1773651697.213073,1099,396,333.128876,43.833142,0.732394,True
5185,1773650530.608709,1773651562.811488,321,18,64.221258,26.356717,2.227326,True
5186,1773650530.608738,1773651571.357927,437,79,81.055519,8.842419,0.925809,True
5187,1773650530.608768,1773651699.647271,1130,396,337.442121,64.443539,0.691136,True
5188,1773650530.608798,1773651561.372695,396,50,60.091771,9.636854,1.029692,True
5189,1773650530.608831,1773651590.226590,1314,153,117.777566,9.625942,0.711524,True
5190,1773650530.608861,1773651559.151781,120,12,55.397081,23.120422,2.934242,True
5191,1773650530.608897,1773651649.873625,1088,375,235.729681,46.210999,0.506734,True
5192,1773650530.608926,1773651646.472001,129,159,228.491914,43.021301,1.173865,True
5193,1773650530.608973,1773651606.655232,324,18,148.588020,63.007536,5.034146,True
5194,1773650530.609003,1773651643.034657,1340,475,221.325635,9.240139,0.447438,True
5195,1773650530.609036,1773651590.469967,311,18,115.958334,39.362850,4.505617,True
5196,1773650530.609066,1773651593.960644,218,167,122.674349,11.241877,0.671280,True
5197,1773650530.609099,1773651597.517257,19,152,129.658648,21.885176,0.713732,True
5198,1773650530.609129,1773651617.079698,127,202,166.913372,9.743129,0.781942,True
5199,1773650530.609158,1773651592.192092,212,162,116.512206,7.027792,0.680027,True
5200,1773650530.609191,1773651643.432625,1046,442,218.742952,21.712426,0.446781,True
5201,1773650530.609221,1773651622.341543,1856,78,176.510387,45.059499,1.707154,True
5202,1773650530.609251,1773651626.298076,401,70,184.151470,63.967461,1.741797,True
5203,1773650530.609280,1773651658.114792,1316,207,247.525522,39.575025,1.009468,True
5204,1773650530.609310,1773651572.255463,380,81,75.598207,6.507423,0.863635,True
5205,1773650530.609344,1773651607.634585,181,110,145.849632,43.510568,0.938890,True
5206,1773650530.609388,1773651633.083413,1095,396,196.619846,9.091793,0.474755,True
5207,1773650530.609417,1773651646.373253,1114,383,223.053417,8.519771,0.561606,True
5208,1773650530.609448,1773651605.389706,414,184,140.490401,23.073486,0.641622,True
5209,1773650530.609481,1773651590.114523,407,116,109.561893,20.440323,0.774970,True
5210,1773650530.609513,1773651640.702284,973,395,210.716084,29.148764,0.460831,True
5211,1773650530.609543,1773651631.972078,1054,388,192.514162,8.150375,0.476392,True
5212,1773650530.609572,1773651547.878628,91,16,24.199125,5.185076,1.267603,True
5213,1773650530.609601,1773651581.263340,881,113,90.574445,5.959392,0.755492,True
5214,1773650530.609631,1773651589.369002,394,82,105.511408,9.849154,1.181015,True
5215,1773650530.609660,1773651663.728472,203,205,254.210339,61.565635,0.944337,True
5216,1773650530.609697,1773651649.211205,1082,414,225.154202,9.827170,0.521373,True
5217,1773650530.609725,1773651697.591715,1126,396,321.683960,42.394562,0.707062,True
5218,1773650530.609754,1773651578.154732,396,99,82.747841,7.084765,0.772072,True
5219,1773650530.609784,1773651619.446920,460,75,165.165764,37.063167,1.731116,True
5220,1773650530.609815,1773651613.518760,1312,237,152.062691,17.570310,0.569883,True
5221,1773650530.609844,1773651583.150629,872,86,90.471177,18.132323,0.851045,True
5222,1773650530.609874,1773651659.336462,129,205,239.889726,40.901004,0.975435,True
5223,1773650530.609903,1773651637.163560,1057,422,195.480965,6.310158,0.449337,True
5224,1773650530.609951,1773651584.254682,373,83,89.534846,18.731114,0.863460,True
5225,1773650530.609983,1773651583.615113,398,88,88.120251,16.487055,0.823370,True
5226,1773650530.610016,1773651637.935891,1099,396,196.658387,17.670943,0.453133,True
5227,1773650530.610046,1773651611.021480,181,216,142.806741,19.147090,0.575161,True
5228,1773650530.610075,1773651608.533781,203,176,137.810398,27.525657,0.630199,True
5229,1773650530.610104,1773651601.342159,1354,130,122.936751,6.589482,0.901917,True
5230,1773650530.610133,1773651610.005648,375,44,140.243301,39.261588,2.348412,True
5231,1773650530.610163,1773651657.305769,181,198,234.822220,39.250665,0.992749,True
5232,1773650530.610192,1773651607.964790,27,159,136.120199,6.557059,0.820020,True
5233,1773650530.610221,1773651573.086243,1164,37,66.338964,10.926433,1.539237,True
5234,1773650530.610250,1773651586.071415,376,64,92.291081,10.915652,1.291673,True
5235,1773650530.610280,1773651699.751272,1073,395,318.699524,57.787197,0.662214,True
5236,1773650530.610309,1773651551.599054,324,18,21.112088,5.456451,0.920920,True
5237,1773650530.610338,1773651638.593319,1021,394,194.677149,19.172779,0.446576,True
5238,1773650530.610369,1773651704.365273,975,442,325.738583,56.692615,0.610082,True
5239,1773650530.610399,1773651698.436837,1114,403,313.613222,37.514060,0.686814,True
5240,1773650530.610432,1773651592.084867,891,93,100.783354,25.461161,0.818719,True
5241,1773650530.610461,1773651645.940824,1045,444,206.538944,15.546690,0.431134,True
5242,1773650530.610493,1773651603.381506,1318,192,121.291715,9.694093,0.584281,True
5243,1773650530.610523,1773651581.786470,381,91,77.972598,9.630084,0.759361,True
5244,1773650530.610552,1773651581.970254,380,71,78.317066,17.616563,0.867150,True
5245,1773650530.610581,1773651599.125144,181,119,112.502250,27.372822,0.721436,True
5246,1773650530.610610,1773651601.108303,181,123,115.110973,7.289974,0.883779,True
5247,1773650530.610639,1773651584.187121,91,16,80.950677,34.508894,3.096119,True
5248,1773650530.610668,1773651652.387484,1053,446,217.332007,10.875252,0.463948,True
5249,1773650530.610697,1773651643.581083,1351,144,198.741088,37.793105,1.125510,True
5250,1773650530.610726,1773651593.489519,181,122,98.452769,16.165115,0.680063,True
5251,1773650530.610755,1773651580.737205,1336,41,72.822510,23.445827,1.234417,True
5252,1773650530.610784,1773651644.686020,1096,433,200.697300,19.596716,0.419214,True
5253,1773650530.610817,1773651710.147451,1089,500,331.494761,55.676233,0.552743,True
5254,1773650530.610853,1773651631.554663,391,105,174.285452,35.810986,1.331485,True
5255,1773650530.610882,1773651623.960519,941,78,158.846447,39.339174,1.552043,True
5256,1773650530.610911,1773651597.866550,203,164,105.259955,7.193126,0.601637,True
5257,1773650530.610959,1773651613.251678,215,194,134.877336,24.433303,0.572249,True
5258,1773650530.610990,1773651591.863160,389,84,92.076429,24.421597,0.815118,True
5259,1773650530.611022,1773651594.647645,429,97,97.623982,24.410745,0.762638,True
5260,1773650530.611051,1773651601.047031,62,180,110.083550,6.424564,0.579100,True
5261,1773650530.611079,1773651635.048186,410,95,177.981149,55.616460,1.301752,True
5262,1773650530.611108,1773651695.473309,996,378,298.555935,35.417378,0.697980,True
5263,1773650530.611140,1773651599.125152,466,103,104.584795,28.305042,0.747841,True
5264,1773650530.611170,1773651697.996656,1030,393,301.990138,40.882897,0.666090,True
5265,1773650530.611198,1773651622.552746,197,217,150.274755,7.182595,0.662464,True
5266,1773650530.611227,1773651603.393705,397,90,111.936257,31.549101,0.903226,True
5267,1773650530.611255,1773651600.412818,881,116,105.376181,6.872345,0.856555,True
5268,1773650530.611284,1773651660.647850,1046,572,225.662712,21.743454,0.357127,True
5269,1773650530.611313,1773651640.638591,973,395,185.514110,16.052537,0.430106,True
5270,1773650530.611343,1773651585.351744,327,18,74.654039,32.139018,2.500884,True
5271,1773650530.611372,1773651646.850683,1089,427,197.548997,23.610807,0.408306,True
5272,1773650530.611403,1773651590.439773,388,80,84.593661,22.399106,0.787273,True
5273,1773650530.611433,1773651705.385353,1100,466,314.187818,39.593171,0.590526,True
5274,1773650530.611466,1773651612.193658,20,129,127.717663,31.829219,0.749128,True
5275,1773650530.611496,1773651599.017200,181,110,101.073413,6.116132,0.871168,True
5276,1773650530.611525,1773651662.617387,209,217,228.080720,34.078827,0.898157,True
5277,1773650530.611553,1773651643.829181,1088,394,189.262975,24.762521,0.418576,True
5278,1773650530.611581,1773651646.255498,1114,400,193.992232,29.266487,0.412846,True
5279,1773650530.611610,1773651604.204968,181,119,109.515142,29.078760,0.681664,True
5280,1773650530.611642,1773651618.097089,194,194,137.278298,29.773137,0.557022,True
5281,1773650530.611674,1773651656.725916,181,173,213.214768,51.556387,0.939874,True
5282,1773650530.611706,1773651622.056065,1318,224,143.584808,27.055856,0.522551,True
5283,1773650530.611735,1773651651.437618,1315,169,202.094762,37.495130,0.979760,True
5284,1773650530.611764,1773651641.803177,1109,436,182.806747,3.830788,0.411439,True
5285,1773650530.611793,1773651649.443258,203,162,198.064187,37.473535,0.997457,True
5286,1773650530.611822,1773651609.279035,69,144,117.175263,28.539592,0.619830,True
5287,1773650530.611850,1773651636.624849,1126,396,170.538200,2.874830,0.424464,True
5288,1773650530.611879,1773651611.517024,206,162,120.093896,25.849844,0.585367,True
5289,1773650530.611907,1773651614.593981,200,179,126.222531,3.115979,0.691610,True
5290,1773650530.611955,1773651592.676474,404,129,82.140579,5.246276,0.600737,True
5291,1773650530.611986,1773651642.912168,1044,414,182.588976,14.021432,0.408154,True
5292,1773650530.612019,1773651622.552473,212,217,140.884294,3.173090,0.637552,True
5293,1773650530.612048,1773651620.513736,1313,204,136.785952,7.812879,0.635335,True
5294,1773650530.612112,1773651605.405235,413,98,106.547515,28.032135,0.809437,True
5295,1773650530.612146,1773651615.008619,1349,177,125.524191,9.399418,0.659800,True
5296,1773650530.612174,1773651647.794909,1320,157,190.354103,32.588667,1.011317,True
5297,1773650530.612203,1773651599.770403,373,99,93.888351,24.964549,0.703304,True
5298,1773650530.612233,1773651700.667073,1073,401,295.527597,48.770287,0.616893,True
