RequestID,ArrivalTime,CompletionTime,InputTokens,OutputTokens,Latency,TTFT,TPOT,Success,QueueingDelay,SendCount
1356,1774174401.027864,1774175786.286759,1061,448,567.884939,221.741117,0.774371,True,817.373956,2
3056,1774174401.081981,1774177598.212710,1288,68,231.769475,145.669991,1.285067,True,2965.361253,1
1441,1774174401.032143,1774175681.888094,1035,391,394.171430,154.646560,0.614166,True,886.684522,2
1781,1774174401.042558,1774176274.287694,981,381,549.713664,333.927998,0.567857,True,1323.531472,2
1951,1774174401.047807,1774176286.292218,980,372,434.079052,195.183124,0.643924,True,1451.165360,2
2716,1774174401.071463,1774177703.727854,1082,607,794.089695,328.387637,0.768485,True,2508.566696,2
1357,1774174401.027892,1774175779.753439,1041,385,560.043088,151.213585,1.064660,True,818.682458,1
1442,1774174401.032171,1774175521.952926,385,67,234.184334,172.697608,0.931617,True,886.736421,2
1782,1774174401.042587,1774176339.510959,1029,405,614.885966,360.343180,0.630056,True,1323.582407,2
1952,1774174401.047841,1774176467.707827,1102,530,613.738799,215.511244,0.752793,True,1452.921187,2
2717,1774174401.071492,1774177034.062221,390,75,123.548549,54.194558,0.937216,True,2509.442179,1
1358,1774174401.027921,1774176698.717536,955,602,1478.596298,897.017173,0.967686,True,819.093317,3
1443,1774174401.032199,1774175524.455941,380,97,233.916441,92.066556,1.477603,True,889.507301,1
1783,1774174401.042620,1774176173.040944,374,91,447.622215,297.425153,1.668856,True,1324.376109,2
1953,1774174401.047870,1774176297.401274,1005,394,442.163659,232.592838,0.533259,True,1454.189744,2
2718,1774174401.071522,1774177608.754576,1115,477,696.651090,369.074738,0.688186,True,2511.031964,2
1359,1774174401.027953,1774175543.849382,857,117,323.205208,221.719071,0.874880,True,819.616222,2
3059,1774174401.082073,1774177830.246591,1092,389,462.439120,144.305924,0.819931,True,2966.725397,1
1444,1774174401.032231,1774175788.557822,1046,393,498.007302,92.055428,1.035592,True,889.518289,1
1784,1774174401.042648,1774176442.203060,1023,415,713.924629,290.192432,1.023508,True,1327.235783,2
1954,1774174401.047899,1774176150.948560,403,94,295.536711,257.541846,0.408547,True,1454.363951,2
2719,1774174401.071550,1774177585.792750,1140,403,673.023799,309.789038,0.903569,True,2511.697401,2
1360,1774174401.027981,1774175821.042123,1036,394,599.988105,191.228295,1.040101,True,820.026037,2
3060,1774174401.082103,1774177573.337723,376,58,205.366194,104.939739,1.761868,True,2966.889427,1
1445,1774174401.032262,1774175869.541975,1036,390,577.729532,169.499963,1.049433,True,890.780180,2
1785,1774174401.042677,1774175813.469610,956,59,83.347060,32.034459,0.884700,True,1329.079873,1
1955,1774174401.047928,1774177006.041969,1169,451,1149.621080,799.052952,0.779040,True,1455.372962,3
2720,1774174401.071579,1774177418.999479,1316,288,504.460979,354.716325,0.521758,True,2513.466920,2
1361,1774174401.028011,1774175301.084809,385,88,79.576730,14.559958,0.747319,True,820.480068,1
1446,1774174401.032291,1774176639.787516,985,552,1347.328478,819.330857,0.958253,True,891.426747,3
1786,1774174401.042705,1774176287.670757,1057,388,557.330579,336.674353,0.570171,True,1329.297473,2
1956,1774174401.047956,1774176372.991616,1140,397,513.948493,149.080135,0.921385,True,1457.995167,2
2721,1774174401.071613,1774177722.281642,1078,615,807.505840,329.342775,0.778767,True,2513.704189,2
1362,1774174401.028039,1774175701.211373,1313,148,478.379534,361.062247,0.798077,True,821.803800,2
3062,1774174401.082160,1774177620.945256,91,16,250.690699,188.363363,4.155156,True,2969.172396,1
1447,1774174401.032320,1774175694.531975,1054,397,401.958530,170.147466,0.585381,True,891.541126,2
1787,1774174401.042739,1774176741.259967,1053,385,1009.655361,395.832700,1.598497,True,1330.561867,2
1957,1774174401.047985,1774176304.489166,1083,395,443.590798,214.558500,0.581300,True,1459.850383,2
2722,1774174401.071645,1774177758.592990,1078,459,843.479414,327.459352,1.126681,True,2514.041931,2
1363,1774174401.028067,1774175872.465231,1035,395,647.790593,231.010336,1.057818,True,823.646570,2
3063,1774174401.082189,1774177606.000140,394,80,235.714069,122.173067,1.437228,True,2969.203882,1
1448,1774174401.032351,1774175548.651570,181,126,256.068252,159.776057,0.770338,True,891.550968,2
1788,1774174401.042767,1774176300.767700,1041,395,568.894908,345.738521,0.566387,True,1330.830025,2
1958,1774174401.048013,1774176382.652686,1034,398,520.986470,235.575621,0.718919,True,1460.618203,2
2723,1774174401.071675,1774177627.685015,1050,501,711.937090,330.573360,0.762727,True,2514.676250,2
1364,1774174401.028096,1774175661.999771,1171,380,437.314527,217.677726,0.579517,True,823.657148,2
3064,1774174401.082218,1774177810.911693,398,94,440.552001,203.096255,2.553288,True,2969.277475,1
1449,1774174401.032379,1774175849.654215,1089,412,554.872267,110.455457,1.081306,True,893.749568,1
1789,1774174401.042795,1774176325.417937,1146,401,593.482900,351.177622,0.605763,True,1330.892241,2
1959,1774174401.048041,1774176193.927308,404,131,332.250332,176.268306,1.199862,True,1460.628935,2
2724,1774174401.071703,1774177672.717567,978,550,756.916836,363.435072,0.716725,True,2514.729027,2
1365,1774174401.028124,1774175591.054280,1314,218,366.087795,229.677356,0.628620,True,823.938361,2
3065,1774174401.082249,1774177867.912230,1167,414,497.521188,133.407704,0.881631,True,2969.308793,1
1450,1774174401.032408,1774175564.044616,405,89,269.147745,144.624591,1.415036,True,893.864463,1
1790,1774174401.042824,1774176391.855961,1038,401,657.759772,324.122849,0.834092,True,1333.053365,2
1960,1774174401.048070,1774176468.102188,1073,422,606.209394,249.896814,0.846348,True,1460.844724,2
2725,1774174401.071732,1774177532.874666,1136,411,617.011946,371.549958,0.598688,True,2514.790987,2
1366,1774174401.028153,1774175652.268430,1003,376,427.075874,251.764720,0.467496,True,824.164403,2
3066,1774174401.082278,1774177845.496379,1027,396,474.652122,153.209954,0.813778,True,2969.761978,1
1451,1774174401.032459,1774175839.933163,1097,393,544.495064,146.588598,1.015068,True,894.405640,2
1791,1774174401.042855,1774176865.745559,1051,440,1131.423638,398.241248,1.670119,True,1333.279066,2
1961,1774174401.048098,1774176119.132594,243,14,256.667816,251.964929,0.361761,True,1461.416680,2
2726,1774174401.071761,1774177468.968437,1144,385,553.094978,336.292177,0.564591,True,2514.801697,2
1367,1774174401.028185,1774175777.026687,1013,439,551.369367,226.702402,0.741249,True,824.629136,2
3067,1774174401.082307,1774177816.068948,181,104,444.925685,196.248289,2.414344,True,2970.060955,1
1452,1774174401.032488,1774175773.761642,1168,436,477.584766,177.334177,0.690231,True,895.144389,2
1792,1774174401.042884,1774176194.148942,15,134,459.500067,372.310930,0.655557,True,1333.605991,2
1962,1774174401.048126,1774176284.247923,1146,389,419.670133,187.729442,0.597785,True,1463.529665,2
2727,1774174401.071793,1774177762.874099,1147,669,843.846761,312.523893,0.795394,True,2517.955545,2
1368,1774174401.028216,1774175850.434900,1129,526,624.715340,237.001112,0.738503,True,824.691343,2
3068,1774174401.082336,1774177943.367517,1319,209,572.119828,202.207980,1.778422,True,2970.165353,1
1453,1774174401.032516,1774175504.155530,333,18,206.123099,178.924891,1.599895,True,896.999915,2
1793,1774174401.042912,1774176915.854815,1006,394,1180.674145,958.047302,0.566481,True,1334.137757,3
1963,1774174401.048154,1774176352.849635,1017,394,487.526231,187.917044,0.762364,True,1464.275250,2
2728,1774174401.071822,1774177066.146236,393,122,147.107885,18.924906,1.059363,True,2517.966530,1
1369,1774174401.028245,1774176932.396059,986,441,1706.001322,1143.877542,1.277554,True,825.366492,2
3069,1774174401.082377,1774177876.259547,1319,150,502.487336,208.917109,1.970270,True,2972.689835,1
1454,1774174401.032545,1774175745.844304,1053,415,447.586290,170.785250,0.668602,True,897.225470,2
1794,1774174401.042941,1774175878.178408,424,102,142.987033,67.209287,0.750275,True,1334.148434,1
1964,1774174401.048183,1774177069.456731,1164,395,1202.052620,752.401810,1.141246,True,1466.355928,3
2729,1774174401.071863,1774177806.183046,1045,479,887.039552,344.805755,1.134380,True,2518.071632,2
1370,1774174401.028273,1774175643.037704,1028,366,415.702063,239.625396,0.482402,True,826.307368,2
3070,1774174401.082406,1774177831.390806,408,105,457.608356,208.906693,2.391362,True,2972.700044,1
1455,1774174401.032573,1774175561.299926,396,107,262.123235,106.877950,1.464578,True,898.144118,2
1795,1774174401.042969,1774176345.042141,1029,415,609.747985,346.109066,0.636809,True,1334.251187,2
1965,1774174401.048211,1774176176.802121,1312,156,307.764750,220.976046,0.559927,True,1467.989160,2
2730,1774174401.071901,1774177380.832860,1324,200,461.678771,341.314016,0.604848,True,2518.082187,2
1371,1774174401.028302,1774176382.545927,1160,400,1154.519235,805.127954,0.875667,True,826.998389,3
1456,1774174401.032602,1774175884.577771,986,448,585.318645,83.346731,1.122980,True,898.226524,1
1796,1774174401.043003,1774177038.607733,1006,488,1303.262001,956.290571,0.712467,True,1334.302730,3
1966,1774174401.048242,1774176352.743847,1096,396,483.194976,223.002767,0.658714,True,1468.500629,2
2731,1774174401.071930,1774177058.712464,1057,89,139.393324,59.283895,0.910334,True,2518.247210,1
1372,1774174401.028334,1774177735.091455,1160,639,2507.053721,2043.178766,0.727077,True,827.009400,5
3072,1774174401.082485,1774177826.689760,1820,109,452.678407,202.055719,2.320580,True,2972.928867,1
1457,1774174401.032631,1774175647.194700,1315,198,345.538724,118.164265,1.154185,True,900.623345,1
1797,1774174401.043031,1774176793.437627,1005,386,1056.534521,471.647095,1.519188,True,1335.860075,2
1967,1774174401.048270,1774176175.205732,983,151,304.470948,227.482616,0.513256,True,1469.686513,2
2732,1774174401.071959,1774177355.599661,374,64,435.903253,322.876373,1.794077,True,2518.624450,2
1373,1774174401.028366,1774177748.832170,1036,650,2520.690917,1995.786796,0.808789,True,827.112888,5
3073,1774174401.082514,1774177843.099342,1034,403,467.724646,123.882018,0.855330,True,2974.292182,1
1458,1774174401.032663,1774175505.534135,407,83,203.774911,80.846570,1.499126,True,900.726561,1
1798,1774174401.043062,1774176191.247736,404,96,454.129438,398.154317,0.589212,True,1336.075236,2
1968,1774174401.048390,1774176358.637926,1050,412,487.850713,227.430169,0.633627,True,1469.738824,2
2733,1774174401.071987,1774177755.588350,1086,451,833.734533,357.200321,1.058965,True,2520.781831,2
1374,1774174401.028394,1774176548.198809,1007,441,1318.819047,891.993390,0.970058,True,828.351368,2
3074,1774174401.082546,1774177843.324044,1122,396,467.721503,146.028136,0.814414,True,2974.519995,1
932,1774174401.014657,1774175436.901237,1296,405,511.703053,72.125257,1.088064,True,524.183527,1
1459,1774174401.032691,1774175861.883943,1032,398,560.022335,137.659821,1.063885,True,900.828916,1
1799,1774174401.043090,1774176454.471982,1147,509,715.083606,361.083404,0.696851,True,1338.345286,2
1969,1774174401.048443,1774176170.068280,399,87,298.261141,254.648832,0.507120,True,1470.758695,2
2734,1774174401.072020,1774177454.355717,1031,375,530.454285,347.315270,0.489677,True,2522.829412,2
1375,1774174401.028435,1774175818.150968,1154,482,587.746439,248.587300,0.705113,True,829.376094,2
3075,1774174401.082574,1774177826.414196,1113,375,448.582242,153.094899,0.790073,True,2976.749380,1
1460,1774174401.032721,1774175751.799347,1064,396,324.981605,61.947306,0.665910,True,1025.785021,1
1800,1774174401.043118,1774175896.042145,1314,138,156.590687,54.664383,0.743988,True,1338.408340,1
1970,1774174401.048474,1774176159.361682,404,118,286.950751,208.992109,0.666313,True,1471.362457,2
2735,1774174401.072049,1774177520.502367,1111,401,596.590178,345.342597,0.628119,True,2522.840140,2
1376,1774174401.028465,1774175662.622970,1039,385,431.222324,208.742186,0.579375,True,830.372181,2
3076,1774174401.082602,1774177603.090620,181,78,224.763311,120.929833,1.348487,True,2977.244707,1
1461,1774174401.032750,1774175787.861711,1044,450,361.033258,58.200612,0.674460,True,1025.795702,1
1801,1774174401.043147,1774176416.537191,1008,408,674.930311,296.338650,0.930201,True,1340.563733,2
1971,1774174401.048504,1774176173.040638,1992,91,300.567867,224.769516,0.842204,True,1471.424268,2
2736,1774174401.072078,1774177064.664104,392,97,140.710495,31.687693,1.135654,True,2522.881532,1
1377,1774174401.028495,1774176628.597228,1082,538,1396.668320,850.223132,1.017589,True,830.900414,2
3077,1774174401.082631,1774177943.824222,203,217,564.141853,178.935114,1.783365,True,2978.599738,1
1462,1774174401.032779,1774176335.324939,1214,406,908.485470,638.136194,0.667529,True,1025.806690,2
1802,1774174401.043175,1774175850.142752,397,93,108.218052,28.629857,0.865089,True,1340.881525,1
1972,1774174401.048533,1774176342.785400,1163,409,470.013613,227.699929,0.593906,True,1471.723255,2
2737,1774174401.072107,1774177020.370886,1443,76,96.407221,20.003364,1.018718,True,2522.891558,1
1378,1774174401.028523,1774176403.865890,1144,404,1171.894803,894.485145,0.688361,True,830.942563,3
3078,1774174401.082659,1774177839.206994,397,115,458.417939,195.277917,2.308246,True,2979.706395,1
1463,1774174401.032808,1774175731.871790,1033,406,305.021647,63.684403,0.595894,True,1025.817335,1
1803,1774174401.043203,1774176399.849010,1027,450,657.862585,354.145681,0.676430,True,1340.943223,2
1973,1774174401.048562,1774177689.854160,1103,577,1816.722857,1370.987710,0.773846,True,1472.082741,4
2738,1774174401.072135,1774177537.953988,1000,414,613.938208,340.835776,0.661265,True,2522.943644,2
1379,1774174401.028551,1774177729.526497,979,622,2497.266102,2021.811609,0.765627,True,831.231844,5
3079,1774174401.082688,1774177856.300940,1110,408,475.460433,130.214174,0.848271,True,2979.757819,1
1464,1774174401.032837,1774175561.366522,42,154,134.505635,66.414263,0.445042,True,1025.828049,1
1804,1774174401.043231,1774175876.166102,424,96,133.953031,51.902602,0.863689,True,1341.169841,1
1974,1774174401.048592,1774177743.435943,1123,651,1870.129135,1414.106076,0.701574,True,1472.258217,4
2739,1774174401.072164,1774177078.338716,1722,100,154.311672,72.547458,0.825901,True,2522.954880,1
1380,1774174401.028580,1774175655.697051,181,147,423.426653,266.128915,1.077382,True,831.241818,2
933,1774174401.014685,1774175485.235179,1199,440,559.923087,79.387028,1.094615,True,524.297407,1
1465,1774174401.032865,1774175704.110468,1025,401,277.238592,68.081340,0.522893,True,1025.839012,1
1805,1774174401.043262,1774176364.496520,1042,424,619.968204,349.932971,0.638381,True,1343.485055,2
1975,1774174401.048620,1774176298.239593,1032,396,422.645359,218.867417,0.515894,True,1474.545614,2
2740,1774174401.072193,1774177471.639343,1186,380,547.447096,319.926479,0.600318,True,2523.120054,2
1381,1774174401.028609,1774175604.700743,1232,80,372.326391,272.599089,1.262371,True,831.345743,2
3081,1774174401.084220,1774177783.096632,1466,76,401.315004,197.650156,2.715531,True,2980.697408,1
1466,1774174401.032893,1774175515.895871,1019,52,89.012907,61.881919,0.531980,True,1025.850071,1
1806,1774174401.043294,1774176279.843560,1094,385,535.211087,318.229820,0.565055,True,1343.589179,2
1976,1774174401.048649,1774176120.099173,315,18,243.929749,218.292423,1.508078,True,1475.120775,2
2741,1774174401.072221,1774177025.725708,181,57,101.522490,54.399915,0.841475,True,2523.130997,1
1382,1774174401.028637,1774175879.877670,1126,446,646.644831,124.337258,1.173725,True,832.204201,1
3082,1774174401.084256,1774177857.434257,212,138,475.641581,197.639187,2.029215,True,2980.708420,1
1467,1774174401.032921,1774175537.532243,450,107,110.638098,58.134963,0.495313,True,1025.861224,1
1807,1774174401.043323,1774176177.082736,415,93,431.936705,292.799685,1.512359,True,1344.102708,2
1977,1774174401.048678,1774176206.663003,1316,151,330.277267,205.765626,0.830078,True,1475.337059,2
2742,1774174401.072250,1774177381.776882,404,102,456.555968,272.634896,1.821001,True,2524.148664,2
1383,1774174401.028669,1774175664.328254,1024,385,428.188704,257.136099,0.445449,True,835.110880,2
3083,1774174401.084287,1774177627.917075,878,102,244.525226,109.067808,1.341163,True,2982.307562,1
1468,1774174401.032960,1774175850.434731,181,263,423.529998,59.928400,1.387792,True,1025.871773,1
1808,1774174401.043354,1774176944.201898,1096,411,1198.983242,928.137987,0.660598,True,1344.175303,3
1978,1774174401.048706,1774176364.349430,1014,398,487.756505,108.135566,0.956224,True,1475.544219,2
2743,1774174401.072285,1774177965.908151,1089,402,1040.676656,389.718464,1.623337,True,2524.159210,2
1384,1774174401.028702,1774175295.429162,917,33,59.002411,35.425525,0.736778,True,835.398049,1
1469,1774174401.032990,1774175806.832254,1025,441,379.917748,63.619690,0.718859,True,1025.881516,1
1809,1774174401.043382,1774175872.407068,398,127,126.557685,23.504309,0.817884,True,1344.806001,1
1979,1774174401.048734,1774176986.382133,1071,426,1109.430859,814.684725,0.693520,True,1475.902540,3
2744,1774174401.072313,1774177508.863972,996,400,580.877373,330.321427,0.627960,True,2526.914286,2
1385,1774174401.028731,1774175677.754205,1226,393,441.151740,252.162589,0.482115,True,835.573734,2
3085,1774174401.084346,1774177678.943157,200,159,293.857216,107.373642,1.180276,True,2984.001595,1
1470,1774174401.033018,1774175707.460023,1201,401,280.534670,66.350069,0.535462,True,1025.892334,1
1810,1774174401.043422,1774176495.232861,1052,564,749.372180,323.619704,0.756221,True,1344.817259,2
1980,1774174401.048762,1774176466.688995,1069,523,588.506633,199.428727,0.745360,True,1477.133600,2
2745,1774174401.072343,1774177515.064936,1104,405,587.016053,320.242020,0.660332,True,2526.976540,2
1386,1774174401.028759,1774175809.987533,1171,401,573.177199,138.343771,1.087084,True,835.781574,1
1471,1774174401.033047,1774175739.386256,1021,398,312.449871,68.016423,0.615701,True,1025.903339,1
1811,1774174401.043456,1774177536.770199,1089,394,1790.898506,1511.191418,0.711723,True,1344.828237,4
1981,1774174401.048794,1774176149.476278,421,93,269.775810,185.275141,0.918486,True,1478.651675,2
2746,1774174401.072372,1774177041.653196,409,95,111.949893,14.263986,1.039212,True,2528.630932,1
1387,1774174401.028791,1774176578.578752,1032,502,1341.571790,865.116569,0.951008,True,835.978171,3
3087,1774174401.084404,1774177789.394995,399,83,400.906694,180.590859,2.686778,True,2987.403897,1
1472,1774174401.033078,1774175544.134248,417,117,117.186261,61.817125,0.477320,True,1025.914909,1
1812,1774174401.043485,1774176391.968807,1160,443,645.362581,311.895925,0.754449,True,1345.562741,2
1982,1774174401.048822,1774176447.183071,1474,109,567.368734,420.889491,1.356289,True,1478.765515,2
2747,1774174401.072401,1774177800.780888,1030,624,869.326202,361.368938,0.815341,True,2530.382285,2
1388,1774174401.028820,1774175546.313006,434,124,309.129606,219.469117,0.728947,True,836.154580,2
1473,1774174401.033107,1774175689.847464,1182,396,262.888507,58.070060,0.518528,True,1025.925850,1
1813,1774174401.043514,1774176151.802276,1786,50,404.888828,340.367079,1.316770,True,1345.869935,2
1983,1774174401.048851,1774176336.050356,1097,393,456.161649,162.859611,0.748219,True,1478.839856,2
2748,1774174401.072446,1774177083.061774,370,107,151.102033,57.863616,0.879608,True,2530.887295,1
1389,1774174401.028848,1774175398.153270,311,18,160.908023,120.325057,2.387233,True,836.216398,1
1474,1774174401.033135,1774177102.569663,1027,569,1675.599668,1238.809089,0.768997,True,1025.936859,3
1814,1774174401.043542,1774176648.939138,1090,558,899.215888,308.496153,1.060538,True,1348.679707,2
1984,1774174401.048880,1774176468.215994,1086,419,584.304262,144.658136,1.051785,True,1482.862853,2
2749,1774174401.072475,1774177519.224713,1139,393,587.049097,321.012930,0.678664,True,2531.103141,2
1390,1774174401.028877,1774175519.098467,1133,92,281.299526,149.265588,1.450922,True,836.770065,1
3090,1774174401.084512,1774177847.146318,1123,401,455.159041,113.737852,0.853553,True,2990.902765,1
1475,1774174401.033164,1774175557.289927,1351,140,130.309190,63.553830,0.480254,True,1025.947573,1
1815,1774174401.043571,1774176216.759829,1317,180,466.820353,342.612270,0.693900,True,1348.895906,2
1985,1774174401.048909,1774176139.553402,238,14,255.083990,128.178272,9.761978,True,1483.420503,2
2750,1774174401.072507,1774177633.272212,1103,408,700.984452,300.170946,0.984800,True,2531.215252,2
1391,1774174401.028905,1774175564.606397,401,130,326.051206,119.014980,1.604932,True,837.526285,1
3091,1774174401.084540,1774177727.495449,1303,36,335.446321,201.063738,3.839502,True,2990.964588,1
1476,1774174401.033192,1774175533.004730,409,95,106.013737,66.284438,0.422652,True,1025.957800,1
1816,1774174401.043609,1774176591.778030,1179,511,839.978529,271.043912,1.115558,True,1350.755892,2
1986,1774174401.048937,1774176304.034302,1088,382,419.450722,153.361938,0.698396,True,1483.534643,2
2751,1774174401.072536,1774177740.517450,1076,446,808.115538,341.089545,1.049497,True,2531.329376,2
1392,1774174401.028934,1774175528.685774,376,81,288.692167,188.306236,1.254824,True,838.964673,2
3092,1774174401.084574,1774177729.806035,881,33,336.435377,211.070019,3.917667,True,2992.286084,1
1477,1774174401.033221,1774175822.726804,1009,411,395.725105,67.951467,0.799448,True,1025.968478,1
1817,1774174401.043639,1774176259.995258,1116,368,508.184874,327.762116,0.491615,True,1350.766745,2
1987,1774174401.048968,1774176358.750995,1088,417,473.898914,205.161330,0.646004,True,1483.803113,2
2752,1774174401.072564,1774177492.916916,1074,396,560.166445,300.774210,0.656689,True,2531.677907,2
1393,1774174401.028962,1774175782.746712,1176,383,541.149828,145.467639,1.035817,True,840.567922,1
3093,1774174401.084604,1774177856.530830,1017,409,460.187069,112.455796,0.852283,True,2995.259158,1
1478,1774174401.033249,1774175798.344469,1109,377,371.331901,61.752662,0.823349,True,1025.979320,1
1818,1774174401.043668,1774175850.197284,388,55,96.683375,52.962781,0.809641,True,1352.470241,1
1988,1774174401.048997,1774176127.931846,724,40,242.322212,218.898659,0.600604,True,1484.560637,2
2753,1774174401.072593,1774177461.143210,1149,380,528.382058,315.529047,0.561617,True,2531.688559,2
1394,1774174401.028990,1774175521.833702,1029,71,280.020524,179.507475,1.435901,True,840.784188,1
1479,1774174401.033278,1774175525.490383,1155,75,98.467502,58.006266,0.546773,True,1025.989604,1
1819,1774174401.043696,1774175875.588974,887,112,121.787017,33.480564,0.795554,True,1352.758261,1
1989,1774174401.049025,1774176333.124547,1151,404,447.401605,185.631362,0.649554,True,1484.673917,2
2754,1774174401.072622,1774177021.715140,1503,69,88.943614,28.555951,0.888054,True,2531.698904,1
1395,1774174401.029019,1774175550.293618,1312,132,308.233512,233.213177,0.572674,True,841.031087,2
3095,1774174401.084685,1774177861.478176,1140,411,462.102653,109.423308,0.860194,True,2998.290838,1
1480,1774174401.033305,1774177020.585356,1066,379,1593.551781,1158.534212,1.150840,True,1026.000270,3
1820,1774174401.043725,1774176287.499889,1020,385,532.772361,356.260712,0.459666,True,1353.683803,2
1990,1774174401.049053,1774176282.407783,1101,385,394.788012,191.952937,0.528216,True,1486.570718,2
2755,1774174401.072651,1774177677.248815,1023,432,744.373463,352.424545,0.909394,True,2531.802701,2
1396,1774174401.029047,1774175520.873922,372,63,277.093570,202.564669,1.202079,True,842.751305,2
3096,1774174401.084714,1774177841.925095,376,117,440.936506,182.556481,2.227414,True,2999.903874,1
1481,1774174401.033334,1774175546.593653,431,94,119.549640,63.490001,0.602792,True,1026.010679,1
1821,1774174401.043754,1774176165.782719,1313,135,411.003450,324.793197,0.643360,True,1353.735515,2
1991,1774174401.049081,1774176646.027124,1090,558,757.156109,179.123282,1.037761,True,1487.821934,2
2756,1774174401.072679,1774177645.215689,1109,415,710.298182,318.270415,0.946927,True,2533.844827,2
1397,1774174401.029076,1774175664.328247,1203,385,420.422268,212.746841,0.540821,True,842.876903,2
3097,1774174401.084743,1774177766.401146,384,69,365.401987,182.546087,2.689057,True,2999.914416,1
1482,1774174401.033363,1774175773.649779,1201,391,346.594659,66.220181,0.718909,True,1026.021758,1
1822,1774174401.043782,1774176346.885209,1055,395,591.114911,256.877336,0.848319,True,1354.726516,2
1992,1774174401.049109,1774176442.417932,960,413,553.535430,169.336669,0.932521,True,1487.833392,2
2757,1774174401.072708,1774177540.768750,1039,396,605.748440,363.991590,0.612043,True,2533.947603,2
1398,1774174401.029105,1774175897.721438,1015,596,653.702419,231.254205,0.709997,True,842.989914,2
1483,1774174401.033391,1774175533.739829,387,95,106.674229,67.887372,0.412626,True,1026.032208,1
1823,1774174401.043811,1774176334.010285,1130,391,578.126983,370.572848,0.532190,True,1354.839491,2
1993,1774174401.049137,1774176354.664258,1094,411,465.679144,184.463494,0.685892,True,1487.935977,2
2758,1774174401.072736,1774177647.685761,1135,417,712.655529,384.360847,0.789170,True,2533.957496,2
1399,1774174401.029134,1774175669.143202,1018,388,422.216624,215.793913,0.533392,True,845.897444,2
3099,1774174401.084800,1774177797.091719,386,73,394.624037,210.595166,2.555957,True,3001.382882,1
1484,1774174401.033433,1774175853.960158,1003,394,426.883581,61.688330,0.929250,True,1026.043144,1
1824,1774174401.043839,1774176320.630601,1062,398,563.318961,322.261259,0.607198,True,1356.267801,2
1994,1774174401.049169,1774177074.323919,1111,396,1184.117700,729.599729,1.150678,True,1489.157050,3
2759,1774174401.072767,1774177506.015035,1009,402,567.651471,351.378631,0.539334,True,2537.290796,2
1400,1774174401.029165,1774177946.535670,1045,605,2699.495265,2016.908767,1.130110,True,846.011240,5
1485,1774174401.033467,1774175689.847566,1033,396,262.760612,57.941877,0.518528,True,1026.053488,1
1825,1774174401.043870,1774176435.573571,1070,411,676.703385,269.699935,0.992691,True,1357.826316,2
1995,1774174401.049197,1774176167.477047,1316,140,275.895254,187.991007,0.632405,True,1490.532596,2
2760,1774174401.072799,1774177058.772792,387,100,120.296730,22.851656,0.984294,True,2537.403263,1
1401,1774174401.029197,1774176777.605390,1112,431,1530.553822,888.221061,1.493797,True,846.022372,3
3101,1774174401.084861,1774177809.888577,455,92,404.960650,185.591693,2.410648,True,3003.843066,1
1486,1774174401.033498,1774176287.670767,1018,388,860.572717,627.029974,0.603470,True,1026.064553,2
1826,1774174401.043901,1774175813.584556,238,14,53.468477,46.360632,0.546757,True,1359.072178,1
1996,1774174401.049228,1774176883.905339,1094,377,992.200162,797.727856,0.517214,True,1490.655949,3
2761,1774174401.072831,1774177513.033882,1076,404,574.495785,326.314055,0.615836,True,2537.465266,2
1402,1774174401.029227,1774175531.040636,237,79,283.292004,173.572028,1.406666,True,846.719405,1
3102,1774174401.084891,1774177851.590148,1134,402,444.845252,98.980187,0.862506,True,3005.660005,1
1487,1774174401.033527,1774175587.177629,1436,66,160.069177,63.425598,1.486824,True,1026.074925,1
1827,1774174401.043930,1774176416.315109,1060,468,656.085757,304.746437,0.752333,True,1359.185421,2
1997,1774174401.049256,1774176169.839278,403,86,275.144893,148.053624,1.495191,True,1493.645129,2
2762,1774174401.072860,1774177913.544023,1082,607,972.555888,348.753975,1.029376,True,2539.915275,2
1403,1774174401.029255,1774175846.471710,1162,427,597.854276,111.397789,1.141917,True,847.588178,1
3103,1774174401.084919,1774177871.566221,1316,139,463.430186,216.499384,1.789354,True,3007.051116,1
1488,1774174401.033556,1774175815.140944,983,373,388.022248,66.156467,0.865231,True,1026.085141,1
1828,1774174401.043958,1774176271.565887,1026,379,511.222210,302.518742,0.552126,True,1359.299719,2
1998,1774174401.049289,1774176201.139219,1316,149,306.330194,117.838467,1.273593,True,1493.759736,2
2763,1774174401.072889,1774177482.796431,1038,394,541.583093,344.086669,0.502535,True,2540.140449,2
1404,1774174401.029284,1774175798.119845,1076,377,547.213219,185.758290,0.961316,True,849.877342,2
1489,1774174401.033584,1774175846.580703,1312,283,419.449367,71.350202,1.234394,True,1026.097751,1
1829,1774174401.044078,1774176306.894956,1073,385,545.746140,251.498968,0.766269,True,1360.104738,2
1999,1774174401.049318,1774176503.012621,1114,442,608.192753,123.650578,1.098735,True,1493.770550,2
2764,1774174401.072921,1774177458.058770,1131,377,516.794437,337.971158,0.475594,True,2540.191411,2
1405,1774174401.029312,1774175856.414056,1199,534,604.642683,200.587934,0.758076,True,850.742061,2
3105,1774174401.084979,1774177801.498144,387,73,390.287361,213.424372,2.456430,True,3010.125803,1
1490,1774174401.033618,1774176331.244058,1082,406,904.103367,642.339777,0.646330,True,1026.107073,2
1830,1774174401.044110,1774176193.487292,1325,198,431.084827,308.951820,0.619965,True,1361.358356,2
2000,1774174401.049350,1774176204.574240,1323,213,308.583497,177.457685,0.618518,True,1494.941394,2
2765,1774174401.072950,1774177408.347832,410,142,465.160432,299.385243,1.175711,True,2542.114450,2
1406,1774174401.029341,1774175608.276555,28,265,356.228345,208.417736,0.559889,True,851.018869,2
1491,1774174401.033646,1774175784.988042,998,447,357.836391,57.877256,0.672554,True,1026.118005,1
1831,1774174401.044139,1774175841.046765,387,58,78.470618,37.303144,0.722236,True,1361.532008,1
2001,1774174401.049378,1774176189.514591,397,181,293.461775,164.746296,0.715086,True,1495.003438,2
2766,1774174401.072979,1774177725.489059,1086,437,782.290909,345.866537,1.000973,True,2542.125171,2
1407,1774174401.029369,1774175821.042017,1052,412,568.503398,114.256918,1.105223,True,851.509251,1
1492,1774174401.033675,1774175870.723808,1316,168,443.560915,247.517245,1.173914,True,1026.129218,1
1832,1774174401.044169,1774176556.818628,438,93,792.589192,579.694584,2.314072,True,1363.185266,2
2002,1774174401.049406,1774176671.388766,1069,419,773.681646,223.665728,1.315828,True,1496.657715,2
3108,1774174401.085070,1774177828.687138,379,93,413.270560,209.218761,2.217954,True,3014.331508,1
1493,1774174401.033703,1774175855.406916,1314,231,428.233346,161.506222,1.159683,True,1026.139866,1
1833,1774174401.044198,1774176169.951589,406,86,405.507360,356.928582,0.571515,True,1363.400031,2
2003,1774174401.049451,1774176198.020171,1316,207,300.291023,193.912958,0.516398,True,1496.679697,2
2768,1774174401.073039,1774177417.982981,181,267,473.776248,336.970880,0.514306,True,2543.133693,2
1409,1774174401.029440,1774175829.074829,1083,407,576.301081,142.256979,1.069074,True,851.744308,1
3109,1774174401.085099,1774177871.565918,1312,138,453.704979,214.795832,1.743862,True,3016.775840,1
1494,1774174401.033732,1774176395.479939,1046,438,968.296503,646.264991,0.736914,True,1026.149704,2
1834,1774174401.044228,1774175895.985954,388,93,131.530749,65.199080,0.720996,True,1363.410976,1
2004,1774174401.049480,1774176386.067017,374,76,488.061119,312.100305,2.346144,True,1496.956419,2
2769,1774174401.073073,1774177621.340617,1176,500,677.122377,328.861258,0.697918,True,2543.145167,2
1410,1774174401.029470,1774175553.939787,1785,137,298.319589,192.885733,0.775249,True,854.590728,2
3110,1774174401.085130,1774177880.163159,1169,421,462.178319,94.814387,0.874676,True,3016.899710,1
1495,1774174401.033761,1774176284.192252,1023,388,856.998370,660.636343,0.507395,True,1026.160120,2
1835,1774174401.044256,1774175884.850314,398,107,118.912621,42.428177,0.721551,True,1364.893436,1
2005,1774174401.049508,1774176308.533360,994,396,409.397676,201.336218,0.526738,True,1498.086176,2
2770,1774174401.073103,1774177727.408637,1101,629,782.909884,338.687299,0.707361,True,2543.425650,2
1411,1774174401.029499,1774175682.171953,1053,394,426.274933,196.462892,0.584763,True,854.867521,2
3111,1774174401.085161,1774177658.124130,408,129,239.122419,93.797939,1.135347,True,3017.916549,1
1496,1774174401.033792,1774177745.510697,1227,652,2318.306038,1812.602052,0.776811,True,1026.170867,4
1836,1774174401.044286,1774175879.807595,22,131,113.858808,14.624336,0.763342,True,1364.904502,1
2006,1774174401.049539,1774176437.461025,1961,96,318.325090,198.686013,1.259359,True,1718.086395,1
2771,1774174401.073132,1774177038.897073,422,82,92.600925,15.031617,0.957646,True,2545.223015,1
1412,1774174401.031202,1774175427.307463,243,14,170.327053,138.050157,2.482838,True,855.949209,1
1497,1774174401.033822,1774175746.595010,1019,394,319.379736,57.813432,0.665563,True,1026.181453,1
1837,1774174401.044314,1774176157.277039,417,110,391.275425,301.012461,0.828101,True,1364.957301,2
2007,1774174401.049567,1774176904.823621,961,388,785.677124,556.664703,0.591763,True,1718.096930,2
2772,1774174401.073162,1774177383.386524,181,202,437.038965,307.724288,0.643357,True,2545.274398,2
1413,1774174401.031245,1774175654.912690,1028,374,397.264108,196.993813,0.536918,True,856.617337,2
3113,1774174401.085220,1774177854.413821,395,126,429.872197,165.977905,2.111154,True,3023.456404,1
1498,1774174401.033850,1774176381.222103,936,432,953.996101,650.385077,0.704434,True,1026.192152,2
1838,1774174401.044345,1774176320.855580,1052,400,554.801860,309.403393,0.615034,True,1365.009374,2
2008,1774174401.049598,1774176436.232669,397,94,317.034858,198.623888,1.273236,True,1718.148214,1
2773,1774174401.073191,1774177529.750434,1112,410,583.339796,343.331345,0.586818,True,2545.337447,2
1414,1774174401.031275,1774175839.933318,1101,411,580.175364,137.609282,1.079429,True,858.726680,1
1499,1774174401.033882,1774175783.290860,46,138,356.054386,161.442909,1.420522,True,1026.202592,1
1839,1774174401.044375,1774176282.353291,1069,388,516.134054,323.795818,0.496998,True,1365.174862,2
2009,1774174401.049628,1774176987.491505,1053,380,867.381526,440.528937,1.126260,True,1719.060352,2
2774,1774174401.073219,1774177359.381531,392,147,409.931048,286.159778,0.847748,True,2548.377264,2
3115,1774174401.085277,1774177634.571380,932,102,205.786421,93.702466,1.109742,True,3027.699682,1
1500,1774174401.033913,1774175714.235103,404,83,286.987915,66.028468,2.694627,True,1026.213275,1
1840,1774174401.044405,1774176478.226144,1019,427,711.436788,315.361941,0.929753,True,1365.744951,2
2010,1774174401.049657,1774176463.510115,1314,111,343.000165,210.442407,1.205071,True,1719.460294,1
2775,1774174401.073248,1774177370.353689,373,91,419.691025,271.895009,1.642178,True,2549.589416,2
1416,1774174401.031341,1774175682.172122,1005,394,421.487719,191.675273,0.584764,True,859.653063,2
1501,1774174401.033943,1774176287.670774,1059,388,860.412277,664.384024,0.506533,True,1026.224554,2
1841,1774174401.044451,1774176364.244486,1222,396,597.341824,255.940946,0.864306,True,1365.858212,2
2011,1774174401.049685,1774176994.741575,1131,432,866.806802,541.888191,0.753871,True,1726.885089,2
1417,1774174401.031373,1774175718.076150,1151,404,454.632968,186.752589,0.664716,True,862.411809,2
1502,1774174401.033971,1774175814.684021,12,139,387.415323,68.435847,2.311445,True,1026.234727,1
1842,1774174401.044481,1774176144.903955,902,29,377.899168,286.235612,3.273698,True,1365.960307,2
2012,1774174401.049717,1774177043.031536,1198,394,912.862942,469.064115,1.129259,True,1729.118877,2
2777,1774174401.073310,1774177019.791556,381,60,67.942242,6.455473,1.042149,True,2550.776003,1
1418,1774174401.031435,1774175569.324223,181,167,304.295677,208.482236,0.577189,True,863.997110,2
3118,1774174401.085362,1774177810.239575,405,93,379.677495,159.957523,2.388261,True,3029.476717,1
1503,1774174401.034003,1774175876.946374,1044,471,449.665324,67.834775,0.812405,True,1026.247047,1
1843,1774174401.044513,1774176385.785624,1051,440,615.103424,310.720870,0.693354,True,1369.637686,2
2013,1774174401.049746,1774176883.905675,1074,377,750.795980,544.570083,0.548473,True,1732.059950,2
2778,1774174401.073339,1774176990.064620,313,18,38.153047,6.393254,1.868223,True,2550.838233,1
1419,1774174401.031466,1774175657.540231,1149,379,391.820532,204.976157,0.494297,True,864.688233,2
3119,1774174401.085394,1774177678.999386,203,152,244.983300,88.471251,1.036504,True,3032.930691,1
1504,1774174401.034032,1774176383.311052,1134,379,956.019244,679.413382,0.731762,True,1026.257776,2
1844,1774174401.044541,1774176184.094438,2006,175,413.349807,329.727001,0.480591,True,1369.700090,2
2014,1774174401.049774,1774176461.850062,44,121,325.845475,172.179551,1.280549,True,1734.954813,1
2779,1774174401.073368,1774177539.045307,966,414,587.123196,310.831837,0.668986,True,2550.848743,2
1420,1774174401.031501,1774175851.992050,1070,428,585.605981,105.051024,1.125421,True,865.354569,1
1505,1774174401.034061,1774175675.795142,379,65,248.492221,164.273757,1.315914,True,1026.268861,1
1845,1774174401.044570,1774176312.330985,1135,388,540.080917,334.710038,0.530674,True,1371.205498,2
2015,1774174401.049803,1774176408.987491,738,10,269.431418,213.071124,6.262255,True,1738.506271,1
2780,1774174401.073396,1774177471.697532,1096,384,518.630967,318.150056,0.523449,True,2551.993168,2
1421,1774174401.031532,1774175524.456221,992,97,257.741633,115.891354,1.477607,True,865.683057,1
3121,1774174401.085469,1774177909.285949,181,165,470.979053,194.349520,1.686765,True,3037.221428,1
1506,1774174401.034090,1774175798.116333,429,115,370.803094,65.962014,2.674045,True,1026.279150,1
1846,1774174401.044599,1774176184.372850,1349,172,410.714853,287.141572,0.722651,True,1372.613398,2
2016,1774174401.049831,1774176411.850912,738,10,272.283679,218.250175,6.003723,True,1738.517402,1
2781,1774174401.073439,1774177355.599950,378,64,402.348774,259.053636,2.274526,True,2552.177736,2
1422,1774174401.031559,1774177715.873509,1035,616,2448.645152,1984.937207,0.753997,True,866.196797,5
1507,1774174401.034118,1774176320.800392,1159,397,893.475844,683.663823,0.529828,True,1026.290430,2
1847,1774174401.044627,1774176468.978729,1147,525,695.208062,278.536553,0.795175,True,1372.726039,2
2017,1774174401.049859,1774176358.694998,738,20,216.570272,171.534874,2.370284,True,1741.074867,1
2782,1774174401.073469,1774177359.894752,410,77,406.091978,268.755388,1.807060,True,2552.729305,2
1423,1774174401.031589,1774175851.880123,912,395,581.092185,175.592723,1.029186,True,869.756349,2
3123,1774174401.085526,1774177847.205211,1137,396,405.552878,87.519722,0.805147,True,3040.566807,1
1508,1774174401.034150,1774176400.432847,1223,444,973.097379,683.652992,0.653373,True,1026.301318,2
1848,1774174401.044656,1774176312.536501,1095,387,537.002407,222.448273,0.814907,True,1374.489437,2
2018,1774174401.049887,1774176905.419672,1026,418,760.507853,212.461685,1.314259,True,1743.861932,1
2783,1774174401.073498,1774177961.106511,1201,451,1007.191363,377.910217,1.398403,True,2552.841650,2
1424,1774174401.031617,1774175672.232283,1353,234,401.290403,129.616363,1.165983,True,869.910263,1
3124,1774174401.085555,1774177588.034960,1763,45,141.726684,88.473937,1.210290,True,3045.222721,1
1509,1774174401.034177,1774176495.360290,1093,432,1068.014375,674.777416,0.912383,True,1026.311737,2
1849,1774174401.044685,1774176280.011929,1158,383,504.446039,318.895468,0.485734,True,1374.521204,2
2019,1774174401.049915,1774176938.472892,1040,399,792.960083,542.303129,0.629791,True,1744.462894,2
2784,1774174401.073528,1774177490.478344,1110,394,534.030438,285.713196,0.631850,True,2555.374379,2
1425,1774174401.031646,1774175531.071308,388,88,260.096879,177.531356,0.949029,True,869.942783,2
3125,1774174401.085583,1774177616.776911,1008,89,165.627063,69.112522,1.096756,True,3050.064265,1
1510,1774174401.034205,1774175855.234547,1009,397,427.877643,114.954072,0.790211,True,1026.322699,1
1850,1774174401.044717,1774176435.683820,1090,414,660.035767,316.903707,0.830828,True,1374.603337,2
2020,1774174401.049946,1774176882.915319,1133,414,734.040948,241.275965,1.193136,True,1747.824426,1
2785,1774174401.073560,1774177561.831671,978,429,605.147795,308.168370,0.693877,True,2555.610316,2
1426,1774174401.031674,1774175682.003673,1044,394,409.852509,174.194309,0.599639,True,871.119490,2
3126,1774174401.085612,1774177886.319730,1019,415,433.604139,89.608795,0.830907,True,3051.629978,1
1511,1774174401.034234,1774175787.922432,380,58,360.555110,264.021320,1.693575,True,1026.333089,1
1851,1774174401.044745,1774176153.447588,396,99,376.411896,285.826797,0.924338,True,1375.990947,2
2021,1774174401.049977,1774176387.642318,808,43,238.272140,155.055183,1.981356,True,1748.320201,1
2786,1774174401.073590,1774177540.522878,1036,414,583.828467,322.541286,0.632657,True,2555.620821,2
1427,1774174401.031706,1774175689.674796,997,393,415.960146,180.927682,0.599573,True,872.682944,2
1512,1774174401.034262,1774175795.770140,1786,67,368.392498,244.483626,1.877407,True,1026.343379,1
1852,1774174401.044775,1774176320.800212,1091,397,543.652103,283.651015,0.656568,True,1376.103335,2
2022,1774174401.050005,1774176425.426761,373,78,275.942324,178.296716,1.268125,True,1748.434432,1
2787,1774174401.073621,1774177370.243481,928,88,413.181357,321.992065,1.048153,True,2555.988503,2
1428,1774174401.031749,1774175820.989824,1109,488,547.047783,196.753719,0.719290,True,872.910291,2
3128,1774174401.085672,1774177567.731519,1371,33,114.734132,67.265180,1.483405,True,3051.911714,1
1513,1774174401.034292,1774177863.725393,1102,427,2436.337249,1887.561611,1.288206,True,1026.353853,4
1853,1774174401.044804,1774176378.463325,1083,430,601.263815,331.540643,0.628725,True,1376.154706,2
2023,1774174401.050034,1774176418.798545,1138,80,268.073884,144.223006,1.567733,True,1749.674628,1
2788,1774174401.073650,1774177355.715184,390,63,398.428805,259.783452,2.236215,True,2556.212729,2
1429,1774174401.031792,1774175563.068671,1311,159,285.268895,203.251131,0.519100,True,876.767984,2
3129,1774174401.085702,1774177847.089828,1161,397,392.889040,70.235303,0.814782,True,3053.115087,1
1514,1774174401.034320,1774176372.557801,1183,429,945.159415,629.122514,0.738404,True,1026.364066,2
1854,1774174401.044837,1774176523.592516,1136,396,743.835244,337.381085,1.028998,True,1378.712435,2
2024,1774174401.050067,1774176887.170859,1133,379,736.216448,506.605711,0.607436,True,1749.904343,2
2789,1774174401.073682,1774177529.691496,1126,409,571.203649,304.266279,0.654258,True,2557.414165,2
1430,1774174401.031820,1774176679.145320,1025,589,1399.858013,813.264480,0.997608,True,878.255487,2
3130,1774174401.085730,1774177665.692140,416,151,211.335320,49.442085,1.079288,True,3053.271090,1
1515,1774174401.034359,1774176287.724907,1086,393,860.315512,629.111821,0.589805,True,1026.375036,2
1855,1774174401.044870,1774176296.465795,1001,375,516.595026,312.681224,0.545224,True,1378.825899,2
2025,1774174401.050109,1774176423.461848,120,12,271.648463,206.004358,5.967646,True,1750.763276,1
2790,1774174401.073712,1774177559.051741,1171,396,598.471838,312.911989,0.722936,True,2559.506192,2
1431,1774174401.031848,1774175532.039625,1232,80,252.637853,147.784189,1.327262,True,878.369923,1
3131,1774174401.085758,1774177550.602357,91,24,96.234648,49.430909,2.034945,True,3053.281951,1
1516,1774174401.034394,1774176318.108837,1038,398,890.688150,635.441760,0.642938,True,1026.386293,2
1856,1774174401.044898,1774176176.522971,50,154,395.087350,310.206745,0.554775,True,1380.390723,2
2026,1774174401.050153,1774176978.956703,1073,419,826.753007,511.430271,0.754361,True,1751.153543,2
2791,1774174401.073740,1774177452.990065,1031,375,490.425495,273.045020,0.581231,True,2561.490830,2
1432,1774174401.031879,1774175876.381955,1106,399,595.604971,182.831255,1.037120,True,879.745105,2
3132,1774174401.085786,1774177869.217932,1151,411,411.151449,49.453049,0.882191,True,3056.980698,1
1517,1774174401.034441,1774176313.896587,1059,397,886.464792,631.070251,0.644936,True,1026.397354,2
1857,1774174401.044926,1774176575.353182,1056,499,792.601690,314.490354,0.960063,True,1381.706566,2
2027,1774174401.050184,1774176992.068512,1128,428,839.350012,510.915435,0.769168,True,1751.668317,2
2792,1774174401.073768,1774177515.064942,1102,405,552.386377,272.931788,0.691719,True,2561.604796,2
1433,1774174401.031908,1774175691.451291,1060,396,409.348949,158.040716,0.636223,True,881.070434,2
3133,1774174401.085814,1774177592.517169,1075,56,134.439738,58.422091,1.382139,True,3056.991617,1
1518,1774174401.034470,1774176361.291341,1004,419,933.849473,631.059852,0.724377,True,1026.407398,2
1858,1774174401.044955,1774176472.838444,1084,534,689.771769,273.454329,0.781083,True,1382.021720,2
2028,1774174401.050212,1774176416.597352,1020,74,263.141803,160.204157,1.410105,True,1752.405337,1
2793,1774174401.073797,1774177501.669499,1079,398,538.877898,279.369123,0.653674,True,2561.717804,2
1434,1774174401.031937,1774175482.396862,398,46,200.138640,144.927669,1.226910,True,881.226286,1
3134,1774174401.085842,1774177968.956213,1092,499,507.807948,81.175941,0.856691,True,3060.062422,1
1519,1774174401.034502,1774175649.871819,371,53,222.225402,174.827650,0.911495,True,1026.611916,1
1859,1774174401.044989,1774176367.261971,1062,416,583.969171,314.924581,0.648300,True,1382.247812,2
2029,1774174401.050241,1774176956.445715,1124,411,802.252211,527.419544,0.670324,True,1753.143263,2
2794,1774174401.073826,1774177585.792585,1140,403,622.490006,305.648239,0.788164,True,2562.228753,2
1435,1774174401.031969,1774175586.922771,1786,67,304.654196,234.055483,1.069677,True,881.236606,2
3135,1774174401.085876,1774177886.319903,973,414,425.118837,84.156280,0.825575,True,3060.115190,1
1520,1774174401.034534,1774175657.720534,396,131,227.818820,99.059744,0.990454,True,1028.867179,1
1860,1774174401.045020,1774176148.867522,773,41,364.094755,336.600154,0.687365,True,1383.727746,2
2030,1774174401.050277,1774176924.186354,1048,396,769.663968,497.166881,0.689866,True,1753.472108,2
2795,1774174401.073868,1774177363.451014,2000,82,399.924334,309.964620,1.110614,True,2562.452812,2
1436,1774174401.032000,1774175501.861789,119,12,219.581775,198.771007,1.891888,True,881.248014,2
3136,1774174401.085905,1774177587.627626,394,55,126.415639,59.050295,1.247506,True,3060.126081,1
1521,1774174401.034563,1774176372.884932,1189,399,940.921617,615.433124,0.817810,True,1030.928752,2
1861,1774174401.045050,1774176869.889842,1070,373,1084.898622,872.568282,0.570780,True,1383.946169,3
2031,1774174401.050307,1774176900.237467,1013,394,742.953187,502.219269,0.612554,True,1756.233974,2
2796,1774174401.073897,1774177068.020291,442,96,104.247186,3.871602,1.056585,True,2562.699208,1
1437,1774174401.032029,1774175449.576137,247,14,166.016687,143.626292,1.722338,True,882.527421,1
3137,1774174401.085936,1774177613.715688,428,79,152.386325,55.170588,1.246356,True,3060.243427,1
1522,1774174401.034593,1774176403.655223,1083,403,971.579502,670.047831,0.750079,True,1031.041128,2
1862,1774174401.045079,1774176411.957795,1085,407,626.185635,291.276467,0.824899,True,1384.727080,2
2032,1774174401.050335,1774176418.852787,376,69,259.489389,176.894367,1.214633,True,1758.313063,1
2797,1774174401.073925,1774177033.661871,388,67,69.878504,3.861109,1.000264,True,2562.709442,1
1438,1774174401.032058,1774175837.512737,1013,386,553.942725,150.312825,1.048389,True,882.537954,1
3138,1774174401.085965,1774177620.705846,411,90,159.324399,67.790650,1.028469,True,3060.295482,1
1523,1774174401.034622,1774176500.843544,1152,437,1063.934371,645.242274,0.960303,True,1035.874551,2
1863,1774174401.045108,1774175890.197397,388,75,103.903815,50.479223,0.721954,True,1385.248474,1
2033,1774174401.050374,1774176828.093241,1148,393,664.324044,200.247638,1.183868,True,1762.718823,1
2798,1774174401.073954,1774177577.292252,1120,406,612.510906,324.960609,0.710001,True,2563.707392,2
1439,1774174401.032086,1774175531.184313,407,88,245.897596,167.072653,0.906034,True,884.254631,2
3139,1774174401.085995,1774177998.022482,1167,549,532.219963,45.091278,0.888921,True,3064.716523,1
1524,1774174401.034651,1774176346.885049,1063,386,906.904711,677.158132,0.596744,True,1038.945687,2
1864,1774174401.045136,1774175891.697891,383,80,103.829043,43.845971,0.759279,True,1386.823712,1
2034,1774174401.050403,1774177006.771547,1018,391,840.983734,387.078391,1.163860,True,1764.737410,2
2799,1774174401.073983,1774177667.692525,1001,421,702.187959,339.300509,0.864018,True,2564.430583,2
1440,1774174401.032114,1774175652.041990,1030,375,365.964669,170.574840,0.522433,True,885.045206,2
3140,1774174401.086024,1774177830.185378,1102,383,364.330111,54.407117,0.811317,True,3064.769242,1
1525,1774174401.034680,1774176720.771880,1108,622,1278.503646,664.691582,0.988425,True,1041.233553,2
1865,1774174401.045165,1774177748.602591,1027,660,1960.723068,1485.200014,0.721583,True,1386.834358,4
2035,1774174401.050447,1774176540.802025,1337,79,374.541632,223.889849,1.931433,True,1765.209945,1
2800,1774174401.074012,1774177570.152577,1353,436,604.351783,274.005934,0.759416,True,2564.726783,2
2886,1774174401.076796,1774177504.435442,1073,381,478.227293,297.570531,0.475413,True,2625.131353,2
158,1774174400.990455,1774174550.022771,1313,156,146.695175,39.871199,0.689187,True,2.337142,1
1101,1774174401.019850,1774175171.854991,380,86,106.911093,24.989971,0.963778,True,663.924048,1
2546,1774174401.066193,1774177533.048385,1026,408,792.850896,540.980375,0.618846,True,2339.131295,2
1186,1774174401.022712,1774175659.268363,1134,379,548.065768,345.449607,0.536022,True,710.179883,2
1271,1774174401.025203,1774176665.777033,1015,572,1507.502412,864.568719,1.125978,True,757.249417,2
159,1774174400.990487,1774175146.304188,999,416,742.965553,457.264436,0.688436,True,2.348148,2
1102,1774174401.019879,1774175185.721215,407,106,120.654733,13.651782,1.019076,True,664.046603,1
2887,1774174401.076824,1774177625.614799,1124,412,598.958452,257.536872,0.830709,True,2625.579522,2
2547,1774174401.066223,1774177775.049906,1041,463,1034.224733,582.953389,0.976778,True,2339.758950,2
1187,1774174401.022740,1774175604.809134,1151,407,493.585987,25.212133,1.153630,True,710.200407,1
1272,1774174401.025232,1774175873.295584,991,414,714.398379,327.935475,0.935746,True,757.871973,2
1103,1774174401.019910,1774175499.079192,1136,377,433.662755,29.104818,1.075952,True,664.396527,1
2888,1774174401.076856,1774177408.131985,1324,141,381.465432,175.702341,1.469736,True,2625.589697,2
160,1774174400.990518,1774175088.146457,1084,397,684.796966,463.714322,0.558290,True,2.358973,2
2548,1774174401.066252,1774177828.653623,1069,414,1087.817821,552.220420,1.296846,True,2339.769549,2
1188,1774174401.022768,1774175625.339002,1183,429,511.464862,22.561129,1.142298,True,712.851372,1
1273,1774174401.025345,1774175757.305390,1227,420,596.578181,320.323994,0.659318,True,759.701864,2
161,1774174400.990661,1774174519.050127,399,106,115.689392,23.103122,0.881774,True,2.370073,1
1104,1774174401.019939,1774175220.641186,956,65,154.799936,70.188521,1.322053,True,664.821311,1
2889,1774174401.076885,1774177373.993505,399,94,347.214003,200.878834,1.573496,True,2625.702617,2
2549,1774174401.066282,1774177454.355899,1190,375,713.508940,517.461250,0.524192,True,2339.780676,2
1189,1774174401.022796,1774175657.826279,1017,386,543.725590,89.715842,1.179246,True,713.077892,1
1274,1774174401.025383,1774175766.048777,1024,429,605.260264,285.556865,0.746971,True,759.763130,2
162,1774174400.990692,1774175899.133533,1065,594,1495.762716,1091.582186,0.681586,True,2.380126,3
1105,1774174401.019968,1774175724.398780,1262,395,658.382705,420.816878,0.602959,True,664.996107,2
2890,1774174401.076914,1774177492.916725,1106,396,465.282040,230.673340,0.593946,True,2626.557771,2
2550,1774174401.066311,1774177036.986306,1280,92,295.718519,134.870728,1.767558,True,2340.201476,1
1190,1774174401.022828,1774175676.550171,1203,421,562.213896,55.745088,1.205878,True,713.313447,1
1275,1774174401.025430,1774175737.110517,1149,423,576.156650,102.702630,1.121929,True,759.928436,1
163,1774174400.990722,1774175416.412173,1036,446,1013.029604,461.887466,1.238522,True,2.391847,2
1106,1774174401.019997,1774175640.002516,181,357,573.935006,424.466749,0.419855,True,665.047513,2
2891,1774174401.076941,1774177331.638252,380,91,303.472699,251.069953,0.582253,True,2627.088612,2
2551,1774174401.066339,1774177581.426469,1107,453,839.277250,541.036425,0.659825,True,2341.082880,2
1191,1774174401.022856,1774175236.599316,380,81,121.295133,35.071389,1.077797,True,714.281327,1
1276,1774174401.025463,1774176481.313870,1063,428,1318.751252,919.588750,0.934807,True,761.537155,3
164,1774174400.990751,1774174695.722970,1243,398,292.329495,39.805364,0.636081,True,2.402723,1
1107,1774174401.020028,1774175102.349844,91,16,34.391035,26.562343,0.521913,True,666.938781,1
2892,1774174401.076970,1774177375.371898,411,188,347.196334,215.942982,0.701890,True,2627.098594,2
2552,1774174401.066392,1774177583.687791,1162,449,838.895607,522.423079,0.706412,True,2343.725791,2
1192,1774174401.022885,1774175669.143386,1156,388,553.611757,322.353106,0.597568,True,714.508744,2
1277,1774174401.025491,1774175848.930649,1059,525,686.140434,275.094579,0.784439,True,761.764723,2
165,1774174400.990781,1774174692.483136,1128,384,289.078964,29.433976,0.677924,True,2.413391,1
1108,1774174401.020057,1774175571.305921,1086,397,502.652890,48.824608,1.146031,True,667.632974,1
2893,1774174401.076998,1774177388.482091,411,104,357.525445,248.097524,1.062407,True,2629.879648,2
2553,1774174401.066440,1774177041.534180,390,104,296.290528,164.207191,1.282362,True,2344.177212,1
1193,1774174401.022916,1774175731.925727,1191,409,616.332469,365.457296,0.614890,True,714.570342,2
1278,1774174401.025521,1774175839.828002,1085,442,676.629663,159.473537,1.172690,True,762.172818,1
166,1774174400.990809,1774174768.478844,1000,375,365.063570,27.864257,0.901602,True,2.424465,1
1109,1774174401.020086,1774175616.414936,1112,432,547.750277,57.433183,1.137627,True,667.644573,1
2894,1774174401.077027,1774177492.748891,1162,398,461.729671,246.513525,0.542106,True,2629.942193,2
2554,1774174401.066470,1774177465.851288,1003,381,720.596780,527.824733,0.507295,True,2344.188038,2
1194,1774174401.022944,1774175724.398363,1156,408,607.888519,321.375161,0.703964,True,715.486900,2
1279,1774174401.025550,1774175859.037280,1023,446,695.621429,168.139163,1.185353,True,762.390301,1
167,1774174400.990842,1774174489.203698,992,56,85.776920,31.254458,0.991317,True,2.435937,1
1110,1774174401.020114,1774175252.755950,200,211,183.977513,13.067513,0.813857,True,667.758322,1
2895,1774174401.077055,1774177092.433706,181,60,61.300305,2.176764,1.002094,True,2630.056345,1
2555,1774174401.066499,1774177719.561099,1074,434,973.872585,452.167196,1.204862,True,2344.622014,2
1195,1774174401.022972,1774177710.803593,1102,612,2594.242272,2116.963140,0.781144,True,715.538349,5
1280,1774174401.025579,1774175232.258452,1282,66,67.042356,12.503646,0.839057,True,764.190516,1
1111,1774174401.020145,1774175694.531752,1120,397,625.731878,369.085198,0.648098,True,667.779728,2
2896,1774174401.077086,1774177825.298233,1093,414,794.049870,261.418698,1.289664,True,2630.171277,2
168,1774174400.990869,1774174501.953220,920,87,98.515875,23.026506,0.877783,True,2.446475,1
2556,1774174401.066532,1774177031.010262,1737,89,283.159501,170.143532,1.284272,True,2346.784230,1
1196,1774174401.023006,1774175813.780576,1149,385,697.167216,306.944528,1.016205,True,715.590353,2
1281,1774174401.025612,1774175260.673260,421,77,95.405944,34.819440,0.797191,True,764.241704,1
169,1774174400.990901,1774174660.163584,1040,388,256.715058,32.953980,0.578194,True,2.457626,1
1112,1774174401.020177,1774175575.375281,1082,385,506.482006,63.235726,1.154287,True,667.873098,1
2897,1774174401.077115,1774177718.823182,1176,621,685.159146,253.748811,0.695823,True,2632.586921,2
2557,1774174401.066561,1774177561.548706,1143,426,812.108556,517.775410,0.692549,True,2348.373589,2
1197,1774174401.023035,1774175682.003667,1064,394,565.379334,341.987194,0.568428,True,715.601298,2
1282,1774174401.025641,1774175828.754705,1144,498,663.476245,318.016661,0.695090,True,764.252819,2
170,1774174400.990930,1774174607.110638,411,101,203.652052,37.817158,1.658349,True,2.467656,1
1113,1774174401.020208,1774175702.297554,1156,396,633.333100,397.996166,0.595790,True,667.944246,2
2898,1774174401.077143,1774177331.467166,393,91,297.450777,226.451887,0.788877,True,2632.939247,2
2558,1774174401.066589,1774177540.769194,1079,396,789.637115,456.302415,0.843885,True,2350.065490,2
1198,1774174401.023064,1774175696.791003,1182,388,578.956589,122.874720,1.178506,True,716.811350,1
1283,1774174401.025672,1774175247.033727,373,72,81.744784,26.933363,0.771992,True,764.263270,1
171,1774174400.990959,1774174508.587857,900,91,105.118769,25.159483,0.888437,True,2.478130,1
1114,1774174401.020236,1774175744.520305,1060,411,675.380698,373.223535,0.736969,True,668.119371,2
2899,1774174401.077172,1774177523.028720,1109,405,488.960425,245.167558,0.603448,True,2632.991123,2
2559,1774174401.066618,1774177007.615033,849,100,256.450582,50.147375,2.083871,True,2350.097832,1
1199,1774174401.023092,1774175736.897111,981,400,618.486851,152.297578,1.168394,True,717.387168,1
1284,1774174401.025701,1774175201.155992,324,18,35.826031,23.565486,0.721209,True,764.304259,1
172,1774174400.990990,1774175373.155994,1018,425,969.676041,441.564599,1.245546,True,2.488963,2
1115,1774174401.020264,1774175764.452586,1139,428,695.302736,414.145401,0.658448,True,668.129586,2
2900,1774174401.077199,1774177373.768351,410,92,339.494193,275.374069,0.704617,True,2633.196959,2
2560,1774174401.066647,1774177501.442799,1045,397,749.492666,481.574662,0.676561,True,2350.883487,2
1200,1774174401.023120,1774175207.605684,1339,69,89.082639,25.864662,0.929676,True,717.499925,1
1285,1774174401.025729,1774175742.205274,1072,415,576.864551,308.170349,0.649020,True,764.314993,2
173,1774174400.991021,1774174515.971376,395,99,112.480361,29.347198,0.848298,True,2.499994,1
1116,1774174401.020295,1774175252.755779,206,211,179.214653,8.304749,0.813857,True,672.520831,1
2901,1774174401.077229,1774177490.478161,1006,394,455.092483,256.794233,0.504576,True,2634.308449,2
2561,1774174401.066681,1774177013.365739,385,89,260.845834,123.306150,1.562951,True,2351.453224,1
1201,1774174401.023151,1774175721.967889,1033,406,600.923439,327.461493,0.675215,True,720.021298,2
1286,1774174401.025761,1774175833.790612,1136,500,668.397690,289.249769,0.759815,True,764.367162,2
174,1774174400.991050,1774174589.015499,209,217,185.513775,31.179393,0.714511,True,2.510674,1
1117,1774174401.020325,1774175682.003292,1009,394,608.295984,384.904229,0.568427,True,672.686984,2
2902,1774174401.077257,1774177529.943167,1140,379,493.067183,292.444306,0.530748,True,2635.798726,2
2562,1774174401.066710,1774177057.844200,407,122,305.314044,129.161570,1.455806,True,2351.463446,1
1202,1774174401.023180,1774175775.555287,1112,431,654.396727,345.802342,0.717661,True,720.135379,2
1287,1774174401.025790,1774175735.174587,1141,411,569.730504,284.751729,0.695070,True,764.418293,2
175,1774174400.991078,1774174523.412541,181,113,119.900849,22.951803,0.865616,True,2.520614,1
1118,1774174401.020356,1774175224.670887,375,77,150.953263,41.461018,1.440687,True,672.697268,1
2903,1774174401.077288,1774177612.250441,1078,405,575.261171,242.065127,0.824743,True,2635.911983,2
2563,1774174401.066744,1774177492.637446,1143,396,739.899748,482.872454,0.650702,True,2351.670954,2
1203,1774174401.023209,1774175592.045742,1051,382,469.498960,33.335866,1.144785,True,721.523573,1
1288,1774174401.025822,1774175741.604938,1012,416,575.173564,106.410335,1.129550,True,765.405553,1
176,1774174400.991112,1774175136.851559,1118,414,733.328796,433.802515,0.725245,True,2.531651,2
1119,1774174401.020385,1774175292.456110,1314,161,218.727438,44.265901,1.090385,True,672.708287,1
2904,1774174401.077315,1774177380.781128,386,99,343.565422,175.088817,1.719149,True,2636.138391,2
2564,1774174401.066773,1774177026.655577,958,89,273.609601,106.861783,1.894862,True,2351.979204,1
1204,1774174401.023237,1774175703.999170,1010,397,580.670997,355.663393,0.568201,True,722.304935,2
1289,1774174401.025850,1774175485.122747,405,90,317.327287,163.758960,1.725487,True,766.769610,1
177,1774174400.991141,1774174669.780227,972,392,266.246581,37.601174,0.584771,True,2.542505,1
1120,1774174401.020425,1774175244.008169,435,103,170.268662,36.162618,1.314765,True,672.719082,1
2905,1774174401.077343,1774177335.785123,396,94,297.166506,248.793959,0.520135,True,2637.541273,2
2565,1774174401.066802,1774177017.037671,1031,74,263.082359,161.717427,1.388561,True,2352.888510,1
1205,1774174401.023266,1774175772.245970,1115,413,648.896636,170.985715,1.159978,True,722.326069,1
1290,1774174401.025879,1774175755.768253,1035,398,587.758285,131.129492,1.150198,True,766.984089,1
178,1774174400.991169,1774174485.685333,1847,53,82.140218,39.654123,0.817040,True,2.553947,1
1121,1774174401.020458,1774175282.096434,409,149,208.345301,44.243274,1.108797,True,672.730674,1
2906,1774174401.077371,1774177533.108498,969,411,494.427461,194.843654,0.730692,True,2637.603666,2
2566,1774174401.066830,1774177735.802776,1127,639,980.728403,509.777479,0.738168,True,2354.007542,2
1206,1774174401.023294,1774175724.337034,1025,407,600.892858,312.442212,0.710470,True,722.420882,2
1291,1774174401.025907,1774175897.701295,1057,439,726.602001,248.720786,1.091053,True,770.073387,2
179,1774174400.991197,1774174513.328748,392,96,109.772820,29.282113,0.847271,True,2.564731,1
1122,1774174401.020487,1774175724.398786,1211,408,650.637196,401.511954,0.612101,True,672.741103,2
2907,1774174401.077399,1774177063.287397,313,18,24.379431,11.094849,0.781446,True,2637.830567,1
2567,1774174401.066859,1774177603.547696,1101,478,848.421490,505.341715,0.719245,True,2354.059347,2
1207,1774174401.023323,1774175677.753929,1143,393,554.255937,353.459571,0.512236,True,722.474669,2
1292,1774174401.025939,1774175265.020788,391,90,93.910743,26.241070,0.760333,True,770.084106,1
180,1774174400.991225,1774174589.015493,197,217,185.448819,31.114366,0.714511,True,2.575449,1
1123,1774174401.020516,1774175653.547291,1035,375,579.775068,362.114545,0.581980,True,672.751707,2
2908,1774174401.077441,1774177385.130931,169,205,343.937060,190.357174,0.752843,True,2640.116429,2
2568,1774174401.066887,1774177025.869091,409,78,269.593227,133.649201,1.765507,True,2355.208977,1
1208,1774174401.023351,1774175597.253779,1226,379,473.673431,37.011003,1.155192,True,722.556998,1
1293,1774174401.025967,1774175652.212702,1094,376,480.827001,278.810440,0.538711,True,770.359734,2
181,1774174400.991257,1774175123.490882,975,409,719.914427,433.748636,0.701387,True,2.585198,2
1124,1774174401.020545,1774175824.076781,1227,656,750.294245,58.346349,1.056409,True,672.761991,1
2909,1774174401.077471,1774177349.708065,1315,125,308.276179,210.733599,0.786634,True,2640.354415,2
2569,1774174401.066915,1774177760.654968,1054,454,1004.050972,537.556391,1.029789,True,2355.537080,2
1209,1774174401.023379,1774175745.207848,1024,419,621.595884,353.345090,0.641748,True,722.588585,2
1294,1774174401.025995,1774175839.719820,1050,438,667.854012,161.988309,1.157587,True,770.839813,1
182,1774174400.991286,1774174994.905623,1025,443,591.318761,32.562828,1.264154,True,2.595576,1
1125,1774174401.020573,1774175754.774592,1203,421,680.846946,409.367598,0.646379,True,672.907073,2
2910,1774174401.077499,1774177326.004812,1625,82,284.459771,208.641977,0.936022,True,2640.467542,2
2570,1774174401.066947,1774177010.858229,400,82,254.089485,129.998500,1.531987,True,2355.701798,1
1210,1774174401.023407,1774176453.592511,1136,418,1329.969310,879.107534,1.081203,True,722.599794,3
1295,1774174401.026024,1774176711.988314,1148,614,1539.407389,890.522162,1.058540,True,771.554901,2
183,1774174400.991316,1774174660.163180,1027,388,256.564600,32.804138,0.578192,True,2.607264,1
1126,1774174401.020602,1774175762.569197,1024,429,688.589320,366.163771,0.753331,True,672.959275,2
2911,1774174401.077527,1774177861.592714,1149,417,819.934639,456.900409,0.872678,True,2640.580549,2
2571,1774174401.066976,1774177025.725622,421,80,268.390635,166.490771,1.289872,True,2356.268011,1
1211,1774174401.023450,1774175621.925656,1083,399,495.191622,36.221438,1.153191,True,725.710583,1
1296,1774174401.026052,1774175728.270188,1142,361,553.563980,136.720513,1.157899,True,773.680156,1
184,1774174400.991348,1774174883.889202,1143,409,480.280012,27.670277,1.109338,True,2.617843,1
1127,1774174401.020630,1774175585.664167,171,205,511.674704,386.476502,0.613717,True,672.968833,2
2912,1774174401.077555,1774177532.993088,1136,411,491.158418,200.326489,0.709346,True,2640.757115,2
2572,1774174401.067004,1774177597.927033,1077,468,840.478647,494.717211,0.740389,True,2356.381383,2
1212,1774174401.023479,1774175463.732381,1989,83,336.434985,162.679970,2.118964,True,726.273917,1
1297,1774174401.026081,1774175777.141126,1106,434,602.342235,281.853577,0.740159,True,773.772810,2
185,1774174400.991380,1774174677.390198,1028,394,273.769750,37.515152,0.601157,True,2.629069,1
1128,1774174401.020662,1774175252.537793,200,174,176.175600,49.735605,0.730867,True,675.341531,1
2913,1774174401.077589,1774177323.210798,398,78,281.028747,247.559386,0.434667,True,2641.104462,2
2573,1774174401.067035,1774177569.189801,1023,397,810.801292,561.002641,0.630805,True,2357.321474,2
1213,1774174401.023512,1774175657.607376,1046,438,529.625589,43.411638,1.112618,True,726.958275,1
1298,1774174401.026109,1774175735.287012,1226,407,560.478011,292.151713,0.660902,True,773.782892,2
186,1774174400.991408,1774174870.267094,874,402,466.637175,37.645872,1.069804,True,2.638511,1
1129,1774174401.020690,1774175542.402137,923,404,465.813062,5.256570,1.142820,True,675.568384,1
2914,1774174401.077624,1774177696.774222,1085,427,653.734753,184.619074,1.101211,True,2641.961846,2
2574,1774174401.067065,1774177516.409204,1044,386,756.566340,472.615951,0.737533,True,2358.775799,2
1214,1774174401.023540,1774175734.094006,1025,375,605.988876,161.872273,1.187478,True,727.081590,1
1299,1774174401.026140,1774175870.779395,958,554,695.959587,302.137454,0.712156,True,773.793669,2
187,1774174400.991455,1774175041.093078,997,492,637.452014,32.508490,1.232064,True,2.649609,1
1130,1774174401.020720,1774175236.799538,20,182,157.361600,8.840692,0.820558,True,678.417218,1
2915,1774174401.077654,1774177831.279362,1033,508,788.228273,184.607381,1.190574,True,2641.973435,2
2575,1774174401.067094,1774177400.981956,403,135,640.134730,476.367091,1.222147,True,2359.780132,2
1215,1774174401.023569,1774175577.787120,1317,192,449.283423,307.383156,0.742933,True,727.480128,2
1300,1774174401.026168,1774175676.023324,1082,391,501.110389,287.807794,0.546930,True,773.886767,2
188,1774174400.991484,1774174714.989044,72,245,311.337019,27.627355,1.162745,True,2.660541,1
1131,1774174401.020752,1774175158.263766,383,75,78.814561,8.829500,0.945744,True,678.428453,1
2916,1774174401.077683,1774177719.561380,1018,434,676.407469,169.150827,1.171493,True,2642.076228,2
2576,1774174401.067122,1774176995.950680,397,66,233.873005,106.016574,1.967022,True,2361.010554,1
1216,1774174401.023597,1774176423.461675,1083,407,1294.896297,944.041909,0.864173,True,727.541781,3
1301,1774174401.026200,1774175215.128866,245,14,40.205347,30.259841,0.765039,True,773.897320,1
189,1774174400.991512,1774174692.428044,851,397,288.765569,39.536520,0.629366,True,2.670962,1
1132,1774174401.020782,1774175703.598030,1156,536,623.934444,58.114699,1.057607,True,678.642804,1
2917,1774174401.077711,1774177553.976186,1125,422,509.490119,199.632432,0.736004,True,2643.408357,2
2577,1774174401.067155,1774177732.391630,1117,442,969.426802,526.100021,1.005276,True,2361.897673,2
1217,1774174401.023626,1774176633.343592,1036,538,1504.603384,883.907779,1.155858,True,727.716582,3
1302,1774174401.026228,1774175751.792865,1018,390,576.406878,141.899933,1.116984,True,774.359759,1
190,1774174400.991541,1774174509.483712,408,91,105.810099,29.164276,0.851620,True,2.682072,1
1133,1774174401.020811,1774175627.506014,1060,429,547.831870,61.104263,1.137214,True,678.653333,1
2918,1774174401.077739,1774177318.075207,374,69,273.413358,230.071219,0.637384,True,2643.584109,2
2578,1774174401.067184,1774177075.261152,61,136,311.994552,151.198570,1.191081,True,2362.199416,1
1218,1774174401.023657,1774175710.210862,1035,398,581.418480,338.168635,0.612720,True,727.768725,2
1303,1774174401.026259,1774175260.215389,395,85,84.480416,18.009632,0.791319,True,774.708714,1
191,1774174400.991570,1774175263.441046,1113,531,859.757094,444.038879,0.784374,True,2.692381,2
1134,1774174401.020924,1774175266.377243,181,190,184.396601,44.117140,0.742219,True,680.959718,1
2919,1774174401.077768,1774177093.594539,90,20,48.922089,33.481392,0.812668,True,2643.594682,1
2579,1774174401.067216,1774177377.820664,27,192,612.751047,485.117603,0.668238,True,2364.002401,2
1219,1774174401.023685,1774175246.915596,398,94,116.770310,20.230104,1.038067,True,729.121601,1
1304,1774174401.026290,1774175282.265899,435,114,106.478512,21.563740,0.751458,True,774.761097,1
192,1774174400.991613,1774174559.608438,1313,170,155.913205,35.190855,0.714333,True,2.703620,1
1135,1774174401.020956,1774175602.595791,1030,411,520.604761,54.947879,1.135748,True,680.970075,1
2920,1774174401.077797,1774177326.360075,376,85,280.669949,227.388891,0.634298,True,2644.612329,2
2580,1774174401.067244,1774177782.980670,1035,388,1017.900387,549.869530,1.209382,True,2364.013039,2
1220,1774174401.023712,1774175841.221748,1179,511,711.065220,364.796766,0.678958,True,729.132815,2
1305,1774174401.026319,1774175474.036045,379,81,295.163403,138.412998,1.959380,True,777.846323,1
193,1774174400.991656,1774175171.382372,1083,426,767.677179,444.017784,0.761552,True,2.713536,2
1136,1774174401.020986,1774175694.475135,1009,397,611.110194,352.521694,0.653001,True,682.343955,2
2921,1774174401.077826,1774177370.388194,209,174,324.645644,187.782091,0.791119,True,2644.664725,2
2581,1774174401.067273,1774177540.768922,1129,396,775.595322,472.041067,0.768492,True,2364.106327,2
1221,1774174401.023741,1774175714.520252,1009,399,584.353897,336.794378,0.622009,True,729.142615,2
1306,1774174401.026356,1774175724.622245,1099,410,545.330772,291.403939,0.620848,True,778.265117,2
194,1774174400.991693,1774174677.390376,1139,394,273.674351,37.419343,0.601158,True,2.724333,1
1137,1774174401.021019,1774175765.934931,980,425,682.456724,371.164471,0.734180,True,682.457189,2
2922,1774174401.077857,1774177735.745968,1056,442,686.958163,278.388218,0.926462,True,2647.709949,2
2582,1774174401.067304,1774177582.765736,1056,451,815.998021,471.257650,0.766090,True,2365.700412,2
1222,1774174401.023772,1774175749.928665,1030,396,617.668272,168.943300,1.136013,True,731.236621,1
1307,1774174401.026393,1774175523.936705,1339,72,344.634151,267.042938,1.092834,True,778.276161,2
195,1774174400.991737,1774174991.234040,978,437,587.507948,37.549664,1.261372,True,2.734355,1
1138,1774174401.021047,1774175735.174756,1204,411,651.583768,366.604787,0.695071,True,682.569940,2
2923,1774174401.077886,1774177461.200292,1066,377,411.311912,200.298748,0.561205,True,2648.810495,2
2583,1774174401.067333,1774177424.535283,1315,166,657.235900,531.712005,0.760751,True,2366.232049,2
1223,1774174401.023801,1774175473.400360,403,94,341.027703,157.604851,1.972289,True,731.348857,1
1308,1774174401.026435,1774175597.091239,1317,235,417.696472,291.300922,0.540152,True,778.368332,2
196,1774174400.991774,1774174541.814587,26,146,138.077955,39.462408,0.680107,True,2.744859,1
1139,1774174401.021077,1774175250.904346,402,97,164.857161,54.710910,1.147357,True,685.026108,1
2924,1774174401.077914,1774177388.593994,405,108,338.621490,187.241625,1.414765,True,2648.894590,2
2584,1774174401.067362,1774177031.129068,406,104,262.085030,112.647670,1.450848,True,2367.976677,1
1224,1774174401.023829,1774175599.615050,1003,372,467.129441,41.868689,1.146255,True,731.461780,1
1309,1774174401.026466,1774176630.887295,1017,537,1451.481218,937.733321,0.958485,True,778.379611,3
197,1774174400.991803,1774174565.350079,386,61,161.601494,32.401037,2.153341,True,2.756782,1
1140,1774174401.021106,1774175645.658469,1199,373,558.887475,378.160245,0.485826,True,685.749888,2
2925,1774174401.077943,1774177336.637266,393,99,285.307335,205.044041,0.819013,True,2650.251988,2
2585,1774174401.067390,1774177413.544024,12,149,643.257617,498.664410,0.976981,True,2369.219017,2
1225,1774174401.023857,1774175527.933769,181,136,395.437299,157.480974,1.762639,True,731.472613,1
1310,1774174401.026498,1774177995.654863,1139,674,2816.084696,2063.002732,1.118993,True,778.543668,5
198,1774174400.991833,1774175116.609347,1074,411,712.849537,463.304296,0.608647,True,2.767977,2
1141,1774174401.021134,1774175745.844725,998,415,659.062685,357.726490,0.727865,True,685.760906,2
2926,1774174401.077971,1774177336.862851,42,100,285.481036,213.469929,0.727385,True,2650.303843,2
2586,1774174401.067435,1774177067.469944,444,99,296.626546,134.452737,1.654835,True,2369.775964,1
1226,1774174401.023885,1774176320.895969,1037,390,1184.316111,866.150445,0.817907,True,735.555973,3
1311,1774174401.026527,1774175819.848708,1033,427,637.829164,145.372398,1.156002,True,780.993017,1
199,1774174400.991862,1774174658.029174,209,162,254.258828,27.509130,1.408383,True,2.778484,1
1142,1774174401.021163,1774175270.784215,415,131,183.960930,49.206377,1.036573,True,685.802121,1
2927,1774174401.078000,1774177318.248739,828,72,266.631214,179.933739,1.221091,True,2650.539524,2
2587,1774174401.067466,1774177048.782597,393,102,275.779639,153.688986,1.208818,True,2371.935492,1
1227,1774174401.023917,1774176317.072459,1070,387,1180.267370,901.140630,0.723126,True,735.781172,3
1312,1774174401.026556,1774175694.531964,1009,397,511.726212,304.027360,0.524492,True,781.779196,2
1143,1774174401.021193,1774175785.761330,1156,390,697.607934,299.489480,1.023441,True,687.132203,2
2928,1774174401.078028,1774177515.064762,1093,405,463.159894,196.386001,0.660331,True,2650.826839,2
200,1774174400.991891,1774175201.728332,1099,455,797.947472,475.865049,0.709433,True,2.788969,2
2588,1774174401.067512,1774177012.855333,375,64,238.080105,154.853091,1.321064,True,2373.707716,1
1228,1774174401.023946,1774176834.228368,1054,397,1697.372180,1238.779339,1.158063,True,735.832242,3
1313,1774174401.026585,1774175775.642342,1020,400,591.925378,153.213984,1.099527,True,782.690379,1
201,1774174400.991924,1774174465.752217,120,12,61.960558,35.094552,2.442364,True,2.799735,1
1144,1774174401.021222,1774175174.792071,311,18,86.628138,40.270071,2.726945,True,687.142711,1
2929,1774174401.078056,1774177604.670630,1095,407,552.622759,145.808000,1.002007,True,2650.969815,2
2589,1774174401.067542,1774177075.433510,1313,143,299.274880,125.381901,1.224598,True,2375.091088,1
1229,1774174401.023974,1774175722.139480,1171,402,585.272122,317.775291,0.667074,True,735.843384,2
1314,1774174401.026613,1774175766.893698,1008,395,582.511773,152.549056,1.091276,True,783.355311,1
202,1774174400.991956,1774174556.741528,126,173,152.939487,32.599998,0.699648,True,2.810085,1
1145,1774174401.021254,1774175594.739636,1264,395,504.663440,57.196494,1.135703,True,689.054942,1
2930,1774174401.078085,1774177703.791484,1049,429,651.631939,190.413090,1.077614,True,2651.081460,2
2590,1774174401.067570,1774177058.568532,402,98,280.958286,103.056277,1.834041,True,2376.542675,1
1230,1774174401.024003,1774175251.766298,1474,94,113.667306,23.651755,0.967909,True,737.074990,1
1315,1774174401.026645,1774175800.178493,1046,418,614.673299,155.370335,1.101446,True,784.478550,1
203,1774174400.991986,1774174642.637739,416,140,238.825243,37.463377,1.448647,True,2.820510,1
1146,1774174401.021286,1774175500.861583,1207,368,410.265070,3.214454,1.109130,True,689.575227,1
2931,1774174401.078116,1774177546.204510,920,418,492.516882,217.529081,0.659443,True,2652.609511,2
2591,1774174401.067603,1774177705.816292,1180,597,928.092376,478.649848,0.754098,True,2376.656313,2
1231,1774174401.024034,1774175758.869264,1111,396,620.044467,159.806359,1.165160,True,737.800762,1
1316,1774174401.026676,1774175810.100677,1054,419,624.368715,155.143184,1.122549,True,784.705286,1
204,1774174400.992015,1774174585.301485,394,83,181.478068,32.326393,1.818923,True,2.831402,1
1147,1774174401.021316,1774175166.420748,373,75,75.588373,2.978595,0.981213,True,689.811060,1
2932,1774174401.078145,1774177446.299500,1116,360,392.374852,220.808243,0.477901,True,2652.846503,2
2592,1774174401.067632,1774177501.385555,1147,394,723.383204,453.548857,0.686601,True,2376.934720,2
1232,1774174401.024062,1774175645.601099,983,373,504.205581,321.325287,0.491614,True,740.371456,2
1317,1774174401.026704,1774175813.780745,1202,411,627.934837,167.926490,1.121972,True,784.819205,1
205,1774174400.992044,1774174697.726680,1043,399,293.892034,37.300344,0.644703,True,2.842602,1
1148,1774174401.021344,1774175238.553363,436,136,147.597034,53.833391,0.694546,True,689.934984,1
2933,1774174401.078173,1774177370.835430,403,99,316.900728,269.211915,0.486621,True,2652.856529,2
2593,1774174401.067661,1774177474.571764,1117,387,696.394581,468.144234,0.591322,True,2377.109523,2
1233,1774174401.024091,1774175669.030018,1150,389,527.572688,317.154291,0.542315,True,740.433239,2
1318,1774174401.026732,1774175800.865946,1102,396,614.590717,300.557484,0.795021,True,785.248497,2
206,1774174400.992078,1774174845.388451,1099,396,441.542927,27.434366,1.048376,True,2.853446,1
1149,1774174401.021373,1774175634.745988,1025,428,543.677121,60.668712,1.131167,True,690.047494,1
2934,1774174401.078201,1774177378.322958,1317,194,324.120005,202.170608,0.631862,True,2653.124752,2
2594,1774174401.067692,1774177077.993579,404,145,299.652473,103.350935,1.363205,True,2377.273414,1
1234,1774174401.024118,1774175760.220507,986,426,618.701563,329.176661,0.681235,True,740.494826,2
1319,1774174401.026763,1774175770.678185,1139,429,584.228482,282.593087,0.704756,True,785.422939,2
207,1774174400.992108,1774174590.426080,857,91,186.570354,37.420176,1.657224,True,2.863618,1
1150,1774174401.021402,1774175291.811208,439,161,198.809018,29.570708,1.057739,True,691.980787,1
2935,1774174401.078229,1774177684.042823,1147,424,629.746839,250.509923,0.896541,True,2653.217755,2
2595,1774174401.067721,1774177454.189169,1091,375,675.735417,499.078916,0.472344,True,2377.386031,2
1235,1774174401.024147,1774176509.981012,1015,446,1368.409893,896.374406,1.060754,True,740.546972,3
1320,1774174401.026799,1774175542.627004,1785,137,354.385964,134.430987,1.617316,True,787.214241,1
208,1774174400.992137,1774174587.409271,209,217,183.541979,39.332149,0.667638,True,2.875155,1
1151,1774174401.021617,1774176336.050364,963,393,1242.935628,904.867900,0.862418,True,692.093119,3
2936,1774174401.078257,1774177529.943179,1139,393,475.423234,264.871022,0.537123,True,2653.441688,2
2596,1774174401.067750,1774177653.985125,1061,418,873.818860,476.896792,0.951851,True,2379.098514,2
1236,1774174401.024175,1774175779.864876,1010,415,638.261323,163.513795,1.146733,True,740.579378,1
1321,1774174401.026828,1774176608.980358,1075,516,1420.075153,898.375242,1.013010,True,787.878377,2
209,1774174400.992166,1774174655.059795,1109,365,251.182252,41.273441,0.576673,True,2.885378,1
1152,1774174401.021652,1774175205.827803,1130,45,112.539109,36.487977,1.728435,True,692.267042,1
2937,1774174401.078285,1774177633.167367,1114,412,578.636897,157.774305,1.023997,True,2653.452185,2
2597,1774174401.067782,1774177723.915634,1038,387,942.777998,504.162146,1.136310,True,2380.069854,2
1237,1774174401.024203,1774175286.074541,1317,135,144.387474,28.778935,0.862750,True,740.662864,1
1322,1774174401.026857,1774176600.447170,1179,511,1411.531228,883.690896,1.034981,True,787.889085,2
210,1774174400.992195,1774175444.652622,993,441,1040.764416,453.166774,1.335449,True,2.896011,2
1153,1774174401.021684,1774175765.934646,1139,425,670.813563,371.840168,0.705126,True,694.099400,2
2938,1774174401.078316,1774177547.536909,1097,420,489.689924,181.959736,0.734440,True,2656.768668,2
2598,1774174401.067810,1774177604.559992,1052,409,823.174406,441.172610,0.936279,True,2380.317776,2
1238,1774174401.024231,1774175682.774937,1142,458,541.066264,35.737337,1.105753,True,740.684442,1
1323,1774174401.026885,1774175781.431486,1065,439,590.957467,280.221742,0.709442,True,789.447135,2
211,1774174400.992229,1774175388.871663,888,418,984.973271,453.156533,1.275340,True,2.906163,2
1154,1774174401.021730,1774175194.462964,383,56,99.331599,49.658408,0.903149,True,694.109635,1
2939,1774174401.078354,1774177766.400973,1162,410,707.824404,256.373335,1.103792,True,2657.498214,2
2599,1774174401.067838,1774177092.666871,391,155,311.072815,145.098234,1.077757,True,2380.526218,1
1239,1774174401.024259,1774175745.134988,1082,385,603.189854,173.719027,1.118414,True,740.920875,1
1324,1774174401.026918,1774176665.889434,1230,413,1475.302233,926.551112,1.331920,True,789.560283,3
212,1774174400.992257,1774174660.163578,1141,388,256.254323,32.493361,0.578194,True,2.916997,1
1155,1774174401.021763,1774175687.050028,912,395,591.876334,378.337517,0.541977,True,694.151931,2
2940,1774174401.078386,1774177298.213848,91,16,239.491929,193.444070,3.069857,True,2657.643534,2
2600,1774174401.067867,1774177096.531900,1313,169,314.886674,130.010211,1.100455,True,2380.577360,1
1240,1774174401.024287,1774175653.667007,1170,422,511.619207,38.944853,1.122742,True,741.023513,1
1325,1774174401.026947,1774175566.361695,1314,164,375.599691,286.195387,0.548493,True,789.735058,2
213,1774174400.992286,1774174677.390500,1067,394,273.470967,37.215506,0.601159,True,2.927246,1
1156,1774174401.021792,1774175237.788108,206,179,142.541705,0.692482,0.796906,True,694.224611,1
2941,1774174401.078514,1774177492.637526,967,396,433.853696,214.295634,0.555843,True,2657.705316,2
2601,1774174401.067895,1774177508.977306,1038,394,725.233357,503.668798,0.563778,True,2382.676054,2
1241,1774174401.024318,1774175252.047404,1785,91,108.422767,20.853837,0.972988,True,742.600319,1
1326,1774174401.026976,1774175299.168927,1029,71,105.947430,56.325718,0.708882,True,792.194521,1
214,1774174400.992318,1774175373.155903,1116,423,969.225834,455.871921,1.216478,True,2.937751,2
1157,1774174401.021822,1774176571.264061,1179,498,1475.231397,951.363800,1.054060,True,695.010843,3
2942,1774174401.078546,1774177314.704571,374,60,254.091841,204.239141,0.844961,True,2659.534184,2
2602,1774174401.067927,1774177078.101931,1737,92,293.625673,140.500410,1.682695,True,2383.408331,1
1242,1774174401.024346,1774175232.258111,1896,68,88.622552,26.487466,0.927389,True,742.611213,1
1327,1774174401.027004,1774175760.105062,1051,420,566.707520,285.593884,0.670916,True,792.370538,2
215,1774174400.992346,1774174498.581889,416,79,94.640787,41.210412,0.685005,True,2.948756,1
1158,1774174401.021855,1774175157.142037,120,12,59.894122,54.489935,0.491290,True,696.226060,1
2943,1774174401.078582,1774177640.840782,1161,414,580.164640,176.537962,0.977304,True,2659.597560,2
2603,1774174401.067958,1774177509.034980,1001,403,724.229469,455.001140,0.669722,True,2383.737553,2
1243,1774174401.024377,1774175563.184356,1312,157,418.824259,329.151129,0.574828,True,743.335720,2
1328,1774174401.027038,1774176653.703360,990,559,1459.234445,907.654456,0.988495,True,793.441877,2
216,1774174400.992374,1774175255.895847,1126,520,851.944132,437.434891,0.798669,True,2.959341,2
1159,1774174401.021883,1774175113.870300,311,18,16.140157,1.019064,0.889476,True,696.708259,1
2944,1774174401.078610,1774177816.187531,1085,491,755.500599,186.506353,1.161213,True,2659.608322,2
2604,1774174401.067987,1774177557.958158,1100,426,771.323437,476.119483,0.694598,True,2385.566733,2
1244,1774174401.024405,1774175761.142715,1039,397,616.223768,153.712187,1.167959,True,743.894542,1
1329,1774174401.027067,1774175764.438485,1136,375,569.496085,187.663563,1.020943,True,793.915333,2
217,1774174400.992404,1774174676.544474,203,179,272.581627,32.186918,1.350532,True,2.970443,1
1160,1774174401.021912,1774175247.033554,1989,88,149.045289,55.592741,1.074167,True,696.966352,1
2945,1774174401.078639,1774177328.328017,382,89,267.476719,206.363980,0.694463,True,2659.772659,2
2605,1774174401.068016,1774177025.242983,400,95,238.444174,102.885333,1.442115,True,2385.730793,1
1245,1774174401.024447,1774175767.001067,1172,402,621.855886,170.518818,1.125529,True,744.120734,1
1330,1774174401.027095,1774175616.644510,1315,183,420.615060,168.665851,1.384336,True,795.002354,1
218,1774174400.992450,1774174542.044236,379,144,138.070856,34.912326,0.721388,True,2.980929,1
1161,1774174401.021941,1774175800.178665,1086,390,702.179790,303.156184,1.025768,True,696.976934,2
2946,1774174401.078669,1774177592.689518,1189,74,529.456036,423.195062,1.455630,True,2662.154813,2
2606,1774174401.068048,1774177025.644650,395,78,238.578822,93.600668,1.882833,True,2385.997779,1
1246,1774174401.024479,1774175792.233070,995,452,646.041549,289.694900,0.790126,True,745.167042,2
1331,1774174401.027126,1774175832.379565,1139,418,636.021087,168.336782,1.121545,True,795.331352,1
219,1774174400.992479,1774174658.885224,56,164,254.901832,27.295846,1.396356,True,2.990913,1
1162,1774174401.021970,1774175586.701378,1219,388,487.822108,50.658378,1.129622,True,697.857300,1
2947,1774174401.078697,1774177324.066588,391,81,260.771559,170.229516,1.131776,True,2662.216331,2
2607,1774174401.068077,1774177569.868145,1066,432,781.982379,504.294106,0.644288,True,2386.817689,2
1247,1774174401.024511,1774175703.828089,1020,400,557.522649,327.205838,0.577235,True,745.280929,2
1332,1774174401.027157,1774175765.990798,1139,428,569.549686,272.601580,0.695429,True,795.413955,2
220,1774174400.992508,1774175111.191983,1232,410,707.197820,439.293196,0.655024,True,3.001655,2
1163,1774174401.022002,1774175231.917531,392,122,132.680521,50.300685,0.680825,True,698.215007,1
2948,1774174401.078726,1774177365.986625,206,161,301.317369,193.638691,0.672992,True,2663.590531,2
2608,1774174401.068106,1774177052.042679,1639,91,262.662827,101.785756,1.787523,True,2388.311746,1
1248,1774174401.024539,1774175714.465611,1140,404,568.150287,318.616087,0.619192,True,745.290786,2
1333,1774174401.027185,1774175798.332928,1180,414,601.756203,148.084499,1.098479,True,795.549540,1
221,1774174400.992541,1774174552.600765,209,162,148.596256,37.130485,0.692334,True,3.011968,1
1164,1774174401.022030,1774175241.595065,1313,176,142.132774,2.761363,0.796408,True,698.440261,1
2949,1774174401.078755,1774177988.340895,1099,429,923.536371,314.309641,1.423427,True,2663.725770,2
2609,1774174401.068135,1774177461.374497,1013,375,671.386023,479.266563,0.513688,True,2388.920338,2
1249,1774174401.024568,1774175792.590630,1088,421,642.920337,153.984112,1.164134,True,748.645725,1
1334,1774174401.027213,1774175846.636153,1034,519,648.057270,249.926918,0.768591,True,797.551670,2
222,1774174400.992570,1774174553.387262,206,162,149.371784,51.932821,0.605211,True,3.022907,1
1165,1774174401.022058,1774175876.591193,1146,418,775.499148,328.675901,1.071519,True,700.069986,2
2950,1774174401.078783,1774177864.998353,944,548,799.854777,223.920970,1.052895,True,2664.064793,2
2610,1774174401.068164,1774177590.747795,1104,399,799.930808,411.552015,0.975826,True,2389.748823,2
1250,1774174401.024596,1774175702.242130,998,399,551.560642,289.461823,0.658540,True,749.656892,2
1335,1774174401.027241,1774175705.165094,1166,401,506.473551,239.192924,0.668202,True,797.664302,2
223,1774174400.992602,1774174780.526503,1083,378,376.500632,37.249781,0.899870,True,3.033270,1
1166,1774174401.022090,1774175719.126858,1036,403,617.981965,343.363249,0.683131,True,700.122803,2
2951,1774174401.078811,1774177651.878084,1133,527,585.839406,194.429700,0.744125,True,2664.959867,2
2611,1774174401.068193,1774177565.618337,1027,429,773.491523,451.991807,0.751168,True,2391.058621,2
1251,1774174401.024624,1774175273.935025,420,112,123.140332,37.362648,0.772772,True,749.770070,1
1336,1774174401.027270,1774175663.429865,181,246,464.318015,149.597585,1.284573,True,798.084579,1
224,1774174400.992631,1774174568.852195,171,183,164.815554,41.114816,0.679674,True,3.044011,1
1167,1774174401.022119,1774175724.568958,1024,407,623.310034,367.783952,0.629375,True,700.236804,2
2952,1774174401.078840,1774177565.618042,990,429,499.465680,165.399161,0.780529,True,2665.073523,2
2612,1774174401.068222,1774177709.599470,1116,426,916.374539,439.234293,1.122683,True,2392.156709,2
1252,1774174401.024652,1774175714.235297,1171,402,563.388479,293.661636,0.672636,True,749.822167,2
1337,1774174401.027302,1774175561.748452,396,136,361.534575,144.447341,1.608054,True,799.186576,1
225,1774174400.992660,1774175165.324042,982,429,761.276705,452.310359,0.721884,True,3.054677,2
1168,1774174401.022147,1774175675.910329,1216,392,574.537813,381.922062,0.492623,True,700.350368,2
2953,1774174401.078868,1774177400.981786,396,135,333.618259,169.850780,1.222145,True,2666.284659,2
2613,1774174401.068251,1774177477.042892,944,393,683.745398,454.993002,0.583552,True,2392.229244,2
1253,1774174401.024680,1774175794.823347,1189,415,642.152122,178.883097,1.119007,True,751.646546,1
1338,1774174401.027330,1774175746.906682,1314,243,546.316294,350.912258,0.807455,True,799.563057,2
226,1774174400.992689,1774174487.366827,374,54,83.309482,34.828119,0.914743,True,3.064656,1
1169,1774174401.022176,1774175237.237510,790,111,134.878834,65.078691,0.634547,True,701.336500,1
2954,1774174401.078897,1774177507.699052,1097,388,440.222047,139.957142,0.775878,True,2666.398108,2
2614,1774174401.068279,1774177036.870917,453,85,243.429521,100.633192,1.699956,True,2392.373116,1
1254,1774174401.024708,1774175643.256249,1119,395,490.012853,34.573294,1.155938,True,752.218689,1
1339,1774174401.027358,1774175869.033486,1176,548,667.870627,259.303182,0.746924,True,800.135501,2
227,1774174400.992720,1774174920.156207,1019,413,516.087990,32.081317,1.174773,True,3.075496,1
1170,1774174401.022204,1774175196.350663,1474,94,92.721854,4.811464,0.945273,True,702.606605,1
2955,1774174401.078926,1774177325.776765,782,84,257.921897,174.306026,1.007420,True,2666.775942,2
2615,1774174401.068310,1774177021.769546,371,79,226.521441,132.128232,1.210169,True,2394.179794,1
1255,1774174401.024736,1774175228.130316,1076,51,74.477819,38.883299,0.711890,True,752.627761,1
1340,1774174401.027386,1774176427.613267,1085,409,1225.874069,885.541327,0.834149,True,800.711812,3
228,1774174400.992749,1774174575.205051,126,205,171.125947,45.002526,0.618252,True,3.086355,1
1171,1774174401.022233,1774175215.661251,1733,66,111.806984,62.447970,0.759369,True,702.832034,1
2956,1774174401.078954,1774177328.156617,396,88,260.128092,205.050887,0.633071,True,2666.949570,2
2616,1774174401.068339,1774177789.459447,1039,717,991.750971,473.508366,0.723803,True,2396.640137,2
1256,1774174401.024765,1774175730.113436,1191,409,576.398741,321.558708,0.624608,True,752.689930,2
1341,1774174401.027427,1774175298.023291,1282,66,96.006672,47.530623,0.745785,True,800.989192,1
229,1774174400.992781,1774174686.404055,1147,396,282.314171,37.045298,0.620934,True,3.097104,1
1172,1774174401.022261,1774175556.396127,1227,383,452.530474,9.648030,1.159378,True,702.843392,1
2957,1774174401.078983,1774177308.122287,1325,45,240.041642,169.944817,1.593110,True,2667.001663,2
1257,1774174401.024798,1774175694.361663,1009,396,540.595429,290.741823,0.632541,True,752.741436,2
1342,1774174401.027458,1774175829.719230,1148,501,626.604819,257.351769,0.738506,True,802.086953,2
230,1774174400.992810,1774175179.283715,1078,428,775.183017,443.622675,0.776488,True,3.107888,2
1173,1774174401.022290,1774175669.848095,1233,423,565.869556,90.251826,1.127056,True,702.956248,1
2958,1774174401.079011,1774177506.125354,1212,396,436.905016,211.957530,0.569487,True,2668.141327,2
2618,1774174401.068396,1774177051.323899,404,104,252.148447,102.710982,1.450849,True,2398.107055,1
1258,1774174401.024828,1774175663.988884,1054,411,510.181366,44.512465,1.135778,True,752.782690,1
1343,1774174401.027487,1774175507.883721,390,96,302.830525,143.656838,1.675512,True,804.025708,1
231,1774174400.992839,1774174895.664757,883,413,491.553961,27.168454,1.127149,True,3.117957,1
1174,1774174401.022318,1774175694.475129,1031,397,588.409770,354.400709,0.590932,True,705.043041,2
2959,1774174401.079043,1774177684.042635,1090,424,614.583484,158.199549,1.078922,True,2668.380107,2
2619,1774174401.068449,1774177714.675876,1101,432,913.816154,503.945329,0.950976,True,2399.791274,2
1259,1774174401.024857,1774175583.521326,1323,205,429.640573,288.482258,0.691953,True,752.855896,2
1344,1774174401.027519,1774175540.082860,1756,111,334.250244,254.633471,0.723789,True,804.805097,2
232,1774174400.992867,1774174593.512163,169,217,189.389907,41.028948,0.686856,True,3.129389,1
1175,1774174401.022361,1774175689.731348,1049,395,582.110291,361.421552,0.560124,True,706.598696,2
2960,1774174401.079072,1774177719.676333,1123,430,650.102424,147.496056,1.171577,True,2668.494838,2
2620,1774174401.068478,1774176996.403409,921,45,194.784018,119.764798,1.704982,True,2400.550912,1
1260,1774174401.024886,1774175766.783606,1046,399,612.860456,154.967145,1.150486,True,752.898264,1
1345,1774174401.027548,1774175898.004062,1025,591,690.797041,228.679522,0.783250,True,806.179474,2
233,1774174400.992902,1774174968.826942,1094,429,564.694058,37.143098,1.232596,True,3.139982,1
1176,1774174401.022391,1774175285.275995,181,132,177.541035,58.773141,0.906625,True,706.712569,1
2961,1774174401.079100,1774177509.144073,1056,397,438.205858,198.316881,0.605780,True,2669.859115,2
2621,1774174401.068508,1774177643.286446,1017,520,836.812858,466.605706,0.713309,True,2405.405080,2
1261,1774174401.024915,1774175259.754999,1896,68,103.514553,54.795218,0.727154,True,755.215532,1
1346,1774174401.027576,1774175861.664387,1136,429,654.056656,163.316301,1.146590,True,806.580154,1
234,1774174400.992932,1774174966.779768,1001,427,562.636684,47.318213,1.209668,True,3.150151,1
1177,1774174401.022437,1774175645.600740,983,373,537.688228,367.361124,0.457869,True,706.890076,2
2962,1774174401.079133,1774177932.556785,1153,420,858.221992,254.985125,1.439706,True,2673.255660,2
2622,1774174401.068537,1774177563.143551,1182,428,756.503187,456.113671,0.703488,True,2405.571826,2
1262,1774174401.024943,1774175482.286662,402,87,325.594890,174.862673,1.752700,True,755.666830,1
1347,1774174401.027605,1774175714.235290,1024,402,504.732456,271.548232,0.581507,True,808.475229,2
235,1774174400.992961,1774174511.354915,391,93,107.201059,43.156640,0.696135,True,3.160894,1
1178,1774174401.022466,1774175663.545675,998,402,554.856454,95.127361,1.146457,True,707.666756,1
2963,1774174401.079162,1774177336.637467,954,99,262.168596,157.082654,1.072306,True,2673.389709,2
2623,1774174401.068566,1774177557.788563,1042,424,750.920938,437.251046,0.741536,True,2405.799059,2
1263,1774174401.024971,1774175749.715188,998,387,592.562510,151.737604,1.142033,True,756.127706,1
1348,1774174401.027633,1774176612.971970,1209,522,1403.458458,867.535506,1.028643,True,808.485878,3
236,1774174400.992995,1774174684.878500,1085,388,280.713968,34.720883,0.635641,True,3.171537,1
1179,1774174401.022503,1774175237.004838,406,81,127.570340,33.965083,1.170066,True,708.411994,1
2964,1774174401.079191,1774177506.069367,1177,399,430.799003,178.801798,0.633159,True,2674.191173,2
2624,1774174401.068599,1774177593.231801,1048,405,785.553994,445.510277,0.841692,True,2406.609209,2
1264,1774174401.025003,1774175716.762208,1170,394,559.598733,101.932457,1.164545,True,756.138473,1
1349,1774174401.027664,1774175694.304607,1057,394,484.575584,269.262116,0.547871,True,808.701359,2
237,1774174400.993025,1774174673.944667,1064,395,269.769049,44.906250,0.570718,True,3.182594,1
1180,1774174401.022536,1774175581.464056,1130,402,470.586013,9.935608,1.148754,True,709.855507,1
2965,1774174401.079220,1774177334.298175,405,92,258.976275,212.090677,0.515226,True,2674.242681,2
2625,1774174401.068633,1774177064.795571,405,92,254.014712,92.704182,1.772643,True,2409.712226,1
1265,1774174401.025033,1774175451.515724,375,67,294.248055,159.068450,2.048176,True,756.242636,1
1350,1774174401.027693,1774175581.327712,1314,202,366.187724,253.903067,0.558630,True,814.112295,2
238,1774174400.993054,1774175130.139355,1070,411,725.952544,456.416124,0.657406,True,3.193758,2
1181,1774174401.022566,1774175373.042862,181,257,262.154029,9.924910,0.985270,True,709.866267,1
2966,1774174401.079252,1774177366.213835,181,162,290.778620,178.636252,0.696536,True,2674.355962,2
2626,1774174401.068662,1774177654.154030,1023,520,842.469275,444.688955,0.766436,True,2410.616093,2
1266,1774174401.025062,1774175775.530254,981,401,618.046593,158.852351,1.147986,True,756.458599,1
1351,1774174401.027721,1774176640.452356,969,554,1425.116251,852.658237,1.035186,True,814.308384,2
239,1774174400.993086,1774175301.019448,972,575,896.822617,460.894404,0.759457,True,3.203745,2
1182,1774174401.022594,1774175645.769565,1169,373,534.849177,345.731851,0.508380,True,709.897794,2
2967,1774174401.079280,1774177458.058469,1119,377,382.447023,191.603936,0.507561,True,2674.532165,2
2627,1774174401.068691,1774177429.686192,10,173,614.441745,382.611054,1.347853,True,2414.175757,2
1267,1774174401.025090,1774175224.961066,373,56,67.281957,12.444078,0.997052,True,756.654018,1
1352,1774174401.027749,1774175519.317721,505,92,303.648660,156.926828,1.612328,True,814.641312,1
240,1774174400.993115,1774175073.978723,1099,394,669.771278,475.438329,0.494486,True,3.214330,2
1183,1774174401.022623,1774175894.801321,1029,418,783.818307,347.930083,1.045295,True,709.960391,2
2968,1774174401.079309,1774177352.359243,946,129,274.354744,164.156532,0.860924,True,2676.925190,2
2628,1774174401.068719,1774177093.097696,1412,94,274.871903,112.362599,1.747412,True,2417.157073,1
1268,1774174401.025118,1774175739.443776,1015,414,581.651050,290.713357,0.704450,True,756.767607,2
1353,1774174401.027778,1774175537.672628,403,91,321.201838,199.826765,1.348612,True,815.443012,2
241,1774174400.993144,1774174668.451204,980,384,264.233213,43.092255,0.577392,True,3.224847,1
1184,1774174401.022654,1774175865.318540,923,399,754.325054,336.029341,1.050994,True,709.970832,2
2969,1774174401.079340,1774177567.502672,1184,394,489.487273,124.353837,0.929093,True,2676.936060,2
2629,1774174401.068748,1774177402.682355,1314,136,584.340888,486.463838,0.725015,True,2417.272719,2
1269,1774174401.025146,1774175664.327891,1082,385,506.523506,298.848341,0.540821,True,756.779239,2
1354,1774174401.027807,1774175838.630833,1062,509,621.748441,227.625771,0.775832,True,815.854585,2
242,1774174400.993172,1774174699.088434,1057,393,294.859992,34.657691,0.663781,True,3.235270,1
1185,1774174401.022683,1774175852.206372,1144,395,741.066989,338.199905,1.022505,True,710.116700,2
2970,1774174401.079368,1774177371.132483,425,91,293.024955,149.550705,1.594158,True,2677.028161,2
2630,1774174401.068780,1774177482.908596,1143,396,664.021722,458.646014,0.519939,True,2417.818094,2
1270,1774174401.025175,1774175709.844115,1140,401,551.988588,302.610738,0.623445,True,756.830352,2
1355,1774174401.027835,1774175537.700313,692,109,319.350797,260.641583,0.543604,True,817.321680,2
328,1774174400.995938,1774174762.965912,1161,373,357.814472,66.011223,0.784417,True,4.155502,1
2376,1774174401.060842,1774176724.918093,1139,50,247.480983,210.379228,0.757179,True,2076.376267,2
498,1774174401.001171,1774175123.603284,1256,414,618.743026,362.203545,0.621161,True,103.859087,2
668,1774174401.006399,1774175132.477837,988,466,517.660847,2.451938,1.107976,True,213.810591,1
329,1774174400.995972,1774174973.279062,1067,429,568.116997,46.299745,1.219199,True,4.166093,1
2377,1774174401.060871,1774177620.945072,977,411,1142.823531,744.436246,0.971676,True,2077.060671,2
499,1774174401.001206,1774175203.107352,1211,450,698.072532,353.448343,0.767537,True,104.033614,2
669,1774174401.006442,1774175060.019744,1146,380,443.136507,256.166157,0.493325,True,215.876796,2
330,1774174400.996000,1774174883.889373,1038,409,478.717243,40.685251,1.073608,True,4.176129,1
2378,1774174401.060899,1774176989.967682,1076,375,511.733299,95.655033,1.112509,True,2077.173484,1
500,1774174401.001240,1774174564.755493,396,89,58.306109,2.362367,0.635724,True,105.448144,1
670,1774174401.006473,1774175401.497885,1091,436,783.761618,237.135182,1.256612,True,216.729795,2
3483,1774174401.096556,1774177945.859632,1015,122,227.025344,84.205371,1.180330,True,3317.737731,1
331,1774174400.996029,1774174945.898125,1136,422,540.715477,65.980162,1.127637,True,4.186620,1
2379,1774174401.060927,1774176951.621279,1131,413,473.171151,168.824735,0.738705,True,2077.389201,2
501,1774174401.001268,1774174555.645154,91,16,47.050386,37.399149,0.643416,True,107.593499,1
671,1774174401.006505,1774174684.245304,379,87,66.487809,1.143828,0.759814,True,216.750990,1
332,1774174400.996057,1774174698.221895,169,217,293.028512,46.268626,1.142407,True,4.197325,1
2380,1774174401.060956,1774177754.538611,1008,446,1275.574708,835.985946,0.987840,True,2077.902947,3
502,1774174401.001297,1774175157.790978,1066,421,648.629876,349.322466,0.712637,True,108.159805,2
672,1774174401.006533,1774174690.774508,411,93,72.780035,1.510388,0.774670,True,216.987940,1
333,1774174400.996085,1774174540.069749,313,18,134.866404,40.654044,5.541903,True,4.207260,1
2381,1774174401.060985,1774176799.169255,1353,182,318.347197,189.000727,0.714621,True,2079.761073,2
503,1774174401.001327,1774174527.700252,91,24,18.210490,1.457282,0.728400,True,108.488435,1
673,1774174401.006562,1774174666.184168,396,65,47.850163,2.000235,0.716405,True,217.327443,1
3486,1774174401.096641,1774177885.777710,388,98,166.203090,58.847430,1.106759,True,3318.477978,1
334,1774174400.996114,1774175141.592989,1116,574,736.378759,65.947903,1.170036,True,4.218115,1
2382,1774174401.061014,1774176567.683681,730,42,86.584218,39.027186,1.159928,True,2080.038449,1
504,1774174401.001356,1774174560.179294,414,79,48.823167,1.209339,0.610434,True,110.354772,1
674,1774174401.006590,1774175317.518374,1060,396,699.048908,251.344748,1.133428,True,217.462876,2
335,1774174400.996142,1774175058.837875,1240,501,653.612580,46.236340,1.214752,True,4.229153,1
2383,1774174401.061042,1774177087.636207,1240,398,606.321672,130.969722,1.197360,True,2080.253494,1
505,1774174401.001384,1774174541.928173,378,52,30.561227,1.198089,0.575748,True,110.365562,1
675,1774174401.006619,1774175132.370927,1046,429,513.334506,3.016228,1.192332,True,218.029802,1
336,1774174400.996171,1774174561.396016,1060,58,156.160351,40.621358,2.027000,True,4.239494,1
2384,1774174401.061074,1774176693.151103,398,105,211.609988,92.347852,1.146751,True,2080.480041,1
506,1774174401.001425,1774174584.393998,385,112,72.749532,1.336046,0.643365,True,110.643041,1
676,1774174401.006647,1774175027.644618,398,79,408.216384,264.339828,1.844571,True,218.421587,2
337,1774174400.996203,1774174662.253373,209,167,257.007195,65.916130,1.151151,True,4.249976,1
2385,1774174401.061191,1774176738.606684,1386,125,257.054882,109.769025,1.187789,True,2080.490611,1
507,1774174401.001455,1774174682.210710,1314,285,168.870889,1.753367,0.588442,True,112.338367,1
677,1774174401.006675,1774174940.946775,381,99,321.177765,233.771302,0.891903,True,218.762335,2
3490,1774174401.096758,1774177810.492649,398,104,86.804364,17.241627,0.675366,True,3322.591527,1
338,1774174400.996233,1774174618.330206,428,108,213.073370,46.204443,1.559523,True,4.260603,1
2386,1774174401.061222,1774177645.428050,1182,411,1163.059444,841.410275,0.784510,True,2081.307384,3
508,1774174401.001483,1774174571.493333,401,88,57.537302,1.952018,0.638911,True,112.954547,1
678,1774174401.006704,1774175179.283889,1117,428,558.104364,226.543619,0.776489,True,220.172821,2
339,1774174400.996261,1774174902.882392,1093,414,497.614713,56.464765,1.068160,True,4.271419,1
2387,1774174401.061256,1774176698.491436,400,92,216.010334,108.839810,1.177698,True,2081.419846,2
509,1774174401.001516,1774174600.367084,404,98,84.792931,7.432275,0.797533,True,114.572638,1
679,1774174401.006732,1774174922.268498,383,69,300.472349,221.490864,1.161492,True,220.789417,2
3492,1774174401.096822,1774177794.758702,242,14,70.833969,59.395117,0.879912,True,3322.827911,1
340,1774174400.996290,1774175153.919542,1045,585,748.641254,65.883954,1.169105,True,4.281998,1
2388,1774174401.061287,1774176827.376118,1316,256,343.916077,176.043184,0.658325,True,2082.398754,2
510,1774174401.001544,1774174527.699970,91,16,11.726084,0.666902,0.737279,True,114.972341,1
680,1774174401.006763,1774174698.221683,403,106,75.329252,1.168560,0.706292,True,221.885669,1
341,1774174400.996319,1774174622.887677,435,111,217.598454,60.836744,1.425106,True,4.292904,1
2389,1774174401.061316,1774176752.508703,398,97,268.873327,197.977994,0.738493,True,2082.574059,2
511,1774174401.001573,1774174623.997135,194,188,107.676757,0.693039,0.572105,True,115.318805,1
681,1774174401.006865,1774175008.369639,377,69,385.334273,203.947486,2.667453,True,222.028502,2
3494,1774174401.096880,1774177890.507366,397,114,163.095653,58.086746,0.929282,True,3326.314834,1
342,1774174400.996356,1774174807.506670,1037,390,402.207219,56.432684,0.888881,True,4.303095,1
2390,1774174401.061346,1774176662.582696,650,54,176.191095,125.892711,0.949026,True,2085.330255,1
512,1774174401.001601,1774175066.007793,1111,389,549.513341,350.569258,0.512742,True,115.492851,2
682,1774174401.006896,1774175073.758586,403,101,449.755737,285.425259,1.643305,True,222.995953,2
3495,1774174401.096908,1774177766.633171,120,12,39.127074,26.547156,1.143629,True,3326.409189,1
343,1774174400.996384,1774174597.438087,422,95,192.128177,65.852154,1.343362,True,4.313527,1
2391,1774174401.061375,1774176979.323364,1160,414,492.921309,36.165626,1.105946,True,2085.340681,1
513,1774174401.001643,1774175069.128398,1125,395,552.253447,352.398302,0.507247,True,115.873309,2
683,1774174401.006927,1774175337.164914,1145,396,712.933304,269.657503,1.122217,True,223.224683,2
344,1774174400.996425,1774174691.138290,1313,201,285.817616,60.805743,1.125059,True,4.324249,1
2392,1774174401.061403,1774176725.304505,1187,84,238.799557,144.257586,1.139060,True,2085.443544,1
514,1774174401.001689,1774175143.623075,1013,421,626.481159,373.910816,0.601358,True,116.140227,2
684,1774174401.006957,1774175103.626989,1209,403,479.076813,10.284304,1.166151,True,223.543219,1
3497,1774174401.097050,1774177845.271237,389,89,115.736714,15.680050,1.137008,True,3328.437473,1
345,1774174400.996456,1774174827.317092,1184,394,421.985403,56.401110,0.930240,True,4.335233,1
2393,1774174401.061456,1774176938.361213,1094,406,451.484079,196.757407,0.628955,True,2085.815679,2
515,1774174401.001719,1774174575.262567,847,89,56.201781,1.692209,0.619427,True,118.059067,1
685,1774174401.006986,1774175138.817919,893,455,512.619625,2.005238,1.124701,True,225.191308,1
3498,1774174401.097084,1774177926.715380,406,96,197.170748,27.224588,1.788907,True,3328.447549,1
346,1774174400.996486,1774174845.603221,1001,396,440.261281,65.820472,0.947951,True,4.345454,1
2394,1774174401.061486,1774177744.059786,1098,449,1256.269272,817.014738,0.980479,True,2086.729029,3
516,1774174401.001752,1774174584.563978,375,101,65.492427,1.681526,0.638109,True,118.069799,1
686,1774174401.007015,1774175354.224107,1036,411,727.223872,248.774975,1.166949,True,225.993220,2
347,1774174400.996515,1774174827.101727,890,387,421.749148,60.773344,0.935170,True,4.356064,1
2395,1774174401.061515,1774176740.814246,398,80,252.959505,183.746155,0.876118,True,2086.793226,2
517,1774174401.001781,1774175299.257564,1046,393,780.031651,335.645604,1.133638,True,118.224132,2
687,1774174401.007043,1774174998.953331,203,217,371.551860,207.701066,0.758568,True,226.394428,2
348,1774174400.996547,1774174639.541394,181,140,234.178142,56.368894,1.279203,True,4.366704,1
2396,1774174401.061544,1774176728.248784,954,54,239.080651,164.240169,1.412085,True,2088.106590,2
518,1774174401.001813,1774174584.277045,395,58,64.824651,30.505497,0.602090,True,118.450581,1
688,1774174401.007071,1774174996.225188,200,217,368.495620,241.543609,0.587741,True,226.722497,2
3501,1774174401.097172,1774177862.455229,383,67,130.049612,56.741125,1.110735,True,3331.308445,1
349,1774174400.996577,1774174857.392102,1119,397,452.018103,65.788307,0.975328,True,4.377422,1
2397,1774174401.061572,1774176758.385508,419,99,269.154716,174.186763,0.969061,True,2088.169219,2
519,1774174401.001842,1774174929.472314,402,86,406.991716,346.792307,0.708228,True,121.478756,2
689,1774174401.007103,1774174651.968485,299,18,22.919660,7.731563,0.893417,True,228.041721,1
350,1774174400.996605,1774174598.810969,407,92,193.425870,60.740908,1.458077,True,4.388493,1
2398,1774174401.061601,1774176752.508888,400,97,263.051931,192.156340,0.738496,True,2088.395356,2
520,1774174401.001871,1774175065.836067,1207,386,542.421713,349.634888,0.500745,True,122.412483,2
690,1774174401.007131,1774175144.913139,1142,436,515.636606,2.425933,1.179795,True,228.269403,1
3503,1774174401.097229,1774177935.235383,1317,144,202.612953,25.367704,1.239477,True,3331.525201,1
351,1774174400.996634,1774174796.184747,1188,388,390.788628,56.336232,0.864218,True,4.399485,1
2399,1774174401.061630,1774176871.472598,1146,375,378.971271,186.934228,0.513468,True,2091.439697,2
521,1774174401.001899,1774175128.500463,997,415,604.573094,358.327024,0.594797,True,122.925470,2
691,1774174401.007162,1774175005.480229,1318,234,373.848499,218.310091,0.667547,True,230.624569,2
352,1774174400.996681,1774174768.692610,1016,375,363.285552,81.053917,0.754630,True,4.410376,1
2400,1774174401.061659,1774176935.018783,1210,385,441.778034,33.246742,1.063884,True,2092.179090,1
522,1774174401.001929,1774174619.425317,191,162,91.714460,1.569439,0.559907,True,126.708928,1
692,1774174401.007190,1774174651.968664,323,18,19.421628,4.233465,0.893421,True,231.539846,1
353,1774174400.996719,1774174938.813876,1095,417,533.396377,60.708411,1.136269,True,4.420780,1
2401,1774174401.061688,1774176740.814594,396,90,247.449634,143.393494,1.169170,True,2092.303272,1
523,1774174401.001960,1774175186.440695,978,430,658.718636,330.761376,0.764469,True,126.720099,2
693,1774174401.007219,1774175150.841812,1023,416,515.328204,216.456273,0.720173,True,234.506389,2
354,1774174400.996748,1774174836.968604,1027,395,431.540819,56.304302,0.952377,True,4.431037,1
2402,1774174401.061716,1774176695.820024,435,64,200.583438,137.757956,0.997230,True,2094.174870,2
524,1774174401.001988,1774174998.953041,200,217,471.127650,307.277304,0.758566,True,126.823402,2
694,1774174401.007255,1774175256.979791,1039,593,621.412831,3.487874,1.043792,True,234.559706,1
355,1774174400.996778,1774175006.370358,1102,455,600.931563,81.021880,1.145176,True,4.442018,1
2403,1774174401.061748,1774176638.891034,375,96,143.530057,31.126377,1.183197,True,2094.299230,1
525,1774174401.002016,1774175157.846702,1160,421,629.856537,345.058883,0.678090,True,126.988149,2
695,1774174401.007284,1774175118.407383,1024,414,481.259147,4.859563,1.153510,True,236.140952,1
3508,1774174401.097378,1774177822.379048,413,57,86.309706,51.572458,0.620308,True,3334.971964,1
356,1774174400.996807,1774174973.279068,1026,429,567.829668,60.676864,1.184936,True,4.452593,1
2404,1774174401.061781,1774176756.265088,381,81,258.543400,184.650018,0.923667,True,2096.659907,2
526,1774174401.002045,1774175461.546224,1216,466,931.036738,306.116938,1.343914,True,129.507440,2
696,1774174401.007313,1774175118.520229,206,165,480.856847,189.319337,1.777668,True,236.656070,2
3509,1774174401.097406,1774177995.795159,1315,141,257.425796,112.266757,1.036850,True,3337.271958,1
357,1774174400.996836,1774174572.443229,1996,70,166.983938,56.272818,1.604509,True,4.462455,1
2405,1774174401.061816,1774176753.953193,384,99,254.699883,152.435655,1.043513,True,2098.191494,2
527,1774174401.002077,1774175427.639631,912,427,895.260965,344.475406,1.292924,True,131.376589,2
697,1774174401.007341,1774174706.304616,371,97,67.109547,3.193748,0.665790,True,238.187728,1
3510,1774174401.097449,1774177985.103140,884,123,245.697284,114.846425,1.072548,True,3338.308407,1
358,1774174400.996865,1774174639.422938,1314,139,233.952733,80.990362,1.108423,True,4.473341,1
2406,1774174401.061862,1774176733.520294,1912,72,232.669993,143.827855,1.251298,True,2099.788439,1
528,1774174401.002105,1774174686.404392,181,104,153.736634,17.290406,1.324721,True,131.665654,1
698,1774174401.007370,1774174690.204037,373,66,50.895147,2.698868,0.741481,True,238.301519,1
359,1774174400.996894,1774174666.532815,181,173,261.051816,60.645482,1.165153,True,4.484105,1
2407,1774174401.061893,1774176978.728130,1095,423,341.511039,67.061821,0.650354,True,2236.155199,1
529,1774174401.002134,1774174972.659908,206,162,439.652342,325.475533,0.709173,True,132.005432,2
699,1774174401.007399,1774174693.397703,385,73,53.963944,2.955065,0.708457,True,238.426360,1
360,1774174400.996923,1774174857.178443,1049,397,451.687031,70.921815,0.961528,True,4.494490,1
2408,1774174401.061922,1774176968.805231,1201,426,331.578020,60.486686,0.637862,True,2236.165289,1
530,1774174401.002162,1774174894.456065,1010,396,359.240490,4.487207,0.898110,True,134.213412,1
700,1774174401.007443,1774174745.344901,203,167,105.796682,22.576322,0.501327,True,238.540776,1
361,1774174400.996951,1774174910.369885,1132,414,504.867036,80.957934,1.026414,True,4.505898,1
2409,1774174401.061951,1774177053.913788,1092,502,416.675438,52.194425,0.727507,True,2236.176399,1
531,1774174401.002191,1774174585.535389,975,68,50.309494,4.476619,0.684073,True,134.223705,1
701,1774174401.007473,1774175095.240687,398,132,455.259803,187.001901,2.047770,True,238.973412,2
362,1774174400.996980,1774174819.859007,1088,386,414.345730,60.612760,0.918787,True,4.516298,1
2410,1774174401.061980,1774176749.432886,1109,91,112.184347,55.979045,0.624503,True,2236.186559,1
532,1774174401.002219,1774174895.554718,1033,396,360.224248,2.018725,0.906849,True,134.328251,1
702,1774174401.007502,1774175178.867862,1241,421,536.219342,13.822771,1.243801,True,241.641018,1
363,1774174400.997009,1774174687.916056,125,205,282.392833,70.889895,1.036779,True,4.526215,1
2411,1774174401.062009,1774176740.814449,366,80,103.553956,58.591036,0.569151,True,2236.198484,1
533,1774174401.002250,1774174666.532436,163,157,131.087715,4.386188,0.812189,True,134.442472,1
703,1774174401.007531,1774175145.136380,1050,374,502.011858,2.300636,1.339708,True,242.116991,1
3516,1774174401.097624,1774177905.559005,1851,42,160.044193,108.268920,1.262812,True,3344.417189,1
364,1774174400.997041,1774174662.253674,206,167,256.719570,80.926748,1.058993,True,4.537062,1
2412,1774174401.062038,1774176757.327893,1730,104,120.057659,63.085218,0.553130,True,2236.208196,1
534,1774174401.002278,1774174575.606682,382,62,39.606433,0.853839,0.635288,True,134.997971,1
704,1774174401.007559,1774174703.646719,401,86,60.172429,2.786112,0.675133,True,242.466732,1
365,1774174400.997070,1774174574.825791,376,73,169.281428,60.581579,1.509720,True,4.547293,1
2413,1774174401.062066,1774176806.634166,1357,200,169.353204,66.997939,0.514348,True,2236.218896,1
535,1774174401.002306,1774175157.674131,1082,426,619.638126,329.027594,0.683789,True,137.033699,2
705,1774174401.007588,1774175233.227060,1436,386,585.888878,2.968540,1.514079,True,246.330594,1
366,1774174400.997099,1774174683.678695,127,198,278.124020,70.858465,1.052109,True,4.557576,1
2414,1774174401.062095,1774176740.186299,372,79,102.894406,60.422369,0.544513,True,2236.229798,1
536,1774174401.002338,1774175128.781388,1311,415,588.845741,301.451089,0.694190,True,138.933310,2
706,1774174401.007616,1774174706.087012,389,65,58.634843,14.672596,0.686910,True,246.444553,1
3519,1774174401.097712,1774177840.136095,982,47,92.007417,26.327079,1.427833,True,3347.030966,1
367,1774174400.997128,1774174614.580604,404,109,209.015044,80.895011,1.186297,True,4.568433,1
2415,1774174401.062124,1774176968.577790,1025,414,331.275476,65.178236,0.644303,True,2236.240190,1
537,1774174401.002376,1774174997.187060,200,217,457.188855,339.647678,0.544172,True,138.995829,2
707,1774174401.007645,1774174845.388651,386,49,197.697453,66.625220,2.730672,True,246.683553,1
3520,1774174401.097741,1774177965.174463,1595,150,216.563716,68.741717,0.992094,True,3347.513005,1
368,1774174400.997156,1774174902.990274,1026,409,497.413594,75.628439,1.033787,True,4.579524,1
2416,1774174401.062153,1774176924.012012,1171,396,286.698985,69.223231,0.550572,True,2236.250875,1
538,1774174401.002405,1774174550.443949,91,16,10.373548,2.378854,0.532980,True,139.067996,1
708,1774174401.007673,1774175360.136102,1069,426,708.863830,191.174047,1.218094,True,250.264599,2
369,1774174400.997184,1774174827.316913,1199,394,421.728585,70.825468,0.892883,True,4.591144,1
2417,1774174401.062181,1774176730.461718,371,62,93.138130,58.526669,0.567401,True,2236.261407,1
539,1774174401.002452,1774174611.912227,181,85,71.830871,0.529802,0.848822,True,139.078904,1
709,1774174401.007707,1774174895.554712,212,217,244.270685,5.187894,1.106865,True,250.276320,1
3522,1774174401.097797,1774177867.760218,1992,76,117.700793,32.437717,1.136841,True,3348.961628,1
370,1774174400.997216,1774174535.441609,91,16,129.843193,80.862099,3.265406,True,4.601201,1
2418,1774174401.062211,1774176774.770451,881,141,137.435418,63.020909,0.531532,True,2236.272823,1
540,1774174401.002481,1774174966.670780,1004,412,426.475631,2.254099,1.032169,True,139.192668,1
710,1774174401.007736,1774175196.018622,991,373,544.039287,28.001985,1.387197,True,250.971598,1
3523,1774174401.097825,1774177858.583833,1677,56,108.512713,46.308391,1.130988,True,3348.973294,1
371,1774174400.997243,1774174954.546998,1013,422,548.938162,75.596370,1.124327,True,4.611593,1
2419,1774174401.062239,1774176757.442293,413,106,120.096985,66.934032,0.506314,True,2236.283069,1
541,1774174401.002510,1774174659.004743,1315,144,118.798837,3.393187,0.807033,True,139.203396,1
711,1774174401.007765,1774174774.581554,181,112,122.591561,27.991314,0.852254,True,250.982228,1
372,1774174400.997272,1774174814.557611,990,392,408.938467,70.793925,0.864820,True,4.621873,1
2420,1774174401.062272,1774176711.803535,120,12,74.447454,60.358115,1.280849,True,2236.293809,1
542,1774174401.002539,1774174626.995448,203,161,85.178041,1.588771,0.522433,True,140.814868,1
712,1774174401.007796,1774174945.898135,395,142,292.865524,30.519178,1.860612,True,252.024814,1
373,1774174400.997301,1774174684.586667,1314,200,278.956355,80.830491,0.995607,True,4.633011,1
2421,1774174401.062304,1774176915.737039,1087,394,278.370107,65.113387,0.542638,True,2236.304628,1
543,1774174401.002568,1774175109.425689,960,403,567.597779,308.114031,0.645482,True,140.825341,2
713,1774174401.007825,1774175279.390771,1007,451,625.655555,33.034543,1.316936,True,252.727391,1
3526,1774174401.097919,1774177856.241919,397,88,103.226966,38.436716,0.744716,True,3351.917034,1
374,1774174400.997330,1774175052.063707,1069,499,646.422468,75.564010,1.146302,True,4.643908,1
2422,1774174401.062333,1774176924.012174,1136,396,286.634729,69.158669,0.550572,True,2236.315112,1
544,1774174401.002597,1774175063.685768,1032,387,521.754503,299.455703,0.575904,True,140.928668,2
714,1774174401.007854,1774174934.356696,395,91,279.294661,210.029632,0.769611,True,254.054181,2
3527,1774174401.097948,1774177946.031009,399,86,192.964030,110.477603,0.970429,True,3351.969032,1
375,1774174400.997358,1774175081.969838,1017,519,676.317804,70.761232,1.169028,True,4.654675,1
2423,1774174401.062373,1774176728.419795,376,56,91.031411,58.462101,0.592169,True,2236.326011,1
545,1774174401.002629,1774175101.251834,1144,396,559.197023,297.364096,0.662868,True,141.052182,2
715,1774174401.007883,1774174902.882603,324,18,246.507030,203.426353,2.534158,True,255.367690,2
376,1774174400.997387,1774174673.610108,200,183,267.947702,80.798500,1.028292,True,4.665019,1
2424,1774174401.062401,1774176924.186533,1244,396,286.787621,62.957052,0.566660,True,2236.336510,1
546,1774174401.002659,1774174617.725508,414,130,74.243046,2.659882,0.554908,True,142.479803,1
716,1774174401.007911,1774174975.360703,200,167,318.933613,208.664183,0.664274,True,255.419179,2
377,1774174400.997428,1774174693.853070,124,204,288.179909,75.532072,1.047526,True,4.675733,1
2425,1774174401.062446,1774176982.998647,1184,424,345.589605,66.870064,0.658911,True,2236.346596,1
547,1774174401.002692,1774174930.914150,399,86,386.387853,301.199660,1.002214,True,143.523605,2
717,1774174401.008037,1774174943.169201,397,103,286.626216,178.559416,1.059478,True,255.534948,2
3530,1774174401.098031,1774177964.593079,398,91,209.283489,113.842870,1.060451,True,3354.211559,1
378,1774174400.997460,1774174820.563564,895,393,414.879337,70.729194,0.877934,True,4.686767,1
2426,1774174401.062479,1774176745.241624,1047,87,107.821379,60.294210,0.552641,True,2236.357766,1
548,1774174401.002721,1774174629.273755,1113,98,83.589919,2.410039,0.836906,True,144.681115,1
718,1774174401.008068,1774174944.729907,452,101,288.073229,221.067787,0.670054,True,255.648610,2
3531,1774174401.098059,1774177928.699805,402,110,173.100645,40.780152,1.213949,True,3354.501101,1
379,1774174400.997489,1774174617.748905,399,112,212.054156,80.765745,1.182778,True,4.697261,1
2427,1774174401.062508,1774176752.732338,1999,97,115.302027,65.049876,0.523460,True,2236.367803,1
549,1774174401.002750,1774174610.624465,181,107,63.041078,0.701724,0.588107,True,146.580637,1
719,1774174401.008098,1774174999.916938,391,93,341.881138,57.759937,3.088274,True,257.027702,1
3532,1774174401.098087,1774177941.361518,387,78,184.170736,106.354045,1.010606,True,3356.092695,1
380,1774174400.997518,1774174604.154133,410,95,198.448683,75.499801,1.307967,True,4.707932,1
2428,1774174401.062537,1774176878.688785,1085,375,241.247180,69.094621,0.460301,True,2236.379067,1
550,1774174401.002779,1774174985.751749,161,193,437.653533,324.950959,0.586993,True,147.095437,2
720,1774174401.008128,1774175357.909865,1061,429,699.862849,137.426474,1.314104,True,257.038889,1
3533,1774174401.098118,1774177914.906182,392,90,156.312221,61.444515,1.065929,True,3357.495842,1
381,1774174400.997550,1774174796.184916,1107,388,390.468508,70.696997,0.826283,True,4.718858,1
2429,1774174401.062566,1774176914.764944,1002,398,277.312555,58.397902,0.551422,True,2236.389823,1
551,1774174401.002813,1774175325.552596,1001,398,775.521781,325.744599,1.132940,True,149.028002,2
721,1774174401.008161,1774175114.095872,1007,379,455.946306,10.958198,1.177217,True,257.141405,1
382,1774174400.997580,1774174695.983994,212,217,290.256799,80.733194,0.970017,True,4.729614,1
2430,1774174401.062595,1774176896.568523,1063,385,259.105033,62.892101,0.510971,True,2236.400895,1
552,1774174401.002840,1774174585.736038,371,54,35.478408,1.498977,0.641121,True,149.254791,1
722,1774174401.008190,1774174727.135719,398,99,68.249744,10.221766,0.592122,True,257.877784,1
3535,1774174401.098176,1774177930.609766,387,72,170.037539,86.450328,1.177285,True,3359.474052,1
383,1774174400.997609,1774174810.585328,1007,385,404.847006,75.467160,0.857760,True,4.740713,1
2431,1774174401.062624,1774176787.880604,1315,163,150.406177,66.804768,0.516058,True,2236.411803,1
553,1774174401.002868,1774174925.192361,1176,385,374.737588,2.480631,0.969419,True,149.451905,1
723,1774174401.008219,1774175290.531453,913,398,631.521708,145.793285,1.223497,True,258.001526,1
384,1774174400.997641,1774175205.047813,1052,652,799.298890,70.664277,1.119254,True,4.751282,1
2432,1774174401.062658,1774176944.202070,1150,411,306.716526,60.228617,0.601190,True,2236.422887,1
554,1774174401.002900,1774175182.799340,1061,429,630.964300,323.845671,0.717567,True,150.832140,2
724,1774174401.008251,1774175153.803921,999,412,494.783819,14.111190,1.169520,True,258.011851,1
385,1774174400.997670,1774174807.398186,1143,388,401.637936,95.545900,0.790935,True,4.762581,1
2433,1774174401.062687,1774176747.845979,1098,88,110.349905,64.984568,0.521441,True,2236.433387,1
555,1774174401.002931,1774175068.769383,886,95,516.707093,380.878343,1.444987,True,151.059359,2
725,1774174401.008280,1774174929.299889,385,84,269.132139,189.774475,0.956116,True,259.159470,2
3538,1774174401.098267,1774177895.044617,393,101,131.422782,14.579908,1.168429,True,3362.523569,1
386,1774174400.997698,1774174540.184501,307,18,134.413308,75.434452,3.469344,True,4.773494,1
2434,1774174401.062717,1774176986.442786,1158,427,348.936530,69.029699,0.657058,True,2236.443539,1
556,1774174401.002960,1774175162.560806,1137,428,609.955060,327.040242,0.662564,True,151.602785,2
726,1774174401.008308,1774175121.154529,1161,408,460.976919,177.147658,0.697369,True,259.169302,2
3539,1774174401.098296,1774177924.074989,378,52,158.303690,103.381474,1.076906,True,3364.673003,1
387,1774174400.997727,1774174594.984504,392,91,189.203288,85.514673,1.152096,True,4.783489,1
2435,1774174401.062749,1774176890.900714,1069,388,253.383227,58.333126,0.504005,True,2236.454737,1
557,1774174401.002989,1774175073.921933,1245,389,520.523749,298.572016,0.572041,True,152.395196,2
727,1774174401.008337,1774174949.425509,396,113,289.237285,177.137144,1.000894,True,259.179887,2
388,1774174400.997758,1774174674.301901,129,185,268.510328,95.514082,0.940197,True,4.793816,1
2436,1774174401.062778,1774176755.067398,429,100,117.539134,62.827290,0.552645,True,2236.465487,1
558,1774174401.003017,1774174612.551125,401,103,59.142071,2.820543,0.552172,True,152.406037,1
728,1774174401.008365,1774175064.940115,200,188,402.675833,24.505444,2.022302,True,261.255917,1
3541,1774174401.098369,1774177935.349266,441,134,168.926339,11.778730,1.181561,True,3365.324557,1
389,1774174400.997785,1774174658.146776,129,159,252.344628,75.403119,1.119883,True,4.804363,1
2437,1774174401.062810,1774177014.542108,1076,404,377.003402,66.740464,0.769883,True,2236.475896,1
559,1774174401.003045,1774174624.539332,405,83,71.016809,1.158080,0.851936,True,152.519479,1
729,1774174401.008394,1774175270.938025,1116,401,608.662664,27.579671,1.452707,True,261.266967,1
3542,1774174401.098397,1774177908.132724,415,93,141.491720,34.492818,1.163032,True,3365.542607,1
390,1774174400.997814,1774174967.013564,936,431,561.200172,85.482893,1.106319,True,4.815578,1
2438,1774174401.062839,1774176745.241917,385,87,107.692281,60.164545,0.552648,True,2236.486798,1
560,1774174401.003073,1774174639.972188,1319,169,84.492412,3.320103,0.483169,True,154.476703,1
730,1774174401.008439,1774175265.708647,1046,531,601.224600,211.197174,0.735901,True,263.475608,2
3543,1774174401.098444,1774177952.287182,393,83,185.480530,102.346372,1.013831,True,3365.708208,1
391,1774174400.997842,1774174690.547026,128,205,284.723394,95.482307,0.927652,True,4.825791,1
2439,1774174401.062867,1774176781.582915,398,146,144.022786,64.920125,0.545536,True,2236.497262,1
561,1774174401.003102,1774175421.442008,1052,429,865.785323,307.121862,1.305288,True,154.653583,2
731,1774174401.008473,1774175088.146741,1015,397,423.436900,176.676921,0.623131,True,263.701368,2
3544,1774174401.098473,1774177946.089911,394,175,178.768586,24.129929,0.888728,True,3366.222852,1
392,1774174400.997871,1774174836.746555,1025,388,430.911715,75.370820,0.918710,True,4.836970,1
2440,1774174401.062896,1774176869.890007,1035,373,232.318508,68.964925,0.439123,True,2236.508604,1
562,1774174401.003131,1774174569.140158,91,24,13.431664,0.856990,0.546725,True,154.705364,1
732,1774174401.008502,1774174938.558022,396,95,273.837826,176.666257,1.033740,True,263.711694,2
393,1774174400.997899,1774174695.087267,203,217,289.241972,85.450756,0.943478,True,4.847396,1
2441,1774174401.062925,1774176905.059711,1089,395,267.477520,58.267881,0.530989,True,2236.519267,1
563,1774174401.003162,1774175073.752962,1062,393,517.333587,302.064178,0.549157,True,155.416213,2
733,1774174401.008538,1774174988.454731,1320,201,323.693295,170.340714,0.766763,True,263.752898,2
394,1774174400.997927,1774174601.552999,431,97,195.696933,95.449826,1.044241,True,4.858139,1
2442,1774174401.062953,1774176811.678833,1316,203,174.085261,62.762322,0.551104,True,2236.530619,1
564,1774174401.003191,1774174914.295755,2042,52,357.548139,282.671521,1.468169,True,155.744425,2
734,1774174401.008570,1774175127.979041,1040,396,462.133121,7.285510,1.151513,True,264.837349,1
3547,1774174401.098560,1774177917.522889,373,48,147.437680,95.361505,1.108004,True,3368.986649,1
395,1774174400.997956,1774174867.199028,1000,396,461.332249,75.338421,0.977200,True,4.868823,1
2443,1774174401.062982,1774176795.243277,870,81,157.638967,70.573315,1.088321,True,2236.541329,1
565,1774174401.003220,1774174569.023529,328,18,11.873047,1.772093,0.594174,True,156.147263,1
735,1774174401.008599,1774174745.985949,416,153,79.790666,9.651108,0.461444,True,265.186684,1
3548,1774174401.098588,1774177885.671614,414,90,115.049292,13.191849,1.144466,True,3369.523733,1
396,1774174400.997984,1774175041.324138,1045,496,635.446795,85.418516,1.111168,True,4.879359,1
2444,1774174401.063013,1774177049.882291,1170,502,412.267284,60.099123,0.702930,True,2236.551994,1
566,1774174401.003248,1774174621.168365,8,122,63.781296,1.748291,0.512669,True,156.383820,1
736,1774174401.008628,1774174715.917604,384,61,49.374129,9.302679,0.667858,True,265.534847,1
397,1774174400.998012,1774174681.022894,165,192,275.135299,95.418154,0.940927,True,4.889583,1
2445,1774174401.063042,1774176929.695320,1190,375,292.069569,64.854531,0.607527,True,2236.562709,1
567,1774174401.003280,1774174635.510855,1313,156,75.898985,2.089645,0.476189,True,158.608590,1
737,1774174401.008658,1774175163.191595,1288,418,496.637743,12.717112,1.160481,True,265.545195,1
398,1774174400.998041,1774174973.278677,1163,429,567.379666,90.305382,1.114660,True,4.900971,1
2446,1774174401.063071,1774176907.367971,1027,390,269.730947,68.899060,0.516277,True,2236.573953,1
568,1774174401.003309,1774175136.851348,1129,414,576.950254,277.424230,0.725245,True,158.897786,2
738,1774174401.008689,1774174752.002785,203,162,85.437981,12.706061,0.451751,True,265.556115,1
399,1774174400.998072,1774175142.046825,1143,580,736.137101,85.386146,1.123922,True,4.911652,1
2447,1774174401.063099,1774177084.590291,1145,478,446.942554,58.202600,0.814968,True,2236.584637,1
569,1774174401.003337,1774174618.462391,405,110,58.272030,2.276917,0.513717,True,159.187024,1
739,1774174401.008717,1774175011.176309,400,82,344.406546,138.032985,2.547822,True,265.761046,1
400,1774174400.998101,1774174810.377041,1012,389,404.456743,95.385515,0.796575,True,4.922198,1
2448,1774174401.063128,1774177063.226709,982,442,425.568525,69.842525,0.806635,True,2236.595056,1
570,1774174401.003365,1774174659.004566,393,105,97.834583,1.148524,0.929674,True,160.166618,1
740,1774174401.008745,1774174999.404064,209,217,330.941654,209.262114,0.563331,True,267.453664,2
3553,1774174401.098739,1774177915.020161,409,98,139.966232,26.080164,1.174083,True,3373.955190,1
401,1774174400.998134,1774174988.183372,1121,433,582.252218,90.272931,1.138841,True,4.933021,1
2449,1774174401.063159,1774177533.108507,1103,411,895.439193,595.855179,0.730693,True,2236.606155,2
571,1774174401.003393,1774174714.988865,167,187,153.581838,1.188184,0.819321,True,160.403635,1
741,1774174401.008774,1774174960.777946,402,134,292.264079,215.841389,0.574607,True,267.505093,2
402,1774174400.998163,1774174762.757632,971,373,356.816082,85.354173,0.729736,True,4.943387,1
2450,1774174401.063189,1774176713.866806,306,18,76.186778,60.034144,0.950155,True,2236.616838,1
572,1774174401.003439,1774175076.585466,1040,456,514.143308,2.319045,1.124888,True,161.438719,1
742,1774174401.008807,1774174753.593560,906,146,84.122463,23.353049,0.419099,True,268.462289,1
3555,1774174401.098800,1774177897.696394,392,86,118.788226,22.225974,1.136026,True,3377.809367,1
403,1774174400.998191,1774174777.791585,1088,377,371.839100,95.353331,0.735334,True,4.954294,1
2451,1774174401.063217,1774177667.584721,1254,419,1029.893468,646.502387,0.917204,True,2236.628036,2
573,1774174401.003467,1774175382.836131,1113,399,819.899005,338.664756,1.209131,True,161.933658,2
743,1774174401.008840,1774174991.450525,1312,204,321.784644,190.936571,0.644572,True,268.657041,2
404,1774174400.998220,1774175048.122490,1028,498,642.158705,90.240683,1.110499,True,4.965565,1
2452,1774174401.063249,1774176738.487886,957,74,100.785756,64.778064,0.493256,True,2236.638881,1
574,1774174401.003496,1774175115.528608,1042,411,552.581222,280.339706,0.664004,True,161.943890,2
744,1774174401.008870,1774175282.250296,1042,373,612.573736,224.212065,1.043983,True,268.667690,2
405,1774174400.998248,1774174686.894550,127,202,280.920929,85.322387,0.973127,True,4.975372,1
2453,1774174401.063283,1774176919.140873,1067,395,281.428386,68.823502,0.539606,True,2236.649204,1
575,1774174401.003526,1774175123.321884,1180,414,559.983158,293.018448,0.646404,True,162.335201,2
745,1774174401.008901,1774174994.308243,128,205,324.526099,165.320222,0.780421,True,268.773243,2
406,1774174400.998277,1774174759.083434,1139,371,353.099488,95.321929,0.696696,True,4.985669,1
2454,1774174401.063312,1774177621.340432,1176,500,983.616252,610.566922,0.747594,True,2236.660868,2
576,1774174401.003555,1774175373.155735,1069,426,809.702214,273.173328,1.262421,True,162.449966,2
746,1774174401.008930,1774175096.026697,1067,398,426.079903,188.536343,0.598346,True,268.937863,2
3559,1774174401.098917,1774177949.918561,401,145,170.413446,27.914545,0.989576,True,3378.406198,1
407,1774174400.998305,1774174925.303446,1100,414,519.308141,90.209071,1.038981,True,4.997000,1
2455,1774174401.063344,1774177067.845758,1160,398,430.111067,121.857463,0.776457,True,2236.671347,1
577,1774174401.003583,1774174698.977993,209,217,134.212234,1.536017,0.614242,True,163.762176,1
747,1774174401.008959,1774175290.531735,1170,398,617.152604,131.423957,1.223498,True,272.370172,1
3560,1774174401.098950,1774177975.850564,1352,155,192.862041,22.946703,1.103346,True,3381.889573,1
408,1774174400.998333,1774174870.049952,1019,403,464.043753,85.290261,0.942173,True,5.007865,1
2456,1774174401.063373,1774177523.028898,1086,405,885.283766,616.327138,0.665734,True,2236.681759,2
578,1774174401.003712,1774175033.038066,1065,426,467.677192,2.315592,1.094968,True,164.357162,1
748,1774174401.008988,1774175294.886074,1129,396,621.272329,109.705223,1.295107,True,272.604757,1
409,1774174400.998376,1774174994.672980,1022,443,588.656902,95.289878,1.116215,True,5.017702,1
2457,1774174401.063402,1774177013.136958,1113,417,375.381441,69.591798,0.735071,True,2236.692115,1
579,1774174401.003746,1774174708.848692,128,173,142.914354,2.356650,0.817196,True,164.930592,1
749,1774174401.009019,1774175090.945499,401,144,417.320584,109.693931,2.151235,True,272.615896,1
410,1774174400.998406,1774174780.732273,1176,373,374.705145,90.176667,0.764861,True,5.028723,1
2458,1774174401.063444,1774176766.756891,1010,82,128.991174,69.948610,0.728921,True,2236.702273,1
580,1774174401.003776,1774175349.384546,1037,415,782.835230,288.322284,1.194476,True,165.545541,2
750,1774174401.009046,1774175093.281497,1032,401,419.329279,208.302155,0.527568,True,272.943171,2
411,1774174400.998449,1774174870.049776,1007,403,464.011760,85.258429,0.942172,True,5.039567,1
2459,1774174401.063472,1774176778.000541,7,143,140.224488,68.760232,0.503269,True,2236.712582,1
581,1774174401.003809,1774175110.971887,966,403,544.196898,268.327543,0.686242,True,165.771180,2
751,1774174401.009074,1774175090.064878,407,122,416.102705,195.851864,1.820255,True,272.953098,2
3564,1774174401.099069,1774177924.245669,396,104,137.143437,29.209655,1.047901,True,3386.003162,1
412,1774174400.998481,1774174553.521798,382,38,147.473103,95.257195,1.411241,True,5.050215,1
2460,1774174401.063500,1774176777.716974,406,80,139.930839,97.023861,0.543126,True,2236.722635,1
582,1774174401.003837,1774174619.761989,380,99,52.813242,0.856521,0.530171,True,165.944910,1
752,1774174401.009106,1774175200.211054,1102,425,526.022976,29.226354,1.171690,True,273.178972,1
3565,1774174401.099097,1774177923.666451,370,63,136.450756,65.528099,1.143914,True,3386.116599,1
853,1774174401.012144,1774174898.725985,237,14,71.987420,67.203176,0.368019,True,425.726421,1
2206,1774174401.055690,1774176983.119717,1034,428,628.618282,329.133358,0.701370,True,1953.445745,2
3651,1774174401.101762,1774177985.339488,380,111,139.839739,23.164035,1.060688,True,3444.397987,1
1611,1774174401.037325,1774176953.055483,1191,407,1389.859860,1126.237240,0.649317,True,1162.158298,3
3141,1774174401.086053,1774177836.018600,1110,377,368.436953,77.775517,0.773036,True,3066.495595,1
3311,1774174401.091263,1774177810.121800,373,70,210.984156,77.744879,1.931004,True,3198.046381,1
2036,1774174401.050476,1774176397.543720,1099,57,230.063773,127.467425,1.832078,True,1766.429471,1
2801,1774174401.074041,1774177508.977317,1085,400,540.393645,281.603294,0.648597,True,2567.509630,2
854,1774174401.012172,1774174903.066611,91,24,76.317429,59.873546,0.714951,True,425.737010,1
2207,1774174401.055719,1774176462.137949,373,93,107.462955,17.645955,0.976272,True,1953.619276,1
904,1774174401.013783,1774175006.426924,167,217,105.533420,0.685816,0.485406,True,499.879721,1
1612,1774174401.037354,1774176798.676359,1094,362,1234.620882,788.571613,1.235594,True,1163.018124,2
3142,1774174401.086081,1774177659.238644,400,136,190.427687,42.082557,1.098853,True,3067.724876,1
3312,1774174401.091291,1774177940.137430,1058,407,338.103050,5.837584,0.818388,True,3200.943089,1
2037,1774174401.050511,1774176837.088031,1051,396,667.580933,203.259362,1.175498,True,1768.456587,1
2802,1774174401.074158,1774177042.177297,371,67,73.583197,24.781847,0.739414,True,2567.519942,1
851,1774174401.012084,1774175056.930896,1262,373,230.213880,59.379856,0.459231,True,425.704932,1
2208,1774174401.055747,1774176635.946317,890,115,278.008420,133.887261,1.264221,True,1956.882150,1
1613,1774174401.037389,1774176657.401401,459,562,1092.794202,488.633145,1.076936,True,1163.569810,2
3143,1774174401.086108,1774177705.699298,1313,198,236.723020,63.258062,0.880533,True,3067.890170,1
3313,1774174401.091319,1774177928.804631,1098,393,325.705819,9.287836,0.807189,True,3202.007493,1
2038,1774174401.050539,1774176844.905989,1138,398,675.061794,202.921976,1.189269,True,1768.793656,1
2803,1774174401.074189,1774177520.442703,1017,404,551.632572,273.350701,0.690526,True,2567.735942,2
852,1774174401.012115,1774175753.791152,1216,421,927.063555,638.203693,0.687762,True,425.715481,2
2209,1774174401.055776,1774176529.332501,377,51,171.281709,66.861227,2.088410,True,1956.995016,1
916,1774174401.014133,1774175103.971797,396,120,193.576670,28.177585,1.389908,True,509.380994,1
1614,1774174401.037437,1774176372.783588,985,426,806.414598,485.938461,0.754061,True,1165.331552,2
3144,1774174401.086137,1774177627.684903,387,102,156.033975,39.243107,1.156345,True,3070.564791,1
3314,1774174401.091347,1774177688.600222,376,83,85.490422,18.108768,0.821727,True,3202.018452,1
2039,1774174401.050571,1774176810.770170,1148,375,640.813830,187.417089,1.212291,True,1768.905770,1
2804,1774174401.074222,1774177102.442982,404,91,133.580515,59.054647,0.828065,True,2567.788245,1
849,1774174401.012022,1774174921.582103,372,67,94.887347,66.771372,0.426000,True,425.682734,1
2210,1774174401.055807,1774176640.452554,426,126,282.390331,133.763267,1.189017,True,1957.006416,1
1615,1774174401.037467,1774175883.911003,395,87,316.171785,178.937450,1.595748,True,1166.701751,1
3145,1774174401.086165,1774177634.227059,401,94,162.524651,65.380736,1.044558,True,3070.616243,1
3315,1774174401.091375,1774177769.909843,206,162,166.356760,50.360095,0.720476,True,3202.461709,1
2040,1774174401.050600,1774176586.028504,424,114,415.956956,220.079304,1.733431,True,1769.020947,1
2805,1774174401.074252,1774177595.311206,1109,404,626.376570,320.130069,0.759917,True,2567.860385,2
850,1774174401.012050,1774175130.139559,1165,411,303.433406,58.815869,0.596628,True,425.694103,1
2211,1774174401.055835,1774176560.763364,1508,76,202.607963,88.775034,1.517772,True,1957.099566,1
1616,1774174401.037499,1774176337.512470,1070,392,769.660014,440.270658,0.842428,True,1166.814957,2
3146,1774174401.086193,1774177864.086176,1160,409,389.511530,39.540530,0.857772,True,3073.488453,1
2041,1774174401.050630,1774176427.836041,388,80,254.939394,145.148979,1.389752,True,1771.846018,1
2806,1774174401.074281,1774177543.153779,1033,415,571.261774,266.133661,0.737024,True,2570.817724,2
847,1774174401.011956,1774175193.391511,978,401,366.718354,67.268240,0.748625,True,425.661200,1
2212,1774174401.055864,1774176951.900866,1059,410,593.254901,322.967291,0.660850,True,1957.590101,2
1617,1774174401.037530,1774175787.861890,1786,50,218.533661,143.776618,1.525654,True,1168.290698,1
3147,1774174401.086222,1774177618.869158,379,92,141.821416,43.214531,1.083592,True,3075.961520,1
3317,1774174401.091451,1774177774.936709,1646,44,170.360608,91.846574,1.825908,True,3203.484650,1
2042,1774174401.050661,1774176848.683837,1091,397,675.632035,190.390164,1.225358,True,1772.001140,1
2807,1774174401.074313,1774177492.637044,1048,396,520.733963,276.387454,0.618599,True,2570.828768,2
848,1774174401.011993,1774174905.628225,372,28,78.944677,59.939129,0.703909,True,425.671555,1
2213,1774174401.055892,1774177612.361746,1196,410,1253.664620,848.737225,0.990043,True,1957.641233,3
3658,1774174401.101986,1774177986.189225,392,96,138.799875,33.413660,1.109329,True,3446.287364,1
915,1774174401.014104,1774175039.689746,374,73,129.305111,28.188260,1.404401,True,509.370530,1
1618,1774174401.037559,1774176449.998220,1081,414,879.578704,442.227961,1.058961,True,1169.381956,2
3148,1774174401.086250,1774177864.141301,1056,397,387.082987,61.923661,0.821109,True,3075.972064,1
2043,1774174401.050690,1774176551.184527,1484,88,378.121948,190.379593,2.157958,True,1772.011889,1
2808,1774174401.074351,1774177379.678587,390,99,405.003232,232.758518,1.757599,True,2573.601004,2
845,1774174401.011897,1774174923.652390,404,71,97.000036,59.444380,0.536509,True,425.640457,1
2214,1774174401.055920,1774176971.883080,1072,419,613.175664,296.766968,0.756959,True,1957.651495,2
914,1774174401.014076,1774175439.978373,1181,415,529.604197,28.198514,1.211125,True,509.360100,1
1619,1774174401.037588,1774176963.519845,1130,459,1392.213270,772.616948,1.352830,True,1170.268987,2
3149,1774174401.086278,1774177635.973852,869,98,158.812554,55.073445,1.069475,True,3076.075020,1
2044,1774174401.050719,1774176797.700177,1312,181,622.493555,476.482234,0.811174,True,1774.155902,2
2809,1774174401.074383,1774177654.089773,1111,413,679.075352,319.146122,0.873615,True,2573.940039,2
846,1774174401.011926,1774175174.792065,871,103,348.129373,67.825453,2.748078,True,425.650765,1
2215,1774174401.055949,1774176900.237733,1020,394,541.478737,312.840342,0.581777,True,1957.703047,2
1620,1774174401.037616,1774175820.485882,1320,192,248.391570,80.433506,0.879362,True,1171.056696,1
3150,1774174401.086306,1774177851.531178,1107,393,374.358981,57.785622,0.807585,True,3076.085891,1
3320,1774174401.091536,1774177685.393877,371,58,79.961638,40.167283,0.698147,True,3204.340702,1
2045,1774174401.050749,1774177097.926913,1031,403,921.394870,445.867429,1.182904,True,1775.481293,2
2810,1774174401.074424,1774177501.442899,1096,397,525.594681,270.473163,0.644246,True,2574.773794,2
843,1774174401.011839,1774174934.127470,391,94,107.496334,66.834778,0.437221,True,425.619297,1
2216,1774174401.055980,1774177415.414555,26,150,1054.231612,970.642198,0.561003,True,1960.126962,3
3661,1774174401.102074,1774177989.173920,403,105,137.635671,38.844319,0.949917,True,3450.436175,1
913,1774174401.014044,1774175408.518166,1231,416,498.351912,19.086291,1.154857,True,509.152210,1
1621,1774174401.037645,1774176274.009091,1023,377,700.719799,524.928276,0.467531,True,1172.251647,2
3151,1774174401.086337,1774177886.085566,1168,418,403.454179,39.684323,0.872350,True,3081.545050,1
3321,1774174401.091565,1774177946.030710,981,398,340.308860,21.897363,0.802044,True,3204.630285,1
2046,1774174401.050783,1774176946.286865,1089,402,769.476666,486.823890,0.704870,True,1775.759417,2
2811,1774174401.074460,1774177323.724968,380,80,347.814480,270.411154,0.979789,True,2574.836029,2
844,1774174401.011868,1774174969.953792,163,158,143.312187,58.879854,0.537786,True,425.629737,1
2217,1774174401.056009,1774177498.367979,1045,378,1137.071743,902.653067,0.621800,True,1960.240227,3
919,1774174401.014222,1774174996.113803,165,158,81.809205,2.126215,0.507535,True,513.290376,1
1622,1774174401.037673,1774175724.278709,238,14,149.583254,117.939649,2.434123,True,1173.657782,1
3152,1774174401.086376,1774177625.431038,388,90,142.789133,39.673080,1.158607,True,3081.555529,1
3322,1774174401.091593,1774177688.543751,404,93,82.534551,8.595333,0.803687,True,3204.917607,1
2047,1774174401.050813,1774176831.081720,1135,390,653.992069,194.427083,1.181401,True,1776.038838,1
2812,1774174401.074489,1774177533.048197,1100,408,554.311549,290.518745,0.648140,True,2577.662159,2
841,1774174401.011776,1774175073.752950,1009,393,247.142801,67.331846,0.458701,True,425.598374,1
2218,1774174401.056037,1774177746.353799,1116,446,1384.994219,885.834198,1.121708,True,1960.303542,3
920,1774174401.014251,1774174985.695814,405,133,68.060756,0.866296,0.509049,True,516.620807,1
1623,1774174401.037704,1774175862.460614,1314,137,287.424254,121.379157,1.220920,True,1173.998656,1
3153,1774174401.086407,1774177840.833302,997,375,358.034966,67.202898,0.777626,True,3081.711929,1
3323,1774174401.091621,1774177702.585263,408,87,95.620030,38.634211,0.662626,True,3205.873612,1
2048,1774174401.050845,1774176551.184708,391,87,374.082933,194.415322,2.089158,True,1776.050930,1
2813,1774174401.074521,1774177492.860365,1141,393,514.011199,290.405721,0.570422,True,2577.774645,2
842,1774174401.011809,1774175141.567466,1249,413,314.946832,60.002305,0.618797,True,425.608824,1
2219,1774174401.056069,1774177653.985290,1084,418,1292.461258,957.867029,0.802384,True,1960.467963,3
1624,1774174401.037732,1774176364.139592,1072,398,788.753146,517.165636,0.684100,True,1174.348714,2
3154,1774174401.086473,1774177892.229005,1019,418,409.314525,57.541739,0.843580,True,3081.828008,1
3324,1774174401.091650,1774177693.860449,705,66,86.842639,46.894826,0.614582,True,3205.926160,1
2049,1774174401.050873,1774176931.948284,974,406,751.446650,468.668685,0.698217,True,1779.450760,2
2814,1774174401.074550,1774177341.479813,404,110,362.578578,285.950641,0.703009,True,2577.826684,2
2,1774174400.985507,1774174487.480880,879,55,85.827630,16.432462,1.285096,True,0.667742,1
2220,1774174401.056097,1774176730.386636,1338,195,366.243229,127.681819,1.229698,True,1963.087309,1
1625,1774174401.037763,1774175894.801156,394,89,319.198925,182.814314,1.549825,True,1174.564468,1
3155,1774174401.086507,1774177893.836639,997,420,410.910797,57.530421,0.843390,True,3081.839334,1
3325,1774174401.091678,1774177797.664897,203,211,189.665686,37.600407,0.724120,True,3206.907533,1
2050,1774174401.050902,1774176848.684022,1013,396,667.902492,190.735364,1.208018,True,1779.730627,1
2815,1774174401.074580,1774177465.795241,1073,381,486.832724,267.358892,0.577563,True,2577.887937,2
3,1774174400.985548,1774174535.213512,91,16,133.549005,2.917145,8.708791,True,0.678959,1
2221,1774174401.056128,1774177085.066129,1137,509,720.912021,82.776054,1.256173,True,1963.097981,1
903,1774174401.013754,1774175255.609373,373,126,356.254173,181.939651,1.394516,True,498.341446,1
1626,1774174401.037791,1774175800.809694,373,60,223.015791,135.310702,1.486527,True,1176.756112,1
3156,1774174401.086540,1774177909.809879,1053,429,426.872860,67.482970,0.839696,True,3081.850479,1
3326,1774174401.091720,1774177791.979905,1176,114,183.329682,98.330188,0.752208,True,3207.558503,1
2051,1774174401.050933,1774176637.666461,1316,150,454.578032,207.061843,1.661182,True,1782.037495,1
2816,1774174401.074612,1774177482.908387,1122,396,503.934910,298.559497,0.519938,True,2577.898865,2
4,1774174400.985585,1774174468.052991,91,16,66.378227,18.512050,3.191078,True,0.689179,1
2222,1774174401.056156,1774177009.576319,1130,468,645.329990,68.908039,1.234308,True,1963.190172,1
3667,1774174401.102246,1774177971.268785,398,86,115.016536,42.871302,0.848767,True,3455.150002,1
907,1774174401.013872,1774174973.822668,309,18,70.915467,10.003087,3.583081,True,501.893329,1
1627,1774174401.037819,1774175803.290908,375,66,223.022565,115.669809,1.651581,True,1179.230524,1
3157,1774174401.086568,1774177646.839323,432,108,156.358226,36.844970,1.116946,True,3089.394529,1
3327,1774174401.091765,1774177953.895851,1081,408,345.132459,18.855321,0.801664,True,3207.671627,1
2052,1774174401.050962,1774176994.914485,1084,429,810.808984,467.583587,0.801928,True,1783.054539,2
2817,1774174401.074650,1774177559.051560,1065,396,580.057470,218.861927,0.914419,True,2577.919441,2
5,1774174400.985620,1774174501.500486,381,84,99.815062,20.254429,0.958562,True,0.699804,1
2223,1774174401.056184,1774176591.444383,387,82,227.187036,127.567790,1.229867,True,1963.201163,1
917,1774174401.014162,1774175012.479514,181,209,101.408233,0.701261,0.484168,True,510.057119,1
1628,1774174401.037848,1774176439.883139,1142,491,858.548113,492.113710,0.747825,True,1180.297178,2
3158,1774174401.086597,1774177639.799871,1925,103,149.307761,36.834052,1.102683,True,3089.405513,1
2053,1774174401.050994,1774177536.557540,1162,390,1352.173727,1125.264430,0.583314,True,1783.332820,3
2818,1774174401.074695,1774177371.242863,408,91,391.910753,253.126596,1.542046,True,2578.257415,2
6,1774174400.985654,1774174539.932607,1313,142,138.236654,12.585699,0.891142,True,0.710298,1
2224,1774174401.056215,1774176897.258154,1087,402,532.897945,94.663704,1.092853,True,1963.303994,1
918,1774174401.014191,1774174976.655305,1658,82,62.751494,2.106794,0.748700,True,512.889620,1
1629,1774174401.037877,1774176188.115655,395,116,606.645718,539.903079,0.580371,True,1180.432060,2
3159,1774174401.086626,1774177646.132226,929,99,153.488111,57.357147,0.980928,True,3091.557489,1
2054,1774174401.051022,1774176600.662042,1061,117,415.113405,192.417705,1.919791,True,1784.497615,1
2819,1774174401.074734,1774177797.091546,1115,477,815.329620,297.292516,1.088313,True,2580.687193,2
7,1774174400.985695,1774174501.215980,388,84,99.509632,10.529168,1.072054,True,0.720654,1
2225,1774174401.056243,1774176919.317304,1075,395,554.813212,335.851407,0.555741,True,1963.447849,2
1630,1774174401.037905,1774176296.072865,1044,394,713.440193,507.380953,0.524324,True,1181.594767,2
3160,1774174401.086655,1774177647.009329,914,91,154.354488,70.425499,0.932544,True,3091.568186,1
3330,1774174401.091859,1774177978.656013,1127,408,367.477730,33.250228,0.821198,True,3210.086424,1
2055,1774174401.051051,1774176919.134910,1046,427,731.011488,207.143541,1.229737,True,1787.072372,1
2820,1774174401.074764,1774177536.770190,1072,394,554.793320,275.086537,0.711722,True,2580.902106,2
8,1774174400.985727,1774174467.603405,242,14,65.886270,14.193063,3.976401,True,0.731408,1
2226,1774174401.056271,1774176905.113591,1131,396,540.496030,321.038049,0.555590,True,1963.561290,2
908,1774174401.013901,1774175079.431346,914,100,176.429982,35.571571,1.422812,True,501.987463,1
1631,1774174401.037933,1774176314.060225,1021,398,730.535695,468.782730,0.659327,True,1182.486596,2
3161,1774174401.086684,1774177937.876149,1007,449,445.210727,76.676852,0.822620,True,3091.578737,1
3331,1774174401.091888,1774177732.620651,788,29,120.362418,51.229900,2.469019,True,3211.166345,1
2056,1774174401.051080,1774177041.823454,1183,501,853.647928,451.167158,0.804962,True,1787.124446,2
2821,1774174401.074807,1774177513.513600,1133,385,531.526861,327.661246,0.530900,True,2580.911932,2
9,1774174400.985759,1774174651.261667,209,152,249.533764,24.808029,1.488250,True,0.742143,1
2227,1774174401.056299,1774176778.168165,1353,144,413.385792,298.851274,0.800941,True,1963.726074,2
3672,1774174401.102400,1774177974.385686,401,74,115.801100,30.196636,1.172664,True,3457.482187,1
1632,1774174401.037961,1774175821.049193,406,91,235.379311,127.435523,1.199375,True,1184.631921,1
3162,1774174401.086713,1774177667.604550,1820,109,174.928873,82.401891,0.856731,True,3091.588964,1
3332,1774174401.091932,1774177904.466524,175,164,292.093795,51.115483,1.478395,True,3211.280797,1
2057,1774174401.051111,1774176869.552654,1182,372,680.029180,503.704104,0.475270,True,1788.472363,2
2822,1774174401.074840,1774177334.183615,428,94,351.176803,300.178991,0.548364,True,2581.931973,2
10,1774174400.985804,1774174527.987338,394,124,126.248955,16.347513,0.893508,True,0.752579,1
2228,1774174401.056330,1774176786.790925,1484,159,420.695867,315.518018,0.665683,True,1965.038728,2
3673,1774174401.102443,1774177905.157494,331,18,46.510805,26.606838,1.170822,True,3457.544246,1
1,1774174400.985444,1774174519.449452,396,109,117.806115,14.267134,0.958694,True,0.657894,1
1633,1774174401.037990,1774176510.097453,996,446,923.385034,471.506879,1.015457,True,1185.674429,2
3163,1774174401.086743,1774177634.456674,392,86,141.696805,57.659685,0.988672,True,3091.673126,1
3333,1774174401.091965,1774177834.581028,401,93,222.197006,61.107630,1.750971,True,3211.292056,1
2058,1774174401.051138,1774176858.171755,1167,398,666.920231,186.714887,1.209585,True,1790.200386,1
2823,1774174401.074869,1774177492.637439,1106,396,509.506279,277.337373,0.587769,True,2582.056290,2
11,1774174400.985839,1774174489.540722,394,59,87.791957,18.437703,1.195763,True,0.762926,1
2229,1774174401.056358,1774176881.812077,1183,384,514.548028,318.391625,0.512158,True,1966.207691,2
1634,1774174401.038019,1774176790.806126,1010,635,1203.877371,530.209847,1.062567,True,1185.890737,2
2059,1774174401.051167,1774176425.256004,381,76,231.762642,137.459230,1.257379,True,1792.442195,1
2824,1774174401.074899,1774177356.100273,16,136,369.710261,303.351761,0.491544,True,2585.315113,2
12,1774174400.985873,1774174669.467284,1315,174,267.707414,19.987772,1.431905,True,0.773998,1
2230,1774174401.056385,1774176778.446721,1318,148,408.426643,291.566653,0.794966,True,1968.963693,2
1635,1774174401.038048,1774176370.009062,1156,424,782.820383,477.787256,0.721119,True,1186.150631,2
3165,1774174401.086800,1774177688.656613,194,181,195.731747,29.862368,0.921497,True,3091.838066,1
3335,1774174401.092027,1774177685.280344,410,85,72.308041,1.632080,0.841380,True,3211.880276,1
2060,1774174401.051195,1774176876.702319,1198,405,682.768231,196.801283,1.202888,True,1792.882893,1
2825,1774174401.074928,1774177659.920188,1168,428,673.466830,296.732637,0.882281,True,2585.378430,2
13,1774174400.985904,1774174509.152759,389,90,107.381744,20.168861,0.979920,True,0.785112,1
2231,1774174401.056426,1774176483.458168,1907,90,113.212401,33.726441,0.893101,True,1969.189342,1
911,1774174401.013987,1774175090.825623,392,91,187.721244,81.512677,1.180095,True,502.090392,1
1636,1774174401.038076,1774176348.207282,1115,413,758.104659,474.872947,0.687456,True,1189.064547,2
3166,1774174401.086828,1774177856.531009,984,397,363.594456,44.146993,0.806686,True,3091.849725,1
3336,1774174401.092056,1774177765.764185,374,63,152.730234,103.355333,0.796369,True,3211.941895,1
2061,1774174401.051223,1774176837.191647,1006,397,643.031827,201.107240,1.115971,True,1793.108597,1
2826,1774174401.074956,1774177557.958499,1068,426,571.392010,251.459198,0.752783,True,2585.491532,2
14,1774174400.985935,1774174519.049962,415,106,117.268423,12.500235,0.997792,True,0.795603,1
2232,1774174401.056456,1774176689.216540,401,82,316.703635,230.262047,1.067180,True,1971.456450,2
912,1774174401.014015,1774174988.230020,206,171,82.595147,0.704664,0.481709,True,504.620858,1
1637,1774174401.038104,1774176325.417943,1116,401,734.357403,492.052183,0.605763,True,1190.022436,2
3337,1774174401.092086,1774177982.125406,1113,423,368.402580,16.567118,0.833733,True,3212.630739,1
2062,1774174401.051251,1774176836.977750,1026,385,641.820775,213.709666,1.114873,True,1794.105724,1
2827,1774174401.074985,1774177085.813468,1899,50,99.236278,51.851099,0.967044,True,2585.502206,1
15,1774174400.985966,1774174466.029981,120,12,64.237518,10.443135,4.890398,True,0.806496,1
2233,1774174401.056487,1774176703.379817,1961,95,330.815061,226.667984,1.107948,True,1971.508269,2
909,1774174401.013929,1774174955.792452,398,99,52.781055,0.585802,0.532605,True,501.997468,1
1638,1774174401.038132,1774176326.217141,1045,390,734.168379,480.558284,0.651954,True,1191.010630,2
3168,1774174401.086891,1774177881.626071,1316,150,384.411383,113.854661,1.815817,True,3096.127797,1
3338,1774174401.092115,1774177739.394639,1318,142,125.661698,20.084783,0.748772,True,3212.640826,1
2063,1774174401.051279,1774176887.285446,1022,413,692.025006,203.613800,1.185464,True,1794.209161,1
2828,1774174401.075018,1774177816.413054,1065,500,828.918569,210.361167,1.239594,True,2586.419467,2
24,1774174400.986359,1774174504.856365,389,87,102.966324,18.296672,0.984531,True,0.903682,1
2234,1774174401.056515,1774176773.000125,403,135,400.322051,293.101199,0.800156,True,1971.621559,2
3679,1774174401.102641,1774177982.866212,401,86,120.168868,26.084327,1.106877,True,3461.594703,1
910,1774174401.013958,1774175196.435512,923,416,293.361913,1.461368,0.703375,True,502.059641,1
1639,1774174401.038164,1774175698.553883,1529,56,103.811367,71.950381,0.579291,True,1193.704351,1
3169,1774174401.086923,1774177856.019360,369,118,357.646478,141.276778,1.849314,True,3097.285959,1
2064,1774174401.051308,1774176449.062547,900,102,251.038506,118.983395,1.307476,True,1796.972734,1
2829,1774174401.075047,1774177349.612305,934,52,359.638485,319.674275,0.783612,True,2588.898774,2
16,1774174400.985996,1774174496.478885,369,74,94.675677,14.107075,1.103679,True,0.817213,1
2235,1774174401.056544,1774176751.130794,389,100,378.339578,280.563487,0.987637,True,1971.734672,2
905,1774174401.013811,1774175068.652504,404,96,165.766976,10.025087,1.639388,True,501.871716,1
1640,1774174401.038193,1774176284.080502,1163,386,688.494941,475.768722,0.552536,True,1194.547369,2
3170,1774174401.086952,1774177883.846435,1176,405,385.214825,54.820146,0.817809,True,3097.544657,1
3340,1774174401.092176,1774177970.979734,1022,392,354.195373,37.129009,0.810911,True,3215.692185,1
2065,1774174401.051339,1774176448.236488,911,97,247.135824,129.851943,1.221707,True,1800.049325,1
2830,1774174401.075077,1774177576.394510,1082,398,586.410017,299.080143,0.723753,True,2588.909417,2
25,1774174400.986391,1774174535.213717,91,16,133.312362,14.607087,7.913685,True,0.914964,1
2236,1774174401.056572,1774176770.279593,399,101,397.477408,315.618673,0.818587,True,1971.745613,2
906,1774174401.013840,1774175060.602570,399,91,157.705870,10.013977,1.641021,True,501.882859,1
1641,1774174401.038221,1774175848.815235,440,117,251.720079,112.687618,1.198556,True,1196.056935,1
3171,1774174401.086981,1774177876.259730,200,138,377.576333,140.966491,1.727079,True,3097.596417,1
3341,1774174401.092205,1774177779.483804,1314,176,160.665365,42.526844,0.675077,True,3217.726233,1
2066,1774174401.051368,1774176848.796726,1096,398,647.654954,181.284022,1.174738,True,1800.090404,1
2831,1774174401.075106,1774177614.898005,1037,487,624.830650,287.465086,0.694168,True,2588.992249,2
17,1774174400.986026,1774174553.387089,206,162,151.572129,16.271507,0.840377,True,0.828934,1
2237,1774174401.056603,1774176869.270017,953,375,496.457234,274.462236,0.593570,True,1971.756181,2
1642,1774174401.038252,1774176180.769971,457,98,583.509842,484.891598,1.016683,True,1196.221877,2
3172,1774174401.087009,1774177835.905114,1064,384,334.517512,26.351027,0.804612,True,3100.300593,1
3342,1774174401.092234,1774177745.741176,1704,107,126.871345,50.539155,0.720115,True,3217.777596,1
2067,1774174401.051396,1774176556.818830,389,87,352.488310,178.095714,2.027821,True,1803.279124,1
2832,1774174401.075135,1774177344.280582,1917,113,352.486334,282.938372,0.620964,True,2590.719113,2
18,1774174400.986056,1774174543.471052,1353,142,141.645151,18.361008,0.874356,True,0.839844,1
2238,1774174401.056631,1774176992.436619,1066,431,619.540792,122.335333,1.156292,True,1971.839195,1
1643,1774174401.038280,1774176195.257674,1313,135,595.639810,512.172010,0.622894,True,1198.579583,2
3173,1774174401.087038,1774177618.813313,391,91,117.363778,26.288800,1.011944,True,3100.362497,1
3343,1774174401.092263,1774177959.429929,1107,398,340.373609,19.350997,0.808621,True,3217.964057,1
2068,1774174401.051438,1774177688.607960,1102,420,1484.028986,1119.199556,0.870715,True,1803.527535,3
2833,1774174401.075167,1774177522.965673,1037,407,530.894341,272.780303,0.635749,True,2590.996164,2
19,1774174400.986087,1774174547.580161,197,152,145.743399,20.103154,0.832055,True,0.850675,1
2239,1774174401.056664,1774176481.095699,298,18,108.097456,60.156116,2.820079,True,1971.941580,1
3684,1774174401.102786,1774177995.880857,379,83,130.991164,44.161164,1.058902,True,3463.786907,1
0,1774174400.985242,1774174482.962773,374,44,81.331354,3.388335,1.812628,True,0.646176,1
1644,1774174401.038309,1774176286.188250,1044,368,683.585656,455.616534,0.621169,True,1201.564284,2
3174,1774174401.087067,1774177608.754750,386,70,107.294312,35.622978,1.038715,True,3100.373371,1
3344,1774174401.092294,1774177968.783392,1139,398,348.412389,29.456203,0.803416,True,3219.278709,1
2069,1774174401.051471,1774176871.379698,1010,391,664.712843,211.790905,1.161338,True,1805.615383,1
2834,1774174401.075210,1774177714.788865,1124,428,722.351502,209.931529,1.200047,True,2591.362153,2
20,1774174400.986117,1774174550.251637,181,154,148.404405,12.434232,0.888694,True,0.861115,1
2240,1774174401.056692,1774176912.760864,1146,413,539.659711,64.590420,1.153081,True,1972.044461,1
2070,1774174401.051500,1774176932.745533,1148,398,724.256592,469.190933,0.642483,True,1807.437441,2
2835,1774174401.075242,1774177366.440327,9,161,371.755690,268.069147,0.648041,True,2593.609396,2
21,1774174400.986147,1774174487.651665,388,54,85.793808,10.377941,1.422941,True,0.871710,1
2241,1774174401.056721,1774177954.632032,1178,607,1581.520239,905.942578,1.114815,True,1972.055073,2
1646,1774174401.038377,1774176352.956225,1038,396,748.136287,497.303297,0.635020,True,1203.781561,2
3176,1774174401.087124,1774177851.474828,1099,383,349.909427,51.886364,0.780165,True,3100.478278,1
3346,1774174401.092355,1774177981.835747,1051,400,361.062880,35.627272,0.815628,True,3219.680512,1
2071,1774174401.051529,1774176887.398829,1024,396,678.499161,218.590288,1.164326,True,1807.848139,1
2836,1774174401.075275,1774177331.978706,396,92,337.231098,272.467944,0.711683,True,2593.672333,2
22,1774174400.986284,1774174539.987514,203,147,138.118533,14.041441,0.849843,True,0.882698,1
2242,1774174401.056752,1774176861.394527,1066,388,488.272419,85.901893,1.039717,True,1972.065356,1
1647,1774174401.038406,1774175722.473991,2001,74,114.234067,74.413470,0.545488,True,1207.201518,1
3177,1774174401.087155,1774177905.274172,986,433,403.592951,25.645704,0.874878,True,3100.594066,1
3347,1774174401.092386,1774177826.224381,405,87,205.389337,52.656407,1.775964,True,3219.742658,1
2072,1774174401.051566,1774176915.854972,1023,394,704.448769,446.153102,0.657241,True,1810.354638,2
2837,1774174401.075306,1774177537.840384,1214,417,542.918947,265.546507,0.666761,True,2593.846132,2
23,1774174400.986320,1774174574.004295,126,194,172.124775,16.206315,0.807868,True,0.893200,1
2243,1774174401.056781,1774176887.054860,1248,378,510.396518,289.121145,0.586937,True,1975.601561,2
901,1774174401.013694,1774175111.215569,395,132,215.539682,27.662545,1.434177,True,494.662193,1
1648,1774174401.038449,1774175838.400671,392,103,230.117523,115.221589,1.126431,True,1207.244699,1
2073,1774174401.051594,1774176475.138105,242,14,261.929181,214.281057,3.665240,True,1812.157331,1
2838,1774174401.075336,1774177507.803906,1100,386,511.844458,246.613120,0.688913,True,2594.884112,2
26,1774174400.986438,1774174530.505710,181,123,128.594217,20.028230,0.889885,True,0.925054,1
2244,1774174401.056809,1774176478.445107,387,68,99.977787,32.589347,1.005798,True,1977.410511,1
902,1774174401.013723,1774174973.680688,1318,151,74.951835,1.745434,0.488043,True,497.715130,1
1649,1774174401.038478,1774176403.655439,966,403,793.134005,418.048890,0.933048,True,1209.482956,2
3179,1774174401.087212,1774177613.026204,411,75,107.007884,21.308185,1.158104,True,3104.931108,1
3349,1774174401.092469,1774177862.567752,387,117,241.608331,62.843574,1.541075,True,3219.866952,1
2074,1774174401.051623,1774176891.848827,1144,396,676.297735,219.898647,1.155441,True,1814.499470,1
2839,1774174401.075365,1774177361.139940,411,79,364.730857,297.752227,0.858700,True,2595.333719,2
27,1774174400.986471,1774174591.607773,191,217,189.684769,12.358878,0.820953,True,0.936533,1
2245,1774174401.056839,1774176914.530571,1027,392,533.305259,270.463936,0.672228,True,1980.168473,2
899,1774174401.013636,1774175068.882379,391,98,173.312244,27.768039,1.500456,True,494.556499,1
1650,1774174401.038508,1774175784.767952,120,12,168.345183,155.152222,1.199360,True,1215.384261,1
3180,1774174401.087240,1774177897.815511,1081,425,391.735443,31.002840,0.850784,True,3104.992828,1
2075,1774174401.051652,1774176963.291526,995,449,746.527777,194.853766,1.231415,True,1815.712097,1
2840,1774174401.075394,1774177354.917432,382,62,358.396744,260.542028,1.604176,True,2595.445294,2
28,1774174400.986500,1774174673.609839,27,183,271.675629,24.602015,1.357547,True,0.947710,1
2246,1774174401.056953,1774176615.747185,858,107,233.197486,76.474385,1.478520,True,1981.492746,1
900,1774174401.013665,1774175027.763896,374,70,132.182891,17.329579,1.664541,True,494.567340,1
1651,1774174401.038537,1774176396.956889,1201,402,780.305509,416.502930,0.907238,True,1215.612843,2
3181,1774174401.087269,1774177872.106609,1110,393,365.973872,52.496278,0.799688,True,3105.045467,1
3351,1774174401.092527,1774177815.466946,181,205,194.108231,57.399710,0.670140,True,3220.266188,1
2076,1774174401.051680,1774176880.789812,1082,411,656.762915,158.399132,1.215521,True,1822.975217,1
2841,1774174401.075441,1774177392.047468,407,113,395.413426,297.526425,0.873991,True,2595.558601,2
29,1774174400.986530,1774174698.221886,203,217,296.276286,19.802972,1.279969,True,0.959070,1
2247,1774174401.056984,1774176921.842950,1052,413,539.282156,80.677321,1.113119,True,1981.503810,1
897,1774174401.013575,1774175391.144800,1004,412,496.677549,14.737160,1.172604,True,493.453676,1
1652,1774174401.038565,1774176382.545600,1152,400,760.726678,441.284302,0.800607,True,1220.780357,2
2077,1774174401.051709,1774176419.477642,1020,74,193.848858,91.378598,1.403702,True,1824.577075,1
2842,1774174401.075471,1774177659.915312,920,418,663.167637,225.809940,1.048819,True,2595.672204,2
30,1774174400.986559,1774174578.761184,398,81,176.806215,14.553285,2.028162,True,0.968410,1
2248,1774174401.057014,1774176975.003555,1034,417,592.431569,120.202448,1.135166,True,1981.514973,1
898,1774174401.013607,1774175351.616903,1118,385,456.058434,27.779709,1.115309,True,494.544862,1
1653,1774174401.038594,1774175710.265366,238,14,88.330966,84.002131,0.332987,True,1220.895806,1
3183,1774174401.087326,1774177774.819731,1893,63,267.115871,103.365658,2.641132,True,3106.616533,1
2078,1774174401.051737,1774176831.193515,989,392,593.440782,144.672994,1.147744,True,1836.700996,1
2843,1774174401.075500,1774177348.114074,881,118,351.355772,259.615416,0.784106,True,2595.682802,2
31,1774174400.986590,1774174556.408853,126,172,154.443022,10.269442,0.843120,True,0.979241,1
2249,1774174401.057044,1774176873.744580,1038,394,491.091189,66.998481,1.079116,True,1981.596348,1
3694,1774174401.103081,1774177982.866605,1060,74,111.284059,31.731780,1.089757,True,3470.479465,1
895,1774174401.013517,1774175076.351394,404,101,192.450740,25.303369,1.671474,True,482.887137,1
1654,1774174401.038622,1774176334.217994,997,393,708.871553,481.613382,0.579740,True,1224.307819,2
3184,1774174401.087354,1774177788.236103,377,70,280.521785,103.355043,2.567634,True,3106.626964,1
2079,1774174401.051765,1774176376.649228,1717,28,120.123419,74.426565,1.692476,True,1855.474045,1
2844,1774174401.075530,1774177477.153976,1083,395,476.104629,276.483188,0.506653,True,2599.973817,2
32,1774174400.986634,1774174563.335916,209,181,161.359080,13.933403,0.819032,True,0.990202,1
2250,1774174401.057072,1774176481.530512,120,12,98.761735,80.469572,1.662924,True,1981.711705,1
896,1774174401.013546,1774175341.794802,1001,371,451.811085,94.633648,0.965344,True,488.970170,1
1655,1774174401.038654,1774176344.033150,1025,394,716.516189,375.213523,0.868455,True,1226.478307,2
3355,1774174401.092647,1774177968.723229,1040,403,343.233234,16.802318,0.812017,True,3224.397349,1
2080,1774174401.051806,1774176869.778703,1013,373,610.953475,430.607529,0.484801,True,1857.773421,2
2845,1774174401.075562,1774177949.439814,1099,616,946.716391,281.469979,1.081701,True,2601.647861,2
33,1774174400.986664,1774174566.538467,209,181,164.550681,16.098382,0.824735,True,1.001122,1
2251,1774174401.057102,1774176763.257667,435,117,380.445964,278.775205,0.876472,True,1981.754601,2
893,1774174401.013457,1774175540.029941,1201,497,658.789462,103.376807,1.119784,True,480.227022,1
1656,1774174401.038683,1774176536.115666,1121,440,904.542643,494.883637,0.933164,True,1230.534341,2
3186,1774174401.087428,1774177847.262988,1169,389,338.386505,28.553797,0.798538,True,3107.789055,1
2081,1774174401.051845,1774176978.845152,1051,427,719.124263,411.878264,0.721235,True,1858.669044,2
2846,1774174401.075593,1774177370.132472,395,88,367.295848,254.226340,1.299650,True,2601.761030,2
34,1774174400.986694,1774174563.451342,28,175,161.453414,18.188599,0.823361,True,1.011234,1
2252,1774174401.057131,1774176927.984360,1190,403,544.670624,288.285502,0.637774,True,1982.256605,2
894,1774174401.013489,1774175067.947923,400,95,184.057775,25.314259,1.688761,True,482.876658,1
1657,1774174401.038711,1774175888.868277,1312,141,254.115182,81.565475,1.232498,True,1233.714384,1
3187,1774174401.087459,1774177921.167030,1165,439,412.239964,52.493782,0.821338,True,3107.839606,1
2082,1774174401.051875,1774176411.976315,382,64,151.975120,60.279197,1.455491,True,1858.949319,1
2847,1774174401.075623,1774177415.304934,1503,153,412.354566,224.708105,1.234516,True,2601.874745,2
35,1774174400.986724,1774174506.438553,437,88,104.429321,19.930819,0.971247,True,1.022508,1
2253,1774174401.057159,1774176767.297527,955,68,381.511140,344.250848,0.556124,True,1984.729228,2
3698,1774174401.103200,1774177944.049689,1165,37,67.783232,31.511148,1.007558,True,3475.163256,1
891,1774174401.013383,1774175036.617823,910,60,157.634317,105.633935,0.881362,True,477.970122,1
1658,1774174401.038739,1774175871.796384,403,113,236.371719,89.637969,1.310123,True,1234.385926,1
3188,1774174401.087488,1774177710.575158,181,186,201.596191,52.441776,0.806240,True,3107.891480,1
2083,1774174401.051905,1774176806.466568,1313,204,544.252656,386.956179,0.774859,True,1861.162007,2
2848,1774174401.075652,1774177318.531155,382,72,315.161114,250.701706,0.907879,True,2602.294388,2
36,1774174400.986753,1774174516.483651,181,104,114.463215,12.261501,0.992250,True,1.033683,1
2254,1774174401.057187,1774176964.770085,1248,423,578.696998,263.097139,0.747867,True,1985.015900,2
892,1774174401.013425,1774175382.836389,994,396,501.809652,38.554722,1.172797,True,480.013311,1
1659,1774174401.038767,1774176615.747346,1036,388,976.950073,482.575859,1.277453,True,1237.758506,2
3189,1774174401.087516,1774177950.328642,1171,435,441.338703,85.462926,0.819990,True,3107.902423,1
2084,1774174401.051938,1774176437.057912,381,88,174.731071,81.970896,1.066209,True,1861.274903,1
2849,1774174401.075682,1774177399.372617,1315,240,393.321714,250.322850,0.598322,True,2604.975220,2
37,1774174400.986783,1774174637.145452,203,138,235.114379,24.504626,1.537297,True,1.044291,1
2255,1774174401.057219,1774176489.224135,406,96,101.573059,18.605751,0.873340,True,1986.593856,1
889,1774174401.013322,1774175132.477992,405,142,256.582204,108.721591,1.048657,True,474.882466,1
1660,1774174401.038799,1774175813.584366,385,80,173.570798,67.384578,1.344129,True,1238.974769,1
3190,1774174401.087548,1774177872.106387,1007,391,363.065097,54.593032,0.790954,True,3107.953742,1
3360,1774174401.092888,1774177739.511113,1508,49,111.820284,71.583541,0.838265,True,3226.597941,1
2085,1774174401.051967,1774177080.837949,1051,538,818.458646,386.790768,0.803851,True,1861.327336,2
2850,1774174401.075714,1774177355.932482,181,134,349.594532,239.983471,0.824143,True,2605.262236,2
38,1774174400.986811,1774174674.187561,200,177,272.145848,19.706157,1.434316,True,1.054902,1
2256,1774174401.057247,1774176949.439085,1093,411,560.523630,258.359849,0.736985,True,1987.858207,2
890,1774174401.013352,1774175099.459507,181,119,220.691199,40.812684,1.524394,True,477.754956,1
1661,1774174401.038831,1774176183.084704,444,101,542.650889,362.296528,1.803544,True,1239.394984,2
3191,1774174401.087577,1774177620.359814,374,70,111.204813,46.039595,0.944423,True,3108.067425,1
3361,1774174401.092918,1774177716.047849,317,18,88.345874,71.572389,0.986676,True,3226.609057,1
2086,1774174401.051996,1774176372.783581,243,14,110.176134,91.072446,1.469514,True,1861.555450,1
2851,1774174401.075743,1774177390.496656,384,111,383.720452,262.174585,1.104962,True,2605.700462,2
39,1774174400.986840,1774174469.522925,91,16,67.470888,10.183833,3.819137,True,1.065197,1
2257,1774174401.057276,1774176480.817253,434,82,91.677049,17.116706,0.920498,True,1988.082927,1
3702,1774174401.103321,1774177981.953654,91,16,105.443557,85.276869,1.344446,True,3475.406777,1
887,1774174401.013259,1774175017.956482,368,62,147.881012,39.128828,1.782823,True,469.062211,1
1662,1774174401.038861,1774176412.315382,1012,461,769.269809,423.968166,0.750656,True,1242.006711,2
3192,1774174401.087605,1774177587.919723,1002,48,75.043391,24.552197,1.074281,True,3111.788727,1
3362,1774174401.092947,1774177729.526257,393,116,101.598184,14.364624,0.758553,True,3226.835126,1
2087,1774174401.052026,1774176429.152648,1337,79,162.349758,68.222477,1.206760,True,1865.750863,1
2852,1774174401.075772,1774177770.611459,1144,470,763.824703,308.162957,0.971560,True,2605.710985,2
40,1774174400.986872,1774175107.617311,1087,401,705.554946,445.660657,0.649736,True,1.075492,2
2258,1774174401.057305,1774176560.763564,368,72,169.112593,71.587458,1.373593,True,1990.593667,1
888,1774174401.013288,1774175395.372623,1101,402,525.099340,49.308195,1.186512,True,469.259995,1
1663,1774174401.038890,1774176684.955302,1036,590,1041.694167,409.979279,1.072521,True,1242.222245,2
3193,1774174401.087633,1774177893.836822,1107,398,380.795860,59.140814,0.810214,True,3111.953329,1
3363,1774174401.092975,1774177766.800298,371,63,136.207913,90.000164,0.745286,True,3229.499410,1
2088,1774174401.052055,1774176789.982402,401,164,523.168400,424.822322,0.603350,True,1865.761947,2
2853,1774174401.075801,1774177625.507478,1144,407,618.617876,287.271013,0.816125,True,2605.813802,2
41,1774174400.986904,1774174565.923518,382,64,163.850327,14.434990,2.371672,True,1.086287,1
2259,1774174401.057333,1774176878.575862,988,375,486.832162,261.664612,0.602052,True,1990.686368,2
885,1774174401.013202,1774175449.464025,1161,440,579.410388,39.150508,1.230660,True,469.040435,1
1664,1774174401.038923,1774176262.374645,1036,375,616.879777,411.026157,0.550411,True,1244.455945,2
3364,1774174401.093004,1774177718.253510,920,104,85.844657,9.883938,0.737483,True,3231.315849,1
2089,1774174401.052084,1774176348.150972,120,12,78.558118,57.982816,1.870482,True,1868.540769,1
2854,1774174401.075830,1774177074.463807,381,62,66.837706,0.849552,1.081773,True,2606.550271,1
42,1774174400.986932,1774174607.456936,412,102,205.372580,24.451657,1.791296,True,1.097423,1
2260,1774174401.057362,1774176591.557165,418,95,199.690665,61.601151,1.469037,True,1990.809138,1
886,1774174401.013231,1774175185.834886,197,217,315.770063,39.139263,1.280698,True,469.051592,1
1665,1774174401.038951,1774175794.526828,380,61,148.917726,56.226276,1.544857,True,1244.570152,1
3195,1774174401.087692,1774177863.968334,999,397,349.068095,20.915585,0.828668,True,3113.812546,1
3365,1774174401.093033,1774177889.708353,1118,141,256.535032,76.300378,1.287390,True,3232.080288,1
2090,1774174401.052113,1774176932.745163,1130,398,661.228467,406.163230,0.642482,True,1870.464584,2
2855,1774174401.075859,1774177038.670226,961,27,29.834682,1.381247,1.094363,True,2607.759685,1
43,1774174400.986961,1774174587.409097,194,217,185.313328,15.990942,0.783900,True,1.108808,1
2261,1774174401.057393,1774176550.962027,1531,70,159.084834,61.590541,1.412961,True,1990.819799,1
883,1774174401.013144,1774175412.406625,1072,411,548.947036,121.157616,1.043389,True,462.446445,1
1666,1774174401.038980,1774175787.922441,378,56,142.303478,56.215986,1.565227,True,1244.579983,1
3196,1774174401.087721,1774177970.979923,1127,441,455.903824,89.717020,0.832243,True,3113.988378,1
3366,1774174401.093062,1774177808.952036,382,61,175.767689,76.289333,1.657973,True,3232.091285,1
2091,1774174401.052141,1774176896.512835,1134,393,624.945364,414.088042,0.537901,True,1870.515329,2
2856,1774174401.075888,1774177477.043209,1109,393,468.091866,226.658628,0.615901,True,2607.875455,2
44,1774174400.986994,1774174593.512150,203,217,191.405532,18.080237,0.802432,True,1.119624,1
2262,1774174401.057437,1774177612.361990,1135,410,1220.389904,845.242438,0.917231,True,1990.914648,3
884,1774174401.013173,1774175103.851522,380,112,236.644398,117.410295,1.074181,True,466.193950,1
1667,1774174401.039009,1774176273.308101,1052,378,627.678566,421.384080,0.547200,True,1244.590526,2
3197,1774174401.087749,1774177930.548517,1011,397,415.462244,93.430421,0.813212,True,3113.998523,1
3367,1774174401.093091,1774177864.884870,410,129,231.608544,40.215583,1.495258,True,3232.183235,1
2092,1774174401.052170,1774176896.626969,1053,385,623.312087,392.464310,0.601166,True,1872.262712,2
2857,1774174401.075916,1774177367.426847,398,85,358.177201,284.910753,0.872220,True,2608.173730,2
45,1774174400.987024,1774174589.015120,200,217,186.898374,19.823529,0.773495,True,1.129722,1
2263,1774174401.057470,1774176676.834772,1142,79,281.412552,187.172199,1.208210,True,1994.364751,2
3708,1774174401.103516,1774177975.087682,1123,87,91.238176,7.765066,0.970618,True,3482.745989,1
881,1774174401.013084,1774175030.188326,383,72,172.793442,62.186206,1.557848,True,456.381800,1
1668,1774174401.039037,1774177653.879967,1039,417,2008.218898,1591.553112,1.001600,True,1244.622031,4
3198,1774174401.087780,1774177959.606025,980,417,444.508463,102.726302,0.821592,True,3114.009782,1
2093,1774174401.052201,1774177519.224707,1015,393,1245.210147,948.543765,0.756802,True,1872.962358,3
2858,1774174401.075950,1774177847.382438,1133,521,837.916157,289.545177,1.054560,True,2608.390331,2
46,1774174400.987054,1774174562.934971,64,174,160.807289,12.154369,0.859265,True,1.140628,1
2264,1774174401.057501,1774176883.963700,1189,378,488.480203,283.951754,0.542516,True,1994.425996,2
882,1774174401.013115,1774175122.543940,416,144,259.197555,56.234601,1.419321,True,462.333270,1
1669,1774174401.039065,1774176339.789874,1097,409,694.015517,450.357578,0.597201,True,1244.735292,2
3199,1774174401.087809,1774177847.263104,181,103,330.850053,135.898659,1.911288,True,3115.325243,1
3369,1774174401.093152,1774177694.090609,325,18,59.852235,50.744385,0.535756,True,3233.145223,1
2094,1774174401.052233,1774176792.115717,25,165,517.824171,377.397430,0.856261,True,1873.239313,2
2859,1774174401.075979,1774177620.833173,1103,406,611.252802,314.198487,0.733467,True,2608.504393,2
47,1774174400.987083,1774174527.814173,458,123,125.676070,10.097303,0.947367,True,1.151020,1
2265,1774174401.057530,1774176600.225858,394,97,203.265170,66.277430,1.426956,True,1995.903158,1
879,1774174401.013027,1774175079.431062,1082,105,233.811267,73.961784,1.537014,True,444.606767,1
1670,1774174401.039099,1774176296.359250,1052,373,649.606254,411.466116,0.640162,True,1245.713896,2
3200,1774174401.087837,1774177813.335150,399,89,294.104832,101.378952,2.190067,True,3118.142481,1
3370,1774174401.093181,1774177791.630298,397,100,157.165687,87.002796,0.708716,True,3233.371430,1
2095,1774174401.052267,1774177003.362162,1168,453,725.996575,384.221059,0.756141,True,1876.313320,2
2860,1774174401.076008,1774177406.739811,1313,203,396.159799,281.599564,0.567130,True,2609.504004,2
48,1774174400.987112,1774174548.093282,1352,158,145.944231,13.760957,0.841932,True,1.161939,1
2266,1774174401.057559,1774177077.993260,1147,498,680.806306,70.685847,1.227607,True,1996.129395,1
3711,1774174401.103602,1774177998.238728,382,79,112.676782,34.929024,0.996766,True,3484.458344,1
880,1774174401.013056,1774175010.124993,397,54,152.943787,45.350421,2.030064,True,456.168150,1
1671,1774174401.039128,1774176357.936218,1036,397,711.171696,386.389610,0.820157,True,1245.725394,2
3201,1774174401.087866,1774177831.165538,1409,101,311.924531,101.368294,2.105562,True,3118.153142,1
3371,1774174401.093210,1774177753.008839,398,92,118.431669,50.405152,0.747544,True,3233.483959,1
2096,1774174401.052296,1774176910.509749,1023,396,632.865166,418.205936,0.543441,True,1876.592287,2
2861,1774174401.076036,1774177367.796357,203,165,356.927160,263.863449,0.567462,True,2609.793160,2
49,1774174400.987143,1774175116.554635,874,404,714.394531,475.563998,0.592632,True,1.172961,2
2267,1774174401.057589,1774177696.774054,985,427,1299.219228,921.836423,0.885875,True,1996.497238,3
877,1774174401.012967,1774175185.497992,203,217,340.074279,57.106997,1.310034,True,444.410746,1
1672,1774174401.039160,1774176163.765359,376,74,516.559886,425.401552,1.248744,True,1246.166314,2
3202,1774174401.087894,1774177818.274855,1386,93,299.022943,101.357689,2.148535,True,3118.164018,1
3372,1774174401.093242,1774177976.360485,1125,399,341.496438,16.834185,0.815734,True,3233.770805,1
2097,1774174401.052325,1774177025.181024,964,476,745.335559,375.628502,0.778331,True,1878.793140,2
2862,1774174401.076065,1774177366.327164,212,162,353.467040,245.447574,0.670928,True,2611.784059,2
50,1774174400.987174,1774174489.149116,378,58,86.978338,18.015536,1.209874,True,1.183604,1
2268,1774174401.057617,1774176793.222749,1047,99,393.369517,302.730126,0.924892,True,1998.795616,2
878,1774174401.012995,1774175183.706181,126,203,338.097346,64.417031,1.354853,True,444.595840,1
1673,1774174401.039189,1774176358.149296,1043,397,708.266689,348.099524,0.909513,True,1248.843419,2
2098,1774174401.052353,1774176440.107528,1360,90,160.086848,70.277098,1.009098,True,1878.968327,1
2863,1774174401.076097,1774177696.211088,1079,441,683.063068,270.038244,0.938693,True,2612.071924,2
51,1774174400.987203,1774174469.465805,91,16,67.283983,19.758154,3.168389,True,1.194619,1
2269,1774174401.057646,1774176951.900857,1128,410,551.871684,257.530550,0.719660,True,1998.971528,2
875,1774174401.012908,1774175068.652295,1361,98,223.250495,57.129078,1.712592,True,444.388891,1
1674,1774174401.039218,1774176508.937128,1020,445,858.829420,392.640732,1.049975,True,1249.068490,2
3374,1774174401.093300,1774177715.930482,2045,60,78.750772,39.888483,0.658683,True,3236.086411,1
2099,1774174401.052382,1774176923.949848,1048,397,641.594754,385.358725,0.647061,True,1881.302712,2
2864,1774174401.076126,1774177547.425792,1125,423,534.051983,222.236139,0.738900,True,2612.297683,2
52,1774174400.987232,1774174593.917404,389,89,191.725172,19.555165,1.956477,True,1.204999,1
2270,1774174401.057674,1774176738.317938,647,74,337.879122,283.196022,0.749084,True,1999.381142,2
876,1774174401.012938,1774175152.667456,130,173,307.254632,57.117926,1.454283,True,444.399886,1
1675,1774174401.039246,1774176975.846279,1105,429,1323.798343,1033.607705,0.678016,True,1251.008689,3
3205,1774174401.087988,1774177876.324648,1112,403,355.932070,15.423166,0.847037,True,3119.304590,1
2100,1774174401.052426,1774176996.740027,996,441,714.323449,366.753497,0.789932,True,1881.364152,2
2865,1774174401.076154,1774177477.154259,1112,395,462.601104,250.298854,0.538838,True,2613.477000,2
53,1774174400.987264,1774174568.330681,212,183,166.127153,12.077959,0.846424,True,1.216264,1
2271,1774174401.057703,1774176900.180180,972,388,499.730682,292.778224,0.534761,True,1999.391794,2
873,1774174401.012851,1774175453.735073,907,429,616.760699,147.642787,1.096070,True,435.961524,1
1676,1774174401.039274,1774176366.084180,1095,420,713.860478,435.606607,0.664090,True,1251.184428,2
3206,1774174401.088016,1774177654.154021,391,99,133.709530,34.749982,1.009791,True,3119.356474,1
3376,1774174401.093357,1774177793.686096,200,165,153.885347,37.267227,0.711086,True,3238.707392,1
2101,1774174401.052457,1774176451.085286,890,89,167.000775,63.944135,1.171098,True,1883.032054,1
2866,1774174401.076188,1774177604.670828,1066,407,588.445769,272.839990,0.777354,True,2615.148871,2
54,1774174400.987297,1774174669.665157,1085,394,267.451134,10.021660,0.655037,True,1.226726,1
2272,1774174401.057732,1774176493.357823,242,14,89.697813,64.211211,1.960508,True,2002.602278,1
874,1774174401.012880,1774175081.970008,429,108,236.578433,49.929036,1.744387,True,444.378695,1
1677,1774174401.039303,1774176443.232467,1033,403,790.956946,450.139978,0.847803,True,1251.236218,2
3207,1774174401.088045,1774177658.181136,181,124,137.675049,16.922383,0.981729,True,3119.418043,1
2102,1774174401.052489,1774176968.858865,1135,415,684.659390,403.616824,0.678847,True,1883.146986,2
55,1774174400.987325,1774174532.996730,407,131,130.772567,13.686284,0.900664,True,1.236838,1
2273,1774174401.057764,1774176925.216810,1048,412,521.545659,64.200302,1.112762,True,2002.613388,1
871,1774174401.012793,1774175065.409612,416,99,228.537717,52.981841,1.791386,True,435.859102,1
1678,1774174401.039331,1774175826.641310,1063,93,173.089713,69.953718,1.121043,True,1252.512266,1
3208,1774174401.088073,1774177930.664970,1107,427,410.106842,59.291274,0.823511,True,3119.470055,1
3378,1774174401.093428,1774177932.442956,203,181,291.600032,39.185760,1.402302,True,3239.749496,1
2103,1774174401.052517,1774176461.907664,408,100,177.655829,76.519630,1.021578,True,1883.199317,1
2868,1774174401.076250,1774177360.122225,400,76,343.452257,215.788758,1.702180,True,2615.593719,2
56,1774174400.987355,1774174579.109597,396,82,176.875093,14.273484,2.007427,True,1.247149,1
2274,1774174401.057793,1774176953.800519,1062,394,549.923714,108.076881,1.124292,True,2002.819011,1
872,1774174401.012822,1774175184.377194,167,205,347.495047,73.143747,1.344859,True,435.869325,1
1679,1774174401.039363,1774176397.174575,981,402,743.500621,389.074120,0.883857,True,1252.634592,2
3209,1774174401.088101,1774177910.187514,1113,422,387.270460,38.503676,0.828425,True,3121.828953,1
3379,1774174401.093460,1774177778.901078,374,40,137.843033,73.034353,1.661761,True,3239.964584,1
2104,1774174401.052546,1774176894.748496,1266,397,609.618974,156.839612,1.143382,True,1884.076976,1
2869,1774174401.076278,1774177359.155125,181,145,342.113395,260.491007,0.566822,True,2615.965451,2
57,1774174400.987387,1774174697.779958,1029,399,295.534383,15.840322,0.702749,True,1.258187,1
2275,1774174401.057822,1774176751.944940,396,97,346.591525,243.816680,1.070571,True,2004.295593,2
869,1774174401.012734,1774175048.235747,396,87,211.478636,73.268776,1.607091,True,435.744377,1
1680,1774174401.039391,1774176344.758586,999,411,689.843778,416.439715,0.666839,True,1253.875417,2
3210,1774174401.088129,1774177602.027091,1458,53,79.058663,19.948117,1.136741,True,3121.880298,1
3380,1774174401.093489,1774177757.181486,181,95,113.997342,41.798274,0.768075,True,3242.090655,1
2105,1774174401.052574,1774176567.348607,403,89,281.154516,96.231848,2.101394,True,1885.141518,1
2870,1774174401.076308,1774177573.109168,1057,443,553.309425,240.668214,0.707333,True,2618.723436,2
58,1774174400.987432,1774174863.451774,962,399,461.195885,24.279927,1.097779,True,1.268456,1
2276,1774174401.057851,1774176759.836957,431,99,353.052132,270.907729,0.838208,True,2005.726973,2
870,1774174401.012764,1774175406.508951,1035,411,569.740512,131.934816,1.067819,True,435.755675,1
1681,1774174401.039432,1774176391.855655,1010,401,736.156491,372.871162,0.908213,True,1254.659732,2
3211,1774174401.088157,1774177646.307405,406,98,123.277475,19.886796,1.065883,True,3121.941773,1
3381,1774174401.093519,1774177767.317511,1176,77,124.122009,65.772517,0.767756,True,3242.101983,1
2106,1774174401.052602,1774176858.383802,1127,398,572.086841,130.121574,1.113263,True,1885.244360,1
2871,1774174401.076336,1774177321.617904,1011,76,301.418273,217.825850,1.114566,True,2619.123295,2
59,1774174400.987469,1774174698.221874,203,217,295.953794,19.480593,1.279969,True,1.280611,1
2277,1774174401.057884,1774176770.836599,405,92,362.703644,301.820639,0.669044,True,2007.075071,2
867,1774174401.012674,1774175099.226163,404,126,271.888026,62.515497,1.674980,True,426.325464,1
1682,1774174401.039462,1774176298.239600,1018,396,640.691231,411.932264,0.579137,True,1256.508907,2
3212,1774174401.088185,1774177723.745012,1312,205,200.704192,22.697370,0.872582,True,3121.952635,1
2107,1774174401.052724,1774176443.117398,390,79,155.606472,75.617090,1.025505,True,1886.458201,1
2872,1774174401.076364,1774177452.708243,1081,371,432.331343,267.035915,0.446744,True,2619.300537,2
60,1774174400.987499,1774174511.638607,898,94,109.360822,17.908786,0.983355,True,1.290285,1
2278,1774174401.057913,1774177507.177032,959,384,1099.033413,804.160960,0.769902,True,2007.085706,3
868,1774174401.012702,1774175453.950606,1296,448,626.602185,62.505156,1.261962,True,426.335719,1
1683,1774174401.039491,1774176292.761535,1145,374,635.150481,449.348790,0.498128,True,1256.571562,2
3213,1774174401.088213,1774177680.065628,407,116,157.014276,56.797562,0.871450,True,3121.963138,1
3383,1774174401.093577,1774177903.488574,181,284,260.198107,35.468103,0.794099,True,3242.196890,1
2108,1774174401.052755,1774176890.958027,1084,390,603.281670,361.493488,0.621563,True,1886.623602,2
2873,1774174401.076392,1774177599.125978,1048,403,578.533197,196.477839,0.950386,True,2619.516388,2
61,1774174400.987530,1774174608.582729,181,253,206.294145,19.651289,0.740646,True,1.301054,1
2279,1774174401.057942,1774176560.983189,387,68,151.995006,61.551913,1.349897,True,2007.930241,1
865,1774174401.012615,1774175196.565941,209,217,369.453443,130.451834,1.106489,True,426.099883,1
1684,1774174401.039520,1774176536.341141,1059,477,878.615846,389.670935,1.027195,True,1256.685776,2
3214,1774174401.088242,1774177876.440588,1093,398,353.296835,24.214760,0.828922,True,3122.055512,1
3384,1774174401.093609,1774177814.039734,373,81,168.815955,34.805005,1.675137,True,3244.130170,1
2109,1774174401.052785,1774176932.868140,963,399,645.180858,382.135829,0.660917,True,1886.634497,2
2874,1774174401.076433,1774177660.128753,1012,414,639.526065,258.451741,0.922698,True,2619.526254,2
62,1774174400.987559,1774174470.550946,320,18,68.251608,11.982620,3.309940,True,1.311780,1
2280,1774174401.057971,1774176943.176592,1254,419,534.075838,62.574592,1.127993,True,2008.042783,1
866,1774174401.012645,1774175045.419299,908,90,218.091322,62.525908,1.747926,True,426.315332,1
1685,1774174401.039549,1774176358.042990,1080,395,700.213652,350.294106,0.888121,True,1256.789789,2
3215,1774174401.088270,1774177611.172803,377,57,83.773067,27.794801,0.999612,True,3126.311466,1
2110,1774174401.052815,1774176477.435951,404,128,189.738382,37.599169,1.197947,True,1886.644755,1
2875,1774174401.076467,1774177633.167576,1075,412,612.461074,221.866261,0.950352,True,2619.630035,2
63,1774174400.987588,1774174902.882597,1119,414,500.572982,14.199028,1.177661,True,1.322027,1
2281,1774174401.058000,1774176571.484577,396,75,159.625816,58.681333,1.364115,True,2010.800761,1
3726,1774174401.104032,1774178000.934655,393,76,105.875112,33.405205,0.966265,True,3493.955512,1
863,1774174401.012559,1774175086.046525,987,393,259.200333,59.250411,0.510076,True,425.833634,1
1686,1774174401.039577,1774175891.577728,1321,182,232.304492,58.628339,0.959537,True,1258.233659,1
3216,1774174401.088299,1774177867.684341,1125,386,337.985522,35.393738,0.785953,True,3128.610520,1
2111,1774174401.052848,1774177540.769184,1201,396,1253.060296,965.479774,0.728052,True,1886.656041,3
2876,1774174401.076499,1774177427.693166,209,167,406.976334,252.774577,0.928926,True,2619.640333,2
64,1774174400.987617,1774174653.025354,124,157,250.705673,24.216196,1.451856,True,1.332064,1
2282,1774174401.058032,1774176957.281615,1100,424,545.320008,68.220257,1.127895,True,2010.903575,1
864,1774174401.012586,1774175287.705564,203,167,460.848632,266.022671,1.173650,True,425.844346,1
1687,1774174401.039609,1774176382.757893,1035,400,723.023665,383.013771,0.852155,True,1258.694618,2
3217,1774174401.088329,1774177695.010521,200,149,165.249308,50.087834,0.778118,True,3128.672884,1
2112,1774174401.052876,1774176962.672069,1115,418,674.942150,395.904937,0.669154,True,1886.677043,2
2877,1774174401.076528,1774177367.965716,42,166,346.239473,222.392591,0.750587,True,2620.649715,2
65,1774174400.987646,1774174559.895005,1313,179,157.564094,9.904648,0.829547,True,1.343266,1
2283,1774174401.058061,1774176956.676755,1028,408,544.693372,265.696528,0.685496,True,2010.925322,2
861,1774174401.012497,1774176442.202880,1111,415,1615.377908,1236.278140,0.915700,True,425.812475,3
1688,1774174401.039640,1774176313.950701,1004,394,651.941818,448.979440,0.516444,True,1260.969243,2
2113,1774174401.052904,1774176856.110984,1025,397,566.081864,126.389394,1.110335,True,1888.976216,1
2878,1774174401.076557,1774177348.171694,395,118,326.394560,249.438950,0.657740,True,2620.700577,2
66,1774174400.987675,1774174656.537909,1096,383,254.196047,13.568584,0.629915,True,1.354187,1
2284,1774174401.058090,1774176915.797635,955,394,503.701941,243.377940,0.662402,True,2011.037604,2
862,1774174401.012527,1774175083.353999,997,393,256.518345,58.686062,0.504674,True,425.823127,1
1689,1774174401.039672,1774176372.502026,1165,421,709.926507,391.551898,0.758035,True,1261.535847,2
3219,1774174401.088494,1774177968.319574,206,217,438.372556,90.662260,1.609770,True,3128.858525,1
2114,1774174401.052933,1774176622.856908,418,113,330.084554,149.196461,1.615072,True,1891.719422,1
2879,1774174401.076588,1774177308.006644,1137,46,286.116139,224.430805,1.370785,True,2620.813916,2
67,1774174400.987704,1774174611.912106,400,102,209.559707,19.395637,1.882813,True,1.364694,1
2285,1774174401.058121,1774176873.634066,19,178,461.312817,317.716070,0.811281,True,2011.263128,2
859,1774174401.012433,1774174926.196016,392,74,99.393016,67.139038,0.441835,True,425.790568,1
1690,1774174401.039789,1774176408.131358,1108,459,745.503486,446.112434,0.653692,True,1261.588083,2
3390,1774174401.093787,1774177738.361095,389,87,91.518708,30.225878,0.712707,True,3245.748600,1
2115,1774174401.052967,1774176891.735342,984,409,598.860028,130.354134,1.148299,True,1891.822347,1
2880,1774174401.076620,1774177337.637940,402,100,312.447943,244.064806,0.690739,True,2624.113376,2
68,1774174400.987733,1774175153.703865,1057,424,751.341145,440.924328,0.733846,True,1.374988,2
2286,1774174401.058151,1774176692.365806,373,60,278.894964,219.523851,1.006290,True,2012.412690,2
3731,1774174401.104177,1774177971.215264,243,14,73.336274,58.451268,1.145000,True,3496.774812,1
860,1774174401.012465,1774174917.801363,386,57,90.987893,59.809036,0.556765,True,425.801004,1
1691,1774174401.039820,1774176326.416296,978,391,662.975596,369.713496,0.751954,True,1262.400879,2
3221,1774174401.088560,1774177663.252697,407,115,130.371088,32.210724,0.861056,True,3131.793048,1
3391,1774174401.093816,1774177778.519119,422,95,131.502747,68.384899,0.671466,True,3245.922556,1
2116,1774174401.052996,1774177536.770391,1150,394,1240.909109,977.630593,0.669920,True,1894.808285,3
2881,1774174401.076649,1774177328.667652,1917,90,303.415829,241.963526,0.690475,True,2624.175174,2
69,1774174400.987761,1774174658.029002,203,162,255.655221,14.134537,1.500128,True,1.386020,1
2287,1774174401.058183,1774176923.892268,1023,396,507.570055,261.357591,0.623323,True,2015.264029,2
857,1774174401.012356,1774175175.731766,1102,427,348.950281,59.315403,0.679894,True,425.769130,1
1692,1774174401.039850,1774176195.145811,414,137,531.592347,369.600754,1.191115,True,1262.513614,2
3222,1774174401.088590,1774177881.961377,1102,401,349.027489,15.695169,0.833331,True,3131.845298,1
2117,1774174401.053025,1774176894.286235,1011,384,598.210602,395.560290,0.529113,True,1895.022608,2
2882,1774174401.076678,1774177540.769190,1081,396,515.118120,181.783459,0.843885,True,2624.574393,2
70,1774174400.987790,1774174593.171267,1314,216,190.786528,17.801962,0.804579,True,1.396949,1
2288,1774174401.058212,1774176919.688371,1105,407,503.149374,58.356581,1.095549,True,2015.480785,1
858,1774174401.012388,1774175221.503145,414,84,394.710909,266.086727,1.549689,True,425.779847,1
1693,1774174401.039879,1774176574.908599,400,103,911.027638,711.754581,1.953657,True,1262.841081,2
3223,1774174401.088619,1774177692.712428,1316,156,159.717400,26.386070,0.860202,True,3131.906410,1
2118,1774174401.053054,1774176818.222697,1149,383,521.861639,95.159623,1.117021,True,1895.308004,1
2883,1774174401.076706,1774177343.713116,418,113,317.978617,241.480849,0.683016,True,2624.657792,2
71,1774174400.987818,1774174511.355219,2,93,108.959917,19.544573,0.971906,True,1.407484,1
2289,1774174401.058241,1774177026.205217,1028,379,609.604252,182.631422,1.129558,True,2015.542723,2
855,1774174401.012201,1774175668.916666,1196,385,842.157110,652.231607,0.494598,True,425.747354,2
1694,1774174401.039908,1774176825.316940,998,396,1161.425646,680.032286,1.218717,True,1262.851386,2
3224,1774174401.088650,1774177587.803869,377,35,54.798711,15.623364,1.152216,True,3131.916508,1
2119,1774174401.053083,1774176583.395006,408,103,286.921438,126.755906,1.570250,True,1895.420485,1
2884,1774174401.076734,1774177325.832973,411,84,300.088121,218.373634,0.984512,True,2624.668118,2
72,1774174400.987847,1774175111.137628,1065,409,708.731888,451.134773,0.631365,True,1.417893,2
2290,1774174401.058270,1774176586.028511,1907,84,169.375026,69.614742,1.201931,True,2015.595215,1
856,1774174401.012326,1774175130.139663,1116,411,303.369400,58.751637,0.596629,True,425.757937,1
1695,1774174401.039937,1774176346.779207,1045,393,682.784425,358.848597,0.826367,True,1262.954844,2
3225,1774174401.088680,1774177928.861249,1111,418,395.803845,49.586983,0.830256,True,3131.968723,1
3395,1774174401.093930,1774177786.345063,181,128,136.158135,43.205364,0.731912,True,3249.092997,1
2120,1774174401.053114,1774176424.274476,386,67,126.862094,47.109529,1.208372,True,1896.359268,1
2885,1774174401.076768,1774177402.461629,181,134,376.581743,238.069401,1.041446,True,2624.803119,2
1016,1774174401.017283,1774175200.585612,382,53,214.773700,102.214676,2.164597,True,584.794629,1
2971,1774174401.079397,1774177356.735639,378,66,278.617209,169.074952,1.685266,True,2677.039032,2
1017,1774174401.017311,1774175228.015643,395,88,241.801064,114.691284,1.461032,True,585.197268,1
2972,1774174401.079444,1774177555.492485,1144,424,477.147776,163.816216,0.740737,True,2677.265265,2
1018,1774174401.017339,1774175398.153451,1004,396,410.431592,2.253500,1.033362,True,586.704519,1
2973,1774174401.079474,1774177543.153475,1249,415,462.312098,206.571708,0.617730,True,2679.761904,2
2974,1774174401.079503,1774177396.336207,203,181,313.271296,198.112769,0.639770,True,2681.985408,2
1020,1774174401.017396,1774175694.531970,1031,397,706.294850,474.483825,0.585381,True,587.219724,2
2975,1774174401.079535,1774177467.573547,1037,379,384.497986,179.678340,0.541851,True,2681.996026,2
1021,1774174401.017441,1774175222.826014,416,86,234.363226,102.646867,1.549604,True,587.445348,1
2976,1774174401.079564,1774177520.385323,1083,406,435.793186,155.214615,0.692787,True,2683.512574,2
1022,1774174401.017476,1774175580.257244,171,198,589.759955,500.036939,0.455447,True,589.479813,2
2977,1774174401.079592,1774177352.287957,386,53,267.213048,147.383674,2.304411,True,2683.995316,2
1023,1774174401.017505,1774175073.530093,383,76,82.291184,1.157809,1.081778,True,590.221404,1
2978,1774174401.079624,1774177532.931562,1124,412,447.111828,166.346058,0.683128,True,2684.740111,2
1024,1774174401.017534,1774175804.678012,1133,463,813.222265,450.907707,0.784231,True,590.438214,2
2979,1774174401.079653,1774177402.135700,181,133,314.604012,236.246967,0.593614,True,2686.452035,2
1025,1774174401.017563,1774175098.876506,419,93,106.347429,1.194594,1.142966,True,591.511514,1
2980,1774174401.079681,1774177501.547241,1065,382,413.902197,110.210333,0.797092,True,2686.565363,2
1026,1774174401.017591,1774175703.999524,1083,397,709.681593,448.045409,0.660697,True,593.300340,2
2981,1774174401.079710,1774177361.307752,1441,150,271.787053,166.852871,0.704256,True,2688.440989,2
1027,1774174401.017621,1774175447.258176,1146,394,452.581396,3.348588,1.143086,True,593.659159,1
2982,1774174401.079738,1774177331.581631,438,91,239.144683,197.305132,0.464884,True,2691.357210,2
1028,1774174401.017650,1774175149.663330,385,88,154.746907,46.978163,1.238721,True,593.898773,1
2983,1774174401.079766,1774177370.275470,181,174,277.602633,186.562659,0.526243,True,2691.593071,2
1029,1774174401.017678,1774175741.979658,1264,418,745.860798,456.240838,0.694532,True,595.101182,2
2984,1774174401.079798,1774177559.051749,1095,396,465.942958,211.696840,0.643661,True,2692.028993,2
1030,1774174401.017707,1774175236.135281,402,103,239.902881,85.062619,1.518042,True,595.214693,1
2985,1774174401.079827,1774177674.234168,1133,420,581.114356,205.892178,0.895518,True,2692.039985,2
1031,1774174401.017742,1774175272.143974,415,142,275.007703,107.196268,1.190152,True,596.118529,1
2986,1774174401.079856,1774177482.627902,998,393,389.024093,160.468221,0.583051,True,2692.523953,2
1032,1774174401.017771,1774175220.117301,386,66,222.919612,123.720591,1.526139,True,596.179918,1
2987,1774174401.079884,1774177312.018161,382,53,215.540873,145.684044,1.343401,True,2695.397404,2
1033,1774174401.017800,1774175188.904592,1312,134,190.632678,53.428441,1.031611,True,597.254114,1
2988,1774174401.079913,1774177341.993925,417,110,245.454056,174.676527,0.649335,True,2695.459955,2
1034,1774174401.017829,1774176784.468226,1009,399,1786.133080,1134.227716,1.637953,True,597.317316,3
2989,1774174401.079945,1774177373.993701,398,94,276.055743,144.634859,1.413128,True,2696.858012,2
1035,1774174401.017864,1774175645.486027,1196,373,646.531098,459.656158,0.502352,True,597.937065,2
2990,1774174401.079974,1774177551.057886,1166,421,452.319525,139.287054,0.745315,True,2697.658387,2
1036,1774174401.017893,1774175689.561743,1007,395,690.595586,487.866498,0.514541,True,597.948264,2
2991,1774174401.080003,1774177498.620346,1027,396,399.820113,175.932537,0.566804,True,2697.720231,2
1037,1774174401.017921,1774175677.754100,1024,393,678.342692,465.520484,0.542914,True,598.393486,2
2992,1774174401.080031,1774177599.125789,1034,403,498.972041,163.796054,0.833771,True,2699.073716,2
1038,1774174401.017950,1774175528.153025,923,468,528.575193,2.057423,1.127447,True,598.559882,1
2993,1774174401.080063,1774177428.782872,1924,105,206.022151,157.616056,0.465443,True,2821.680659,1
2994,1774174401.080091,1774177871.990047,1054,423,649.217847,275.786525,0.884908,True,2821.692108,1
1040,1774174401.018010,1774175110.871153,432,95,109.109294,3.179952,1.126908,True,600.743849,1
2995,1774174401.080120,1774177881.902472,1018,429,659.120251,267.630635,0.914695,True,2821.702101,1
1041,1774174401.018039,1774175542.627233,1010,429,540.730531,52.484543,1.140762,True,600.878664,1
1042,1774174401.018067,1774175221.045223,371,78,218.829664,95.702279,1.599057,True,601.197492,1
2997,1774174401.080178,1774177779.483624,1004,421,471.471888,2.055013,1.117659,True,2906.931558,1
1043,1774174401.018096,1774175231.394944,403,91,227.314784,105.281854,1.355921,True,603.062064,1
2998,1774174401.080209,1774177598.212700,2027,121,290.088409,38.785878,2.094188,True,2907.044082,1
1044,1774174401.018124,1774175225.708262,389,94,220.735352,76.321688,1.552835,True,603.954787,1
2999,1774174401.080241,1774177632.397446,1157,404,320.371934,19.263160,0.747168,True,2910.945271,1
1045,1774174401.018152,1774176531.347044,1072,468,1525.859946,1012.983505,1.098236,True,604.468946,3
3000,1774174401.080269,1774177608.639088,450,84,293.928590,175.702074,1.424416,True,2913.630229,1
1046,1774174401.018181,1774175156.689989,391,116,150.545690,15.428782,1.174930,True,605.126118,1
3001,1774174401.080298,1774177594.860283,431,101,276.782886,28.833024,2.479499,True,2916.997099,1
1047,1774174401.018210,1774175123.577452,396,105,117.196294,1.159524,1.115738,True,605.362948,1
3002,1774174401.080329,1774177441.641119,1189,74,123.389351,84.473303,0.533097,True,2917.171438,1
1048,1774174401.018238,1774175298.254594,209,179,291.821023,102.928555,1.061194,True,605.415333,1
3003,1774174401.080358,1774177391.976002,1642,56,73.437623,15.181852,1.059196,True,2917.458021,1
1049,1774174401.018272,1774175704.110157,1136,401,696.894040,439.129603,0.644411,True,606.197845,2
3004,1774174401.080387,1774177610.997722,401,101,289.375763,146.944700,1.424311,True,2920.541572,1
1050,1774174401.018301,1774175226.383911,206,183,218.251363,46.248361,0.945071,True,607.114247,1
3005,1774174401.080428,1774177594.918072,794,70,271.698356,167.193051,1.514570,True,2922.139288,1
1051,1774174401.018331,1774175199.108964,203,162,190.728568,19.015953,1.066538,True,607.362066,1
3006,1774174401.080459,1774177830.128871,1137,402,506.395087,149.811751,0.889235,True,2922.653326,1
1052,1774174401.018377,1774175741.922801,1025,414,733.416911,441.689725,0.706361,True,607.487513,2
3007,1774174401.080488,1774177595.093959,392,84,271.018305,149.470082,1.464436,True,2922.995166,1
1053,1774174401.018407,1774175091.063068,944,40,80.937407,17.270594,1.632482,True,609.107255,1
3008,1774174401.080516,1774177835.787869,1172,511,510.004244,67.462366,0.867729,True,2924.703108,1
1054,1774174401.018451,1774175713.927219,1227,625,703.334784,47.882814,1.050404,True,609.573985,1
3009,1774174401.080545,1774177803.910994,1161,420,478.075254,104.361149,0.891919,True,2924.755195,1
1055,1774174401.018481,1774175444.766032,1211,368,433.583891,18.761595,1.130306,True,610.163659,1
3010,1774174401.080579,1774177787.212692,1314,322,461.200521,175.195964,0.890980,True,2924.931593,1
1056,1774174401.018510,1774175888.868095,1186,377,876.381554,472.404211,1.074408,True,611.468031,2
3011,1774174401.080611,1774177607.009172,862,87,280.638261,172.187381,1.261057,True,2925.290301,1
1057,1774174401.018541,1774175168.007339,408,129,154.151503,1.175249,1.195127,True,612.837296,1
3012,1774174401.080639,1774177598.156282,388,78,269.996541,170.398791,1.293477,True,2927.079101,1
1058,1774174401.018570,1774175645.601106,1139,373,630.195358,422.479057,0.558377,True,614.387178,2
3013,1774174401.080668,1774177565.903716,1496,53,237.569729,137.100023,1.932110,True,2927.253319,1
1059,1774174401.018599,1774175188.235022,419,130,172.612262,42.852057,1.005893,True,614.604161,1
3014,1774174401.080697,1774177634.852913,181,124,306.179808,136.761378,1.377386,True,2927.592407,1
1060,1774174401.018627,1774175555.246892,1199,441,537.279977,25.845172,1.162352,True,616.948287,1
3015,1774174401.080729,1774177830.185506,1073,392,498.707468,167.080295,0.848151,True,2930.397309,1
1061,1774174401.018660,1774175215.329084,30,164,196.816499,39.962361,0.962295,True,617.493925,1
3016,1774174401.080758,1774177577.009914,1217,49,245.416944,154.310095,1.898059,True,2930.512212,1
1062,1774174401.018690,1774175471.295941,1008,373,452.599195,28.603273,1.139774,True,617.678056,1
3017,1774174401.080787,1774177834.684094,1027,396,503.039115,158.767809,0.871573,True,2930.564192,1
1063,1774174401.018719,1774175671.924826,1150,387,649.410517,458.536787,0.494492,True,621.495591,2
3018,1774174401.080815,1774177663.369460,405,142,331.384436,153.917978,1.258627,True,2930.904208,1
1064,1774174401.018751,1774175502.657999,1009,399,479.192465,40.126281,1.103181,True,622.446784,1
3019,1774174401.080843,1774177607.993120,874,95,273.805553,141.777760,1.404551,True,2933.106723,1
1065,1774174401.018779,1774175640.430006,1231,526,616.740353,27.288856,1.122765,True,622.670874,1
3020,1774174401.080875,1774177550.068659,91,24,215.767693,166.906750,2.124389,True,2933.220091,1
1066,1774174401.018809,1774175753.502861,1027,414,727.088425,428.228505,0.723632,True,625.395627,2
1067,1774174401.018840,1774175573.278020,203,181,546.801817,430.176054,0.647921,True,625.457364,2
3022,1774174401.080933,1774177434.010087,120,12,97.365844,93.552636,0.346655,True,2935.563311,1
1068,1774174401.018868,1774175167.784645,388,103,140.128617,23.323091,1.145152,True,626.637161,1
3023,1774174401.080961,1774177683.985241,1316,209,347.330391,106.416644,1.158239,True,2935.573889,1
1069,1774174401.018896,1774175496.042503,1231,394,468.273937,29.166041,1.117323,True,626.749671,1
3024,1774174401.080990,1774177612.968336,391,88,276.097209,153.541893,1.408682,True,2935.790137,1
1070,1774174401.018924,1774175549.112383,1029,438,521.332904,4.674123,1.182286,True,626.760555,1
3025,1774174401.081018,1774177603.090911,401,96,265.450870,128.091820,1.445885,True,2936.559022,1
1071,1774174401.018952,1774175662.564630,1009,385,634.384510,434.540356,0.520427,True,627.161168,2
3026,1774174401.081052,1774177924.421188,1150,470,582.936528,157.417381,0.907290,True,2940.403609,1
1072,1774174401.018981,1774175485.336974,1205,391,455.140796,4.780639,1.154770,True,629.177197,1
3027,1774174401.081081,1774177606.954299,407,94,264.955347,133.966414,1.408483,True,2940.917871,1
1073,1774174401.019011,1774175157.256694,393,99,126.711934,9.956883,1.191378,True,629.525749,1
3028,1774174401.081110,1774177650.469241,387,124,306.746793,142.180640,1.337936,True,2942.641338,1
1074,1774174401.019040,1774175110.871466,369,52,78.046142,12.114059,1.292786,True,631.806284,1
3029,1774174401.081141,1774177640.028004,377,119,295.739435,159.941399,1.150831,True,2943.207429,1
1075,1774174401.019068,1774175493.072924,1010,393,460.029023,30.547966,1.095615,True,632.024832,1
3030,1774174401.081169,1774177437.536038,979,45,89.767249,69.970301,0.449931,True,2946.687620,1
1076,1774174401.019103,1774175507.994196,1049,395,471.369625,36.771697,1.103040,True,635.605468,1
3031,1774174401.081198,1774177840.773900,1134,399,492.656019,152.680959,0.854209,True,2947.036682,1
1077,1774174401.019132,1774175128.097299,387,73,88.398756,5.240489,1.154976,True,638.679411,1
3032,1774174401.081230,1774177605.718489,401,96,257.537749,124.730989,1.397966,True,2947.099509,1
1078,1774174401.019160,1774175524.567673,1010,397,483.467631,46.952883,1.102310,True,640.080882,1
3033,1774174401.081259,1774177396.351753,1827,35,46.731730,28.168401,0.545980,True,2948.538764,1
1079,1774174401.019189,1774175567.845126,912,442,526.518184,23.365908,1.140935,True,640.307754,1
3034,1774174401.081287,1774177960.305640,1180,371,610.673957,49.578177,1.516475,True,2948.550396,1
1080,1774174401.019217,1774175513.112898,981,393,471.088093,18.453894,1.154679,True,641.005588,1
3035,1774174401.081315,1774177867.738604,1090,414,518.023702,157.465281,0.873023,True,2948.633587,1
1081,1774174401.019246,1774175528.366365,1083,397,486.330411,33.486963,1.143544,True,641.016708,1
3036,1774174401.081343,1774177452.848943,412,117,100.560286,46.921016,0.462407,True,2951.207314,1
1082,1774174401.019274,1774175209.727093,1076,51,166.746546,80.155760,1.731816,True,641.961273,1
1083,1774174401.019307,1774175631.570720,1195,507,586.148736,22.162235,1.114598,True,644.402677,1
3038,1774174401.081403,1774177439.820193,387,52,84.896942,62.815930,0.432961,True,2953.841848,1
1084,1774174401.019336,1774175532.255943,1007,415,486.822381,27.451654,1.109591,True,644.414226,1
3039,1774174401.081445,1774177680.150667,1000,59,324.542029,66.725907,4.445106,True,2954.527192,1
1085,1774174401.019367,1774175248.611617,167,217,200.589818,24.863387,0.813548,True,647.002432,1
1086,1774174401.019396,1774175141.934201,379,60,93.807714,30.591944,1.071454,True,647.107091,1
1087,1774174401.019438,1774175551.737675,1230,414,503.498141,39.813363,1.122723,True,647.220097,1
3042,1774174401.081539,1774177620.762041,402,102,264.821972,144.858815,1.187754,True,2954.858530,1
1088,1774174401.019467,1774175127.293554,1596,52,75.226049,35.985350,0.769425,True,651.048037,1
3043,1774174401.081568,1774177595.461510,1633,64,239.355405,156.253386,1.319080,True,2955.024537,1
1089,1774174401.019499,1774175832.188070,1195,507,779.316189,424.085260,0.702037,True,651.852382,2
3044,1774174401.081597,1774177429.794911,987,29,73.048439,56.350721,0.596347,True,2955.664876,1
1090,1774174401.019527,1774175114.328478,1201,45,59.690505,18.247173,0.941894,True,653.618446,1
3045,1774174401.081626,1774177847.090006,1123,400,487.932383,155.671022,0.832735,True,2958.075997,1
1091,1774174401.019556,1774175188.904386,931,92,134.149595,52.980831,0.891964,True,653.735235,1
3046,1774174401.081654,1774177876.498812,1150,424,517.115151,139.174968,0.893476,True,2958.302007,1
1092,1774174401.019585,1774176551.184714,1264,416,1494.247368,1069.519134,1.023442,True,655.917762,3
1093,1774174401.019613,1774175282.265988,1351,145,225.265937,69.325162,1.082922,True,655.980438,1
1094,1774174401.019645,1774175174.701402,386,86,116.081292,20.098078,1.129214,True,657.600465,1
1095,1774174401.019679,1774175555.032372,1227,392,496.186602,48.888935,1.143984,True,657.826090,1
3050,1774174401.081776,1774177625.489453,380,115,264.172840,111.594793,1.338404,True,2960.234836,1
1096,1774174401.019707,1774175572.091559,1009,399,513.235028,57.155916,1.145927,True,657.836824,1
1097,1774174401.019736,1774175894.687573,1007,385,834.660758,430.149894,1.053414,True,659.007080,2
3052,1774174401.081833,1774177861.536615,1192,413,495.539085,134.801368,0.875577,True,2964.915697,1
1098,1774174401.019764,1774175490.633381,1231,373,430.024951,29.325484,1.077149,True,659.588665,1
3053,1774174401.081864,1774177748.122931,1609,62,381.928491,192.423655,3.106637,True,2965.112576,1
1099,1774174401.019793,1774175574.691327,130,185,513.195879,397.115951,0.630869,True,660.475654,2
3054,1774174401.081916,1774177619.045507,399,95,252.828816,126.242838,1.346659,True,2965.134775,1
1100,1774174401.019822,1774175225.651231,391,76,161.961638,57.228718,1.396439,True,662.669771,1
3055,1774174401.081948,1774177638.534989,402,116,272.204906,137.468587,1.171620,True,2965.248136,1
243,1774174400.993200,1774175128.728770,1082,409,724.489163,473.484635,0.615207,True,3.246407,2
838,1774174401.011662,1774174961.857856,1318,139,135.280626,58.944594,0.553160,True,425.565567,1
1696,1774174401.039966,1774176342.148320,1002,407,677.815356,427.309064,0.617011,True,1263.292998,2
2461,1774174401.063529,1774176818.878405,1109,84,181.081617,141.804214,0.473222,True,2236.733259,1
1866,1774174401.045193,1774176154.519087,414,102,366.588079,302.082424,0.638670,True,1386.885814,2
2631,1774174401.068809,1774176996.628261,1417,55,174.813476,81.670192,1.724876,True,2420.745976,1
73,1774174400.987876,1774174562.440115,372,60,160.024301,24.120205,2.303459,True,1.427938,1
244,1774174400.993232,1774175305.236524,1072,400,900.986228,438.196075,1.159875,True,3.257064,2
839,1774174401.011706,1774174985.806765,203,193,159.218770,49.093019,0.573572,True,425.576289,1
1697,1774174401.039999,1774175873.122044,874,150,208.777682,65.365436,0.962498,True,1263.304363,1
2462,1774174401.063562,1774176946.399528,430,102,308.591827,157.982581,1.491181,True,2236.744139,1
1867,1774174401.045222,1774176400.432643,1164,444,612.490433,272.857248,0.766666,True,1386.896988,2
2632,1774174401.068837,1774177430.557245,415,119,608.731820,502.654158,0.898963,True,2420.756588,2
74,1774174400.987905,1774174669.665331,1104,394,267.238424,9.808828,0.655037,True,1.439003,1
245,1774174400.993263,1774174607.226601,385,98,202.965649,27.018295,1.813890,True,3.267689,1
840,1774174401.011744,1774175735.342846,1135,410,908.744074,617.909454,0.711087,True,425.587028,2
1698,1774174401.040031,1774176361.179307,1060,415,696.824181,427.286891,0.651056,True,1263.315095,2
2463,1774174401.063591,1774176729.837918,393,59,92.018869,69.528464,0.387766,True,2236.755458,1
1868,1774174401.045256,1774176481.530197,1069,430,692.963355,229.903834,1.079393,True,1387.521586,2
2633,1774174401.068868,1774177030.953873,372,62,205.634161,105.268430,1.645340,True,2424.250844,1
75,1774174400.987941,1774175141.513171,1075,415,739.075666,447.504045,0.704279,True,1.449564,2
246,1774174400.993292,1774174538.025169,78,141,133.752931,51.675612,0.586267,True,3.278946,1
934,1774174401.014713,1774175172.574861,1321,180,247.251801,20.214805,1.268363,True,524.308347,1
1699,1774174401.040061,1774175825.779959,399,92,156.852298,50.133616,1.172733,True,1267.887601,1
2464,1774174401.063620,1774176739.272382,309,18,101.443312,69.885156,1.856362,True,2236.765450,1
1869,1774174401.045288,1774176298.239580,1136,396,505.999131,264.281115,0.611944,True,1391.195160,2
2634,1774174401.068897,1774177051.379178,398,100,223.997312,111.509707,1.136238,True,2426.312969,1
76,1774174400.987971,1774174780.419403,1225,372,377.971298,19.299607,0.966770,True,1.460135,1
247,1774174400.993320,1774174516.312568,412,100,112.029771,40.868394,0.718802,True,3.289476,1
935,1774174401.014745,1774175108.678362,437,92,183.344424,79.364960,1.142631,True,524.319193,1
1700,1774174401.040090,1774176430.765147,1219,429,761.723969,443.912865,0.742549,True,1268.001089,2
2465,1774174401.063649,1774176751.158289,396,84,113.318120,70.411132,0.516952,True,2236.776520,1
1870,1774174401.045317,1774176208.484600,1951,67,416.008275,377.523277,0.583106,True,1391.431009,2
2635,1774174401.068925,1774177054.514810,398,76,226.415581,102.489137,1.652353,True,2427.030304,1
77,1774174400.987999,1774175171.094515,1118,426,768.634769,447.482574,0.755652,True,1.471746,2
248,1774174400.993351,1774174682.264678,1027,388,277.971214,43.016681,0.607118,True,3.300113,1
936,1774174401.014774,1774174970.236008,440,84,44.030683,0.881809,0.519866,True,525.190552,1
1701,1774174401.040118,1774176262.319031,1100,371,593.173788,435.363251,0.426515,True,1268.105124,2
2466,1774174401.063679,1774177555.775985,952,427,917.925243,639.681699,0.653154,True,2236.787063,2
1871,1774174401.045346,1774177078.101658,1044,527,1285.500078,562.108932,1.375268,True,1391.556235,2
2636,1774174401.068954,1774177507.698874,1047,388,679.486650,440.738875,0.616919,True,2427.143271,2
78,1774174400.988028,1774174519.221127,380,102,116.751762,17.716908,0.980543,True,1.481337,1
249,1774174400.993381,1774175475.592741,1146,466,1071.288741,520.639755,1.184191,True,3.310619,2
937,1774174401.014811,1774174963.570307,381,67,37.312835,0.924821,0.551334,True,525.242661,1
1702,1774174401.040153,1774176372.673160,1064,418,703.517327,441.832469,0.627542,True,1268.115680,2
2467,1774174401.063707,1774177098.789520,1042,403,460.927271,149.899988,0.773700,True,2236.798542,1
1872,1774174401.045374,1774177102.320436,1094,575,1307.784807,877.063428,0.750386,True,1393.490255,3
2637,1774174401.068985,1774177060.665365,844,78,229.577579,99.500623,1.689311,True,2430.018800,1
79,1774174400.988056,1774174669.943920,1133,385,267.463600,19.459414,0.645844,True,1.492264,1
250,1774174400.993421,1774174933.415918,994,419,529.100358,36.960818,1.177367,True,3.322138,1
938,1774174401.014841,1774175002.207793,420,103,72.905781,26.082564,0.459051,True,528.287171,1
1703,1774174401.040181,1774176435.786564,1064,414,766.261086,412.626043,0.856259,True,1268.485296,2
2468,1774174401.063739,1774177461.318112,1074,378,823.445670,641.363027,0.482978,True,2236.808703,2
1873,1774174401.045402,1774176504.365333,1086,446,709.539128,312.133633,0.893046,True,1393.780803,2
2638,1774174401.069013,1774177703.678739,1096,429,872.476372,421.985713,1.052548,True,2430.133354,2
80,1774174400.988085,1774174557.149521,42,167,154.657958,11.790197,0.860649,True,1.503478,1
251,1774174400.993453,1774174517.130451,846,108,112.805009,44.756231,0.635970,True,3.331989,1
939,1774174401.014870,1774176520.816815,1060,449,1591.339439,1128.741823,1.032584,True,528.462506,3
1704,1774174401.040210,1774176453.592695,1003,418,783.739459,348.617656,1.043458,True,1268.813025,2
2469,1774174401.063767,1774177075.606269,1044,386,437.723317,69.464231,0.956517,True,2236.819185,1
1874,1774174401.045445,1774176304.241844,991,394,508.467701,287.338198,0.562670,True,1394.728698,2
2639,1774174401.069042,1774177420.471039,1353,156,586.231869,378.065173,1.343011,True,2433.170128,2
81,1774174400.988113,1774174651.270667,1140,377,248.768394,9.733025,0.635732,True,1.514159,1
252,1774174400.993493,1774175431.958460,1140,430,1027.622795,536.751233,1.144223,True,3.342172,2
940,1774174401.014899,1774175277.791745,1199,373,347.902498,2.298169,0.929044,True,528.874348,1
1705,1774174401.040238,1774177732.507276,1204,437,2060.578558,1545.141160,1.182196,True,1270.888480,4
2470,1774174401.063796,1774176765.063531,368,45,127.169919,101.378713,0.586164,True,2236.829816,1
1875,1774174401.045475,1774176135.995796,383,59,337.875962,314.834081,0.397274,True,1397.074359,2
2640,1774174401.069071,1774177703.791665,1084,429,866.812929,360.876884,1.182094,True,2435.909666,2
82,1774174400.988145,1774174687.234904,126,203,284.721477,13.994753,1.340231,True,1.525282,1
253,1774174400.993529,1774177982.980589,1059,649,3578.634120,2879.846972,1.078375,True,3.352940,6
941,1774174401.014931,1774174985.695640,390,99,55.115916,8.612130,0.474528,True,529.564793,1
1706,1774174401.040267,1774176166.256570,1656,82,494.021486,390.867588,1.273505,True,1271.194816,2
2471,1774174401.063829,1774177010.571131,1236,376,372.666333,106.201997,0.710572,True,2236.840969,1
1876,1774174401.045507,1774176818.332600,976,388,1020.202439,572.142091,1.157779,True,1397.084655,2
2641,1774174401.069099,1774177585.682235,1064,398,748.589517,410.100627,0.852617,True,2436.023618,2
83,1774174400.988173,1774174500.953435,431,84,98.428809,13.385597,1.024617,True,1.536453,1
254,1774174400.993558,1774174578.213692,1354,200,173.856437,40.794051,0.668655,True,3.363698,1
942,1774174401.014960,1774175165.382081,203,217,234.464103,15.724208,1.012685,True,529.903018,1
1707,1774174401.040295,1774176395.421525,1179,445,719.622411,382.702652,0.758828,True,1274.758819,2
2472,1774174401.063857,1774177069.216265,772,136,431.301402,266.436244,1.221223,True,2236.851006,1
1877,1774174401.045539,1774176382.545774,1158,400,584.207653,204.392588,0.951917,True,1397.292583,2
2642,1774174401.069128,1774177043.146885,393,82,206.043172,75.199569,1.615353,True,2436.034585,1
84,1774174400.988203,1774175157.790779,1115,421,755.254773,468.624000,0.682454,True,1.547803,2
255,1774174400.993596,1774174665.835063,167,171,261.467647,47.093929,1.261022,True,3.373820,1
943,1774174401.014990,1774175885.719089,999,575,953.282548,503.450147,0.783680,True,531.421551,2
1708,1774174401.040324,1774176388.904144,1146,440,712.989815,401.696911,0.709095,True,1274.874005,2
2473,1774174401.063886,1774177646.247217,1185,401,1008.321801,651.816438,0.891263,True,2236.861530,2
2643,1774174401.069157,1774177020.695591,624,50,183.498973,111.430354,1.470788,True,2436.127461,1
85,1774174400.988231,1774174566.941498,206,179,164.395232,17.640203,0.824466,True,1.558034,1
256,1774174400.993627,1774174485.119290,1792,50,80.741035,55.711768,0.510801,True,3.384628,1
944,1774174401.015018,1774175292.571082,1231,463,359.959684,16.750469,0.742877,True,531.596380,1
1709,1774174401.040357,1774175816.555390,420,80,140.526883,53.262304,1.104615,True,1274.988151,1
2474,1774174401.063915,1774177546.432218,1034,417,908.495795,654.243258,0.611184,True,2236.872508,2
1879,1774174401.045595,1774176312.330813,1031,388,512.150282,276.868314,0.607964,True,1399.134937,2
2644,1774174401.069186,1774177498.681457,1038,379,655.838243,359.525621,0.783896,True,2441.774028,2
86,1774174400.988263,1774174590.425906,400,91,187.868654,23.978696,1.821000,True,1.568989,1
257,1774174400.993662,1774174535.994345,40,134,131.604787,34.497261,0.730132,True,3.395896,1
945,1774174401.015047,1774175432.067707,1165,409,498.651463,18.562296,1.176689,True,532.401198,1
1710,1774174401.040387,1774176604.237669,1136,518,927.685694,341.918579,1.133012,True,1275.511589,2
2475,1774174401.063944,1774176781.129526,383,94,143.182311,69.400106,0.793357,True,2236.883271,1
1880,1774174401.045623,1774176683.390228,1134,394,883.198912,332.371675,1.401596,True,1399.145693,2
2645,1774174401.069214,1774177052.158659,391,67,207.250884,98.145298,1.653115,True,2443.838561,1
87,1774174400.988295,1774175073.696213,1123,396,671.127463,466.704730,0.517526,True,1.580455,2
258,1774174400.993693,1774174515.563120,407,104,111.163609,44.682261,0.645450,True,3.405818,1
946,1774174401.015078,1774175391.356498,987,393,457.929606,18.551675,1.120862,True,532.411813,1
1711,1774174401.040433,1774175840.700407,402,95,162.937102,75.674229,0.928328,True,1276.722872,1
2476,1774174401.063972,1774177625.489443,1022,494,987.531186,593.593124,0.799063,True,2236.894285,2
1881,1774174401.045671,1774176237.741932,1314,227,437.539924,242.545896,0.862805,True,1399.156337,2
2646,1774174401.069243,1774177009.463441,1312,39,160.776783,101.171041,1.568572,True,2447.617416,1
88,1774174400.988327,1774174664.705281,862,379,262.126053,11.702711,0.662496,True,1.590902,1
259,1774174400.993721,1774175136.569072,1065,411,732.159230,447.560557,0.694143,True,3.416121,2
947,1774174401.015107,1774175231.969285,414,101,297.837043,147.162288,1.506748,True,533.117136,1
1712,1774174401.040464,1774175867.398284,18,128,189.624363,75.663110,0.897333,True,1276.733457,1
2477,1774174401.064001,1774177041.420887,972,396,403.451864,112.499691,0.736588,True,2236.905022,1
1882,1774174401.045719,1774176149.365240,400,90,348.546725,272.629836,0.852999,True,1399.772796,2
2647,1774174401.069271,1774177093.097516,1639,87,244.399479,94.355306,1.744700,True,2447.628766,1
89,1774174400.988355,1774175165.205020,859,422,762.615467,475.134612,0.682852,True,1.601197,2
260,1774174400.993751,1774174712.832730,181,241,308.412346,26.858712,1.173140,True,3.426633,1
948,1774174401.015136,1774174986.203088,396,102,51.843764,3.788790,0.475792,True,533.344188,1
1713,1774174401.040493,1774176211.401057,12,231,533.616412,412.229025,0.527771,True,1276.744152,2
2478,1774174401.064032,1774177068.073823,402,135,430.094098,266.371468,1.221811,True,2236.915694,1
2648,1774174401.069300,1774177680.260567,1039,417,831.460006,398.392647,1.041027,True,2447.731261,2
90,1774174400.988384,1774174881.235683,890,402,478.635062,19.147117,1.145855,True,1.612237,1
261,1774174400.993782,1774174635.555846,1314,137,231.124698,51.288355,1.322326,True,3.437366,1
949,1774174401.015168,1774174997.131165,1865,122,62.760655,3.777725,0.487462,True,533.355341,1
1714,1774174401.040524,1774176471.796105,1271,423,792.718071,388.916105,0.956877,True,1278.037510,2
2479,1774174401.064061,1774177630.584179,1183,501,992.593599,601.816442,0.781554,True,2236.926519,2
1884,1774174401.045792,1774176358.694988,1052,415,555.394705,309.653928,0.593577,True,1402.254492,2
2649,1774174401.069329,1774177939.255546,1035,605,1083.137579,381.096104,1.162320,True,2455.048637,2
91,1774174400.988428,1774175150.670318,1192,419,748.058793,481.743612,0.637118,True,1.623096,2
262,1774174400.993811,1774174532.370842,181,128,127.928207,51.505123,0.601757,True,3.448823,1
950,1774174401.015199,1774175230.393136,390,83,294.576616,179.288304,1.405955,True,534.801322,1
1715,1774174401.040553,1774175818.151147,434,77,136.259911,51.960155,1.109207,True,1280.850683,1
2480,1774174401.064098,1774177978.832998,1025,916,1340.831389,612.185506,0.796334,True,2236.937510,2
1885,1774174401.045822,1774176469.260702,1020,420,664.578635,308.271843,0.850374,True,1403.636246,2
2650,1774174401.069358,1774177667.584890,1082,419,809.407952,410.774266,0.953669,True,2457.107580,2
92,1774174400.988459,1774175311.544464,899,403,908.922099,417.122949,1.223381,True,1.633906,2
263,1774174400.993840,1774174583.256547,163,205,178.803487,40.698023,0.676988,True,3.459220,1
951,1774174401.015227,1774176486.388997,1083,429,1547.874952,1069.609406,1.117443,True,537.498818,3
1716,1774174401.040583,1774176258.814176,1050,362,576.799688,432.726377,0.399095,True,1280.973906,2
2481,1774174401.064127,1774177009.238875,373,88,370.340927,188.855972,2.086034,True,2237.833821,1
1886,1774174401.045852,1774176225.622924,410,99,418.782543,363.159101,0.567586,True,1405.794529,2
93,1774174400.988491,1774174601.281287,163,224,198.648261,17.553482,0.812084,True,1.644534,1
264,1774174400.993869,1774174599.155519,2,93,194.691794,46.997398,1.605374,True,3.469857,1
952,1774174401.015255,1774175007.213812,373,69,68.688709,6.720452,0.911298,True,537.509847,1
1717,1774174401.040611,1774176342.090692,1069,410,660.065334,395.585774,0.646649,True,1280.984747,2
2482,1774174401.064156,1774176765.170158,387,67,125.371934,90.238993,0.532317,True,2238.734068,1
1887,1774174401.045881,1774176312.117549,998,385,502.122157,257.998901,0.635738,True,1408.949511,2
2652,1774174401.069428,1774177519.224504,1234,393,657.818425,319.604831,0.862790,True,2460.336651,2
94,1774174400.988521,1774174586.499945,181,212,183.856111,19.296334,0.779904,True,1.655313,1
265,1774174400.993898,1774174578.269058,1314,203,173.794387,55.615610,0.585043,True,3.480773,1
953,1774174401.015284,1774175236.421963,401,89,297.855211,176.537907,1.378606,True,537.551467,1
1718,1774174401.040640,1774175770.733933,242,14,88.698445,64.493124,1.861948,True,1280.994848,1
2483,1774174401.064185,1774176894.748288,1315,188,254.287914,92.375398,0.865842,True,2239.396189,1
1888,1774174401.045910,1774176459.777817,1120,419,649.668073,223.044614,1.020630,True,1409.063834,2
2653,1774174401.069459,1774177529.838291,1012,394,664.299321,403.411973,0.663835,True,2464.469512,2
95,1774174400.988553,1774174505.023879,416,88,102.369916,11.627541,1.043016,True,1.665410,1
266,1774174400.993930,1774175086.818476,1056,394,682.333570,443.237948,0.608386,True,3.490977,2
954,1774174401.015313,1774175115.582719,203,183,176.903075,7.962642,0.928244,True,537.664331,1
1719,1774174401.040668,1774176400.021748,1116,451,717.841835,407.833538,0.688907,True,1281.139245,2
2484,1774174401.064213,1774176821.812025,1315,154,181.340891,96.215724,0.556374,True,2239.406921,1
1889,1774174401.045939,1774176297.401477,1112,394,486.323417,289.393681,0.501093,True,1410.032122,2
2654,1774174401.069487,1774177366.192171,386,84,500.546703,371.568710,1.553952,True,2464.575980,2
96,1774174400.988584,1774175414.407349,1163,426,1011.742589,464.302834,1.288094,True,1.676176,2
267,1774174400.993959,1774175190.586471,978,442,786.090331,451.861440,0.757889,True,3.502181,2
955,1774174401.015341,1774175337.050899,1233,377,398.340018,15.714560,1.017621,True,537.695540,1
1720,1774174401.040697,1774176348.150606,998,411,665.959428,393.266341,0.665105,True,1281.150481,2
2485,1774174401.064241,1774176789.376013,58,111,143.346057,90.656504,0.478996,True,2244.965714,1
1890,1774174401.045968,1774176497.713808,973,565,686.460838,270.150273,0.738139,True,1410.207003,2
2655,1774174401.069516,1774177576.501570,1089,396,710.753072,398.201069,0.791271,True,2464.678982,2
97,1774174400.988613,1774174467.603229,243,14,64.927659,25.953254,2.998031,True,1.686958,1
268,1774174400.993991,1774175123.343710,1217,565,718.837388,41.350707,1.201218,True,3.512332,1
956,1774174401.015369,1774175505.317138,1133,429,566.501461,78.890650,1.139278,True,537.800308,1
1721,1774174401.040725,1774176336.050172,1103,393,653.269047,315.201506,0.862417,True,1281.740400,2
2486,1774174401.064269,1774176978.985008,957,74,330.038332,178.807149,2.071660,True,2247.882406,1
1891,1774174401.045996,1774176172.890647,1351,148,359.412206,271.489788,0.598112,True,1412.432445,2
2656,1774174401.069545,1774177438.299049,391,107,572.540024,512.029281,0.570856,True,2464.689480,2
98,1774174400.988644,1774174960.227871,1041,428,557.542337,13.822630,1.273348,True,1.696891,1
269,1774174400.994021,1774174695.666532,1056,398,291.149371,49.537338,0.608595,True,3.523139,1
957,1774174401.015397,1774175280.769182,1199,396,340.330300,27.185722,0.792771,True,539.423485,1
1722,1774174401.040754,1774176975.904553,1163,418,1288.843463,988.750073,0.719648,True,1286.020337,3
2487,1774174401.064297,1774176932.285974,647,46,283.328549,181.075576,2.272288,True,2247.893127,1
1892,1774174401.046024,1774176180.496366,16,163,366.904195,278.049846,0.548484,True,1412.546146,2
2657,1774174401.069574,1774177813.761925,1037,425,947.623526,419.161348,1.246373,True,2465.068825,2
99,1774174400.988672,1774174541.814380,1350,146,139.117616,27.941142,0.766734,True,1.708091,1
270,1774174400.994050,1774175194.931529,951,445,790.403708,462.536077,0.738441,True,3.533771,2
958,1774174401.015441,1774175242.051083,1226,95,301.099541,179.966788,1.288646,True,539.936101,1
1723,1774174401.040782,1774176540.913152,1065,474,853.758237,424.634772,0.907238,True,1286.114133,2
2488,1774174401.064328,1774177709.599271,1022,426,1056.112633,640.674237,0.977502,True,2252.422310,2
1893,1774174401.046056,1774176313.783373,1069,396,500.179605,240.524207,0.657355,True,1412.557712,2
2658,1774174401.069603,1774177045.739821,1412,94,176.468068,79.314497,1.044662,True,2468.202150,1
100,1774174400.988701,1774175367.242160,1104,396,964.534572,554.856748,1.037159,True,1.718887,2
271,1774174400.994079,1774175106.056262,1233,401,701.518221,466.621766,0.587241,True,3.543962,2
959,1774174401.015479,1774175401.385111,1031,397,460.162533,10.755980,1.134865,True,540.207099,1
1724,1774174401.040810,1774176177.082906,1063,93,489.916295,410.075685,0.867833,True,1286.125801,2
2489,1774174401.064359,1774176953.240070,382,54,299.525855,176.318899,2.324660,True,2252.649856,1
1894,1774174401.046085,1774176224.023948,1316,193,410.235616,258.818574,0.788630,True,1412.742247,2
2659,1774174401.069638,1774177008.829530,635,66,139.270079,40.885132,1.513615,True,2468.489812,1
101,1774174400.988729,1774174960.455971,1127,426,557.737344,23.817437,1.256282,True,1.729898,1
272,1774174400.994108,1774174557.380081,1317,169,152.831263,55.541670,0.579105,True,3.554710,1
960,1774174401.015507,1774175182.017728,206,189,240.784219,10.745003,1.223613,True,540.218002,1
1725,1774174401.040839,1774175828.524710,398,95,138.953886,39.720027,1.055679,True,1288.529985,1
2490,1774174401.064387,1774176787.060993,392,104,129.650688,79.276244,0.489072,True,2256.345918,1
1895,1774174401.046114,1774176591.668407,1025,514,777.868304,219.354353,1.088721,True,1412.753989,2
2660,1774174401.069667,1774177006.329057,593,56,136.543266,56.906600,1.447939,True,2468.716124,1
102,1774174400.988758,1774175141.452183,1114,414,738.722439,432.372638,0.741767,True,1.740986,2
273,1774174400.994136,1774175090.593739,1103,520,686.034851,51.160568,1.223265,True,3.564752,1
961,1774174401.015537,1774175841.393974,980,516,898.500787,522.038553,0.730995,True,541.877651,2
1726,1774174401.040871,1774175885.603770,874,169,195.917899,49.293042,0.872767,True,1288.645000,1
1896,1774174401.046145,1774176142.118836,2006,77,327.433024,260.771109,0.877130,True,1413.639666,2
2661,1774174401.069696,1774177045.686268,919,100,175.787313,40.545989,1.366074,True,2468.829260,1
103,1774174400.988786,1774175073.696197,1083,396,670.955234,440.546767,0.583313,True,1.752178,2
274,1774174400.994164,1774174788.739755,887,375,384.169545,46.891273,0.901814,True,3.576046,1
962,1774174401.015565,1774175028.174296,167,179,85.004213,6.191487,0.442768,True,542.154518,1
1727,1774174401.040900,1774176370.237474,1056,417,680.499488,383.710450,0.713435,True,1288.697086,2
2492,1774174401.064457,1774177559.257491,1057,398,896.671826,621.607768,0.692857,True,2261.521207,2
1897,1774174401.046174,1774176133.104609,378,51,317.958874,245.653423,1.446109,True,1414.099562,2
2662,1774174401.069725,1774177060.840303,422,110,190.930532,48.866863,1.303336,True,2468.840046,1
104,1774174400.988817,1774174666.532821,1313,173,263.781485,18.996855,1.423166,True,1.762520,1
275,1774174400.994192,1774174845.388645,1123,396,440.807420,41.276482,1.011471,True,3.587033,1
963,1774174401.015594,1774175107.730870,405,128,162.998005,2.208812,1.266057,True,543.717271,1
1728,1774174401.040928,1774175822.783339,1116,79,132.993889,52.066160,1.037535,True,1288.748522,1
2493,1774174401.064487,1774177674.116916,1129,416,1010.450295,583.526564,1.028732,True,2262.602135,2
1898,1774174401.046202,1774176308.363950,1036,398,492.941568,279.038839,0.538798,True,1414.376180,2
2663,1774174401.069840,1774177053.684452,395,100,183.763915,48.856183,1.362704,True,2468.850697,1
105,1774174400.988848,1774174673.944966,888,395,271.182818,21.631733,0.633378,True,1.773299,1
276,1774174400.994221,1774174664.705091,1095,379,260.112468,45.355196,0.568141,True,3.598403,1
964,1774174401.015622,1774175026.465378,376,62,80.913982,57.219271,0.388438,True,544.535774,1
1729,1774174401.040956,1774176308.250936,1044,396,618.398623,387.758850,0.583898,True,1288.811356,2
2494,1774174401.064515,1774176950.657924,1358,51,284.878466,168.329851,2.330972,True,2264.714942,1
1899,1774174401.046230,1774176489.448658,1042,558,672.887189,277.900118,0.709133,True,1415.515239,2
106,1774174400.988877,1774174532.656448,13,130,129.883665,25.855917,0.806417,True,1.783907,1
277,1774174400.994249,1774174933.415744,1079,419,528.812956,51.117036,1.142813,True,3.608540,1
965,1774174401.015651,1774175160.943011,1313,169,215.040272,14.194081,1.195513,True,544.887089,1
1730,1774174401.040984,1774176413.461919,1075,466,723.598856,372.999466,0.753977,True,1288.822078,2
2495,1774174401.064545,1774177633.378850,1004,413,967.484547,541.539516,1.033847,True,2264.829759,2
1900,1774174401.046259,1774176259.716112,1089,372,442.806123,252.570388,0.512765,True,1415.863730,2
2665,1774174401.069899,1774177482.628106,973,393,611.148360,382.592389,0.583051,True,2470.409847,2
107,1774174400.988905,1774174504.802069,874,89,102.018455,27.854207,0.842776,True,1.794709,1
278,1774174400.994278,1774175153.873937,1073,420,749.260676,458.124668,0.694835,True,3.618982,2
966,1774174401.015679,1774175219.707566,1320,239,273.793974,16.967192,1.079104,True,544.897912,1
1731,1774174401.041012,1774175836.246243,401,89,144.791026,64.553040,0.911795,True,1290.414205,1
2496,1774174401.064574,1774177002.834803,391,97,333.842988,102.659755,2.408159,True,2267.927241,1
1901,1774174401.046288,1774176919.019126,1146,395,1100.863921,871.277768,0.582706,True,1417.108917,3
2666,1774174401.069928,1774177044.478237,1333,86,172.987874,82.492387,1.064653,True,2470.420435,1
108,1774174400.988942,1774175097.982107,1065,395,695.188033,449.176222,0.624395,True,1.805132,2
279,1774174400.994311,1774175136.798046,1147,413,732.173943,455.978599,0.670377,True,3.629793,2
967,1774174401.015711,1774175097.719342,1052,101,151.794647,26.735924,1.250587,True,544.908984,1
1732,1774174401.041044,1774176477.261646,1044,524,782.955988,366.493693,0.796295,True,1293.264614,2
2497,1774174401.064602,1774177583.660927,1004,399,912.270023,633.414555,0.700642,True,2270.326302,2
1902,1774174401.046327,1774176354.496372,1011,411,536.331146,235.962040,0.732608,True,1417.118898,2
2667,1774174401.069957,1774177519.224307,1021,393,645.578791,319.546603,0.831715,True,2472.575560,2
109,1774174400.988971,1774175179.393103,1157,426,776.588682,449.165739,0.770407,True,1.815450,2
280,1774174400.994340,1774174567.230848,212,183,162.595550,51.312572,0.611445,True,3.640958,1
968,1774174401.015741,1774176753.036584,1060,658,1806.925549,1076.732724,1.111405,True,545.095294,3
1733,1774174401.041073,1774175887.610738,1312,157,193.242442,62.293562,0.839416,True,1293.327222,1
2498,1774174401.064633,1774177688.829368,989,426,1015.172734,538.648086,1.121234,True,2272.592001,2
1903,1774174401.046368,1774176277.640265,981,382,459.310510,240.172422,0.575166,True,1417.283387,2
2668,1774174401.069985,1774177660.128927,1143,414,786.381328,450.031280,0.814407,True,2472.677614,2
110,1774174400.989000,1774174693.160885,1077,390,290.345493,11.466195,0.716913,True,1.826392,1
281,1774174400.994381,1774174500.386183,411,81,95.740046,40.504988,0.690438,True,3.651756,1
969,1774174401.015770,1774175800.178671,1049,395,853.890175,446.834667,1.033136,True,545.272726,2
1734,1774174401.041101,1774176320.630596,1039,398,626.209728,397.221513,0.576797,True,1293.379767,2
2499,1774174401.064660,1774176821.812198,459,90,147.814958,95.938485,0.582882,True,2272.932580,1
1904,1774174401.046398,1774176449.998408,1138,414,630.138632,208.710554,1.020407,True,1418.813378,2
2669,1774174401.070014,1774177696.663586,1061,427,820.066656,376.591208,1.041022,True,2475.526915,2
111,1774174400.989028,1774175116.609543,1149,411,713.782808,450.713962,0.641631,True,1.837706,2
282,1774174400.994425,1774174497.322787,380,76,92.665401,55.433452,0.496426,True,3.662962,1
970,1774174401.015799,1774175004.074360,408,104,56.208705,2.033712,0.525971,True,546.849856,1
1735,1774174401.041130,1774177043.031334,1027,390,1348.547386,913.588834,1.118145,True,1293.442818,3
2500,1774174401.064689,1774176996.514876,373,80,322.414853,168.606734,1.946938,True,2273.035334,1
1905,1774174401.046442,1774176463.470124,1163,418,642.977366,177.489633,1.116278,True,1419.446316,2
2670,1774174401.070043,1774177349.612135,387,52,472.902838,432.938780,0.783609,True,2475.639254,2
112,1774174400.989057,1774174664.758690,996,389,261.922165,25.791939,0.608583,True,1.847469,1
283,1774174400.994456,1774175216.873405,990,468,812.205837,479.687586,0.712031,True,3.673111,2
971,1774174401.015828,1774175008.502110,91,16,59.068771,53.337250,0.382101,True,548.417512,1
1736,1774174401.041158,1774175826.699346,395,93,132.205099,34.796120,1.058793,True,1293.453089,1
2501,1774174401.064718,1774177750.056840,1147,448,1073.213960,525.526347,1.225252,True,2275.778162,2
1906,1774174401.046471,1774176364.781836,1087,417,543.786731,270.647187,0.656585,True,1419.948634,2
2671,1774174401.070071,1774177053.913476,401,107,175.332313,48.111217,1.200199,True,2477.511091,1
113,1774174400.989089,1774174827.317085,990,394,424.469134,13.660963,1.045313,True,1.858862,1
284,1774174400.994487,1774174925.303216,1106,414,520.624979,46.783213,1.147317,True,3.683750,1
972,1774174401.015857,1774175595.576690,1313,234,645.916199,500.535118,0.623953,True,548.644633,2
1737,1774174401.041186,1774176408.131035,1133,423,713.626093,414.235530,0.709456,True,1293.463755,2
2502,1774174401.064746,1774177020.585546,1280,91,341.539241,162.976234,1.984033,True,2277.981559,1
1907,1774174401.046501,1774176608.866709,1138,517,787.819941,290.742913,0.963328,True,1420.000267,2
2672,1774174401.070099,1774177501.559189,1045,397,622.865809,384.060382,0.603044,True,2477.623281,2
114,1774174400.989117,1774174567.231121,197,183,164.372881,27.779783,0.750512,True,1.869123,1
285,1774174400.994517,1774174677.623016,1117,396,272.933974,56.112461,0.548915,True,3.694525,1
973,1774174401.015885,1774175575.030318,206,186,624.828600,533.093279,0.495867,True,549.185833,2
1738,1774174401.041214,1774177098.732561,1156,565,1404.196938,1003.178472,0.711026,True,1293.494409,3
2503,1774174401.064776,1774177641.052225,1037,410,961.903103,630.498928,0.810279,True,2278.084347,2
1908,1774174401.046530,1774176443.232259,1160,468,622.174265,281.357427,0.729801,True,1420.011463,2
2673,1774174401.070132,1774177729.411218,1030,631,850.706778,396.028328,0.721712,True,2477.634308,2
115,1774174400.989146,1774174593.512158,197,217,190.642739,29.969115,0.743859,True,1.880274,1
286,1774174400.994553,1774174686.404398,1147,396,281.704423,49.354596,0.588227,True,3.705422,1
974,1774174401.015914,1774175093.113663,128,159,141.770021,54.791441,0.550497,True,550.327728,1
1739,1774174401.041242,1774176472.556775,1082,522,778.009510,388.565457,0.747493,True,1293.506023,2
2504,1774174401.064804,1774176800.851924,869,47,117.688768,96.093314,0.469466,True,2282.098352,1
1909,1774174401.046559,1774176213.203211,21,165,392.135109,216.877350,1.068645,True,1420.021543,2
2674,1774174401.070162,1774177051.609573,1065,86,171.592398,83.689858,1.034148,True,2478.947013,1
116,1774174400.989177,1774175116.498712,1378,407,713.618395,459.857898,0.625026,True,1.891141,2
287,1774174400.994585,1774174666.758966,127,178,262.048854,41.147056,1.248033,True,3.715528,1
975,1774174401.015945,1774175325.552432,1150,375,373.431693,4.416961,0.986670,True,551.104794,1
1740,1774174401.041270,1774176266.793794,1126,375,572.236144,388.554904,0.491126,True,1293.516381,2
2505,1774174401.064836,1774176989.967976,371,69,306.568650,177.650498,1.895855,True,2282.334490,1
1910,1774174401.046588,1774176269.586672,1091,378,446.856883,290.224104,0.415472,True,1421.683202,2
2675,1774174401.070195,1774177688.829574,1117,426,808.028580,408.263974,0.940623,True,2479.730799,2
117,1774174400.989208,1774174941.216896,1214,421,538.325767,23.644738,1.225431,True,1.901921,1
288,1774174400.994613,1774175414.407548,1021,428,1009.686762,458.057359,1.291872,True,3.726172,2
976,1774174401.015974,1774175498.855514,1196,425,544.304622,66.496428,1.126906,True,553.534918,1
1741,1774174401.041301,1774176201.096517,1314,210,506.527821,401.563426,0.502222,True,1293.527395,2
2506,1774174401.064867,1774177625.398979,1094,411,940.432496,572.096734,0.898380,True,2283.901616,2
1911,1774174401.046620,1774176337.376595,1149,407,514.584275,265.038205,0.614645,True,1421.745700,2
2676,1774174401.070223,1774177041.191159,393,93,159.373299,52.406484,1.162683,True,2480.747638,1
118,1774174400.989238,1774174788.739927,1016,375,385.838438,18.846466,0.981262,True,1.912251,1
289,1774174400.994643,1774175349.605223,1081,394,944.874293,479.037068,1.185336,True,3.736287,2
977,1774174401.016005,1774175042.978791,406,102,88.128326,51.284371,0.364792,True,553.834460,1
1742,1774174401.041330,1774176290.022301,1062,373,593.228441,380.254754,0.572510,True,1295.752530,2
2507,1774174401.064899,1774177732.391310,1108,442,1043.168733,630.168610,0.936508,True,2288.157678,2
1912,1774174401.046649,1774176169.503042,1378,85,345.415479,218.660425,1.508989,True,1423.040914,2
2677,1774174401.070251,1774177792.036907,1109,378,909.119118,448.908079,1.220719,True,2481.847538,2
119,1774174400.989266,1774175101.139118,1186,398,698.227288,457.690588,0.605886,True,1.922564,2
290,1774174400.994672,1774174836.861241,1104,394,432.119223,50.977629,0.969826,True,3.747346,1
978,1774174401.016034,1774175227.330541,388,92,271.587638,126.549076,1.593830,True,554.726869,1
1743,1774174401.041362,1774175861.664592,238,14,164.317808,139.598881,1.901456,True,1296.305423,1
2508,1774174401.064928,1774176965.497794,394,79,275.714607,120.645407,1.988067,True,2288.718259,1
1913,1774174401.046678,1774176318.420251,1013,397,492.634200,287.732236,0.517429,True,1424.739373,2
2678,1774174401.070283,1774177001.044289,696,43,117.134740,42.782775,1.770285,True,2482.839267,1
120,1774174400.989295,1774174952.109693,1100,426,549.187448,13.585886,1.260239,True,1.932950,1
291,1774174400.994701,1774175423.791996,1149,429,1019.039640,528.188280,1.146849,True,3.757655,2
979,1774174401.016062,1774175689.787770,980,396,733.993501,490.551113,0.616310,True,554.778207,2
1744,1774174401.041393,1774176663.655817,1313,181,965.095058,661.817145,1.684877,True,1297.519366,2
2509,1774174401.064956,1774177034.272152,849,100,341.895595,156.076551,1.876960,True,2291.311601,1
1914,1774174401.046707,1774176339.564572,1053,408,513.603323,236.901116,0.679858,True,1424.914542,2
2679,1774174401.070312,1774177051.895160,181,105,167.975355,42.772243,1.203876,True,2482.849494,1
121,1774174400.989324,1774174583.024865,218,217,180.092152,21.461271,0.734402,True,1.943388,1
292,1774174400.994730,1774174501.615769,399,86,96.852852,45.184162,0.607867,True,3.768188,1
980,1774174401.016093,1774175156.234693,173,158,198.529146,14.954963,1.169262,True,556.689454,1
1745,1774174401.041434,1774176409.093767,1200,406,707.877556,375.832271,0.819865,True,1300.174777,2
2510,1774174401.064988,1774177020.695406,403,86,328.215266,168.569467,1.878186,True,2291.415153,1
1915,1774174401.046736,1774176932.745539,1049,398,1106.094979,839.129124,0.672458,True,1425.603824,3
2680,1774174401.070352,1774177522.909168,1212,406,638.936494,378.781429,0.642358,True,2482.902322,2
122,1774174400.989353,1774175150.785923,1232,419,747.842263,459.794313,0.689110,True,1.954307,2
293,1774174400.994758,1774174810.585154,1127,385,405.811813,46.688128,0.935218,True,3.778583,1
981,1774174401.016122,1774175224.671070,407,91,266.368268,122.992208,1.593067,True,557.286680,1
1746,1774174401.041464,1774175879.692739,413,137,177.443622,62.024974,0.848667,True,1301.207653,1
2511,1774174401.065016,1774177417.858693,1314,152,724.705734,616.495131,0.716627,True,2292.087944,2
1916,1774174401.046765,1774176150.720456,1474,94,324.018516,252.870623,0.765031,True,1425.655175,2
2681,1774174401.070382,1774177543.270991,1070,415,656.206171,405.115314,0.606500,True,2485.994437,2
123,1774174400.989381,1774175146.304512,975,416,743.350081,457.648167,0.688438,True,1.965050,2
294,1774174400.994787,1774174585.876897,766,85,181.092804,41.072924,1.666903,True,3.789306,1
982,1774174401.016150,1774175412.619723,963,407,452.385033,6.076258,1.099283,True,559.218540,1
1747,1774174401.041492,1774176262.601086,1054,374,560.300927,342.259681,0.584561,True,1301.258667,2
2512,1774174401.065044,1774177493.753475,1063,374,798.040031,603.298443,0.522095,True,2294.648400,2
1917,1774174401.046794,1774176119.189919,243,14,290.662342,256.440687,2.632435,True,1427.480784,2
2682,1774174401.070425,1774177375.597382,1314,191,488.522170,402.666507,0.451872,True,2486.004788,2
124,1774174400.989422,1774174593.512167,209,217,190.547389,29.873393,0.743861,True,1.975356,1
295,1774174400.994819,1774174677.623293,1073,396,272.828485,56.006471,0.548916,True,3.799989,1
983,1774174401.016178,1774175027.763721,1808,56,67.301745,5.849083,1.117321,True,559.445798,1
1748,1774174401.041520,1774176723.112944,1059,622,1019.507077,398.517282,0.999984,True,1302.564347,2
2513,1774174401.065073,1774176974.664542,851,85,278.837742,118.303382,1.911123,True,2294.761727,1
1918,1774174401.046826,1774176152.202861,401,95,323.436991,225.361690,1.043354,True,1427.719044,2
2683,1774174401.070456,1774177527.390875,1126,403,640.213111,393.999972,0.612470,True,2486.107308,2
125,1774174400.989456,1774174579.337862,181,85,176.362415,23.560447,1.819071,True,1.985990,1
296,1774174400.994851,1774174469.633522,91,16,64.827659,49.248704,1.038597,True,3.811012,1
984,1774174401.016207,1774175032.814215,379,59,72.227186,12.073509,1.037132,True,559.570822,1
1749,1774174401.041549,1774176344.758775,1050,411,640.922453,392.296003,0.606406,True,1302.794773,2
2514,1774174401.065101,1774177006.882613,902,75,308.383398,166.909155,1.911814,True,2297.434114,1
1919,1774174401.046856,1774176185.542871,430,106,356.457278,282.704195,0.702410,True,1428.038738,2
2684,1774174401.070489,1774177008.945181,407,53,121.663708,58.941627,1.206194,True,2486.210984,1
126,1774174400.989488,1774174836.746333,1029,388,433.760069,33.163735,1.035133,True,1.996777,1
297,1774174400.994879,1774175107.901283,922,402,703.085098,440.909399,0.653805,True,3.821306,2
985,1774174401.016236,1774175232.372447,413,96,271.589729,134.262506,1.445550,True,559.766482,1
1750,1774174401.041579,1774176971.882908,1069,419,1267.881246,951.472659,0.756958,True,1302.960084,3
2515,1774174401.065130,1774177006.771342,385,78,308.045820,156.927151,1.962580,True,2297.660392,1
1920,1774174401.046885,1774176364.610518,1044,415,534.883152,255.241087,0.675464,True,1428.680480,2
2685,1774174401.070519,1774177788.351928,1030,429,901.059931,442.027875,1.072505,True,2486.221478,2
127,1774174400.989516,1774174923.465070,888,418,520.468155,13.511127,1.215724,True,2.007398,1
298,1774174400.994908,1774174597.378094,1314,220,192.551124,51.698549,0.643162,True,3.832062,1
986,1774174401.016272,1774175884.465371,1146,425,922.606719,474.805788,1.056134,True,560.842380,2
1751,1774174401.041610,1774176372.783370,1085,426,668.770825,348.294801,0.754061,True,1302.970934,2
2516,1774174401.065162,1774177612.361982,1039,410,908.970911,595.620811,0.766137,True,2302.325909,2
1921,1774174401.046914,1774176320.630395,1179,398,488.663907,272.542258,0.544387,True,1430.919574,2
2686,1774174401.070548,1774177801.617781,1999,94,914.211133,646.090009,2.883023,True,2486.336099,2
128,1774174400.989545,1774174656.367376,1113,375,253.359263,31.672609,0.592745,True,2.018569,1
299,1774174400.994936,1774175086.763122,1049,396,681.925402,440.888234,0.610221,True,3.842784,2
987,1774174401.016304,1774175694.474945,1060,397,730.893470,509.929812,0.557989,True,562.565171,2
1752,1774174401.041639,1774176986.558192,1012,434,1282.442817,969.241282,0.723329,True,1303.073736,3
2517,1774174401.065190,1774177625.398783,1094,411,921.997414,553.661806,0.898380,True,2302.336179,2
1922,1774174401.046942,1774176333.180620,1175,401,500.986483,228.605180,0.680953,True,1431.147196,2
2687,1774174401.070583,1774177451.146752,1057,374,560.241208,382.173455,0.477393,True,2489.834961,2
129,1774174400.989573,1774175257.645736,1035,520,854.626246,481.336069,0.719249,True,2.029917,2
300,1774174400.995079,1774175101.083232,1048,399,696.235185,440.877486,0.641602,True,3.852968,2
988,1774174401.016336,1774175590.097856,191,217,624.370163,490.924409,0.617804,True,564.711357,2
1753,1774174401.041669,1774175811.245979,1537,51,107.119706,59.921896,0.943956,True,1303.084603,1
2518,1774174401.065219,1774177604.560181,981,409,892.790113,557.181055,0.822571,True,2310.704849,2
1923,1774174401.046973,1774176358.043164,1034,395,525.652469,205.554905,0.812430,True,1431.343721,2
2688,1774174401.070611,1774177083.062053,404,130,192.146007,55.306692,1.060770,True,2489.845434,1
130,1774174400.989605,1774174957.694664,1009,425,554.664474,23.505876,1.252733,True,2.040585,1
301,1774174400.995110,1774174878.763519,1180,404,473.904880,50.860980,1.049737,True,3.863529,1
989,1774174401.016365,1774175225.191659,394,93,258.836706,103.121456,1.692557,True,565.338588,1
1754,1774174401.041698,1774175816.907118,401,80,111.734202,26.578110,1.077925,True,1304.131217,1
2519,1774174401.065247,1774177031.237558,1999,97,319.423227,187.252395,1.376779,True,2310.749083,1
1924,1774174401.047005,1774176130.157569,1951,46,296.362842,264.422784,0.709779,True,1432.747722,2
2689,1774174401.070640,1774177514.893960,1001,403,623.925040,363.103197,0.648811,True,2489.898281,2
131,1774174400.989633,1774175001.758873,869,450,598.718582,33.109399,1.259709,True,2.050657,1
302,1774174400.995143,1774174583.025141,194,217,178.155993,55.932162,0.565851,True,3.874005,1
990,1774174401.016393,1774175429.892902,1204,412,463.218369,3.659542,1.118148,True,565.658140,1
1755,1774174401.041730,1774177914.905999,1158,589,2207.439883,1504.838652,1.194900,True,1306.424387,4
2520,1774174401.065275,1774177016.213806,386,79,304.223685,159.266358,1.858427,True,2310.924846,1
1925,1774174401.047033,1774176304.242138,1134,394,467.994908,235.107117,0.592590,True,1435.200197,2
2690,1774174401.070669,1774177750.056537,1131,426,858.311755,440.080979,0.984072,True,2490.674114,2
132,1774174400.989661,1774175174.791901,1183,431,771.740164,488.001064,0.659858,True,2.062076,2
303,1774174400.995176,1774174686.404227,1063,396,281.523769,49.174213,0.588227,True,3.885282,1
991,1774174401.016436,1774175229.373774,197,217,262.586209,54.259710,0.964475,True,565.771129,1
1756,1774174401.041769,1774176781.379436,1028,396,1072.760889,418.818733,1.655550,True,1307.576778,2
2521,1774174401.065304,1774177411.200541,1315,144,699.199026,520.457454,1.249941,True,2310.936212,2
1926,1774174401.047061,1774176154.182596,415,101,317.873607,253.704511,0.641691,True,1435.261928,2
2691,1774174401.070698,1774177373.768177,1722,92,481.908336,340.598959,1.552850,True,2490.789143,2
133,1774174400.989696,1774174683.801993,972,395,280.739570,25.566397,0.647648,True,2.072727,1
304,1774174400.995206,1774174587.409400,206,217,182.518129,51.056604,0.608618,True,3.896065,1
992,1774174401.016469,1774175364.818665,1207,386,397.794202,6.136075,1.017294,True,566.007995,1
1757,1774174401.041818,1774175836.474662,369,57,126.628684,81.690399,0.802469,True,1308.804160,1
2522,1774174401.065332,1774177054.292669,371,100,342.186788,165.267132,1.787067,True,2311.040549,1
1927,1774174401.047090,1774176361.518973,1157,416,525.033392,230.528301,0.709651,True,1435.438491,2
2692,1774174401.070729,1774177054.199208,411,101,160.014283,54.833256,1.051810,True,2493.114196,1
134,1774174400.989724,1774174685.386790,1097,396,282.313452,27.564735,0.644933,True,2.083615,1
305,1774174400.995236,1774174697.498218,1083,386,292.596140,51.623601,0.625903,True,3.906843,1
993,1774174401.016497,1774175141.705066,23,149,174.669911,6.125285,1.138815,True,566.018657,1
1758,1774174401.041847,1774176459.921393,1133,507,749.706812,343.912670,0.801965,True,1309.172734,2
2523,1774174401.065363,1774177027.630641,405,93,313.760906,185.196780,1.397436,True,2312.804372,1
1928,1774174401.047119,1774176204.323350,983,151,366.805792,160.464801,1.375607,True,1436.470439,2
2693,1774174401.070757,1774177089.509940,1349,126,195.220555,80.680861,0.916318,True,2493.218627,1
135,1774174400.989752,1774174568.852521,206,183,165.768180,29.754067,0.747330,True,2.094589,1
306,1774174400.995265,1774175190.756866,1016,436,785.844507,445.029151,0.783484,True,3.917094,2
994,1774174401.016527,1774175095.124058,396,95,126.288159,4.859518,1.291794,True,567.819372,1
1759,1774174401.041877,1774176556.818824,1010,485,846.551447,362.340036,1.000437,True,1309.225500,2
2524,1774174401.065497,1774176932.171254,783,45,214.510124,114.890096,2.264092,True,2316.595633,1
1929,1774174401.047147,1774176405.349458,1059,448,566.939407,272.578255,0.658526,True,1437.362904,2
2694,1774174401.070786,1774177393.368740,449,117,498.833230,384.518687,0.985470,True,2493.464725,2
136,1774174400.989780,1774174583.311199,181,208,180.216403,31.585799,0.718022,True,2.105016,1
307,1774174400.995294,1774175174.905787,958,427,769.982623,453.559891,0.742776,True,3.927869,2
995,1774174401.016656,1774175754.718543,923,418,784.759444,499.084109,0.685073,True,568.942442,2
1760,1774174401.041909,1774176981.975668,1066,465,1271.484720,638.265654,1.364696,True,1309.449039,2
2525,1774174401.065536,1774177569.189976,1054,397,848.410036,521.792951,0.824791,True,2319.714404,2
1930,1774174401.047176,1774176271.509328,969,375,432.873657,246.332439,0.498773,True,1437.588495,2
2695,1774174401.070814,1774177381.777050,427,102,487.025589,424.639830,0.617681,True,2493.680646,2
137,1774174400.989808,1774174578.038604,1316,200,174.932558,23.358000,0.761681,True,2.116237,1
308,1774174400.995327,1774174535.327143,91,16,130.393762,46.527935,5.591055,True,3.938055,1
996,1774174401.016688,1774175243.894608,396,96,273.761036,150.784773,1.294487,True,569.116884,1
1761,1774174401.041939,1774176468.325268,1036,422,754.391014,288.796354,1.105926,True,1312.892315,2
2526,1774174401.065565,1774177643.227326,1200,518,921.545125,536.625721,0.744525,True,2320.616637,2
1931,1774174401.047205,1774176139.553225,243,14,299.825458,232.879256,5.149708,True,1438.680562,2
2696,1774174401.070849,1774177367.316278,1333,86,472.553906,332.895818,1.643036,True,2493.691522,2
138,1774174400.989839,1774175477.706047,908,456,1074.589849,498.485434,1.266164,True,2.126359,2
309,1774174400.995356,1774174540.069926,335,18,135.125644,40.913143,5.541912,True,3.948925,1
997,1774174401.016718,1774175744.630687,923,417,774.383661,476.098385,0.717032,True,569.230308,2
1762,1774174401.041968,1774176435.222935,977,407,720.979474,399.274889,0.792376,True,1313.201493,2
2527,1774174401.065595,1774177026.771566,430,86,303.652853,145.203528,1.864110,True,2322.053118,1
1932,1774174401.047234,1774176292.868485,1011,373,453.037737,228.163590,0.604500,True,1438.783514,2
2697,1774174401.070878,1774177561.722736,1131,433,665.206484,388.783785,0.639867,True,2495.445374,2
139,1774174400.989867,1774174938.703205,1094,422,535.576736,28.152572,1.205283,True,2.136601,1
310,1774174400.995385,1774174522.478765,895,114,117.523490,55.845867,0.545820,True,3.959890,1
998,1774174401.016748,1774175745.844733,1262,415,774.027398,472.690922,0.727866,True,570.800587,2
1763,1774174401.041997,1774176348.150965,1097,411,633.896964,361.203261,0.665107,True,1313.212004,2
2528,1774174401.065629,1774177520.557227,1039,404,795.637206,508.604620,0.712240,True,2323.854392,2
1933,1774174401.047263,1774176815.237618,1040,385,975.293662,512.683211,1.204715,True,1438.896693,2
2698,1774174401.070906,1774177096.474992,463,164,199.897859,41.385968,0.972466,True,2495.506227,1
140,1774174400.989896,1774174945.897904,996,422,542.760048,23.398571,1.233638,True,2.147960,1
311,1774174400.995431,1774175267.217483,1004,532,862.251042,457.772006,0.761731,True,3.971010,2
999,1774174401.016777,1774175762.396631,1102,427,789.727565,485.942266,0.713111,True,571.652290,2
1764,1774174401.042026,1774175831.960179,396,88,117.695282,37.091836,0.926476,True,1313.222871,1
2529,1774174401.065660,1774177645.427688,1093,411,920.118169,521.883920,0.971303,True,2324.243859,2
1934,1774174401.047291,1774176578.578571,1047,419,738.623993,277.183933,1.103924,True,1438.907287,2
2699,1774174401.070934,1774177385.074767,1317,207,488.445734,395.550769,0.450946,True,2495.558099,2
141,1774174400.989924,1774174504.743849,420,89,101.595939,25.480723,0.864946,True,2.157985,1
312,1774174400.995466,1774174593.453098,194,223,188.476521,50.971244,0.619393,True,3.981112,1
1000,1774174401.016809,1774175026.409055,371,85,53.688304,21.241031,0.386277,True,571.703943,1
1765,1774174401.042058,1774176454.299500,1096,514,739.829014,355.009857,0.750135,True,1313.428428,2
2530,1774174401.065689,1774177991.882946,1014,659,1266.246472,558.556901,1.075516,True,2324.570785,2
1935,1774174401.047320,1774176905.113600,1135,396,1064.409290,820.882365,0.616524,True,1439.656990,3
2700,1774174401.070963,1774177519.427393,979,388,622.166406,412.387069,0.542065,True,2496.190025,2
142,1774174400.989953,1774174664.478982,1112,385,261.320126,27.478878,0.608962,True,2.168903,1
313,1774174400.995495,1774175186.264288,1001,427,781.277415,460.104233,0.753928,True,3.991378,2
1001,1774174401.016837,1774175442.261226,1186,371,468.975138,52.685291,1.125108,True,572.269251,1
1766,1774174401.042086,1774175836.304314,2006,77,121.782515,54.758883,0.881890,True,1313.479713,1
2531,1774174401.065719,1774177468.800045,1069,383,742.062997,531.570969,0.551026,True,2325.671329,2
1936,1774174401.047348,1774176320.910922,1162,401,479.857399,236.557334,0.608250,True,1440.006175,2
2701,1774174401.070991,1774177034.005189,391,86,133.875812,27.791389,1.248052,True,2499.058386,1
143,1774174400.989985,1774175086.763308,1133,396,683.593877,442.556533,0.610221,True,2.179447,2
314,1774174400.995528,1774174687.315239,954,390,282.318090,57.609322,0.577658,True,4.001622,1
1002,1774174401.016869,1774175157.141860,181,111,183.845202,52.674660,1.192459,True,572.279789,1
1767,1774174401.042114,1774176807.666973,1052,667,1091.113666,409.902869,1.022839,True,1315.511192,2
2532,1774174401.065749,1774177643.172992,1056,430,914.912893,552.917802,0.843811,True,2327.194351,2
1937,1774174401.047377,1774176295.849981,1150,395,454.622450,228.252675,0.574543,True,1440.180153,2
2702,1774174401.071019,1774177020.196581,381,71,120.005576,50.738522,0.989529,True,2499.119986,1
144,1774174400.990016,1774175110.971728,890,403,707.791977,431.922759,0.686242,True,2.189735,2
315,1774174400.995555,1774174591.608073,203,217,186.599517,44.938771,0.655837,True,4.013001,1
1003,1774174401.016899,1774175459.368994,1008,373,486.061279,62.951515,1.137392,True,572.290816,1
1768,1774174401.042144,1774176478.117515,1082,428,761.346513,285.959487,1.113319,True,1315.728858,2
2533,1774174401.065778,1774177028.156615,402,92,299.731736,175.926456,1.360498,True,2327.359101,1
1938,1774174401.047405,1774176188.164851,20,177,346.762036,232.045546,0.651798,True,1440.355410,2
2703,1774174401.071048,1774177035.378459,2000,71,135.135761,66.904419,0.974733,True,2499.171650,1
145,1774174400.990044,1774174479.144661,833,36,75.954804,23.273583,1.505178,True,2.199813,1
316,1774174400.995584,1774174656.423445,980,385,251.403934,55.782017,0.509432,True,4.023928,1
1004,1774174401.016932,1774175482.732150,1225,401,509.414202,65.891671,1.108806,True,572.301016,1
1769,1774174401.042177,1774176887.054561,1073,378,1168.971064,959.596537,0.555370,True,1317.041319,3
2534,1774174401.065825,1774177044.653513,1730,107,314.814522,174.918437,1.319774,True,2328.773166,1
1939,1774174401.047451,1774176531.574059,379,70,685.095628,497.445106,2.719573,True,1445.430979,2
2704,1774174401.071077,1774177044.653801,1443,76,144.400808,72.582725,0.957574,True,2499.181917,1
146,1774174400.990073,1774175171.094683,1093,426,767.893826,434.124734,0.785339,True,2.210784,2
317,1774174400.995612,1774174474.546942,91,24,69.516469,56.447634,0.568210,True,4.034861,1
1005,1774174401.016960,1774175760.334889,1181,426,786.645379,501.583669,0.670733,True,572.672550,2
1770,1774174401.042207,1774175872.764796,11,141,153.634000,32.226042,0.867200,True,1318.088589,1
2535,1774174401.065864,1774177969.442693,31,234,1239.048206,803.102113,1.871013,True,2329.328623,2
1940,1774174401.047481,1774176311.556549,1106,396,464.974843,249.550543,0.545378,True,1445.534225,2
2705,1774174401.071109,1774177482.908602,1171,396,582.603043,351.860432,0.584159,True,2499.234450,2
147,1774174400.990102,1774174582.106614,206,211,178.895440,25.417287,0.730848,True,2.221072,1
318,1774174400.995641,1774174513.953235,428,102,108.911234,50.905863,0.574311,True,4.046359,1
1006,1774174401.016989,1774175163.411454,1311,169,189.586902,13.531518,1.047949,True,572.807562,1
1771,1774174401.042235,1774176364.244784,1093,396,643.196342,332.192122,0.787352,True,1320.006207,2
2536,1774174401.065894,1774177021.883565,386,90,291.417323,173.884856,1.320590,True,2329.400348,1
1941,1774174401.047510,1774176152.711478,414,95,306.068703,238.325309,0.720674,True,1445.595266,2
2706,1774174401.071138,1774177523.138667,1103,405,622.823227,370.900742,0.623571,True,2499.244302,2
148,1774174400.990131,1774175207.199159,898,454,803.977099,446.719620,0.788648,True,2.231929,2
319,1774174400.995670,1774174523.922331,878,110,118.868911,51.472180,0.618319,True,4.057750,1
1007,1774174401.017018,1774175296.173869,200,179,321.033702,106.154861,1.207184,True,574.123149,1
1772,1774174401.042264,1774176298.182736,1014,392,576.209693,382.535416,0.495331,True,1320.930779,2
2537,1774174401.065923,1774177028.156430,421,92,295.052641,171.247588,1.360495,True,2332.037867,1
1942,1774174401.047539,1774176345.042472,1072,415,496.221129,207.699877,0.696911,True,1447.773804,2
2707,1774174401.071167,1774177508.920131,1034,402,604.090264,343.460581,0.649949,True,2503.758700,2
149,1774174400.990160,1774174676.887696,1312,180,273.655142,32.917006,1.344906,True,2.242394,1
320,1774174400.995703,1774174555.473765,212,164,150.409086,57.542175,0.569736,True,4.068977,1
1008,1774174401.017046,1774175694.418583,1060,397,719.052056,519.586246,0.503702,True,574.349481,2
1773,1774174401.042292,1774176266.793969,1085,375,544.644437,360.963040,0.491127,True,1321.107240,2
2538,1774174401.065952,1774177404.923070,1351,139,671.399902,473.910830,1.431080,True,2332.457217,2
1943,1774174401.047568,1774176119.132907,238,14,270.198206,247.197445,1.769289,True,1447.887133,2
2708,1774174401.071195,1774177060.603725,928,88,155.538210,71.799794,0.962511,True,2503.994321,1
150,1774174400.990188,1774174845.388463,1129,396,442.144444,28.035605,1.048377,True,2.253832,1
321,1774174400.995732,1774174895.554521,982,411,490.478254,50.643813,1.072767,True,4.080536,1
1009,1774174401.017078,1774175160.721884,763,30,184.061763,111.366054,2.506749,True,575.643044,1
1774,1774174401.042320,1774176425.355967,1174,411,702.877966,324.918536,0.921852,True,1321.435681,2
2539,1774174401.065984,1774177512.865447,1072,401,777.648944,547.969340,0.574199,True,2334.150519,2
1944,1774174401.047596,1774176550.396670,385,87,700.731641,520.607252,2.094470,True,1448.617433,2
2709,1774174401.071228,1774177523.029051,973,405,617.911453,387.062425,0.571408,True,2504.046371,2
151,1774174400.990217,1774174493.843351,375,67,90.588468,29.583553,0.924317,True,2.264667,1
322,1774174400.995762,1774174562.935241,445,174,157.848539,44.860697,0.653109,True,4.090940,1
1010,1774174401.017107,1774175292.571430,1353,181,311.621236,105.033828,1.147708,True,579.933087,1
1775,1774174401.042365,1774176277.358786,1094,378,553.078236,349.168092,0.540876,True,1323.238185,2
2540,1774174401.066015,1774177672.717884,1144,550,937.040637,531.538237,0.738620,True,2334.611231,2
1945,1774174401.047628,1774176120.499038,322,18,270.353539,264.283665,0.357051,True,1449.097872,2
2710,1774174401.071269,1774177651.877913,1162,527,746.749206,330.481497,0.791383,True,2504.057438,2
152,1774174400.990245,1774175153.649471,862,425,750.384666,450.275429,0.707805,True,2.274560,2
323,1774174400.995790,1774174590.308778,394,86,185.211371,46.364048,1.633498,True,4.101617,1
1011,1774174401.017136,1774175730.336566,1035,411,749.375485,502.334766,0.602538,True,579.943945,2
1776,1774174401.042395,1774176350.418249,1086,410,626.126846,386.696695,0.585404,True,1323.249009,2
2541,1774174401.066044,1774177532.993079,1045,411,797.304801,543.547702,0.618920,True,2334.622234,2
1946,1774174401.047657,1774176313.783578,1026,396,463.575139,254.300275,0.529810,True,1449.160782,2
2711,1774174401.071299,1774177383.990010,1730,107,478.565359,317.133332,1.522944,True,2504.353352,2
153,1774174400.990273,1774174566.767824,167,179,163.492286,23.188490,0.788224,True,2.285266,1
324,1774174400.995822,1774175146.187692,1023,421,741.079647,464.164785,0.659321,True,4.112223,2
1012,1774174401.017164,1774175243.778601,394,110,262.765278,107.013095,1.428919,True,579.996159,1
1777,1774174401.042438,1774176342.202233,987,413,617.858666,332.177383,0.693401,True,1323.301128,2
2542,1774174401.066072,1774177586.151629,1054,443,847.825470,542.851753,0.689986,True,2337.260086,2
1947,1774174401.047686,1774176940.976922,970,403,1090.530758,853.833472,0.588799,True,1449.398478,3
2712,1774174401.071327,1774177347.763963,855,47,442.125718,322.019912,2.610996,True,2504.566918,2
154,1774174400.990301,1774174910.369697,914,414,507.083423,37.989933,1.135820,True,2.295972,1
325,1774174400.995851,1774174544.521015,1314,152,139.401969,56.359111,0.549953,True,4.123194,1
1013,1774174401.017196,1774175582.621544,126,203,596.924070,460.647798,0.674635,True,584.680278,2
1778,1774174401.042471,1774176256.523940,1088,363,532.117321,346.947839,0.511518,True,1323.364148,2
2543,1774174401.066104,1774177461.200004,983,377,722.709069,511.696206,0.561204,True,2337.424831,2
1948,1774174401.047714,1774176145.501916,1378,85,295.045498,251.958668,0.512938,True,1449.408703,2
2713,1774174401.071357,1774177380.892618,401,98,474.512972,372.674603,1.049880,True,2505.308290,2
155,1774174400.990334,1774174698.221890,209,217,294.924763,32.853493,1.213293,True,2.306793,1
326,1774174400.995880,1774175153.760298,1009,420,748.630712,466.030078,0.674465,True,4.133705,2
1014,1774174401.017226,1774175783.061824,1264,440,797.353767,472.903115,0.739068,True,584.690831,2
1779,1774174401.042501,1774177070.931072,1102,523,1346.513544,928.990512,0.799853,True,1323.375027,3
2544,1774174401.066133,1774177926.698531,1162,594,1188.082909,514.572503,1.135768,True,2337.549489,2
1949,1774174401.047743,1774176215.546263,13,172,363.664358,156.241355,1.213000,True,1450.834162,2
2714,1774174401.071386,1774177696.496760,1107,588,789.119419,324.174462,0.792070,True,2506.305955,2
156,1774174400.990371,1774176689.776393,982,594,2286.469809,1649.933822,1.073417,True,2.316213,4
327,1774174400.995909,1774174768.479008,1007,375,363.338843,40.717196,0.862625,True,4.144256,1
1015,1774174401.017255,1774175123.436281,91,16,137.676971,100.224370,2.496840,True,584.742055,1
1780,1774174401.042530,1774176325.417730,1029,401,600.989401,371.703997,0.573214,True,1323.385799,2
2545,1774174401.066162,1774176991.785433,2042,45,252.504027,160.437657,2.092418,True,2338.215244,1
1950,1774174401.047777,1774176320.997686,1004,388,469.002880,274.461207,0.502692,True,1450.947030,2
2715,1774174401.071432,1774177674.233998,1139,420,764.647977,283.605734,1.148072,True,2508.514590,2
157,1774174400.990407,1774174551.824128,200,161,148.507237,25.311651,0.769972,True,2.326483,1
2291,1774174401.058301,1774176960.568568,1028,396,543.812763,101.464986,1.119868,True,2015.697504,1
413,1774174400.998510,1774174617.983621,396,107,211.923680,90.144008,1.148865,True,5.061430,1
583,1774174401.003866,1774175095.166816,1087,396,527.931975,308.446184,0.555660,True,166.230976,2
3566,1774174401.099125,1774177881.856050,371,71,94.432415,14.815858,1.137379,True,3386.324510,1
2292,1774174401.058328,1774177087.523898,1364,480,670.757779,91.596757,1.209104,True,2015.707791,1
414,1774174400.998539,1774174647.683882,401,147,241.613154,85.225738,1.071147,True,5.072189,1
584,1774174401.003901,1774174980.947261,218,179,413.701875,305.804068,0.606167,True,166.241485,2
415,1774174400.998574,1774174632.539907,882,135,226.459395,95.225470,0.979358,True,5.081938,1
585,1774174401.003930,1774174616.872110,387,75,48.539515,11.228909,0.504197,True,167.328664,1
2294,1774174401.058397,1774176963.771055,1084,414,544.911123,238.699627,0.741432,True,2017.801536,2
416,1774174400.998603,1774174973.279072,1161,429,567.187380,90.112604,1.114661,True,5.093089,1
586,1774174401.003958,1774175239.986799,1000,498,671.126639,268.464784,0.810185,True,167.856201,2
2295,1774174401.058440,1774176486.866228,378,45,67.379372,31.999384,0.804091,True,2018.428416,1
417,1774174400.998632,1774174639.184235,21,139,233.082339,85.194176,1.071653,True,5.103264,1
587,1774174401.003987,1774174627.390321,383,114,58.518730,2.324519,0.497294,True,167.867604,1
2296,1774174401.058469,1774176492.490269,1028,55,72.889703,23.450837,0.915535,True,2018.542097,1
418,1774174400.998661,1774174792.856384,1053,383,386.744122,110.452060,0.723278,True,5.113600,1
588,1774174401.004015,1774175165.264651,1093,429,596.236222,284.512042,0.728328,True,168.024414,2
2297,1774174401.058499,1774177576.501934,1103,396,1154.826880,795.395279,0.909953,True,2020.616555,3
3742,1774174401.104535,1774177987.794391,1852,62,82.634927,18.027885,1.059132,True,3504.054929,1
419,1774174400.998691,1774174611.911921,402,102,205.788696,90.081092,1.145620,True,5.124535,1
589,1774174401.004044,1774175083.467128,1262,390,514.428391,270.380148,0.627373,True,168.034693,2
3572,1774174401.099299,1774177938.916776,1916,61,147.219868,84.558955,1.044349,True,3390.597610,1
2298,1774174401.058527,1774176679.035249,1314,156,255.570715,69.203606,1.202368,True,2022.406007,1
420,1774174400.998720,1774174987.719696,1037,434,581.586169,99.965750,1.112287,True,5.134807,1
590,1774174401.004076,1774175079.658946,1473,450,510.547611,3.089984,1.130195,True,168.107259,1
3573,1774174401.099328,1774177909.515585,1482,69,117.590988,55.211603,0.917344,True,3390.825270,1
2299,1774174401.058556,1774176615.634683,404,91,192.158724,69.192066,1.366296,True,2022.417403,1
421,1774174400.998748,1774175058.609032,945,504,652.464552,110.419678,1.077624,True,5.145732,1
591,1774174401.004104,1774175575.596256,1127,563,1006.453264,285.728594,1.282428,True,168.138888,2
2300,1774174401.058588,1774176890.900723,1002,388,466.620335,222.994633,0.629524,True,2023.221800,2
422,1774174400.998777,1774174889.972737,1050,403,483.817846,104.025924,0.944756,True,5.156114,1
592,1774174401.004133,1774175209.499728,1076,464,639.263855,271.150910,0.795060,True,169.231740,2
3575,1774174401.099384,1774177884.170737,373,71,92.127957,15.768779,1.090845,True,3390.943396,1
2301,1774174401.058616,1774177818.275026,1128,502,1393.133133,768.049868,1.247671,True,2024.083277,2
423,1774174400.998806,1774174792.961741,1036,386,386.796481,99.934228,0.745097,True,5.166454,1
593,1774174401.004162,1774175066.061705,1067,393,494.566651,297.777609,0.502013,True,170.490892,2
3576,1774174401.099427,1774177992.144090,109,120,198.453865,77.420235,1.017089,True,3392.590798,1
2302,1774174401.058645,1774176919.019481,1018,395,493.752286,228.141083,0.674140,True,2024.208551,2
424,1774174400.998835,1774174903.098562,1062,413,496.922362,110.387806,0.938191,True,5.177366,1
594,1774174401.004190,1774174643.468459,402,73,71.023208,1.166710,0.970229,True,171.441061,1
2303,1774174401.058673,1774176560.763558,840,45,135.403595,83.003311,1.190916,True,2024.301290,1
425,1774174400.998864,1774174875.889822,1070,398,469.702501,103.993297,0.921182,True,5.188456,1
595,1774174401.004219,1774175157.479711,209,179,583.472633,350.936621,1.306382,True,173.002859,2
3578,1774174401.099489,1774177962.147748,374,99,167.380706,69.019740,1.003683,True,3393.667553,1
2304,1774174401.058701,1774176673.986185,449,119,248.615750,104.952967,1.217481,True,2024.311735,1
426,1774174400.998893,1774174673.375030,206,181,267.176761,99.901069,0.929309,True,5.199376,1
596,1774174401.004252,1774175018.507770,1047,401,443.677146,2.294529,1.103457,True,173.826372,1
2305,1774174401.058729,1774176760.844145,376,145,335.411587,207.561978,0.887845,True,2024.373830,2
427,1774174400.998927,1774174629.037729,419,130,222.829001,110.355490,0.871888,True,5.209801,1
597,1774174401.004281,1774175175.374870,200,193,600.160614,326.387667,1.425901,True,174.209975,2
3580,1774174401.099546,1774177901.341360,395,87,104.244979,10.715133,1.087556,True,3395.996835,1
2306,1774174401.058760,1774176915.105353,1030,393,487.481214,71.633685,1.060836,True,2026.565379,1
428,1774174400.998959,1774174639.304101,181,132,233.084841,103.961574,0.985674,True,5.220301,1
598,1774174401.004310,1774175115.300143,942,404,540.033842,252.628715,0.713164,True,174.261991,2
3581,1774174401.099577,1774177897.696080,1230,76,100.588732,16.098647,1.126534,True,3396.007771,1
2307,1774174401.058789,1774176756.599144,374,79,328.759334,256.992984,0.920081,True,2026.781021,2
429,1774174400.998988,1774174910.155396,1127,415,503.925174,99.869240,0.975981,True,5.231234,1
599,1774174401.004342,1774175198.690850,1072,446,623.073368,272.105280,0.788692,True,174.613140,2
3582,1774174401.099606,1774177897.872901,366,65,100.201378,23.326513,1.201170,True,3396.571917,1
2308,1774174401.058820,1774176733.098747,1992,66,303.937155,254.472942,0.760988,True,2028.102772,2
430,1774174400.999017,1774174836.860954,1043,394,430.619900,110.323218,0.815004,True,5.242037,1
600,1774174401.004371,1774175138.097060,1232,419,561.196669,266.386900,0.705287,True,175.896020,2
2309,1774174401.058851,1774176887.280220,957,388,456.506245,230.812479,0.583188,True,2029.715123,2
431,1774174400.999049,1774174604.154322,413,95,197.901952,103.928690,0.999716,True,5.253321,1
601,1774174401.004402,1774174623.030504,373,91,45.437309,3.229165,0.468979,True,176.588792,1
3584,1774174401.099666,1774177942.229101,384,83,143.415500,53.932065,1.091261,True,3397.713935,1
2310,1774174401.058880,1774176880.005984,1043,377,447.699318,235.407064,0.564607,True,2031.247786,2
432,1774174400.999078,1774174777.896185,934,378,371.632990,99.836143,0.720947,True,5.264117,1
602,1774174401.004449,1774175097.981934,999,395,519.935336,273.923646,0.624395,True,177.042149,2
3585,1774174401.099694,1774177989.760396,407,125,188.969681,51.953750,1.104967,True,3399.691021,1
2311,1774174401.058908,1774176769.038273,864,129,336.555389,237.339985,0.775120,True,2031.423976,2
433,1774174400.999107,1774174786.500710,1039,379,380.226676,110.290182,0.714118,True,5.274926,1
603,1774174401.004479,1774175158.889302,1146,426,580.667576,291.051364,0.681450,True,177.217247,2
3586,1774174401.099723,1774177923.962124,379,91,122.457163,23.642879,1.097936,True,3400.405238,1
2312,1774174401.058936,1774177002.941314,1150,395,569.548883,104.812749,1.179533,True,2032.333494,1
434,1774174400.999135,1774174545.677064,91,24,139.392700,103.896505,1.543313,True,5.285228,1
604,1774174401.004508,1774175679.073228,1049,667,1100.799167,300.036516,1.202346,True,177.269553,2
2313,1774174401.058964,1774176735.668957,386,69,300.442863,242.453733,0.852781,True,2034.167130,2
435,1774174400.999164,1774174820.563770,1017,393,414.268006,99.803802,0.802205,True,5.296600,1
605,1774174401.004537,1774175006.138547,1130,375,427.374546,2.445717,1.136173,True,177.759465,1
2314,1774174401.058992,1774176520.816988,325,18,85.242430,63.683645,1.268164,True,2034.515566,1
436,1774174400.999195,1774175013.853028,1007,468,607.546613,110.257810,1.064858,True,5.307221,1
606,1774174401.004566,1774175048.010972,1009,419,468.898469,4.018021,1.112154,True,178.107936,1
2315,1774174401.059021,1774177065.132780,1114,429,629.446171,108.362075,1.217486,True,2034.627589,1
437,1774174400.999224,1774174569.109477,375,66,162.792048,103.863261,0.906597,True,5.318205,1
607,1774174401.004594,1774174881.021381,1317,320,301.672660,5.710639,0.927781,True,178.344127,1
2316,1774174401.059049,1774177016.664022,1093,398,580.874536,112.162364,1.180635,True,2034.730438,1
438,1774174400.999255,1774174647.332400,10,146,241.004716,99.771823,0.974020,True,5.328429,1
608,1774174401.004625,1774175065.058556,921,114,482.950133,244.874455,2.106864,True,181.103798,2
2317,1774174401.059077,1774176943.176767,1052,373,507.376163,97.495328,1.101830,True,2034.741527,1
439,1774174400.999374,1774174910.369706,994,414,504.029583,110.224395,0.953523,True,5.340749,1
609,1774174401.004655,1774175165.264471,1157,429,582.233898,270.510380,0.728326,True,182.025918,2
2318,1774174401.059108,1774177067.361583,1122,377,631.127736,191.465957,1.169313,True,2035.174738,2
440,1774174400.999407,1774174540.184151,298,18,133.833186,103.830053,1.764890,True,5.351558,1
610,1774174401.004683,1774175165.439079,1093,425,582.398185,252.061276,0.779096,True,182.036211,2
2319,1774174401.059139,1774176869.890013,1002,373,432.826883,232.759798,0.537815,True,2036.003990,2
441,1774174400.999452,1774174796.184921,1002,388,389.822969,99.737813,0.749574,True,5.362499,1
611,1774174401.004711,1774175323.008142,1035,405,739.749786,259.188057,1.189509,True,182.253644,2
3594,1774174401.099964,1774177932.442778,420,99,122.547148,15.252488,1.094843,True,3408.795666,1
2320,1774174401.059172,1774176928.042445,1071,405,490.580519,235.894656,0.630411,True,2036.402754,2
442,1774174400.999480,1774174818.781071,1021,390,412.407333,123.920884,0.741610,True,5.374258,1
612,1774174401.004739,1774175069.128733,1009,395,485.806490,273.035324,0.540028,True,182.317504,2
2321,1774174401.059200,1774176745.677464,1369,44,305.786438,258.362514,1.102882,True,2038.831826,2
443,1774174400.999510,1774174698.221881,209,217,291.837903,103.797763,0.870556,True,5.384468,1
613,1774174401.004767,1774174924.108305,482,73,339.820314,257.098760,1.148910,True,183.283224,2
2322,1774174401.059228,1774177787.417829,1160,468,1347.299489,776.951701,1.221301,True,2039.059112,3
444,1774174400.999538,1774174604.035911,386,96,197.641780,99.705326,1.030910,True,5.394592,1
614,1774174401.004795,1774174631.620784,401,104,47.219934,1.692152,0.442017,True,183.396054,1
3597,1774174401.100054,1774177953.837543,383,86,143.343479,67.355587,0.893975,True,3409.394010,1
2323,1774174401.059256,1774176742.138102,1868,82,301.967894,241.442914,0.747222,True,2039.110951,2
445,1774174400.999567,1774174919.937541,1092,415,513.532944,123.889079,0.941169,True,5.405030,1
615,1774174401.004823,1774175165.264646,1046,429,580.689461,256.811655,0.756724,True,183.570361,2
3598,1774174401.100083,1774177904.353851,1775,52,93.438381,42.330613,1.002113,True,3409.815387,1
2324,1774174401.059290,1774176653.479455,1571,89,211.265760,98.239570,1.284389,True,2041.154404,1
446,1774174400.999600,1774174647.450075,403,142,241.034314,103.765084,0.973541,True,5.416160,1
616,1774174401.004852,1774175015.620637,1230,389,430.311263,2.530428,1.102528,True,184.304521,1
3599,1774174401.100111,1774177924.298935,422,92,110.959991,11.808817,1.089573,True,3412.238833,1
2325,1774174401.059318,1774176683.162461,719,113,240.938421,105.727653,1.207239,True,2041.164721,1
3770,1774174401.105353,1774177984.687562,1005,53,63.450491,13.417904,0.962165,True,3520.131718,1
447,1774174400.999629,1774174608.910248,415,101,202.484035,99.673251,1.028108,True,5.426584,1
617,1774174401.004884,1774174713.495008,161,159,127.948627,2.565997,0.793561,True,184.541497,1
2326,1774174401.059347,1774176625.633061,413,102,183.316887,56.941775,1.251239,True,2041.256828,1
448,1774174400.999661,1774174756.543840,1013,363,349.969612,123.719660,0.625000,True,5.574567,1
618,1774174401.004912,1774175004.971107,26,238,419.230184,296.513262,0.517793,True,184.736011,2
2327,1774174401.059381,1774177049.961923,1066,431,607.533134,101.009598,1.177962,True,2041.369409,1
449,1774174400.999690,1774174863.340609,1014,395,456.755780,103.596148,0.896344,True,5.585139,1
619,1774174401.004944,1774175023.686898,1108,399,437.802166,4.296020,1.089211,True,184.879788,1
3602,1774174401.100199,1774177928.815739,395,86,114.753716,19.727067,1.117961,True,3412.961824,1
2328,1774174401.059408,1774176965.794914,1058,419,522.673724,216.382021,0.732755,True,2042.061781,2
450,1774174400.999723,1774174774.687522,1034,377,368.091654,113.328699,0.677561,True,5.596144,1
620,1774174401.004973,1774174954.843617,378,124,368.336797,250.818332,0.955435,True,185.501847,2
3603,1774174401.100229,1774177907.925815,1874,51,92.513757,27.385620,1.302563,True,3414.311830,1
2329,1774174401.059450,1774176878.688622,1000,375,435.454362,214.325002,0.591255,True,2042.174810,2
451,1774174400.999753,1774174845.602935,1002,396,438.996125,123.687262,0.798250,True,5.607057,1
621,1774174401.005001,1774175128.557514,1051,410,541.137224,283.739597,0.629334,True,186.415289,2
2330,1774174401.059479,1774176735.214262,404,68,291.968927,230.111711,0.923242,True,2042.185855,2
452,1774174400.999782,1774175079.658769,1149,516,673.041205,103.563468,1.105782,True,5.617782,1
622,1774174401.005030,1774174938.503085,2,93,351.071790,264.538796,0.940576,True,186.426265,2
2331,1774174401.059508,1774176786.623481,1484,159,339.658471,204.723886,0.854016,True,2045.905503,2
453,1774174400.999810,1774174870.049957,1112,403,463.421743,113.296741,0.870958,True,5.628403,1
623,1774174401.005058,1774175279.280508,1001,373,691.839011,297.523119,1.059989,True,186.436439,2
3606,1774174401.100317,1774177997.789280,401,131,181.598963,40.655811,1.084178,True,3415.090001,1
2332,1774174401.059536,1774176755.123554,400,98,308.147888,218.803592,0.921075,True,2045.916130,2
454,1774174400.999839,1774174653.732404,1314,159,247.094059,123.655462,0.781257,True,5.638506,1
624,1774174401.005087,1774175165.324202,1059,429,576.297875,254.260768,0.752423,True,188.021240,2
2333,1774174401.059565,1774176744.791126,429,84,297.599208,246.035706,0.621247,True,2046.132353,2
455,1774174400.999874,1774174561.165009,1917,56,154.515801,116.376349,0.693445,True,5.649334,1
625,1774174401.005118,1774175061.490156,996,385,472.453518,290.609102,0.473553,True,188.031519,2
2334,1774174401.059593,1774176962.556709,1054,414,514.316510,219.473782,0.713905,True,2047.180605,2
456,1774174400.999903,1774174967.013823,1043,431,560.353488,113.264479,1.039742,True,5.660432,1
626,1774174401.005148,1774175367.026191,1096,396,777.978352,312.553903,1.178290,True,188.042691,2
3609,1774174401.100401,1774177909.736361,394,75,91.450724,17.100379,1.004734,True,3417.185235,1
2335,1774174401.059625,1774176726.733062,691,51,278.481817,239.564708,0.778342,True,2047.191620,2
457,1774174400.999934,1774174941.216630,1032,421,534.546049,123.623468,0.978387,True,5.670647,1
627,1774174401.005177,1774174676.656870,417,98,86.337225,0.933819,0.880447,True,189.314468,1
3610,1774174401.100446,1774177946.306264,386,99,128.009601,23.273327,1.068737,True,3417.196217,1
2336,1774174401.059662,1774176762.071166,396,90,313.006844,239.356541,0.827531,True,2048.004659,2
458,1774174400.999963,1774174804.919821,1093,382,398.238782,116.344529,0.739880,True,5.681077,1
628,1774174401.005205,1774175030.539997,1139,396,440.107687,2.891874,1.106875,True,189.427105,1
2337,1774174401.059692,1774176623.968719,387,97,173.965681,49.254820,1.299071,True,2048.943347,1
3782,1774174401.105858,1774177980.947768,333,18,52.237102,40.324561,0.700738,True,3527.604808,1
459,1774174400.999992,1774174960.576235,1173,429,553.884215,113.232537,1.029560,True,5.692028,1
629,1774174401.005234,1774174614.816152,310,18,24.373462,1.242534,1.360643,True,189.437456,1
2338,1774174401.059720,1774176925.217003,1185,384,475.202818,66.048419,1.068288,True,2048.954465,1
460,1774174401.000021,1774174677.001244,203,189,270.298571,123.591159,0.780359,True,5.702652,1
630,1774174401.005262,1774175228.015438,1027,482,636.398098,260.353407,0.781798,True,190.612078,2
2339,1774174401.059749,1774177705.872159,1130,609,1254.898006,795.347239,0.755840,True,2049.914404,3
461,1774174401.000050,1774174607.760041,390,97,201.046574,116.312037,0.882651,True,5.713418,1
631,1774174401.005291,1774175068.960873,1007,388,477.333468,271.110433,0.532876,True,190.622115,2
2340,1774174401.059781,1774176776.151679,1313,145,325.063482,228.347157,0.671641,True,2050.028416,2
462,1774174401.000078,1774174599.043902,409,93,192.319303,113.199984,0.859993,True,5.724520,1
632,1774174401.005319,1774174656.649560,161,150,63.473173,1.604708,0.415225,True,192.171068,1
2341,1774174401.059809,1774176692.478243,398,123,238.874944,89.835009,1.221639,True,2052.543489,1
463,1774174401.000107,1774174593.684881,402,92,186.950040,123.558925,0.696606,True,5.734734,1
633,1774174401.005347,1774175068.793648,1025,394,475.329689,262.893366,0.540550,True,192.458611,2
2342,1774174401.059837,1774177069.568143,1121,423,615.953696,102.739502,1.216147,True,2052.554611,1
464,1774174401.000139,1774174706.087200,1354,225,299.340797,116.279521,0.817238,True,5.746264,1
634,1774174401.005376,1774175345.880618,1044,413,752.364779,261.355850,1.191769,True,192.510463,2
3617,1774174401.100658,1774177885.551077,1583,24,60.146967,36.066987,1.046956,True,3424.303452,1
2343,1774174401.059866,1774176673.648570,428,101,219.941351,96.002277,1.239391,True,2052.647353,1
465,1774174401.000170,1774174600.080866,181,213,134.317502,0.681335,0.630359,True,64.763193,1
635,1774174401.005404,1774174637.652611,404,108,44.125654,2.776164,0.386444,True,192.521552,1
2344,1774174401.059894,1774176909.632117,1077,391,455.329904,213.411572,0.620303,True,2053.242319,2
466,1774174401.000202,1774175123.603271,1035,414,657.562271,413.605068,0.590695,True,65.040799,2
636,1774174401.005447,1774175175.785468,1036,425,582.247932,245.881608,0.793317,True,192.532088,2
3619,1774174401.100717,1774177912.488655,379,71,86.253291,15.334788,1.013121,True,3425.134647,1
2345,1774174401.059926,1774176712.099134,1341,50,257.673150,205.464742,1.065478,True,2053.366059,2
467,1774174401.000230,1774175141.682258,1033,420,674.069733,414.642097,0.619159,True,66.612295,2
637,1774174401.005477,1774175073.696203,1098,396,480.147537,262.809356,0.550223,True,192.543189,2
3620,1774174401.100746,1774177954.069818,392,93,127.648823,34.522546,1.012242,True,3425.320249,1
927,1774174401.014502,1774174972.716067,375,94,49.984814,0.856202,0.528265,True,521.716751,1
2346,1774174401.059954,1774176735.669248,384,69,281.191341,223.201831,0.852787,True,2053.417953,2
468,1774174401.000259,1774174570.228983,206,179,102.606136,1.667380,0.567072,True,66.622589,1
638,1774174401.005506,1774174682.733567,405,105,89.039883,1.169108,0.844911,True,192.688178,1
2347,1774174401.059982,1774176866.133259,1085,363,411.644541,224.946658,0.515740,True,2053.428736,2
469,1774174401.000288,1774175179.392830,888,426,711.338789,397.037388,0.739533,True,67.053753,2
639,1774174401.005535,1774175103.851208,1269,451,509.931735,3.043970,1.126417,True,192.913938,1
2348,1774174401.060016,1774176662.136371,404,93,202.351942,89.925089,1.222031,True,2058.724414,1
470,1774174401.000316,1774174576.893129,209,183,107.424926,1.345409,0.582854,True,68.467886,1
640,1774174401.005566,1774174643.113747,788,51,48.120404,3.689766,0.888613,True,193.987777,1
2349,1774174401.060045,1774176711.988515,1386,125,252.193349,106.010602,1.178893,True,2058.735121,1
471,1774174401.000345,1774175193.216435,1102,433,723.686838,408.194613,0.730306,True,68.529252,2
641,1774174401.005594,1774175301.857794,918,397,705.369988,240.138581,1.174827,True,195.482212,2
2350,1774174401.060074,1774176711.762848,382,57,251.832633,184.747910,1.197941,True,2058.870140,2
472,1774174401.000374,1774175162.788176,1007,424,693.145831,380.299421,0.739590,True,68.641971,2
642,1774174401.005623,1774174980.946962,206,179,383.567010,275.669313,0.606167,True,196.374329,2
2351,1774174401.060102,1774176756.765506,396,104,296.720967,231.591374,0.632326,True,2058.984437,2
473,1774174401.000422,1774174569.023183,203,167,98.463800,1.905329,0.581678,True,69.558961,1
643,1774174401.005651,1774177752.833910,1068,664,3155.443586,2677.342426,0.721118,True,196.384672,6
3626,1774174401.100922,1774177886.319911,91,16,56.123210,38.466924,1.177086,True,3429.095778,1
2352,1774174401.060134,1774176783.734949,410,152,323.638855,209.726972,0.754383,True,2059.035959,2
474,1774174401.000453,1774175143.622905,1173,421,669.070519,392.511841,0.658473,True,73.551933,2
644,1774174401.005684,1774175132.257529,1042,472,534.815686,3.448192,1.128169,True,196.436159,1
2353,1774174401.060163,1774176721.679176,993,40,259.822778,231.371780,0.729513,True,2060.796236,2
475,1774174401.000482,1774175056.989409,1080,371,577.841995,385.943805,0.518644,True,78.146931,2
645,1774174401.005717,1774174681.254664,417,92,82.435864,2.609681,0.877211,True,197.813082,1
3628,1774174401.100978,1774177949.439994,387,100,118.272357,12.386039,1.069559,True,3430.066659,1
2354,1774174401.060191,1774176717.656289,391,57,255.738036,186.896218,1.229318,True,2060.858062,2
476,1774174401.000515,1774174552.058539,395,92,69.084512,0.842366,0.749914,True,81.973511,1
646,1774174401.005747,1774174709.512577,409,146,110.457723,2.943277,0.741479,True,198.049107,1
3629,1774174401.101007,1774177981.733801,374,66,150.443666,86.553604,0.982924,True,3430.189129,1
2355,1774174401.060219,1774176871.472607,1190,375,409.390819,229.554215,0.480847,True,2061.021569,2
477,1774174401.000545,1774177772.653875,1011,677,3287.527710,2800.173379,0.720938,True,84.125619,6
647,1774174401.005775,1774175010.589284,1002,373,411.431986,4.174401,1.094778,True,198.151523,1
929,1774174401.014566,1774175022.509021,1313,162,98.854767,29.113873,0.433173,True,522.639688,1
2356,1774174401.060248,1774176935.019122,1912,72,472.875309,342.928129,1.830242,True,2061.083565,2
478,1774174401.000577,1774174497.210099,91,24,11.520979,1.444533,0.438106,True,84.688543,1
648,1774174401.005804,1774174946.110057,942,104,346.027177,271.077003,0.727672,True,199.077075,2
3631,1774174401.101063,1774177909.401754,372,68,74.816929,8.968497,0.982812,True,3433.483762,1
2357,1774174401.060277,1774176978.899355,1101,430,515.495425,209.953033,0.712220,True,2062.343654,2
479,1774174401.000606,1774174596.481962,209,167,109.106978,0.707202,0.653011,True,86.374377,1
649,1774174401.005832,1774175144.350976,983,414,543.980931,239.049049,0.738334,True,199.364212,2
2358,1774174401.060305,1774176648.938956,719,113,185.462016,52.585670,1.186396,True,2062.416634,1
480,1774174401.000635,1774175331.892117,1159,399,844.404394,388.287451,1.146022,True,86.487087,2
2359,1774174401.060334,1774176778.336960,1314,144,314.818780,206.304974,0.758838,True,2062.457845,2
481,1774174401.000664,1774177805.878052,463,739,3318.215489,2758.658816,0.758207,True,86.661898,6
651,1774174401.005890,1774174738.380401,203,217,136.816409,2.345449,0.622551,True,200.558102,1
3634,1774174401.101151,1774177976.073917,1146,88,141.260069,41.091541,1.151362,True,3433.712697,1
924,1774174401.014384,1774175097.245870,405,96,177.086055,70.044884,1.126749,True,519.145430,1
2360,1774174401.060363,1774176900.296471,1024,395,433.661464,194.951771,0.605862,True,2065.574644,2
482,1774174401.000696,1774175083.579894,1094,398,594.429724,380.123040,0.539815,True,88.149474,2
652,1774174401.005919,1774174674.187366,435,83,70.140409,0.972005,0.843517,True,203.041038,1
922,1774174401.014311,1774175398.040952,1120,397,478.099525,25.596626,1.142684,True,518.927116,1
2361,1774174401.060391,1774176923.949839,1126,397,457.252099,188.776276,0.677969,True,2065.637349,2
483,1774174401.000731,1774174609.264155,130,199,120.052462,1.595779,0.598266,True,88.210963,1
653,1774174401.005950,1774174619.024156,91,16,14.864088,1.066844,0.919816,True,203.154118,1
3636,1774174401.101294,1774177953.952997,402,93,118.044282,34.238096,0.910937,True,3434.807421,1
2362,1774174401.060433,1774177696.211267,976,599,1228.492313,790.589200,0.732279,True,2066.658520,3
484,1774174401.000759,1774174597.377925,203,162,107.825971,1.576328,0.659936,True,88.551195,1
654,1774174401.005979,1774175023.454769,1071,386,419.283559,2.810093,1.081749,True,203.165231,1
931,1774174401.014624,1774175045.419120,385,77,120.333797,14.418900,1.393617,True,524.070699,1
2363,1774174401.060463,1774177002.721346,1110,427,534.612337,47.953351,1.142392,True,2067.048547,1
485,1774174401.000788,1774174621.793331,206,217,127.943043,0.702143,0.589078,True,92.849500,1
655,1774174401.006007,1774174738.487171,167,217,131.371716,0.520412,0.605793,True,206.109448,1
3638,1774174401.101361,1774177957.182115,386,89,121.158245,32.639798,1.005891,True,3434.922509,1
926,1774174401.014458,1774176373.098956,1009,399,1450.828114,1179.853016,0.680842,True,521.256384,3
2364,1774174401.060493,1774177026.655748,1091,401,558.433326,88.132254,1.175753,True,2067.161928,1
486,1774174401.000816,1774175301.755502,1003,373,805.275934,384.199143,1.131927,True,95.478752,2
656,1774174401.006036,1774174721.356179,200,161,114.127782,0.707149,0.708879,True,206.222361,1
2365,1774174401.060523,1774177016.551269,1093,396,548.215191,97.469340,1.141129,True,2067.275556,1
487,1774174401.000845,1774174555.703873,376,88,58.484617,0.845284,0.662521,True,96.218411,1
657,1774174401.006065,1774174681.366803,181,92,73.899027,0.909869,0.802079,True,206.461711,1
2366,1774174401.060551,1774176941.258366,983,400,472.268856,184.418569,0.721429,True,2067.928959,2
488,1774174401.000874,1774174577.582203,401,125,80.250638,0.959172,0.639447,True,96.330692,1
658,1774174401.006094,1774174697.552373,181,118,89.781454,0.892950,0.759731,True,206.764826,1
921,1774174401.014280,1774175218.338809,1205,409,300.529542,1.757071,0.732285,True,516.794987,1
2367,1774174401.060580,1774176781.638538,1314,152,312.370957,210.167878,0.676842,True,2068.207000,2
489,1774174401.000902,1774175174.906095,1023,427,676.320224,385.769653,0.682044,True,97.584969,2
659,1774174401.006122,1774175273.705837,1201,546,665.112314,273.660540,0.718260,True,207.587401,2
2368,1774174401.060609,1774177054.515165,1015,458,582.714933,48.325792,1.169342,True,2070.739622,1
490,1774174401.000931,1774174627.727446,197,217,127.337396,0.704703,0.586262,True,99.389119,1
660,1774174401.006150,1774175054.633166,1208,400,445.718820,2.514625,1.110787,True,207.908195,1
930,1774174401.014595,1774175766.215772,1133,432,842.101665,528.245196,0.728205,True,523.099512,2
2369,1774174401.060640,1774177037.207913,1152,395,565.294989,105.534420,1.166905,True,2070.852284,1
491,1774174401.000962,1774174516.872875,91,16,15.908633,8.010936,0.526513,True,99.963279,1
661,1774174401.006179,1774174999.566405,373,57,390.300385,227.360504,2.909641,True,208.259842,2
3644,1774174401.101557,1774177932.681834,441,59,91.904158,37.844692,0.932060,True,3439.676119,1
2370,1774174401.060669,1774176780.161248,12,113,307.604144,237.396350,0.626855,True,2071.496435,2
492,1774174401.000994,1774174668.507261,77,187,167.286432,17.765185,0.803878,True,100.219835,1
662,1774174401.006211,1774175121.041655,1005,407,510.409865,235.094256,0.678117,True,209.625580,2
925,1774174401.014428,1774175216.459966,442,78,294.866605,159.701963,1.755385,True,520.578933,1
2371,1774174401.060698,1774177763.620945,1125,468,1291.053018,796.383377,1.059250,True,2071.507230,3
493,1774174401.001024,1774175073.696021,1056,396,572.185889,380.744642,0.484661,True,100.509108,2
663,1774174401.006239,1774174736.980455,130,199,125.060557,2.531107,0.618836,True,210.913658,1
3646,1774174401.101615,1774177974.835875,386,93,132.904954,22.598076,1.198988,True,3440.829305,1
2372,1774174401.060726,1774176951.845495,1024,410,478.999735,182.628632,0.724624,True,2071.785035,2
494,1774174401.001052,1774175093.000247,1033,397,591.378367,369.538110,0.560203,True,100.620827,2
664,1774174401.006268,1774175054.746435,1008,398,442.815438,2.520135,1.109056,True,210.924728,1
928,1774174401.014536,1774175367.137691,1009,399,443.666824,5.781641,1.100214,True,522.456331,1
2373,1774174401.060755,1774176695.706615,1571,89,220.678628,124.962432,1.087684,True,2073.967232,1
495,1774174401.001085,1774175317.518561,1118,378,815.557263,430.979583,1.020100,True,100.960214,2
665,1774174401.006296,1774174626.193267,91,16,14.251160,2.508955,0.782814,True,210.935810,1
2374,1774174401.060783,1774176668.988947,376,91,193.846042,90.662574,1.146483,True,2074.082123,1
3819,1774174401.106982,1774177985.282097,317,18,34.942128,17.488706,1.026672,True,3549.232986,1
496,1774174401.001114,1774174624.225343,1269,152,119.478436,41.247229,0.518087,True,103.745792,1
666,1774174401.006325,1774174949.653653,392,109,337.094503,258.600646,0.726795,True,211.552825,2
923,1774174401.014352,1774174950.195736,367,49,30.098552,0.848600,0.609374,True,519.082832,1
2375,1774174401.060811,1774176962.784775,1049,411,485.512256,186.361402,0.729636,True,2076.211708,2
497,1774174401.001142,1774175311.544639,1035,401,806.735694,331.817714,1.187295,True,103.807803,2
667,1774174401.006368,1774174687.803806,394,94,73.212235,1.152696,0.774834,True,213.585203,1
3650,1774174401.101733,1774177953.837322,1935,78,108.562546,45.108182,0.824083,True,3444.173043,1
1526,1774174401.034713,1774176364.139766,1017,398,919.479976,662.300245,0.647808,True,1043.625077,2
3226,1774174401.088709,1774177917.290652,1055,400,384.222515,55.999481,0.822614,True,3131.979428,1
3396,1774174401.093964,1774177744.691585,390,94,94.217129,26.593905,0.727131,True,3249.380492,1
753,1774174401.009135,1774175325.445511,1088,407,651.245983,114.317381,1.322484,True,273.190393,1
2121,1774174401.053142,1774176944.487890,1196,410,647.064757,362.079952,0.696784,True,1896.369991,2
1527,1774174401.034741,1774176298.943131,1120,375,854.169185,652.468119,0.539308,True,1043.739205,2
3227,1774174401.088740,1774177917.233866,1112,429,384.124840,34.498989,0.816883,True,3132.020286,1
3397,1774174401.093997,1774177793.856037,404,108,141.973365,63.518398,0.733224,True,3250.788675,1
754,1774174401.009163,1774174756.756910,385,107,82.444245,29.101667,0.503232,True,273.303501,1
2122,1774174401.053176,1774176963.770884,1008,414,665.584630,395.042024,0.655067,True,1897.133078,2
1528,1774174401.034769,1774176285.122452,1060,365,837.858379,590.681424,0.679058,True,1046.229303,2
3228,1774174401.088769,1774177755.246092,1314,198,222.125847,64.109088,0.802116,True,3132.031476,1
3398,1774174401.094026,1774177779.201074,1508,84,127.307539,75.215507,0.627615,True,3250.799508,1
755,1774174401.009195,1774175311.757648,967,398,635.208358,118.081055,1.302588,True,275.540094,1
2123,1774174401.053205,1774177060.665534,985,421,762.418079,268.755709,1.175387,True,1897.194250,2
1529,1774174401.034801,1774176373.098489,1009,399,923.626267,579.098226,0.865648,True,1048.437421,2
3229,1774174401.088798,1774177825.395310,388,83,288.832014,115.748257,2.110778,True,3135.474498,1
3399,1774174401.094055,1774177808.952208,372,61,155.063166,55.584723,1.657974,True,3252.794986,1
756,1774174401.009224,1774174736.280218,395,83,59.618029,26.752820,0.400795,True,275.652965,1
2124,1774174401.053233,1774176994.683966,988,432,696.424932,381.176668,0.731434,True,1897.205801,2
1530,1774174401.034829,1774176435.786738,1053,414,986.201550,603.655354,0.926262,True,1048.550359,2
3230,1774174401.088826,1774177901.227895,206,162,364.449896,122.143718,1.505007,True,3135.689172,1
757,1774174401.009252,1774175309.335065,1160,392,632.436588,132.597906,1.278360,True,275.889226,1
2125,1774174401.053262,1774177100.146279,1027,414,801.876433,304.505157,1.204289,True,1897.216585,2
1531,1774174401.034858,1774175532.039450,304,18,80.512747,66.445879,0.827463,True,1050.491845,1
758,1774174401.009280,1774175247.737772,1019,413,570.725719,26.402408,1.321173,True,276.002773,1
2126,1774174401.053290,1774177567.502277,1042,394,1269.139060,965.586112,0.772399,True,1897.309927,3
1532,1774174401.034889,1774176453.706528,1097,418,999.963631,614.251327,0.924970,True,1052.708008,2
759,1774174401.009308,1774174975.134178,181,172,297.732947,165.885920,0.771035,True,276.391923,2
2127,1774174401.053321,1774176865.530898,1071,384,566.576834,143.014735,1.105906,True,1897.900743,1
1533,1774174401.034918,1774176544.736619,1018,476,1090.777123,599.280782,1.034729,True,1052.924579,2
3233,1774174401.088918,1774177942.857648,1071,394,405.006285,87.395132,0.808171,True,3136.762444,1
3403,1774174401.094168,1774177767.603075,428,98,113.445465,39.234610,0.765060,True,3253.063442,1
760,1774174401.009338,1774174903.010843,91,24,225.598625,198.268955,1.188247,True,276.402881,2
2128,1774174401.053349,1774177576.607345,1093,401,1275.834684,983.420667,0.731035,True,1899.719312,3
1534,1774174401.034946,1774175608.231103,1143,70,148.851194,67.873862,1.173585,True,1058.344963,1
3234,1774174401.088947,1774177718.881987,410,154,180.917004,59.264184,0.795116,True,3136.876036,1
761,1774174401.009369,1774174955.734986,409,125,278.312284,198.258186,0.645598,True,276.413334,2
2129,1774174401.053380,1774177066.032483,1171,523,765.249045,384.872284,0.728691,True,1899.730057,2
1535,1774174401.034977,1774175659.727478,991,108,198.173428,104.929067,0.871443,True,1060.519073,1
3235,1774174401.088976,1774177649.182575,721,71,110.127829,44.507745,0.937430,True,3137.965770,1
3405,1774174401.094224,1774177787.099406,402,105,128.974234,54.551301,0.715605,True,3257.030948,1
762,1774174401.009397,1774174917.629773,383,58,240.001740,193.531651,0.815265,True,276.618637,2
2130,1774174401.053408,1774176968.931837,1048,433,664.886738,144.068485,1.205598,True,1902.991691,1
1536,1774174401.035009,1774175621.815746,1155,75,158.077119,72.363044,1.158298,True,1062.703618,1
763,1774174401.009439,1774175052.860850,1363,363,375.222063,200.085263,0.483803,True,276.629348,2
2131,1774174401.053457,1774176440.163529,1821,84,135.913809,43.778579,1.110063,True,1903.196264,1
1537,1774174401.035038,1774176486.502210,1143,429,1015.198484,557.266275,1.069935,True,1070.268689,2
3237,1774174401.089036,1774177918.876493,1315,179,378.101153,84.505394,1.649414,True,3139.686304,1
3407,1774174401.094285,1774177835.904810,16,177,176.659103,53.430623,0.700162,True,3258.151423,1
764,1774174401.009468,1774175567.732320,1034,550,886.707618,133.413393,1.372121,True,280.015234,1
2132,1774174401.053486,1774176460.035755,388,98,155.774994,43.767572,1.154716,True,1903.207275,1
1538,1774174401.035066,1774176391.641839,1068,401,918.234616,589.695602,0.821348,True,1072.372157,2
3238,1774174401.089065,1774177796.507625,379,72,255.722366,92.258717,2.302305,True,3139.696194,1
3408,1774174401.094313,1774177822.723339,203,162,162.797541,52.750354,0.683523,True,3258.831485,1
765,1774174401.009496,1774175126.725157,200,174,445.463696,133.176645,1.805127,True,280.251965,1
2133,1774174401.053517,1774176454.472080,1047,99,149.977022,48.835865,1.032053,True,1903.441541,1
1539,1774174401.035094,1774176762.959781,1036,619,1288.918893,647.332129,1.038166,True,1073.005793,2
3239,1774174401.089094,1774177814.039401,400,89,273.243202,92.248043,2.056763,True,3139.707105,1
766,1774174401.009528,1774175241.806377,998,373,560.431795,27.243742,1.433301,True,280.365054,1
2134,1774174401.053546,1774176630.887707,21,138,323.981688,84.615111,1.747201,True,1905.852473,1
1540,1774174401.035123,1774176516.296278,1032,447,1040.695695,636.189225,0.906965,True,1074.565460,2
3410,1774174401.094383,1774177837.008827,376,74,176.876292,64.419048,1.540510,True,3259.038152,1
767,1774174401.009560,1774174998.333546,203,217,316.120074,180.524403,0.627758,True,281.203913,2
2135,1774174401.053574,1774176953.913239,971,444,646.996900,89.920189,1.257510,True,1905.862766,1
1541,1774174401.035154,1774176373.098966,1015,399,895.383608,594.892125,0.755004,True,1076.680204,2
3241,1774174401.089154,1774177899.946073,402,163,359.128681,99.686927,1.601492,True,3139.728238,1
768,1774174401.009588,1774175015.398454,1317,268,333.123118,174.081759,0.595661,True,281.265748,2
2136,1774174401.053605,1774176986.558517,1185,434,678.305474,377.402791,0.694925,True,1907.199437,2
1542,1774174401.035182,1774175710.486936,1312,175,228.190983,98.936396,0.742842,True,1081.260771,1
3242,1774174401.089182,1774177903.201664,1112,386,360.043945,47.507502,0.811783,True,3142.068537,1
3412,1774174401.094457,1774177821.922149,194,217,159.925479,18.118649,0.656513,True,3260.902213,1
769,1774174401.009616,1774175332.107374,1001,399,649.373114,131.703829,1.300677,True,281.724643,1
2137,1774174401.053633,1774176923.891975,1231,396,615.524658,345.041235,0.684768,True,1907.313684,2
1543,1774174401.035211,1774175663.879373,685,120,181.480503,66.593304,0.965439,True,1081.363659,1
3243,1774174401.089211,1774177934.960451,1021,421,391.791573,47.496569,0.819750,True,3142.079666,1
770,1774174401.009647,1774175117.833706,167,168,434.153278,121.122132,1.874438,True,282.670781,1
2138,1774174401.053662,1774176466.633098,413,113,158.091782,44.789859,1.011624,True,1907.487655,1
1544,1774174401.035242,1774175646.745172,398,98,164.009022,66.255872,1.007764,True,1081.700908,1
3244,1774174401.089239,1774177886.085757,1055,398,342.803292,14.439902,0.827112,True,3142.193226,1
3414,1774174401.094518,1774177942.572699,1312,193,279.307667,98.732053,0.940498,True,3262.170514,1
771,1774174401.009678,1774175179.562084,1093,429,495.757333,161.920615,0.779992,True,282.795073,2
2139,1774174401.053690,1774176968.577965,1255,414,660.025454,380.880346,0.675896,True,1907.498821,2
1545,1774174401.035271,1774176306.894777,1173,385,821.768943,602.154927,0.571911,True,1084.090564,2
3245,1774174401.089271,1774177605.428304,120,12,59.221678,49.413916,0.891615,True,3145.117355,1
3415,1774174401.094547,1774177751.569684,380,82,88.191420,22.418665,0.812009,True,3262.283717,1
772,1774174401.009706,1774174925.074278,373,27,240.817994,136.193934,4.024002,True,283.246578,1
2140,1774174401.053718,1774176472.556279,922,104,160.995653,51.158442,1.066381,True,1910.506908,1
1546,1774174401.035299,1774176523.809516,1073,454,1038.568140,612.000990,0.941649,True,1084.206077,2
3246,1774174401.089299,1774177854.606445,981,375,308.173026,16.026558,0.781140,True,3145.344120,1
773,1774174401.009734,1774175153.238521,209,194,468.644033,135.855847,1.724291,True,283.584754,1
2141,1774174401.053747,1774176842.832886,1080,375,530.710498,135.991279,1.055399,True,1911.068641,1
1547,1774174401.035327,1774175610.513270,2042,56,125.169458,63.648115,1.118570,True,1084.308484,1
3247,1774174401.089328,1774177759.024066,1315,175,211.592408,77.814673,0.768838,True,3146.342330,1
774,1774174401.009762,1774174970.124812,1314,161,285.244441,194.765434,0.565494,True,283.870609,2
2142,1774174401.053776,1774176520.930895,383,48,208.593332,110.891741,2.078757,True,1911.283787,1
1548,1774174401.035356,1774176416.752518,1061,408,926.108006,601.907523,0.796561,True,1089.609156,2
3248,1774174401.089356,1774177921.226147,1046,397,373.680036,51.512442,0.813555,True,3146.456755,1
3418,1774174401.094634,1774177770.945055,379,63,103.338692,59.502617,0.707033,True,3266.511729,1
775,1774174401.009790,1774174899.349343,91,16,213.960626,170.968621,2.866134,True,284.378927,2
2143,1774174401.053813,1774176459.777644,120,12,147.429527,110.881440,3.322553,True,1911.294304,1
1549,1774174401.035383,1774175663.879198,17,120,170.805431,55.918287,0.965438,True,1092.038384,1
3249,1774174401.089384,1774177663.252985,423,80,113.181176,45.324521,0.858945,True,3148.982424,1
3419,1774174401.094662,1774177864.885046,181,121,197.267829,31.431785,1.381967,True,3266.522554,1
776,1774174401.009818,1774175202.013636,1072,446,515.607619,178.685225,0.757129,True,285.396199,2
2144,1774174401.053842,1774176556.480936,376,84,243.938654,84.294330,1.923426,True,1911.488440,1
1550,1774174401.035424,1774175734.312832,1316,170,238.266578,122.781606,0.683343,True,1095.010830,1
777,1774174401.009846,1774174922.730637,370,69,236.313597,148.685243,1.288652,True,285.407194,2
2145,1774174401.053871,1774176806.858560,1315,199,493.064178,337.894681,0.783684,True,1912.740512,2
1551,1774174401.035539,1774175646.745342,439,98,147.880785,50.127542,1.007765,True,1097.829018,1
3251,1774174401.089461,1774177683.117301,1269,103,132.050462,50.833770,0.796242,True,3149.977378,1
778,1774174401.009877,1774175058.837606,379,88,372.409412,246.512997,1.447085,True,285.418317,2
2146,1774174401.053900,1774176483.630204,36,130,169.825197,30.145280,1.082790,True,1912.751108,1
1552,1774174401.035570,1774175734.640092,390,155,235.555748,135.532914,0.649499,True,1098.048774,1
3252,1774174401.089493,1774177669.650964,397,115,115.673007,13.630029,0.895114,True,3152.888464,1
779,1774174401.009908,1774174958.294501,1129,136,271.856037,195.815647,0.563262,True,285.428556,2
2147,1774174401.053928,1774176432.302761,422,67,118.404243,52.119930,1.004308,True,1912.844590,1
1553,1774174401.035606,1774176416.649277,1023,406,915.787063,497.119958,1.033746,True,1099.826609,2
3253,1774174401.089522,1774177661.994724,1409,101,106.499191,13.334656,0.931645,True,3154.406011,1
3423,1774174401.094781,1774177755.303964,390,48,82.569223,45.163510,0.795866,True,3271.639960,1
780,1774174401.009936,1774175018.692885,372,90,331.794776,117.905347,2.403252,True,285.888173,1
2148,1774174401.053960,1774176412.087925,374,44,98.126616,48.757510,1.148119,True,1912.907350,1
1554,1774174401.035634,1774177844.367093,1029,519,2342.499323,1771.623718,1.102076,True,1100.832136,4
3254,1774174401.089554,1774177932.507921,1058,394,376.725070,54.464379,0.820002,True,3154.693298,1
781,1774174401.009964,1774175266.703565,1297,368,579.457822,117.557008,1.258585,True,286.235780,1
2149,1774174401.053988,1774176478.961999,1360,94,164.897908,77.383992,0.941010,True,1913.010103,1
1555,1774174401.035663,1774175687.147332,404,144,184.487423,51.690592,0.928649,True,1101.624247,1
3255,1774174401.089583,1774177650.181077,399,88,92.387434,9.814663,0.949112,True,3156.704060,1
3425,1774174401.094840,1774177895.044794,905,115,220.799671,75.561784,1.274017,True,3273.150283,1
782,1774174401.009992,1774175160.777706,1012,420,473.458825,177.772370,0.705696,True,286.308889,2
2150,1774174401.054019,1774176909.573446,1076,396,592.493103,142.464025,1.139314,True,1916.026324,1
1556,1774174401.035692,1774176333.404160,1124,408,829.245540,577.244707,0.619167,True,1103.122928,2
3256,1774174401.089612,1774177678.824743,446,94,120.855320,43.931443,0.827138,True,3156.879811,1
783,1774174401.010020,1774174992.526282,377,53,304.715683,116.992140,3.610068,True,286.800579,1
2151,1774174401.054048,1774176487.785687,1313,137,169.665687,42.248253,0.936893,True,1917.065952,1
1557,1774174401.035723,1774176433.383642,1044,413,928.065757,562.676475,0.886867,True,1104.282162,2
3257,1774174401.089641,1774177924.702049,1137,402,366.721930,43.920419,0.804991,True,3156.890478,1
3427,1774174401.094897,1774177803.684540,995,83,126.430859,70.304168,0.684472,True,3276.158783,1
784,1774174401.010048,1774175360.243977,1191,411,672.321195,156.615425,1.257819,True,286.912735,1
2152,1774174401.054077,1774176450.970145,890,89,132.543937,35.391137,1.104009,True,1917.372131,1
1558,1774174401.035753,1774176326.217521,1022,390,820.672277,507.102493,0.806092,True,1104.509491,2
3428,1774174401.094926,1774177907.694577,407,129,228.863415,110.389832,0.925575,True,3277.736237,1
785,1774174401.010076,1774175042.017785,393,101,351.806764,154.327360,1.974794,True,289.200944,1
2153,1774174401.054105,1774176900.296482,1161,395,579.659218,352.719172,0.575990,True,1919.583158,2
1559,1774174401.035784,1774175721.045316,393,113,213.156811,135.131474,0.696655,True,1106.852720,1
3259,1774174401.089698,1774177839.902086,388,91,280.829422,123.862842,1.744073,True,3157.982966,1
786,1774174401.010104,1774175367.026372,1208,413,676.468292,153.980402,1.268174,True,289.547976,1
2154,1774174401.054134,1774176446.954280,382,86,126.305847,36.364259,1.058136,True,1919.594299,1
1560,1774174401.035814,1774175638.795226,406,82,130.793640,48.279641,1.018691,True,1106.965772,1
787,1774174401.010133,1774174925.303439,379,62,234.517667,17.833042,3.552207,True,289.775639,1
2155,1774174401.054162,1774176446.954106,397,86,126.294538,36.353168,1.058134,True,1919.605405,1
1561,1774174401.035842,1774176416.752308,1102,408,903.633376,563.929776,0.834653,True,1112.083090,2
3431,1774174401.095011,1774177871.409277,1317,155,191.336375,76.616747,0.744933,True,3278.977891,1
788,1774174401.010166,1774174998.268496,394,70,307.124352,100.953179,2.987988,True,290.133979,1
2156,1774174401.054190,1774176454.415253,420,88,133.610989,45.214299,1.016054,True,1919.750074,1
1562,1774174401.035876,1774175570.411512,238,14,57.074039,42.943696,1.086949,True,1112.301597,1
789,1774174401.010195,1774175042.017966,425,96,349.580825,174.530527,1.842635,True,291.426946,2
2157,1774174401.054222,1774176931.448876,1062,397,610.634477,342.819446,0.676301,True,1919.760177,2
1563,1774174401.035903,1774176308.533062,1146,396,792.631923,571.929384,0.558741,True,1114.865236,2
3263,1774174401.089818,1774177962.147928,1002,411,400.419023,63.517885,0.821710,True,3160.639088,1
790,1774174401.010223,1774174900.884380,313,18,208.395613,142.613411,3.869541,True,291.478544,2
2158,1774174401.054250,1774177497.211881,1122,377,1176.345630,872.325139,0.808565,True,1919.812000,3
1564,1774174401.035931,1774176828.203133,1048,396,1309.095711,851.164910,1.159318,True,1118.071491,2
3264,1774174401.089846,1774177956.894493,1186,414,395.051608,54.693938,0.824111,True,3160.753038,1
791,1774174401.010255,1774174990.490184,134,202,297.327314,144.162405,0.762014,True,292.152615,2
2159,1774174401.054278,1774176957.056220,1099,420,636.158471,149.260052,1.162049,True,1919.843470,1
1565,1774174401.035968,1774176725.635676,1040,414,1206.309097,615.946054,1.429450,True,1118.290611,2
3265,1774174401.089874,1774177989.760179,1087,383,426.604760,101.271355,0.851658,True,3162.065544,1
792,1774174401.010284,1774175344.891285,181,418,651.491801,111.403307,1.295176,True,292.389200,1
2160,1774174401.054307,1774176981.756926,1048,379,660.838202,239.720227,1.114069,True,1919.864417,2
1566,1774174401.035997,1774175777.196769,750,44,256.317679,166.107493,2.097911,True,1119.843092,1
3266,1774174401.089902,1774177647.240347,871,79,81.619193,9.996309,0.918242,True,3164.531252,1
793,1774174401.010312,1774175283.548880,1027,405,589.689722,98.238502,1.216463,True,292.848846,1
2161,1774174401.054335,1774176905.635503,1055,413,584.634172,102.228132,1.170888,True,1919.946996,1
1567,1774174401.036026,1774176801.610604,1037,373,1279.774283,822.087410,1.230341,True,1120.800295,2
3267,1774174401.089931,1774177643.173281,377,61,77.541425,21.874021,0.927790,True,3164.541926,1
3437,1774174401.095186,1774177966.020839,124,198,281.973376,39.843769,1.229084,True,3282.952276,1
794,1774174401.010355,1774175382.949520,1035,431,687.857504,115.057750,1.332092,True,294.081661,1
2162,1774174401.054375,1774176419.589643,1006,44,94.163045,52.344844,0.972516,True,1924.372224,1
1568,1774174401.036054,1774176298.352049,1156,390,776.390203,538.837412,0.610676,True,1120.925793,2
3268,1774174401.089959,1774177581.658657,91,16,15.750143,5.220205,0.701996,True,3164.818556,1
3438,1774174401.095215,1774177959.518140,200,192,275.459674,39.832888,1.233648,True,3282.963251,1
795,1774174401.010386,1774174938.674828,391,93,243.006506,162.814812,0.871649,True,294.657935,2
2163,1774174401.054404,1774176489.165062,1670,117,163.728210,55.261813,0.935055,True,1924.382448,1
1569,1774174401.036083,1774176421.672819,1034,479,897.726907,570.515706,0.684542,True,1122.909829,2
3269,1774174401.089987,1774177909.716114,191,162,342.211812,84.807371,1.598785,True,3166.414315,1
796,1774174401.010431,1774174951.341551,395,118,255.610686,179.950476,0.646668,True,294.720434,2
2164,1774174401.054447,1774176462.081052,411,81,136.633429,55.251308,1.017277,True,1924.393175,1
1570,1774174401.036111,1774175716.548436,430,90,192.088560,137.609625,0.612123,True,1123.423765,1
3270,1774174401.090015,1774177915.020345,1312,162,347.504515,92.277403,1.585262,True,3166.425815,1
3440,1774174401.095274,1774177817.649709,203,151,132.251956,29.045089,0.688046,True,3284.302479,1
797,1774174401.010467,1774175001.887614,371,58,305.899867,148.550457,2.760516,True,294.977279,1
2165,1774174401.054480,1774176510.097263,1757,45,183.877957,77.096312,2.426856,True,1925.164827,1
1571,1774174401.036143,1774175725.410548,1044,35,200.939281,154.145045,1.376301,True,1123.435123,1
3271,1774174401.090044,1774177688.031486,373,81,120.288844,57.504035,0.784810,True,3166.652599,1
3441,1774174401.095306,1774177779.200792,1901,53,91.165178,62.586601,0.549588,True,3286.940307,1
798,1774174401.010496,1774175095.109686,1098,396,397.600197,163.093503,0.593688,True,296.498994,2
2166,1774174401.054508,1774176906.378938,999,419,580.148056,77.084609,1.203501,True,1925.176374,1
1572,1774174401.036172,1774176586.028307,1009,415,1061.453376,596.798264,1.122355,True,1123.538760,2
3442,1774174401.095335,1774177791.693968,388,91,103.204679,43.710840,0.661043,True,3287.393954,1
799,1774174401.010524,1774175283.548711,1296,398,585.987570,109.718634,1.199670,True,296.550617,1
2167,1774174401.054538,1774176475.026894,247,14,148.601446,105.060721,3.349287,True,1925.370911,1
1573,1774174401.036200,1774176331.187583,1026,400,805.694278,528.634203,0.694386,True,1124.457105,2
3273,1774174401.090104,1774177972.915086,212,217,403.706150,118.935299,1.318384,True,3168.118832,1
800,1774174401.010553,1774174971.813107,124,159,274.077642,154.234487,0.758501,True,296.724912,2
2168,1774174401.054565,1774176900.122017,1020,388,568.932667,360.446349,0.538724,True,1930.134785,2
1574,1774174401.036231,1774176529.444221,1089,465,1001.505430,490.531804,1.101236,True,1126.902560,2
3274,1774174401.090135,1774177897.406890,1057,387,327.530830,8.255041,0.827139,True,3168.785925,1
801,1774174401.010582,1774174942.884961,394,104,245.097276,177.893232,0.652466,True,296.777102,2
2169,1774174401.054594,1774176463.395713,442,99,132.145018,25.761416,1.085547,True,1930.196101,1
1575,1774174401.036259,1774176208.892917,62,152,680.737104,569.086084,0.739411,True,1127.119554,2
3275,1774174401.090163,1774177688.487475,390,96,118.323906,46.372963,0.757378,True,3169.073406,1
3445,1774174401.095443,1774177850.078234,457,81,161.464564,50.615146,1.385618,True,3287.518227,1
802,1774174401.010610,1774175294.778843,1230,399,596.552252,120.439421,1.196263,True,297.215981,1
2170,1774174401.054622,1774176389.131338,324,18,56.005033,36.759651,1.132081,True,1932.071683,1
1576,1774174401.036288,1774175697.340891,382,53,168.967727,139.226929,0.571938,True,1127.336876,1
3276,1774174401.090192,1774177734.118958,386,119,161.000721,72.661453,0.748638,True,3172.028045,1
803,1774174401.010639,1774175008.129781,380,74,309.891668,120.427872,2.595394,True,297.227475,1
2171,1774174401.054650,1774176958.481739,1009,410,625.292364,354.626727,0.661774,True,1932.134726,2
1577,1774174401.036316,1774176262.205980,998,373,733.515429,534.171774,0.535870,True,1127.654234,2
3277,1774174401.090220,1774177909.924540,1081,372,336.579800,33.543985,0.816808,True,3172.254520,1
804,1774174401.010666,1774174878.976599,91,16,180.727630,120.416990,4.020709,True,297.238303,1
2172,1774174401.054677,1774176765.058648,391,104,431.653647,351.427874,0.778891,True,1932.350324,2
1578,1774174401.036344,1774176493.236788,936,431,962.194330,477.080854,1.128171,True,1130.006113,2
3278,1774174401.090248,1774177834.806014,450,90,258.407675,83.394792,1.966437,True,3175.308090,1
3448,1774174401.095536,1774177920.952027,1316,152,232.100726,49.688759,1.208026,True,3287.755764,1
805,1774174401.010697,1774175301.648051,1298,402,603.388164,120.406164,1.204444,True,297.249190,1
2173,1774174401.054709,1774176674.097865,1313,157,340.080832,140.231477,1.281086,True,1932.962324,1
1579,1774174401.036372,1774176337.150232,1150,404,806.076058,573.434163,0.577275,True,1130.037802,2
3279,1774174401.090277,1774177714.222018,302,18,137.709375,67.290303,4.142298,True,3175.422367,1
3449,1774174401.095564,1774177928.804302,127,202,238.947990,75.314331,0.814098,True,3288.760748,1
806,1774174401.010727,1774175311.659306,1101,405,613.388988,123.911847,1.211577,True,297.259590,1
2174,1774174401.054739,1774176703.379646,1317,198,369.157577,97.264443,1.380168,True,1933.167330,1
1580,1774174401.036404,1774176348.263391,1099,410,817.076153,535.826461,0.687652,True,1130.150834,2
807,1774174401.010756,1774175513.330709,998,518,815.049923,130.693929,1.323706,True,297.270030,1
2175,1774174401.054767,1774176487.842310,386,99,152.510267,65.238995,0.890523,True,1934.277276,1
1581,1774174401.036453,1774175708.610749,7,136,176.568795,74.418301,0.756670,True,1131.005500,1
808,1774174401.010784,1774174913.896945,378,52,214.912796,163.754202,1.003110,True,297.973365,2
2176,1774174401.054796,1774176865.641680,1043,401,529.587647,71.588456,1.144998,True,1934.999238,1
1582,1774174401.036482,1774176425.138928,1033,411,893.086033,476.070407,1.017111,True,1131.016412,2
3282,1774174401.090382,1774177637.178787,1107,55,60.157636,9.064189,0.946175,True,3175.930768,1
809,1774174401.010812,1774175073.978715,1033,394,374.882214,154.443901,0.560912,True,298.085690,2
2177,1774174401.054824,1774176516.413008,1165,45,180.348452,71.577850,2.472059,True,1935.009732,1
1583,1774174401.036514,1774176442.310308,1071,415,910.051613,475.864507,1.048761,True,1131.222181,2
3283,1774174401.090427,1774177952.286850,1081,397,374.988144,54.686581,0.808842,True,3176.208279,1
3453,1774174401.095683,1774177911.437302,370,77,216.423779,98.603719,1.550264,True,3293.917839,1
810,1774174401.010842,1774174932.427589,395,90,106.148427,64.773128,0.464891,True,425.268319,1
2178,1774174401.054857,1774176894.530669,1028,414,558.455175,74.845413,1.170968,True,1935.020637,1
1584,1774174401.036543,1774176361.348455,1099,414,828.339579,565.208700,0.637121,True,1131.972333,2
3284,1774174401.090458,1774177713.034921,1318,113,131.602194,48.123906,0.745342,True,3180.342270,1
811,1774174401.010871,1774175141.393252,1120,415,315.102791,58.064969,0.620864,True,425.279590,1
2179,1774174401.054885,1774176499.251323,1821,143,162.096268,27.276609,0.949434,True,1936.100170,1
1585,1774174401.036574,1774175724.278390,238,14,190.532348,158.889072,2.434098,True,1132.709468,1
3285,1774174401.090488,1774177936.573125,1180,427,354.903187,4.415519,0.822741,True,3180.579450,1
3455,1774174401.095740,1774177820.541872,391,140,124.314986,33.059148,0.656517,True,3295.131146,1
812,1774174401.010899,1774174946.281319,420,104,119.980182,51.422876,0.665605,True,425.290238,1
2180,1774174401.054913,1774176382.800665,237,14,45.419064,30.691753,1.132870,True,1936.326688,1
1586,1774174401.036603,1774175860.887606,685,137,323.352315,161.701572,1.188608,True,1136.498688,1
3286,1774174401.090517,1774177798.802659,1315,127,216.035907,122.864558,0.739455,True,3181.676235,1
813,1774174401.010927,1774175073.696209,1138,396,247.384046,55.942565,0.484662,True,425.301235,1
2181,1774174401.054941,1774176981.975854,1151,434,644.459284,139.698973,1.165728,True,1936.461629,1
1587,1774174401.036632,1774176591.668235,1020,502,1053.988617,569.280418,0.967481,True,1136.642986,2
3287,1774174401.090545,1774177791.918802,372,54,208.251738,112.755783,1.801810,True,3182.576519,1
814,1774174401.010956,1774174932.602040,406,89,106.279545,46.726578,0.676738,True,425.311539,1
2182,1774174401.054969,1774176784.802725,1484,159,445.280940,307.753087,0.870429,True,1938.466816,2
1588,1774174401.036660,1774175864.570649,1315,144,326.868390,145.630090,1.267401,True,1136.665598,1
3288,1774174401.090574,1774177900.072108,1018,375,316.373696,9.954415,0.819303,True,3182.607837,1
3458,1774174401.095827,1774177862.687967,387,84,165.907118,58.560251,1.293336,True,3295.685023,1
815,1774174401.010984,1774174966.348106,1314,152,140.014236,49.347250,0.600444,True,425.322886,1
2183,1774174401.055002,1774176460.093246,427,93,120.517893,30.310727,0.980513,True,1938.520351,1
1589,1774174401.036692,1774175731.601809,9,166,191.569023,70.131843,0.735983,True,1138.996094,1
3289,1774174401.090603,1774177972.121197,197,217,386.428112,58.109850,1.519992,True,3184.602482,1
816,1774174401.011012,1774175209.499556,1057,445,383.155275,64.707949,0.717224,True,425.333269,1
2184,1774174401.055031,1774176941.203984,1207,400,601.413064,348.025187,0.635057,True,1938.735890,2
1590,1774174401.036721,1774175818.327591,421,93,278.242908,159.152019,1.294466,True,1139.047962,1
3460,1774174401.095883,1774177905.039243,206,212,202.451979,26.698938,0.832953,True,3301.491380,1
817,1774174401.011040,1774175110.912780,1074,403,284.558139,58.000678,0.563576,True,425.343601,1
2185,1774174401.055059,1774177625.507673,1001,407,1283.412874,952.066058,0.816125,True,1941.039739,3
1591,1774174401.036749,1774176620.487989,1200,526,1078.083982,520.698883,1.061686,True,1141.367258,2
3291,1774174401.090663,1774177825.748530,376,81,239.942316,81.652148,1.978627,True,3184.715550,1
3461,1774174401.095915,1774177904.241210,1313,138,200.555652,39.279712,1.177197,True,3302.589643,1
818,1774174401.011068,1774175190.470025,1133,432,364.104630,51.358715,0.725629,True,425.354327,1
2186,1774174401.055087,1774176793.289355,50,168,451.132452,351.070582,0.599173,True,1941.101816,2
1592,1774174401.036778,1774175687.147323,394,91,144.516160,71.521288,0.811054,True,1141.594385,1
3292,1774174401.090692,1774177962.032378,1106,429,375.878203,24.665726,0.820590,True,3185.063483,1
3462,1774174401.095943,1774177971.040230,203,181,267.301679,96.352190,0.949719,True,3302.642608,1
819,1774174401.011096,1774175198.575162,1110,451,372.199315,67.090326,0.678020,True,425.364751,1
2187,1774174401.055115,1774176406.783036,1381,40,64.573828,24.874742,1.017925,True,1941.154093,1
1593,1774174401.036806,1774175650.100527,1628,48,107.458856,71.510407,0.764861,True,1141.604865,1
3293,1774174401.090720,1774177709.036136,421,92,121.405090,58.149110,0.695121,True,3186.540326,1
820,1774174401.011124,1774174947.861737,1005,111,121.474937,46.662404,0.680114,True,425.375676,1
2188,1774174401.055143,1774176482.478315,396,93,139.689128,50.953835,0.964514,True,1941.734043,1
1594,1774174401.036835,1774176391.740825,1046,442,847.884627,531.600698,0.717197,True,1142.819364,2
3294,1774174401.090749,1774177683.927479,422,98,96.119793,14.870292,0.837624,True,3186.716936,1
821,1774174401.011152,1774174945.540461,853,106,119.143087,49.284005,0.665325,True,425.386222,1
2189,1774174401.055171,1774176865.745356,1040,396,521.706180,87.447282,1.099390,True,1942.984004,1
1595,1774174401.036864,1774175811.072937,383,84,266.927834,150.095085,1.407623,True,1143.108240,1
3295,1774174401.090778,1774177736.068588,407,140,148.147930,41.635739,0.766275,True,3186.829880,1
822,1774174401.011183,1774175218.398207,1198,396,391.989954,64.644231,0.828723,True,425.397070,1
2190,1774174401.055199,1774176482.362443,394,88,137.598977,52.424397,0.979018,True,1943.708267,1
1596,1774174401.036892,1774175792.465212,376,65,246.149157,122.309320,1.934997,True,1145.279162,1
3296,1774174401.090810,1774177783.386451,420,106,195.343654,117.588213,0.740528,True,3186.951987,1
3466,1774174401.096055,1774177981.714776,181,129,276.007644,130.013317,1.140581,True,3304.611077,1
823,1774174401.011213,1774174920.091304,372,61,93.671901,57.936218,0.595595,True,425.408191,1
2191,1774174401.055232,1774176448.236151,378,48,103.462013,55.592074,1.018509,True,1943.718906,1
1597,1774174401.036921,1774175815.421673,379,87,268.817010,145.302054,1.436220,True,1145.567742,1
3297,1774174401.090843,1774177892.584284,1352,144,301.835346,76.709812,1.574304,True,3189.658094,1
3467,1774174401.096083,1774177797.664720,397,90,91.844433,29.803383,0.697090,True,3304.724204,1
824,1774174401.011241,1774174934.356509,381,91,107.926397,60.193034,0.530371,True,425.418871,1
2192,1774174401.055263,1774177969.894302,1307,501,1624.843139,984.268973,1.281148,True,1943.995899,3
1598,1774174401.036953,1774176300.767901,1046,395,752.111163,503.650542,0.630611,True,1147.619785,2
3298,1774174401.090873,1774177613.715861,91,16,21.196621,10.158915,0.735847,True,3191.428367,1
3468,1774174401.096111,1774177968.078202,411,107,262.194901,154.833329,1.012845,True,3304.787190,1
825,1774174401.011269,1774175101.363741,1112,404,274.923606,67.026143,0.515875,True,425.428866,1
2193,1774174401.055292,1774176946.343821,974,402,601.281854,320.717293,0.699662,True,1944.006675,2
1599,1774174401.036981,1774176471.911099,1173,420,922.792820,538.162257,0.917973,True,1148.081297,2
3299,1774174401.090910,1774177714.509103,1539,94,121.815819,56.424029,0.703138,True,3191.602375,1
3469,1774174401.096142,1774177823.469356,1464,68,114.421914,74.272556,0.599244,True,3307.951300,1
826,1774174401.011297,1774174926.253221,956,75,99.801993,46.598370,0.718968,True,425.439930,1
2194,1774174401.055320,1774176996.736805,1129,467,649.946678,67.117328,1.250707,True,1945.734807,1
1600,1774174401.037010,1774175888.978930,1351,186,338.678630,151.536600,1.011579,True,1149.263290,1
3300,1774174401.090939,1774177908.248945,181,169,315.015347,54.332443,1.551684,True,3192.142660,1
3470,1774174401.096170,1774177855.675208,447,79,146.065116,38.385013,1.380514,True,3308.513922,1
827,1774174401.011326,1774174940.435046,431,99,113.973952,49.219924,0.660755,True,425.449768,1
2195,1774174401.055349,1774176837.087853,1040,388,490.194788,72.300653,1.079830,True,1945.837716,1
1601,1774174401.037038,1774175635.421916,243,14,83.676378,70.642302,1.002621,True,1150.708500,1
3301,1774174401.090968,1774177858.644031,72,202,263.777884,110.764781,0.761259,True,3193.775180,1
3471,1774174401.096198,1774177923.846876,23,134,214.226045,38.374225,1.322194,True,3308.524633,1
828,1774174401.011354,1774175270.965625,957,414,444.494155,64.580691,0.919887,True,425.460115,1
2196,1774174401.055377,1774176934.906788,1159,405,588.003531,134.067438,1.123604,True,1945.847880,1
1602,1774174401.037066,1774175825.953491,410,100,272.009760,145.292971,1.279968,True,1152.906665,1
3302,1774174401.090997,1774177720.944460,181,120,126.015697,37.056022,0.747560,True,3193.837766,1
829,1774174401.011382,1774174930.568166,400,85,104.086547,67.459879,0.436032,True,425.470237,1
2197,1774174401.055408,1774176912.091983,946,398,563.938402,325.202925,0.601349,True,1947.098173,2
1603,1774174401.037095,1774175669.514461,387,52,114.475228,75.283340,0.768468,True,1154.002138,1
3303,1774174401.091026,1774177968.486258,992,396,373.381188,50.494622,0.817434,True,3194.014044,1
3473,1774174401.096254,1774177815.411301,2010,115,104.603604,31.816336,0.638485,True,3309.711443,1
830,1774174401.011423,1774174938.502913,394,93,112.009951,60.129943,0.563913,True,425.481539,1
2198,1774174401.055450,1774176978.956868,967,419,630.792703,327.646845,0.725229,True,1947.108716,2
1604,1774174401.037123,1774176486.388821,1034,429,931.131687,467.586538,1.083049,True,1154.220011,2
3304,1774174401.091055,1774177834.694714,388,84,239.372717,101.100519,1.665930,True,3194.230942,1
3474,1774174401.096282,1774177753.062030,326,18,40.023079,29.585085,0.614000,True,3311.942668,1
831,1774174401.011454,1774175237.176280,1216,456,410.673168,66.962864,0.755407,True,425.491657,1
2199,1774174401.055485,1774176894.173992,1109,383,545.999191,327.636400,0.571630,True,1947.119316,2
1605,1774174401.037152,1774176425.355976,1162,411,868.952941,490.993268,0.921853,True,1155.365883,2
832,1774174401.011483,1774174911.068304,1398,44,84.554623,59.007998,0.594108,True,425.502198,1
2200,1774174401.055516,1774177075.319369,1171,526,727.103516,327.594849,0.760969,True,1947.160338,2
1606,1774174401.037181,1774177840.018595,1121,506,2282.723802,1659.775328,1.233561,True,1156.257612,4
3306,1774174401.091115,1774177723.686157,392,106,125.757094,48.845099,0.732495,True,3196.837948,1
833,1774174401.011512,1774174981.002572,218,179,154.478412,49.156650,0.591695,True,425.512647,1
2201,1774174401.055547,1774176432.475950,1670,65,84.208562,26.049494,0.908735,True,1947.211841,1
1607,1774174401.037212,1774175755.879524,331,18,194.568968,178.089064,0.969406,True,1160.273345,1
3477,1774174401.096373,1774177990.981148,206,217,276.294824,31.539563,1.133126,True,3313.589952,1
834,1774174401.011539,1774174935.812382,391,93,109.277378,64.517456,0.486521,True,425.523465,1
2202,1774174401.055575,1774176938.531064,1039,399,588.108896,302.986059,0.716389,True,1949.366592,2
1608,1774174401.037241,1774176287.670124,1081,388,726.296463,505.640476,0.570171,True,1160.336421,2
3308,1774174401.091177,1774177760.567071,1646,44,162.347793,132.974228,0.683106,True,3197.128101,1
3478,1774174401.096400,1774177885.206153,403,107,170.406374,33.195304,1.294444,True,3313.703378,1
835,1774174401.011571,1774174929.878079,383,83,103.333067,67.396537,0.438250,True,425.533441,1
2203,1774174401.055604,1774176943.288573,1184,405,590.541959,130.671794,1.138292,True,1951.691010,1
1609,1774174401.037269,1774175764.218250,30,182,202.460999,68.565344,0.739755,True,1160.719982,1
3309,1774174401.091206,1774177704.012958,433,87,105.782495,50.887321,0.638316,True,3197.139257,1
3479,1774174401.096442,1774177770.081449,378,57,54.199026,16.317839,0.676450,True,3314.785980,1
836,1774174401.011600,1774174965.722853,22,147,139.166584,60.066739,0.541780,True,425.544670,1
2204,1774174401.055632,1774176583.617324,421,99,230.756550,72.051663,1.619438,True,1951.805142,1
1610,1774174401.037297,1774176956.676565,1073,408,1393.604651,1102.707706,0.714735,True,1162.034616,3
3480,1774174401.096471,1774177927.952511,383,78,212.018222,119.786392,1.197816,True,3314.837818,1
837,1774174401.011628,1774175287.761734,1247,398,461.195480,66.899799,0.993188,True,425.554626,1
2205,1774174401.055661,1774176876.590044,1046,398,523.626909,85.383646,1.103887,True,1951.907474,1
